ball_id, ball_group, x_position, y_position, radius
1, None, 0.00392826, 0.0183532, 0.000645702
2, None, 0.0223059, 0.0207082, 0.000521468
3, None, -0.023295, -0.0255052, 0.00063036
4, None, 0.00447866, 0.0408117, 0.000532725
5, None, 0.0145144, -0.0123554, 0.000629169
6, None, -0.0125066, -0.0353677, 0.000663017
7, None, 0.0175455, -0.0380252, 0.000661725
8, None, 0.000127743, 0.0149516, 0.000669613
9, None, 0.00928457, 0.00157278, 0.000652642
10, None, -0.00809812, 0.0430316, 0.00060594
11, None, 0.00503122, 0.0438974, 0.000636389
12, None, -0.0197419, -0.00648403, 0.000509531
13, None, 0.0180567, -0.016957, 0.000532987
14, None, -0.0242902, -0.00642698, 0.000744835
15, None, 0.0122688, 0.0120577, 0.000620368
16, None, 0.0135424, 0.00349889, 0.000713554
17, None, -0.00708727, -0.0328154, 0.000733272
18, None, 0.0222189, -0.0452222, 0.000737371
19, None, -0.0131701, -0.0296668, 0.0005695
20, None, -0.0244358, -0.0464663, 0.000574351
21, None, -0.00646417, -0.00572454, 0.000736155
22, None, 0.00888683, -0.0286236, 0.000711969
23, None, 0.0167668, -0.0466316, 0.000743081
24, None, -0.0138348, -0.0140059, 0.000702117
25, None, 0.000884453, -0.0173119, 0.000650594
26, None, -0.0045896, 0.00993384, 0.000653292
27, None, 0.0245101, -0.030637, 0.000512689
28, None, 0.0209201, 0.0257953, 0.000568135
29, None, -0.0188965, 0.0298701, 0.000510971
30, None, -0.000929822, 0.0366334, 0.000551318
31, None, -0.0155731, 0.0197579, 0.00061597
32, None, 0.0202346, -0.0227297, 0.000623302
33, None, 0.0139115, -0.0446163, 0.000611813
34, None, 0.0151168, 0.0347854, 0.000671217
35, None, -0.00598857, -0.0093784, 0.00063695
36, None, 0.0184825, -0.0232251, 0.000704374
37, None, -0.0202686, 0.0140211, 0.000504526
38, None, -0.0207563, 0.000605203, 0.000689745
39, None, 0.0096392, 0.0158886, 0.00063005
40, None, -0.000986451, -0.0261969, 0.00059253
41, None, -0.0210164, 0.0099683, 0.000626693
42, None, -0.0104397, 0.0329899, 0.000631637
43, None, -0.00305413, -0.0199504, 0.000637265
44, None, 0.000359174, 0.042639, 0.000739885
45, None, -0.0245179, 0.0298735, 0.000525464
46, None, -0.0146713, 0.0299964, 0.000567267
47, None, 0.0141895, 0.0327553, 0.000626239
48, None, -0.0150408, -0.00137185, 0.000639966
49, None, 0.0220539, 0.00347868, 0.000511253
50, None, 0.0205735, -0.0450305, 0.000517331
51, None, -0.0197398, -0.0326308, 0.000569854
52, None, -0.0102465, 0.0150587, 0.000520608
53, None, -0.0143493, 0.012401, 0.000633925
54, None, 0.00348201, -0.0347066, 0.000651129
55, None, 0.00601592, -0.0274951, 0.000526254
56, None, -0.00282754, -0.0311064, 0.000661494
57, None, 0.00547856, -0.001249, 0.000582426
58, None, 0.0122348, 0.00708795, 0.000530597
59, None, 0.0197285, -0.0381315, 0.000655528
60, None, -0.000783464, -0.0116477, 0.000743989
61, bottom_grip, -0.0147461, -0.0494558, 0.000563542
62, None, 0.019737, 0.0361316, 0.000508309
63, None, 0.00155727, -0.015602, 0.000727707
64, None, 0.0207683, -0.012264, 0.000743746
65, None, 0.0152298, 0.0280921, 0.000588257
66, None, -0.0100238, -0.0441398, 0.000646488
67, None, -0.0171067, -0.0145009, 0.000715959
68, None, -0.0030686, -0.029096, 0.000507543
69, None, -0.00641188, -0.0263599, 0.000718533
70, None, 0.000277032, -0.0355609, 0.000749461
71, None, -0.00514005, 0.0345636, 0.000685625
72, None, 0.0230836, -0.015072, 0.000554252
73, None, 0.00325397, -0.0298749, 0.00064192
74, None, 1.92724e-05, -0.0056526, 0.00061199
75, None, 0.013931, 0.0306644, 0.000620573
76, None, -0.00500381, -0.0221067, 0.000540018
77, None, 0.0157375, -0.0418637, 0.000628765
78, None, 0.00376009, 0.0216367, 0.000508396
79, None, 0.00839941, 0.0196018, 0.000512578
80, None, -0.0101649, 0.0236793, 0.000538448
81, None, -0.0234171, 0.026527, 0.00054569
82, None, -0.00806827, 0.00852991, 0.000643337
83, None, 0.0183829, 0.0187171, 0.000736391
84, None, -0.0121952, 0.00448799, 0.000626555
85, None, -0.0186196, 0.0161925, 0.000648278
86, None, 0.0231316, 0.0110328, 0.000648362
87, None, 0.0186656, 0.0139254, 0.000730394
88, None, -0.00197674, 0.0353501, 0.000585121
89, None, 0.0165306, -0.0243131, 0.000689511
90, None, -0.018278, 0.0184591, 0.000747685
91, None, 0.0243798, 0.0483067, 0.000628588
92, None, 0.018667, 0.0328927, 0.000589365
93, None, 0.0151571, -0.0185496, 0.000539827
94, None, 0.011556, -0.0427514, 0.000603816
95, None, 0.00795925, 0.0108052, 0.000594741
96, None, 0.00761405, 0.00321615, 0.000626468
97, None, -0.0154638, -0.00575984, 0.000572822
98, None, -0.00764546, -0.00542885, 0.000520917
99, None, -0.0156682, -0.0455968, 0.000664299
100, None, 0.012365, -0.00492823, 0.000559659
101, None, -0.0168429, 0.0291291, 0.000513543
102, None, 0.0245299, 0.024083, 0.000513794
103, None, 0.0101783, 0.0415306, 0.000501627
104, None, -0.000959238, 0.0244235, 0.000625882
105, None, 0.0209302, 0.00304831, 0.000699179
106, None, -0.0204565, -0.0272436, 0.000610708
107, None, 0.0123518, -0.0392754, 0.000530311
108, None, 0.0185714, 0.0265787, 0.000726848
109, None, -0.0146348, 0.00211415, 0.000657444
110, None, -0.0097764, -0.0207965, 0.000669978
111, None, 0.00850374, -0.0125927, 0.000660148
112, None, 0.0070822, -0.0205754, 0.000692958
113, None, 0.00578837, -0.0337298, 0.000664494
114, None, 0.000369667, 0.0113512, 0.000716378
115, None, 0.0220528, -0.0082697, 0.000639225
116, None, -0.0164949, -0.024865, 0.000724108
117, None, -0.00216417, 0.00289498, 0.000528143
118, None, -0.0123169, 0.0198027, 0.000747355
119, None, 0.0123754, 0.047523, 0.000522707
120, None, 0.0232318, 0.013367, 0.000613073
121, None, 0.0120902, 0.0278887, 0.000577762
122, None, -0.00753631, 0.014862, 0.000729027
123, None, -0.0179905, 0.0013314, 0.000732345
124, None, -0.0052084, -0.0110769, 0.000520857
125, None, -0.0204847, -0.0204704, 0.000506884
126, None, -0.0168269, -0.0200977, 0.00073449
127, None, 0.0122733, 0.0038702, 0.000657932
128, None, -0.00525911, 0.0241025, 0.000592871
129, None, -0.000135497, -0.0433716, 0.000556184
130, None, -0.0142918, 0.00333315, 0.000635387
131, None, -0.0175784, 0.0448008, 0.000692764
132, None, -0.0107916, -0.0373166, 0.000612998
133, None, 0.00664677, 0.0289467, 0.000733505
134, None, -0.024478, -0.0398493, 0.000535169
135, None, -0.0115527, -0.0231268, 0.000671837
136, None, 0.00484089, 0.0397351, 0.000658295
137, None, 0.0192463, -0.0056964, 0.000743175
138, None, 0.0198979, -0.0156925, 0.000738569
139, None, -0.0107697, -0.0432939, 0.000508491
140, None, -0.0180451, 0.00259446, 0.000542148
141, None, 0.0243422, -0.0177123, 0.000699155
142, None, 0.00854284, 0.0275956, 0.000634655
143, None, -0.0110115, -0.0466072, 0.000664285
144, None, 0.000524434, -0.0423471, 0.000719444
145, None, -0.0189317, -0.0176132, 0.000500531
146, None, -0.00250427, -0.00506551, 0.000729542
147, None, -0.00981183, -0.000152459, 0.000591766
148, None, 0.0054, -0.0438109, 0.000685789
149, None, 0.0196135, -0.0143388, 0.000702225
150, None, 0.0106073, 0.00187773, 0.000730376
151, None, -0.00503327, -0.0337256, 0.000606199
152, None, -0.0097017, -0.0380252, 0.000747382
153, None, -0.00859337, 0.0365862, 0.000509948
154, None, -0.0137766, 0.00450892, 0.000540798
155, None, -0.00710325, 0.0137296, 0.000528698
156, None, 0.00386825, -0.0197326, 0.000594527
157, None, 0.0119783, 0.0336373, 0.000507375
158, None, 0.0122179, -0.0296133, 0.00056673
159, None, 0.020304, -0.0215979, 0.000580336
160, None, 0.0134279, 0.0156727, 0.000737676
161, None, 0.00368558, 0.048379, 0.000582228
162, None, 0.000792457, 0.0307762, 0.000626829
163, None, 0.00604418, 0.025516, 0.000604112
164, None, 0.00841936, -0.042609, 0.000662468
165, None, -0.00884566, 0.00507606, 0.000686752
166, None, 0.0171239, -0.0422222, 0.000612084
167, None, 0.00262203, 0.0116439, 0.000524122
168, None, 0.0187452, -0.0346315, 0.000728704
169, None, -0.0230848, -0.00701376, 0.000650754
170, None, -0.00684737, 0.0267109, 0.000522
171, None, 0.022228, 0.0381896, 0.000724276
172, None, -0.000626876, 0.0138292, 0.000706155
173, None, 0.00498644, 0.00962728, 0.000697451
174, None, 0.0033065, 0.00595312, 0.000549835
175, None, -0.00257583, 0.0100103, 0.000500234
176, None, -0.0111167, -0.00378461, 0.000631689
177, None, -0.0218563, 0.0211245, 0.000735171
178, None, 0.0122163, 0.0442909, 0.0007334
179, None, -0.014989, -0.0291267, 0.000500627
180, None, -0.0235259, -0.0432164, 0.00050051
181, None, -0.0243834, -0.012705, 0.000645352
182, None, -0.00201373, -0.02558, 0.000661618
183, None, -0.0166001, 0.0072137, 0.000625571
184, None, 0.00506877, -0.00461828, 0.000654121
185, None, -0.000452575, -0.017431, 0.000716066
186, None, -0.0133969, 0.00794291, 0.000625251
187, None, -0.00125593, 0.0150622, 0.000724488
188, None, 0.0165701, 0.0328863, 0.00060449
189, None, 0.0169043, -0.0297576, 0.000509866
190, None, 0.0119165, 0.0266294, 0.000714352
191, None, 0.0170588, 0.00330372, 0.000656686
192, None, -0.017053, -0.0101034, 0.000714068
193, None, -0.0187804, 0.00609862, 0.000615546
194, None, 0.00149964, 0.00069833, 0.00055082
195, None, 0.00991138, 0.0180978, 0.000636668
196, None, -0.0120557, 0.0185714, 0.000520443
197, None, -0.00198173, 0.0364725, 0.000562757
198, None, 0.000827123, -0.0286191, 0.000582414
199, None, -0.0176183, 0.0194984, 0.000512357
200, None, -0.0189207, 0.0448199, 0.000677673
201, None, -0.00402223, -0.0313664, 0.000569031
202, None, -0.00635392, 0.0240156, 0.000535863
203, None, -0.00138073, 0.0486906, 0.000730045
204, None, 0.000592848, -0.0197814, 0.000697578
205, top_grip, 0.01444, 0.0492798, 0.000723977
206, None, 0.0164779, -0.00161607, 0.000567251
207, None, -0.00585244, -0.00420895, 0.000595275
208, None, 0.0155803, -0.00453615, 0.000612135
209, top_grip, 0.0132747, 0.0495201, 0.000508604
210, None, 0.00333442, 0.0376023, 0.000697182
211, None, 0.0111729, -0.0389223, 0.000738337
212, None, -0.019466, 0.0241931, 0.000747882
213, None, 0.00992446, -0.0189208, 0.000544855
214, None, 0.0222488, -0.0168848, 0.000569992
215, None, 0.0142699, -0.0193313, 0.000660345
216, None, 0.00678569, 0.0485047, 0.000505989
217, None, -0.0243118, 0.0128497, 0.000692456
218, None, -0.0213502, 0.047232, 0.000691104
219, None, -0.0139593, 0.0156418, 0.00073663
220, None, 0.000208268, 0.0249881, 0.000706039
221, None, 0.0128959, -0.044133, 0.000539172
222, None, -0.00201606, -0.00655332, 0.000686692
223, None, 0.0203821, 0.0470094, 0.000649871
224, None, 0.0213503, -0.0442971, 0.000619406
225, None, 0.00488257, -0.00738212, 0.000542313
226, None, -0.00485591, -0.0158599, 0.000668501
227, None, 0.0145163, -0.00756869, 0.000656044
228, None, -0.0192843, -0.0483438, 0.000668528
229, None, -0.0167845, 0.0439126, 0.000561229
230, None, -0.0178519, -0.0461528, 0.000538894
231, None, 0.00313193, -0.0449438, 0.000716493
232, None, 0.0120269, -0.019523, 0.000732421
233, None, 0.00745809, -0.00251176, 0.000515218
234, None, -0.0153196, -0.0485125, 0.00058324
235, None, 0.0244396, 0.0346564, 0.00057261
236, None, 0.00157452, 0.0172734, 0.000578611
237, None, 0.0104919, -0.0423314, 0.000568839
238, None, -0.00158428, -0.0125822, 0.000522518
239, None, -0.00305345, 0.0439588, 0.000682538
240, None, -0.00143527, 0.045641, 0.000526853
241, None, 0.00684862, 0.00845863, 0.000610525
242, None, 0.024478, -0.0190135, 0.000528253
243, None, -0.00896032, 0.0285001, 0.000533773
244, None, -0.0188025, 0.0470826, 0.000614516
245, None, -0.0120257, -0.0376994, 0.000743509
246, None, -0.00294159, -0.0331141, 0.000579262
247, None, 0.000410043, -0.0211772, 0.000744534
248, None, -0.00350577, 0.0106976, 0.000686619
249, None, 0.0170049, -0.0274738, 0.00056453
250, None, -0.00858033, 0.0355836, 0.000518414
251, None, -3.12593e-05, 0.00539745, 0.000670332
252, None, -0.0133347, 0.0104657, 0.00069707
253, None, -0.00319134, 0.0291894, 0.000505208
254, None, -0.0092636, -0.0174383, 0.000676596
255, None, 0.013817, -0.0482758, 0.000642792
256, None, -0.00427994, 0.0443373, 0.000633982
257, None, -0.0113714, 0.00949124, 0.000571969
258, None, -0.00260237, 0.0151933, 0.000656999
259, None, -0.016059, -0.0319957, 0.000518508
260, top_grip, -0.0211925, 0.0494386, 0.000570702
261, None, 0.0225111, 0.0278602, 0.000530433
262, None, 0.00920384, -0.0487668, 0.000726073
263, None, -0.0219446, 0.0235148, 0.000700949
264, None, 0.0207912, 0.0269805, 0.000628122
265, None, 0.0126009, -0.023914, 0.000744524
266, top_grip, 0.00176868, 0.0494325, 0.000590655
267, None, 0.0210299, 0.0135691, 0.000706966
268, None, -0.0110336, -0.0299992, 0.000659841
269, None, -0.0114336, 0.0129842, 0.00068959
270, None, 0.00718385, -0.0255448, 0.000722776
271, None, -0.0119139, -0.0264382, 0.000599637
272, None, -0.0033219, 0.0270994, 0.000714007
273, None, 0.0152483, -0.0205976, 0.00063691
274, None, 0.00570416, 0.0168311, 0.000599799
275, None, 0.0155013, 0.0437408, 0.000701975
276, None, -0.0077409, 0.0395146, 0.000531324
277, None, -0.0197947, -0.00122396, 0.000580283
278, None, 0.0102206, 0.0347246, 0.000508283
279, None, -0.0111372, 0.0303937, 0.000689426
280, None, 0.000233503, -0.0161576, 0.000734476
281, None, 0.00782528, 0.0138838, 0.000723057
282, None, -0.00370807, -0.00505327, 0.00054446
283, None, -0.0235358, -0.0470374, 0.000515771
284, None, -0.00250916, -0.0299588, 0.000564164
285, None, 0.0158291, 0.0125276, 0.000626221
286, None, 0.0103074, -0.0378124, 0.000677922
287, None, 0.0119698, 0.001443, 0.000701343
288, None, -0.00387653, -0.0191604, 0.000547113
289, None, 0.00205705, 0.00567322, 0.000731574
290, None, 0.0217191, -0.0310123, 0.000655788
291, None, -0.0167984, -0.0468242, 0.000721121
292, None, 0.0135172, -0.0118213, 0.000539231
293, None, -0.0192288, 0.00490232, 0.000677
294, None, 0.0159395, 0.0213163, 0.000682935
295, None, -0.0184213, -0.00997402, 0.000683585
296, None, 0.0135481, 0.0362606, 0.000678071
297, None, 0.00865448, 0.00956566, 0.000535911
298, None, 0.00205835, 0.00424399, 0.000720911
299, None, -0.00935463, 0.0328452, 0.000517058
300, None, -0.0127715, -0.0287029, 0.000512414
301, None, 0.00501839, -0.0197516, 0.000575657
302, None, -0.00716901, 0.0466698, 0.000667112
303, None, 0.0129236, 0.0485014, 0.000627798
304, None, 0.0187449, -0.0360467, 0.000742154
305, None, -0.0208667, -0.000681102, 0.000640556
306, None, 0.0152278, -0.0242367, 0.000674183
307, None, 0.0132, 0.00152071, 0.000533273
308, None, 0.0127691, 0.00250592, 0.000554105
309, None, 0.0188599, 0.0305447, 0.000514969
310, None, -0.00524425, -0.0269681, 0.000656974
311, None, -0.0231209, 0.017519, 0.000715181
312, None, 0.00984824, -0.0178994, 0.000507272
313, None, 0.0063753, -0.0429763, 0.000586009
314, None, -0.0229026, 0.0150883, 0.00073805
315, None, -0.0138673, -0.0418118, 0.000668322
316, None, -0.0189202, 0.0099208, 0.000570982
317, None, -0.0230487, -0.0480215, 0.000502968
318, None, -0.000597311, 0.0384718, 0.000599576
319, None, -0.0176049, -0.0168765, 0.000736573
320, None, 0.0162626, 0.0341022, 0.000695304
321, None, 0.0181267, 0.0222603, 0.000577422
322, None, -0.0186394, 0.0127892, 0.000651076
323, None, 0.0191262, 0.00484961, 0.000545131
324, None, 0.00341219, 0.025626, 0.000697844
325, None, -0.00647897, -0.0471988, 0.000577847
326, None, -0.0140275, 0.0459609, 0.000749844
327, None, -0.0177111, 0.00671301, 0.000632286
328, None, 0.00752707, -0.00704746, 0.000696034
329, None, -0.019586, 0.0204719, 0.00060566
330, None, -0.0233752, 0.00299662, 0.000605822
331, None, 0.0196879, 0.0298152, 0.000610384
332, None, -0.0222984, 0.002586, 0.000564883
333, None, -0.0198885, 0.0378273, 0.000684407
334, None, -0.00379159, 0.0119323, 0.000609172
335, None, 0.0115798, 0.0206578, 0.000742087
336, None, 0.0187313, -0.0200072, 0.000502189
337, None, -0.0181678, 0.0237342, 0.000677327
338, None, 0.0212958, -0.0211036, 0.000515005
339, None, 0.0165179, -0.0344657, 0.000732215
340, None, 0.00512835, 0.00731314, 0.000681738
341, None, 0.0219848, -0.0383736, 0.000654933
342, None, 0.0211853, -0.0294428, 0.000571704
343, None, -0.017332, 0.0397918, 0.000627604
344, None, -0.00734416, 0.0203892, 0.000554356
345, None, 0.0159083, -0.00255714, 0.000519574
346, None, 0.00946282, 0.0337422, 0.000749941
347, None, 0.00451149, 0.0121115, 0.000603605
348, None, -0.0153438, -0.00367489, 0.000659875
349, None, 0.00741611, 0.0151671, 0.000628315
350, None, -0.00947966, -0.0162809, 0.000516838
351, None, 0.00403824, 0.029125, 0.000523214
352, None, -0.00315792, -0.0469656, 0.00054231
353, None, -0.0174439, 0.0429172, 0.00068522
354, None, 0.0168966, -0.0401452, 0.000666467
355, None, -0.00150529, -0.00400203, 0.000748768
356, None, 0.00776534, 0.0374273, 0.000611433
357, None, -0.0144702, 0.0145026, 0.000529829
358, None, 0.0211737, -0.0174709, 0.000682527
359, None, 9.62842e-05, -0.0321107, 0.000661344
360, None, 0.0164085, 0.00803588, 0.000666094
361, None, -0.0183147, 0.0225944, 0.000525231
362, None, -0.0143322, -0.012352, 0.000740584
363, None, 6.79735e-05, -0.00122735, 0.000548778
364, None, -0.00301183, 0.0139903, 0.000625363
365, None, -0.00157343, 0.0127301, 0.000749802
366, None, 0.0222612, -0.0299371, 0.000620491
367, None, -0.0166166, 0.0177238, 0.000602358
368, None, -0.0157199, -0.0209204, 0.000683189
369, None, 0.0180536, 0.00264016, 0.000554217
370, None, -0.00591764, 0.0049599, 0.000502697
371, None, -0.0221927, 0.00554349, 0.000532282
372, None, 0.0140377, 0.0251057, 0.00072291
373, None, -0.00619586, -0.0291852, 0.000746167
374, None, -0.0162422, -0.0444019, 0.000681705
375, None, -0.0183979, -0.037657, 0.000650516
376, None, -0.00522274, -0.0384559, 0.000744426
377, None, -0.000594239, 0.0339228, 0.000591107
378, None, 0.000605798, 0.0352709, 0.000582383
379, None, 0.0231623, -0.0220474, 0.000522047
380, None, -0.0079977, 0.0194351, 0.000635689
381, None, 0.0126356, 0.0199958, 0.000515698
382, None, 0.0223136, 0.00443861, 0.000506105
383, None, -0.0102132, -0.0181969, 0.000566434
384, None, -0.0127283, -0.0158406, 0.00064401
385, None, -0.00364849, 0.0313558, 0.000554624
386, None, -0.0207349, 0.038733, 0.000591507
387, None, -0.0244808, -0.041612, 0.000559549
388, None, 0.0140751, -0.0167925, 0.000697648
389, None, -0.0243567, -0.000160044, 0.000646501
390, None, -0.000447351, 0.0463293, 0.000704496
391, None, 0.00575211, 0.020346, 0.000648812
392, None, -0.00104166, 0.00328179, 0.000671248
393, None, -0.021239, 0.0303755, 0.000630326
394, None, 0.0232969, -0.0257277, 0.000711267
395, None, -0.0184703, -0.0145427, 0.00067038
396, None, 0.0205011, 0.0424259, 0.000742189
397, None, 0.0244081, 0.0431567, 0.000623086
398, bottom_grip, 0.0178031, -0.0493492, 0.000667923
399, None, 0.00346698, 0.0300306, 0.000597393
400, None, 0.00943303, -0.0169371, 0.000552619
401, None, 0.0110003, 0.0383299, 0.000510621
402, None, 0.0052282, 0.0345672, 0.000639896
403, None, 0.0233028, -0.0232528, 0.000706882
404, None, 0.0164366, -0.0110801, 0.000556063
405, None, -0.0141205, 0.024801, 0.000507263
406, None, -0.0178658, -0.0111698, 0.000665292
407, None, -0.0147412, -0.0217605, 0.000659139
408, None, -0.0185294, -0.0439938, 0.000708068
409, None, -0.0126615, -0.0183421, 0.000738786
410, None, -0.00225589, -0.0179842, 0.000540482
411, None, 0.0137491, 0.0405895, 0.000591524
412, None, -0.0208299, 0.0398481, 0.000569236
413, None, 0.0149152, -0.0438427, 0.000680833
414, None, 0.0233245, -0.0162711, 0.00069518
415, None, 0.0203298, 0.00530091, 0.000743701
416, None, -0.0152414, -0.0244656, 0.000649273
417, None, 0.0187389, 0.0198864, 0.000528039
418, None, -0.0160192, 0.024918, 0.000620706
419, None, -0.0150058, 0.0242107, 0.000599587
420, None, -0.0126031, 0.0233487, 0.000697021
421, None, 0.0187976, -0.0457876, 0.000636026
422, None, 0.0243675, 0.0419043, 0.000650897
423, None, -0.00189126, -0.0346034, 0.000538369
424, None, -0.00574588, 0.0262844, 0.000687406
425, None, 0.00523925, -0.0224305, 0.000635653
426, None, -0.00646415, -0.0208171, 0.00052616
427, None, 0.0100502, 0.0229239, 0.000586052
428, None, -0.00967125, -0.0283953, 0.000518119
429, None, -0.0244668, 0.0401526, 0.000535803
430, None, 0.00851859, 0.0473353, 0.000545441
431, None, 0.0140329, -0.0287495, 0.000590341
432, None, -0.0166666, 0.0305357, 0.000631092
433, None, 0.0172138, 0.00605983, 0.000513568
434, None, 0.0206229, -0.0304043, 0.000574064
435, None, 0.00126136, 0.0393171, 0.000656122
436, None, 0.00730705, -0.0130955, 0.000665746
437, None, 0.00253081, 0.000186068, 0.000621401
438, None, -0.0199943, 0.0354705, 0.000748317
439, None, 0.0221216, -0.010393, 0.000556902
440, None, 0.00581315, -0.0260361, 0.00073674
441, None, -0.00828547, -0.0484423, 0.000636669
442, None, -0.00911357, -0.00955025, 0.00073583
443, None, -0.0150009, -0.0134827, 0.000607451
444, None, 0.0052956, -0.010889, 0.000708922
445, None, -0.0211973, 0.00604078, 0.000627039
446, None, 0.00281599, 0.0344652, 0.000702132
447, None, -0.0222887, 0.0439531, 0.000678559
448, None, 0.00437289, 0.00839783, 0.000687641
449, None, 0.0128912, -0.0371224, 0.000625854
450, None, -0.00166609, 0.0410548, 0.000687701
451, None, -0.0154698, -0.0372006, 0.000541923
452, None, -0.00157687, -0.0307066, 0.000685271
453, None, 0.00344466, -0.000695172, 0.000664688
454, None, -0.00334742, -0.00197743, 0.00064013
455, None, -0.0111284, -0.00697439, 0.000670414
456, None, -0.000330075, 0.0315031, 0.000727007
457, None, 0.0104698, -0.0211665, 0.000674014
458, None, 0.0241494, 0.0140579, 0.000558803
459, None, -0.0221341, -0.0363182, 0.000720698
460, None, 0.0100766, -0.00622705, 0.00066915
461, None, -0.0017899, 0.00655293, 0.000554754
462, None, 0.00096895, 0.0160583, 0.000739082
463, None, 0.0148578, -0.00264436, 0.000536218
464, None, 0.0184326, 0.0173032, 0.000690513
465, None, -0.00706818, -0.0218802, 0.000749948
466, None, 0.0187145, -0.000788743, 0.000668759
467, None, 0.0042127, 0.036785, 0.000509007
468, None, -0.0114339, -0.00924733, 0.000605431
469, None, 0.0207694, -0.0470702, 0.000730794
470, None, -0.0171856, -0.0238631, 0.000523271
471, None, 0.0205268, 0.00671152, 0.000744108
472, None, -0.019726, -0.0451147, 0.00071164
473, None, -0.014253, -0.0298082, 0.000526372
474, None, 0.0200181, -0.045986, 0.000640883
475, None, -0.00408655, 0.0260128, 0.00065041
476, None, 0.0160631, 0.0470708, 0.000580604
477, None, -0.0154712, 0.0308727, 0.000642823
478, None, 0.0112671, 0.01397, 0.000664077
479, None, 0.00626887, 0.0356867, 0.000715208
480, None, -0.00824607, -0.0347807, 0.000694584
481, None, 0.0179426, 0.0398994, 0.000742019
482, None, -0.0243901, 0.036661, 0.000647103
483, None, 0.0152433, -0.0287148, 0.000664931
484, None, 0.0210392, 0.023644, 0.000504402
485, None, -0.0235455, 0.0190743, 0.000701828
486, None, -0.0101288, 0.00504392, 0.000627767
487, None, -0.0137601, 0.0423072, 0.000537152
488, None, 0.0178391, -0.0293229, 0.000573331
489, None, 0.00381878, -0.0208514, 0.000578933
490, None, 0.0193269, -0.00843096, 0.000730593
491, None, 0.018595, -0.0313175, 0.000663825
492, None, -0.00912193, 0.0306034, 0.000507396
493, None, 0.0242856, 0.0263244, 0.000724857
494, None, -0.00715646, 0.0326928, 0.000580849
495, None, 0.0177667, 0.0244095, 0.000673635
496, None, -0.000315904, -0.00461202, 0.000533871
497, None, 0.0244789, -0.0229556, 0.000539925
498, None, 0.0164672, 0.0317315, 0.000578323
499, None, 0.00787811, -0.0462204, 0.000702159
500, None, -0.0178514, 0.0352267, 0.000505526
501, None, 0.0232262, 0.00658996, 0.000740571
502, None, 0.0132773, -0.000470839, 0.000660605
503, None, -0.0220032, 0.0390271, 0.000747918
504, None, 0.0197277, 0.037635, 0.000560024
505, None, -0.022431, 0.00371796, 0.000597092
506, None, 0.0183094, -0.00930976, 0.000637785
507, None, 0.0181509, -0.0448415, 0.00052702
508, None, -0.00334043, 0.0451618, 0.000618239
509, None, -0.0144849, 0.0204073, 0.000673506
510, None, 0.00228143, 0.0262284, 0.000606117
511, None, 0.0168673, 0.00461377, 0.000679772
512, None, 0.0078387, 0.00132745, 0.000508849
513, None, 0.0118627, 0.0243682, 0.000746691
514, None, -0.00628956, 0.0356321, 0.000555968
515, None, 0.0139419, 0.000609464, 0.000649203
516, None, 0.0232102, 0.00988224, 0.000532175
517, None, 0.0212588, -0.0232948, 0.000578825
518, None, 0.00730293, 0.0277491, 0.000658493
519, None, 0.0151679, 0.000514065, 0.000595455
520, None, -0.01586, -0.0102225, 0.000504125
521, None, 0.00290018, 0.0461376, 0.000678558
522, None, 0.0152523, -0.0463262, 0.000605552
523, None, -0.00929351, -0.045122, 0.000585388
524, None, 0.00890889, -0.0359609, 0.000588156
525, None, 0.00278483, -0.0386728, 0.000660034
526, None, 0.0184775, 0.0109787, 0.00052976
527, None, -0.00910689, -0.0356663, 0.000564019
528, None, -0.000164602, 0.0483488, 0.00056832
529, None, -0.0243702, 0.0379244, 0.000642861
530, None, 0.0131598, -0.0252775, 0.000741585
531, None, 0.0221609, 0.0102368, 0.00062072
532, None, -0.00612436, -0.0117318, 0.000624988
533, None, -0.0243621, -0.0274746, 0.000672174
534, None, -0.00774009, 0.0455097, 0.000635105
535, None, 0.00723145, -0.0474708, 0.000720371
536, None, -0.00728525, 0.0277048, 0.000611418
537, None, -0.010148, 0.00937713, 0.000668695
538, None, 0.000829685, 0.0319273, 0.000570644
539, None, -0.00528426, -0.0314571, 0.000728112
540, None, -0.0158663, 0.00186617, 0.00061307
541, None, -0.0109235, -0.000484578, 0.000589606
542, None, 0.0201626, 0.00203689, 0.00064029
543, None, -0.0212954, 0.0362707, 0.000546316
544, None, -0.0203817, -0.0136239, 0.000598369
545, None, -0.00405608, 0.00578448, 0.000720506
546, None, -0.00333028, -0.00621533, 0.000701651
547, None, 0.00271623, -0.0211002, 0.000581319
548, None, -0.0160888, -0.0152046, 0.000531474
549, None, -0.00859772, 0.048417, 0.000640909
550, None, 0.0110324, -0.0272998, 0.000700979
551, None, -0.00177184, 0.043479, 0.000747191
552, None, -0.0192695, 0.000931901, 0.000543431
553, None, -0.00121783, 0.0229841, 0.000684542
554, None, -0.0243772, 0.00930611, 0.000631061
555, None, 0.0233195, 0.0271492, 0.000547274
556, None, 0.00124992, 0.0329412, 0.000583485
557, None, 0.0116048, -0.0334477, 0.000743363
558, None, 0.0188641, 0.015188, 0.000555371
559, None, -0.011455, -0.0274208, 0.00050317
560, None, 0.00378361, 0.000668859, 0.000748306
561, None, 0.0150157, 0.0100492, 0.00070407
562, None, 0.0243251, -0.0371752, 0.000709878
563, None, 0.00360386, -0.0232709, 0.000688686
564, None, -0.0203776, 0.0232865, 0.000547227
565, None, -0.0053806, 0.00599857, 0.000677077
566, None, -0.0146743, -0.0340637, 0.000615532
567, None, -0.0103717, -0.0169277, 0.000606749
568, None, -0.0231109, 0.0203319, 0.000665235
569, None, 0.0184024, -0.0031255, 0.000651074
570, None, 0.0166262, -0.0412436, 0.000505607
571, None, 0.023456, 0.0238082, 0.000695541
572, None, 0.0232084, -0.00615173, 0.000587649
573, None, -0.00604002, 0.0322574, 0.000658268
574, None, 0.00258947, -0.0252165, 0.000505279
575, None, 0.0178463, 0.048257, 0.000676253
576, None, 0.00520185, 0.0288062, 0.000735346
577, None, 0.0173193, -0.0442186, 0.000527173
578, None, -0.0171333, 0.0228025, 0.000719171
579, None, 0.0132946, -0.0471281, 0.000659328
580, None, 0.00669315, 0.00427933, 0.000619051
581, None, -0.0192581, 0.0414472, 0.000725232
582, None, 0.0121878, -0.0263269, 0.000721215
583, None, -0.0220149, 0.0198663, 0.00055319
584, None, 0.0178814, 0.0148198, 0.000518909
585, None, 0.00222368, -0.0440108, 0.000589638
586, None, 0.0219001, 0.00686281, 0.000665111
587, None, 0.00143739, -0.0351636, 0.000524154
588, None, 0.00525597, -0.00338848, 0.000617713
589, None, 0.00463654, 0.0209262, 0.000660609
590, None, -0.00953251, -0.0487519, 0.000661646
591, None, -0.00237236, 0.0173423, 0.000523958
592, None, -0.003151, -0.00867288, 0.000748549
593, None, 0.0227836, 0.0301082, 0.000561409
594, None, 0.0191516, 0.0444372, 0.000513737
595, None, -0.00768994, 0.0214714, 0.000596176
596, top_grip, 0.0196589, 0.0494125, 0.000601455
597, None, 0.00653845, 0.00539084, 0.000520954
598, None, -0.00287939, 0.006315, 0.000615193
599, None, -0.00425556, -0.0394533, 0.000683366
600, None, -0.0113806, -0.0130511, 0.00050801
601, None, 0.015599, 0.0247133, 0.000665721
602, None, 0.013509, 0.0418233, 0.000685445
603, None, 0.00871809, 0.014941, 0.000698064
604, None, 0.0203018, 0.0411108, 0.000633019
605, None, -0.0111973, 0.0192117, 0.000566167
606, None, -0.024468, -0.00868742, 0.000563075
607, None, 0.0200826, -0.0183301, 0.000736031
608, None, -0.00369542, 0.0148483, 0.000507687
609, None, -0.0170144, 0.0255871, 0.000610171
610, None, -0.0139084, -0.00903753, 0.000659058
611, None, -0.00385523, -0.0338506, 0.000674922
612, None, 0.00294439, 0.0320014, 0.000613498
613, None, -0.00861903, -0.0289457, 0.000680411
614, None, -0.00553021, 0.0297594, 0.000637375
615, None, -0.000692811, 0.0352404, 0.000749656
616, None, -0.0130849, -0.0245049, 0.000606374
617, None, 0.0162084, 0.00566936, 0.000578931
618, None, -0.0113239, -0.0423399, 0.000502334
619, None, 0.00560609, 0.0231185, 0.000581693
620, None, 0.0129487, -0.0150071, 0.000522163
621, None, -0.00504944, 0.037311, 0.000605912
622, None, -0.0201332, 0.042581, 0.000744905
623, None, -0.0232954, -0.0318189, 0.000628733
624, None, -0.00614707, -0.0197597, 0.000607039
625, None, -0.0157509, -0.0124925, 0.000695933
626, None, -0.00223124, -0.0366881, 0.000634161
627, None, -0.0118179, -0.0432312, 0.000567775
628, None, -0.00518193, 0.0285673, 0.00063487
629, None, 0.0178973, -1.21379e-05, 0.000500639
630, None, 0.0194676, 0.0180266, 0.000573524
631, None, -0.00625299, 0.0201005, 0.000582138
632, None, -0.0119803, 0.00618914, 0.000594225
633, None, 0.00202447, -0.0377017, 0.00061966
634, None, -0.0226044, 0.0317144, 0.000504947
635, None, -0.00933361, 0.0374848, 0.000667065
636, None, -0.00986694, -0.0130956, 0.000639263
637, None, -0.00888743, 0.00946871, 0.000608474
638, None, -0.0243662, 0.0180738, 0.00066375
639, None, 0.00793987, -0.0352326, 0.000701593
640, None, 0.0244952, 0.0230864, 0.000505867
641, None, -0.0169165, 0.0267877, 0.000608436
642, None, -0.0200923, -0.0162748, 0.000675386
643, None, 0.0076551, 0.0188273, 0.000592829
644, None, -0.0111504, 0.0278139, 0.000565516
645, None, 0.0124555, -0.0275741, 0.000608616
646, None, -0.00507372, 0.0359655, 0.000746031
647, None, -0.020144, 0.00562761, 0.00055016
648, None, 0.0106847, -0.0411619, 0.000645715
649, None, 0.00187427, 0.031043, 0.000507752
650, None, 0.0171019, -0.0134689, 0.000545252
651, None, 0.00272041, -0.0149065, 0.000662388
652, None, -0.00410363, -0.0274584, 0.000591497
653, None, 0.0122164, 0.042217, 0.000673702
654, None, 0.015913, -0.0296463, 0.00051725
655, None, 0.0024172, -0.0366359, 0.000570951
656, None, 0.00536838, -0.0062069, 0.00073641
657, None, -0.0115389, 0.0329974, 0.000506696
658, None, 0.0237428, -0.0483515, 0.000510323
659, top_grip, 0.000681318, 0.0494848, 0.000527586
660, None, 0.0194594, -0.00354279, 0.000523982
661, None, -0.00350221, 0.00939259, 0.000623201
662, None, -0.0208603, 0.0291485, 0.00065727
663, None, 0.0192908, 0.00693735, 0.000542706
664, None, 0.0186701, -0.00443018, 0.000683991
665, None, -0.0219617, -0.0336093, 0.0007174
666, top_grip, -0.00873263, 0.0495139, 0.000521366
667, None, -0.00718472, -0.0368839, 0.000514877
668, None, -0.0201296, 0.00293555, 0.000613802
669, None, -0.0108389, 0.0214079, 0.000568185
670, None, 0.0198894, 0.0387001, 0.000563649
671, None, -0.00317468, -0.0257059, 0.000556775
672, None, 0.00985229, 0.00415507, 0.000708165
673, None, 0.00846218, 0.0320065, 0.000540108
674, None, -0.0138918, 0.0435038, 0.00071234
675, None, 0.0243193, -0.0217892, 0.000684371
676, None, 0.00878372, 0.00492796, 0.000666536
677, None, 0.0194179, 0.0221933, 0.000729582
678, None, 0.00027319, 0.00107452, 0.000744261
679, None, 0.0107843, -0.017476, 0.000555366
680, None, -0.00337677, 0.00116902, 0.000599959
681, None, 0.0243983, -0.0474883, 0.00062552
682, None, 0.0141254, -0.0181035, 0.000587836
683, None, -0.00505851, 0.00757336, 0.000742025
684, None, 0.0233482, -0.0105724, 0.000529864
685, None, 0.00767595, -0.0443585, 0.000501048
686, None, 0.00103603, 0.0184387, 0.000708851
687, None, -0.0193177, 0.0229187, 0.000592581
688, None, -0.0159963, 0.032931, 0.000670976
689, None, -0.00570172, 0.0482935, 0.000562689
690, None, 0.00319937, -0.00602473, 0.000640833
691, None, 0.00898225, 0.0206105, 0.000664981
692, None, -0.0169125, -0.0294674, 0.000590312
693, None, 0.00449208, 0.0377237, 0.000501776
694, None, -0.0154236, -0.0196989, 0.000621857
695, None, -0.00270013, 0.0485172, 0.000625149
696, None, -0.0232243, -0.0188322, 0.000588512
697, None, -0.00624243, -0.0339926, 0.000734195
698, None, -0.00207639, -0.0322178, 0.000696895
699, None, 0.0243923, -0.0331401, 0.000641175
700, None, 0.0196214, 0.0274261, 0.000644493
701, None, 0.0232216, 0.0291757, 0.000536505
702, None, -0.0167731, 0.00121915, 0.000521242
703, None, -0.00974198, -0.0404891, 0.00070854
704, None, -0.0244402, 0.00352137, 0.0005744
705, None, -0.0160695, 0.0429212, 0.000703326
706, None, 0.00084931, 0.0462945, 0.000618627
707, None, 0.0228875, -0.0314681, 0.000602173
708, None, 0.00679024, 0.0208782, 0.000527667
709, None, 0.02337, 0.0122183, 0.000589218
710, None, 0.000529905, 0.0439275, 0.000581608
711, None, -0.00257652, -0.0189522, 0.00053742
712, None, -0.0100928, 0.0309734, 0.000553566
713, None, 0.018915, -0.0440201, 0.00060026
714, None, 0.0161474, -0.0189052, 0.000520093
715, None, -0.0174776, -0.0258514, 0.000721444
716, None, -0.0231528, 0.0125734, 0.000511728
717, None, -0.0134376, 0.0330173, 0.000748866
718, None, 0.00795348, 0.0484439, 0.000711868
719, None, -0.0187574, 0.0427236, 0.000667567
720, None, -0.00581989, -0.0462345, 0.000618102
721, None, 0.0134918, -0.0392655, 0.000665844
722, None, -0.0145947, 0.0447009, 0.000695375
723, None, 0.0192242, 0.00289732, 0.000694792
724, None, -0.00636938, -0.0375759, 0.000566134
725, None, -0.00512169, 0.0332047, 0.000688177
726, None, -0.00530028, -0.0206747, 0.000678767
727, None, -0.00517937, -0.0427628, 0.000608345
728, None, 0.0146595, -0.0313759, 0.000665394
729, None, -0.0133671, -0.0453697, 0.000740347
730, None, -0.0148601, 0.0321037, 0.000749886
731, None, 0.0145489, -0.0275891, 0.000582903
732, None, -0.0159974, -0.0350961, 0.000652063
733, None, -0.0198016, -0.037425, 0.00073878
734, None, 0.0164001, -0.00375333, 0.000525353
735, None, -0.0208861, 0.0168377, 0.000521802
736, None, 0.00930562, 0.0126258, 0.000564674
737, None, 0.00847853, 0.0254159, 0.000633677
738, None, 0.0112221, 0.00745152, 0.000569963
739, None, 0.0184994, 0.0472899, 0.000565284
740, None, 0.00514785, 0.0179458, 0.000679988
741, None, -0.0115874, 0.00841711, 0.000547955
742, bottom_grip, 0.0155746, -0.0492909, 0.000722956
743, None, 0.00374584, -0.0130441, 0.000640414
744, None, 0.0145563, -0.000529889, 0.000648786
745, None, -0.0149395, -0.0412341, 0.000557049
746, None, 0.00695208, 0.016453, 0.000745252
747, None, 0.000923517, 0.0124631, 0.000529573
748, None, 0.0075687, -0.0160748, 0.000579331
749, None, 0.0243885, -0.0427811, 0.000616972
750, None, -0.0229047, 0.0346626, 0.000742251
751, None, 0.0177857, -0.0282299, 0.00053261
752, None, 0.0135507, 0.0123508, 0.00072678
753, None, 0.00980203, 0.0275284, 0.00058894
754, None, 0.00114093, 0.00326952, 0.000659321
755, None, -0.000982159, 0.0446136, 0.000646582
756, None, -0.00532488, -0.0257222, 0.000580577
757, None, 0.00516572, 0.0467595, 0.000697754
758, None, 0.00324151, -0.040311, 0.00069552
759, None, -0.014623, -0.0449998, 0.000610039
760, None, 0.00109432, -0.00591698, 0.000557999
761, None, 0.0231929, -0.00277161, 0.000693182
762, None, 0.00445477, -0.0469848, 0.000716476
763, None, -0.0136081, -0.030766, 0.000659921
764, None, 0.0127048, 0.0254979, 0.000675071
765, None, 0.00532068, -0.0411323, 0.000600962
766, None, -0.0176029, 0.00791123, 0.000555543
767, None, 0.00378222, -0.0267644, 0.000593063
768, None, 0.0161345, -0.0443734, 0.00070205
769, None, -0.0149705, 0.0388227, 0.000506987
770, None, -0.0103243, 0.00295416, 0.000596184
771, None, -0.0142043, -0.0482731, 0.000591389
772, None, 0.0157099, 0.0450264, 0.000614511
773, None, 0.0212242, 0.00429634, 0.000646469
774, None, 0.00110668, 0.029606, 0.000632833
775, None, -0.00800753, 0.0474725, 0.000505231
776, None, -0.0107099, -0.0342839, 0.000669048
777, None, -0.0238432, -0.02362, 0.000738588
778, None, -0.00457247, -0.011884, 0.000555536
779, None, -0.0243394, -0.0114189, 0.000671764
780, None, 0.012064, 0.0465351, 0.000527633
781, None, -0.0138595, -0.0472552, 0.000514177
782, None, 0.00290578, -0.0222082, 0.000601232
783, None, -0.0201955, 0.026624, 0.000640448
784, None, -0.00727774, -0.0164145, 0.000504376
785, None, -0.00923252, 0.0473792, 0.000622771
786, None, 0.0112711, 0.0413657, 0.000623356
787, None, -0.0139794, 0.0270625, 0.000527903
788, None, -0.00991308, 0.0205685, 0.000688181
789, None, -0.02064, 0.0411269, 0.000741336
790, None, 0.0170137, -0.00887012, 0.000595328
791, None, 0.00404346, 0.00502525, 0.000590755
792, None, -0.0129609, -0.0366296, 0.000737045
793, None, 0.0230814, -0.039044, 0.000639026
794, None, -0.00628655, 0.000821229, 0.000588257
795, None, -0.0195972, -0.0281914, 0.00067232
796, None, 0.0137707, 0.0178757, 0.000681102
797, None, 0.020919, -0.0376631, 0.000636889
798, None, 0.0224042, 0.0408187, 0.000608939
799, None, 0.0155568, -0.00815634, 0.000550262
800, None, -0.010701, 0.0409821, 0.000663492
801, None, 0.0126962, -0.00915323, 0.000595407
802, None, 0.0234247, -0.0303969, 0.000645945
803, None, 0.00383704, -0.0142832, 0.000638442
804, None, 0.0191519, -0.0220293, 0.000679596
805, None, -0.00342148, 0.0302438, 0.000587405
806, None, 0.00018655, -0.0343713, 0.000523321
807, None, -0.0183035, -0.0266819, 0.000526539
808, None, 0.0127568, 0.0304016, 0.000613056
809, None, -0.00164326, -0.0456256, 0.00050234
810, None, 0.0213558, 0.0461816, 0.000675558
811, None, -0.0150354, -0.000108291, 0.000656718
812, None, 0.023399, 0.0401389, 0.000611011
813, None, -0.0150241, -0.0424234, 0.000643101
814, None, -0.00504524, 0.025249, 0.000620526
815, None, -0.0170377, -0.0188603, 0.000594729
816, None, 0.000215061, -0.0261682, 0.000673582
817, None, 0.00951279, 0.0324163, 0.000604689
818, top_grip, 0.0244742, 0.049464, 0.000542442
819, None, 0.0194394, 0.0117033, 0.000685205
820, None, -0.00109869, 0.00747227, 0.000654669
821, None, 0.0121359, -0.0125738, 0.000578805
822, None, 0.0219361, -0.0145192, 0.000734222
823, None, -0.0150181, -0.00479814, 0.000526342
824, None, -0.0231858, 0.0229217, 0.000640131
825, None, -0.0171283, 0.0244061, 0.000618498
826, None, 0.0170688, 0.00934377, 0.000608228
827, None, 0.0226257, -0.00710067, 0.000544129
828, None, 0.0131378, -0.0405886, 0.000704305
829, None, -0.00604101, -0.0419586, 0.000598005
830, None, -0.00397511, -0.0127402, 0.000518253
831, None, -0.0179531, 0.0138231, 0.000594712
832, None, 0.0138085, -0.0321933, 0.000545061
833, None, -0.0208512, -0.00688185, 0.000688549
834, None, 0.0231581, 0.00521983, 0.00069188
835, None, 0.00286385, -0.0242321, 0.000528461
836, None, 0.0232513, 0.0347048, 0.000644524
837, None, -0.0086181, 0.0402382, 0.000641665
838, None, -0.00124376, -0.0278127, 0.000529311
839, None, -0.0139051, -0.0330014, 0.000719646
840, None, -0.0234261, -0.0393949, 0.000631556
841, None, -0.00836986, 0.0276484, 0.000522685
842, None, -0.0243437, -0.0337795, 0.000681991
843, None, -0.00844066, 0.0464816, 0.000609749
844, None, -0.0106742, 0.000805171, 0.000744422
845, None, -0.000172729, 0.0183242, 0.000536774
846, None, 0.0132261, -0.0199626, 0.000604337
847, None, -0.0231663, -0.00319258, 0.000619518
848, None, 0.00521481, 0.0320066, 0.000689499
849, None, 0.0140399, 0.00676855, 0.000739257
850, None, 0.0110099, -0.0354815, 0.000573745
851, None, -0.005896, -0.0216673, 0.000509779
852, None, -0.0176283, 0.00911467, 0.000643431
853, None, -0.0151521, -0.00882516, 0.000632651
854, None, 0.00797743, 0.0406488, 0.000595714
855, None, 0.0205793, -0.0418045, 0.000714329
856, None, 0.00978927, 0.0252916, 0.000734264
857, None, -0.0127414, 0.0220904, 0.000569622
858, None, -0.0220936, -0.0188557, 0.00056868
859, None, 0.0207242, 0.0088173, 0.000531748
860, None, -0.00771451, -0.0154617, 0.000595568
861, None, 0.00478551, -0.0163434, 0.000661227
862, None, 0.012809, 0.00058909, 0.000500768
863, None, -0.0119518, -0.0242874, 0.000572811
864, None, 0.0244595, 0.0357641, 0.000569959
865, None, -0.0220827, -0.021882, 0.000667671
866, None, 0.015034, 0.00863714, 0.000519773
867, None, 0.00314093, -0.00198691, 0.000685131
868, None, 0.0113317, -0.00437424, 0.00062847
869, None, -0.0141284, -0.0238279, 0.000691575
870, None, -0.0043324, -0.047994, 0.000687099
871, None, 0.00565028, 0.00849551, 0.000625676
872, None, -0.00877593, 0.0217394, 0.000569055
873, None, -0.0117547, 0.0224904, 0.000518906
874, None, 5.70896e-05, 0.0394077, 0.000577892
875, None, 0.015944, 0.00376744, 0.000580497
876, None, -0.0123141, 0.0339396, 0.000742023
877, None, -0.00865079, -0.00732423, 0.000740592
878, None, -0.0200478, -0.0337968, 0.000667472
879, None, -0.0161157, 0.0392321, 0.000721754
880, None, -0.0146597, 0.0360977, 0.000596956
881, None, -0.00737804, -0.0463463, 0.000704366
882, None, -0.0136145, 0.0226738, 0.000529702
883, None, 0.0232736, -0.0270272, 0.000601877
884, None, 0.0210521, -0.0258349, 0.000688161
885, None, -0.0234133, -0.0168688, 0.000585941
886, None, -0.00686753, -0.0174529, 0.00068922
887, None, -0.0111953, -0.0330509, 0.000691138
888, None, 0.000312647, 0.0473349, 0.000575319
889, None, -0.00835135, 0.025348, 0.000681926
890, None, -0.0191607, -0.024336, 0.000587731
891, None, -0.00711874, 0.0423995, 0.000592457
892, None, -0.0162752, 0.0165498, 0.00065658
893, None, 0.0217185, 0.0300474, 0.000562594
894, None, 0.0231778, -0.0281577, 0.00056733
895, None, 0.00984941, -0.0122517, 0.000739153
896, None, -0.0130403, 0.00354742, 0.000692891
897, None, -0.0215278, -0.0460049, 0.000690221
898, None, 0.0157849, 0.0190543, 0.000560863
899, None, 0.0167123, 0.0248193, 0.000508175
900, None, -0.0202525, -0.0237147, 0.000568987
901, None, -0.0143968, 0.0379695, 0.000554058
902, None, -0.00864695, 0.00023388, 0.000660392
903, None, 0.0113278, 0.012757, 0.000572077
904, None, -0.0184057, 0.0149542, 0.000639846
905, None, -0.00744511, 0.000560875, 0.000587747
906, None, 0.0212605, -0.0221704, 0.000558017
907, None, -0.00111122, 0.0174965, 0.000735771
908, None, 0.018867, 0.0454225, 0.00054588
909, None, 0.0153743, -0.0195279, 0.000510643
910, None, -0.019097, -0.0110604, 0.000603284
911, None, -0.0185644, -0.029084, 0.00069926
912, None, 0.0230766, 0.0261204, 0.000536275
913, None, -0.0243779, -0.0386641, 0.000655328
914, None, -0.011373, 0.0234866, 0.000548706
915, None, -0.00318467, -0.0212141, 0.000693544
916, None, 0.0043606, -0.00966823, 0.00070713
917, None, -0.00949642, -0.00496391, 0.000501374
918, None, 0.0174921, -0.00397845, 0.00062798
919, None, -0.00632825, 0.0433926, 0.000691234
920, None, -0.0114331, -0.00583504, 0.0005292
921, None, -0.0171566, 0.000187845, 0.000602919
922, None, -0.00941182, -0.0238608, 0.000618363
923, None, -0.00970319, -0.0464755, 0.000689001
924, None, 0.0189212, -0.00707321, 0.000749397
925, None, 0.0127697, -0.0338057, 0.000548205
926, None, -0.00130995, 0.00862372, 0.000556104
927, None, 0.0232116, -0.0364821, 0.000628518
928, None, 0.0234507, 0.0281907, 0.000527828
929, None, -0.00614994, -0.0105313, 0.000609197
930, None, 0.000620284, 0.00746459, 0.000732719
931, None, 0.0234232, 0.0459529, 0.000545289
932, None, 0.0102911, 0.0285128, 0.000540629
933, None, 0.00151429, 0.0104876, 0.000717465
934, None, -0.00404492, 0.0351588, 0.000578558
935, None, 0.0124546, 0.0180348, 0.000653144
936, None, -0.00822855, -0.0144029, 0.00061923
937, None, 0.0187678, -0.0188432, 0.000688396
938, None, 0.0190596, 0.0394093, 0.00057071
939, None, -0.0035322, 0.00825658, 0.000525867
940, None, 0.00784307, -0.0366328, 0.000676806
941, None, -0.0210678, 0.00870653, 0.000673974
942, bottom_grip, -0.010672, -0.0493566, 0.000669847
943, None, -0.0015582, 0.03934, 0.00074908
944, None, -0.0201897, -0.0188567, 0.000513398
945, None, 0.00949381, -0.0441072, 0.000579692
946, None, 0.0110203, 0.0089154, 0.000683447
947, None, 0.0110968, -0.00108482, 0.00074598
948, None, 0.0151081, 0.0258804, 0.000656836
949, None, -0.00640567, 0.0345161, 0.000631662
950, None, 0.00371099, 0.0353712, 0.000636199
951, None, 0.00401953, 0.0311513, 0.000669675
952, None, -0.019846, 0.00677807, 0.000672419
953, None, 0.00244981, 0.0483851, 0.000718726
954, None, -0.00282441, -0.0127696, 0.000646526
955, None, 0.0180887, 0.0425516, 0.000697445
956, None, -0.0173837, 0.0158908, 0.000668598
957, None, 0.00520827, -0.0305364, 0.000609954
958, None, 0.00407452, 0.0342575, 0.0005811
959, None, -0.0208354, -0.00809405, 0.000531979
960, None, 0.00309527, 0.013542, 0.000598283
961, None, 0.0156977, -0.0406115, 0.000625279
962, None, 0.0188654, -0.0300281, 0.000689487
963, None, -0.00679114, 0.00425434, 0.000647393
964, None, 0.021121, -0.0161927, 0.000630698
965, None, -0.0177871, 0.0104065, 0.000685698
966, None, 0.00458867, -0.0260601, 0.000500184
967, None, 0.0208252, 0.0161217, 0.000632108
968, None, -0.00844947, 0.0172092, 0.000519747
969, None, -0.00553577, -0.0450643, 0.000598204
970, None, -0.011331, -0.0443271, 0.000683361
971, None, 0.0232925, 0.00390198, 0.000652787
972, None, -0.0243081, 0.0273232, 0.000712063
973, None, 0.00748941, 0.0362299, 0.000649522
974, None, 0.0214177, 0.0110944, 0.000535296
975, None, 0.0115917, -0.0206975, 0.00055118
976, None, -0.0203335, -0.0462186, 0.00055008
977, None, -0.0183228, 0.0405358, 0.000592797
978, None, -0.00492977, 0.00493806, 0.000510833
979, None, -0.00733106, 0.0169023, 0.000643272
980, None, 0.00937466, 0.00602296, 0.000622048
981, None, 0.0178859, -0.00569833, 0.000686798
982, None, -0.0087012, -0.0301522, 0.000568746
983, None, 0.0174885, -0.0253126, 0.000729546
984, None, 0.00418016, 0.0458263, 0.00068758
985, None, 0.0170053, -0.0451711, 0.000506798
986, None, 0.00200597, -0.0408178, 0.000662777
987, None, -0.00955962, 0.0104666, 0.000614201
988, None, -0.00995717, 0.029825, 0.000638208
989, None, 0.0243949, 0.0276251, 0.000631601
990, None, 0.00773352, -0.0289407, 0.000521266
991, None, -0.0143532, -0.0366807, 0.000716886
992, None, 0.0177023, -0.0458421, 0.000508065
993, None, 0.0225053, -0.00413289, 0.000568071
994, None, 0.0232709, 0.0212354, 0.000618255
995, None, 0.022143, -0.00616189, 0.000522257
996, None, 0.0244717, 0.0335825, 0.000538455
997, None, -0.00950128, 0.0246862, 0.000667898
998, None, -0.00262688, 0.0468491, 0.00052556
999, None, -0.0187314, 0.00740702, 0.000646001
1000, None, -0.0223312, -0.0375897, 0.000593005
1001, None, -0.0117747, -0.00473946, 0.000532487
1002, None, -0.0166521, -0.00597361, 0.000642327
1003, None, -0.0233791, 0.00766331, 0.000649479
1004, None, -0.0192926, -0.0413636, 0.000694819
1005, None, -0.00417064, -0.0467852, 0.000534515
1006, None, 0.0214544, 0.0485875, 0.000567457
1007, None, 0.00841525, -0.0299318, 0.00071452
1008, None, 0.024401, 0.0116672, 0.000616528
1009, None, -0.023234, -0.034364, 0.00060479
1010, None, -0.00885051, -0.0313026, 0.000634417
1011, None, 0.0121472, 0.00937987, 0.000540526
1012, None, -0.0111876, -0.0190252, 0.00059997
1013, None, -0.0191309, -0.0186448, 0.000583922
1014, None, 0.00643848, 0.0316415, 0.0006167
1015, None, 0.0199498, 0.0143923, 0.000678081
1016, None, -0.0192993, -0.0270266, 0.000579309
1017, None, 0.0209711, 0.0342683, 0.00068632
1018, None, 0.0244007, 0.0161156, 0.000645109
1019, None, -0.00262605, -0.0232393, 0.00066886
1020, None, -0.0200503, -0.035014, 0.00058313
1021, None, -0.00389754, 0.0325577, 0.00072212
1022, None, 0.0168768, 0.0147936, 0.000529584
1023, None, -0.012567, 0.00864464, 0.000503029
1024, None, 0.00607, -0.00519033, 0.000575128
1025, None, -0.00537293, -0.0126177, 0.000555286
1026, None, -0.0083075, 0.00146197, 0.000662878
1027, None, 0.00689953, 0.0106113, 0.000501787
1028, None, 0.0124939, 0.0133544, 0.000741152
1029, None, 0.00751094, 0.00981255, 0.000508256
1030, None, 0.00441563, 0.0235561, 0.000633451
1031, None, -0.0139537, -0.0226378, 0.000565716
1032, None, -0.0144518, 0.011151, 0.000640987
1033, None, -0.00611761, 0.0145178, 0.000737202
1034, None, 0.00774585, -0.0182683, 0.000729725
1035, None, 0.00251322, -0.035476, 0.000643433
1036, None, -0.00344047, -0.0457339, 0.000743936
1037, None, 0.00556086, 0.0308591, 0.000567412
1038, None, 0.0149308, -0.0482795, 0.000530479
1039, None, 0.0172414, -0.0101199, 0.000723782
1040, None, -0.0199116, -0.0436974, 0.000747493
1041, None, -0.00852178, -0.0248599, 0.00073633
1042, None, 0.00911047, 0.0462217, 0.000728807
1043, None, 0.0218212, -0.00305833, 0.000730142
1044, None, -0.0074946, 0.0365597, 0.000622397
1045, None, -0.00610987, -0.0227308, 0.000554634
1046, None, 0.0172986, 0.0470877, 0.000663616
1047, None, -0.0163578, 0.00285514, 0.000516076
1048, None, -0.0200105, 0.0301182, 0.000654559
1049, None, 0.0194125, -0.0208239, 0.000563072
1050, None, 0.00275946, -0.0199762, 0.000573749
1051, bottom_grip, 0.0142763, -0.0494027, 0.000618399
1052, None, -0.0172837, -0.00877322, 0.000675791
1053, None, -0.0161071, 0.0236765, 0.000670665
1054, None, 0.00165321, -0.0205647, 0.000656755
1055, None, 1.73726e-05, 0.0328363, 0.000657973
1056, None, 0.024223, -0.0318085, 0.000713662
1057, None, -0.023434, 0.0446766, 0.000690016
1058, None, -0.0175946, -0.0367744, 0.000564525
1059, None, -0.00154062, -0.0193825, 0.000603027
1060, None, 0.0109963, -0.0130153, 0.000652486
1061, None, -0.00210745, 0.0275165, 0.000575835
1062, None, -0.0244892, -0.0102617, 0.000526282
1063, None, 0.0160684, 0.00263808, 0.000564931
1064, bottom_grip, -0.003569, -0.0493614, 0.000654305
1065, None, 0.024343, 0.0219468, 0.000669912
1066, None, 0.0187112, 0.0316046, 0.000577205
1067, None, 0.00120421, -0.0463148, 0.000502907
1068, None, -0.0147711, 0.0279586, 0.000705407
1069, None, 0.0173818, 0.0386762, 0.000629512
1070, None, -0.0188307, 0.00868988, 0.000685397
1071, None, 0.0234035, 0.0437237, 0.000549175
1072, None, 0.0104006, -0.00944487, 0.000737916
1073, None, -0.0244773, -0.00763741, 0.000525795
1074, None, 0.00408929, -0.0414572, 0.000747733
1075, None, -0.0161055, -0.0235122, 0.00066699
1076, None, 0.00169137, -0.024421, 0.000695897
1077, None, 0.000143952, 0.0363096, 0.000626123
1078, None, 0.0234546, 0.00786772, 0.000612223
1079, None, 0.00667527, -0.0106726, 0.000722417
1080, None, -0.0118818, 0.0466106, 0.00072982
1081, None, -0.0134167, -0.00786205, 0.000662689
1082, None, 0.0233181, 0.0250531, 0.000575171
1083, None, 0.00137405, 0.0432751, 0.000518401
1084, None, 0.0159537, 0.0402473, 0.000538493
1085, None, -0.000916285, 0.0425052, 0.000571446
1086, None, 0.00929001, -0.0087475, 0.000635363
1087, None, 0.0223025, -0.000617668, 0.000690467
1088, None, 0.00822452, -0.0401709, 0.000603192
1089, None, 0.0244441, -0.0205792, 0.000581403
1090, None, 0.023251, -0.0445243, 0.000544248
1091, None, 0.00198439, -0.031732, 0.000519565
1092, None, -0.00544242, 0.0038805, 0.000685601
1093, None, -0.0233667, 0.0253478, 0.000657776
1094, None, 0.00253527, -0.0125629, 0.000717778
1095, None, -0.0025265, -0.0433326, 0.000702856
1096, None, 0.0223982, 0.0455493, 0.000590045
1097, None, 0.00290222, 0.0448195, 0.000670112
1098, None, 0.000440675, 0.0404135, 0.000520368
1099, None, -0.0123319, 0.00121134, 0.000668619
1100, None, 0.00678166, 0.0234324, 0.000649005
1101, None, -0.00120692, -0.00539109, 0.000680402
1102, None, 0.0244919, 0.0185066, 0.00054073
1103, None, 0.0057936, 0.0457161, 0.000528154
1104, None, 0.00315508, -0.00331303, 0.000679193
1105, None, -0.016136, 0.0406496, 0.000720753
1106, None, -0.0217187, 0.017627, 0.000713503
1107, None, -0.00892518, 0.038974, 0.000672283
1108, None, 0.00281897, -0.0137443, 0.000524742
1109, None, -0.00307369, 0.0359293, 0.00069557
1110, None, -0.0232365, -0.0106355, 0.000695716
1111, None, 0.00696615, -0.00830258, 0.000686647
1112, None, -0.00118978, 0.0294813, 0.0005486
1113, None, 0.0169535, 0.0430906, 0.000577044
1114, None, 0.0231458, -0.0377762, 0.000670091
1115, None, 0.0038362, 0.0471413, 0.000699145
1116, None, 0.0242696, -0.000570278, 0.00074464
1117, None, -0.0139149, -0.0287014, 0.000656155
1118, None, 0.00835904, 0.034411, 0.000563306
1119, None, 0.00557358, 0.0191249, 0.00059542
1120, None, 0.0163638, 0.0304624, 0.000721922
1121, None, 0.0104859, 0.00537356, 0.000687415
1122, None, 0.0112514, 0.0364293, 0.000646095
1123, None, -0.0209567, -0.0368078, 0.000583925
1124, None, 0.000562957, 0.0383285, 0.000618745
1125, None, -0.0165539, 0.00987158, 0.000689623
1126, None, 0.0223836, 0.0441962, 0.000523634
1127, None, -0.00417071, -0.02025, 0.000546375
1128, None, -0.0216249, 0.0314482, 0.000517183
1129, None, -0.0148733, 0.00436283, 0.00057856
1130, None, -0.0197134, -8.93991e-05, 0.000590353
1131, None, -0.0244497, 0.00461446, 0.000556285
1132, None, 0.0215853, 0.047447, 0.00064712
1133, None, 0.00645981, -0.0414803, 0.000681161
1134, None, 0.00225833, 0.0368443, 0.000635265
1135, None, 0.0232465, 0.0177809, 0.000505381
1136, None, 0.00238902, -0.042866, 0.00059161
1137, None, 0.0207759, -0.0148669, 0.000508096
1138, None, 0.00542516, -0.0376547, 0.000718462
1139, None, 0.013612, -0.0266462, 0.000748633
1140, None, 0.00427016, -0.0443468, 0.000578772
1141, None, 0.0244956, -0.0452487, 0.000520056
1142, None, 0.0170076, 0.016942, 0.00060804
1143, None, 0.0212988, -0.0186716, 0.000549035
1144, None, 0.0118026, -0.0250065, 0.000670766
1145, None, 0.011604, -0.00912639, 0.000544203
1146, None, 0.00362169, -0.025591, 0.000604839
1147, None, 0.0157777, 0.0389088, 0.000737839
1148, None, 0.00779278, 0.0464473, 0.000602397
1149, None, -0.00287457, 0.000119207, 0.000588583
1150, None, -0.0231989, -0.0330886, 0.000686143
1151, None, 0.00564927, 0.021554, 0.000579481
1152, None, -0.0144286, 0.0056044, 0.000747192
1153, None, -0.0172429, -0.027174, 0.000668576
1154, None, 0.00762952, 0.0202572, 0.000526576
1155, None, 0.0170861, 0.00204507, 0.000622439
1156, None, 0.00638338, 0.00738235, 0.000641283
1157, None, 0.009583, -0.0231468, 0.000519091
1158, None, -0.0030841, 0.0252697, 0.000628702
1159, None, 0.0150426, -0.0451169, 0.000627139
1160, None, -0.0134033, -0.0215333, 0.000730389
1161, None, 0.010917, -0.00824748, 0.000595917
1162, None, -0.00308669, -0.0374817, 0.000582026
1163, None, 0.0177027, -0.0410875, 0.000611387
1164, None, -0.00948121, -0.0345183, 0.000653594
1165, None, 0.00787752, -0.00571704, 0.000703482
1166, None, -0.0223158, -0.0449415, 0.000672162
1167, None, 0.0104252, 0.0265242, 0.000541036
1168, None, 0.00382414, -0.0392109, 0.000560539
1169, None, -0.0182734, 0.0438056, 0.000538819
1170, None, -0.015235, 0.0481709, 0.000675346
1171, None, -0.0130466, 0.0413249, 0.000700216
1172, None, -0.0168716, 0.0348045, 0.000588482
1173, None, 0.0204134, -0.0206178, 0.000501891
1174, None, 0.0148493, 0.0158667, 0.000734243
1175, None, -0.013345, 0.0487684, 0.000660846
1176, None, 0.0176858, -0.0241181, 0.000517273
1177, None, -0.0181386, -0.0209363, 0.000709388
1178, None, -0.023439, -0.0156084, 0.000697083
1179, None, 0.0113854, -0.0459977, 0.000696132
1180, None, 0.0109979, -0.0162703, 0.000710117
1181, None, -0.0222806, 0.0131313, 0.000514576
1182, None, -0.0224134, -0.0400585, 0.000654352
1183, None, 0.0157124, -0.0253173, 0.000566639
1184, None, -0.0232902, -0.00829622, 0.000703177
1185, None, -0.0170936, 0.00218355, 0.000529321
1186, None, 0.00331285, 0.0389692, 0.000703127
1187, None, 0.0103, 0.0373645, 0.000691492
1188, None, -0.00561254, -0.0352239, 0.000664697
1189, None, -0.00919992, 0.0434417, 0.000591881
1190, None, -0.0136491, -0.0101346, 0.00050159
1191, None, 0.0165466, 0.0378046, 0.000609025
1192, None, -0.0200256, 0.0221541, 0.00050527
1193, None, -0.0188922, -0.0350342, 0.000613589
1194, None, 0.0170131, 0.019065, 0.000689797
1195, None, 0.0204726, 0.0281259, 0.000500867
1196, None, -0.00418696, 0.0196761, 0.000593821
1197, None, 0.0148783, 0.00305406, 0.000728469
1198, None, 0.0139338, 0.0374321, 0.000610697
1199, None, -0.0180424, 0.0481179, 0.000698866
1200, None, -0.0200416, -0.0123591, 0.000743606
1201, None, 0.00587894, 0.0155457, 0.000717229
1202, None, 0.000585527, -0.045353, 0.000642738
1203, None, 0.00151349, -0.0387763, 0.000596772
1204, None, -0.00218668, -0.047256, 0.00051425
1205, None, 0.0149873, -0.0147178, 0.000710282
1206, None, 0.00521767, -0.0424118, 0.000742643
1207, top_grip, 0.00587313, 0.0492857, 0.000720071
1208, None, 0.00254033, -0.0339308, 0.000603027
1209, None, -0.000526584, -0.0294361, 0.000716682
1210, None, 0.0135095, -0.0278361, 0.000510148
1211, None, 0.0140676, 0.0352473, 0.000523778
1212, None, -0.00103763, -0.0162735, 0.000597483
1213, None, -0.0244953, 0.0318301, 0.000511621
1214, None, 0.00115258, 0.024183, 0.000544949
1215, None, 0.0104663, 0.0241085, 0.000722422
1216, None, 0.00149501, -0.0118019, 0.0006045
1217, None, 0.0060213, 0.0477438, 0.00062158
1218, None, 0.0231491, -0.0470177, 0.00073342
1219, None, 0.0111452, 0.0342577, 0.000591726
1220, None, 0.00988657, 0.0472639, 0.000653975
1221, None, 0.00985829, 0.00960915, 0.00069746
1222, None, 0.012011, -0.0361901, 0.000674016
1223, None, -0.0214239, -0.0139538, 0.000547721
1224, None, -0.0180117, 0.0206881, 0.000640456
1225, None, -0.0122528, 0.0120398, 0.000612675
1226, None, -0.00841359, -0.0263832, 0.000739154
1227, None, -0.0232322, -0.029437, 0.000707336
1228, None, -0.0129162, -0.00101236, 0.000512918
1229, None, 0.00404566, -0.0308884, 0.000688281
1230, None, -0.00190929, -0.0335244, 0.000593932
1231, None, 0.00932183, -0.0200067, 0.000735998
1232, None, -0.0094982, -0.0272568, 0.000664852
1233, None, -0.0208249, 0.020132, 0.000701899
1234, None, 0.0169494, 0.0407215, 0.000601778
1235, None, -0.0102121, 0.0385152, 0.000724454
1236, None, -0.00660901, -0.000325557, 0.000634189
1237, None, 0.0167292, -0.00503139, 0.000719822
1238, None, -0.0225984, -0.0177648, 0.000661524
1239, None, -0.00102319, 0.000955679, 0.000585536
1240, None, 0.0138865, -0.0219528, 0.000680147
1241, None, 0.00778027, 0.00750625, 0.000719934
1242, None, 0.00216818, 0.0206655, 0.00063209
1243, None, -0.0233191, -0.0368805, 0.000658593
1244, bottom_grip, -0.0243175, -0.0493346, 0.000691356
1245, None, -0.0194718, 0.0331764, 0.000594105
1246, None, -0.0222286, -0.0124453, 0.000601435
1247, None, 0.00431868, 0.013341, 0.000685133
1248, None, -0.0165699, 0.0189591, 0.000686679
1249, None, 0.018661, -0.0246333, 0.000641512
1250, None, 0.00707121, 0.00638695, 0.000637254
1251, None, 0.00832472, -0.0169225, 0.000559408
1252, None, -0.00314907, 0.0164105, 0.000697875
1253, None, 0.0166171, -0.048374, 0.000670261
1254, None, -0.00499057, 0.01244, 0.000633774
1255, None, 0.00338711, 0.0333342, 0.000606834
1256, None, -0.0192674, -0.02326, 0.000534974
1257, None, -0.00899938, 0.0182357, 0.000514762
1258, None, -0.0223695, -0.0163379, 0.00063327
1259, None, -0.00448938, 0.00873376, 0.000568367
1260, None, 0.00073894, -0.0374447, 0.000737946
1261, None, -0.0103773, -0.00994851, 0.000639618
1262, None, -0.00623067, 0.0251233, 0.000598118
1263, None, 0.00720851, 0.0474878, 0.000595477
1264, None, -0.00167206, -0.0171438, 0.000533796
1265, None, -0.015518, 0.0105842, 0.000585583
1266, None, 0.0132171, 0.00994035, 0.000675612
1267, None, -0.0120211, 0.0165789, 0.00056684
1268, None, -0.0120058, 0.021152, 0.000661515
1269, None, 0.015913, -0.0231469, 0.00063422
1270, None, -0.00509878, 0.00120143, 0.000649339
1271, None, -0.00811633, 0.0306067, 0.000515189
1272, None, 0.0104344, 0.0405176, 0.000581759
1273, bottom_grip, -0.012047, -0.0492888, 0.000725179
1274, None, 0.0233023, 0.0359962, 0.000670504
1275, None, -0.00264044, 0.0229328, 0.000745885
1276, None, 0.0133764, -0.0420554, 0.000700192
1277, None, -0.00505475, 0.039913, 0.00064565
1278, None, -0.00987646, -0.0332837, 0.00066566
1279, None, -0.013675, 0.0259146, 0.000746345
1280, None, -0.000599027, -0.0129226, 0.000525437
1281, None, 0.0123649, 0.0292934, 0.000588968
1282, None, -0.0167153, 0.0358901, 0.000538363
1283, None, 0.00735973, 0.0349983, 0.000600672
1284, None, 0.0106187, 0.0294803, 0.000503022
1285, None, -0.0031844, -0.042217, 0.000617283
1286, None, -0.0107581, 0.0456807, 0.000739945
1287, None, 0.0162411, -0.0211368, 0.000510806
1288, None, 0.0115485, -0.0232464, 0.00056876
1289, None, -0.0202826, -0.011051, 0.000615966
1290, None, 0.00538922, 0.042833, 0.000518366
1291, None, 0.00579168, -0.0144134, 0.000669144
1292, None, -0.00562055, 0.042335, 0.000647214
1293, None, 0.0157889, -0.0275244, 0.000683643
1294, None, 0.0173123, -0.0317326, 0.000713993
1295, None, 0.021964, -0.0120949, 0.000502377
1296, top_grip, -0.0145427, 0.0493234, 0.000694813
1297, None, -0.0126432, 0.0426531, 0.000688718
1298, None, 0.00681246, 0.0404441, 0.000511614
1299, None, 0.0196768, 0.0204529, 0.000614302
1300, None, 0.0149214, 0.0361431, 0.000721448
1301, None, 0.0114527, 0.00625916, 0.000654367
1302, None, -0.0244725, 0.0440285, 0.000540603
1303, None, -0.0197561, -0.0293688, 0.000564573
1304, None, 0.0232754, -0.0352526, 0.000615005
1305, None, 0.0226178, -0.04126, 0.000558624
1306, None, 0.0167648, 0.0396215, 0.000509159
1307, None, 0.00970165, -0.0367237, 0.000590787
1308, None, -0.0233434, 0.0298081, 0.000746168
1309, None, -0.00446467, -0.00572393, 0.000544067
1310, None, -0.0137941, -0.0018512, 0.000746242
1311, None, 0.0170947, -0.0173985, 0.000556705
1312, None, 0.0146489, -0.0425394, 0.000698623
1313, None, -0.0211033, 0.0223828, 0.000635984
1314, None, 0.0186057, -0.0385956, 0.00056869
1315, None, -0.0122556, -0.012592, 0.00050348
1316, None, 0.0135416, 0.0445286, 0.000654051
1317, None, 0.022299, 0.0395492, 0.000690088
1318, None, 0.00978704, -0.00155024, 0.000559969
1319, None, -0.0220165, 0.0462141, 0.000596448
1320, None, 0.0243753, 0.0129032, 0.000642648
1321, None, 0.0108312, -0.0366245, 0.000626909
1322, None, -0.0150734, 0.0371177, 0.000551636
1323, None, 0.00645078, 0.0142523, 0.000726428
1324, None, -0.00562534, -0.0396722, 0.000539205
1325, None, 0.0221733, -0.00514798, 0.000500519
1326, None, 0.00577765, -0.0295018, 0.000647897
1327, None, -0.00128677, -0.0183031, 0.000522123
1328, None, 0.0221405, -0.0251558, 0.000585285
1329, None, -0.0211166, -0.0195459, 0.000663739
1330, None, 0.0118514, -0.0438589, 0.000561609
1331, None, -0.0076465, -0.0400015, 0.000521875
1332, None, 0.0187348, -0.0259123, 0.000649534
1333, None, -0.000641089, -0.0152779, 0.000516911
1334, None, 0.0197128, 0.0322642, 0.000656633
1335, None, -0.00029327, -0.00358335, 0.000561487
1336, None, -0.00983002, 0.0217522, 0.000528577
1337, None, -0.0162415, 0.0152527, 0.000658245
1338, None, 0.0233868, 0.0378584, 0.000507951
1339, None, -0.00192906, -0.0206458, 0.000726811
1340, None, 0.0195137, 0.0103641, 0.00070263
1341, None, 9.0462e-05, 0.0040464, 0.000705973
1342, None, 0.0207932, -0.0136731, 0.00070472
1343, None, 0.0155543, -0.035161, 0.000519836
1344, None, -0.00428256, 0.0421138, 0.000726637
1345, None, 0.0136274, -0.0107856, 0.000539918
1346, None, -0.00779062, -0.0432779, 0.000730283
1347, None, -0.00276562, 0.00207061, 0.000520753
1348, None, 0.0199407, 0.0249239, 0.000745742
1349, None, -0.0138468, -0.0153202, 0.0006151
1350, None, -0.0172888, 0.0408624, 0.00050117
1351, None, -0.0230284, -0.020973, 0.000674806
1352, None, 0.0127707, 0.0342453, 0.000508395
1353, None, -0.0197469, 0.0118046, 0.000625555
1354, None, -0.00512983, 0.0136416, 0.000591897
1355, None, -0.00694912, -0.0351719, 0.000685138
1356, None, -0.0168082, 0.0458065, 0.000605875
1357, None, 0.00928221, -0.00439496, 0.00059589
1358, None, 0.0146696, -0.0398095, 0.000679493
1359, None, 0.00278748, 0.00697689, 0.000602541
1360, None, 0.00406304, -0.0279071, 0.000590564
1361, None, -0.0154258, -0.036126, 0.000546911
1362, None, 0.0159137, -0.000497128, 0.000711308
1363, None, -0.00879012, 0.0295815, 0.000578012
1364, None, 0.0162583, -0.0368957, 0.000607544
1365, None, 0.000697026, -0.027388, 0.00068454
1366, None, 0.0141579, 0.0457623, 0.000668426
1367, None, -0.0218027, 0.00461371, 0.000511838
1368, None, -0.0181372, 0.0285542, 0.000726692
1369, None, 0.0166746, -0.0063294, 0.000600492
1370, None, 0.0215104, -0.0409215, 0.000615854
1371, None, 0.0024422, 0.00289943, 0.000713639
1372, None, 0.0126305, -0.00595073, 0.000523009
1373, None, -0.00638789, 0.00798593, 0.00066228
1374, None, -0.012566, 0.0154638, 0.000694196
1375, None, -0.00313205, -0.0444479, 0.000586031
1376, None, -0.0154698, 0.0118159, 0.000597332
1377, None, -0.0212619, -0.0159382, 0.0005913
1378, None, 0.0163791, -0.0200169, 0.000644952
1379, None, 0.00129099, -0.0340047, 0.000678105
1380, None, -0.00628027, -0.0250654, 0.000590921
1381, None, 0.00209905, 0.00933357, 0.000643156
1382, None, 0.00238806, 0.028815, 0.000564538
1383, None, 0.0116721, -0.0375931, 0.000717003
1384, None, 0.0167677, 0.0443342, 0.000707184
1385, None, 0.00426486, -0.00548105, 0.000570199
1386, None, 0.00806631, -0.033812, 0.000746756
1387, None, 0.0234321, 0.0426027, 0.000554573
1388, None, -0.00994525, -0.0194277, 0.000722819
1389, None, 0.0134176, -0.00819524, 0.000643256
1390, None, 0.0176231, -0.0195882, 0.000698834
1391, None, -0.00474575, 0.0231205, 0.000535861
1392, None, -0.0106373, 0.0370457, 0.000735606
1393, None, 0.0120658, -0.000176952, 0.000600642
1394, None, -0.00829526, 0.0443036, 0.000712238
1395, None, 0.0177803, -0.022001, 0.000725055
1396, None, 0.00189465, 0.0194484, 0.00066264
1397, None, 0.0056772, 0.0407665, 0.000673334
1398, None, 0.0243336, 0.030185, 0.000654885
1399, None, 0.00558539, 0.0132496, 0.000607053
1400, None, 0.00708968, -0.0452304, 0.000590804
1401, None, 0.00634404, 0.00959945, 0.000687772
1402, None, -0.0040065, -0.0369154, 0.000532113
1403, None, -0.015546, 0.00647523, 0.00069195
1404, None, -0.0150174, -0.0229658, 0.000578612
1405, None, -0.00774034, -0.0390112, 0.000506099
1406, None, -0.00899514, 0.0126834, 0.000691784
1407, None, 0.00817406, -0.00448137, 0.000593663
1408, None, 0.0231954, -0.0174396, 0.000529316
1409, None, 0.00848137, -0.00786691, 0.000605278
1410, None, -0.0136355, -0.00666009, 0.000568896
1411, None, -0.00577056, 0.0231765, 0.000507577
1412, None, -0.0207986, 0.0047928, 0.000526671
1413, None, 0.0139433, -0.015511, 0.00063365
1414, None, -0.00947071, 0.0338677, 0.00054222
1415, None, 0.023201, 0.0199097, 0.000723906
1416, None, 0.0217648, 0.0216292, 0.000574544
1417, None, -0.0212365, -0.0117652, 0.000606189
1418, None, -0.00405716, -0.0380066, 0.000566174
1419, None, 0.0209726, 0.0187291, 0.000749674
1420, None, 0.0120054, 0.021957, 0.000628856
1421, None, 0.00124204, 0.0269832, 0.000720909
1422, None, -0.0151911, -0.0112214, 0.000725157
1423, None, -0.00535058, 0.0220355, 0.000743394
1424, None, -0.0214117, -0.0406802, 0.000603815
1425, None, -0.0211787, 0.0257898, 0.000690954
1426, None, 0.0115308, 0.0453796, 0.000569935
1427, None, 0.00209695, 0.0127811, 0.000734545
1428, bottom_grip, -0.0228961, -0.0492605, 0.000749089
1429, None, 0.00880014, -0.0258591, 0.000662495
1430, None, -0.00856719, 0.0205626, 0.000667215
1431, None, -0.0189251, -0.0256209, 0.000744386
1432, None, -0.0130729, -0.0399858, 0.000504403
1433, None, 0.0113492, -0.00317406, 0.000559931
1434, None, 0.000824801, 0.00620637, 0.000548255
1435, top_grip, 0.01713, 0.0493483, 0.000702619
1436, None, 0.0112591, 0.0114072, 0.000636304
1437, None, 0.0162039, 0.0353934, 0.000609482
1438, None, 0.0169911, 0.041909, 0.000615906
1439, bottom_grip, 0.0231425, -0.0494528, 0.000550975
1440, None, 0.00941687, -0.0402963, 0.000634338
1441, None, -0.0117675, 0.00334353, 0.000609359
1442, None, -0.00472229, -0.0458676, 0.000561845
1443, None, -0.017337, -0.0385172, 0.00073911
1444, None, -0.0150158, -0.0279676, 0.000688838
1445, None, -0.00996476, 0.0482145, 0.000527916
1446, None, -0.000700688, -0.0141273, 0.000680027
1447, None, -0.000286488, 0.00658358, 0.000577646
1448, None, 0.0120151, 0.0349857, 0.000572678
1449, None, 0.00391137, 0.00722249, 0.000576349
1450, None, -0.00638838, -0.0443201, 0.000506971
1451, None, -0.000168964, 0.0374243, 0.00055764
1452, None, -0.0215223, -0.00902671, 0.000653809
1453, None, 0.0111125, 0.0042501, 0.00061302
1454, None, 0.0116686, -0.0285218, 0.000661452
1455, None, 0.024376, -0.0265129, 0.000647663
1456, None, 0.01451, -0.0472503, 0.000588169
1457, None, -0.0223997, -0.0470439, 0.000676294
1458, None, 0.0222054, -0.0205964, 0.000532367
1459, None, 0.00319359, 0.00807038, 0.000564301
1460, None, 0.0206682, 0.0305358, 0.000656222
1461, None, -0.0165201, -0.0331362, 0.000595567
1462, None, -0.0120857, -0.0294744, 0.000541104
1463, None, 0.0104789, 0.0484564, 0.000743253
1464, None, -0.0220083, -0.00645121, 0.000579976
1465, None, 0.00340936, 0.0205286, 0.000689511
1466, bottom_grip, 0.010514, -0.0492969, 0.000719561
1467, None, 0.0223054, 0.00800021, 0.000570562
1468, None, -0.0219305, 0.0326595, 0.000734012
1469, None, -0.0158589, -0.0404471, 0.000654062
1470, None, -0.0102926, -0.0355069, 0.000637097
1471, None, 0.00280041, -0.0417281, 0.000632092
1472, None, 0.00958501, 0.0193841, 0.000737082
1473, None, -0.00465725, -0.000846029, 0.000592334
1474, None, -0.00657141, -0.0388474, 0.000737805
1475, None, -0.00590012, -0.0135943, 0.000580883
1476, None, -0.0244499, -0.0149023, 0.000573323
1477, None, -0.0197949, 0.019181, 0.000717808
1478, None, -0.000278911, 0.0301953, 0.000613371
1479, None, -0.0102927, -0.0229629, 0.00066763
1480, None, -0.0199787, -0.0262191, 0.000525086
1481, None, -0.00892406, -0.00334707, 0.000684754
1482, None, -0.0151165, 0.0152766, 0.000503135
1483, None, 0.0102393, 0.0205395, 0.000610607
1484, None, -0.0179604, 0.0262661, 0.000611947
1485, None, -0.00156625, -0.0482457, 0.000742147
1486, None, 0.0202821, -0.0403988, 0.0007464
1487, None, 0.00736331, -0.0241602, 0.000689827
1488, None, -0.00708099, 0.00163376, 0.000578392
1489, None, -0.0131874, -0.0203939, 0.0005061
1490, None, 0.00963391, 0.000467296, 0.000576557
1491, None, -0.00982941, -0.0219336, 0.000503279
1492, None, -0.00184603, -0.0288859, 0.000738181
1493, None, -0.021153, -0.0472625, 0.000642413
1494, None, -0.0058227, 0.0310118, 0.000663356
1495, None, 0.0210385, -0.0339717, 0.00067007
1496, top_grip, -0.0159193, 0.0493182, 0.000700307
1497, None, -0.00747402, -0.0120549, 0.000503342
1498, None, -0.012282, -0.0196673, 0.000683938
1499, None, -0.00393457, 0.0223173, 0.000519048
1500, None, 0.0222575, -0.0275766, 0.000560817
1501, None, -0.018535, -0.0324142, 0.000671265
1502, None, -0.0244605, -0.00396199, 0.000568503
1503, None, 0.00860266, -0.0450272, 0.000703332
1504, None, -0.015034, -0.0438565, 0.000655243
1505, None, 0.00542905, 0.0243809, 0.000700836
1506, None, 0.0186874, -0.0403083, 0.000675449
1507, None, -0.0156124, 0.041784, 0.000557396
1508, None, 0.0145382, 0.027047, 0.000720435
1509, None, -0.00612455, 0.00688528, 0.000549416
1510, None, -0.0209044, -0.032918, 0.000588523
1511, None, 0.0162664, 0.0137524, 0.0006887
1512, None, 0.0131116, 0.00762704, 0.000541773
1513, None, -0.0162289, -0.0167253, 0.000674513
1514, None, 0.0136487, 0.0262102, 0.000514565
1515, None, -0.00187767, 0.0108601, 0.000610961
1516, None, -0.0226205, -0.0243821, 0.000714311
1517, None, -0.0157987, 0.0296317, 0.000662636
1518, None, -0.0065231, 0.0178244, 0.000590811
1519, bottom_grip, -0.00231243, -0.0493751, 0.0006327
1520, None, -0.0208763, 0.0243981, 0.000692685
1521, None, 0.0120782, -0.0348236, 0.000697463
1522, None, 0.0198608, 0.0155629, 0.000534419
1523, None, -0.0108149, 0.00602403, 0.000598753
1524, None, -0.00395472, -0.0433237, 0.00074746
1525, None, -0.00671257, 0.0225041, 0.000698747
1526, None, 0.00968884, 0.0396765, 0.000573256
1527, None, 0.0055052, 0.000713694, 0.000718341
1528, None, -0.0159588, -0.0222162, 0.000662202
1529, None, 0.0130517, 0.0352075, 0.00050816
1530, None, 0.0177046, -0.0265857, 0.000624773
1531, None, 0.0136811, 0.023393, 0.00050036
1532, None, -0.0221467, -0.0349607, 0.000668194
1533, None, -0.0165806, 0.0482994, 0.000518421
1534, None, 0.0174376, 0.0139112, 0.000518979
1535, None, 0.0184739, 0.012577, 0.000677046
1536, None, 0.0235212, -0.0340314, 0.000639931
1537, None, -0.00594286, -0.00210302, 0.000595689
1538, None, 0.0223809, -0.0193869, 0.000731278
1539, None, 0.0130472, 0.0111692, 0.00060039
1540, None, 0.0201425, 0.0455063, 0.00072314
1541, None, 0.00469448, 0.0300586, 0.000641624
1542, None, 0.0128677, -0.0286763, 0.000582461
1543, bottom_grip, -0.00629261, -0.0493541, 0.000686048
1544, None, 0.0150326, -0.0159796, 0.000571533
1545, None, -0.009306, 0.0228472, 0.000705244
1546, None, -0.00378261, 0.00713762, 0.000629666
1547, None, 0.0231439, 0.00273727, 0.000547839
1548, None, 0.0213735, 0.0448505, 0.000694354
1549, bottom_grip, -0.00110078, -0.0494384, 0.000600283
1550, None, 0.00111199, 0.0228811, 0.000624835
1551, None, -0.0122422, -0.020926, 0.000595614
1552, None, -0.0146734, -0.0187401, 0.000625977
1553, None, -0.00496902, 0.038724, 0.000583358
1554, None, 0.00596884, -0.0202216, 0.000504965
1555, None, -0.0194172, -0.0314401, 0.000679892
1556, None, -0.0179841, -0.0246523, 0.000651342
1557, None, -0.0243988, 0.00238762, 0.000616137
1558, None, 0.0209377, -8.12575e-05, 0.000728952
1559, None, -0.0118469, 0.0268352, 0.000665565
1560, None, -0.0128398, 0.0459149, 0.000510091
1561, None, 0.0132179, 0.0190257, 0.000640554
1562, None, -0.00634354, -0.0277468, 0.000701158
1563, None, -0.0042845, -0.0421502, 0.00051093
1564, None, -0.00491737, 0.031821, 0.000562804
1565, None, -0.00647553, 0.00298301, 0.000701834
1566, None, -0.00312423, 0.0202986, 0.000680538
1567, top_grip, 0.00448, 0.0493255, 0.000697355
1568, None, -0.0157884, -0.00693213, 0.000685703
1569, None, 0.0176615, 0.00833605, 0.000638536
1570, bottom_grip, 0.0205024, -0.0492818, 0.000735466
1571, None, 0.00231285, 0.0276631, 0.000590374
1572, None, -0.00662799, -0.0453699, 0.0006094
1573, None, -0.0177504, 0.0312438, 0.000696911
1574, None, -0.0211232, -0.038099, 0.00074792
1575, None, 0.0109216, -0.0259224, 0.000649613
1576, top_grip, -0.00222553, 0.0495191, 0.000503137
1577, None, -0.0207855, -0.0296388, 0.000528894
1578, None, -0.00294933, 0.0415765, 0.000711803
1579, None, 0.0171165, -0.00270824, 0.000724483
1580, None, 0.00451009, 0.00615243, 0.000674921
1581, None, -0.00675255, 0.00583004, 0.000727767
1582, None, 0.00662273, 0.0245592, 0.00054841
1583, None, -0.0222645, -0.0113331, 0.000546926
1584, None, -0.0212034, 0.00242053, 0.000585554
1585, None, -0.0128441, -0.0426552, 0.000665159
1586, None, 0.0121357, -0.00805025, 0.000659082
1587, None, 0.00440184, -0.0368694, 0.00060183
1588, None, -0.0152736, -0.0328934, 0.000717747
1589, None, -0.0046487, 0.0480586, 0.000552017
1590, None, -0.0117039, -0.0115583, 0.000723776
1591, None, -0.0113818, -0.0351997, 0.00051743
1592, None, 0.0177408, 0.0116818, 0.000506706
1593, top_grip, 0.00915875, 0.0494447, 0.000559487
1594, None, -0.0120073, 0.0107817, 0.000702752
1595, None, -0.0132208, -0.00306574, 0.000550526
1596, None, -0.00702678, -0.0482903, 0.000668554
1597, None, -0.0212484, 0.0135017, 0.000586626
1598, None, -0.0130706, -0.0117429, 0.000683893
1599, None, 0.0174278, 0.0179526, 0.000514053
1600, None, -0.0110922, -0.0311673, 0.000530385
1601, None, 0.0198976, 0.00796744, 0.000686161
1602, None, -0.0244596, -0.0299539, 0.00055574
1603, None, 0.0186967, 0.0231884, 0.000526588
1604, None, -0.00285818, 0.0427889, 0.000544681
1605, None, 0.0223603, 0.0185464, 0.000671488
1606, None, -0.00355859, 0.0463163, 0.000584414
1607, top_grip, -0.0227351, 0.0494568, 0.00057582
1608, None, -0.0204541, 0.0343018, 0.000521158
1609, None, 0.0200227, -0.0169849, 0.000622813
1610, None, -0.00878994, -0.0134361, 0.000510751
1611, None, -0.0235771, 0.0322337, 0.000506114
1612, None, -0.01697, -0.0482191, 0.000698769
1613, None, -0.013598, -0.0193555, 0.000678287
1614, None, 0.0114516, 0.0402963, 0.000500212
1615, None, -0.0159728, -0.0140443, 0.000525523
1616, None, 0.0114998, -0.0103803, 0.000727735
1617, None, -0.0243996, -0.0188619, 0.000625376
1618, None, 0.00887379, -0.0188271, 0.000534983
1619, None, -0.0087679, -0.0215884, 0.000639789
1620, None, -0.0186133, 0.0379994, 0.000652465
1621, None, 0.0167334, -0.0433025, 0.000545225
1622, None, -0.00350289, -0.0350828, 0.000642992
1623, None, 0.015899, -0.0095521, 0.000738239
1624, None, -0.0195236, -0.0198255, 0.000684182
1625, None, 0.00264806, 0.0472373, 0.000510041
1626, None, 0.0189068, 0.0242067, 0.000541999
1627, None, 0.018063, 0.0412489, 0.000643788
1628, None, 0.0136089, 0.0294352, 0.000685248
1629, None, -0.00738444, -0.0271117, 0.000544277
1630, None, -0.0167466, 0.0418238, 0.00062039
1631, None, -0.0178791, 0.0273633, 0.000518507
1632, None, -0.0231757, -0.045937, 0.000690994
1633, bottom_grip, -0.00490316, -0.0492867, 0.000728993
1634, None, -0.0236052, -0.03066, 0.000591367
1635, None, -0.0119949, -0.0341826, 0.000676719
1636, None, -0.0244954, -0.0225573, 0.000524592
1637, None, 0.0243793, 0.0443882, 0.000647024
1638, None, -0.0218693, 3.157e-05, 0.000590288
1639, None, -0.023969, -0.020045, 0.00066972
1640, None, 0.0152392, 0.00630181, 0.000549754
1641, None, 0.00274498, -0.0483267, 0.000643569
1642, None, -0.00841827, 0.0344153, 0.000673897
1643, None, -0.0232758, 0.0137355, 0.000675387
1644, None, -0.0153352, -0.00249714, 0.000525908
1645, None, 0.0100452, -0.0477199, 0.000668883
1646, None, -0.00229999, 0.0298472, 0.000615538
1647, None, -0.0197778, 0.0319703, 0.000547105
1648, None, -0.00616594, 0.0167863, 0.000556163
1649, None, 0.0117008, -0.00217643, 0.000550001
1650, None, 0.014792, 0.0291156, 0.000577442
1651, None, -0.00792131, 0.0286137, 0.000548905
1652, None, 0.00372776, 0.0146152, 0.000731498
1653, None, 0.0220428, 0.0349838, 0.000612408
1654, None, -0.0124709, -0.0254397, 0.000574554
1655, None, 0.0131671, 0.0272751, 0.000717411
1656, None, 0.0244081, -0.0398956, 0.000607955
1657, None, 0.00135572, -0.0362794, 0.000600173
1658, None, 0.00100217, -0.0312385, 0.000651276
1659, None, 0.0177518, -0.00158286, 0.000579427
1660, None, 0.0125837, -0.0481978, 0.000646519
1661, None, 0.00832896, 0.00229299, 0.000586684
1662, None, 0.00628265, -0.0232363, 0.000744011
1663, None, 0.0161601, -0.0153344, 0.000621908
1664, None, 0.0214834, -0.0112415, 0.000510323
1665, None, 0.0140654, 0.016761, 0.000530284
1666, None, 0.0222861, -0.0180726, 0.00063904
1667, None, 0.0181854, -0.0469723, 0.00074901
1668, None, 0.00885579, 0.0115846, 0.00059556
1669, None, -0.00727973, 0.00706889, 0.000639353
1670, None, 0.0201743, -0.00662234, 0.000626425
1671, None, -0.0189591, 0.0173521, 0.000582082
1672, None, 0.0157454, -0.0429984, 0.00051055
1673, None, -0.00805833, 0.00609927, 0.000606711
1674, None, 0.0223719, 0.0152945, 0.000640176
1675, None, -0.00391698, -0.0285522, 0.000532404
1676, top_grip, -0.0109517, 0.0495047, 0.000512487
1677, None, -0.0149587, 0.0254793, 0.00063028
1678, None, -0.0183833, -0.039267, 0.00060194
1679, None, 0.0210548, -0.00564865, 0.000726637
1680, None, -0.0217832, -0.0206289, 0.000633413
1681, None, -0.0221948, 0.00807649, 0.000644136
1682, None, 0.0106291, 0.0317025, 0.000743169
1683, None, -0.0087315, -0.00590276, 0.000723601
1684, None, 0.0197696, 0.0349477, 0.000694129
1685, None, 0.0196777, 0.019207, 0.00064904
1686, None, -0.00899298, -0.000892348, 0.000550599
1687, None, 0.0222075, -0.0227163, 0.000551676
1688, None, -0.0114633, 0.0290403, 0.000724336
1689, None, 0.0130521, -0.0315294, 0.000502944
1690, None, 0.0223942, -0.0439252, 0.000512534
1691, None, 0.0214698, 0.0279296, 0.000555144
1692, None, -0.00593563, -0.0408015, 0.000595136
1693, None, -0.0212963, 0.0447612, 0.000590602
1694, None, 0.012252, -0.0449981, 0.000578523
1695, None, 0.00162667, -0.0141426, 0.00073807
1696, None, -0.00138388, 0.0305861, 0.000583033
1697, None, 0.00536276, 0.00503893, 0.000749377
1698, None, -0.0189804, -0.00555477, 0.000716802
1699, None, -0.0183391, -0.00799782, 0.000676332
1700, None, 0.0193947, -0.0322487, 0.000599296
1701, None, 0.00239269, 0.0436457, 0.000633065
1702, None, 0.010794, 0.0443526, 0.000706091
1703, None, -0.0130328, -0.0409931, 0.000508479
1704, None, 0.0010706, 0.0202898, 0.000558474
1705, None, 0.0221138, 0.036123, 0.000569384
1706, None, 0.0111285, 0.025542, 0.000666549
1707, None, -0.0191166, -0.00335854, 0.000557429
1708, None, -0.00391307, -0.0410418, 0.00070119
1709, None, -0.011889, -0.0474108, 0.00059461
1710, None, -0.00978251, -0.0295487, 0.000674805
1711, None, 0.0194801, -0.0393444, 0.000617936
1712, None, 0.00780476, 0.00429947, 0.000530978
1713, None, 0.0243054, -0.0153125, 0.000710963
1714, None, -0.0197387, 0.0151329, 0.000745314
1715, None, 0.000799026, 0.0089191, 0.000747501
1716, None, 0.0207673, -0.039013, 0.000739274
1717, None, 0.0219585, -0.0474244, 0.000541463
1718, None, 0.0082928, -0.013742, 0.000517696
1719, None, -0.0022363, -0.00195267, 0.000501239
1720, None, -0.00218669, 0.0262528, 0.000720571
1721, None, 0.0217769, 0.00552369, 0.000729967
1722, None, -0.0233725, 0.00580225, 0.000696669
1723, None, 0.0130945, -0.0358829, 0.000505175
1724, None, 0.00407616, -0.0482642, 0.000699184
1725, None, 0.00613011, -0.00409481, 0.00053406
1726, None, 0.0145798, -0.00893084, 0.000739189
1727, None, -0.0204367, -0.0401483, 0.000527856
1728, None, 0.0236255, -0.0197843, 0.000626838
1729, None, 0.0208734, 0.0380222, 0.000671992
1730, None, -0.0232731, 0.0399884, 0.000671927
1731, None, -0.0202908, 0.00174037, 0.000598557
1732, None, 0.0231423, 0.0144417, 0.00051933
1733, None, -0.0117726, 0.000199866, 0.000525621
1734, None, -0.0166051, 0.0112062, 0.000677695
1735, None, 0.0188264, -0.00199617, 0.000588968
1736, None, 0.0182766, -0.0324969, 0.000581349
1737, None, 0.0198735, -0.034132, 0.000574413
1738, None, 0.0124504, -0.0140099, 0.000609455
1739, None, 0.0243955, 0.00595608, 0.000614775
1740, None, -0.0107973, 0.0163038, 0.000727764
1741, None, 0.0211609, -0.0430499, 0.000741335
1742, None, -0.00161428, -0.0148767, 0.000532378
1743, None, -0.00197744, 0.0208483, 0.000618942
1744, None, 0.00868725, -0.0473986, 0.000745017
1745, None, 0.0184397, 0.0294041, 0.0007359
1746, None, -0.0233331, -0.0223049, 0.000703369
1747, None, -0.0111035, 0.0483823, 0.000639074
1748, None, 0.00749259, -0.0433647, 0.000536975
1749, None, 0.0244862, -0.0346366, 0.000523885
1750, None, -0.0195591, -0.00233081, 0.000568419
1751, None, 0.000408001, -0.00884663, 0.00060392
1752, None, 0.0190749, 0.0162638, 0.000546942
1753, None, 0.00468369, 0.0223054, 0.000664667
1754, None, 0.0243892, 0.0383153, 0.000630077
1755, None, -0.0125684, -0.0170545, 0.000591838
1756, None, 0.0185742, 0.021084, 0.000693895
1757, None, 0.0130654, 0.0384815, 0.000530491
1758, None, -0.00562489, 0.0104247, 0.000531949
1759, None, -0.00400568, 0.0282286, 0.000614209
1760, None, -0.0179702, 0.0417181, 0.000662317
1761, None, 0.0134848, -0.0347726, 0.000715553
1762, None, -0.0119166, 0.0406841, 0.000634205
1763, None, 0.00283786, 0.0104963, 0.000619128
1764, None, -0.00240877, -0.000921264, 0.000558125
1765, None, 0.00331579, 0.0240795, 0.000585823
1766, None, 0.00977816, 0.0451134, 0.000584261
1767, None, -0.00719163, 0.0257415, 0.000553067
1768, None, -0.0244252, -0.0350041, 0.000576241
1769, None, -0.00675885, 0.0190386, 0.000702215
1770, None, 0.0121797, -0.00687842, 0.00053744
1771, None, -0.0133055, 0.0210045, 0.000663067
1772, None, 0.000428781, -0.0148217, 0.000658932
1773, None, -0.0061376, -0.0238482, 0.00056787
1774, None, 0.00224805, 0.0163283, 0.000598752
1775, None, -0.0200903, -0.0176525, 0.000715296
1776, None, 0.0223918, -0.0428922, 0.000527689
1777, None, -0.00298422, 0.0216135, 0.000663605
1778, None, 0.00423392, -0.00272236, 0.000551742
1779, None, 0.00155289, -0.04482, 0.000510657
1780, None, -0.0107644, -0.0139718, 0.000630059
1781, None, 0.0159228, 0.0425008, 0.00062412
1782, None, -0.0156339, 0.0210401, 0.000707116
1783, None, -0.00842965, 0.0105443, 0.000586153
1784, None, 0.00767707, -0.0216676, 0.000602331
1785, None, 0.00933599, -0.0134308, 0.000577688
1786, None, -0.000477497, -0.0475139, 0.000603848
1787, None, 0.00324614, 0.0269214, 0.000609007
1788, None, 0.0184036, 0.0279773, 0.000736167
1789, None, 0.0167899, 0.022563, 0.000602646
1790, None, -0.0152211, -0.0255987, 0.000504967
1791, None, 0.0139562, 0.0340512, 0.000720393
1792, None, -0.00823526, -0.00860196, 0.000621988
1793, None, 0.0126674, -0.0460629, 0.000606626
1794, None, -0.0245087, 0.0450741, 0.000516539
1795, None, -0.0114251, -0.0103695, 0.000541297
1796, None, 0.0127182, -0.0102549, 0.000536408
1797, None, -0.00839707, -0.0457024, 0.000518851
1798, None, 0.00718547, 0.0414354, 0.000594586
1799, None, -0.00181431, -0.0080221, 0.000742022
1800, None, -0.00923545, -0.0109119, 0.000680755
1801, None, 0.00873255, 0.0183917, 0.000592911
1802, None, 0.00336156, 0.0158632, 0.000642148
1803, None, 0.0166622, 0.0459014, 0.000738203
1804, None, 0.00909479, 0.0377978, 0.000600121
1805, None, 0.00755168, -0.0379882, 0.000714494
1806, None, -0.0143732, 0.0192104, 0.000539243
1807, None, 0.0220903, 0.0289304, 0.000632654
1808, None, 0.0169558, -0.0390043, 0.000536141
1809, None, -0.0123421, 0.0323003, 0.000585392
1810, None, -0.0178375, -0.00612621, 0.000589427
1811, None, 0.0172751, 0.0297252, 0.000522819
1812, None, 0.0151278, 0.0335855, 0.000559263
1813, None, 0.00181355, 0.0457892, 0.000510466
1814, None, -0.0124137, -0.00210869, 0.000707558
1815, None, 0.00997618, 0.0360142, 0.000725562
1816, None, -0.0121571, -0.0416437, 0.000620232
1817, None, -0.02216, -0.00397871, 0.000686172
1818, None, 0.0176607, 0.023243, 0.000528938
1819, None, -0.0158571, 0.044537, 0.000609088
1820, None, -0.0198477, 0.0130202, 0.000614411
1821, None, -0.0123052, -0.0137204, 0.000651974
1822, None, 0.00387414, -0.017747, 0.000546535
1823, None, 0.00247639, 0.0356679, 0.000550285
1824, None, -0.00466605, -0.00208047, 0.000718163
1825, None, 0.0124027, -0.0013064, 0.000603194
1826, None, -0.0101591, 0.0256067, 0.000507823
1827, None, -0.00812256, -0.0112592, 0.00052713
1828, top_grip, 0.0220929, 0.0494647, 0.000567835
1829, None, -0.0116389, 0.0350641, 0.000609928
1830, None, 0.00840993, 0.0330547, 0.000531244
1831, None, 0.00762865, 0.0311188, 0.000688354
1832, None, -0.00406802, 0.0244515, 0.000682263
1833, None, 0.0210851, -0.032806, 0.000548108
1834, None, -0.0208651, -0.0215169, 0.00065575
1835, None, -0.0184398, 1.15784e-05, 0.000704282
1836, None, -0.0223856, 0.0306722, 0.000580713
1837, None, -0.00202526, 0.0055482, 0.000501277
1838, None, -0.00546026, 0.0158042, 0.000713882
1839, None, -0.00619358, 0.0129826, 0.000689357
1840, None, -0.0222024, -0.0259657, 0.000604834
1841, None, 0.00927443, -0.0147001, 0.000742039
1842, None, -0.0224247, -0.0309571, 0.000666259
1843, None, 0.00732956, 0.042671, 0.000709908
1844, None, -0.0178581, -0.0300473, 0.000558589
1845, None, -0.015752, -0.031057, 0.000501872
1846, None, -0.0219763, 0.0162137, 0.000747326
1847, None, -0.0138979, -0.000552283, 0.000584821
1848, None, 0.0019991, -0.0168253, 0.000595933
1849, None, -0.00115785, -0.0229468, 0.000740834
1850, None, 0.00420719, -0.00383449, 0.000570302
1851, None, -0.0233603, 0.011396, 0.000696678
1852, None, 0.0227261, 0.0370458, 0.000560072
1853, None, -0.0137562, 0.0403415, 0.000513252
1854, None, 0.0109721, 0.0275572, 0.000622164
1855, None, -0.0207639, 0.0158409, 0.000556343
1856, None, 0.0010458, -0.00776575, 0.000684778
1857, None, 0.0103089, 0.00675249, 0.00060845
1858, None, -0.0161999, -0.000519828, 0.000593455
1859, None, -0.0123261, -0.00817814, 0.000500208
1860, None, 0.0120772, 0.0105025, 0.000610691
1861, None, 0.0173105, -0.0160122, 0.00071703
1862, None, 0.00903614, 0.0171012, 0.000748982
1863, None, -0.0134304, 0.0279853, 0.000637876
1864, None, -0.00401906, -0.00769694, 0.000603296
1865, None, 0.0045462, 0.00388075, 0.000702051
1866, None, 0.000352247, 0.0101143, 0.000556306
1867, None, -0.0205545, -0.0318652, 0.000564385
1868, None, 0.00940101, -0.0416461, 0.000737322
1869, top_grip, 0.0101859, 0.0495453, 0.000501946
1870, None, -0.015365, 0.00299705, 0.000527823
1871, None, -0.0190734, 0.0310049, 0.000665383
1872, None, 0.00555372, -0.0363495, 0.000662107
1873, None, -0.00743311, -0.0339822, 0.000539178
1874, None, 0.0101685, -0.0464752, 0.000613683
1875, None, -0.0113191, 0.0176136, 0.000691921
1876, None, 0.00239634, 0.0182282, 0.000696118
1877, None, -0.00875885, -0.0395528, 0.000687444
1878, None, 0.0208189, 0.0292213, 0.000676392
1879, None, 0.0071567, 0.0116899, 0.000636602
1880, None, -0.0180845, 0.00454232, 0.000573619
1881, None, 0.00980084, -0.0159024, 0.000573655
1882, None, 0.00979511, -0.039046, 0.000679084
1883, None, 0.0157229, -0.033339, 0.000706071
1884, None, -0.0172917, 0.0147295, 0.000546687
1885, None, -0.00377342, -0.0301161, 0.000740096
1886, None, -0.0242808, -0.0479516, 0.000745294
1887, None, 0.0124447, -0.0113852, 0.000653964
1888, None, -0.0128945, 8.67128e-05, 0.000612134
1889, None, -0.0233217, 0.00996182, 0.000621936
1890, None, 0.0042182, -0.0065549, 0.000541905
1891, None, 0.0197902, -0.00256044, 0.000564664
1892, None, -0.0195287, 0.0288371, 0.000741566
1893, None, -0.0133721, 0.0117258, 0.000594872
1894, None, -0.00602792, 0.00187529, 0.000527783
1895, None, 0.0127746, -0.00240504, 0.000596297
1896, None, -0.0232861, 0.0360034, 0.000686834
1897, None, -0.0169348, 0.0280013, 0.000636742
1898, None, -0.004193, -0.0147151, 0.000661964
1899, None, 0.00747249, -0.0117768, 0.000689836
1900, None, -0.00330296, -0.00407133, 0.000567481
1901, None, -0.0114896, 0.0381054, 0.000661584
1902, None, -0.0140178, 0.0369779, 0.000522364
1903, None, -0.00969828, -0.0119769, 0.000519691
1904, None, -0.0189459, -0.0302784, 0.000578602
1905, top_grip, 0.00320687, 0.0494277, 0.000581695
1906, None, -0.000674199, -0.0457498, 0.000522302
1907, None, -0.0126535, -0.00562547, 0.000730445
1908, None, 0.0218484, 0.0228159, 0.000642847
1909, None, -0.00206899, -0.00927967, 0.000541906
1910, None, 0.00214056, 0.0223768, 0.000522136
1911, None, 0.0176352, 0.0375665, 0.000510232
1912, None, 0.0234112, 0.0309305, 0.000534664
1913, None, -0.00100339, 0.0214234, 0.000555376
1914, None, -0.0244383, -0.0163659, 0.000585528
1915, None, -0.00773705, 0.00261209, 0.000660753
1916, None, -0.00505709, 0.043415, 0.000583826
1917, bottom_grip, 0.0131474, -0.0494688, 0.000532806
1918, None, -0.0210226, -0.04461, 0.000713816
1919, None, 0.0080977, 0.0288814, 0.000731451
1920, None, -0.000910227, -0.0215743, 0.000683676
1921, None, -0.0122446, 0.0279947, 0.000583954
1922, None, -0.0201178, 0.0448736, 0.000532608
1923, None, 0.020148, 0.0398653, 0.000673938
1924, None, -0.019111, 0.027449, 0.000727425
1925, None, -0.0212099, -0.0128936, 0.000547106
1926, None, -0.0100737, -0.00135775, 0.00064975
1927, None, -0.00524484, 0.01976, 0.000534203
1928, None, 0.0218305, -0.0420017, 0.000556095
1929, None, -0.00759598, -0.0132486, 0.00072745
1930, None, 0.00615166, -0.0119272, 0.000658528
1931, None, -0.0129782, 0.0246801, 0.000696699
1932, None, 0.00332595, 0.00193471, 0.000649122
1933, None, -0.0138174, -0.0166578, 0.000744419
1934, None, 0.0223075, -0.00186789, 0.000601345
1935, None, 0.00125007, 0.0283397, 0.00068399
1936, None, 0.0209193, -0.0102557, 0.000663502
1937, None, -0.000857507, -0.0249281, 0.000696908
1938, None, 0.000486749, -0.0110498, 0.00067772
1939, None, 0.0221209, 0.0141572, 0.00055944
1940, None, 0.00792531, 0.0214117, 0.000697875
1941, None, 0.0211728, 0.00785113, 0.00060866
1942, None, -0.0200595, 0.00405955, 0.000526615
1943, None, 0.0196873, 0.0311202, 0.0005179
1944, None, -0.0195249, -0.0212138, 0.000731366
1945, None, -0.0136165, -0.0390379, 0.000616684
1946, None, 0.0244459, 0.0251043, 0.00055645
1947, None, -0.0217725, 0.0417525, 0.000609772
1948, None, 0.0189419, -0.0164482, 0.000511859
1949, None, -0.01325, 0.0187171, 0.000687745
1950, None, -0.0122516, 0.0310951, 0.000643456
1951, None, 0.00337693, -0.00741055, 0.000743511
1952, None, 0.00287021, 0.0309247, 0.000510501
1953, None, -0.000959085, 0.0256697, 0.000654206
1954, None, -0.00248738, 0.00759194, 0.000744683
1955, None, -0.016194, -0.00926742, 0.000524041
1956, None, 0.0232736, -0.0013267, 0.000525573
1957, None, -0.0187262, -0.006825, 0.000587376
1958, None, 0.0226238, 0.0419136, 0.000550677
1959, None, 0.00234487, 0.0329595, 0.000544131
1960, None, -8.19417e-05, -0.0412695, 0.000533426
1961, None, -0.0055561, 0.0187421, 0.000570707
1962, None, -0.0212299, 0.0351598, 0.000593007
1963, None, 0.0157105, -0.0474629, 0.00064903
1964, None, -0.00945374, 0.00107318, 0.000505364
1965, None, 0.0162987, 0.0279542, 0.000541476
1966, None, -0.0102392, 0.012711, 0.000581854
1967, None, -0.0210574, -0.0356163, 0.000620456
1968, None, -0.0112022, 0.0442723, 0.00067233
1969, None, -0.00976832, -0.0366479, 0.000648267
1970, None, 0.0229562, 0.00888522, 0.000563637
1971, None, 0.0015889, 0.0471986, 0.000567804
1972, None, 0.00792568, 0.0265269, 0.000609742
1973, None, -0.0056895, -0.0481467, 0.000696217
1974, None, 0.00702087, -0.0095026, 0.000535038
1975, None, 0.0232793, 0.0448383, 0.000590269
1976, None, 0.0174714, 0.0257266, 0.000695916
1977, None, 0.00581665, 0.0119276, 0.000744866
1978, None, -0.00424202, 0.0211017, 0.000735722
1979, None, -0.0243558, -0.0176079, 0.000662114
1980, None, 0.00532275, -0.0483584, 0.000562052
1981, None, -0.00807974, -0.0176565, 0.000585002
1982, None, 0.0177098, 0.030837, 0.000699177
1983, None, 0.00928658, 0.0310926, 0.000747065
1984, None, -0.00733103, 0.0338305, 0.000574205
1985, None, 0.0233507, 0.0334693, 0.000609681
1986, None, -0.00535676, -0.00628542, 0.000526236
1987, None, -0.0122813, -0.0390954, 0.000705948
1988, None, 0.0235056, 0.0187523, 0.000528622
1989, None, -0.00379261, -0.0237746, 0.000616263
1990, None, -0.0128593, -0.00424952, 0.00069242
1991, None, 0.012974, 0.0331065, 0.000665768
1992, None, 0.00442764, -0.0187304, 0.000606354
1993, None, 0.00640204, -0.0179426, 0.00066575
1994, None, -0.000458753, -0.027142, 0.000516541
1995, None, -0.0194406, 0.0437169, 0.000593382
1996, None, -0.0244574, 0.0390925, 0.000550943
1997, None, -0.0112503, -0.00160153, 0.000595085
1998, None, -0.00772926, -0.000484253, 0.000528569
1999, None, -0.0119574, -0.000791945, 0.000504523
2000, None, 0.0156017, -0.0129788, 0.000648676
2001, None, 0.0121131, 0.00822479, 0.000644009
2002, None, -0.0194291, 0.0460073, 0.000653007
2003, None, 0.0233045, -0.0421942, 0.000626684
2004, None, 0.0242978, -0.0385779, 0.000730246
2005, None, 0.0212403, -0.0351755, 0.000577259
2006, None, 0.00879359, -0.000496074, 0.000710481
2007, None, -0.0205957, 0.0483256, 0.000694773
2008, None, -0.012169, -0.00330229, 0.000528133
2009, None, 0.0184474, 0.00753607, 0.000521643
2010, None, 0.0167861, -0.0328078, 0.000502821
2011, None, -0.00826468, 0.0417135, 0.000743137
2012, None, 0.00984889, -0.0221399, 0.000505717
2013, None, -0.0139966, 0.000647723, 0.000639257
2014, None, 0.0233466, -0.0433926, 0.000592721
2015, None, 0.0154722, -0.0106913, 0.000503236
2016, None, -0.0231581, 0.0216288, 0.00067096
2017, None, -0.00574617, -0.0327169, 0.00065156
2018, None, -0.00282668, -0.0245575, 0.000686708
2019, None, -0.0219696, -0.0102285, 0.000628997
2020, bottom_grip, 0.00344315, -0.0493854, 0.000650758
2021, top_grip, -0.0200129, 0.0494143, 0.000621806
2022, None, -0.0169093, -0.0342594, 0.000615749
2023, None, 0.00495908, -0.027099, 0.000659501
2024, None, 0.0178957, 0.0011134, 0.000639268
2025, None, -0.00331983, 0.00307006, 0.000640284
2026, None, -0.0204399, 0.0311662, 0.000502006
2027, None, -0.0083763, -0.016491, 0.000641595
2028, None, 0.0193044, 0.0432166, 0.000733773
2029, None, -0.0214498, 0.0270156, 0.000580768
2030, None, -0.0220738, 0.0294379, 0.000636735
2031, None, -0.0243947, -0.0051154, 0.00061494
2032, None, 0.0128875, 0.0210847, 0.000663277
2033, None, -0.0209801, 0.011187, 0.000613261
2034, None, -0.0205193, 0.0278629, 0.000694709
2035, None, -0.00462304, -0.0293035, 0.000511198
2036, None, 0.0136457, -0.00973098, 0.000551251
2037, None, -0.0180747, -0.00328778, 0.000507832
2038, None, 0.00938087, -0.0334472, 0.000681115
2039, None, 0.0235251, 0.0153999, 0.000565973
2040, None, -0.01576, 0.00519734, 0.00067251
2041, None, 0.0197666, 0.0130257, 0.000714225
2042, None, 0.015331, -0.0362096, 0.000575958
2043, None, -0.0028821, -0.0279507, 0.000678889
2044, None, 0.000947562, -0.000386634, 0.000683693
2045, None, 0.00582059, 0.029843, 0.000513638
2046, None, -0.000659577, -0.037712, 0.000706085
2047, None, 0.01827, 0.00391992, 0.000747104
2048, None, 0.013394, 0.022274, 0.000706127
2049, None, -0.0172338, -0.0226601, 0.000714906
2050, None, -0.0183509, -0.0278135, 0.000662142
2051, None, 0.0117597, 0.0484511, 0.000597526
2052, None, -0.0205994, 0.0213183, 0.000550583
2053, None, 0.020011, -0.0354013, 0.000736242
2054, None, 0.012065, -0.047092, 0.000605794
2055, None, 0.0120828, -0.0416165, 0.000711623
2056, None, 0.0175685, -0.0353197, 0.000680967
2057, None, 0.0149298, -0.0386459, 0.000530302
2058, None, -0.0202649, -0.0250082, 0.000730256
2059, None, -0.0169017, -0.0455251, 0.000635951
2060, None, -0.0084263, -0.00457538, 0.000667948
2061, None, 0.020668, -0.00879722, 0.000683489
2062, None, -0.0233433, 0.0386811, 0.000654519
2063, None, -0.00235814, -0.0462833, 0.00051979
2064, None, -0.0243088, 0.016752, 0.000708635
2065, None, -0.0161488, -0.0263301, 0.000719326
2066, None, 0.0172578, -0.0146653, 0.000668855
2067, None, -0.0207924, -0.00204482, 0.000749584
2068, None, 0.0145905, -0.011216, 0.000540878
2069, None, 0.000652541, 0.0340397, 0.000714989
2070, None, -0.00449126, -0.0358654, 0.000634308
2071, None, -0.0237188, -0.00949541, 0.000601678
2072, None, -0.0174769, 0.0128318, 0.000537396
2073, None, -0.0214386, 0.0429556, 0.000670141
2074, None, -0.0170275, -0.0410282, 0.00067208
2075, None, -0.0217599, -0.0271962, 0.000709732
2076, None, -0.0242961, 0.015365, 0.000719891
2077, None, -0.024326, -0.0452077, 0.000702749
2078, None, -0.00853435, -0.0383898, 0.00053958
2079, None, -0.000236692, -0.0308013, 0.000720642
2080, None, 0.00486263, -0.0135614, 0.000627898
2081, None, -0.000435474, -0.000152716, 0.000725616
2082, None, 0.000898382, -0.00330781, 0.000683659
2083, None, -0.0169514, 0.00481077, 0.000627049
2084, None, -0.00491871, -0.0404259, 0.000513697
2085, None, 0.00371894, -0.0334535, 0.000668802
2086, None, -0.011836, 0.0244513, 0.000546864
2087, None, 0.0036529, 0.0113523, 0.000574453
2088, None, -0.0208389, -0.0148851, 0.000590124
2089, None, 0.0186293, 0.0382529, 0.000705727
2090, None, -0.00991699, -0.025033, 0.000716433
2091, None, 0.020561, -0.0316966, 0.000742617
2092, None, 0.0155752, -0.00694761, 0.000612179
2093, None, 0.0100509, 0.0109855, 0.000703231
2094, None, 0.0145275, -0.0252407, 0.000552093
2095, None, -0.00818885, 0.0375066, 0.00052659
2096, None, -0.0111094, 0.0318188, 0.000748079
2097, None, 0.00510424, -0.0210681, 0.000744314
2098, None, -0.0132067, 0.0378157, 0.000669611
2099, None, 0.00379282, -0.0155625, 0.00066425
2100, None, 0.0127555, -0.0211401, 0.000702331
2101, None, 0.00719667, -0.0405703, 0.00053551
2102, None, 0.000708287, -0.0441854, 0.000533907
2103, None, -0.00913828, -0.0429035, 0.00067243
2104, None, 0.0145451, 0.0214264, 0.000723437
2105, None, 0.0103472, 0.0121904, 0.000580016
2106, None, 0.0120221, 0.0383638, 0.000529105
2107, None, 0.0185204, -0.0152671, 0.000744045
2108, None, -0.0042273, -0.0262154, 0.00066672
2109, None, 0.00922431, 0.0408599, 0.000703826
2110, None, 0.024349, -0.0358266, 0.000687791
2111, None, -0.023368, 0.048434, 0.000672475
2112, None, 0.0231906, -0.0292438, 0.000576793
2113, None, 0.00338548, 0.00930268, 0.00070342
2114, None, -0.000363958, -0.0077876, 0.000740862
2115, None, -0.00958277, 0.0362964, 0.000559871
2116, None, 0.00681933, 0.0129264, 0.000686197
2117, None, 0.00909749, -0.0311227, 0.000695021
2118, None, -0.0188479, 0.0110455, 0.000565638
2119, None, -0.00780413, -0.0100888, 0.0006931
2120, None, 0.0188171, 0.0085697, 0.000585073
2121, None, 0.00991055, 0.0432925, 0.000690797
2122, None, -0.0131963, 0.0447432, 0.000734254
2123, None, -0.00354703, 0.0475597, 0.000669755
2124, None, 0.00180892, -0.0269627, 0.00053768
2125, None, -0.006987, -0.00150135, 0.000627011
2126, None, -0.0244026, -0.0374343, 0.000628807
2127, None, 0.0040859, -0.0220218, 0.00066948
2128, None, 0.014618, 0.0426422, 0.000713774
2129, None, -0.0109915, -0.0217769, 0.000686798
2130, None, 0.0155366, 0.0111415, 0.000508503
2131, None, 0.0220058, -0.0131853, 0.000639713
2132, None, 0.0131684, 0.00872752, 0.000562487
2133, None, 0.00881986, -0.00666501, 0.000663319
2134, None, 0.00743463, 0.0440885, 0.000744541
2135, None, 0.00821267, 0.0160978, 0.000616695
2136, None, 0.0113628, 0.0287384, 0.000591623
2137, None, -0.024343, -0.00277033, 0.000681611
2138, None, -0.0160012, 0.0005585, 0.000533362
2139, None, -0.0208186, 0.0321327, 0.000557296
2140, None, -0.0124458, 0.00964839, 0.000534421
2141, None, 0.00346633, 0.0402926, 0.000643378
2142, None, -0.0186089, -0.012263, 0.000718819
2143, None, -0.0139965, -0.0431198, 0.000656783
2144, None, 0.00591041, -0.0473654, 0.000608009
2145, None, -0.0182343, 0.0458589, 0.000591162
2146, None, 0.00239709, 0.00128091, 0.000520378
2147, None, 0.00210577, -0.00533516, 0.000676906
2148, None, -0.0205863, 0.0438473, 0.00060696
2149, None, 0.00559369, -0.0155479, 0.000509613
2150, None, 0.0243631, 0.0047115, 0.000651678
2151, None, -0.0243001, 0.00112561, 0.000725887
2152, None, 0.0210615, -0.0363032, 0.000593161
2153, None, -0.00316132, -0.0400385, 0.000593341
2154, None, 0.00636877, 0.0344325, 0.000555417
2155, None, -0.0244594, 0.00813664, 0.00054877
2156, None, -0.0223603, 0.00675267, 0.000742662
2157, None, 0.00104674, 0.0371813, 0.000685299
2158, None, -0.00739587, -0.028529, 0.000656955
2159, None, -0.0159229, -0.0476491, 0.00053207
2160, None, 0.00926418, 0.0350053, 0.000562694
2161, None, 0.00994445, -0.0356231, 0.000501888
2162, None, 0.000882873, -0.00470585, 0.000673038
2163, None, 0.00912366, 0.00851119, 0.000634949
2164, None, -3.96782e-05, 0.028907, 0.000746921
2165, None, -0.00401955, 0.0129903, 0.000507356
2166, None, -0.00458564, -0.0347385, 0.000507635
2167, None, -0.0173639, -0.0123491, 0.000537634
2168, None, -0.00352185, -0.0158521, 0.00068143
2169, None, -0.0157772, -0.0382057, 0.00051579
2170, None, -0.0211727, 0.00365473, 0.000671916
2171, None, 0.0086868, 0.0036985, 0.000571072
2172, None, 0.0132119, 0.00481052, 0.000685192
2173, None, 0.0165027, -0.0307452, 0.000619566
2174, None, 0.0210868, -0.0283779, 0.000514156
2175, None, -0.0078364, -0.00250266, 0.000709753
2176, None, 0.0130276, 0.014499, 0.000562939
2177, None, 0.0135079, -0.00454882, 0.000672259
2178, None, -0.0055224, -0.0170905, 0.000737772
2179, None, 0.0234546, -0.0456921, 0.00064564
2180, None, -0.0140745, 0.0135254, 0.000546026
2181, None, 0.0222027, -0.021639, 0.000542266
2182, None, 0.00886379, -0.0178109, 0.000509524
2183, top_grip, -0.018729, 0.0493001, 0.000719761
2184, None, 0.0210821, -0.0244987, 0.000667007
2185, None, 0.0151387, -0.037457, 0.000695458
2186, None, 0.0060074, -0.0324515, 0.000683463
2187, None, -0.00647651, 0.0414496, 0.000588058
2188, None, -0.00918582, -0.0323678, 0.000506731
2189, None, 0.00011198, -0.0464931, 0.000633808
2190, None, 0.00333096, -0.0473653, 0.000508616
2191, None, -0.00406928, -0.0249584, 0.000625932
2192, None, 0.0086809, -0.0158599, 0.00059032
2193, None, 0.00911372, 0.0237677, 0.000690943
2194, None, 0.0124604, -0.00367244, 0.000729623
2195, None, 0.0220617, 0.0267758, 0.000685298
2196, None, -0.00346955, 0.0176713, 0.000626976
2197, None, -0.0128769, -0.0232329, 0.000717389
2198, None, -0.0161713, -0.00814207, 0.000632944
2199, None, 0.00584724, 0.00627188, 0.000604644
2200, None, 0.00487369, 0.0110123, 0.000572385
2201, None, -0.00725283, -0.0243053, 0.000662779
2202, None, 0.0155601, -0.0117681, 0.000587163
2203, None, 0.0244463, -0.0463257, 0.000568958
2204, None, 0.00277417, 0.0215979, 0.000506294
2205, None, -0.0233616, -0.0380486, 0.000508736
2206, None, 0.00242952, 0.040977, 0.000599114
2207, None, -0.00038046, -0.0189405, 0.000618888
2208, None, -0.0104666, 0.0267654, 0.000730844
2209, None, 0.0197107, -0.000207336, 0.000513893
2210, None, -0.00594858, 0.0392423, 0.000537351
2211, None, 0.00997735, 0.038572, 0.000578803
2212, bottom_grip, 0.024339, -0.0493281, 0.000690701
2213, None, 0.010627, -0.0311045, 0.000683581
2214, None, 0.0132038, 0.0432002, 0.000743922
2215, None, -0.000238401, -0.0282058, 0.0005848
2216, None, 0.00639975, -0.0030015, 0.000604855
2217, None, 0.0140723, -0.0207374, 0.000581882
2218, None, 0.00168346, -0.0419775, 0.000556733
2219, None, -0.00397048, 0.0339165, 0.000688702
2220, None, -0.0231551, 0.0332981, 0.00067606
2221, None, -0.00835171, 0.0160254, 0.000737422
2222, None, -0.0072723, 0.0235157, 0.000539487
2223, None, 0.0150668, 0.0302311, 0.000636104
2224, None, -0.00851803, -0.033396, 0.000726794
2225, None, 0.0021888, 0.0235427, 0.000685183
2226, None, 0.0192746, 0.0464807, 0.000630759
2227, None, -0.0182154, -0.0234735, 0.000607879
2228, None, -0.0221019, 0.0119961, 0.000706441
2229, None, 0.0159882, 0.0413337, 0.00056029
2230, None, -0.0154344, 0.0174936, 0.000617249
2231, None, -0.0106324, -0.00496912, 0.00067214
2232, None, -0.0150795, 0.00105196, 0.000537277
2233, None, -0.0185858, 0.0393242, 0.000679442
2234, None, 0.000407934, -0.013539, 0.000660671
2235, None, 0.0243561, -0.029469, 0.000674156
2236, None, -0.0074387, 0.0352874, 0.000680029
2237, None, -0.0161932, -0.0392273, 0.000623698
2238, None, 0.00685758, -0.0344778, 0.00067488
2239, None, 0.0196924, -0.00975761, 0.000699892
2240, None, 0.0113258, 0.0230412, 0.000700247
2241, None, -0.0221778, 0.010628, 0.000740554
2242, None, -0.00463334, -0.0182061, 0.00070586
2243, None, -0.0151285, 0.0436555, 0.000541358
2244, None, 0.0219644, 0.0164044, 0.00059064
2245, None, -0.0140443, -0.00547558, 0.000697635
2246, None, 0.00855218, -0.0235933, 0.000607177
2247, None, 0.00399926, 0.00283954, 0.000515318
2248, None, -0.0150574, 0.0163582, 0.000610965
2249, None, -0.0133025, -0.0378908, 0.00060063
2250, top_grip, -0.00984287, 0.0493465, 0.000671647
2251, None, -0.0244023, -0.0438902, 0.000619198
2252, None, -0.00471504, 0.0271707, 0.00068815
2253, None, 0.0118812, -0.017184, 0.00060002
2254, None, -0.0018039, 0.0341393, 0.000670793
2255, None, -0.00778456, -0.00364919, 0.000504562
2256, None, -0.00691516, 0.0388471, 0.000562148
2257, None, -0.00410537, 0.013952, 0.000503473
2258, None, 0.0152174, 0.0074936, 0.000652954
2259, None, 0.00782808, 0.0242697, 0.000715875
2260, None, -0.010524, 0.00827568, 0.000556278
2261, None, 0.00773395, -0.0311397, 0.000701284
2262, None, 0.00161481, -0.0219649, 0.000748774
2263, None, 0.00157771, 0.0116673, 0.000545689
2264, bottom_grip, 0.00713144, -0.0493415, 0.000659074
2265, None, 0.0137448, -0.0143011, 0.000611503
2266, None, -0.0158049, -0.0339787, 0.0005307
2267, None, 0.0103187, -0.0285667, 0.000741421
2268, None, -0.0156386, 0.0380315, 0.000574649
2269, None, 0.0032941, 0.00387947, 0.000612254
2270, None, 0.00505686, 0.0450298, 0.000551137
2271, None, -0.0110147, 0.0117279, 0.000675588
2272, None, -0.020794, -0.0100004, 0.000595025
2273, None, -0.0112594, 0.0050479, 0.000526431
2274, None, -0.0179986, -0.0181696, 0.000651498
2275, None, -0.0085959, -0.0123124, 0.000652568
2276, None, -0.00045816, 0.00935523, 0.000600167
2277, None, -0.0111919, 0.00723086, 0.00073526
2278, None, -0.0123224, 0.0438293, 0.000551504
2279, None, 0.00389464, -0.0244803, 0.000583177
2280, bottom_grip, 0.0191222, -0.0493175, 0.000712111
2281, None, 0.0106608, -0.0247196, 0.000543351
2282, None, 0.0110811, -0.0296202, 0.000604616
2283, None, -0.00856742, -0.037185, 0.000699421
2284, top_grip, 0.0112353, 0.0494634, 0.000553918
2285, None, 0.0133774, 0.0395262, 0.000560792
2286, None, -0.00882244, -0.044076, 0.000583055
2287, None, 0.0188777, -0.0287219, 0.000666688
2288, None, -0.0228155, 0.00474719, 0.000524045
2289, None, -0.0107998, 0.00403519, 0.00060388
2290, None, -0.0042899, 0.0294181, 0.000631874
2291, None, -0.00024999, -0.0101352, 0.000533603
2292, None, 0.0181406, 0.0462445, 0.000543361
2293, None, 0.0056936, 0.00386278, 0.000502877
2294, None, 0.0102833, -0.0139144, 0.000526701
2295, None, -0.0108001, -0.0241129, 0.000603533
2296, None, 0.00215918, -0.00103536, 0.000701527
2297, None, 0.0244032, -0.00324449, 0.00061462
2298, None, -0.0128974, -0.0147152, 0.000528443
2299, None, -0.00195919, 0.0250154, 0.000563552
2300, None, 3.71444e-05, 0.023611, 0.000720709
2301, None, -0.00960929, 0.0158978, 0.000554693
2302, None, 0.013626, -0.00572409, 0.000521819
2303, None, 0.0107387, 0.0423958, 0.000576015
2304, None, 0.017589, -0.0114353, 0.000678063
2305, None, 0.00686001, -0.0268192, 0.000596992
2306, None, 0.0212374, -0.0482443, 0.000583174
2307, None, 0.0126416, 0.0372954, 0.000730812
2308, None, -0.0178447, 0.0117338, 0.000684333
2309, None, -0.00443845, 0.00325541, 0.000508868
2310, None, 0.0129282, 0.0168858, 0.000642298
2311, None, -0.00172718, -0.0240674, 0.000556784
2312, None, 0.0201475, -0.043946, 0.000650968
2313, None, 0.0111649, 0.0182541, 0.000685139
2314, None, 0.0234327, 0.0412446, 0.000508565
2315, None, -0.0140359, -0.0405261, 0.000637494
2316, None, 0.00352403, -0.0426095, 0.000581378
2317, None, 0.0168424, 0.000437344, 0.000681054
2318, None, 0.0179625, -0.017986, 0.000508462
2319, None, 0.00333395, 0.0227586, 0.00073831
2320, None, 0.00589284, 0.0106874, 0.00051951
2321, None, -0.0172675, -0.0436317, 0.000619402
2322, None, 0.0186357, 0.0343001, 0.000616902
2323, None, 0.0153435, 0.0461645, 0.000612436
2324, None, -0.0124344, -0.00699711, 0.000699409
2325, None, 0.00629689, 0.0434039, 0.000597973
2326, None, -0.00128764, -0.0466529, 0.000587349
2327, None, 0.0221771, 0.000599012, 0.000582885
2328, None, 0.0214075, 0.0414581, 0.000536501
2329, None, 0.0133846, -0.00688366, 0.000684746
2330, None, -0.0229627, 0.0285179, 0.000645421
2331, None, -0.0244056, 0.0354233, 0.000612666
2332, None, -0.0101524, 0.0285266, 0.000715182
2333, None, 0.0161901, 0.0366149, 0.000652973
2334, None, -0.00292215, -0.00739053, 0.000559514
2335, None, 0.00638456, -0.0217786, 0.000727081
2336, None, -0.000399331, -0.048601, 0.000527989
2337, None, 0.00121533, 0.0215633, 0.000744279
2338, None, -0.0189818, 0.0215997, 0.000706841
2339, None, 0.0213388, 0.0205661, 0.000501821
2340, None, 0.00172344, -0.0279972, 0.000539369
2341, None, 0.00330309, -0.0287192, 0.000566488
2342, top_grip, 0.0122772, 0.0494934, 0.000506613
2343, None, -0.00288628, 0.0372421, 0.000656432
2344, None, -0.00824583, -0.0235615, 0.000606522
2345, None, 0.00482889, 0.0480448, 0.000645695
2346, None, -0.016568, -0.0114068, 0.000711426
2347, None, 0.00399962, 0.0103346, 0.000554698
2348, None, -0.00379706, -0.0224672, 0.000740875
2349, None, 0.0188559, 0.000418001, 0.000551433
2350, None, -0.0070986, -0.0110976, 0.000551077
2351, None, 0.000101427, 0.0195031, 0.000722227
2352, None, -0.00621901, 0.0368193, 0.000702676
2353, None, -0.0080784, -0.022493, 0.000510137
2354, None, 0.00208592, 0.0140862, 0.000584893
2355, None, 0.0208632, 0.00999605, 0.000739388
2356, None, 0.0119553, -0.0315709, 0.000638932
2357, bottom_grip, 0.0219169, -0.0493108, 0.000722507
2358, None, 0.00130308, -0.0326683, 0.000696637
2359, None, 0.0232865, 0.0321647, 0.000724603
2360, None, 0.0144615, -0.0411562, 0.000738597
2361, None, -0.0226368, -0.0093136, 0.000535754
2362, None, -0.00241132, 0.00891278, 0.00062402
2363, None, -0.0161556, 0.0471266, 0.000743217
2364, None, -0.0243303, 0.00680649, 0.000687188
2365, None, 0.00120872, 0.0257263, 0.000587251
2366, None, 0.00793904, 0.0087865, 0.000619535
2367, None, -0.0121436, 0.0141359, 0.000734777
2368, None, -0.00193972, -0.0399804, 0.000668108
2369, None, 0.00327973, 0.0363941, 0.000548629
2370, None, -0.00481879, -0.00872218, 0.000735153
2371, None, -0.0047182, -0.0135744, 0.000613514
2372, None, 0.0189682, -0.0480568, 0.00062178
2373, None, -0.022654, -0.0198185, 0.000561209
2374, None, -0.00648661, 0.0212397, 0.000676165
2375, None, 0.00863288, 0.0398176, 0.000515227
2376, None, 0.0223248, 0.017405, 0.000516979
2377, None, 0.0140743, 0.0107865, 0.000533927
2378, None, -0.00468707, 0.0468547, 0.000692086
2379, None, 0.00151705, -0.0257846, 0.000725748
2380, None, -0.0146849, -0.00764735, 0.000665929
2381, None, 0.00796974, -0.0484728, 0.00055468
2382, None, -0.00222219, -0.0115615, 0.000707681
2383, None, 0.024398, 0.0314562, 0.000652306
2384, None, -0.0147524, -0.00999018, 0.000637568
2385, None, 0.0128229, 0.00607989, 0.000674408
2386, None, -0.0159047, 0.0273591, 0.000592609
2387, None, -0.020166, -0.0390394, 0.000625973
2388, None, 0.0219806, -0.0321828, 0.000582703
2389, None, -0.015885, 0.0352774, 0.000525824
2390, None, -0.0116927, -0.0149284, 0.000739495
2391, None, 0.00805147, 0.0384795, 0.000518518
2392, None, 0.0226404, -0.0113352, 0.000553008
2393, top_grip, -0.00756785, 0.0492906, 0.000731214
2394, None, -0.00739154, -0.0255459, 0.00063719
2395, None, -0.0133717, -0.0343094, 0.000721006
2396, None, 0.00957157, -0.00259281, 0.000530374
2397, None, 0.0244239, 0.040697, 0.000593086
2398, None, -0.01223, -0.0220963, 0.000608078
2399, None, 0.00329665, -0.0374669, 0.000681613
2400, None, 0.00338033, 0.0124382, 0.000576827
2401, bottom_grip, -0.0134737, -0.0493032, 0.000743588
2402, None, 0.0133739, -0.029732, 0.000629719
2403, None, -0.0122402, -0.0307123, 0.000726965
2404, None, 0.0195299, 0.0286488, 0.000595734
2405, None, -0.016018, -0.0431533, 0.000603419
2406, None, -0.0100702, -0.00618742, 0.000702981
2407, None, -0.0200393, 0.0471306, 0.000651269
2408, None, -0.021985, -0.00774802, 0.00072198
2409, None, 0.00343075, -0.0362545, 0.000548437
2410, None, -0.0114985, -0.016336, 0.000731671
2411, None, -0.0231542, 0.00178159, 0.00064313
2412, None, 0.00180038, -0.0192657, 0.000660838
2413, None, 0.0161316, -0.0140959, 0.000633198
2414, None, -0.0191818, -0.0134552, 0.000655325
2415, None, 0.022139, 0.013063, 0.000563115
2416, None, 0.0211307, -0.0198311, 0.000670519
2417, None, -0.0105887, 0.0356727, 0.000671112
2418, None, 0.00854028, -0.0019047, 0.000748337
2419, None, 0.00213017, -0.0457565, 0.0006078
2420, None, 0.0158786, 0.0268854, 0.000635863
2421, None, -0.0129714, -0.0317979, 0.000589809
2422, None, 0.00755263, -0.022862, 0.000667608
2423, None, 0.0224993, 0.043129, 0.000563755
2424, None, 0.00821481, 0.0452409, 0.000681034
2425, None, -0.00272392, 0.0401708, 0.000724816
2426, None, 0.00425402, 0.0428873, 0.000681621
2427, None, 0.0174882, 0.0363436, 0.000728816
2428, None, -0.00843521, -0.0408286, 0.000660104
2429, None, -0.0113844, -0.0177449, 0.000719609
2430, None, -0.00533184, -0.00315701, 0.000598949
2431, None, 0.00927788, -0.0212639, 0.000554951
2432, None, 0.00435251, -0.00158726, 0.000599871
2433, None, 0.0183567, -0.020938, 0.000537927
2434, None, 0.0138998, -0.0379835, 0.000701964
2435, None, -0.00255736, 0.0323724, 0.000667752
2436, None, -0.0213413, -0.0418688, 0.000618098
2437, None, 0.00658318, 0.0305243, 0.000532213
2438, None, 0.021258, -0.00132795, 0.000600492
2439, None, -0.00741923, -0.0187505, 0.000738319
2440, None, 0.00102867, 0.00490236, 0.000568134
2441, None, -0.00529696, 0.0411398, 0.00065189
2442, None, -0.00863074, -0.0200213, 0.000747456
2443, None, -0.000516505, -0.0445562, 0.000748077
2444, None, -0.0196925, -0.00769136, 0.000741806
2445, None, -0.0213892, -0.0171874, 0.000699092
2446, None, 0.0218188, 0.0090646, 0.000603809
2447, None, 0.02009, -0.033089, 0.000523917
2448, None, -0.0155027, 0.0142885, 0.000575337
2449, None, 0.00873474, -0.0223342, 0.000683783
2450, None, 0.024361, 0.0289008, 0.000666304
2451, None, 0.00458095, 0.0156316, 0.000617485
2452, None, 0.00494291, 0.0254995, 0.000504284
2453, None, -0.00794296, -0.036041, 0.000667304
2454, None, -0.00139903, 0.00206439, 0.000626547
2455, None, -0.0120375, -0.0404151, 0.000655008
2456, None, -0.00187508, 0.0219787, 0.00052078
2457, None, 0.000310386, 0.017274, 0.000704405
2458, None, -0.0227147, 0.0472804, 0.000691613
2459, None, -0.0245029, 0.0116863, 0.000511748
2460, None, -0.0128135, 0.0290601, 0.000654487
2461, None, -0.00126981, -0.0434861, 0.000590245
2462, None, 0.006148, 0.0420074, 0.000662341
2463, None, 0.0244469, -0.0252987, 0.000583247
2464, None, -0.0222351, 0.00930975, 0.000653057
2465, None, -0.0143506, -0.00298284, 0.000587779
2466, None, -0.022181, -0.0284802, 0.000669047
2467, None, 0.0243341, -0.0278364, 0.000691018
2468, None, 0.0121307, -0.0182802, 0.000570844
2469, None, 2.65134e-05, 0.0208582, 0.000674155
2470, None, 0.0211665, -0.0458861, 0.00053189
2471, None, 0.0145931, -0.0298057, 0.000616939
2472, None, 0.00447687, -0.0294617, 0.000664956
2473, None, 0.0198722, -0.0251846, 0.000736829
2474, None, -0.000808183, -0.0423875, 0.000645678
2475, None, 0.0206143, 0.0198942, 0.000515565
2476, None, 0.0220362, 0.00231653, 0.000674037
2477, None, 0.00778348, -0.027733, 0.000711376
2478, None, 0.0064097, -0.000388579, 0.000719113
2479, top_grip, 0.0208004, 0.0494553, 0.000567901
2480, None, -0.011282, 0.00210712, 0.000740197
2481, None, 0.0101849, 0.00794696, 0.0006099
2482, None, 0.00994121, -0.0452532, 0.000692865
2483, None, -0.00317879, 0.0189254, 0.000703079
2484, None, 0.00623752, -0.00721648, 0.000639397
2485, None, -0.00410591, -0.0107821, 0.000636628
2486, None, -0.0163547, 0.0317203, 0.000620489
2487, None, 0.0101277, -0.0108399, 0.000733322
2488, None, -0.02321, 0.0162908, 0.000519154
2489, None, 0.00158886, -0.0482746, 0.000545923
2490, None, 0.00825995, 0.00633547, 0.000568937
2491, None, -0.021258, 0.0375445, 0.000742949
2492, top_grip, -0.00623084, 0.0493572, 0.00065844
2493, None, 0.0162316, 0.00680965, 0.000592137
2494, None, -0.0131098, 0.016549, 0.000542324
2495, None, -0.0101679, -0.00274509, 0.000718119
2496, None, 0.0141184, 0.00807588, 0.000610785
2497, None, 0.000975734, -0.0399782, 0.000722134
2498, None, 0.0112883, -0.0481654, 0.000678051
2499, None, -0.0166251, 0.0137109, 0.000743989
2500, None, -0.0171649, -0.00384895, 0.000635261
2501, None, -0.00419129, 0.000270053, 0.000659452
2502, None, 0.0221981, 0.0119033, 0.000660871
2503, None, -0.000462101, 0.016177, 0.000698294
2504, None, 0.0243008, -0.00914508, 0.000713664
2505, None, 0.0242863, 0.00223797, 0.000734554
2506, None, -0.00770894, -0.0447, 0.000742233
2507, None, -0.012763, 0.0351948, 0.000602826
2508, None, -0.0232536, -0.0129683, 0.000577928
2509, None, 0.00211433, 0.042276, 0.00074527
2510, None, 0.0199759, 0.000834441, 0.000610168
2511, None, -0.00986044, 0.0445455, 0.000729412
2512, None, 0.0211104, -0.0271951, 0.000684706
2513, None, 0.00726595, 0.0254887, 0.000629608
2514, None, -0.0243648, -0.0324541, 0.000670464
2515, None, 0.00919109, 0.0482828, 0.000617232
2516, None, 0.00204481, 0.0381943, 0.000742864
2517, None, 0.0157552, 0.0149339, 0.0006436
2518, None, -0.0124195, 0.0257774, 0.000561948
2519, None, 0.00736553, 0.0337051, 0.000723527
2520, None, 0.0222058, -0.0358028, 0.000600471
2521, None, -0.00414694, -0.0169851, 0.000671228
2522, None, -0.0140053, -0.0110552, 0.000505069
2523, None, -0.0112461, -0.0253389, 0.00070971
2524, None, -0.00952662, 0.00391032, 0.000683711
2525, None, -0.000509948, 0.0435457, 0.000564671
2526, None, 0.0200962, -0.048108, 0.000510729
2527, None, -0.0174268, -0.0023212, 0.000676259
2528, None, -0.00194662, 0.042232, 0.000529675
2529, None, -0.00641853, -0.0304617, 0.000564906
2530, None, -0.012228, 0.0299919, 0.000516916
2531, top_grip, 0.018456, 0.0493757, 0.000645314
2532, None, 0.0244952, 0.0325723, 0.000506639
2533, None, 0.0144979, 0.0316501, 0.000550079
2534, None, -0.0175674, -0.0446783, 0.000525106
2535, None, 0.021367, 0.043523, 0.000683748
2536, None, 0.0145623, -0.0135249, 0.000576418
2537, None, 2.54271e-06, -0.0223984, 0.000553566
2538, None, 0.00556718, 0.0382233, 0.000706378
2539, None, -0.0173356, 0.0325906, 0.000732803
2540, None, -0.0130255, 0.00548182, 0.000699727
2541, None, 0.00600073, 0.0277165, 0.000667047
2542, None, 0.0104666, -0.0343473, 0.000741047
2543, None, 0.00567749, -0.0350437, 0.000693852
2544, None, -0.0167775, -0.0177849, 0.000541364
2545, None, -0.0187916, -0.0363609, 0.000731358
2546, None, -0.0109813, -0.0386043, 0.000685679
2547, None, -0.00973722, 0.0116411, 0.000622762
2548, None, 0.0145389, -0.00634905, 0.000587956
2549, None, -0.0233917, -0.0444246, 0.00056359
2550, None, -0.00288547, -0.010236, 0.00071738
2551, None, -0.00694155, 0.0480298, 0.000725291
2552, None, 0.0146796, 0.0446843, 0.000552132
2553, None, -0.0191799, -0.0385073, 0.000542609
2554, None, -0.0128605, -0.0466525, 0.000677389
2555, None, 0.0176968, -0.0336402, 0.000747019
2556, None, 0.00900495, 0.0104962, 0.000544406
2557, None, -0.0212088, -0.0227402, 0.000585991
2558, None, 0.0243272, 0.0173682, 0.000678632
2559, None, 0.0145916, -0.00406446, 0.000536927
2560, None, 0.00910786, -0.0054997, 0.000565641
2561, None, 0.0199086, -0.0368219, 0.000702159
2562, None, 0.0164306, -0.0357608, 0.000569687
2563, None, 0.00614805, 0.0394762, 0.000705284
2564, None, -0.00617473, -0.00819286, 0.000642982
2565, None, 0.0178748, -0.0126371, 0.000617093
2566, None, -0.00116738, -0.0389491, 0.000665183
2567, None, -0.000678691, 0.040218, 0.000538161
2568, None, 0.0109824, 0.0101504, 0.000565967
2569, None, 0.0242818, 0.046877, 0.000743731
2570, None, 0.00650022, 0.0182112, 0.000718638
2571, None, -0.0210431, -0.0344556, 0.000571145
2572, None, -0.0184688, -0.0452475, 0.000571337
2573, None, 0.0222418, 0.0312174, 0.000692244
2574, None, -0.00193567, -0.0137004, 0.000698162
2575, None, 0.0209316, 0.0356788, 0.000731746
2576, None, -0.0111216, 0.0203205, 0.000569927
2577, None, 0.0160251, 0.0291253, 0.000672216
2578, None, 0.0158216, 0.0167301, 0.000627567
2579, None, 0.0116481, -0.0305149, 0.000506038
2580, None, 0.00194914, 0.00801585, 0.0007344
2581, None, -0.00828024, 0.0137561, 0.00066021
2582, bottom_grip, -0.00864288, -0.049501, 0.000524048
2583, None, 0.00526186, -0.0389758, 0.000675178
2584, None, -0.0180847, -0.0156856, 0.000588989
2585, None, 0.00954733, 0.00282277, 0.000693069
2586, None, -0.00459051, 0.0306469, 0.000669633
2587, None, -0.0147934, 0.034868, 0.00068526
2588, None, -0.0103612, 0.0433314, 0.000601393
2589, None, 0.0174682, 0.0106865, 0.000536669
2590, None, -0.0171702, -0.00724438, 0.00074053
2591, None, 0.018078, 0.0439205, 0.000706331
2592, None, 0.0152506, -0.00160584, 0.000661814
2593, None, 0.0196991, -0.0238406, 0.000685641
2594, None, -0.0059821, -0.018491, 0.000738624
2595, None, 0.0148158, 0.0399518, 0.000696475
2596, None, -0.0129795, 0.0269439, 0.000500687
2597, None, -0.0206301, 0.0332323, 0.000573227
2598, None, -0.0223421, 0.0187512, 0.000647123
2599, None, 0.0130445, -0.0175675, 0.000634557
2600, None, 0.01279, 0.0456097, 0.000735898
2601, None, -0.00684039, -0.0144866, 0.000744389
2602, None, -0.0107389, 0.0246335, 0.000627017
2603, None, -0.0211503, -0.0308236, 0.000689208
2604, None, 0.0216113, 0.0370846, 0.000557557
2605, None, 0.021911, 0.0196805, 0.000588952
2606, None, -0.00961328, 0.0462718, 0.000590782
2607, None, 0.0193275, -0.0414149, 0.000665756
2608, None, -0.0175497, 0.037599, 0.000521085
2609, None, 0.0191022, 0.040576, 0.00060498
2610, None, 0.0035559, 0.0416687, 0.000747696
2611, None, -0.0243148, 0.0209388, 0.000694508
2612, None, -0.0144681, 0.0413232, 0.000739054
2613, None, -0.0141513, -0.0251745, 0.000678388
2614, None, 0.010996, 0.0157288, 0.000740548
2615, None, 0.00219333, -0.0396708, 0.000554674
2616, top_grip, 0.00710601, 0.0494738, 0.000536213
2617, None, 0.00204623, -0.00675455, 0.00074997
2618, None, 0.0183323, -0.0138279, 0.000728359
2619, None, 0.0243737, 0.019512, 0.000520822
2620, None, 0.0198625, 0.0235235, 0.000693983
2621, None, -0.0230714, 0.00044158, 0.000705325
2622, None, 0.00465539, -0.0342805, 0.00062101
2623, None, -0.0243273, 0.0222906, 0.00069907
2624, None, 0.00676034, -0.0358256, 0.000677412
2625, None, -0.0150829, -0.0160712, 0.000678276
2626, None, 0.0117271, -0.0402815, 0.000741911
2627, None, 0.0176213, 0.0335387, 0.000666041
2628, None, -0.0118219, -0.0319542, 0.000588028
2629, None, 0.0154246, 0.0324276, 0.000677988
2630, None, -0.00801136, 0.0226366, 0.000624023
2631, None, -0.0105169, -0.0453804, 0.000701893
2632, None, 0.00863031, -0.00331152, 0.000689094
2633, None, -0.0222185, 0.0223243, 0.000537514
2634, None, 0.0245298, -0.00801498, 0.000507102
2635, None, -0.0147984, -0.0352217, 0.000582039
2636, None, 0.00444452, -0.0355884, 0.000710906
2637, bottom_grip, -1.7906e-05, -0.0495166, 0.000504874
2638, None, -0.0135231, 0.0198464, 0.00052322
2639, None, -0.0147596, 0.0335202, 0.000713965
2640, None, -0.016897, 0.0337219, 0.000517031
2641, None, 0.0185995, -0.0105801, 0.000711318
2642, None, -0.00636777, -0.00700485, 0.000587005
2643, None, 0.0242478, 0.0370025, 0.000713381
2644, None, 0.0139849, -0.0459467, 0.000747931
2645, None, 3.01797e-05, 0.0275397, 0.000655235
2646, None, -0.00244705, 0.045832, 0.000537558
2647, None, -0.00478919, 0.0147483, 0.000585188
2648, None, -0.0196849, 0.0389682, 0.000512761
2649, None, 0.0107094, 0.0330926, 0.000688776
2650, None, -0.00985589, 0.031983, 0.000546507
2651, None, 0.0242633, -0.0412341, 0.0007428
2652, None, -0.0137822, 0.0354891, 0.000526628
2653, None, 0.0231117, 0.0224998, 0.000711446
2654, None, -0.00560158, 0.0446251, 0.000746527
2655, None, 0.00212327, -0.0305385, 0.000716755
2656, None, -0.00215759, -0.0220146, 0.000664699
2657, None, -0.0112629, -0.0483229, 0.000562225
2658, None, -0.0125224, 0.0024319, 0.000588774
2659, None, 0.0226775, -0.0482719, 0.000617112
2660, None, 0.0212947, 0.0403451, 0.000621501
2661, None, -0.0219328, -0.0482788, 0.000651983
2662, None, 0.0115219, 0.0301544, 0.000652094
2663, None, 0.0100714, 0.0146185, 0.000734732
2664, None, -0.00420824, 0.0157449, 0.000578924
2665, None, 0.0171502, -0.0231566, 0.00063709
2666, None, -0.00303547, -0.0387683, 0.000722858
2667, None, -0.00346274, -0.0117648, 0.000592992
2668, None, 0.00763011, 0.000185101, 0.000661342
2669, None, -0.0109161, -0.0398841, 0.000631579
2670, None, -0.0219358, 0.0404508, 0.000734678
2671, None, -0.00500437, -0.0100132, 0.000588925
2672, None, -0.00852938, -0.0467472, 0.000578116
2673, None, -0.0177786, 0.00558177, 0.000526446
2674, None, -0.0126828, -0.0441171, 0.000705746
2675, None, -0.00908428, 0.00259152, 0.000725244
2676, None, 0.00356705, -0.0119116, 0.00052877
2677, None, -0.0140608, 0.0290488, 0.000632162
2678, None, 0.0186764, -0.0373946, 0.000659721
2679, None, 0.00358707, -0.0167171, 0.000544844
2680, None, 0.0243531, -0.0440782, 0.000685224
2681, None, 0.0146082, -0.0101703, 0.0005176
2682, None, 0.00327626, -0.00880488, 0.000688884
2683, None, -0.00712168, 0.0377155, 0.000615742
2684, None, 0.00805085, -0.0413756, 0.000646644
2685, None, -0.00070015, 0.0104801, 0.000580063
2686, None, 0.0186747, 0.0252961, 0.000610897
2687, None, 0.00943433, 0.0296456, 0.00073597
2688, top_grip, -0.000386184, 0.0494487, 0.000577773
2689, None, -0.00155494, 0.00972589, 0.000581632
2690, top_grip, -0.0032095, 0.049516, 0.000502419
2691, None, -0.0223634, -0.0135565, 0.000533263
2692, None, 0.0125795, 0.0232515, 0.000587909
2693, None, 0.0145277, 0.00423849, 0.000543764
2694, None, 0.0106138, -0.00231507, 0.000576392
2695, None, 0.00986903, -0.0265914, 0.000658857
2696, None, 0.019486, -0.0470281, 0.000571447
2697, None, -0.000896533, 0.047497, 0.000569265
2698, None, -0.0160142, -0.02874, 0.000602325
2699, None, 0.0127062, -0.0326198, 0.000665646
2700, None, 0.0244154, 0.00717074, 0.000609991
2701, None, 0.0110206, -0.0186112, 0.000633157
2702, None, 0.00874021, 0.0366171, 0.000666764
2703, None, -0.0147358, 0.0230209, 0.000522028
2704, None, -0.0160262, 0.00394223, 0.000656311
2705, None, 0.02204, 0.0328423, 0.00074613
2706, None, 0.0199503, 0.0169777, 0.000618376
2707, None, -0.0010855, 0.0280928, 0.00062573
2708, bottom_grip, 0.00471307, -0.0493834, 0.000647842
2709, None, -0.00514187, -0.0471053, 0.0005242
2710, None, 0.0147032, 0.00167672, 0.000705682
2711, None, 0.0242647, 0.00890713, 0.00074748
2712, None, -0.00191458, -0.0445374, 0.000669623
2713, None, -0.00543141, 2.03916e-05, 0.000614398
2714, None, -0.0150628, -0.0317288, 0.000503877
2715, None, 0.00205832, -0.0027594, 0.000602846
2716, None, 0.00603688, -0.0131723, 0.000628048
2717, None, -0.0103326, -0.00870171, 0.000635505
2718, None, -0.0191229, 0.0139566, 0.000604244
2719, None, -0.0221636, 0.0141197, 0.000528539
2720, None, -0.00663838, -0.0031867, 0.000742319
2721, None, 0.0202801, 0.0483071, 0.00070081
2722, None, -0.0062424, -0.0158242, 0.000737258
2723, None, -0.00161378, 0.0376998, 0.000735502
2724, None, 0.0176714, 0.0201598, 0.000617005
2725, None, 0.0171141, -0.000713979, 0.000517944
2726, None, -0.0102084, 0.018474, 0.000734267
2727, None, -0.0223346, 0.0451583, 0.000557203
2728, None, 0.00143631, 0.0360141, 0.000548442
2729, None, 0.00956705, -0.0276577, 0.000523888
2730, None, -0.0102532, -0.0423376, 0.000614134
2731, None, 0.0243168, 0.000837647, 0.000713644
2732, None, -0.00734214, -0.00775971, 0.000657718
2733, None, 0.00656499, -0.0463097, 0.000646893
2734, None, -0.0243844, 0.0105648, 0.000632828
2735, None, 0.0172579, 0.0213751, 0.000688467
2736, None, -0.0126388, -0.0275164, 0.000736461
2737, None, -0.0233738, -0.00211134, 0.000500264
2738, None, -0.0199229, 0.0105684, 0.000638028
2739, None, -0.00631121, 0.0333943, 0.00054325
2740, None, -0.00186808, 0.0139746, 0.000565473
2741, None, -0.0129909, 0.0130495, 0.00064868
2742, None, -0.0106315, 0.0342866, 0.00072479
2743, None, 0.0110061, 0.0353376, 0.000517925
2744, None, 0.013122, 0.0242712, 0.00058074
2745, None, -0.00848262, 0.0116325, 0.00055509
2746, None, -0.0130236, 0.00677856, 0.000608699
2747, None, -0.0244609, 0.0461404, 0.000581239
2748, None, -0.0191284, 0.00213451, 0.000694119
2749, None, 0.0240419, -0.0115637, 0.000680677
2750, None, -0.00814262, -0.032186, 0.00055895
2751, None, -0.00841246, 0.0239234, 0.000734677
2752, None, -0.0204025, -0.0054872, 0.000733363
2753, None, 0.0162479, -0.0381249, 0.000657852
2754, None, 0.00596263, 0.00195294, 0.00064088
2755, None, 0.0154257, -0.030538, 0.000527168
2756, None, 0.00434368, -0.043279, 0.000537767
2757, None, 0.0243323, -0.00561692, 0.00069473
2758, None, -0.00198148, 0.0476368, 0.000535753
2759, None, -0.0107535, 0.010491, 0.000629804
2760, None, -0.00696931, 0.00896986, 0.000551408
2761, None, 0.0146089, 0.0239584, 0.000617167
2762, None, -0.00376495, 0.0233316, 0.000510184
2763, None, -0.00270971, 0.0116155, 0.000528674
2764, None, -0.0219325, -0.0297512, 0.000669701
2765, None, -0.0190814, -0.0463622, 0.00073603
2766, None, 0.0192322, 0.0418293, 0.000667617
2767, None, 0.00109775, -0.0019094, 0.000741864
2768, None, -0.0201904, -0.0423463, 0.000647132
2769, None, -0.0096731, 0.0137556, 0.000623978
2770, None, 0.0138468, 0.0136537, 0.000660226
2771, None, 0.0122291, 0.0159673, 0.000522513
2772, None, 0.0156877, 0.0224319, 0.000533748
2773, None, -0.00561301, 0.0459777, 0.000623733
2774, None, -0.0201656, 0.0178147, 0.000743773
2775, None, 0.0204182, 0.0111253, 0.000506754
2776, None, -0.0105626, 0.0471406, 0.000739627
2777, None, 0.013392, 0.04688, 0.00070237
2778, None, -0.00328513, -0.0321328, 0.000521553
2779, None, 0.0152754, 0.0480662, 0.000691662
2780, None, -0.0204403, -0.0411961, 0.000549816
2781, None, -0.0143737, -0.0204718, 0.000682361
2782, None, 0.0244498, -0.00440773, 0.000576775
2783, None, -0.0109266, -0.0412114, 0.000720895
2784, None, 0.0074211, 0.0299203, 0.000535439
2785, None, -0.0175213, 0.0468734, 0.000708202
2786, None, -0.00621973, 0.0403126, 0.000597994
2787, None, 0.00809936, 0.0125555, 0.000658559
2788, None, 0.0172321, 0.0286073, 0.000651795
2789, None, -0.0102845, -0.0476781, 0.000651966
2790, None, -0.023487, 0.0434167, 0.000647712
2791, None, 0.0108939, 0.0195105, 0.000625747
2792, None, 0.00807367, -0.00904237, 0.000652318
2793, None, 0.0220524, -0.0370517, 0.000677559
2794, None, -0.00297538, -0.048175, 0.000706212
2795, None, -0.00931909, -0.0416699, 0.000580409
2796, None, -0.00272341, 0.0385634, 0.00068607
2797, None, 0.0108413, 0.039401, 0.000628724
2798, None, 0.0211619, 0.0149042, 0.000661251
2799, None, 0.01316, -0.0187809, 0.000597477
2800, None, -0.00206347, 0.0183692, 0.00056377
2801, None, 0.0220629, -0.0464151, 0.000519469
2802, None, -0.0130111, 0.0364062, 0.000654276
2803, None, 0.00306073, -0.0187086, 0.000729599
2804, None, 0.00763676, 0.00536018, 0.000602397
2805, None, 0.0075081, 0.0395102, 0.000670426
2806, None, -0.0170156, -0.0423945, 0.0007132
2807, None, 0.00667555, -0.0153218, 0.000627087
2808, None, -0.0213225, -0.0394493, 0.000635964
2809, None, -0.0158768, 0.034175, 0.000614423
2810, None, -0.0224741, 0.0378753, 0.000553417
2811, None, 0.00187647, -0.00927067, 0.000715724
2812, None, -0.0222006, -0.00230859, 0.000743766
2813, None, -0.0158869, -0.0185312, 0.000657386
2814, None, -0.0185773, -0.0222513, 0.000693158
2815, None, -0.020625, -0.0484675, 0.000689735
2816, None, 0.0232046, -0.0244953, 0.000573217
2817, None, -0.0175956, 0.0386609, 0.000583451
2818, None, 0.0208279, -0.00232271, 0.000531355
2819, None, 0.0140829, -0.0365657, 0.000743753
2820, None, -0.00994066, -0.0392626, 0.00055841
2821, None, 0.0170813, -0.0184871, 0.000537564
2822, None, 0.0140172, 0.0480134, 0.000629464
2823, None, 0.00917033, -0.034755, 0.000661366
2824, None, 0.0098267, -0.00756256, 0.000725433
2825, None, 0.0048508, -0.032941, 0.000587488
2826, None, -0.00712113, -0.00899844, 0.000607091
2827, None, 0.00186089, 0.0320447, 0.000507545
2828, None, 0.00103212, 0.0414431, 0.00068555
2829, None, -0.0140721, -0.0318118, 0.000526746
2830, None, 0.0199721, -0.00134927, 0.000700009
2831, None, -0.0192203, -0.00895836, 0.000654868
2832, None, 0.00983649, -0.0321979, 0.000675012
2833, None, -0.0232168, -0.0118636, 0.000553812
2834, None, 0.00911393, 0.00724643, 0.000641693
2835, None, 0.00440547, 0.0195975, 0.000692506
2836, None, -0.0149708, 0.0266737, 0.000607051
2837, None, 0.00275934, -0.0160652, 0.000510034
2838, None, 0.0160815, -0.0455873, 0.000536185
2839, None, 0.0158643, -0.0393542, 0.000650763
2840, None, -0.0183331, 0.0333634, 0.000565218
2841, None, -0.0202283, -0.00326293, 0.000594728
2842, None, 0.0146168, 0.0470315, 0.000536269
2843, None, -0.0124739, 0.0388535, 0.000631213
2844, None, 0.016517, 0.0202158, 0.000569967
2845, None, 0.0235175, -0.00391662, 0.000532313
2846, None, -0.00119888, -0.00136088, 0.000731068
2847, None, -0.00388778, 0.00433144, 0.000746318
2848, None, -0.0190875, 0.0261164, 0.000621363
2849, None, -0.00812663, 0.00387869, 0.000742832
2850, None, -0.0181644, -0.0195227, 0.000737727
2851, None, 0.00445763, 0.0386881, 0.000509989
2852, None, 0.0245104, 0.0150119, 0.000501885
2853, None, 0.00325006, -0.0462612, 0.000628026
2854, None, 0.0119624, 0.00511331, 0.000627626
2855, None, 0.0198336, 0.0262234, 0.000612374
2856, None, -0.00925105, 0.0194284, 0.000660466
2857, None, 0.012778, -0.0162317, 0.000748862
2858, None, -0.00798608, 0.0265911, 0.000623702
2859, None, -0.0184528, -0.00433708, 0.000649238
2860, None, -0.00999575, -0.0308069, 0.000671221
2861, None, -0.0129592, -0.0480148, 0.000692354
2862, None, -0.0038882, -0.00308921, 0.00059878
2863, None, 0.0133492, -0.0130437, 0.000734198
2864, None, 0.00491751, 0.0418134, 0.00062094
2865, None, 0.0142797, 0.0147508, 0.00055522
2866, None, -0.0113195, -0.0081284, 0.000538422
2867, None, -0.0185579, -0.00134462, 0.000702486
2868, None, -0.00547357, -0.0147098, 0.000644821
2869, None, -0.0244152, 0.0260237, 0.000605339
2870, None, -0.0157683, 0.0223941, 0.000716187
2871, None, 0.0176828, -0.030492, 0.000587932
2872, None, 0.00657016, -0.00176536, 0.000667479
2873, None, -0.0245031, 0.0429273, 0.000528506
2874, None, 0.0211398, 0.0391851, 0.000558176
2875, None, 0.0090917, -0.046166, 0.000556815
2876, None, -0.0147921, -0.030717, 0.000547601
2877, None, 0.0196632, -0.0308786, 0.000514214
2878, None, 0.019014, -0.033368, 0.000598194
2879, None, -0.00765975, -0.0311009, 0.000590985
2880, None, -0.0235805, -0.0407428, 0.000745783
2881, None, 0.00898432, 0.0442207, 0.000654029
2882, None, -0.00958532, -0.0261311, 0.000518871
2883, None, -0.00104005, 0.0268943, 0.000601878
2884, None, 0.0150437, 0.0139311, 0.000595264
2885, None, 0.00350169, 0.0437886, 0.000530689
2886, None, 0.00107091, 0.0483441, 0.000705376
2887, None, 0.0110451, -0.0322777, 0.000562426
2888, None, 0.011182, -0.0117396, 0.000692763
2889, bottom_grip, 0.016711, -0.0495169, 0.000505714
2890, None, 0.00896336, 0.0388823, 0.000526066
2891, top_grip, -0.0239702, 0.0494693, 0.000547421
2892, None, 0.00301203, -0.0101585, 0.000743418
2893, None, -0.0177516, 0.0298792, 0.000683194
2894, None, 0.00549377, -0.00231307, 0.000545313
2895, None, -0.00754334, -0.00653456, 0.000632702
2896, None, 0.0126545, -0.0306072, 0.000523499
2897, None, -0.0144884, -0.0462661, 0.000704047
2898, None, -0.00604551, 0.0115969, 0.000740694
2899, None, -0.0167552, 0.0215732, 0.000581509
2900, None, 0.0197438, 0.0335931, 0.000722332
2901, None, 0.0139365, -0.0334259, 0.000723136
2902, None, -0.0148445, -0.0266616, 0.000630612
2903, None, 0.0157001, 0.0235019, 0.000586502
2904, None, 0.00649149, 0.0370906, 0.000713841
2905, None, 0.0243528, -0.0241037, 0.000652715
2906, None, 0.00266957, -0.032669, 0.00068947
2907, None, 0.01593, 0.00916069, 0.000585361
2908, None, 0.018616, 0.0355605, 0.000656265
2909, None, -0.0143507, 0.030983, 0.000528754
2910, None, -0.0223408, -0.0424655, 0.000604401
2911, None, 0.000936449, -0.0412057, 0.000522045
2912, None, 0.00877372, -0.0270292, 0.000535535
2913, None, -0.0193306, 0.0481511, 0.00057556
2914, None, 0.0205677, -0.00338717, 0.000588119
2915, None, 0.0244852, -0.0165206, 0.000538039
2916, None, -0.0183545, 0.0250587, 0.000663954
2917, None, 0.015485, 0.00480168, 0.000581753
2918, None, 0.00910906, 0.0137361, 0.000583467
2919, None, 0.0195108, -0.0129574, 0.00070141
2920, None, -0.00142487, -0.00266797, 0.000592384
2921, None, -0.0164564, 0.0124256, 0.000583997
2922, None, 0.0141505, 0.0092033, 0.000544724
2923, None, -0.00218586, 0.00110343, 0.000623349
2924, None, -0.0145717, -0.0380842, 0.000735957
2925, None, 0.0042855, -0.0381992, 0.000581516
2926, None, -0.00998453, -0.00749936, 0.000622085
2927, None, -0.00995789, -0.00398128, 0.000544523
2928, None, -0.00704131, -0.00448732, 0.000659661
2929, None, -0.0243578, -0.0261722, 0.000659126
2930, None, -0.0244915, -0.0312871, 0.000518398
2931, None, -0.0141306, -0.00414437, 0.000641105
2932, None, -0.0052941, 0.0175805, 0.000667721
2933, None, 0.00847891, -0.0437685, 0.000538243
2934, None, -0.0167215, -0.013263, 0.00058369
2935, None, -0.0149063, 0.0399845, 0.000719026
2936, None, 0.0233617, -0.00807995, 0.000715587
2937, None, -0.0148246, 0.0425941, 0.000590892
2938, None, -0.0203617, -0.00900326, 0.000513378
2939, None, 0.0171502, 0.0127402, 0.000715981
2940, None, -0.0021569, 0.0447922, 0.000543346
2941, None, -0.0138507, -0.01793, 0.000560774
2942, None, -0.0100651, 0.00188067, 0.000508717
2943, None, 0.0179489, -0.0432301, 0.000702605
2944, None, 0.00510563, -0.0176273, 0.000725303
2945, None, 0.0109212, 0.000452349, 0.000743991
2946, None, 0.000126801, 0.0262886, 0.000626104
2947, None, -0.0235418, 0.00407687, 0.000516264
2948, None, 0.0127132, -0.0382907, 0.000577312
2949, None, 0.00789314, -0.0148686, 0.000692693
2950, None, 0.0166015, -0.0286357, 0.000709792
2951, None, -0.00996202, 0.00739358, 0.000515405
2952, None, 0.00182409, 0.0338502, 0.000514868
2953, None, -0.0154855, 0.0077102, 0.000604946
2954, None, -0.00828573, 0.0330989, 0.000681533
2955, None, 0.00940728, 0.0421767, 0.000535577
2956, None, -0.0172218, -0.0398078, 0.000598534
2957, None, 0.00921049, 0.0219654, 0.000729392
2958, None, -0.0117221, 0.0362579, 0.000611403
2959, None, 0.0129959, 0.0284453, 0.0005142
2960, None, 0.00326747, 0.017174, 0.000734366
2961, None, 0.0110066, -0.0470938, 0.000506925
2962, None, 0.00954888, -0.0243151, 0.000655806
2963, None, -0.00440297, -0.00670629, 0.00051657
2964, None, -0.00417738, 0.00211366, 0.000683598
2965, None, 0.0219915, -0.0397478, 0.000730627
2966, None, -0.0242726, 0.0341231, 0.000736536
2967, None, -0.0138648, -0.0442344, 0.000522099
2968, bottom_grip, 0.00226948, -0.0494351, 0.000570915
2969, None, -0.00521535, -0.0245669, 0.000608028
2970, None, -0.00570427, 0.00916229, 0.000740484
2971, None, 0.0230561, -0.0124433, 0.000669669
2972, None, -0.0176727, -0.033307, 0.000592143
2973, None, 0.0145428, -0.0353962, 0.000569134
2974, None, 0.0106589, 0.0217874, 0.00073882
2975, None, -0.0106163, 0.0225922, 0.00065377
2976, None, 0.00238961, 0.0151785, 0.000550008
2977, None, -0.023254, 0.0460249, 0.000721496
2978, top_grip, 0.0157952, 0.0493274, 0.00067351
2979, None, -0.00935444, 0.00835603, 0.00064163
2980, None, -0.00160822, 0.0466624, 0.000531273
2981, None, 0.00662923, -0.0441263, 0.000627607
2982, None, -0.0162494, -0.00175254, 0.000673547
2983, None, -0.00991133, 0.0398939, 0.000704506
2984, None, -0.0082177, -0.0420386, 0.000616494
2985, None, -0.00456835, -0.0041932, 0.00071635
2986, None, 0.00756263, -0.00103158, 0.00060322
2987, None, -0.00778549, 0.0181505, 0.000719604
2988, None, -0.00776974, -0.0474539, 0.000500016
2989, None, 0.0137942, 0.00236191, 0.000516017
2990, None, 0.00831187, -0.0207589, 0.000561108
2991, None, 0.017428, 0.0348982, 0.000745879
2992, None, -0.0244355, 0.0141022, 0.000588585
2993, None, -0.00154509, 0.0317109, 0.000582654
2994, None, 0.00543544, -0.0463245, 0.000542134
2995, None, 0.00210654, -0.0291422, 0.000725077
2996, None, -0.000172059, -0.0366539, 0.000503964
2997, None, -0.0054099, 0.0207843, 0.00053025
2998, None, 0.00155271, 0.0446463, 0.000697759
2999, None, 0.0114799, 0.043245, 0.00060515
3000, None, -0.0221301, 0.024873, 0.000679192
3001, None, -0.00729385, -0.0200563, 0.000631593
3002, None, 0.0102324, -0.003609, 0.000725277
3003, top_grip, 0.0233033, 0.0493306, 0.00067272
3004, None, -0.0187712, 0.0356721, 0.000545082
3005, None, 0.0229368, -0.00942583, 0.000719387
3006, None, -0.012551, -0.0329837, 0.000707038
3007, None, 0.010024, -0.000508525, 0.000543854
3008, None, -0.022602, 0.0273389, 0.000631853
3009, None, -0.013916, -0.0274589, 0.000601772
3010, None, -0.0149931, -0.0147429, 0.000713026
3011, None, 0.0146097, 0.0227538, 0.000636174
3012, None, 0.00578983, -0.0451488, 0.000725718
3013, None, -0.0114889, 0.0430759, 0.000574119
3014, None, -0.0138723, 0.0237431, 0.000633922
3015, None, -0.023316, 0.00882061, 0.00054555
3016, None, 0.0126489, -0.0430663, 0.000572148
3017, None, 0.00168137, 0.00682701, 0.000543679
3018, None, 0.00690579, 0.0383585, 0.000661136
3019, None, 0.0244092, 0.0395172, 0.000603111
3020, None, -0.0199505, 0.00931787, 0.000634876
3021, None, 0.0179745, -0.00807751, 0.000681862
3022, None, 0.0118383, -0.0151932, 0.000685965
3023, None, 0.0244291, 0.00350436, 0.000593309
3024, None, 0.00739872, 0.0323986, 0.000638895
3025, None, -0.0075025, -0.0379238, 0.000628959
3026, None, 0.0233897, 0.0389512, 0.000563629
3027, None, -0.0134653, 0.00175149, 0.000614593
3028, None, -0.0212506, -0.0431941, 0.000730635
3029, None, -0.0223291, -0.0231188, 0.000607643
3030, None, 0.00668505, -0.0192541, 0.000731293
3031, None, 0.00404712, 0.0323876, 0.000607772
3032, None, 0.0200741, -0.00458073, 0.000748625
3033, None, 0.0241771, -0.0069446, 0.000691495
3034, bottom_grip, 0.00826657, -0.0494977, 0.000533926
3035, None, 0.0125169, -0.0224835, 0.000698415
3036, None, 0.0222025, -0.0157569, 0.00057968
3037, None, 0.0147761, 0.0413004, 0.000689883
3038, None, 0.00790524, -0.010272, 0.000599919
3039, None, -0.0169754, -0.0157657, 0.000562554
3040, None, -0.0193649, -0.0399424, 0.000607019
3041, None, 0.0105772, -0.0150095, 0.000651982
3042, None, 0.0162321, 0.0179444, 0.000691633
3043, None, -0.0242909, 0.0287046, 0.000718469
3044, None, -0.0233357, -0.0281464, 0.000596492
3045, None, -0.017776, 0.034236, 0.000504014
3046, None, 0.00675346, 0.0221223, 0.000729009
3047, None, 0.0116341, 0.016992, 0.000696945
3048, None, 0.0232204, -0.0138132, 0.000749435
3049, None, -0.0210646, 0.00735263, 0.00072599
3050, None, 0.000380372, -0.0123072, 0.000632713
3051, None, -0.00952379, -0.0143631, 0.000701557
3052, None, 0.0176689, -0.00688952, 0.000563377
3053, None, 0.00539502, 0.0265612, 0.000666355
3054, None, -0.0145151, 0.00987936, 0.00064794
3055, None, -0.00509228, -0.0282703, 0.000708135
3056, None, -0.00965133, 0.0171622, 0.000743583
3057, None, -0.00284935, -0.0169927, 0.000654543
3058, None, -0.0210896, 0.0188287, 0.000658967
3059, None, -0.0221613, -0.014982, 0.000747659
3060, None, -0.00658777, -0.0316049, 0.000610943
3061, None, 0.00490412, 0.0358256, 0.000704334
3062, None, 0.0160005, 0.00143102, 0.000675433
3063, None, -0.0122153, 0.0372308, 0.000509275
3064, None, 0.0148139, -0.0325494, 0.000555716
3065, None, -0.0020043, -0.0421987, 0.000566699
3066, None, 0.00637736, -0.038457, 0.000564604
3067, None, -0.010719, 0.0422131, 0.000595186
3068, None, 0.0182852, 0.00974301, 0.000722433
3069, None, -0.014543, 0.0085411, 0.000711894
3070, None, -0.0219121, -0.0321801, 0.000659279
3071, None, -0.0189277, -0.0426924, 0.000690315
3072, None, -0.019959, -0.0473155, 0.000612464
3073, None, -0.021905, 0.00135067, 0.000699138
3074, None, -0.0157732, -0.0299462, 0.000653068
3075, None, -0.00534644, -0.00518475, 0.000556673
3076, None, 0.0083546, 0.0355019, 0.000546336
3077, None, 0.00605013, -0.0400925, 0.000721928
3078, None, -0.00538188, -0.0439107, 0.000589042
3079, None, 0.0074078, -0.00359394, 0.000591548
3080, None, -0.0024075, -0.0355382, 0.00057949
3081, None, 0.022589, 0.0467284, 0.000623845
3082, None, 0.0222051, -0.0239447, 0.00058752
3083, None, -0.0245263, 0.0308511, 0.00050184
3084, None, -0.00146451, -0.0103722, 0.00073869
3085, None, 0.0029851, -0.0314544, 0.000583086
3086, None, -0.00528387, 0.00264058, 0.000570635
3087, None, 0.0166714, -0.00763628, 0.000727782
3088, None, 0.00691304, -0.033263, 0.000562998
3089, None, 0.00459265, 0.0275818, 0.000662145
3090, None, 0.0114773, 0.0374973, 0.000509416
3091, None, 0.0111114, -0.0447545, 0.00062792
3092, None, -0.018124, -0.0485224, 0.000526991
3093, None, -0.00181342, 0.016304, 0.000668024
3094, None, -5.65016e-05, 0.0222232, 0.000724214
3095, None, -0.0177841, 0.0217675, 0.000513472
3096, None, -0.0188313, -0.0336202, 0.000610521
3097, None, 0.00133388, 0.0148785, 0.000549799
3098, None, -0.0215385, -0.025038, 0.000564076
3099, None, 0.0177628, 0.0451718, 0.000611824
3100, None, -0.0244852, 0.0197593, 0.000549505
3101, None, -0.0159736, 0.0261066, 0.000580073
3102, None, 0.0203006, -0.00770622, 0.000501477
3103, None, 0.0232336, 0.000203437, 0.000575129
3104, bottom_grip, 0.0119312, -0.0493322, 0.000713243
3105, None, 0.0103546, 0.0169216, 0.000632604
3106, None, -0.0148915, -0.0474266, 0.000539077
3107, None, 0.0163346, 0.0103146, 0.000685185
3108, None, 0.000236932, -0.0333172, 0.000581297
3109, None, -0.0216393, 0.0340009, 0.000704673
3110, None, -0.00118173, 0.00465987, 0.000749467
3111, None, -0.0223853, -0.0412269, 0.000510069
3112, None, 0.00718767, -0.0322187, 0.000534668
3113, None, -0.00319566, -0.0267909, 0.000559667
3114, None, -0.00196817, -0.0379325, 0.000659946
3115, None, 0.00408699, 0.0446255, 0.000544636
3116, None, 0.000903711, -0.0473718, 0.000602924
3117, None, 0.0189831, -0.0175773, 0.00062464
3118, None, 0.00314446, 0.0428354, 0.000508071
3119, None, 0.0188008, -0.011871, 0.000614405
3120, None, -0.00282726, 0.0335209, 0.000538268
3121, None, 0.0145606, 0.0189485, 0.000685631
3122, None, 0.00508908, 0.0144344, 0.000683326
3123, None, 0.0217105, -0.00938044, 0.000563616
3124, None, 0.0178966, -0.0394414, 0.000556405
3125, None, 0.0105303, 0.0461051, 0.000698382
3126, None, -0.00385363, 0.0393474, 0.000710018
3127, bottom_grip, 0.00591427, -0.0494041, 0.000603937
3128, None, -0.00602296, 0.0276015, 0.000709892
3129, None, -0.0223748, 0.0261338, 0.000625974
3130, None, 0.00982956, -0.0299354, 0.000736057
3131, None, -0.0165596, -0.0362085, 0.000643298
3132, None, 0.0232428, -0.00499155, 0.000589433
3133, None, 0.00203055, -0.0040196, 0.000671208
3134, None, 0.0013775, -0.0129143, 0.000553579
3135, None, -0.0106563, -0.0265864, 0.000682974
3136, None, 0.0164445, -0.0263154, 0.000723996
3137, None, -0.0132209, -0.012956, 0.000568092
3138, None, 0.0176244, 0.0321974, 0.000690553
3139, None, 0.00876511, -0.0112674, 0.000725609
3140, bottom_grip, 0.00109449, -0.0493597, 0.000657076
3141, None, 0.0166629, -0.0123246, 0.000650795
3142, None, -0.0008618, -0.00909494, 0.000707686
3143, None, 0.0244264, -0.0103958, 0.000602582
3144, None, -0.0146859, -0.00648739, 0.000512387
3145, None, -0.00652017, -0.0127411, 0.000503903
3146, None, -0.012315, 0.0479263, 0.000669866
3147, None, 0.0139484, -0.0241764, 0.000680382
3148, None, -0.00903396, 0.0148356, 0.000680613
3149, None, 0.00860373, 0.0430209, 0.000660009
3150, None, -0.015406, 0.0130728, 0.000661869
3151, None, 0.0199561, 0.00398455, 0.000676998
3152, None, -0.000637894, -0.0202525, 0.000672696
3153, None, -0.0243112, -0.00143545, 0.000714468
3154, None, -0.000197298, 0.0125861, 0.000671153
3155, None, 0.0172238, 0.0271178, 0.000739623
3156, None, -0.0219856, 0.048456, 0.000715837
3157, None, 0.0113266, -0.0141135, 0.000542418
3158, None, -0.0200359, -0.0224684, 0.00065434
3159, None, -0.00950825, 0.0423081, 0.000637823
3160, None, -0.0155996, -0.0467033, 0.000502103
3161, None, -0.0113593, -0.00268112, 0.000525587
3162, None, -0.011067, -0.0203533, 0.00074475
3163, None, -0.00278454, -0.0341787, 0.000502385
3164, None, 0.0206788, 0.0225974, 0.000607588
3165, None, -0.0119349, -0.04559, 0.000736609
3166, None, 0.0091896, 0.026492, 0.000687778
3167, None, -0.0026057, -0.00307485, 0.000705802
3168, None, -0.0103121, -0.032059, 0.000664767
3169, None, -0.003523, -0.000804713, 0.000568346
3170, None, 0.0159145, -0.0319351, 0.00073335
3171, None, 0.0231988, 0.0166025, 0.00068824
3172, None, -0.013172, 0.0469951, 0.000629051
3173, None, -0.0166009, -0.0374341, 0.000647473
3174, None, -0.0119883, 0.0452468, 0.00061053
3175, None, -0.00106728, 0.00586228, 0.000511296
3176, None, -0.0230496, -0.00566851, 0.000748098
3177, None, -0.00398309, 0.0432634, 0.000504124
3178, None, 0.000795598, -0.00989165, 0.000564615
3179, None, 0.00216657, -0.0470822, 0.000737549
3180, None, 0.0244416, 0.045582, 0.000578168
3181, None, -0.00219637, -0.015888, 0.000669422
3182, None, 0.00521485, -0.0283641, 0.000664294
3183, None, 0.0120128, 0.0191554, 0.000583743
3184, None, -0.0128069, 0.0399501, 0.000559906
3185, None, -0.00436164, -0.0446691, 0.000707683
3186, None, 0.00501762, -0.0317023, 0.000592273
3187, None, -0.0232745, -0.0355922, 0.000637969
3188, None, -0.022624, 0.0425822, 0.000624806
3189, None, -0.00891567, 0.0453956, 0.000592609
3190, None, 0.000207754, -0.038797, 0.000739007
3191, None, -0.0181459, -0.0311773, 0.000647713
3192, None, -0.0117655, 0.0418263, 0.000539069
3193, None, 0.00527037, 0.00289502, 0.000564443
3194, None, -0.00295136, 0.0346626, 0.00062275
3195, None, -0.0231011, -0.000886178, 0.000633375
3196, None, -0.0071641, 0.0313988, 0.000742015
3197, None, 0.0144026, 0.00542877, 0.000694521
3198, None, -0.0200413, -0.0304184, 0.000569976
3199, None, 0.00773852, 0.0175916, 0.000694001
3200, None, -0.0105276, -0.0277981, 0.000537852
3201, None, 0.0095525, -0.0429559, 0.00058153
3202, None, 0.00404509, -0.0109325, 0.000599108
3203, None, 0.0146634, 0.0117234, 0.000588987
3204, None, 0.00443922, -0.00839448, 0.000569321
3205, None, 0.000557996, -0.0483747, 0.000507141
3206, None, 0.00464458, 0.00181825, 0.000699621
3207, None, -0.0202892, 0.0366945, 0.000567588
3208, None, 0.0208296, 0.033077, 0.00052334
3209, None, -0.016153, -0.0275995, 0.00058019
3210, None, 0.0211606, 0.0173604, 0.000675378
3211, None, 0.0232508, -0.0402903, 0.000647997
3212, None, 0.00642768, 0.00307801, 0.000614613
3213, None, -0.00252251, 0.0310607, 0.000654596
3214, None, 0.0125014, 0.0408446, 0.000737434
3215, None, -0.0176544, -0.0354928, 0.0007227
3216, None, 0.0083898, 0.0302316, 0.000511707
3217, None, 0.00788504, -0.0265291, 0.000515913
3218, None, -0.0209072, -0.00425283, 0.000622398
3219, None, 0.0231395, -0.0327371, 0.000720604
3220, None, -0.00499394, -0.0233029, 0.000719879
3221, None, -0.0180843, -0.0417513, 0.000633541
3222, None, 0.0187818, 0.0368751, 0.000716006
3223, None, -0.00740331, 0.0406388, 0.000652837
3224, None, 0.00237319, 0.0397953, 0.000591944
3225, None, -0.0178991, -0.013396, 0.000647385
3226, None, 0.00270199, -0.0263124, 0.000597902
3227, None, 0.00706426, -0.00471789, 0.000616991
3228, None, 0.00220813, 0.0249072, 0.000744996
3229, None, -0.00246152, 0.00407855, 0.000737187
3230, None, -0.0221684, 0.0356716, 0.000519034
3231, None, 0.00138897, 0.00195505, 0.000732564
3232, None, 0.0150024, 0.0176199, 0.000586582
3233, top_grip, -0.00489124, 0.0492941, 0.000718991
3234, None, -0.00711501, -0.0422199, 0.000552365
3235, None, -0.0180153, -0.0343463, 0.000531706
3236, None, 0.0211401, 0.0247116, 0.000540465
3237, None, 0.0221895, -0.0264094, 0.000670084
3238, None, -0.0125876, -0.0105079, 0.000669004
3239, None, -0.00284127, -0.0146945, 0.000711515
3240, None, -0.00131683, 0.0329045, 0.000691025
3241, None, 0.0224936, 0.0484741, 0.000525617
3242, None, 0.0180134, 0.00524498, 0.000640929
3243, None, -0.0123271, 0.00765758, 0.000515769
3244, None, -0.00664922, 0.0288673, 0.00072221
3245, None, -0.0143566, 0.0180674, 0.000614313
3246, None, 0.0103902, 0.0304743, 0.000548248
3247, None, 0.00647698, 0.0465914, 0.000649251
3248, None, -0.00105956, 0.0189157, 0.00059751
3249, None, -0.0233654, 0.0372549, 0.000578301
3250, None, 0.0243077, -0.00197023, 0.000709829
3251, None, -0.00662945, 0.0456093, 0.000538765
3252, None, 0.0136945, -0.0307768, 0.00052437
3253, None, 0.018316, -0.0420662, 0.00059406
3254, None, -0.0172828, -0.0283911, 0.000555112
3255, None, 0.0213714, -0.00433098, 0.000655692
3256, None, -0.0231114, 0.0241278, 0.000618445
3257, None, -0.0165623, 0.0370365, 0.000651207
3258, None, -0.0137806, 0.0390964, 0.000735667
3259, None, 0.0148798, -0.0343015, 0.000595493
3260, None, 0.00173617, -0.0106149, 0.000657183
3261, None, 0.00554778, -0.0187846, 0.00053464
3262, None, 0.0221504, 0.0240773, 0.000707044
3263, None, -0.00203999, 0.019592, 0.000661678
3264, None, -0.0233836, -0.00439196, 0.000650775
3265, None, 0.0116393, 0.00274785, 0.000649223
3266, None, -0.00904235, -0.00205091, 0.000632912
3267, None, -0.0112743, 0.0257092, 0.00062667
3268, None, 0.011392, -0.00574901, 0.000742562
3269, None, -0.0115932, -0.0363454, 0.000682209
3270, None, 0.00660983, -0.037085, 0.00062841
3271, None, -0.00291229, 0.012761, 0.00064286
3272, None, 0.0198955, -0.0265904, 0.000704268
3273, None, -0.0134724, 0.00921432, 0.000589422
3274, None, 0.00610951, -0.0166166, 0.000702767
3275, None, 0.00634457, -0.0311374, 0.000728111
3276, None, -0.0159715, -0.0416821, 0.000612539
3277, None, 0.0198173, -0.0196683, 0.000664835
3278, None, -0.0126559, -0.00923445, 0.000629261
3279, None, 0.0244583, -0.0140956, 0.000565539
3280, None, -0.0208585, 0.0123819, 0.000634782
3281, top_grip, 0.00812939, 0.0495407, 0.000504091
3282, None, -0.00946275, 0.0411074, 0.000613295
3283, None, 0.0243044, 0.0103608, 0.000736718
3284, None, -0.0148492, 0.0469754, 0.000616491
3285, None, -0.0217379, -0.00523971, 0.000671179
3286, None, 0.0104666, -0.0331382, 0.000504195
3287, None, -0.0173011, -0.0010209, 0.000630361
3288, None, -0.0211864, 0.0147527, 0.000696473
3289, None, -0.00630138, -0.0362625, 0.000611415
3290, None, -0.00499222, -0.0194405, 0.000618765
3291, None, -0.0196583, -0.0100638, 0.000560811
3292, None, -0.00433541, -0.0213167, 0.000541862
3293, None, 0.0106945, -0.0198615, 0.000685124
3294, bottom_grip, -0.0198634, -0.0494388, 0.000570652
3295, None, 0.0173429, 0.00717034, 0.000617624
3296, None, -0.00912479, -0.0476407, 0.000553347
3297, None, 0.00452635, 0.0168348, 0.000601386
3298, None, -0.0081116, -0.00139566, 0.000511981
3299, None, -0.023147, -0.026851, 0.000735561
3300, None, 0.0135131, -0.023081, 0.00054034
3301, None, 0.00284123, -0.0275828, 0.000687646
3302, None, 0.010209, 0.0133268, 0.000595698
3303, None, -0.00433109, 0.0168603, 0.000582006
3304, None, 0.0205133, 0.0368627, 0.00057074
3305, None, 0.00987681, -0.0254239, 0.000532526
3306, None, 0.01074, -0.0225645, 0.000532871
3307, None, -0.0025939, -0.0411251, 0.000660133
3308, None, 0.00925036, 0.0284586, 0.000530391
3309, None, 0.0232884, 0.0477356, 0.000622899
3310, None, 0.00728885, -0.0423079, 0.000576962
3311, None, 0.00133798, -0.0433073, 0.00055028
3312, None, 0.0123641, 0.0360407, 0.000563176
3313, None, -0.00786197, -0.0209787, 0.000514451
3314, None, -0.00756536, 0.0125596, 0.00074918
3315, None, -0.00291373, 0.0282249, 0.000521416
3316, None, -0.0243238, -0.02135, 0.000700209
3317, None, -0.0242726, 0.0473992, 0.000733078
3318, None, 0.0172711, -0.0208169, 0.000585264
3319, None, 0.0120059, 0.0149207, 0.000576667
3320, None, -0.0243677, -0.0248705, 0.00065636
3321, None, 0.0143115, 0.0437381, 0.000501265
3322, None, 0.0016593, 0.0349139, 0.00057559
3323, None, 0.00702985, -0.0299147, 0.000707411
3324, None, 0.0132563, 0.0317868, 0.000721888
3325, None, -0.00667566, 0.0100774, 0.000618634
3326, None, -0.00396292, -0.00963491, 0.000535826
3327, None, -0.00440159, -0.0325851, 0.000719059
3328, None, -0.0162031, -0.00472177, 0.000725419
3329, None, -0.0233837, -0.0142234, 0.000716189
3330, None, 5.05751e-05, 0.00248232, 0.000698045
3331, None, 0.000467943, -0.0248849, 0.000672284
3332, None, -0.0224967, -0.0436701, 0.000650462
3333, None, 0.0223862, 0.033979, 0.000503341
3334, None, 0.00800315, -0.0196085, 0.000669122
3335, None, 0.0122044, 0.0394918, 0.000647313
3336, None, -0.0223601, -0.0387778, 0.000629907
3337, None, 0.00909247, -0.00996614, 0.000644652
3338, None, -0.00673939, 0.0158352, 0.000592605
3339, None, -0.0134146, 0.0316379, 0.000689829
3340, None, -0.0103636, -0.0154691, 0.00072213
3341, None, 0.0147192, 0.0128451, 0.000555673
3342, None, -0.00171768, -1.07353e-05, 0.000593633
3343, None, -0.00941929, 0.0274864, 0.000584804
3344, None, -0.0210433, -0.0261006, 0.000620182
3345, None, 0.0209917, 0.0318441, 0.00074272
3346, None, -0.0143029, 0.00703023, 0.00069747
3347, None, -0.0157291, 0.0362812, 0.000528544
3348, None, 0.0152496, 0.0201624, 0.000730639
3349, None, -0.0136181, 0.0343487, 0.000626081
3350, None, 0.00619415, 0.0329575, 0.000708957
3351, None, -0.0166806, 0.0381598, 0.000530882
3352, None, 0.0105271, -0.0236349, 0.000567604
3353, None, 0.0182713, 0.00643423, 0.000611502
3354, None, 0.0166109, 0.0115478, 0.000654213
3355, None, -0.00200312, -0.0269169, 0.000690706
3356, None, -0.0173203, 0.00355431, 0.000708145
3357, None, -0.0134004, 0.0302552, 0.000698508
3358, None, -0.0213106, -0.0031812, 0.000526909
3359, None, -0.0076596, 0.00503223, 0.000554859
3360, None, -0.0186721, 0.0197146, 0.000592309
3361, None, -0.0153685, 0.0186377, 0.000559784
3362, None, -0.0126346, 0.0175893, 0.000637817
3363, None, -0.0108206, 0.0141019, 0.0006167
3364, None, -0.018559, -0.00247897, 0.000500384
3365, bottom_grip, -0.0214724, -0.0494413, 0.000558059
3366, None, 0.0190042, 0.00160354, 0.000649888
3367, None, -0.000990926, 0.0201866, 0.000572937
3368, None, 0.000811095, 0.0137121, 0.00074825
3369, None, -0.00597631, 0.0381059, 0.000641323
3370, None, -0.0092054, 0.0263088, 0.000621913
3371, None, 0.0195378, -0.0449322, 0.000549103
3372, None, 0.0152914, -0.0219023, 0.000728244
3373, None, 0.0138797, -0.00171362, 0.000724243
3374, None, -0.01865, 0.0322309, 0.000661882
3375, None, -0.000287318, 0.00828013, 0.000532015
3376, None, -0.00596283, 0.0471452, 0.000632165
3377, None, 0.0105179, -0.0400009, 0.000545558
3378, None, 0.0243602, 0.0206456, 0.000665569
3379, None, -0.0244507, -0.0427229, 0.000561667
3380, None, -0.00528451, -0.0301628, 0.000616241
3381, None, -0.016475, 0.0085049, 0.000705307
3382, None, -0.00714328, -0.0231365, 0.000556712
3383, bottom_grip, -0.0174726, -0.04941, 0.000613976
3384, None, 0.022279, -0.0344856, 0.0007264
3385, None, -0.00698197, 0.0445008, 0.000663711
3386, top_grip, -0.0121193, 0.0492889, 0.000740449
3387, None, -0.0177332, 0.0171637, 0.000678053
3388, None, -0.0243813, -0.0361886, 0.000638854
3389, None, 0.0213766, -0.00712355, 0.000731293
3390, None, -0.00114989, -0.0366688, 0.000502051
3391, None, -0.021401, -0.0238979, 0.000611443
3392, None, 0.00469879, -0.000362836, 0.00068448
3393, None, -0.0196386, 0.0401354, 0.000688451
3394, None, -0.0144497, 0.0217993, 0.000737818
3395, bottom_grip, -0.0186958, -0.0494318, 0.000611748
3396, None, -0.00201536, 0.0287493, 0.000567416
3397, None, -0.0117441, -0.0284341, 0.000568593
3398, None, -0.00402597, 0.0407266, 0.000721181
3399, None, 0.0217249, 0.0424205, 0.000518758
3400, None, 0.0154342, -0.00346005, 0.00051738
3401, None, 0.0160927, -0.016652, 0.000719192
3402, None, 0.0140561, 0.0282377, 0.000595848
3403, None, -0.00776021, 0.00968123, 0.000566233
3404, bottom_grip, -0.0162106, -0.0493453, 0.000667159
3405, None, 0.016596, 0.0158398, 0.000559189
3406, None, -0.0211131, -0.0183636, 0.000548213
3407, None, 0.0118532, 0.0325772, 0.000587681
3408, None, -0.00910151, -0.0227349, 0.000588429
3409, bottom_grip, -0.00754937, -0.0494192, 0.000575516
3410, None, -0.00834261, -0.027715, 0.000621857
3411, None, 0.00300726, 0.00494867, 0.000503076
3412, None, 0.00488112, -0.0250596, 0.000596516
3413, None, 0.0165606, 0.0481665, 0.000656731
3414, None, 0.0178716, 0.0160037, 0.00073012
3415, None, 0.00561679, -0.00826979, 0.000634813
3416, None, -0.0219574, -0.00107953, 0.000544052
3417, None, -0.0243762, -0.0287741, 0.00065309
3418, None, 0.00425755, 0.0264508, 0.000535145
3419, None, 0.00313681, 0.0192915, 0.000622545
3420, None, -0.00326505, -0.0362047, 0.000520516
3421, None, 0.00476773, -0.0149481, 0.000534175
3422, None, -0.023705, 0.0423033, 0.000515586
3423, None, 0.0220363, -0.0332893, 0.000550982
3424, None, 0.0115089, -0.0217956, 0.00057582
3425, None, -0.0086077, 0.0317359, 0.000742726
3426, None, -0.000927865, 0.0115881, 0.000603218
3427, None, -0.00668055, 0.0301653, 0.000599397
3428, None, -0.0200276, -0.0361506, 0.000576655
3429, None, -0.0106979, -0.0122829, 0.000549191
3430, None, -0.00113086, -0.0355076, 0.000710275
3431, None, -0.0137146, -0.0355599, 0.000594542
3432, None, 0.000383653, -0.00674854, 0.00056756
3433, None, -0.000211046, -0.00239223, 0.000709725
3434, None, 0.0190514, 0.0483112, 0.000576922
3435, None, 0.0137837, -0.00317092, 0.000740033
3436, None, 0.0178021, -0.0481665, 0.000560639
3437, None, -0.0172307, -0.0321055, 0.000698473
3438, None, 0.0110576, -0.00705606, 0.000628261
3439, None, -0.0133887, -0.0262951, 0.000727516
3440, None, -0.0050473, -0.0414655, 0.000538405
3441, None, 0.00342422, 0.0281682, 0.000675421
3442, None, 0.0243197, -0.0128815, 0.000696117
3443, None, -0.014093, 0.0169589, 0.000546494
3444, None, 0.00332269, -0.0437033, 0.000582642
3445, None, -0.0243085, 0.0236645, 0.000713489
3446, None, -0.00715174, -0.0410489, 0.00064895
3447, None, 0.0208922, 0.0121981, 0.000687385
3448, None, 0.00676465, 0.00104186, 0.000610919
3449, None, -0.0092929, -0.00835165, 0.000504037
3450, None, -0.011283, 0.0394914, 0.000744292
3451, None, -0.00448843, 0.0455565, 0.000634739
3452, None, 0.0102888, -0.00499083, 0.000612493
3453, None, -0.0190008, 0.0344214, 0.000738358
3454, None, 0.0221102, 0.0254314, 0.000691566
3455, None, -0.0245097, 0.00564907, 0.000526866
3456, None, 0.00148289, 0.0404101, 0.000525632
3457, None, -0.00381738, 0.0487165, 0.000543507
3458, None, -0.0189088, 0.00353378, 0.000749872
3459, None, 0.00692428, -0.0141908, 0.000533963
3460, None, -0.015517, 0.00927795, 0.000543757
3461, None, -0.00396709, 0.0379897, 0.000707714
3462, None, 0.0230846, 0.00147821, 0.000711609
3463, None, 0.0146495, -0.0230624, 0.000669808
3464, None, 0.0154767, 0.0312749, 0.000530907
3465, None, 0.00424106, 0.0247215, 0.000562454
3466, top_grip, -0.0173073, 0.0492939, 0.000725174
3467, None, -0.00474808, 0.0111902, 0.000653718
3468, None, -0.0199485, 0.00806379, 0.000620126
3469, None, -0.00886111, -0.0154051, 0.000567459
3470, None, -0.0182507, -0.0405017, 0.000690435
3471, None, -0.0230068, 0.041331, 0.000714391
3472, None, 0.0137389, -0.0434172, 0.00059975
3473, None, 0.00849917, -0.0389683, 0.000672757
3474, None, -0.00356613, -0.0136962, 0.000545295
3475, None, -0.0200077, 0.0253746, 0.000632915
3476, None, 0.0151181, -0.0174591, 0.000612791
3477, None, 0.0194174, -0.0427926, 0.000733415
3478, None, 0.0143143, 0.0386722, 0.000744804
3479, None, -0.0245074, -0.0138317, 0.000506455
3480, None, 0.00722355, -0.0393538, 0.000703337
3481, None, 0.0187186, -0.0273706, 0.00074433
3482, None, -0.00195343, 0.0239406, 0.000540817
3483, None, -0.00088054, -0.0341384, 0.000611566
3484, None, -0.0234517, -0.042097, 0.000633607
3485, None, -0.00857861, 0.00729452, 0.000720969
3486, None, -0.00749501, -0.0298488, 0.000682911
3487, None, -0.0169223, -0.021405, 0.000630253
3488, None, -0.00440513, 0.0184885, 0.000617056
3489, None, 0.00832363, 0.0418, 0.000617928
3490, None, -0.015882, 0.0284776, 0.000555581
3491, None, -0.000332578, 0.0413823, 0.000727602
3492, None, 0.0198908, -0.0111443, 0.000722527
3493, None, 0.00525657, 0.0370053, 0.000580753
3494, None, 0.0199926, -0.0279896, 0.000709542
3495, None, -0.0167315, 0.00600139, 0.00059686
3496, None, 0.0084417, -0.0323873, 0.000739201
3497, None, 0.0138563, 0.0201697, 0.000734929
3498, None, 0.0174998, -0.0366889, 0.000719344
3499, None, 0.0119624, 0.0313654, 0.000671179
3500, None, 0.0202489, 0.0441676, 0.000649946
3501, None, 0.0106374, 0.00324913, 0.000511118
3502, None, -0.00295426, 0.0241416, 0.000510889
3503, None, 0.0156198, -0.00575184, 0.000625154
3504, None, -0.0244609, 0.0248886, 0.000550002
3505, None, 0.015239, 0.0375565, 0.000743962
3506, None, -0.0244416, 0.0328708, 0.00055953
3507, None, -0.00336366, -0.0181319, 0.000611321
3508, None, 0.00714744, 0.00214148, 0.000568162
3509, None, 0.0150231, -0.0263833, 0.00071594
3510, None, 0.00287339, -0.0174806, 0.00051651
3511, None, 0.00328715, -0.004681, 0.000714373
3512, None, -0.019695, -0.00436029, 0.000605588
3513, None, -0.0107355, -0.028842, 0.000553721
3514, None, -0.0150443, -0.0174559, 0.000739106
3515, None, -0.00952845, 0.0350112, 0.000610836
3516, None, 0.0199971, -0.0293616, 0.000628632
3517, None, -0.00402006, 0.036726, 0.000607115
3518, None, -0.0208786, -0.0284522, 0.000674583
3519, None, 0.0057771, -0.00956558, 0.000736292
3520, None, -0.0243503, 0.0413365, 0.000684382
3521, None, 0.0167583, 0.0237823, 0.000532304
3522, None, 0.0232695, -0.0209441, 0.000587283
3523, None, -0.000424428, -0.0400789, 0.000713311
3524, None, -0.0052237, -0.00742654, 0.00064081
3525, None, 0.0162676, 0.0257706, 0.000552419
3526, None, 0.010623, -0.0435821, 0.000703145
3527, None, -0.00297745, 0.00519692, 0.000539732
3528, None, 0.00641186, -0.0483933, 0.000538002
3529, None, 0.00693515, 0.0454048, 0.000677
3530, None, 0.0221337, -0.0287227, 0.000644948
3531, None, 0.000249402, 0.0451398, 0.000703389
3532, None, 0.0145764, -0.00517956, 0.00060534
3533, None, -0.000183003, -0.0238194, 0.000610527
3534, None, 0.00266038, -0.0113526, 0.000531381
3535, None, 0.000772407, -0.0185264, 0.000609542
3536, None, -0.00767033, 0.0296526, 0.00057233
3537, None, 0.0211842, 0.00129256, 0.000698766
3538, None, -0.00790187, 0.0384891, 0.00051711
3539, None, -0.0188747, -0.0165683, 0.000614539
3540, None, 0.00606533, 0.0445408, 0.00060019
3541, None, -0.0167648, 0.0203037, 0.000699683
3542, None, 0.00724479, -0.0171172, 0.000563896
3543, None, 0.00390864, -0.0321928, 0.000642734
3544, None, -0.00735792, 0.0111554, 0.000700735
3545, None, 0.00441624, -0.0455872, 0.000732805
3546, None, 0.00842418, -0.0247442, 0.000572124
3547, None, -0.0163502, -0.00297608, 0.00058401
3548, None, -0.0207619, 0.0459502, 0.0007361
3549, None, -0.00954105, 0.00625827, 0.000739575
3550, None, -0.0234983, 0.0311299, 0.000627101
3551, None, -0.00880432, -0.0186588, 0.000657474
3552, None, 0.0197393, 0.00917892, 0.000550241
3553, None, 0.0192422, 0.00589224, 0.000534441
3554, None, 0.0234183, -0.0185742, 0.000629029
3555, None, 0.00892339, -0.0376924, 0.00071284
3556, None, -0.0245123, 0.0485935, 0.00050245
3557, None, -0.0180961, -0.0473605, 0.000718286
3558, None, -0.0066457, -0.0400285, 0.000509721
3559, None, -0.0197218, -0.0145801, 0.000617943
3560, None, -0.000999039, -0.0317346, 0.000515841
3561, None, -0.0148827, -0.0394894, 0.000748918
3562, None, 0.0165348, -0.0221447, 0.000568266
3563, None, -0.000759966, -0.00655954, 0.00061015
3564, None, 0.00607742, -0.0246404, 0.000722236
3565, None, 0.00480545, -0.012216, 0.000728814
3566, None, -0.00128121, -0.0411644, 0.000717031
3567, None, 0.00671807, 0.0195561, 0.00065134
3568, None, -0.0190986, 0.0367945, 0.000635115
3569, None, 0.00488223, 0.0333226, 0.00068369
3570, None, -0.00730455, 0.0246259, 0.000615278
3571, None, 0.00224106, -0.0232245, 0.000689538
3572, None, 0.00493374, -0.023743, 0.000737238
3573, None, -0.0178064, 0.0364375, 0.00072299
3574, None, 0.0205384, 0.0213634, 0.000697573
3575, None, -0.0104686, -0.0111664, 0.000606285
3576, None, -0.00522439, -0.0370034, 0.000739082
3577, None, -0.00573351, -0.00104529, 0.000513988
3578, None, 0.00226859, 0.0299865, 0.000628665
3579, None, -0.0191697, -0.0155138, 0.000535076
3580, None, -0.0223057, 0.0367641, 0.000597204
3581, None, 0.00662591, -0.028511, 0.000709003
3582, None, -0.0154923, 0.0458088, 0.000747812
3583, None, 0.00225374, -0.00806023, 0.000604593
3584, None, 0.00861086, 0.000691964, 0.000502903
3585, None, 0.0161516, -0.0178871, 0.000531542
3586, None, -0.0133832, 0.014446, 0.000611468
3587, None, -0.0198126, 0.0165036, 0.000636597
3588, None, 0.000910144, -0.0231941, 0.000668947
3589, None, 0.000852816, -0.029882, 0.0007401
3590, None, -0.0174569, -0.00503601, 0.000601433
3591, None, -0.0140462, 0.0478057, 0.000583116
3592, None, 0.00190133, -0.0180266, 0.000626772
3593, None, 0.00668507, 0.0266036, 0.000667179
3594, None, -0.0168657, -0.0307605, 0.000710873
3595, None, -0.011344, 0.0151561, 0.000583891
3596, None, 0.006687, -0.00611809, 0.00057459
3597, None, 0.0112059, 0.047294, 0.000694253
3598, None, 0.00460691, -0.0401298, 0.000704682
3599, None, -0.000905843, -0.0328854, 0.000661668
3600, None, -0.0217482, 0.0282355, 0.000621109
3601, None, 0.00803336, 0.022837, 0.0007411
3602, None, -0.00639085, -0.0431713, 0.000678983
