Timestamp,X Position,Y Position,X Velocity,Y Velocity,Rotation,Rotation Velocity,Data1,Data2,Data3,Data4,FPS
0.08399999886751175,0.09999997168779373,0,0,0,0,0,0,0,0,0,118.46937561035156
0.08400499820709229,0.09999997168779373,0.000000004999999969612645,0.0006861621513962746,0.0010000000474974513,0,0,27.4999942779541,-27.5,1.375,0,24.938278198242188
0.08400999754667282,0.09999997168779373,0.00000000999999993922529,0.0006861621513962746,0.0010000000474974513,0,0,53.55564880371094,-53.5556640625,2.6814305782318115,0,24.938278198242188
0.08401499688625336,0.09999997168779373,0.000000014999999464748726,0.0006861621513962746,0.0010000000474974513,0,0,75.04336547851563,-75.04338073730469,3.7664835453033447,0,24.938278198242188
0.08401999622583389,0.09999997168779373,0.00000001999999987845058,0.0006861621513962746,0.0010000000474974513,0,0,92.66463470458984,-92.66465759277344,4.667843818664551,0,24.938278198242188
0.08402499556541443,0.09999997168779373,0.000000025000000292152436,0.0006861621513962746,0.0010000000474974513,0,0,105.89049530029297,-105.89051818847656,5.360954284667969,0,24.938278198242188
0.08402999490499496,0.09999997168779373,0.00000002999999892949745,0.0006861621513962746,0.0010000000474974513,0,0,114.19038391113281,-114.19041442871094,5.8203911781311035,0,24.938278198242188
0.0840349942445755,0.09999997168779373,0.000000034999999343199306,0.0006861621513962746,0.0010000000474974513,0,0,117.3086166381836,-117.30865478515625,6.033578872680664,0,24.938278198242188
0.08404000103473663,0.09999997168779373,0.00000003999999975690116,0.0006861621513962746,0.0010000000474974513,0,0,115.27397918701172,-115.27401733398438,6.0012617111206055,0,24.938278198242188
0.08404500037431717,0.09999997168779373,0.000000045000000170603016,0.0006861621513962746,0.0010000000474974513,0,0,108.09904479980469,-108.09908294677734,5.722516059875488,0,24.938278198242188
0.0840499997138977,0.09999997168779373,0.00000005000000058430487,0.0006861621513962746,0.0010000000474974513,0,0,96.2723617553711,-96.27239227294922,5.219433784484863,0,24.938278198242188
0.08405499905347824,0.09999997168779373,0.000000055000000998006726,0.0006861621513962746,0.0010000000474974513,0,0,80.66149139404297,-80.6615219116211,4.532426834106445,0,24.938278198242188
0.08405999839305878,0.09999997168779373,0.0000000599999978589949,0.0006861621513962746,0.0010000000474974513,0,0,62.32487869262695,-62.32490158081055,3.7110347747802734,0,24.938278198242188
0.08406499773263931,0.09999997168779373,0.00000006499999471998308,0.0006861621513962746,0.0010000000474974513,0,0,42.439002990722656,-42.43902587890625,2.810540199279785,0,24.938278198242188
0.08406999707221985,0.09999997168779373,0.00000006999999158097125,0.0006861621513962746,0.0010000000474974513,0,0,24.2835693359375,-24.283588409423828,1.9915086030960083,0,24.938278198242188
0.08407499641180038,0.09999997168779373,0.00000007499998844195943,0.0006861621513962746,0.0010000000474974513,0,0,6.969728469848633,-6.969743251800537,1.2067339420318604,0,24.938278198242188
0.08407999575138092,0.09999997168779373,0.00000007999998530294761,0.0006861621513962746,0.0010000000474974513,0,0,8.866658210754395,8.866647720336914,0.48585045337677,0,24.938278198242188
0.08408499509096146,0.09999997168779373,0.00000008499998216393578,0.0006861621513962746,0.0010000000474974513,0,0,22.517093658447266,22.517086029052734,-0.13715046644210815,0,24.938278198242188
0.08408999443054199,0.09999997168779373,0.00000008999997902492396,0.0006861621513962746,0.0010000000474974513,0,0,33.44660949707031,33.44660568237305,-0.6361314654350281,0,24.938278198242188
0.08409500122070313,0.09999997168779373,0.00000009499997588591214,0.0006861621513962746,0.0010000000474974513,0,0,41.31529998779297,41.3152961730957,-0.9938478469848633,0,24.938278198242188
0.08410000056028366,0.09999997168779373,0.00000009999997274690031,0.0006861621513962746,0.0010000000474974513,0,0,45.98575210571289,45.985748291015625,-1.2023448944091797,0,24.938278198242188
0.0841049998998642,0.09999997168779373,0.00000010499996960788849,0.0006861621513962746,0.0010000000474974513,0,0,47.51639938354492,47.516395568847656,-1.2627084255218506,0,24.938278198242188
0.08410999923944473,0.09999997168779373,0.00000010999996646887666,0.0006861621513962746,0.0010000000474974513,0,0,45.89303970336914,45.893035888671875,-1.1718660593032837,0,24.938278198242188
0.08411499857902527,0.09999997168779373,0.00000011499996332986484,0.0006861621513962746,0.0010000000474974513,0,0,41.369834899902344,41.36982727050781,-0.9398697018623352,0,24.938278198242188
0.0841199979186058,0.09999997168779373,0.00000011999996729628037,0.0006861621513962746,0.0010000000474974513,0,0,34.48979568481445,34.48978805541992,-0.5909254550933838,0,24.938278198242188
0.08412499725818634,0.09999997168779373,0.0000001249999712626959,0.0006861621513962746,0.0010000000474974513,0,0,26.291275024414063,26.291263580322266,-0.17392565310001373,0,24.938278198242188
0.08412999659776688,0.09999997168779373,0.00000012999997522911144,0.0006861621513962746,0.0010000000474974513,0,0,17.134794235229492,17.134777069091797,0.2959400415420532,0,24.938278198242188
0.08413499593734741,0.09999997168779373,0.00000013499997919552698,0.0006861621513962746,0.0010000000474974513,0,0,7.5504913330078125,7.550467491149902,0.7946500182151794,0,24.938278198242188
0.08413999527692795,0.09999997168779373,0.0000001399999831619425,0.0006861621513962746,0.0010000000474974513,0,0,1.917917251586914,-1.9179480075836182,1.2969895601272583,0,24.938278198242188
0.08414499461650848,0.09999997168779373,0.00000014499998712835804,0.0006861621513962746,0.0010000000474974513,0,0,10.813393592834473,-10.813432693481445,1.7814282178878784,0,24.938278198242188
0.08415000140666962,0.09999997168779373,0.00000014999999109477358,0.0006861621513962746,0.0010000000474974513,0,0,18.792461395263672,-18.792509078979492,2.231372117996216,0,24.938278198242188
0.08415500074625015,0.09999997168779373,0.0000001549999950611891,0.0006861621513962746,0.0010000000474974513,0,0,25.645803451538086,-25.645858764648438,2.6361217498779297,0,24.938278198242188
0.08416000008583069,0.09999997168779373,0.00000015999999902760464,0.0006861621513962746,0.0010000000474974513,0,0,31.30646324157715,-31.306529998779297,2.991272449493408,0,24.938278198242188
0.08416499942541122,0.09999997168779373,0.00000016500000299402018,0.0006861621513962746,0.0010000000474974513,0,0,35.84244155883789,-35.84252166748047,3.2984213829040527,0,24.938278198242188
0.08416999876499176,0.09999997168779373,0.0000001700000069604357,0.0006861621513962746,0.0010000000474974513,0,0,39.417152404785156,-39.417240142822266,3.5634984970092773,0,24.938278198242188
0.0841749981045723,0.09999997168779373,0.00000017500001092685125,0.0006861621513962746,0.0010000000474974513,0,0,42.26896667480469,-42.269065856933594,3.7958602905273438,0,24.938278198242188
0.08417999744415283,0.09999997168779373,0.00000018000001489326678,0.0006861621513962746,0.0010000000474974513,0,0,44.694557189941406,-44.694664001464844,4.007523536682129,0,24.938278198242188
0.08418499678373337,0.09999997168779373,0.00000018500001885968231,0.0006861621513962746,0.0010000000474974513,0,0,47.014854431152344,-47.01496887207031,4.2116546630859375,0,24.938278198242188
0.0841899961233139,0.09999997168779373,0.00000019000002282609785,0.0006861621513962746,0.0010000000474974513,0,0,49.539512634277344,-49.53962707519531,4.420990943908691,0,24.938278198242188
0.08419499546289444,0.09999997168779373,0.00000019500002679251338,0.0006861621513962746,0.0010000000474974513,0,0,52.53269577026367,-52.532814025878906,4.646318435668945,0,24.938278198242188
0.08419999480247498,0.09999997168779373,0.00000020000003075892892,0.0006861621513962746,0.0010000000474974513,0,0,56.18302536010742,-56.183143615722656,4.895134449005127,0,24.938278198242188
0.08420500159263611,0.09999997168779373,0.00000020500003472534445,0.0006861621513962746,0.0010000000474974513,0,0,60.580108642578125,-60.58022689819336,5.1706132888793945,0,24.938278198242188
0.08421000093221664,0.09999997168779373,0.00000021000003869175998,0.0006861621513962746,0.0010000000474974513,0,0,65.69957733154297,-65.69969177246094,5.470945835113525,0,24.938278198242188
0.08421500027179718,0.09999997168779373,0.00000021500004265817552,0.0006861621513962746,0.0010000000474974513,0,0,71.39549255371094,-71.39559173583984,5.789023399353027,0,24.938278198242188
0.08421999961137772,0.09999997168779373,0.00000022000004662459105,0.0006861621513962746,0.0010000000474974513,0,0,77.40010070800781,-77.40019226074219,6.112468242645264,0,24.938278198242188
0.08422499895095825,0.09999997168779373,0.00000022500005059100658,0.0006861621513962746,0.0010000000474974513,0,0,83.3409652709961,-83.34104919433594,6.424415588378906,0,24.938278198242188
0.08422999829053879,0.09999997168779373,0.00000023000005455742212,0.0006861621513962746,0.0010000000474974513,0,0,88.76846313476563,-88.76853942871094,6.704763889312744,0,24.938278198242188
0.08423499763011932,0.09999997168779373,0.00000023500005852383765,0.0006861621513962746,0.0010000000474974513,0,0,93.1916275024414,-93.19168853759766,6.931798458099365,0,24.938278198242188
0.08423999696969986,0.09999997168779373,0.00000024000004827939847,0.0006861621513962746,0.0010000000474974513,0,0,96.13277435302734,-96.13282012939453,7.084603786468506,0,24.938278198242188
0.0842449963092804,0.09999997168779373,0.000000245000052245814,0.0006861621513962746,0.0010000000474974513,0,0,97.16659545898438,-97.16664123535156,7.144835472106934,0,24.938278198242188
0.08424999564886093,0.09999997168779373,0.00000025000005621222954,0.0006861621513962746,0.0010000000474974513,0,0,95.95207977294922,-95.95210266113281,7.0981669425964355,0,24.938278198242188
0.08425499498844147,0.09999997168779373,0.00000025500006017864507,0.0006861621513962746,0.0010000000474974513,0,0,92.20178985595703,-92.2018051147461,6.932575225830078,0,24.938278198242188
0.084259994328022,0.09999997168779373,0.0000002600000641450606,0.0006861621513962746,0.0010000000474974513,0,0,85.57447052001953,-85.5744857788086,6.632791519165039,0,24.938278198242188
0.08426500111818314,0.09999997168779373,0.00000026500006811147614,0.0006861621513962746,0.0010000000474974513,0,0,76.58857727050781,-76.58858489990234,6.225822925567627,0,24.938278198242188
0.08427000045776367,0.09999997168779373,0.00000027000007207789167,0.0006861621513962746,0.0010000000474974513,0,0,65.84440612792969,-65.84441375732422,5.742038249969482,0,24.938278198242188
0.08427499979734421,0.09999997168779373,0.0000002750000760443072,0.0006861621513962746,0.0010000000474974513,0,0,53.1898193359375,-53.18983459472656,5.1734724044799805,0,24.938278198242188
0.08427999913692474,0.09999997168779373,0.00000028000008001072274,0.0006861621513962746,0.0010000000474974513,0,0,39.20469284057617,-39.204708099365234,4.54799747467041,0,24.938278198242188
0.08428499847650528,0.09999997168779373,0.0000002850000839771383,0.0006861621513962746,0.0010000000474974513,0,0,24.60256004333496,-24.602581024169922,3.899482250213623,0,24.938278198242188
0.08428999781608582,0.09999997168779373,0.0000002900000879435538,0.0006861621513962746,0.0010000000474974513,0,0,10.19152545928955,-10.191555976867676,3.2659661769866943,0,24.938278198242188
0.08429499715566635,0.09999997168779373,0.00000029500009190996934,0.0006861621513962746,0.0010000000474974513,0,0,3.173079490661621,3.1730384826660156,2.6874537467956543,0,24.938278198242188
0.08429999649524689,0.09999997168779373,0.0000003000000958763849,0.0006861621513962746,0.0010000000474974513,0,0,14.63861083984375,14.638556480407715,2.2035930156707764,0,24.938278198242188
0.08430499583482742,0.09999997168779373,0.0000003050000998428004,0.0006861621513962746,0.0010000000474974513,0,0,23.410140991210938,23.410072326660156,1.8511364459991455,0,24.938278198242188
0.08430999517440796,0.09999997168779373,0.00000031000010380921594,0.0006861621513962746,0.0010000000474974513,0,0,28.804197311401367,28.804113388061523,1.6614707708358765,0,24.938278198242188
0.0843149945139885,0.09999997168779373,0.0000003150001077756315,0.0006861621513962746,0.0010000000474974513,0,0,29.94463348388672,29.94453239440918,1.6760272979736328,0,24.938278198242188
0.08432000130414963,0.09999997168779373,0.000000320000111742047,0.0006861621513962746,0.0010000000474974513,0,0,26.46750259399414,26.46738624572754,1.911258339881897,0,24.938278198242188
0.08432500064373016,0.09999997168779373,0.00000032500011570846254,0.0006861621513962746,0.0010000000474974513,0,0,18.322721481323242,18.322587966918945,2.3686916828155518,0,24.938278198242188
0.0843299999833107,0.09999997168779373,0.0000003300001196748781,0.0006861621513962746,0.0010000000474974513,0,0,5.742644309997559,5.742493152618408,3.0365757942199707,0,24.938278198242188
0.08433499932289124,0.09999997168779373,0.0000003350001236412936,0.0006861621513962746,0.0010000000474974513,0,0,10.764653205871582,-10.764820098876953,3.890225410461426,0,24.938278198242188
0.08433999866247177,0.09999997168779373,0.00000034000012760770915,0.0006861621513962746,0.0010000000474974513,0,0,30.432815551757813,-30.432994842529297,4.892899990081787,0,24.938278198242188
0.08434499800205231,0.09999997168779373,0.0000003450001315741247,0.0006861621513962746,0.0010000000474974513,0,0,52.288536071777344,-52.28873062133789,5.998191833496094,0,24.938278198242188
0.08434999734163284,0.09999997168779373,0.0000003500001355405402,0.0006861621513962746,0.0010000000474974513,0,0,73.60591888427734,-73.60611724853516,7.072547912597656,0,24.938278198242188
0.08435499668121338,0.09999997168779373,0.00000035500013950695575,0.0006861621513962746,0.0010000000474974513,0,0,94.42787170410156,-94.42808532714844,8.120922088623047,0,24.938278198242188
0.08435999602079391,0.09999997168779373,0.0000003600001434733713,0.0006861621513962746,0.0010000000474974513,0,0,114.12925720214844,-114.12947082519531,9.114880561828613,0,24.938278198242188
0.08436499536037445,0.09999997168779373,0.0000003650001474397868,0.0006861621513962746,0.0010000000474974513,0,0,131.76612854003906,-131.76634216308594,10.00993537902832,0,24.938278198242188
0.08436999469995499,0.09999997168779373,0.00000037000015140620235,0.0006861621513962746,0.0010000000474974513,0,0,146.50315856933594,-146.50335693359375,10.766715049743652,0,24.938278198242188
0.08437500149011612,0.09999997168779373,0.0000003750001553726179,0.0006861621513962746,0.0010000000474974513,0,0,157.66177368164063,-157.66197204589844,11.353209495544434,0,24.938278198242188
0.08438000082969666,0.09999997168779373,0.0000003800001593390334,0.0006861621513962746,0.0010000000474974513,0,0,164.75888061523438,-164.75906372070313,11.746567726135254,0,24.938278198242188
0.08438500016927719,0.09999997168779373,0.00000038500016330544895,0.0006861621513962746,0.0010000000474974513,0,0,167.533447265625,-167.5336151123047,11.93433666229248,0,24.938278198242188
0.08438999950885773,0.09999997168779373,0.0000003900001672718645,0.0006861621513962746,0.0010000000474974513,0,0,165.9596405029297,-165.9597930908203,11.91508674621582,0,24.938278198242188
0.08439499884843826,0.09999997168779373,0.00000039500017123828,0.0006861621513962746,0.0010000000474974513,0,0,160.17288208007813,-160.17300415039063,11.694710731506348,0,24.938278198242188
0.0843999981880188,0.09999997168779373,0.00000040000017520469555,0.0006861621513962746,0.0010000000474974513,0,0,150.30625915527344,-150.30638122558594,11.278318405151367,0,24.938278198242188
0.08440499752759933,0.09999997168779373,0.0000004050001791711111,0.0006861621513962746,0.0010000000474974513,0,0,137.04281616210938,-137.0428924560547,10.697911262512207,0,24.938278198242188
0.08440999686717987,0.09999997168779373,0.0000004100001831375266,0.0006861621513962746,0.0010000000474974513,0,0,121.2464599609375,-121.24653625488281,9.994098663330078,0,24.938278198242188
0.0844149962067604,0.09999997168779373,0.00000041500018710394215,0.0006861621513962746,0.0010000000474974513,0,0,105.08191680908203,-105.08197021484375,9.272284507751465,0,24.938278198242188
0.08441999554634094,0.09999997168779373,0.0000004200001910703577,0.0006861621513962746,0.0010000000474974513,0,0,89.11567687988281,-89.11572265625,8.558085441589355,0,24.938278198242188
0.08442499488592148,0.09999997168779373,0.0000004250001950367732,0.0006861621513962746,0.0010000000474974513,0,0,73.42435455322266,-73.42437744140625,7.852901935577393,0,24.938278198242188
0.08442999422550201,0.09999997168779373,0.00000043000019900318875,0.0006861621513962746,0.0010000000474974513,0,0,58.8001708984375,-58.80018997192383,7.1942548751831055,0,24.938278198242188
0.08443500101566315,0.09999997168779373,0.0000004350002029696043,0.0006861621513962746,0.0010000000474974513,0,0,45.941131591796875,-45.9411506652832,6.615444183349609,0,24.938278198242188
0.08444000035524368,0.09999997168779373,0.0000004400002069360198,0.0006861621513962746,0.0010000000474974513,0,0,35.41465759277344,-35.414676666259766,6.143837928771973,0,24.938278198242188
0.08444499969482422,0.09999997168779373,0.00000044500021090243536,0.0006861621513962746,0.0010000000474974513,0,0,27.630918502807617,-27.630939483642578,5.799610137939453,0,24.938278198242188
0.08444999903440475,0.09999997168779373,0.0000004500002148688509,0.0006861621513962746,0.0010000000474974513,0,0,22.82718276977539,-22.827211380004883,5.594974994659424,0,24.938278198242188
0.08445499837398529,0.09999997168779373,0.0000004550002188352664,0.0006861621513962746,0.0010000000474974513,0,0,21.15608024597168,-21.1561222076416,5.538572788238525,0,24.938278198242188
0.08445999771356583,0.09999997168779373,0.00000046000022280168196,0.0006861621513962746,0.0010000000474974513,0,0,22.779273986816406,-22.77933120727539,5.640087604522705,0,24.938278198242188
0.08446499705314636,0.09999997168779373,0.0000004650002267680975,0.0006861621513962746,0.0010000000474974513,0,0,27.401119232177734,-27.401195526123047,5.886655807495117,0,24.938278198242188
0.0844699963927269,0.09999997168779373,0.000000470000230734513,0.0006861621513962746,0.0010000000474974513,0,0,34.57291793823242,-34.57301330566406,6.258096218109131,0,24.938278198242188
0.08447499573230743,0.09999997168779373,0.00000047500023470092856,0.0006861621513962746,0.0010000000474974513,0,0,43.72764587402344,-43.72776412963867,6.728519439697266,0,24.938278198242188
0.08447999507188797,0.09999997168779373,0.0000004800002102456347,0.0006861621513962746,0.0010000000474974513,0,0,54.22462844848633,-54.224769592285156,7.26838493347168,0,24.938278198242188
0.0844849944114685,0.09999997168779373,0.0000004850002142120502,0.0006861621513962746,0.0010000000474974513,0,0,65.39710998535156,-65.39727783203125,7.846701145172119,0,24.938278198242188
0.08449000120162964,0.09999997168779373,0.0000004900002181784657,0.0006861621513962746,0.0010000000474974513,0,0,76.07241821289063,-76.0726089477539,8.406865119934082,0,24.938278198242188
0.08449500054121017,0.09999997168779373,0.0000004950002221448813,0.0006861621513962746,0.0010000000474974513,0,0,86.18228149414063,-86.1824951171875,8.946968078613281,0,24.938278198242188
0.08449999988079071,0.09999997168779373,0.0000005000002261112968,0.0006861621513962746,0.0010000000474974513,0,0,95.35745239257813,-95.35769653320313,9.44947624206543,0,24.938278198242188
0.08449999988079071,0.09999997168779373,0.0000005050002300777123,0.0006861621513962746,0.0010000000474974513,0,0,103.2874984741211,-103.28775787353516,9.899147033691406,0,24.938278198242188
0.08450499922037125,0.09999997168779373,0.0000005048358389103669,0.0006861621513962746,-0.00003287742947577499,0.00000001260398363456261,0.0025207968428730965,78.32667541503906,-78.32694244384766,8.70014762878418,0,6.7247233390808105
0.08450999855995178,0.09999997168779373,0.0000005044221325078979,0.0006861621513962746,-0.00008274173887912184,0.000000047362711086407216,0.0069517455995082855,46.00916290283203,-46.00944137573242,7.114058971405029,0,6.7247233390808105
0.08451499789953232,0.09999997168779373,0.0000005038619974584435,0.0006861621513962746,-0.00011203208123333752,0.00000010023723717722532,0.010574905201792717,10.001887321472168,-10.002168655395508,5.322185516357422,0,6.7247233390808105
0.08451999723911285,0.09999997168779373,0.0000005032699732510082,0.0006861621513962746,-0.00011839947546832263,0.00000016666459146108537,0.013285471126437187,23.911317825317383,23.91103744506836,3.6116809844970703,0,6.7247233390808105
0.08452499657869339,0.09999997168779373,0.0000005027540623814275,0.0006861621513962746,-0.00010317705164197832,0.0000002422890190700855,0.015124885365366936,52.36868667602539,52.368412017822266,2.148808002471924,0,6.7247233390808105
0.08452999591827393,0.09999997168779373,0.0000005024048732593656,0.0006861621513962746,-0.00006983810453675687,0.00000032338533628717414,0.016219263896346092,73.9901123046875,73.9898452758789,1.0011377334594727,0,6.7247233390808105
0.08453499525785446,0.09999997168779373,0.0000005022911864216439,0.0006861621513962746,-0.00002273453719681129,0.0000004070310524184606,0.016729140654206276,86.56314086914063,86.5628890991211,0.27840694785118103,0,6.7247233390808105
0.084539994597435,0.09999997168779373,0.0000005024530764785595,0.0006861621513962746,0.000032373271096730605,0.0000004913857196697791,0.016870932653546333,88.81201171875,88.81178283691406,0.044182464480400085,0,6.7247233390808105
0.08454500138759613,0.09999997168779373,0.0000005028976488574699,0.0006861621513962746,0.00008891275501810014,0.0000005758528800470231,0.016893433406949043,80.11967468261719,80.11945343017578,0.3298454284667969,0,6.7247233390808105
0.08455000072717667,0.09999997168779373,0.0000005035972208133899,0.0006861621513962746,0.0001399185275658965,0.0000006611600156247732,0.017061421647667885,60.90579605102539,60.90559768676758,1.1157232522964478,0,6.7247233390808105
0.0845550000667572,0.09999997168779373,0.000000504490685671044,0.0006861621513962746,0.0001786923676263541,0.0000007493082989640243,0.017629655078053474,33.3636589050293,33.36348342895508,2.294178009033203,0,6.7247233390808105
0.08455999940633774,0.09999997168779373,0.0000005054903340351302,0.0006861621513962746,0.00019993234309367836,0.0000008432986646766949,0.018798070028424263,1.6874208450317383,1.6872687339782715,3.6581034660339355,0,6.7247233390808105
0.08456499874591827,0.09999997168779373,0.0000005064953825240082,0.0006861621513962746,0.00020100659457966685,0.0000009466043024985993,0.0206611268222332,29.0603084564209,-29.060436248779297,4.957360744476318,0,6.7247233390808105
0.08456999808549881,0.09999997168779373,0.0000005074078899269807,0.0006861621513962746,0.00018250622088089585,0.0000010625337836245308,0.023185890167951584,58.062522888183594,-58.06262969970703,6.154262542724609,0,6.7247233390808105
0.08457499742507935,0.09999997168779373,0.0000005081355993752368,0.0006861621513962746,0.00014554246445186436,0.0000011941349384869682,0.026320230215787888,82.31017303466797,-82.31025695800781,7.101470470428467,0,6.7247233390808105
0.08457999676465988,0.09999997168779373,0.0000005086013175059634,0.0006861621513962746,0.0000931421818677336,0.0000013438198038784321,0.029936980456113815,99.2908706665039,-99.29093170166016,7.676186561584473,0,6.7247233390808105
0.08458499610424042,0.09999997168779373,0.0000005087509862278239,0.0006861621513962746,0.00002993165617226623,0.0000015130519841477508,0.033846426755189896,107.24398803710938,-107.24403381347656,7.79278039932251,0,6.7247233390808105
0.08458999544382095,0.09999997168779373,0.0000005085592533760064,0.0006861621513962746,-0.00003834198651020415,0.0000017021282019413775,0.03781525418162346,105.34437561035156,-105.34440612792969,7.411835670471191,0,6.7247233390808105
0.08459499478340149,0.09999997168779373,0.000000508032201196329,0.0006861621513962746,-0.00010540630319155753,0.0000019100784811598714,0.041590068489313126,92.99297332763672,-92.99299621582031,6.504598140716553,0,6.7247233390808105
0.08460000157356262,0.09999997168779373,0.0000005072091653346433,0.0006861621513962746,-0.000164607452461496,0.0000021345927052607294,0.04490283504128456,73.153564453125,-73.1535873413086,5.219799518585205,0,6.7247233390808105
0.08460500091314316,0.09999997168779373,0.0000005061532988293038,0.0006861621513962746,-0.00021117847063578665,0.0000023723989670543233,0.04756125435233116,46.83881378173828,-46.83884048461914,3.6080243587493896,0,6.7247233390808105
0.0846100002527237,0.09999997168779373,0.0000005049483320362924,0.0006861621513962746,-0.0002409969747532159,0.0000026193929443252273,0.04939880594611168,16.799480438232422,-16.799516677856445,1.8062825202941895,0,6.7247233390808105
0.08461499959230423,0.09999997168779373,0.000000503689875586133,0.0006861621513962746,-0.00025169187574647367,0.000002870986691050348,0.05031873658299446,13.812810897827148,13.812760353088379,-0.02868969365954399,0,6.7247233390808105
0.08461999893188477,0.09999997168779373,0.000000502475359098753,0.0006861621513962746,-0.0002428983716527,0.0000031225072234519757,0.05030412599444389,41.77088165283203,41.770809173583984,-1.7365036010742188,0,6.7247233390808105
0.0846249982714653,0.09999997168779373,0.0000005013938562115072,0.0006861621513962746,-0.00021630620176438242,0.0000033696057926135836,0.04941973462700844,64.10803985595703,64.10794067382813,-3.169701099395752,0,6.7247233390808105
0.08462999761104584,0.09999997168779373,0.0000005005163643545529,0.0006861621513962746,-0.00017549375479575247,0.000003608632823670632,0.04780541732907295,78.45345306396484,78.45332336425781,-4.2101006507873535,0,6.7247233390808105
0.08463499695062637,0.09999997168779373,0.000000499888642480073,0.0006861621513962746,-0.00012554872955661267,0.000003836938958556857,0.04566122964024544,83.2446060180664,83.24444580078125,-4.7795515060424805,0,6.7247233390808105
0.08463999629020691,0.09999997168779373,0.0000004995258677809034,0.0006861621513962746,-0.00007255356467794627,0.000004053074007970281,0.043227020651102066,76.85839080810547,76.85818481445313,-4.796391487121582,0,6.7247233390808105
0.08464499562978745,0.09999997168779373,0.0000004994077471565106,0.0006861621513962746,-0.000023623993911314756,0.000004256994998286245,0.040784236043691635,59.896236419677734,59.89599609375,-4.289665222167969,0,6.7247233390808105
0.08464999496936798,0.09999997168779373,0.000000499480279358977,0.0006861621513962746,0.00001450713534723036,0.000004449992502486566,0.03859952464699745,34.149105072021484,34.148826599121094,-3.347381591796875,0,6.7247233390808105
0.08465499430894852,0.09999997168779373,0.0000004996614961783052,0.0006861621513962746,0.00003624712917371653,0.000004634466222341871,0.036894720047712326,3.6455795764923096,3.6452622413635254,-2.1689844131469727,0,6.7247233390808105
0.08466000109910965,0.09999997168779373,0.0000004998543090550811,0.0006861621513962746,0.00003856797775370069,0.000004813416580873309,0.03579006716609001,28.048593521118164,-28.048948287963867,-0.9304364323616028,0,6.7247233390808105
0.08466500043869019,0.09999997168779373,0.0000004999578777642455,0.0006861621513962746,0.00002071169001283124,0.000004989997705706628,0.03531620278954506,58.97263717651367,-58.97303009033203,0.27274569869041443,0,6.7247233390808105
0.08466999977827072,0.09999997168779373,0.0000004998736926609126,0.0006861621513962746,-0.000016831454558996484,0.000005167273229744751,0.03545511141419411,86.02153015136719,-86.0219497680664,1.287879228591919,0,6.7247233390808105
0.08467499911785126,0.09999997168779373,0.0000004995156928089273,0.0006861621513962746,-0.00007159446249715984,0.000005347828391677467,0.036111023277044296,106.47388458251953,-106.47432708740234,1.9813556671142578,0,6.7247233390808105
0.0846799984574318,0.09999997168779373,0.0000004988187924936938,0.0006861621513962746,-0.0001393778366036713,0.000005533428975468269,0.03712012246251106,118.26895141601563,-118.2694091796875,2.2523529529571533,0,6.7247233390808105
0.08468499779701233,0.09999997168779373,0.0000004977454182153451,0.0006861621513962746,-0.00021467020269483328,0.000005724765287595801,0.038267236202955246,120.21678161621094,-120.21724700927734,2.0432288646698,0,6.7247233390808105
0.08468999713659286,0.09999997168779373,0.0000004962894308846444,0.0006861621513962746,-0.00029120256658643484,0.0000059213043641648255,0.0393078438937664,111.37788391113281,-111.37834167480469,1.308436393737793,0,6.7247233390808105
0.0846949964761734,0.09999997168779373,0.0000004944789111505088,0.0006861621513962746,-0.0003621079376898706,0.000006121175374573795,0.03997422382235527,92.5583267211914,-92.55877685546875,0.08925303816795349,0,6.7247233390808105
0.08469999581575394,0.09999997168779373,0.0000004923737719764176,0.0006861621513962746,-0.00042103236773982644,0.000006321273758658208,0.0400196798145771,65.83393096923828,-65.83436584472656,-1.5099908113479614,0,6.7247233390808105
0.08470499515533447,0.09999997168779373,0.0000004900590511169867,0.0006861621513962746,-0.00046294357161968946,0.000006517526799143525,0.03925064578652382,34.153560638427734,-34.15397644042969,-3.341674566268921,0,6.7247233390808105
0.08470999449491501,0.09999997168779373,0.0000004876356456406938,0.0006861621513962746,-0.00048468640306964517,0.000006705270607199054,0.037548746913671494,2.462430000305176,-2.4628124237060547,-5.1586174964904785,0,6.7247233390808105
0.08471500128507614,0.09999997168779373,0.0000004852043957725982,0.0006861621513962746,-0.00048625405179336667,0.000006879878128529526,0.03492148593068123,25.402870178222656,25.402524948120117,-6.769198894500732,0,6.7247233390808105
0.08472000062465668,0.09999997168779373,0.0000004828539772461227,0.0006861621513962746,-0.0004700821009464562,0.000007037247996777296,0.03147396072745323,48.561100006103516,48.560794830322266,-8.129560470581055,0,6.7247233390808105
0.08472499996423721,0.09999997168779373,0.0000004806581159755297,0.0006861621513962746,-0.00043916713912039995,0.0000071739159466233104,0.027333609759807587,64.6902084350586,64.68994140625,-9.123676300048828,0,6.7247233390808105
0.08472999930381775,0.09999997168779373,0.0000004786681984114693,0.0006861621513962746,-0.0003979840548709035,0.000007287350854312535,0.02268695831298828,72.17887115478516,72.17864227294922,-9.670829772949219,0,6.7247233390808105
0.08473499864339828,0.09999997168779373,0.0000004769080419464444,0.0006861621513962746,-0.0003520335303619504,0.000007376158919214504,0.01776164397597313,70.28952026367188,70.2893295288086,-9.733689308166504,0,6.7247233390808105
0.08473999798297882,0.09999997168779373,0.00000047537162117805565,0.0006861621513962746,-0.0003072858089581132,0.000007440180525009055,0.012804316356778145,58.58530044555664,58.58515167236328,-9.289602279663086,0,6.7247233390808105
0.08474499732255936,0.09999997168779373,0.00000047402167524523975,0.0006861621513962746,-0.00026998925022780895,0.000007480546173610492,0.00807316042482853,38.07722473144531,38.077110290527344,-8.387967109680176,0,6.7247233390808105
0.08474999666213989,0.09999997168779373,0.0000004727929194814351,0.0006861621513962746,-0.0002457485534250736,0.0000074995523391407914,0.003801204264163971,13.58905029296875,13.588967323303223,-7.268554210662842,0,6.7247233390808105
0.08475499600172043,0.09999997168779373,0.0000004716074215593835,0.0006861621513962746,-0.00023709749802947044,0.0000075000489232479595,0.00009936024434864521,14.175516128540039,-14.175575256347656,-5.964973449707031,0,6.7247233390808105
0.08475999534130096,0.09999997168779373,0.0000004703768183844659,0.0006861621513962746,-0.0002461218973621726,0.000007485356036340818,-0.0029385758098214865,42.64036560058594,-42.64040756225586,-4.604435920715332,0,6.7247233390808105
0.0847649946808815,0.09999997168779373,0.00000046901047312530864,0.0006861621513962746,-0.00027326762210577726,0.0000074589379437384196,-0.0052835955284535885,68.93281555175781,-68.93284606933594,-3.329113006591797,0,6.7247233390808105
0.08477000147104263,0.09999997168779373,0.0000004674247122693487,0.0006861621513962746,-0.0003171516000293195,0.000007424042451020796,-0.0069790990091860294,90.40704345703125,-90.40707397460938,-2.2701125144958496,0,6.7247233390808105
0.08477500081062317,0.09999997168779373,0.00000046555118160540587,0.0006861621513962746,-0.0003747065202333033,0.000007383366209978703,-0.008135257288813591,104.91307067871094,-104.9131088256836,-1.5341625213623047,0,6.7247233390808105
0.0847800001502037,0.09999997168779373,0.0000004633436958556558,0.0006861621513962746,-0.00044149626046419144,0.000007338783234445145,-0.008916599676012993,111.01456451416016,-111.0146255493164,-1.1928176879882813,0,6.7247233390808105
0.08478499948978424,0.09999997168779373,0.00000046078284299255756,0.0006861621513962746,-0.0005121703143231571,0.000007291162546607666,-0.009524095803499222,107.58126068115234,-107.58134460449219,-1.3028943538665771,0,6.7247233390808105
0.08478999882936478,0.09999997168779373,0.00000045787953695253236,0.0006861621513962746,-0.000580658670514822,0.000007240224476845469,-0.010187653824687004,94.61970520019531,-94.61981201171875,-1.8649406433105469,0,6.7247233390808105
0.08479499816894531,0.09999997168779373,0.00000045467504605767317,0.0006861621513962746,-0.0006408954504877329,0.000007184537025750615,-0.011137459427118301,74.8965072631836,-74.89664459228516,-2.7420177459716797,0,6.7247233390808105
0.08479999750852585,0.09999997168779373,0.00000045123215386411175,0.0006861621513962746,-0.0006885760230943561,0.000007121867383830249,-0.01253395713865757,50.14839172363281,-50.1485710144043,-3.8491029739379883,0,6.7247233390808105
0.08480499684810638,0.09999997168779373,0.0000004476296453503892,0.0006861621513962746,-0.000720501528121531,0.000007049396117508877,-0.014494288712739944,22.668703079223633,-22.668916702270508,-5.073622703552246,0,6.7247233390808105
0.08480999618768692,0.09999997168779373,0.0000004439549741164228,0.0006861621513962746,-0.0007349328370764852,0.0000069640050242014695,-0.017078261822462082,4.711230278015137,4.710977554321289,-6.276205539703369,0,6.7247233390808105
0.08481499552726746,0.09999997168779373,0.0000004402953095450357,0.0006861621513962746,-0.0007319336291402578,0.000006862631380499806,-0.020274706184864044,29.202905654907227,29.20261573791504,-7.31942081451416,0,6.7247233390808105
0.08481999486684799,0.09999997168779373,0.000000436728583963486,0.0006861621513962746,-0.0007133424514904618,0.0000067426190071273595,-0.024002455174922943,48.32649612426758,48.326171875,-8.081080436706543,0,6.7247233390808105
0.08482499420642853,0.09999997168779373,0.0000004333157050950831,0.0006861621513962746,-0.0006825767923146486,0.0000066020284066325985,-0.028118114918470383,60.163352966308594,60.163002014160156,-8.466743469238281,0,6.7247233390808105
0.08483000099658966,0.09999997168779373,0.00000043009433170482225,0.0006861621513962746,-0.0006442755693569779,0.0000064398773247376084,-0.03243019059300423,63.495792388916016,63.495418548583984,-8.416611671447754,0,6.7247233390808105
0.0848350003361702,0.09999997168779373,0.000000427075065090321,0.0006861621513962746,-0.000603852909989655,0.0000062562935454479884,-0.03671673312783241,57.28807830810547,57.28768539428711,-7.879520416259766,0,6.7247233390808105
0.08483999967575073,0.09999997168779373,0.00000042423815216352523,0.0006861621513962746,-0.000567382201552391,0.000006052644948795205,-0.040729742497205734,42.32399368286133,42.323585510253906,-6.894769191741943,0,6.7247233390808105
0.08484499901533127,0.09999997168779373,0.00000042153595813942957,0.0006861621513962746,-0.000540437875315547,0.000005831439011672046,-0.04424121603369713,20.371713638305664,20.37130355834961,-5.550468921661377,0,6.7247233390808105
0.0848499983549118,0.09999997168779373,0.0000004188986224562541,0.0006861621513962746,-0.000527468859218061,0.000005596098617388634,-0.047068048268556595,6.031306266784668,-6.031715393066406,-3.9730050563812256,0,6.7247233390808105
0.08485499769449234,0.09999997168779373,0.00000041624207369750366,0.0006861621513962746,-0.0005313084693625569,0.0000053506410040427,-0.049091484397649765,33.844661712646484,-33.845062255859375,-2.3137073516845703,0,6.7247233390808105
0.08485999703407288,0.09999997168779373,0.000000413477806660012,0.0006861621513962746,-0.000552854617126286,0.000005099291684018681,-0.05026984587311745,58.18690490722656,-58.187294006347656,-0.815906286239624,0,6.7247233390808105
0.08486499637365341,0.09999997168779373,0.0000004105283153421624,0.0006861621513962746,-0.0005898975068703294,0.0000048458646233484615,-0.05068538710474968,77.45660400390625,-77.45696258544922,0.4409627914428711,0,6.7247233390808105
0.08486999571323395,0.09999997168779373,0.000000407332265695004,0.0006861621513962746,-0.0006392078939825296,0.000004593560788634932,-0.050460804253816605,90.38435363769531,-90.38468933105469,1.393815517425537,0,6.7247233390808105
0.08487499505281448,0.09999997168779373,0.0000004038485315049911,0.0006861621513962746,-0.0006967483786866069,0.000004344806256995071,-0.04975094273686409,95.56208038330078,-95.56238555908203,1.9722596406936646,0,6.7247233390808105
0.08487999439239502,0.09999997168779373,0.0000004000605997589446,0.0006861621513962746,-0.000757585046812892,0.0000041010739550984,-0.04874647781252861,92.37672424316406,-92.37699127197266,2.145189046859741,0,6.7247233390808105
0.08488500118255615,0.09999997168779373,0.0000003959786170071311,0.0006861621513962746,-0.0008163938764482737,0.000003862804078380577,-0.047653939574956894,80.40473175048828,-80.40496826171875,1.8904634714126587,0,6.7247233390808105
0.08489000052213669,0.09999997168779373,0.00000039164072518360626,0.0006861621513962746,-0.0008675811113789678,0.000003629348384492914,-0.046691130846738815,60.79518508911133,-60.79538345336914,1.2640588283538818,0,6.7247233390808105
0.08489499986171722,0.09999997168779373,0.0000003871093099405698,0.0006861621513962746,-0.0009062845492735505,0.000003399111619728501,-0.04604734852910042,35.661033630371094,-35.661197662353516,0.3696362376213074,0,6.7247233390808105
0.08489999920129776,0.09999997168779373,0.0000003824643783900683,0.0006861621513962746,-0.0009289870504289865,0.0000031698161819804227,-0.045859094709157944,9.26517105102539,-9.265300750732422,-0.5820567607879639,0,6.7247233390808105
0.0849049985408783,0.09999997168779373,0.00000037778994510517805,0.0006861621513962746,-0.0009348854655399919,0.00000293903849524213,-0.04615553095936775,15.558219909667969,15.55811882019043,-1.451980710029602,0,6.7247233390808105
0.08490999788045883,0.09999997168779373,0.000000373165050859825,0.0006861621513962746,-0.0009249808499589562,0.000002704563485167455,-0.046895015984773636,37.785438537597656,37.78536605834961,-2.191739082336426,0,6.7247233390808105
0.08491499722003937,0.09999997168779373,0.00000036866040886707196,0.0006861621513962746,-0.0009009259520098567,0.000002464507133481675,-0.048011261969804764,55.173885345458984,55.173831939697266,-2.691951036453247,0,6.7247233390808105
0.0849199965596199,0.09999997168779373,0.00000036433141303859884,0.0006861621513962746,-0.0008658011211082339,0.000002217595920228632,-0.04938225820660591,65.96484375,65.96479797363281,-2.8672425746917725,0,6.7247233390808105
0.08492499589920044,0.09999997168779373,0.0000003602123683776881,0.0006861621513962746,-0.0008238066220656037,0.0000019633832835097564,-0.0508425347507,69.06558990478516,69.06555938720703,-2.6652283668518066,0,6.7247233390808105
0.08492999523878098,0.09999997168779373,0.00000035631316563922155,0.0006861621513962746,-0.0007798380684107542,0.000001702383656265738,-0.05219992622733116,63.81951141357422,63.81949234008789,-2.0549252033233643,0,6.7247233390808105
0.08493499457836151,0.09999997168779373,0.0000003526171212797635,0.0006861621513962746,-0.0007392093539237976,0.000001436151251255069,-0.05324649438261986,51.08387756347656,51.0838623046875,-1.080596685409546,0,6.7247233390808105
0.08494000136852264,0.09999997168779373,0.00000034908367751995684,0.0006861621513962746,-0.0007066883845254779,0.0000011671670563373482,-0.05379683896899223,32.47332763671875,32.47331237792969,0.1760743409395218,0,6.7247233390808105
0.08494500070810318,0.09999997168779373,0.00000034565360351734853,0.0006861621513962746,-0.000686015235260129,0.0000008986312423076015,-0.05370716378092766,9.429527282714844,9.429506301879883,1.6424578428268433,0,6.7247233390808105
0.08495000004768372,0.09999997168779373,0.00000034225354283989873,0.0006861621513962746,-0.0006800121627748013,0.0000006342779670376331,-0.05287066474556923,15.680635452270508,-15.6806640625,3.1999852657318115,0,6.7247233390808105
0.08495499938726425,0.09999997168779373,0.00000033880357364068914,0.0006861621513962746,-0.0006899947766214609,0.0000003780733379699086,-0.05124092474579811,40.277706146240234,-40.27774429321289,4.719607353210449,0,6.7247233390808105
0.08495999872684479,0.09999997168779373,0.000000335225394110239,0.0006861621513962746,-0.0007156364154070616,0.0000001338871129519248,-0.04883724823594093,61.83927536010742,-61.83932876586914,6.075093746185303,0,6.7247233390808105
0.08496499806642532,0.09999997168779373,0.00000033145036582027387,0.0006861621513962746,-0.0007550044683739543,-0.00000009482903351454297,-0.04574323073029518,78.14167022705078,-78.14173126220703,7.155123710632324,0,6.7247233390808105
0.08496999740600586,0.09999997168779373,0.0000003274266191510833,0.0006861621513962746,-0.0008047509472817183,-0.0000003053248178730428,-0.042099159210920334,87.48502349853516,-87.48509216308594,7.874449253082275,0,6.7247233390808105
0.0849749967455864,0.09999997168779373,0.0000003231243965728936,0.0006861621513962746,-0.0008604456670582294,-0.0000004957685177942039,-0.038088735193014145,88.50984954833984,-88.50993347167969,8.16464900970459,0,6.7247233390808105
0.08497999608516693,0.09999997168779373,0.0000003185404295891203,0.0006861621513962746,-0.0009167927782982588,-0.0000006654211119894171,-0.03393051400780678,80.57947540283203,-80.5795669555664,7.993208885192871,0,6.7247233390808105
0.08498499542474747,0.09999997168779373,0.0000003136999850994471,0.0006861621513962746,-0.0009680913062766194,-0.0000008147191579155333,-0.02985960617661476,64.50765228271484,-64.50775146484375,7.399896621704102,0,6.7247233390808105
0.084989994764328,0.09999997168779373,0.00000030865419375913916,0.0006861621513962746,-0.0010091582080349326,-0.0000009451734968024539,-0.026090871542692184,42.00343322753906,-42.0035400390625,6.4690375328063965,0,6.7247233390808105
0.08499500155448914,0.09999997168779373,0.0000003034747066976706,0.0006861621513962746,-0.0010358983417972922,-0.0000010591545560600935,-0.02279621735215187,15.596372604370117,-15.596481323242188,5.325836181640625,0,6.7247233390808105
0.08500000089406967,0.09999997168779373,0.0000002982455669098272,0.0006861621513962746,-0.0010458274045959115,-0.0000011595734576985706,-0.020083792507648468,9.90985107421875,9.909740447998047,4.209155559539795,0,6.7247233390808105
0.08500500023365021,0.09999997168779373,0.00000029304797521945147,0.0006861621513962746,-0.0010395186254754663,-0.000001249273850589816,-0.017940089106559753,33.91283416748047,33.91272735595703,3.1478471755981445,0,6.7247233390808105
0.08500999957323074,0.09999997168779373,0.00000028795832918149245,0.0006861621513962746,-0.0010179289383813739,-0.0000013309584119269857,-0.016336902976036072,54.05213928222656,54.052032470703125,2.25882625579834,0,6.7247233390808105
0.08501499891281128,0.09999997168779373,0.0000002830407481724251,0.0006861621513962746,-0.0009835181990638375,-0.0000014068908740227926,-0.01518649235367775,68.3602523803711,68.36014556884766,1.6396163702011108,0,6.7247233390808105
0.08501999825239182,0.09999997168779373,0.0000002783407637707569,0.0006861621513962746,-0.0009399986593052745,-0.0000014786480733164353,-0.014351442456245422,75.46026611328125,75.46016693115234,1.3585429191589355,0,6.7247233390808105
0.08502499759197235,0.09999997168779373,0.00000027388097123548505,0.0006861621513962746,-0.0008919591782614589,-0.0000015469457821382093,-0.013659542426466942,74.68970489501953,74.68961334228516,1.4485881328582764,0,6.7247233390808105
0.08502999693155289,0.09999997168779373,0.00000026965892629959853,0.0006861621513962746,-0.000844410271383822,-0.00000161155469413643,-0.012921782210469246,65.52747344970703,65.52738952636719,1.9360567331314087,0,6.7247233390808105
0.08503499627113342,0.09999997168779373,0.00000026564546828922175,0.0006861621513962746,-0.0008026942377910018,-0.0000016712334627300152,-0.011935757473111153,49.05123519897461,49.05115509033203,2.7676825523376465,0,6.7247233390808105
0.08503999561071396,0.09999997168779373,0.0000002617881307287462,0.0006861621513962746,-0.0007714672246947885,-0.0000017238644431927241,-0.010526187717914581,27.13796043395996,27.137889862060547,3.850538969039917,0,6.7247233390808105
0.0850449949502945,0.09999997168779373,0.0000002580171667432296,0.0006861621513962746,-0.0007541906088590622,-0.0000017666900475887815,-0.008565124124288559,2.2541580200195313,2.2540926933288574,5.062437057495117,0,6.7247233390808105
0.08504999428987503,0.09999997168779373,0.00000025425339345019893,0.0006861621513962746,-0.0007527555571869016,-0.0000017966242467082338,-0.005986846052110195,22.818811416625977,-22.818870544433594,6.26554536819458,0,6.7247233390808105
0.08505500108003616,0.09999997168779373,0.00000025041697426786413,0.0006861621513962746,-0.0007672824431210756,-0.0000018106034076481592,-0.0027958303689956665,42.89628601074219,-42.89633560180664,7.201843738555908,0,6.7247233390808105
0.0850600004196167,0.09999997168779373,0.0000002464440171934257,0.0006861621513962746,-0.0007945910328999162,-0.000001806243176361022,0.0008720385376363993,58.48657989501953,-58.48662567138672,7.89780855178833,0,6.7247233390808105
0.08506499975919724,0.09999997168779373,0.0000002422848979222181,0.0006861621513962746,-0.0008318247273564339,-0.0000017817714024204179,0.004894359037280083,68.1287841796875,-68.12881469726563,8.281180381774902,0,6.7247233390808105
0.08506999909877777,0.09999997168779373,0.00000023790890679720178,0.0006861621513962746,-0.000875196885317564,-0.0000017362117432639934,0.009111929684877396,70.90388488769531,-70.90392303466797,8.306456565856934,0,6.7247233390808105
0.0850749984383583,0.09999997168779373,0.00000023330723308845336,0.0006861621513962746,-0.0009203356457874179,-0.0000016694998521415982,0.013342373073101044,66.60441589355469,-66.60443878173828,7.963341236114502,0,6.7247233390808105
0.08507999777793884,0.09999997168779373,0.00000022849354763820884,0.0006861621513962746,-0.0009627373656257987,-0.0000015825095260879607,0.01739806868135929,55.07717514038086,-55.07719039916992,7.243893623352051,0,6.7247233390808105
0.08508499711751938,0.09999997168779373,0.00000022350454287334287,0.0006861621513962746,-0.0009978004964068532,-0.000001477072714806127,0.02108735404908657,37.823909759521484,-37.82392120361328,6.222618579864502,0,6.7247233390808105
0.08508999645709991,0.09999997168779373,0.0000002183951437473297,0.0006861621513962746,-0.0010218798415735364,-0.0000013557902320826543,0.024256506934762,18.722599029541016,-18.72260856628418,5.092626571655273,0,6.7247233390808105
0.08509499579668045,0.09999997168779373,0.000000213226144296641,0.0006861621513962746,-0.0010337989078834653,-0.0000012215393780934392,0.026850160211324692,1.9526846408843994,1.9526777267456055,3.866752862930298,0,6.7247233390808105
0.08509999513626099,0.09999997168779373,0.00000020806336920031754,0.0006861621513962746,-0.0010325558250769973,-0.0000010774419934023172,0.028819482773542404,22.031208038330078,22.03120231628418,2.6527273654937744,0,6.7247233390808105
0.08510499447584152,0.09999997168779373,0.0000002029707104611589,0.0006861621513962746,-0.0010185303399339318,-0.0000009265894505006145,0.0301705040037632,39.414310455322266,39.414306640625,1.5549002885818481,0,6.7247233390808105
0.08511000126600266,0.09999997168779373,0.00000019800351935828076,0.0006861621513962746,-0.000993438414297998,-0.0000007717774224147433,0.03096240758895874,52.30554962158203,52.3055419921875,0.6629773378372192,0,6.7247233390808105
0.08511500060558319,0.09999997168779373,0.00000019320282262924593,0.0006861621513962746,-0.0009601396741345525,-0.0000006152771447887062,0.03130006045103073,59.3776969909668,59.377685546875,0.04362385720014572,0,6.7247233390808105
0.08511999994516373,0.09999997168779373,0.0000001885911302679233,0.0006861621513962746,-0.0009223386878147721,-0.0000004586657382787962,0.03132227808237076,59.70168685913086,59.7016716003418,-0.25591930747032166,0,6.7247233390808105
0.08512499928474426,0.09999997168779373,0.00000018416947966670705,0.0006861621513962746,-0.0008843314135447145,-0.00000030270604156612535,0.031191937625408173,52.72527313232422,52.725250244140625,-0.20674577355384827,0,6.7247233390808105
0.0851299986243248,0.09999997168779373,0.00000017991564504882263,0.0006861621513962746,-0.0008507655002176762,-0.0000001472728285989433,0.031086642295122147,39.25485610961914,39.25482940673828,0.1526075303554535,0,6.7247233390808105
0.08513499796390533,0.09999997168779373,0.00000017578676647644897,0.0006861621513962746,-0.0008257750887423754,0.000000008548980190425937,0.031164363026618958,21.832477569580078,21.83244514465332,0.6972513198852539,0,6.7247233390808105
0.08513999730348587,0.09999997168779373,0.00000017172737898363266,0.0006861621513962746,-0.0008118761470541358,0.00000016614633580047666,0.03151947259902954,1.9549188613891602,1.9548747539520264,1.3548929691314697,0,6.7247233390808105
0.0851449966430664,0.09999997168779373,0.0000001676742158451816,0.0006861621513962746,-0.000810631550848484,0.00000032719390219426714,0.03220951557159424,18.558225631713867,-18.55828094482422,2.0373096466064453,0,6.7247233390808105
0.08514999598264694,0.09999997168779373,0.00000016356199239453417,0.0006861621513962746,-0.0008224460761994123,0.0000004934294111080817,0.03324710577726364,37.55520248413086,-37.555267333984375,2.639744520187378,0,6.7247233390808105
0.08515499532222748,0.09999997168779373,0.00000015933022723402246,0.0006861621513962746,-0.0008463544072583318,0.0000006663869953627,0.034591518342494965,53.04045104980469,-53.040531158447266,3.0651795864105225,0,6.7247233390808105
0.08515999466180801,0.09999997168779373,0.00000015492962290863943,0.0006861621513962746,-0.0008801210206001997,0.0000008471499768347712,0.03615260124206543,63.3814697265625,-63.38155746459961,3.234546661376953,0,6.7247233390808105
0.08516500145196915,0.09999997168779373,0.00000015032726707886468,0.0006861621513962746,-0.0009204709203913808,0.0000010361496833866113,0.03779993951320648,67.47844696044922,-67.47854614257813,3.0950944423675537,0,6.7247233390808105
0.08517000079154968,0.09999997168779373,0.00000014551012839092436,0.0006861621513962746,-0.0009634289890527725,0.0000012330309573371778,0.039376258850097656,64.28645324707031,-64.28656005859375,2.596412181854248,0,6.7247233390808105
0.08517500013113022,0.09999997168779373,0.00000014048835339508514,0.0006861621513962746,-0.0010043550282716751,0.0000014365239167091204,0.04069860279560089,54.13563919067383,-54.13575744628906,1.7563964128494263,0,6.7247233390808105
0.08517999947071075,0.09999997168779373,0.00000013529425757496938,0.0006861621513962746,-0.0010388188529759645,0.0000016444895436507068,0.04159312695264816,38.15984344482422,-38.159969329833984,0.6326702833175659,0,6.7247233390808105
0.08518499881029129,0.09999997168779373,0.00000012997870157960278,0.0006861621513962746,-0.0010631121695041656,0.0000018540662267696462,0.04191534221172333,18.159076690673828,-18.15920639038086,-0.6842522025108337,0,6.7247233390808105
0.08518999814987183,0.09999997168779373,0.00000012460533582725475,0.0006861621513962746,-0.0010746726766228676,0.0000020619004317268264,0.04156685620546341,3.600175380706787,3.600043773651123,-2.080881357192993,0,6.7247233390808105
0.08519499748945236,0.09999997168779373,0.00000011924343823466188,0.0006861621513962746,-0.001072380691766739,0.0000022644358068646397,0.04050707072019577,24.637495040893555,24.63736343383789,-3.433279275894165,0,6.7247233390808105
0.0851999968290329,0.09999997168779373,0.0000001139599561383875,0.0006861621513962746,-0.001056696055456996,0.0000024582284368079854,0.03875851631164551,41.93732452392578,41.93719482421875,-4.59088134765625,0,6.7247233390808105
0.08520499616861343,0.09999997168779373,0.00000010880997081130772,0.0006861621513962746,-0.001029997831210494,0.000002640330421854742,0.03642039746046066,53.265647888183594,53.26552200317383,-5.442212104797363,0,6.7247233390808105
0.08520999550819397,0.09999997168779373,0.00000010382952808640766,0.0006861621513962746,-0.0009960879106074572,0.0000028085739813832333,0.03364869952201843,58.58966827392578,58.58955001831055,-5.9857563972473145,0,6.7247233390808105
0.0852149948477745,0.09999997168779373,0.00000009903558861878992,0.0006861621513962746,-0.00095878861611709,0.0000029615748644573614,0.030600180849432945,57.276023864746094,57.275917053222656,-6.189779281616211,0,6.7247233390808105
0.08521999418735504,0.09999997168779373,0.0000000944239602063135,0.0006861621513962746,-0.0009223255910910666,0.0000030988135222287383,0.02744775079190731,49.032127380371094,49.03202438354492,-6.039331436157227,0,6.7247233390808105
0.08522500097751617,0.09999997168779373,0.00000008996840961117414,0.0006861621513962746,-0.0008911108016036451,0.0000032206733067141613,0.02437194623053074,34.38218307495117,34.3820915222168,-5.560013771057129,0,6.7247233390808105
0.08523000031709671,0.09999997168779373,0.00000008562229680819655,0.0006861621513962746,-0.0008692223927937448,0.0000033283745324297342,0.021540256217122078,14.850015640258789,14.849936485290527,-4.827123641967773,0,6.7247233390808105
0.08523499965667725,0.09999997168779373,0.00000008132345641342908,0.0006861621513962746,-0.0008597685373388231,0.0000034237837098771706,0.01908182166516781,7.483697891235352,-7.4837646484375,-3.9435319900512695,0,6.7247233390808105
0.08523999899625778,0.09999997168779373,0.00000007700079152073158,0.0006861621513962746,-0.0008645328343845904,0.0000035091507015749812,0.01707339845597744,28.04806900024414,-28.048124313354492,-3.1364054679870605,0,6.7247233390808105
0.08524499833583832,0.09999997168779373,0.00000007258884693328582,0.0006861621513962746,-0.0008823887328617275,0.000003586530965549173,0.015476039610803127,46.61886215209961,-46.61890411376953,-2.4154582023620605,0,6.7247233390808105
0.08524999767541885,0.09999997168779373,0.00000006802851260090392,0.0006861621513962746,-0.0009120671893469989,0.000003657760316855274,0.014245857484638691,61.683982849121094,-61.684017181396484,-1.8547710180282593,0,6.7247233390808105
0.08525499701499939,0.09999997168779373,0.00000006327183399434944,0.0006861621513962746,-0.0009513364057056606,0.000003724266434801393,0.013301230035722256,71.72773742675781,-71.7277603149414,-1.5286777019500732,0,6.7247233390808105
0.08525999635457993,0.09999997168779373,0.000000058286836690513155,0.0006861621513962746,-0.0009969996754080057,0.000003786879915423924,0.0125226816162467,75.72378540039063,-75.72380065917969,-1.487200140953064,0,6.7247233390808105
0.08526499569416046,0.09999997168779373,0.000000053060801974424976,0.0006861621513962746,-0.0010452070273458958,0.000003845706032734597,0.011765257455408573,73.14366912841797,-73.1436767578125,-1.7556891441345215,0,6.7247233390808105
0.085269995033741,0.09999997168779373,0.000000047601943720110285,0.0006861621513962746,-0.0010917717590928078,0.000003900061528838705,0.010871092788875103,63.78528594970703,-63.78529357910156,-2.3434410095214844,0,6.7247233390808105
0.08527499437332153,0.09999997168779373,0.000000041940047879052145,0.0006861621513962746,-0.0011323788203299046,0.00000394844937545713,0.009677588008344173,49.60506820678711,-49.605079650878906,-3.1521012783050537,0,6.7247233390808105
0.08528000116348267,0.09999997168779373,0.000000036120255231253395,0.0006861621513962746,-0.0011639583390206099,0.0000039888104765850585,0.008072235621511936,31.250402450561523,-31.250417709350586,-4.149022579193115,0,6.7247233390808105
0.0852850005030632,0.09999997168779373,0.00000003020099015316191,0.0006861621513962746,-0.001183853019028902,0.000004018606432509841,0.005959155969321728,10.50904655456543,-10.509066581726074,-5.244755268096924,0,6.7247233390808105
0.08528999984264374,0.09999997168779373,0.00000002424827449942768,0.0006861621513962746,-0.0011905431747436523,0.000004035046458739089,0.003288024105131626,10.592375755310059,10.5923490524292,-6.338054656982422,0,6.7247233390808105
0.08529499918222427,0.09999997168779373,0.000000018329274098505266,0.0006861621513962746,-0.001183799933642149,0.000004035347046738025,0.00006007961928844452,29.991867065429688,29.991832733154297,-7.325987815856934,0,6.7247233390808105
0.08529999852180481,0.09999997168779373,0.000000012505742219559579,0.0006861621513962746,-0.0011647064238786697,0.0000040169920794141944,-0.0036710151471197605,45.801639556884766,45.801597595214844,-8.114313125610352,0,6.7247233390808105
0.08530499786138535,0.09999997168779373,0.000000006828001719583199,0.0006861621513962746,-0.001135548111051321,0.000003977974301960785,-0.007803600747138262,56.50004959106445,56.499996185302734,-8.626992225646973,0,6.7247233390808105
0.08530999720096588,0.09999997168779373,0.0000000013301066914550574,0.0006861621513962746,-0.0010995790362358093,0.00000391698767998605,-0.012197291478514671,61.04127883911133,61.041221618652344,-8.81168270111084,0,6.7247233390808105
0.08531499654054642,0.09999997168779373,-0.000000003973487761044225,0.0006861621513962746,-0.0010607189033180475,0.000003833562459476525,-0.016685044392943382,58.40351867675781,58.40345001220703,-8.617135047912598,0,6.7247233390808105
0.08531999588012695,0.09999997168779373,-0.000000009091178476694495,0.0006861621513962746,-0.001023538177832961,0.000003728193860297324,-0.0210737157613039,48.951419830322266,48.951351165771484,-8.061314582824707,0,6.7247233390808105
0.08532499521970749,0.09999997168779373,-0.000000014053052055373882,0.0006861621513962746,-0.0009923747275024652,0.000003602297283578082,-0.025179309770464897,33.79084396362305,33.790771484375,-7.199169158935547,0,6.7247233390808105
0.08532999455928802,0.09999997168779373,-0.000000018907366339249165,0.0006861621513962746,-0.0009708628058433533,0.0000034580682495288784,-0.028845814988017082,14.645974159240723,14.645894050598145,-6.116535186767578,0,6.7247233390808105
0.08533500134944916,0.09999997168779373,-0.00000002371506013787439,0.0006861621513962746,-0.0009615388698875904,0.000003298263436590787,-0.03196094185113907,6.333291053771973,-6.333371162414551,-4.920586585998535,0,6.7247233390808105
0.0853400006890297,0.09999997168779373,-0.000000028542913810269965,0.0006861621513962746,-0.0009655707981437445,0.00000312592851514637,-0.034466974437236786,26.228702545166016,-26.228782653808594,-3.7570605278015137,0,6.7247233390808105
0.08534500002861023,0.09999997168779373,-0.000000033454256254117354,0.0006861621513962746,-0.0009822684805840254,0.000002944026391560328,-0.03638043254613876,42.583187103271484,-42.58325958251953,-2.7488765716552734,0,6.7247233390808105
0.08534999936819077,0.09999997168779373,-0.00000003850114538295202,0.0006861621513962746,-0.00100937788374722,0.000002755124342002091,-0.03778042644262314,54.76548767089844,-54.76555633544922,-1.9280128479003906,0,6.7247233390808105
0.0853549987077713,0.09999997168779373,-0.000000043722359066578065,0.0006861621513962746,-0.0010442426428198814,0.000002561312612670008,-0.038762353360652924,61.575965881347656,-61.57603073120117,-1.3552677631378174,0,6.7247233390808105
0.08535999804735184,0.09999997168779373,-0.000000049139575963863535,0.0006861621513962746,-0.0010834431741386652,0.000002364049805692048,-0.039452582597732544,62.366851806640625,-62.366905212402344,-1.0642119646072388,0,6.7247233390808105
0.08536499738693237,0.09999997168779373,-0.00000005475531139609302,0.0006861621513962746,-0.0011231470853090286,0.0000021640769318764796,-0.039994582533836365,56.72840881347656,-56.728450775146484,-1.0768927335739136,0,6.7247233390808105
0.08536999672651291,0.09999997168779373,-0.0000000605516206064749,0.0006861621513962746,-0.0011592614464461803,0.0000019613617041613907,-0.04054304212331772,45.202606201171875,-45.202640533447266,-1.3681228160858154,0,6.7247233390808105
0.08537499606609344,0.09999997168779373,-0.0000000664918147208482,0.0006861621513962746,-0.001188038382679224,0.0000017551626569911605,-0.041239820420742035,29.11537742614746,-29.115398406982422,-1.8737962245941162,0,6.7247233390808105
0.08537999540567398,0.09999997168779373,-0.00000007252468492424669,0.0006861621513962746,-0.001206573797389865,0.0000015441919458680786,-0.04219413548707962,10.288434028625488,-10.288444519042969,-2.5051870346069336,0,6.7247233390808105
0.08538499474525452,0.09999997168779373,-0.00000007859030404233636,0.0006861621513962746,-0.001213123556226492,0.000001326841811533086,-0.04347001761198044,9.168096542358398,9.168095588684082,-3.159198522567749,0,6.7247233390808105
0.08539000153541565,0.09999997168779373,-0.00000008462674117026836,0.0006861621513962746,-0.0012072869576513767,0.0000011014468555003987,-0.04507898539304733,27.094524383544922,27.09453010559082,-3.730170488357544,0,6.7247233390808105
0.08539500087499619,0.09999997168779373,-0.0000000905769326209338,0.0006861621513962746,-0.0011900379322469234,0.0000008665531368023949,-0.04697874188423157,40.1842155456543,40.184226989746094,-4.05488395690918,0,6.7247233390808105
0.08540000021457672,0.09999997168779373,-0.00000009639921216830771,0.0006861621513962746,-0.0011644558981060982,0.0000006213337542249064,-0.04904387891292572,48.38637161254883,48.386390686035156,-4.132592678070068,0,6.7247233390808105
0.08540499955415726,0.09999997168779373,-0.00000010206747447227826,0.0006861621513962746,-0.0011336521711200476,0.00000036559080740516947,-0.05114859342575073,51.37577438354492,51.375789642333984,-3.948432445526123,0,6.7247233390808105
0.08540999889373779,0.09999997168779373,-0.00000010757219826018627,0.0006861621513962746,-0.0011009452864527702,0.00000009979325454878563,-0.05315951257944107,48.95801544189453,48.958030700683594,-3.4936459064483643,0,6.7247233390808105
0.08541499823331833,0.09999997168779373,-0.00000011292108581528737,0.0006861621513962746,-0.0010697776451706886,-0.000000174900776528375,-0.05493880808353424,41.17816925048828,41.178184509277344,-2.7710156440734863,0,6.7247233390808105
0.08541999757289886,0.09999997168779373,-0.0000001181388995519228,0.0006861621513962746,-0.0010435627773404121,-0.0000004566511506709503,-0.05635007470846176,28.834854125976563,28.834869384765625,-1.820609450340271,0,6.7247233390808105
0.0854249969124794,0.09999997168779373,-0.00000012326492537795275,0.0006861621513962746,-0.0010252059437334538,-0.0000007430376740558131,-0.05727730691432953,14.437116622924805,14.437128067016602,-0.7677032351493835,0,6.7247233390808105
0.08542999625205994,0.09999997168779373,-0.00000012834499329983373,0.0006861621513962746,-0.0010160149540752172,-0.0000010313791563021368,-0.0576682984828949,0.4812825620174408,-0.4812732934951782,0.31139373779296875,0,6.7247233390808105
0.08543499559164047,0.09999997168779373,-0.00000013342659599402396,0.0006861621513962746,-0.0010163213592022657,-0.0000013189276160119334,-0.05750970542430878,14.95008373260498,-14.950075149536133,1.368439793586731,0,6.7247233390808105
0.08543999493122101,0.09999997168779373,-0.0000001385557908406554,0.0006861621513962746,-0.001025838777422905,-0.0000016029914604587248,-0.05681276321411133,27.363628387451172,-27.36362075805664,2.3233680725097656,0,6.7247233390808105
0.08544499427080154,0.09999997168779373,-0.0000001437720840158363,0.0006861621513962746,-0.0010432589333504438,-0.0000018811388144968078,-0.055629484355449677,36.329891204833984,-36.32987976074219,3.1066315174102783,0,6.7247233390808105
0.08545000106096268,0.09999997168779373,-0.00000014910402512668952,0.0006861621513962746,-0.001066387165337801,-0.0000021513751562451944,-0.05404728651046753,40.815433502197266,-40.8154182434082,3.6663572788238525,0,6.7247233390808105
0.08545500040054321,0.09999997168779373,-0.00000015456588187134912,0.0006861621513962746,-0.0010923710651695728,-0.0000024122753075062064,-0.052180029451847076,39.942832946777344,-39.942806243896484,3.958146572113037,0,6.7247233390808105
0.08545999974012375,0.09999997168779373,-0.00000016015488313314563,0.0006861621513962746,-0.0011177994310855865,-0.0000026630962111084955,-0.05016416311264038,33.430389404296875,-33.43035125732422,3.9670169353485107,0,6.7247233390808105
0.08546499907970428,0.09999997168779373,-0.00000016585029527504958,0.0006861621513962746,-0.0011390817817300558,-0.000002903815129684517,-0.04814378172159195,21.921829223632813,-21.921775817871094,3.7238802909851074,0,6.7247233390808105
0.08546999841928482,0.09999997168779373,-0.00000017161548271360516,0.0006861621513962746,-0.0011530376505106688,-0.0000031350512017525034,-0.046247221529483795,7.277302265167236,-7.2772321701049805,3.3201181888580322,0,6.7247233390808105
0.08547499775886536,0.09999997168779373,-0.00000017740383384534653,0.0006861621513962746,-0.0011576705146580935,-0.0000033578326110728085,-0.04455629736185074,9.041916847229004,9.042008399963379,2.826876640319824,0,6.7247233390808105
0.08547999709844589,0.09999997168779373,-0.0000001831634079962896,0.0006861621513962746,-0.0011519142426550388,-0.0000035734155972022563,-0.04311658442020416,25.726762771606445,25.726877212524414,2.307481527328491,0,6.7247233390808105
0.08548499643802643,0.09999997168779373,-0.00000018884108499150898,0.0006861621513962746,-0.001135536003857851,-0.0000037831225654372247,-0.04194139689207077,41.071388244628906,41.071529388427734,1.8449887037277222,0,6.7247233390808105
0.08548999577760696,0.09999997168779373,-0.0000001943880363342032,0.0006861621513962746,-0.0011093891225755215,-0.000003988131538790185,-0.04100175201892853,53.492733001708984,53.49290084838867,1.5163151025772095,0,6.7247233390808105
0.0854949951171875,0.09999997168779373,-0.00000019976471321569989,0.0006861621513962746,-0.0010753346141427755,-0.000004189279025013093,-0.04022949934005737,61.6947135925293,61.694908142089844,1.3841352462768555,0,6.7247233390808105
0.08549999445676804,0.09999997168779373,-0.00000020494501029588719,0.0006861621513962746,-0.001036058645695448,-0.00000438690176451928,-0.039524562656879425,64.71416473388672,64.7143783569336,1.494680643081665,0,6.7247233390808105
0.08550500124692917,0.09999997168779373,-0.00000020991930682612292,0.0006861621513962746,-0.000994860427454114,-0.000004580718268698547,-0.03876332938671112,61.810062408447266,61.810302734375,1.8833569288253784,0,6.7247233390808105
0.0855100005865097,0.09999997168779373,-0.00000021469685407282668,0.0006861621513962746,-0.0009555108845233917,-0.000004769739007315366,-0.03780414164066315,53.27020263671875,53.27046203613281,2.5344624519348145,0,6.7247233390808105
0.08551499992609024,0.09999997168779373,-0.00000021930483740106865,0.0006861621513962746,-0.0009215980535373092,-0.0000049523059715284035,-0.036513350903987885,40.01286697387695,40.013145446777344,3.401127338409424,0,6.7247233390808105
0.08551999926567078,0.09999997168779373,-0.00000022378546304935298,0.0006861621513962746,-0.0008961251005530357,-0.000005126211817696458,-0.03478117287158966,23.488462448120117,23.48874855041504,4.410224437713623,0,6.7247233390808105
0.08552499860525131,0.09999997168779373,-0.00000022819132539098064,0.0006861621513962746,-0.0008811719017103314,-0.00000528888722328702,-0.03253506124019623,5.521600723266602,5.52189302444458,5.470230579376221,0,6.7247233390808105
0.08552999794483185,0.09999997168779373,-0.00000023257960890532559,0.0006861621513962746,-0.0008776567410677671,-0.000005437632808025228,-0.02974909543991089,11.889037132263184,-11.888744354248047,6.481176853179932,0,6.7247233390808105
0.08553499728441238,0.09999997168779373,-0.00000023700573592577712,0.0006861621513962746,-0.0008852254832163453,-0.000005569874247157713,-0.026448260992765427,26.79096221923828,-26.790674209594727,7.345593452453613,0,6.7247233390808105
0.08553999662399292,0.09999997168779373,-0.0000002415171422853746,0.0006861621513962746,-0.000902281142771244,-0.000005683410108758835,-0.02270718291401863,37.25988006591797,-37.25960159301758,7.967529296875,0,6.7247233390808105
0.08554499596357346,0.09999997168779373,-0.0000002461471524384251,0.0006861621513962746,-0.000926001463085413,-0.000005776656962552806,-0.018649354577064514,41.751773834228516,-41.75151062011719,8.270088195800781,0,6.7247233390808105
0.08554999530315399,0.09999997168779373,-0.0000002509100625047722,0.0006861621513962746,-0.0009525814093649387,-0.0000058488440117798746,-0.014437433332204819,40.74652862548828,-40.746280670166016,8.277547836303711,0,6.7247233390808105
0.08555499464273453,0.09999997168779373,-0.00000025580266083125025,0.0006861621513962746,-0.0009785214206203818,-0.000005899952611798653,-0.010221712291240692,34.09464645385742,-34.09442138671875,7.982648849487305,0,6.7247233390808105
0.08556000143289566,0.09999997168779373,-0.000000260803801666043,0.0006861621513962746,-0.0010002268245443702,-0.000005930733550485456,-0.006156183313578367,22.140871047973633,-22.140670776367188,7.402733325958252,0,6.7247233390808105
0.0855650007724762,0.09999997168779373,-0.0000002658753999185137,0.0006861621513962746,-0.0010143221588805318,-0.000005942663392488612,-0.0023860023356974125,6.122828483581543,-6.122654914855957,6.59968900680542,0,6.7247233390808105
0.08557000011205673,0.09999997168779373,-0.0000002709664954636537,0.0006861621513962746,-0.0010182199766859412,-0.000005937787591392407,0.0009751914185471833,12.271326065063477,12.271472930908203,5.657853603363037,0,6.7247233390808105
0.08557499945163727,0.09999997168779373,-0.0000002760185395800363,0.0006861621513962746,-0.001010407810099423,-0.000005918504029978067,0.0038567122537642717,30.397905349731445,30.398025512695313,4.709315299987793,0,6.7247233390808105
0.0855799987912178,0.09999997168779373,-0.0000002809738077758084,0.0006861621513962746,-0.000991055858321488,-0.000005887228326173499,0.00625514704734087,45.72904968261719,45.72914123535156,3.880406379699707,0,6.7247233390808105
0.08558499813079834,0.09999997168779373,-0.00000028578352839758736,0.0006861621513962746,-0.0009619438787922263,-0.00000584607141718152,0.008231421932578087,58.24351119995117,58.24358367919922,3.1722238063812256,0,6.7247233390808105
0.08558999747037888,0.09999997168779373,-0.0000002904078542087518,0.0006861621513962746,-0.0009248649002984166,-0.000005796836376248393,0.009847022593021393,66.74054718017578,66.7406005859375,2.644986867904663,0,6.7247233390808105
0.08559499680995941,0.09999997168779373,-0.000000294819727741924,0.0006861621513962746,-0.0008823765674605966,-0.000005740866072301287,0.011194102466106415,70.41445922851563,70.41448974609375,2.3393499851226807,0,6.7247233390808105
0.08559999614953995,0.09999997168779373,-0.000000299007467674528,0.0006861621513962746,-0.0008375493343919516,-0.0000056789385780575685,0.012385522946715355,68.93446350097656,68.93448638916016,2.2724339962005615,0,6.7247233390808105
0.08560499548912048,0.09999997168779373,-0.0000003029757920103293,0.0006861621513962746,-0.0007936642505228519,-0.00000561122442377382,0.013542864471673965,61.8957633972168,61.895790100097656,2.4652702808380127,0,6.7247233390808105
0.08560999482870102,0.09999997168779373,-0.00000030674709705635905,0.0006861621513962746,-0.0007542602252215147,-0.000005537232482311083,0.014798415824770927,50.99473571777344,50.99475860595703,2.8340234756469727,0,6.7247233390808105
0.08561499416828156,0.09999997168779373,-0.00000031035608571983175,0.0006861621513962746,-0.0007217959500849247,-0.000005456023700389778,0.0162417721003294,36.89275360107422,36.89278793334961,3.346754550933838,0,6.7247233390808105
0.08562000095844269,0.09999997168779373,-0.000000313847635879938,0.0006861621513962746,-0.0006983092753216624,-0.00000536629249836551,0.017946260049939156,20.866579055786133,20.86662483215332,3.940843343734741,0,6.7247233390808105
0.08562500029802322,0.09999997168779373,-0.00000031727276450510544,0.0006861621513962746,-0.0006850252393633127,-0.00000526652593180188,0.01995331607758999,4.505990982055664,4.506053447723389,4.5380377769470215,0,6.7247233390808105
0.08562999963760376,0.09999997168779373,-0.0000003206835401670105,0.0006861621513962746,-0.0006821566494181752,-0.0000051552033255575225,0.022264519706368446,10.57879638671875,-10.578713417053223,5.059010982513428,0,6.7247233390808105
0.0856349989771843,0.09999997168779373,-0.0000003241279955545906,0.0006861621513962746,-0.0006888912757858634,-0.0000050309981816099025,0.024841053411364555,22.919431686401367,-22.919322967529297,5.431406497955322,0,6.7247233390808105
0.08563999831676483,0.09999997168779373,-0.00000032764540947027854,0.0006861621513962746,-0.0007034821901470423,-0.000004892961896985071,0.02760724537074566,31.336647033691406,-31.33651351928711,5.59714937210083,0,6.7247233390808105
0.08564499765634537,0.09999997168779373,-0.00000033126255516435776,0.0006861621513962746,-0.000723431701771915,-0.000004740672466141405,0.03045784868299961,34.93763732910156,-34.937477111816406,5.512278079986572,0,6.7247233390808105
0.0856499969959259,0.09999997168779373,-0.00000033499091500743816,0.0006861621513962746,-0.0007456736639142036,-0.000004574346348817926,0.03326522931456566,33.05463790893555,-33.05445098876953,5.143862247467041,0,6.7247233390808105
0.08565499633550644,0.09999997168779373,-0.0000003388244920188299,0.0006861621513962746,-0.0007667168974876404,-0.000004394921234052163,0.035884980112314224,25.991029739379883,-25.99081802368164,4.5074591636657715,0,6.7247233390808105
0.08565999567508698,0.09999997168779373,-0.0000003427408046263736,0.0006861621513962746,-0.0007832633564248681,-0.000004204018296150025,0.03818060830235481,14.612520217895508,-14.612284660339355,3.6466636657714844,0,6.7247233390808105
0.08566499501466751,0.09999997168779373,-0.0000003467036435722548,0.0006861621513962746,-0.0007925659883767366,-0.000004003828962595435,0.040037836879491806,0.2573782205581665,-0.257121205329895,2.628608226776123,0,6.7247233390808105
0.08566999435424805,0.09999997168779373,-0.0000003506672783260001,0.0006861621513962746,-0.0007927297847345471,-0.0000037969459754094714,0.04137657955288887,15.414148330688477,15.414422988891602,1.5364999771118164,0,6.7247233390808105
0.08567500114440918,0.09999997168779373,-0.0000003545818572092685,0.0006861621513962746,-0.0007829167880117893,-0.000003586150342016481,0.04215911403298378,30.605690002441406,30.60597801208496,0.4604097306728363,0,6.7247233390808105
0.08568000048398972,0.09999997168779373,-0.00000035839900647260947,0.0006861621513962746,-0.0007634325884282589,-0.000003374182369952905,0.04239359870553017,43.58527755737305,43.585575103759766,-0.5126738548278809,0,6.7247233390808105
0.08568499982357025,0.09999997168779373,-0.00000036207742937222065,0.0006861621513962746,-0.0007356853457167745,-0.000003163519977533724,0.04213249310851097,52.50068664550781,52.50098419189453,-1.2895371913909912,0,6.7247233390808105
0.08568999916315079,0.09999997168779373,-0.00000036558873262038105,0.0006861621513962746,-0.0007022623904049397,-0.0000029561413157352945,0.04147573933005333,56.71455764770508,56.7148551940918,-1.8374395370483398,0,6.7247233390808105
0.08569499850273132,0.09999997168779373,-0.00000036891952959194896,0.0006861621513962746,-0.000666156760416925,-0.0000027534415494301356,0.0405399389564991,56.125579833984375,56.12586975097656,-2.150134801864624,0,6.7247233390808105
0.08569999784231186,0.09999997168779373,-0.00000037207166769803734,0.0006861621513962746,-0.0006304261041805148,-0.0000025562171686033253,0.03944488242268562,50.42085647583008,50.42113494873047,-2.2104833126068115,0,6.7247233390808105
0.0857049971818924,0.09999997168779373,-0.00000037506330841097224,0.0006861621513962746,-0.0005983271403238177,-0.0000023646216504857875,0.038319092243909836,40.24325942993164,40.2435188293457,-2.0488367080688477,0,6.7247233390808105
0.08570999652147293,0.09999997168779373,-0.0000003779268524795043,0.0006861621513962746,-0.0005727075040340424,-0.0000021782434487249702,0.03727563098073006,26.741485595703125,26.74172592163086,-1.7205759286880493,0,6.7247233390808105
0.08571499586105347,0.09999997168779373,-0.0000003807052735282923,0.0006861621513962746,-0.0005556833930313587,-0.000001996246737689944,0.036399345844984055,11.442681312561035,11.442901611328125,-1.2997984886169434,0,6.7247233390808105
0.085719995200634,0.09999997168779373,-0.00000038344725794559054,0.0006861621513962746,-0.0005483987042680383,-0.0000018175599052483449,0.03573736175894737,3.920529365539551,-3.9203336238861084,-0.8707683682441711,0,6.7247233390808105
0.08572499454021454,0.09999997168779373,-0.0000003862017194933287,0.0006861621513962746,-0.0005508946487680078,-0.0000016410905345765059,0.035293880850076675,17.60619354248047,-17.60602378845215,-0.5182187557220459,0,6.7247233390808105
0.08573000133037567,0.09999997168779373,-0.00000038901222865206364,0.0006861621513962746,-0.000562103115953505,-0.0000014659408407169394,0.035029951483011246,28.06031036376953,-28.060165405273438,-0.3176004886627197,0,6.7247233390808105
0.08573500066995621,0.09999997168779373,-0.00000039191206724353833,0.0006861621513962746,-0.0005799668142572045,-0.0000012915998013340868,0.03486819937825203,33.56370162963867,-33.56357955932617,-0.35283952951431274,0,6.7247233390808105
0.08574000000953674,0.09999997168779373,-0.0000003949187430407619,0.0006861621513962746,-0.0006013341480866075,-0.0000011181573427165858,0.034688498824834824,34.005882263183594,-34.00578308105469,-0.6277255415916443,0,6.7247233390808105
0.08574499934911728,0.09999997168779373,-0.00000039803364870749647,0.0006861621513962746,-0.0006229829741641879,-0.0000009463133210374508,0.03436880186200142,29.82177734375,-29.821701049804688,-1.1191309690475464,0,6.7247233390808105
0.08574999868869781,0.09999997168779373,-0.0000004012434828837286,0.0006861621513962746,-0.0006419681012630463,-0.0000007773191441629024,0.033798832446336746,21.03115463256836,-21.031095504760742,-1.8250608444213867,0,6.7247233390808105
0.08575499802827835,0.09999997168779373,-0.0000004045202786073787,0.0006861621513962746,-0.0006553569110110402,-0.0000006129724852144136,0.032869335263967514,8.584540367126465,-8.584497451782227,-2.6973464488983154,0,6.7247233390808105
0.08575999736785889,0.09999997168779373,-0.00000040782438759379147,0.0006861621513962746,-0.0006608220282942057,-0.00000045549455762738944,0.0314955897629261,5.13174295425415,5.131772994995117,-3.6163554191589355,0,6.7247233390808105
0.08576499670743942,0.09999997168779373,-0.00000041111215409728175,0.0006861621513962746,-0.0006575550651177764,-0.00000030722560495632933,0.029653795063495636,18.910993576049805,18.911014556884766,-4.521695137023926,0,6.7247233390808105
0.08576999604701996,0.09999997168779373,-0.0000004143397234201984,0.0006861621513962746,-0.0006455159746110439,-0.0000001704710399508258,0.027350913733243942,31.932722091674805,31.9327392578125,-5.372459888458252,0,6.7247233390808105
0.0857749953866005,0.09999997168779373,-0.000000417465656710192,0.0006861621513962746,-0.0006251869490370154,-0.00000004739732162306609,0.024614743888378143,42.833595275878906,42.833614349365234,-6.100605487823486,0,6.7247233390808105
0.08577999472618103,0.09999997168779373,-0.0000004204552510600479,0.0006861621513962746,-0.0005979182897135615,0.0000000601413390199923,0.021507732570171356,50.462730407714844,50.46274948120117,-6.648683071136475,0,6.7247233390808105
0.08578500151634216,0.09999997168779373,-0.00000042328420590820315,0.0006861621513962746,-0.0005657926667481661,0.0000001507492584096326,0.018121585249900818,53.99678421020508,53.99681091308594,-6.975557804107666,0,6.7247233390808105
0.0857900008559227,0.09999997168779373,-0.00000042594129467943276,0.0006861621513962746,-0.0005314172012731433,0.00000022359407125804864,0.014568962156772614,52.67850112915039,52.67853546142578,-7.043281078338623,0,6.7247233390808105
0.08579500019550323,0.09999997168779373,-0.000000428430695365023,0.0006861621513962746,-0.0004978809738531709,0.0000002785033075269894,0.0109818484634161,46.414546966552734,46.41459274291992,-6.846954345703125,0,6.7247233390808105
0.08579999953508377,0.09999997168779373,-0.00000043077236000499397,0.0006861621513962746,-0.0004683325532823801,0.00000031597693350704503,0.007494723424315453,35.85340881347656,35.85347366333008,-6.418611526489258,0,6.7247233390808105
0.0858049988746643,0.09999997168779373,-0.0000004329999114816019,0.0006861621513962746,-0.00044550758320838213,0.00000033710568914102623,0.004225751385092735,22.592931747436523,22.59300994873047,-5.837613582611084,0,6.7247233390808105
0.08580999821424484,0.09999997168779373,-0.00000043515552761164145,0.0006861621513962746,-0.00043112447019666433,0.0000003433690949350421,0.0012526791542768478,8.108546257019043,8.108646392822266,-5.177096366882324,0,6.7247233390808105
0.08581499755382538,0.09999997168779373,-0.0000004372853368295182,0.0006861621513962746,-0.0004259623819962144,0.00000033644911923147447,-0.001383994473144412,6.519107341766357,-6.518988609313965,-4.490405082702637,0,6.7247233390808105
0.08581999689340591,0.09999997168779373,-0.00000043943589389527915,0.0006861621513962746,-0.0004301125882193446,0.0000003180944361247384,-0.003670938778668642,19.808124542236328,-19.807985305786133,-3.8509583473205566,0,6.7247233390808105
0.08582499623298645,0.09999997168779373,-0.00000044164951873426617,0.0006861621513962746,-0.00044272281229496,0.0000002899333537698112,-0.005632215645164251,30.403514862060547,-30.40335464477539,-3.325906753540039,0,6.7247233390808105
0.08582999557256699,0.09999997168779373,-0.0000004439599194938637,0.0006861621513962746,-0.00046207831474021077,0.00000025330291464342736,-0.007326086051762104,37.21493911743164,-37.21476364135742,-2.969306468963623,0,6.7247233390808105
0.08583499491214752,0.09999997168779373,-0.0000004463887819383672,0.0006861621513962746,-0.0004857700550928712,0.00000020911120657274296,-0.008838341571390629,39.35536193847656,-39.355167388916016,-2.8252391815185547,0,6.7247233390808105
0.08583999425172806,0.09999997168779373,-0.00000044894289885633043,0.0006861621513962746,-0.0005108244949951768,0.00000015772508277223096,-0.010277223773300648,36.336151123046875,-36.3359375,-2.9180915355682373,0,6.7247233390808105
0.08584500104188919,0.09999997168779373,-0.00000045161269213167543,0.0006861621513962746,-0.0005339568015187979,0.0000000989081101465672,-0.011763394810259342,28.46134376525879,-28.46111488342285,-3.232858419418335,0,6.7247233390808105
0.08585000038146973,0.09999997168779373,-0.00000045437306539497513,0.0006861621513962746,-0.0005520757986232638,0.00000003185873254096805,-0.013409876264631748,16.566028594970703,-16.56578826904297,-3.728217601776123,0,6.7247233390808105
0.08585499972105026,0.09999997168779373,-0.00000045718618935097766,0.0006861621513962746,-0.0005626220954582095,-0.000000044684476563361386,-0.015308641828596592,1.9248020648956299,-1.9245524406433105,-4.34107780456543,0,6.7247233390808105
0.0858599990606308,0.09999997168779373,-0.0000004600054239745077,0.0006861621513962746,-0.0005638474831357598,-0.00000013228213902038988,-0.01751953363418579,13.888335227966309,13.888589859008789,-4.993539810180664,0,6.7247233390808105
0.08586499840021133,0.09999997168779373,-0.0000004627804628398735,0.0006861621513962746,-0.000555005855858326,-0.00000023259573822542734,-0.020062722265720367,29.173200607299805,29.173460006713867,-5.601500034332275,0,6.7247233390808105
0.08586999773979187,0.09999997168779373,-0.00000046546261955882073,0.0006861621513962746,-0.0005364336539059877,-0.0000003471734544291394,-0.022915542125701904,42.29258728027344,42.292842864990234,-6.084029197692871,0,6.7247233390808105
0.0858749970793724,0.09999997168779373,-0.00000046801017106190557,0.0006861621513962746,-0.0005095093511044979,-0.0000004772440433953307,-0.026014111936092377,51.853599548339844,51.85384750366211,-6.372371196746826,0,6.7247233390808105
0.08587999641895294,0.09999997168779373,-0.0000004703926492766186,0.0006861621513962746,-0.00047649830230511725,-0.0000006235417231437168,-0.029259532690048218,56.773677825927734,56.7739143371582,-6.413191795349121,0,6.7247233390808105
0.08588499575853348,0.09999997168779373,-0.00000047259442226277315,0.0006861621513962746,-0.00044035507016815245,-0.0000007861704602873942,-0.032525744289159775,56.3823127746582,56.382537841796875,-6.173628807067871,0,6.7247233390808105
0.08588999509811401,0.09999997168779373,-0.0000004746167405755841,0.0006861621513962746,-0.0004044609668198973,-0.0000009645201544117299,-0.035669948905706406,51.433006286621094,51.43321228027344,-5.691878795623779,0,6.7247233390808105
0.08589499443769455,0.09999997168779373,-0.00000047647532142036653,0.0006861621513962746,-0.00037171770236454904,-0.0000011573641813811264,-0.03856879845261574,42.17444610595703,42.17462921142578,-4.980770587921143,0,6.7247233390808105
0.08590000122785568,0.09999997168779373,-0.0000004781996381097997,0.0006861621513962746,-0.0003448686038609594,-0.0000013628915667140973,-0.0411054827272892,29.696197509765625,29.696359634399414,-4.095088005065918,0,6.7247233390808105
0.08590500056743622,0.09999997168779373,-0.0000004798294526153768,0.0006861621513962746,-0.00032596339588053524,-0.0000015788469909239211,-0.0431910939514637,15.43304443359375,15.433181762695313,-3.1068918704986572,0,6.7247233390808105
0.08590999990701675,0.09999997168779373,-0.0000004814101544070581,0.0006861621513962746,-0.00031613840837962925,-0.0000018027141095444676,-0.044773418456315994,1.0107202529907227,1.010833501815796,-2.0978305339813232,0,6.7247233390808105
0.08591499924659729,0.09999997168779373,-0.0000004829876161238644,0.0006861621513962746,-0.0003154949808958918,-0.000002031923258982715,-0.04584183171391487,11.21035385131836,-11.210264205932617,-1.1863888502120972,0,6.7247233390808105
0.08591999858617783,0.09999997168779373,-0.0000004846007755077153,0.0006861621513962746,-0.0003226317057851702,-0.0000022641534087597392,-0.0464460514485836,20.018957138061523,-20.01888656616211,-0.43376249074935913,0,6.7247233390808105
0.08592499792575836,0.09999997168779373,-0.0000004862776563641091,0.0006861621513962746,-0.00033537615672685206,-0.0000024974881398520665,-0.046666961163282394,25.367177963256836,-25.36712646484375,0.1567976176738739,0,6.7247233390808105
0.0859299972653389,0.09999997168779373,-0.0000004880353117187042,0.0006861621513962746,-0.0003515254065860063,-0.0000027304236027703155,-0.046587105840444565,26.707622528076172,-26.707584381103516,0.5568118691444397,0,6.7247233390808105
0.08593499660491943,0.09999997168779373,-0.0000004898779479844961,0.0006861621513962746,-0.00036852798075415194,-0.0000029619411634485004,-0.04630352184176445,23.783567428588867,-23.783538818359375,0.7520658373832703,0,6.7247233390808105
0.08593999594449997,0.09999997168779373,-0.0000004917962996842107,0.0006861621513962746,-0.0003836690739262849,-0.000003191543555658427,-0.04592049494385719,16.532489776611328,-16.5324649810791,0.7377977967262268,0,6.7247233390808105
0.0859449952840805,0.09999997168779373,-0.0000004937672883897903,0.0006861621513962746,-0.00039419400854967535,-0.0000034192671591881663,-0.045544739812612534,6.713478088378906,-6.713450908660889,0.6001019477844238,0,6.7247233390808105
0.08594999462366104,0.09999997168779373,-0.0000004957596502208617,0.0006861621513962746,-0.0003984679642599076,-0.0000036454625842452515,-0.04523910954594612,5.401060581207275,5.401096343994141,0.35056957602500916,0,6.7247233390808105
0.08595500141382217,0.09999997168779373,-0.0000004977347884960182,0.0006861621513962746,-0.00039502952131442726,-0.000003870765340252547,-0.04506056383252144,18.584426879882813,18.584476470947266,0.04840761423110962,0,6.7247233390808105
0.08596000075340271,0.09999997168779373,-0.0000004996507527721405,0.0006861621513962746,-0.0003831982903648168,-0.0000040959448597277515,-0.04503590986132622,31.50200843811035,31.502079010009766,-0.24179917573928833,0,6.7247233390808105
0.08596500009298325,0.09999997168779373,-0.0000005014664452573925,0.0006861621513962746,-0.00036314348108135164,-0.000004321740107116057,-0.04515906050801277,42.849571228027344,42.84967041015625,-0.45691755414009094,0,6.7247233390808105
0.08596999943256378,0.09999997168779373,-0.0000005031457703807973,0.0006861621513962746,-0.00033586457720957696,-0.00000454869905297528,-0.045391764491796494,51.487457275390625,51.48759078979492,-0.5418949723243713,0,6.7247233390808105
0.08597499877214432,0.09999997168779373,-0.0000005046612159276265,0.0006861621513962746,-0.0003030866209883243,-0.000004777037702297093,-0.045667748898267746,56.557769775390625,56.55793762207031,-0.4555482268333435,0,6.7247233390808105
0.08597999811172485,0.09999997168779373,-0.0000005059966383669234,0.0006861621513962746,-0.0002670808171387762,-0.000005006536412111018,-0.045899759978055954,57.18327713012695,57.18348693847656,-0.15545691549777985,0,6.7247233390808105
0.08598499745130539,0.09999997168779373,-0.0000005071500481790281,0.0006861621513962746,-0.00023067681468091905,-0.0000052364312068675645,-0.04597892984747887,53.3031120300293,53.30336380004883,0.3602841794490814,0,6.7247233390808105
0.08598999679088593,0.09999997168779373,-0.0000005081337803858332,0.0006861621513962746,-0.0001967429998330772,-0.000005465408321470022,-0.04579543694853783,45.41145706176758,45.4117546081543,1.0661324262619019,0,6.7247233390808105
0.08599499613046646,0.09999997168779373,-0.0000005089729597784753,0.0006861621513962746,-0.00016783317551016808,-0.000005691670594387688,-0.04525246098637581,34.45756149291992,34.45790481567383,1.9140793085098267,0,6.7247233390808105
0.085999995470047,0.09999997168779373,-0.0000005097024313727161,0.0006861621513962746,-0.0001458968035876751,-0.000005913058885198552,-0.044277627021074295,21.739269256591797,21.739648818969727,2.838926315307617,0,6.7247233390808105
0.08600499480962753,0.09999997168779373,-0.0000005103627245262032,0.0006861621513962746,-0.0001320571464020759,-0.0000061272176026250236,-0.042831774801015854,8.75741958618164,8.757835388183594,3.7655019760131836,0,6.7247233390808105
0.08600999414920807,0.09999997168779373,-0.0000005109951075610297,0.0006861621513962746,-0.00012648198753595352,-0.000006331787517410703,-0.04091401770710945,2.9526736736297607,-2.9522266387939453,4.617013931274414,0,6.7247233390808105
0.0860150009393692,0.09999997168779373,-0.0000005116369266033871,0.0006861621513962746,-0.00012836171663366258,-0.000006524600394186564,-0.0385625921189785,11.993951797485352,-11.99347972869873,5.323603630065918,0,6.7247233390808105
0.08602000027894974,0.09999997168779373,-0.0000005123168875798001,0.0006861621513962746,-0.00013599731028079987,-0.000006703856797685148,-0.03585130348801613,17.26518440246582,-17.264694213867188,5.830148696899414,0,6.7247233390808105
0.08602499961853027,0.09999997168779373,-0.0000005130518161422515,0.0006861621513962746,-0.00014698866289108992,-0.000006868267064419342,-0.03288203105330467,18.08592987060547,-18.085430145263672,6.102448463439941,0,6.7247233390808105
0.08602999895811081,0.09999997168779373,-0.0000005138443270880089,0.0006861621513962746,-0.0001585025165695697,-0.000007017137249931693,-0.029774080961942673,14.274797439575195,-14.274293899536133,6.1310858726501465,0,6.7247233390808105
0.08603499829769135,0.09999997168779373,-0.000000514682255925436,0.0006861621513962746,-0.0001675901294220239,-0.00000715039504939341,-0.026651546359062195,6.1722798347473145,-6.171784400939941,5.932547092437744,0,6.7247233390808105
0.08603999763727188,0.09999997168779373,-0.000000515539852585789,0.0006861621513962746,-0.00017151952488347888,-0.0000072685456871113274,-0.02363012358546257,5.39454460144043,5.39502477645874,5.547451019287109,0,6.7247233390808105
0.08604499697685242,0.09999997168779373,-0.0000005163802825336461,0.0006861621513962746,-0.00016808524378575385,-0.000007372570053121308,-0.02080482989549637,19.20159149169922,19.20204734802246,5.036094665527344,0,6.7247233390808105
0.08604999631643295,0.09999997168779373,-0.0000005171596058062278,0.0006861621513962746,-0.00015586114022880793,-0.000007463770089088939,-0.01823996752500534,33.75774002075195,33.7581672668457,4.4719624519348145,0,6.7247233390808105
0.08605499565601349,0.09999997168779373,-0.0000005178314381737437,0.0006861621513962746,-0.00013437028974294662,-0.0000075435823418956716,-0.01596241444349289,47.46997833251953,47.470367431640625,3.9335334300994873,0,6.7247233390808105
0.08605999499559402,0.09999997168779373,-0.0000005183521807339275,0.0006861621513962746,-0.00010414996359031647,-0.000007613377874804428,-0.013959081843495369,58.820709228515625,58.82106018066406,3.4954917430877686,0,6.7247233390808105
0.08606499433517456,0.09999997168779373,-0.0000005186856810723839,0.0006861621513962746,-0.00006670353468507528,-0.000007674271728319582,-0.012178841978311539,66.53751373291016,66.53782653808594,3.2203147411346436,0,6.7247233390808105
0.0860700011253357,0.09999997168779373,-0.0000005188073828321649,0.0006861621513962746,-0.000024344437406398356,-0.0000077269651228562,-0.010538749396800995,68.99862670898438,68.99888610839844,3.188072919845581,0,6.7247233390808105
0.08607500046491623,0.09999997168779373,-0.0000005187094984648866,0.0006861621513962746,0.00001958145367098041,-0.000007771540367684793,-0.008915077894926071,67.06376647949219,67.06397247314453,3.3549442291259766,0,6.7247233390808105
0.08607999980449677,0.09999997168779373,-0.0000005183981102163671,0.0006861621513962746,0.00006227557605598122,-0.000007807572728779633,-0.007206419017165899,60.75407028198242,60.754241943359375,3.7192575931549072,0,6.7247233390808105
0.0860849991440773,0.09999997168779373,-0.0000005178933406568831,0.0006861621513962746,0.00010095282050315291,-0.00000783413361205021,-0.005312216933816671,50.415122985839844,50.415252685546875,4.2633585929870605,0,6.7247233390808105
0.08608999848365784,0.09999997168779373,-0.000000517228102125955,0.0006861621513962746,0.00013304808817338198,-0.000007849837857065722,-0.00314090633764863,37.1335563659668,37.13365173339844,4.932775497436523,0,6.7247233390808105
0.08609499782323837,0.09999997168779373,-0.0000005164446861272154,0.0006861621513962746,0.00015668805281165987,-0.00000785298107075505,-0.0006286646239459515,23.638010025024414,23.638080596923828,5.59114408493042,0,6.7247233390808105
0.08609999716281891,0.09999997168779373,-0.000000515586009441904,0.0006861621513962746,0.0001717364793876186,-0.000007841887054382823,0.0022188816219568253,10.283113479614258,10.283162117004395,6.220973968505859,0,6.7247233390808105
0.08610499650239944,0.09999997168779373,-0.0000005146945909473288,0.0006861621513962746,0.00017828292038757354,-0.000007814951459295116,0.0053871977142989635,1.9277162551879883,-1.9276776313781738,6.77245569229126,0,6.7247233390808105
0.08610999584197998,0.09999997168779373,-0.0000005138093115419906,0.0006861621513962746,0.00017705569916870445,-0.00000777076911617769,0.008836381137371063,11.807504653930664,-11.80746841430664,7.1866774559021,0,6.7247233390808105
0.08611499518156052,0.09999997168779373,-0.0000005129616056365194,0.0006861621513962746,0.00016953882004600018,-0.000007708286830165889,0.012496525421738625,18.39785385131836,-18.397811889648438,7.4161858558654785,0,6.7247233390808105
0.08611999452114105,0.09999997168779373,-0.0000005121724484524748,0.0006861621513962746,0.0001578263909323141,-0.000007626918886671774,0.016273558139801025,21.06515121459961,-21.065093994140625,7.429754257202148,0,6.7247233390808105
0.08612500131130219,0.09999997168779373,-0.0000005114503665026859,0.0006861621513962746,0.00014441589883062989,-0.000007526631179644028,0.020057499408721924,19.169052124023438,-19.168975830078125,7.195789813995361,0,6.7247233390808105
0.08613000065088272,0.09999997168779373,-0.0000005107892775413347,0.0006861621513962746,0.0001322124880971387,-0.000007408019882859662,0.02372228354215622,12.836133003234863,-12.836027145385742,6.720999717712402,0,6.7247233390808105
0.08613499999046326,0.09999997168779373,-0.0000005101690589981445,0.0006861621513962746,0.00012404074368532747,-0.000007272293714777334,0.027145259082317352,2.7841875553131104,-2.784048080444336,6.041622638702393,0,6.7247233390808105
0.08613999933004379,0.09999997168779373,-0.0000005095577080282965,0.0006861621513962746,0.00012226826220285147,-0.000007121182534319814,0.03022223338484764,9.448099136352539,9.44827651977539,5.234940052032471,0,6.7247233390808105
0.08614499866962433,0.09999997168779373,-0.0000005089162868898711,0.0006861621513962746,0.00012828312173951417,-0.000006956740890018409,0.03288836404681206,22.508987426757813,22.509204864501953,4.368921756744385,0,6.7247233390808105
0.08614999800920486,0.09999997168779373,-0.0000005082032430436811,0.0006861621513962746,0.0001426128001185134,-0.000006781173851777567,0.03511343523859978,35.40241241455078,35.402671813964844,3.493842601776123,0,6.7247233390808105
0.0861549973487854,0.09999997168779373,-0.0000005073774786978902,0.0006861621513962746,0.00016515067545697093,-0.00000659670968161663,0.036892835050821304,46.826927185058594,46.82722473144531,2.6754188537597656,0,6.7247233390808105
0.08615999668836594,0.09999997168779373,-0.0000005064026709078462,0.0006861621513962746,0.00019496161257848144,-0.000006405432486644713,0.03825541213154793,55.644752502441406,55.64508819580078,1.9714477062225342,0,6.7247233390808105
0.08616499602794647,0.09999997168779373,-0.0000005052507390246319,0.0006861621513962746,0.00023038615472614765,-0.00000620913533566636,0.03925945982336998,60.983482360839844,60.983848571777344,1.4266517162322998,0,6.7247233390808105
0.08616999536752701,0.09999997168779373,-0.000000503904686866008,0.0006861621513962746,0.00026920944219455123,-0.0000060092052081017755,0.03998604789376259,62.048526763916016,62.048927307128906,1.0820640325546265,0,6.7247233390808105
0.08617499470710754,0.09999997168779373,-0.0000005023611606702616,0.0006861621513962746,0.0003087107324972749,-0.000005806519311590819,0.040537137538194656,58.67129135131836,58.67171096801758,0.9476100206375122,0,6.7247233390808105
0.08618000149726868,0.09999997168779373,-0.0000005006308470001386,0.0006861621513962746,0.0003460620646364987,-0.000005601420525636058,0.0410197488963604,51.245487213134766,51.24592208862305,1.0052636861801147,0,6.7247233390808105
0.08618500083684921,0.09999997168779373,-0.0000004987373927178851,0.0006861621513962746,0.0003786859451793134,-0.000005393761966843158,0.041531722992658615,40.60135269165039,40.60179138183594,1.2152928113937378,0,6.7247233390808105
0.08619000017642975,0.09999997168779373,-0.000000496714733344561,0.0006861621513962746,0.00040453358087688684,-0.000005183008852327475,0.04215066507458687,27.91118049621582,27.91162109375,1.520921230316162,0,6.7247233390808105
0.08619499951601028,0.09999997168779373,-0.0000004946032277075574,0.0006861621513962746,0.0004223024006932974,-0.000004968382654624293,0.042925264686346054,14.557656288146973,14.558088302612305,1.8548463582992554,0,6.7247233390808105
0.08619999885559082,0.09999997168779373,-0.0000004924453946841822,0.0006861621513962746,0.00043157010804861784,-0.000004749032996187452,0.04386993125081062,1.9795271158218384,1.9799432754516602,2.1468818187713623,0,6.7247233390808105
0.08620499819517136,0.09999997168779373,-0.0000004902812520413136,0.0006861621513962746,0.0004328303039073944,-0.000004524216365098255,0.044963326305150986,8.488054275512695,-8.48766040802002,2.3318753242492676,0,6.7247233390808105
0.08620999753475189,0.09999997168779373,-0.0000004881441100224038,0.0006861621513962746,0.0004274266539141536,-0.000004293461643101182,0.04615094140172005,15.760902404785156,-15.760536193847656,2.3570199012756348,0,6.7247233390808105
0.08621499687433243,0.09999997168779373,-0.0000004860571607423481,0.0006861621513962746,0.0004173929337412119,-0.0000040567047108197585,0.04735136404633522,19.12455177307129,-19.124216079711914,2.1877522468566895,0,6.7247233390808105
0.08621999621391296,0.09999997168779373,-0.0000004840310907638923,0.0006861621513962746,0.00040521787013858557,-0.0000038143768961163005,0.04846557602286339,18.311269760131836,-18.310970306396484,1.8115874528884888,0,6.7247233390808105
0.0862249955534935,0.09999997168779373,-0.0000004820632852897688,0.0006861621513962746,0.00039356056367978454,-0.0000035674358969117748,0.04938821122050285,13.52689266204834,-13.526629447937012,1.2394640445709229,0,6.7247233390808105
0.08622999489307404,0.09999997168779373,-0.0000004801385671271419,0.0006861621513962746,0.0003849490894936025,-0.000003317338496344746,0.050019461661577225,5.424635410308838,-5.424408912658691,0.5044671297073364,0,6.7247233390808105
0.08623499423265457,0.09999997168779373,-0.0000004782310725204297,0.0006861621513962746,0.0003814956871792674,-0.0000030659566618851386,0.050276387482881546,4.9710516929626465,4.971241474151611,-0.34192854166030884,0,6.7247233390808105
0.0862400010228157,0.09999997168779373,-0.0000004763077754432743,0.0006861621513962746,0.0003846603794954717,-0.0000028154454412288032,0.050102245062589645,16.381919860839844,16.3820743560791,-1.235660433769226,0,6.7247233390808105
0.08624500036239624,0.09999997168779373,-0.00000047433232452931406,0.0006861621513962746,0.00039508944610133767,-0.0000025680808448669268,0.049472931772470474,27.421571731567383,27.421693801879883,-2.1072821617126465,0,6.7247233390808105
0.08624999970197678,0.09999997168779373,-0.00000047226959054569306,0.0006861621513962746,0.0004125465638935566,-0.0000023260822672455106,0.048399705439805984,36.390716552734375,36.39080810546875,-2.8716421127319336,0,6.7247233390808105
0.08625499904155731,0.09999997168779373,-0.00000047009100967443374,0.0006861621513962746,0.000435713620390743,-0.000002091396254400024,0.04693719372153282,41.96428298950195,41.964351654052734,-3.4621644020080566,0,6.7247233390808105
0.08625999838113785,0.09999997168779373,-0.00000046777887519056094,0.0006861621513962746,0.0004624288994818926,-0.0000018655266558198491,0.045173924416303635,44.3990592956543,44.39910888671875,-3.891162157058716,0,6.7247233390808105
0.08626499772071838,0.09999997168779373,-0.00000046532539954569074,0.0006861621513962746,0.0004906941903755069,-0.0000016495657746418146,0.04319217428565025,43.39274978637695,43.39278030395508,-4.142750263214111,0,6.7247233390808105
0.08626999706029892,0.09999997168779373,-0.0000004627337943929888,0.0006861621513962746,0.0005183188477531075,-0.0000014441543498833198,0.041082289069890976,38.734561920166016,38.734588623046875,-4.205353736877441,0,6.7247233390808105
0.08627499639987946,0.09999997168779373,-0.00000046001889586477773,0.0006861621513962746,0.0005429780576378107,-0.0000012494517704908503,0.03894052281975746,30.966033935546875,30.966054916381836,-4.104745864868164,0,6.7247233390808105
0.08627999573945999,0.09999997168779373,-0.00000045720543084826204,0.0006861621513962746,0.0005626915954053402,-0.0000010652017863321817,0.03684999421238899,21.447254180908203,21.447275161743164,-3.907395362854004,0,6.7247233390808105
0.08628499507904053,0.09999997168779373,-0.0000004543236968856945,0.0006861621513962746,0.0005763453664258122,-0.0000008909019015845843,0.034859973937273026,10.560958862304688,10.560983657836914,-3.6307156085968018,0,6.7247233390808105
0.08628999441862106,0.09999997168779373,-0.0000004514083400408708,0.0006861621513962746,0.0005830687005072832,-0.0000007258475989146973,0.03301086649298668,0.5710940361022949,-0.5710601806640625,-3.328947067260742,0,6.7247233390808105
0.0862950012087822,0.09999997168779373,-0.0000004484948021854507,0.0006861621513962746,0.0005827051354572177,-0.0000005692703552995226,0.03131544962525368,10.788965225219727,-10.788919448852539,-3.0582001209259033,0,6.7247233390808105
0.08630000054836273,0.09999997168779373,-0.0000004456156261767319,0.0006861621513962746,0.0005758366314694285,-0.0000004204807737551164,0.029757920652627945,19.01608657836914,-19.01602554321289,-2.8704686164855957,0,6.7247233390808105
0.08630499988794327,0.09999997168779373,-0.00000044279695998739044,0.0006861621513962746,0.0005637306021526456,-0.00000027900077270714974,0.028296001255512238,24.371963500976563,-24.37188720703125,-2.8080766201019287,0,6.7247233390808105
0.0863099992275238,0.09999997168779373,-0.000000440055885064794,0.0006861621513962746,0.0005482148844748735,-0.00000014467148901076143,0.02686585858464241,25.992420196533203,-25.992326736450195,-2.912726879119873,0,6.7247233390808105
0.08631499856710434,0.09999997168779373,-0.00000043739754573834944,0.0006861621513962746,0.000531667610630393,-0.00000001775940461357095,0.02538241818547249,23.53656578063965,-23.536453247070313,-3.2002220153808594,0,6.7247233390808105
0.08631999790668488,0.09999997168779373,-0.00000043481412603796343,0.0006861621513962746,0.0005166837945580482,0.00000010100338698748601,0.02375255897641182,17.242366790771484,-17.24223518371582,-3.657724380493164,0,6.7247233390808105
0.08632499724626541,0.09999997168779373,-0.00000043228558865848754,0.0006861621513962746,0.0005057069938629866,0.0000002104518443957204,0.021889694035053253,7.782783508300781,-7.782634258270264,-4.2509684562683105,0,6.7247233390808105
0.08632999658584595,0.09999997168779373,-0.00000042978183500963496,0.0006861621513962746,0.0005007523577660322,0.00000030907531822776946,0.019724693149328232,3.806239604949951,3.8064050674438477,-4.927855968475342,0,6.7247233390808105
0.08633499592542648,0.09999997168779373,-0.0000004272659452908556,0.0006861621513962746,0.0005031755426898599,0.0000003951500957555254,0.017214957624673843,16.238632202148438,16.238813400268555,-5.624073028564453,0,6.7247233390808105
0.08633999526500702,0.09999997168779373,-0.00000042469838490433176,0.0006861621513962746,0.0005135133396834135,0.0000004669033160098479,0.014350641518831253,28.119606018066406,28.11979866027832,-6.27011775970459,0,6.7247233390808105
0.08634499460458755,0.09999997168779373,-0.0000004220413245548116,0.0006861621513962746,0.0005314148729667068,0.0000005226897883403581,0.011157296597957611,38.09989929199219,38.100101470947266,-6.798957347869873,0,6.7247233390808105
0.08635000139474869,0.09999997168779373,-0.00000041926296034944244,0.0006861621513962746,0.0005556700052693486,0.0000005611628921542433,0.007694616448134184,45.02587890625,45.02608871459961,-7.153475284576416,0,6.7247233390808105
0.08635500073432922,0.09999997168779373,-0.0000004163412938851252,0.0006861621513962746,0.0005843343678861856,0.0000005814197834297374,0.0040513817220926285,48.06875991821289,48.0689697265625,-7.29287052154541,0,6.7247233390808105
0.08636000007390976,0.09999997168779373,-0.00000041326660493723466,0.0006861621513962746,0.0006149358814582229,0.0000005831055318594736,0.00033715320751070976,46.81858825683594,46.81880187988281,-7.1973090171813965,0,6.7247233390808105
0.0863649994134903,0.09999997168779373,-0.0000004100429009668005,0.0006861621513962746,0.0006447414634749293,0.0000005664634841195948,-0.0033284060191363096,41.33252716064453,41.332733154296875,-6.870291709899902,0,6.7247233390808105
0.08636999875307083,0.09999997168779373,-0.00000040668763290341303,0.0006861621513962746,0.0006710545858368278,0.000000532326396296412,-0.006827416364103556,32.1318359375,32.13203811645508,-6.3384857177734375,0,6.7247233390808105
0.08637499809265137,0.09999997168779373,-0.0000004032300751077855,0.0006861621513962746,0.0006915103876963258,0.000000482048506000865,-0.01005558017641306,20.149240493774414,20.149431228637695,-5.64906644821167,0,6.7247233390808105
0.0863799974322319,0.09999997168779373,-0.000000399708397935683,0.0006861621513962746,0.0007043378427624702,0.0000004173853653810511,-0.012932625599205494,6.631580829620361,6.631760597229004,-4.864844799041748,0,6.7247233390808105
0.08638499677181244,0.09999997168779373,-0.00000039616560343347373,0.0006861621513962746,0.000708559644408524,0.0000003403339974283881,-0.015410270541906357,6.994962215423584,-6.9947967529296875,-4.0575480461120605,0,6.7247233390808105
0.08638999611139297,0.09999997168779373,-0.00000039264506312974845,0.0006861621513962746,0.0007041065255180001,0.0000002529501728076866,-0.01747676357626915,19.280010223388672,-19.27985954284668,-3.3000986576080322,0,6.7247233390808105
0.08639499545097351,0.09999997168779373,-0.00000038918591371839284,0.0006861621513962746,0.0006918325088918209,0.00000015716271661858627,-0.019157491624355316,28.907291412353516,-28.90715789794922,-2.658735752105713,0,6.7247233390808105
0.08639999479055405,0.09999997168779373,-0.00000038581876538046345,0.0006861621513962746,0.000673429574817419,0.00000005460484686636846,-0.020511575043201447,34.838661193847656,-34.83854293823242,-2.185851573944092,0,6.7247233390808105
0.08640499413013458,0.09999997168779373,-0.0000003825625185527315,0.0006861621513962746,0.0006512505933642387,-0.00000005351924414753739,-0.021624818444252014,36.262672424316406,-36.2625732421875,-1.9225940704345703,0,6.7247233390808105
0.08641000092029572,0.09999997168779373,-0.0000003794216922869964,0.0006861621513962746,0.0006281650857999921,-0.00000016653919487907842,-0.022603988647460938,33.16133117675781,-33.16124725341797,-1.870546817779541,0,6.7247233390808105
0.08641500025987625,0.09999997168779373,-0.00000037638642425008584,0.0006861621513962746,0.0006070539820939302,-0.00000028432242515918915,-0.023556649684906006,26.051116943359375,-26.051050186157227,-2.004680633544922,0,6.7247233390808105
0.08641999959945679,0.09999997168779373,-0.0000003734340907612932,0.0006861621513962746,0.0005904693389311433,-0.00000040721056393522304,-0.02457762509584427,15.494058609008789,-15.494006156921387,-2.29778790473938,0,6.7247233390808105
0.08642499893903732,0.09999997168779373,-0.0000003705310689383623,0.0006861621513962746,0.0005806054687127471,-0.0000005359499937185319,-0.025747880339622498,2.599738359451294,-2.599698543548584,-2.695357084274292,0,6.7247233390808105
0.08642999827861786,0.09999997168779373,-0.00000036763631783287565,0.0006861621513962746,0.0005789503920823336,-0.0000006715530389556079,-0.02712061256170273,10.028254508972168,10.028284072875977,-3.068211793899536,0,6.7247233390808105
0.0864349976181984,0.09999997168779373,-0.00000036470964914769866,0.0006861621513962746,0.0005853346083313227,-0.000000814969212115102,-0.028683241456747055,22.14696502685547,22.14698600769043,-3.405203104019165,0,6.7247233390808105
0.08643999695777893,0.09999997168779373,-0.00000036171246620142483,0.0006861621513962746,0.0005994337843731046,-0.0000009670567351349746,-0.03041749820113182,32.90343475341797,32.90345001220703,-3.6646370887756348,0,6.7247233390808105
0.08644499629735947,0.09999997168779373,-0.00000035861054925589997,0.0006861621513962746,0.0006203807424753904,-0.0000011284761285423883,-0.032283883541822433,41.308284759521484,41.30830001831055,-3.797921895980835,0,6.7247233390808105
0.08644999563694,0.09999997168779373,-0.00000035537715348255006,0.0006861621513962746,0.0006466783815994859,-0.00000129956686123478,-0.03421815112233162,46.6084098815918,46.608428955078125,-3.768204689025879,0,6.7247233390808105
0.08645499497652054,0.09999997168779373,-0.00000035199539638597344,0.0006861621513962746,0.0006763502024114132,-0.0000014802532177782268,-0.036137279123067856,48.35213088989258,48.35215759277344,-3.5536863803863525,0,6.7247233390808105
0.08645999431610107,0.09999997168779373,-0.0000003484597357328312,0.0006861621513962746,0.0007071321597322822,-0.0000016699890466043144,-0.0379471592605114,46.0087890625,46.008827209472656,-3.128532648086548,0,6.7247233390808105
0.08646500110626221,0.09999997168779373,-0.00000034477761801099405,0.0006861621513962746,0.000736422254703939,-0.0000018676915942705818,-0.03954051062464714,39.89820861816406,39.89826202392578,-2.509361982345581,0,6.7247233390808105
0.08647000044584274,0.09999997168779373,-0.00000034096851209142187,0.0006861621513962746,0.0007618222152814269,-0.000002071784138024668,-0.04081851616501808,30.76707649230957,30.76714515686035,-1.7340925931930542,0,6.7247233390808105
0.08647499978542328,0.09999997168779373,-0.0000003370614649611525,0.0006861621513962746,0.0007814090931788087,-0.0000022802926196163753,-0.04170168563723564,19.9300594329834,19.930150985717773,-0.8690404295921326,0,6.7247233390808105
0.08647999912500381,0.09999997168779373,-0.0000003330909805754345,0.0006861621513962746,0.0007940969662740827,-0.0000024910141291911714,-0.0421442873775959,8.778043746948242,8.778157234191895,0.015621565282344818,0,6.7247233390808105
0.08648499846458435,0.09999997168779373,-0.0000003290925576493464,0.0006861621513962746,0.000799685250967741,-0.000002701695848372765,-0.04213633015751839,1.8850147724151611,-1.8848767280578613,0.878968358039856,0,6.7247233390808105
0.08648999780416489,0.09999997168779373,-0.00000032510013170394814,0.0006861621513962746,0.000798485241830349,-0.0000029101393010932952,-0.04168867692351341,10.954737663269043,-10.954574584960938,1.6649091243743896,0,6.7247233390808105
0.08649499714374542,0.09999997168779373,-0.00000032114257919602096,0.0006861621513962746,0.0007915112655609846,-0.000003114343144261511,-0.0408407486975193,17.500810623168945,-17.500621795654297,2.3258724212646484,0,6.7247233390808105
0.08649999648332596,0.09999997168779373,-0.0000003172407332385774,0.0006861621513962746,0.0007803698536008596,-0.000003312624130558106,-0.03965618833899498,20.739295959472656,-20.73908233642578,2.8213977813720703,0,6.7247233390808105
0.0865049958229065,0.09999997168779373,-0.0000003134049109121406,0.0006861621513962746,0.0007671668427065015,-0.0000035037203360843705,-0.03821926191449165,20.169281005859375,-20.169044494628906,3.124960422515869,0,6.7247233390808105
0.08650999516248703,0.09999997168779373,-0.0000003096332648055977,0.0006861621513962746,0.0007543266983702779,-0.0000036868589177174727,-0.03662773594260216,15.886781692504883,-15.886524200439453,3.239678382873535,0,6.7247233390808105
0.08651499450206757,0.09999997168779373,-0.00000030591220934184093,0.0006861621513962746,0.0007442128844559193,-0.000003861747700284468,-0.034977782517671585,8.404325485229492,-8.404050827026367,3.1893248558044434,0,6.7247233390808105
0.0865200012922287,0.09999997168779373,-0.00000030221789870665816,0.0006861621513962746,0.0007388625526800752,-0.0000040285149225383066,-0.033353473991155624,1.4089621305465698,1.4092501401901245,3.0153841972351074,0,6.7247233390808105
0.08652500063180923,0.09999997168779373,-0.0000002985190974413854,0.0006861621513962746,0.0007397595327347517,-0.000004187603735772427,-0.03181775286793709,12.426763534545898,12.427061080932617,2.7721481323242188,0,6.7247233390808105
0.08652999997138977,0.09999997168779373,-0.0000002947807331565855,0.0006861621513962746,0.0007476706523448229,-0.000004339633051131386,-0.030405908823013306,23.393386840820313,23.393686294555664,2.520400285720825,0,6.7247233390808105
0.0865349993109703,0.09999997168779373,-0.0000002909679039930779,0.0006861621513962746,0.0007625633152201772,-0.000004485244517127285,-0.029122278094291687,33.06560516357422,33.06590270996094,2.3204030990600586,0,6.7247233390808105
0.08653999865055084,0.09999997168779373,-0.0000002870498292395496,0.0006861621513962746,0.0007836135337129235,-0.0000046249469960457645,-0.027940507978200912,40.3526496887207,40.352943420410156,2.224975109100342,0,6.7247233390808105
0.08654499799013138,0.09999997168779373,-0.00000028300331678110524,0.0006861621513962746,0.0008093027863651514,-0.00000475898377771955,-0.026807337999343872,44.43885803222656,44.43914031982422,2.27341890335083,0,6.7247233390808105
0.08654999732971191,0.09999997168779373,-0.0000002788153494748258,0.0006861621513962746,0.000837593455798924,-0.0000048872311708691996,-0.02564949542284012,44.8751106262207,44.87537384033203,2.48699951171875,0,6.7247233390808105
0.08655499666929245,0.09999997168779373,-0.0000002744845346569491,0.0006861621513962746,0.0008661618921905756,-0.000005009145752410404,-0.024382878094911575,41.62900161743164,41.62924575805664,2.8664591312408447,0,6.7247233390808105
0.08655999600887299,0.09999997168779373,-0.0000002700212178297079,0.0006861621513962746,0.0008926637237891555,-0.00000512376072947518,-0.022923003882169724,35.08810043334961,35.088321685791016,3.391860008239746,0,6.7247233390808105
0.08656499534845352,0.09999997168779373,-0.0000002654462036844052,0.0006861621513962746,0.0009150014957413077,-0.0000052297382353572175,-0.021195542067289352,26.01600456237793,26.01620101928711,4.024758815765381,0,6.7247233390808105
0.08656999468803406,0.09999997168779373,-0.0000002607883970995317,0.0006861621513962746,0.0009315637871623039,-0.000005325467100192327,-0.019145749509334564,15.466042518615723,15.46621036529541,4.712481498718262,0,6.7247233390808105
0.08657500147819519,0.09999997168779373,-0.00000025608133569221536,0.0006861621513962746,0.0009414097294211388,-0.000005409195637184894,-0.01674570143222809,4.662343502044678,4.662483215332031,5.394010066986084,0,6.7247233390808105
0.08658000081777573,0.09999997168779373,-0.00000025135943815257633,0.0006861621513962746,0.0009443778544664383,-0.000005479188530443935,-0.013998555019497871,4.564953804016113,-4.564841270446777,5.978153228759766,0,6.7247233390808105
0.08658500015735626,0.09999997168779373,-0.00000024665209252816567,0.0006861621513962746,0.0009414716623723507,-0.0000055339578466373496,-0.010953906923532486,11.168545722961426,-11.16845703125,6.412916660308838,0,6.7247233390808105
0.0865899994969368,0.09999997168779373,-0.000000241980274040543,0.0006861621513962746,0.0009343615965917706,-0.0000055723971854604315,-0.007687835022807121,15.19365119934082,-15.193583488464355,6.700915336608887,0,6.7247233390808105
0.08659499883651733,0.09999997168779373,-0.0000002373568293023709,0.0006861621513962746,0.0009246889967471361,-0.00000559377258468885,-0.004275087267160416,16.194387435913086,-16.194339752197266,6.820137977600098,0,6.7247233390808105
0.08659999817609787,0.09999997168779373,-0.00000023278492733425082,0.0006861621513962746,0.0009143793722614646,-0.000005597780727839563,-0.0008016196079552174,14.037046432495117,-14.037012100219727,6.764061450958252,0,6.7247233390808105
0.0866049975156784,0.09999997168779373,-0.00000022825771850421006,0.0006861621513962746,0.0009054430993273854,-0.00000558456440558075,0.0026432883460074663,8.575814247131348,-8.575788497924805,6.52541446685791,0,6.7247233390808105
0.08660999685525894,0.09999997168779373,-0.00000022375779451522249,0.0006861621513962746,0.0008999835699796677,-0.000005554731160373194,0.005966654513031244,0.6467748880386353,-0.6467541456222534,6.1458611488342285,0,6.7247233390808105
0.08661499619483948,0.09999997168779373,-0.00000021925993110016861,0.0006861621513962746,0.0008995718089863658,-0.000005509247785084881,0.009096715599298477,8.551325798034668,8.551346778869629,5.685047626495361,0,6.7247233390808105
0.08661999553442001,0.09999997168779373,-0.00000021473485389833513,0.0006861621513962746,0.0009050157386809587,-0.000005449287527881097,0.011992085725069046,18.60395050048828,18.60397720336914,5.163290023803711,0,6.7247233390808105
0.08662499487400055,0.09999997168779373,-0.0000002101505600649034,0.0006861621513962746,0.0009168593678623438,-0.000005376178705773782,0.014621727168560028,28.46403694152832,28.46407127380371,4.63245964050293,0,6.7247233390808105
0.08662999421358109,0.09999997168779373,-0.00000020547565782180754,0.0006861621513962746,0.0009349801111966372,-0.000005291273737384472,0.01698102056980133,37.08811569213867,37.088165283203125,4.144235610961914,0,6.7247233390808105
0.08663500100374222,0.09999997168779373,-0.0000002006827060085925,0.0006861621513962746,0.0009585911175236106,-0.00000519581544722314,0.019091662019491196,43.54389953613281,43.543968200683594,3.744785785675049,0,6.7247233390808105
0.08664000034332275,0.09999997168779373,-0.00000019575114151848538,0.0006861621513962746,0.0009863120503723621,-0.000005090821105113719,0.020998865365982056,47.051544189453125,47.05162811279297,3.4727632999420166,0,6.7247233390808105
0.08664499968290329,0.09999997168779373,-0.00000019066980883053475,0.0006861621513962746,0.0010162659455090761,-0.000004976983291271608,0.022767528891563416,46.85227966308594,46.852386474609375,3.36592698097229,0,6.7247233390808105
0.08664999902248383,0.09999997168779373,-0.00000018543934743320278,0.0006861621513962746,0.0010460929479449987,-0.00000485457439935999,0.02448178082704544,42.88705062866211,42.88717269897461,3.42724871635437,0,6.7247233390808105
0.08665499836206436,0.09999997168779373,-0.00000018007236235462187,0.0006861621513962746,0.0010733956005424261,-0.0000047234379962901585,0.02622726559638977,35.511009216308594,35.51115036010742,3.639206647872925,0,6.7247233390808105
0.0866599977016449,0.09999997168779373,-0.00000017459234413763625,0.0006861621513962746,0.0010960025247186422,-0.000004583034296956612,0.02808069810271263,25.456546783447266,25.45670509338379,3.965639591217041,0,6.7247233390808105
0.08666499704122543,0.09999997168779373,-0.00000016903129562706454,0.0006861621513962746,0.0011122087016701698,-0.00000443253247794928,0.03010038286447525,13.754158973693848,13.754328727722168,4.355683326721191,0,6.7247233390808105
0.08666999638080597,0.09999997168779373,-0.00000016342647768397,0.0006861621513962746,0.001120964763686061,-0.000004270938916306477,0.03231871500611305,1.6199843883514404,1.6201653480529785,4.749365329742432,0,6.7247233390808105
0.0866749957203865,0.09999997168779373,-0.00000015781650120061386,0.0006861621513962746,0.001121995970606804,-0.000004097251348866848,0.03473754599690437,9.677618026733398,-9.677431106567383,5.084231376647949,0,6.7247233390808105
0.08667999505996704,0.09999997168779373,-0.00000015223731963942555,0.0006861621513962746,0.0011158350389450788,-0.000003910616669600131,0.03732692077755928,18.957622528076172,-18.95743179321289,5.302277565002441,0,6.7247233390808105
0.08668499439954758,0.09999997168779373,-0.0000001467184915782127,0.0006861621513962746,0.0011037662625312805,-0.0000037104798593645683,0.04002734646201134,25.25647735595703,-25.256288528442383,5.356409549713135,0,6.7247233390808105
0.08669000118970871,0.09999997168779373,-0.00000014128005432212376,0.0006861621513962746,0.0010876874439418316,-0.0000034967031297128415,0.04275534674525261,27.8323917388916,-27.83220672607422,5.210615158081055,0,6.7247233390808105
0.08669500052928925,0.09999997168779373,-0.00000013593020753432938,0.0006861621513962746,0.0010699687991291285,-0.000003269657554483274,0.04540909454226494,26.655338287353516,-26.655160903930664,4.864437580108643,0,6.7247233390808105
0.08669999986886978,0.09999997168779373,-0.00000013066521376003948,0.0006861621513962746,0.0010529994033277035,-0.0000030302248887892347,0.04788653180003166,21.795719146728516,-21.79555320739746,4.32241678237915,0,6.7247233390808105
0.08670499920845032,0.09999997168779373,-0.0000001254695973784692,0.0006861621513962746,0.0010391238611191511,-0.000002779785290840664,0.05008791759610176,13.822458267211914,-13.822305679321289,3.614009141921997,0,6.7247233390808105
0.08670999854803085,0.09999997168779373,-0.00000012031797780309716,0.0006861621513962746,0.0010303242597728968,-0.0000025201427433785284,0.05192851647734642,3.644613027572632,-3.6444764137268066,2.7856407165527344,0,6.7247233390808105
0.08671499788761139,0.09999997168779373,-0.00000011517795428517275,0.0006861621513962746,0.001028004102408886,-0.000002253406591989915,0.053347233682870865,7.588037490844727,7.588156700134277,1.8957536220550537,0,6.7247233390808105
0.08671999722719193,0.09999997168779373,-0.00000011001377941965984,0.0006861621513962746,0.0010328348726034164,-0.0000019818428427242907,0.05431273207068443,18.611019134521484,18.611122131347656,1.0085384845733643,0,6.7247233390808105
0.08672499656677246,0.09999997168779373,-0.00000010479036660626662,0.0006861621513962746,0.001044682925567031,-0.0000017077109077945352,0.05482637509703636,28.183748245239258,28.183834075927734,0.1870398074388504,0,6.7247233390808105
0.086729995906353,0.09999997168779373,-0.00000009947724066705632,0.0006861621513962746,0.0010626253206282854,-0.0000014331027387015638,0.05492163076996803,35.225425720214844,35.22549057006836,-0.5136055946350098,0,6.7247233390808105
0.08673499524593353,0.09999997168779373,-0.00000009405198397871573,0.0006861621513962746,0.0010850506369024515,-0.000001159802422989742,0.05466005578637123,38.93330001831055,38.933353424072266,-1.0520548820495605,0,6.7247233390808105
0.08673999458551407,0.09999997168779373,-0.00000008850280153183121,0.0006861621513962746,0.0011098363902419806,-0.0000008891811944522487,0.054124247282743454,38.870201110839844,38.870243072509766,-1.4051192998886108,0,6.7247233390808105
0.0867450013756752,0.09999997168779373,-0.00000008282989227836879,0.0006861621513962746,0.0011345818638801575,-0.000000622138031758368,0.05340862646698952,35.01215362548828,35.012184143066406,-1.5701388120651245,0,6.7247233390808105
0.08675000071525574,0.09999997168779373,-0.0000000770455343968024,0.0006861621513962746,0.0011568712070584297,-0.0000003590932351471565,0.05260896310210228,27.75050926208496,27.750526428222656,-1.5650994777679443,0,6.7247233390808105
0.08675500005483627,0.09999997168779373,-0.00000007117284894775366,0.0006861621513962746,0.0011745376978069544,-0.00000010003392958424229,0.051811862736940384,17.847145080566406,17.847156524658203,-1.4264252185821533,0,6.7247233390808105
0.08675999939441681,0.09999997168779373,-0.00000006524334850155356,0.0006861621513962746,0.0011858996003866196,0.00000015539302467004745,0.051085393875837326,7.443113803863525,7.443120002746582,-1.2594587802886963,0,6.7247233390808105
0.08676499873399734,0.09999997168779373,-0.000000059290158560543205,0.0006861621513962746,0.0011906379368156195,0.00000040761281638879154,0.05044395849108696,3.18906831741333,-3.189065456390381,-1.0761324167251587,0,6.7247233390808105
0.08676999807357788,0.09999997168779373,-0.000000053347122275226866,0.0006861621513962746,0.0011886076536029577,0.0000006570922437276749,0.049895886331796646,13.32978343963623,-13.329782485961914,-0.9108085036277771,0,6.7247233390808105
0.08677499741315842,0.09999997168779373,-0.00000004744651249666276,0.0006861621513962746,0.0011801216751337051,0.0000009042523174684902,0.04943201318383217,22.030494689941406,-22.030494689941406,-0.8094254732131958,0,6.7247233390808105
0.08677999675273895,0.09999997168779373,-0.0000000416160297334045,0.0006861621513962746,0.001166096655651927,0.0000011493511919979937,0.04901977255940437,28.492725372314453,-28.492725372314453,-0.8105747103691101,0,6.7247233390808105
0.08678499609231949,0.09999997168779373,-0.00000003587624064493866,0.0006861621513962746,0.001147957518696785,0.0000013923859114584047,0.04860695078969002,32.14509963989258,-32.145103454589844,-0.9416583180427551,0,6.7247233390808105
0.08678999543190002,0.09999997168779373,-0.000000030238773263135954,0.0006861621513962746,0.0011274933349341154,0.0000016330227481375914,0.048127371817827225,32.60993576049805,-32.60994338989258,-1.2206047773361206,0,6.7247233390808105
0.08679499477148056,0.09999997168779373,-0.0000000247051072932436,0.0006861621513962746,0.0011067332234233618,0.000001870551386673469,0.04750572517514229,29.625490188598633,-29.62549591064453,-1.659759759902954,0,6.7247233390808105
0.0867999941110611,0.09999997168779373,-0.000000019265742778884487,0.0006861621513962746,0.0010878730099648237,0.0000021038533759565325,0.046660419553518295,23.622251510620117,-23.622264862060547,-2.2370591163635254,0,6.7247233390808105
0.08680500090122223,0.09999997168779373,-0.000000013901569673180347,0.0006861621513962746,0.001072834711521864,0.0000023314587451750413,0.0455210916697979,15.364691734313965,-15.364710807800293,-2.913914442062378,0,6.7247233390808105
0.08681000024080276,0.09999997168779373,-0.000000008586303223978575,0.0006861621513962746,0.0010630532633513212,0.0000025516440018691355,0.044037047773599625,6.063496112823486,-6.063522815704346,-3.6295554637908936,0,6.7247233390808105
0.0868149995803833,0.09999997168779373,-0.0000000032903373359260968,0.0006861621513962746,0.0010591931641101837,0.000002762586746030138,0.042188528925180435,3.1119983196258545,3.1119613647460938,-4.325356483459473,0,6.7247233390808105
0.08681999891996384,0.09999997168779373,0.0000000020155339619520873,0.0006861621513962746,0.0010611743200570345,0.000002962515054605319,0.039985645562410355,11.410589218139648,11.410539627075195,-4.963618278503418,0,6.7247233390808105
0.08682499825954437,0.09999997168779373,0.000000007357726872214698,0.0006861621513962746,0.0010684386361390352,0.0000031498034331889357,0.03745769336819649,17.907554626464844,17.90749168395996,-5.497930526733398,0,6.7247233390808105
0.08682999759912491,0.09999997168779373,0.000000012756920853007614,0.0006861621513962746,0.0010798389557749033,0.0000033230915050808107,0.03465762361884117,21.77593231201172,21.775854110717773,-5.886686325073242,0,6.7247233390808105
0.08683499693870544,0.09999997168779373,0.000000018225430054030767,0.0006861621513962746,0.0010937019251286983,0.0000034813892852980644,0.0316595621407032,22.37984848022461,22.3797550201416,-6.09771203994751,0,6.7247233390808105
0.08683999627828598,0.09999997168779373,0.000000023765176493384388,0.0006861621513962746,0.001107949297875166,0.000003624159489845624,0.028554022312164307,19.603727340698242,19.603620529174805,-6.124707221984863,0,6.7247233390808105
0.08684499561786652,0.09999997168779373,0.0000000293673245721493,0.0006861621513962746,0.0011204294860363007,0.000003751333224499831,0.025434736162424088,13.717157363891602,13.717034339904785,-5.9804840087890625,0,6.7247233390808105
0.08684999495744705,0.09999997168779373,0.00000003501313372566983,0.0006861621513962746,0.0011291620321571827,0.000003863277925120201,0.022388901561498642,5.344706058502197,5.344570159912109,-5.695473670959473,0,6.7247233390808105
0.08685499429702759,0.09999997168779373,0.00000004067595682499814,0.0006861621513962746,0.0011325646191835403,0.000003960718913731398,0.019488219171762466,4.60391092300415,-4.604058265686035,-5.314269065856934,0,6.7247233390808105
0.08686000108718872,0.09999997168779373,0.00000004632412498040139,0.0006861621513962746,0.0011296337470412254,0.000004044627530674916,0.016781684011220932,15.035260200500488,-15.035416603088379,-4.890597820281982,0,6.7247233390808105
0.08686500042676926,0.09999997168779373,0.000000051924434529837526,0.0006861621513962746,0.0011200620792806149,0.000004116081981919706,0.01429092325270176,24.792016983032227,-24.79218101501465,-4.481367588043213,0,6.7247233390808105
0.08686999976634979,0.09999997168779373,0.000000057445827650326464,0.0006861621513962746,0.0011042789556086063,0.000004176125003141351,0.012008581310510635,32.783363342285156,-32.78352737426758,-4.140214920043945,0,6.7247233390808105
0.08687499910593033,0.09999997168779373,0.000000062862866911928,0.0006861621513962746,0.0010834084823727608,0.0000042256251617800444,0.009899986907839775,38.10929489135742,-38.109458923339844,-3.91135835647583,0,6.7247233390808105
0.08687999844551086,0.09999997168779373,0.00000006815860587039424,0.0006861621513962746,0.001059147296473384,0.000004265164989192272,0.007907949388027191,40.1634635925293,-40.16362762451172,-3.8245253562927246,0,6.7247233390808105
0.0868849977850914,0.09999997168779373,0.00000007332649687441517,0.0006861621513962746,0.001033578533679247,0.000004294965492590563,0.005960134789347649,38.69865798950195,-38.69881057739258,-3.8916871547698975,0,6.7247233390808105
0.08688999712467194,0.09999997168779373,0.00000007837120818976473,0.0006861621513962746,0.0010089422576129436,0.000004314856141718337,0.003978114575147629,33.85810470581055,-33.85824966430664,-4.10553503036499,0,6.7247233390808105
0.08689499646425247,0.09999997168779373,0.0000000833081443829542,0.0006861621513962746,0.0009873874951153994,0.0000043242921492492314,0.0018871828215196729,26.16179084777832,-26.161924362182617,-4.440176486968994,0,6.7247233390808105
0.08689999580383301,0.09999997168779373,0.00000008816180496751258,0.0006861621513962746,0.0009707324206829071,0.0000043224213186476845,-0.0003741803811863065,16.450157165527344,-16.450275421142578,-4.853938579559326,0,6.7247233390808105
0.08690499514341354,0.09999997168779373,0.0000000929631056578728,0.0006861621513962746,0.0009602599311619997,0.000004308190000301693,-0.002846270799636841,5.791747570037842,-5.791849136352539,-5.2939581871032715,0,6.7247233390808105
0.08690999448299408,0.09999997168779373,0.00000009774596776424005,0.0006861621513962746,0.000956572825089097,0.0000042804776967386715,-0.005542461760342121,4.634867191314697,4.634781837463379,-5.702037811279297,0,6.7247233390808105
0.08691500127315521,0.09999997168779373,0.00000010254358784322903,0.0006861621513962746,0.0009595234878361225,0.000004238245310261846,-0.008446485735476017,12.854150772094727,12.854080200195313,-5.980252742767334,0,6.7247233390808105
0.08692000061273575,0.09999997168779373,0.00000010738212097294308,0.0006861621513962746,0.0009677066700533032,0.000004180784344498534,-0.011492202989757061,18.558670043945313,18.558616638183594,-6.114147663116455,0,6.7247233390808105
0.08692499995231628,0.09999997168779373,0.00000011227972862570823,0.0006861621513962746,0.0009795214282348752,0.000004107753738935571,-0.0146061135455966,21.61653709411621,21.61649513244629,-6.098062038421631,0,6.7247233390808105
0.08692999929189682,0.09999997168779373,0.00000011724614523700438,0.0006861621513962746,0.0009932828834280372,0.000004019194420834538,-0.017711831256747246,21.716867446899414,21.716835021972656,-5.917365074157715,0,6.7247233390808105
0.08693499863147736,0.09999997168779373,0.00000012228169055106264,0.0006861621513962746,0.001007108367048204,0.00000391556659451453,-0.020725520327687263,18.819910049438477,18.819889068603516,-5.570937156677246,0,6.7247233390808105
0.08693999797105789,0.09999997168779373,0.00000012737713461774547,0.0006861621513962746,0.0010190895991399884,0.000003797752697209944,-0.023562775924801826,12.884922981262207,12.884906768798828,-5.057545185089111,0,6.7247233390808105
0.08694499731063843,0.09999997168779373,0.00000013251359121113637,0.0006861621513962746,0.001027292455546558,0.0000036670599001809023,-0.026138560846447945,4.91253662109375,4.9125237464904785,-4.427970886230469,0,6.7247233390808105
0.08694999665021896,0.09999997168779373,0.0000001376656939555687,0.0006861621513962746,0.0010304198367521167,0.0000035250914152129553,-0.028393706306815147,4.049827575683594,-4.049840927124023,-3.735292434692383,0,6.7247233390808105
0.0869549959897995,0.09999997168779373,0.00000014280490745477437,0.0006861621513962746,0.0010278417030349374,0.000003373610979906516,-0.030296074226498604,13.583352088928223,-13.583368301391602,-3.0011448860168457,0,6.7247233390808105
0.08695999532938004,0.09999997168779373,0.00000014790087732308166,0.0006861621513962746,0.0010191943729296327,0.0000032144882879947545,-0.031824544072151184,22.728012084960938,-22.72803497314453,-2.2742440700531006,0,6.7247233390808105
0.08696499466896057,0.09999997168779373,0.00000015292449973003386,0.0006861621513962746,0.0010047253454104066,0.0000030495743885694537,-0.032982803881168365,30.558429718017578,-30.558462142944336,-1.6016303300857544,0,6.7247233390808105
0.0869700014591217,0.09999997168779373,0.0000001578508488364605,0.0006861621513962746,0.0009852711809799075,0.0000028805818601540523,-0.03379850834608078,36.28933334350586,-36.28937530517578,-1.023527979850769,0,6.7247233390808105
0.08697500079870224,0.09999997168779373,0.00000016266169211576198,0.0006861621513962746,0.0009621686767786741,0.000002708982947297045,-0.034319788217544556,39.24223709106445,-39.24229049682617,-0.574959397315979,0,6.7247233390808105
0.08698000013828278,0.09999997168779373,0.00000016734762198211683,0.0006861621513962746,0.0009371862979605794,0.000002535919975343859,-0.034612610936164856,38.874549865722656,-38.87461853027344,-0.2842769920825958,0,6.7247233390808105
0.08698499947786331,0.09999997168779373,0.00000017190981793646642,0.0006861621513962746,0.0009124380303546786,0.0000023621330456080614,-0.03475739061832428,35.23115158081055,-35.23122787475586,-0.15058286488056183,0,6.7247233390808105
0.08698999881744385,0.09999997168779373,0.00000017635986182540364,0.0006861621513962746,0.0008900092216208577,0.0000021879627638554666,-0.03483407944440842,28.712026596069336,-28.712121963500977,-0.1553262323141098,0,6.7247233390808105
0.08699499815702438,0.09999997168779373,0.0000001807185157076674,0.0006861621513962746,0.000871730619110167,0.0000020133968519076006,-0.034913189709186554,20.026906967163086,-20.027013778686523,-0.26454299688339233,0,6.7247233390808105
0.08699999749660492,0.09999997168779373,0.00000018501341969567875,0.0006861621513962746,0.0008589810458943248,0.0000018381572317593964,-0.03504791855812073,10.115851402282715,-10.115967750549316,-0.4327852725982666,0,6.7247233390808105
0.08699999749660492,0.09999997168779373,0.00000018927612188690546,0.0006861621513962746,0.0008525410667061806,0.0000016618155314063188,-0.03526833653450012,0.04478764533996582,-0.044913530349731445,-0.6082969903945923,0,6.7247233390808105
