Timestamp,X Position,Y Position,X Velocity,Y Velocity,Rotation,Rotation Velocity,Data1,Data2,Data3,Data4,FPS
0.09299999475479126,0.09999997168779373,0,0,0,0,0,0,0,0,0,117.43981170654297
0.0930049940943718,0.09999997168779373,0,0.0006861621513962746,0,0.00004999999873689376,10,12504.9345703125,12504.9345703125,-677.3300170898438,0,23.333410263061523
0.09301000088453293,0.09999997168779373,0,0.0006861621513962746,0,0.00009999999747378752,10,24441.205078125,24441.205078125,-1327.747314453125,0,23.333410263061523
0.09301500022411346,0.09999997168779373,0,0.0006861621513962746,0,0.00014999999257270247,10,35281.3125,35281.3125,-1926.2916259765625,0,23.333410263061523
0.093019999563694,0.09999997168779373,0,0.0006861621513962746,0,0.00019999999494757503,10,44554.1171875,44554.1171875,-2450.618408203125,0,23.333410263061523
0.09302499890327454,0.09999997168779373,0,0.0006861621513962746,0,0.00024999998277053237,10,51875.3515625,51875.3515625,-2882.4404296875,0,23.333410263061523
0.09302999824285507,0.09999997168779373,0,0.0006861621513962746,0,0.00029999998514540493,10,56968.09375,56968.09375,-3208.48828125,0,23.333410263061523
0.09303499758243561,0.09999997168779373,0,0.0006861621513962746,0,0.0003499999875202775,10,59676.71875,59676.71484375,-3421.16796875,0,23.333410263061523
0.09303999692201614,0.09999997168779373,0,0.0006861621513962746,0,0.00039999998989515007,10,59973.515625,59973.51171875,-3518.876708984375,0,23.333410263061523
0.09304499626159668,0.09999997168779373,0,0.0006861621513962746,0,0.00044999999227002263,10,57949.46484375,57949.4609375,-3505.561279296875,0,23.333410263061523
0.09304999560117722,0.09999997168779373,0,0.0006861621513962746,0,0.0004999999655410647,10,53839.69140625,53839.6875,-3392.026611328125,0,23.333410263061523
0.09305499494075775,0.09999997168779373,0,0.0006861621513962746,0,0.0005499999388121068,10,47955.640625,47955.63671875,-3192.6142578125,0,23.333410263061523
0.09305999428033829,0.09999997168779373,0,0.0006861621513962746,0,0.000599999912083149,10,40699.44140625,40699.4375,-2926.00634765625,0,23.333410263061523
0.09306500107049942,0.09999997168779373,0,0.0006861621513962746,0,0.0006499998853541911,10,32529.482421875,32529.474609375,-2613.598388671875,0,23.333410263061523
0.09307000041007996,0.09999997168779373,0,0.0006861621513962746,0,0.0006999998586252332,10,23932.23046875,23932.228515625,-2278.19873046875,0,23.333410263061523
0.09307499974966049,0.09999997168779373,0,0.0006861621513962746,0,0.0007499998318962753,10,15393.15625,15393.1533203125,-1942.6787109375,0,23.333410263061523
0.09307999908924103,0.09999997168779373,0,0.0006861621513962746,0,0.0007999998051673174,10,7368.96728515625,7368.96435546875,-1628.679443359375,0,23.333410263061523
0.09308499842882156,0.09999997168779373,0,0.0006861621513962746,0,0.0008499997784383595,10,262.34405517578125,262.3423767089844,-1355.432373046875,0,23.333410263061523
0.0930899977684021,0.09999997168779373,0,0.0006861621513962746,0,0.0008999997517094016,10,5598.92578125,-5598.92626953125,-1138.7777099609375,0,23.333410263061523
0.09309499710798264,0.09999997168779373,0,0.0006861621513962746,0,0.0009499997249804437,10,9977.5771484375,-9977.576171875,-990.4205322265625,0,23.333410263061523
0.09309999644756317,0.09999997168779373,0,0.0006861621513962746,0,0.0009999996982514858,10,12734.8369140625,-12734.8349609375,-917.5440063476563,0,23.333410263061523
0.09310499578714371,0.09999997168779373,0,0.0006861621513962746,0,0.0010499997297301888,10,13833.7255859375,-13833.7216796875,-922.626953125,0,23.333410263061523
0.09310999512672424,0.09999997168779373,0,0.0006861621513962746,0,0.0010999997612088919,10,13334.2431640625,-13334.23828125,-1003.6411743164063,0,23.333410263061523
0.09311499446630478,0.09999997168779373,0,0.0006861621513962746,0,0.0011499997926875949,10,11382.8076171875,-11382.802734375,-1154.5125732421875,0,23.333410263061523
0.09312000125646591,0.09999997168779373,0,0.0006861621513962746,0,0.001199999824166298,10,8196.478515625,-8196.4736328125,-1365.82373046875,0,23.333410263061523
0.09312500059604645,0.09999997168779373,0,0.0006861621513962746,0,0.001249999855645001,10,4043.24755859375,-4043.243408203125,-1625.7010498046875,0,23.333410263061523
0.09312999993562698,0.09999997168779373,0,0.0006861621513962746,0,0.001299999887123704,10,780.0846557617188,780.087158203125,-1920.81494140625,0,23.333410263061523
0.09313499927520752,0.09999997168779373,0,0.0006861621513962746,0,0.001349999918602407,10,5970.8603515625,5970.8603515625,-2237.42333984375,0,23.333410263061523
0.09313999861478806,0.09999997168779373,0,0.0006861621513962746,0,0.00139999995008111,10,11242.859375,11242.8564453125,-2562.3916015625,0,23.333410263061523
0.09314499795436859,0.09999997168779373,0,0.0006861621513962746,0,0.001449999981559813,10,16344.91796875,16344.9111328125,-2884.04052734375,0,23.333410263061523
0.09314999729394913,0.09999997168779373,0,0.0006861621513962746,0,0.001500000013038516,10,21077.736328125,21077.724609375,-3192.927001953125,0,23.333410263061523
0.09315499663352966,0.09999997168779373,0,0.0006861621513962746,0,0.001550000044517219,10,25304.55078125,25304.53515625,-3482.342529296875,0,23.333410263061523
0.0931599959731102,0.09999997168779373,0,0.0006861621513962746,0,0.001600000075995922,10,28956.658203125,28956.638671875,-3748.578857421875,0,23.333410263061523
0.09316499531269073,0.09999997168779373,0,0.0006861621513962746,0,0.0016500001074746251,10,32033.169921875,32033.146484375,-3990.93603515625,0,23.333410263061523
0.09316999465227127,0.09999997168779373,0,0.0006861621513962746,0,0.0017000001389533281,10,34595.19921875,34595.16796875,-4211.47509765625,0,23.333410263061523
0.0931749939918518,0.09999997168779373,0,0.0006861621513962746,0,0.0017500001704320312,10,36755.03515625,36755,-4414.54736328125,0,23.333410263061523
0.09318000078201294,0.09999997168779373,0,0.0006861621513962746,0,0.0018000002019107342,10,38661.34375,38661.30859375,-4606.14111328125,0,23.333410263061523
0.09318500012159348,0.09999997168779373,0,0.0006861621513962746,0,0.0018500002333894372,10,40481.53125,40481.4921875,-4793.09814453125,0,23.333410263061523
0.09318999946117401,0.09999997168779373,0,0.0006861621513962746,0,0.0019000002648681402,10,42382.8046875,42382.765625,-4982.2724609375,0,23.333410263061523
0.09319499880075455,0.09999997168779373,0,0.0006861621513962746,0,0.0019500002963468432,10,44513.42578125,44513.38671875,-5179.69921875,0,23.333410263061523
0.09319999814033508,0.09999997168779373,0,0.0006861621513962746,0,0.0020000003278255463,10,46985.703125,46985.66796875,-5389.8369140625,0,23.333410263061523
0.09320499747991562,0.09999997168779373,0,0.0006861621513962746,0,0.0020500002428889275,10,49862.1171875,49862.0859375,-5614.95361328125,0,23.333410263061523
0.09320999681949615,0.09999997168779373,0,0.0006861621513962746,0,0.0021000001579523087,10,53145.69140625,53145.6640625,-5854.705078125,0,23.333410263061523
0.09321499615907669,0.09999997168779373,0,0.0006861621513962746,0,0.00215000007301569,10,56775.49609375,56775.47265625,-6105.94580078125,0,23.333410263061523
0.09321999549865723,0.09999997168779373,0,0.0006861621513962746,0,0.002199999988079071,10,60627.671875,60627.65625,-6362.78271484375,0,23.333410263061523
0.09322499483823776,0.09999997168779373,0,0.0006861621513962746,0,0.0022499999031424522,10,64522.08984375,64522.0859375,-6616.8916015625,0,23.333410263061523
0.0932299941778183,0.09999997168779373,0,0.0006861621513962746,0,0.0022999998182058334,10,68234.140625,68234.140625,-6858.05859375,0,23.333410263061523
0.09323500096797943,0.09999997168779373,0,0.0006861621513962746,0,0.0023499997332692146,10,71511.25,71511.2578125,-7074.93359375,0,23.333410263061523
0.09324000030755997,0.09999997168779373,0,0.0006861621513962746,0,0.002399999648332596,10,74091.9140625,74091.9375,-7255.8974609375,0,23.333410263061523
0.0932449996471405,0.09999997168779373,0,0.0006861621513962746,0,0.002449999563395977,10,75726.3125,75726.34375,-7389.98828125,0,23.333410263061523
0.09324999898672104,0.09999997168779373,0,0.0006861621513962746,0,0.002499999478459358,10,76199.1875,76199.2265625,-7467.94384765625,0,23.333410263061523
0.09325499832630157,0.09999997168779373,0,0.0006861621513962746,0,0.0025499993935227394,10,75349.546875,75349.6015625,-7483.0810546875,0,23.333410263061523
0.09325999766588211,0.09999997168779373,0,0.0006861621513962746,0,0.0025999993085861206,10,73088,73088.0703125,-7432.06787109375,0,23.333410263061523
0.09326499700546265,0.09999997168779373,0,0.0006861621513962746,0,0.002649999223649502,10,69409.6875,69409.765625,-7315.49169921875,0,23.333410263061523
0.09326999634504318,0.09999997168779373,0,0.0006861621513962746,0,0.002699999138712883,10,64401.875,64401.9609375,-7138.18505859375,0,23.333410263061523
0.09327499568462372,0.09999997168779373,0,0.0006861621513962746,0,0.002749999053776264,10,58245.34765625,58245.44140625,-6909.25732421875,0,23.333410263061523
0.09327999502420425,0.09999997168779373,0,0.0006861621513962746,0,0.0027999989688396454,10,51209.28515625,51209.37890625,-6641.837890625,0,23.333410263061523
0.09328499436378479,0.09999997168779373,0,0.0006861621513962746,0,0.0028499988839030266,10,43639.7421875,43639.83984375,-6352.5224609375,0,23.333410263061523
0.09329000115394592,0.09999997168779373,0,0.0006861621513962746,0,0.0028999987989664078,10,35942.34765625,35942.4453125,-6060.55419921875,0,23.333410263061523
0.09329500049352646,0.09999997168779373,0,0.0006861621513962746,0,0.002949998714029789,10,28560.138671875,28560.23046875,-5786.78955078125,0,23.333410263061523
0.093299999833107,0.09999997168779373,0,0.0006861621513962746,0,0.00299999862909317,10,21947.892578125,21947.9765625,-5552.50390625,0,23.333410263061523
0.09330499917268753,0.09999997168779373,0,0.0006861621513962746,0,0.0030499985441565514,10,16544.625,16544.703125,-5378.11572265625,0,23.333410263061523
0.09330999851226807,0.09999997168779373,0,0.0006861621513962746,0,0.0030999984592199326,10,12745.9658203125,12746.03515625,-5281.9140625,0,23.333410263061523
0.0933149978518486,0.09999997168779373,0,0.0006861621513962746,0,0.0031499983742833138,10,10878.2392578125,10878.298828125,-5278.86083984375,0,23.333410263061523
0.09331999719142914,0.09999997168779373,0,0.0006861621513962746,0,0.003199998289346695,10,11176.025390625,11176.076171875,-5379.568359375,0,23.333410263061523
0.09332499653100967,0.09999997168779373,0,0.0006861621513962746,0,0.003249998204410076,10,13764.7333984375,13764.775390625,-5589.4990234375,0,23.333410263061523
0.09332999587059021,0.09999997168779373,0,0.0006861621513962746,0,0.0032999981194734573,10,18649.40625,18649.44140625,-5908.46630859375,0,23.333410263061523
0.09333499521017075,0.09999997168779373,0,0.0006861621513962746,0,0.0033499980345368385,10,25710.6484375,25710.6796875,-6330.45703125,0,23.333410263061523
0.09333999454975128,0.09999997168779373,0,0.0006861621513962746,0,0.0033999979496002197,10,34708.05078125,34708.078125,-6843.8095703125,0,23.333410263061523
0.09334500133991241,0.09999997168779373,0,0.0006861621513962746,0,0.003449997864663601,10,45291.01953125,45291.046875,-7431.72705078125,0,23.333410263061523
0.09335000067949295,0.09999997168779373,0,0.0006861621513962746,0,0.003499997779726982,10,57016.4921875,57016.51953125,-8073.1142578125,0,23.333410263061523
0.09335500001907349,0.09999997168779373,0,0.0006861621513962746,0,0.0035499976947903633,10,69372.4609375,69372.4921875,-8743.68359375,0,23.333410263061523
0.09335999935865402,0.09999997168779373,0,0.0006861621513962746,0,0.0035999976098537445,10,81805.953125,81805.9921875,-9417.2568359375,0,23.333410263061523
0.09336499869823456,0.09999997168779373,0,0.0006861621513962746,0,0.0036499975249171257,10,93753.765625,93753.8125,-10067.20703125,0,23.333410263061523
0.0933699980378151,0.09999997168779373,0,0.0006861621513962746,0,0.003699997439980507,10,104674.0390625,104674.1015625,-10667.9287109375,0,23.333410263061523
0.09337499737739563,0.09999997168779373,0,0.0006861621513962746,0,0.003749997355043888,10,114076.7890625,114076.8515625,-11196.259765625,0,23.333410263061523
0.09337999671697617,0.09999997168779373,0,0.0006861621513962746,0,0.0037999972701072693,10,121551.359375,121551.4453125,-11632.767578125,0,23.333410263061523
0.0933849960565567,0.09999997168779373,0,0.0006861621513962746,0,0.0038499971851706505,10,126789.390625,126789.484375,-11962.814453125,0,23.333410263061523
0.09338999539613724,0.09999997168779373,0,0.0006861621513962746,0,0.0038999971002340317,10,129601.4921875,129601.6015625,-12177.3447265625,0,23.333410263061523
0.09339499473571777,0.09999997168779373,0,0.0006861621513962746,0,0.003949997015297413,10,129927.03125,129927.1640625,-12273.33984375,0,23.333410263061523
0.09339999407529831,0.09999997168779373,0,0.0006861621513962746,0,0.003999996930360794,10,127836.1640625,127836.296875,-12253.9189453125,0,23.333410263061523
0.09340500086545944,0.09999997168779373,0,0.0006861621513962746,0,0.004049996845424175,10,123524.0859375,123524.25,-12128.0859375,0,23.333410263061523
0.09341000020503998,0.09999997168779373,0,0.0006861621513962746,0,0.0040999967604875565,10,117298.1953125,117298.3671875,-11910.1298828125,0,23.333410263061523
0.09341499954462051,0.09999997168779373,0,0.0006861621513962746,0,0.004149996675550938,10,109558.5390625,109558.734375,-11618.728515625,0,23.333410263061523
0.09341999888420105,0.09999997168779373,0,0.0006861621513962746,0,0.004199996590614319,10,100773.390625,100773.59375,-11275.8134765625,0,23.333410263061523
0.09342499822378159,0.09999997168779373,0,0.0006861621513962746,0,0.0042499965056777,10,91451.0546875,91451.2734375,-10905.2705078125,0,23.333410263061523
0.09342999756336212,0.09999997168779373,0,0.0006861621513962746,0,0.004299996420741081,10,82110.078125,82110.3203125,-10531.5439453125,0,23.333410263061523
0.09343499690294266,0.09999997168779373,0,0.0006861621513962746,0,0.004349996335804462,10,73249.5625,73249.828125,-10178.267578125,0,23.333410263061523
0.0934399962425232,0.09999997168779373,0,0.0006861621513962746,0,0.004399996250867844,10,65321.4609375,65321.734375,-9866.9580078125,0,23.333410263061523
0.09344499558210373,0.09999997168779373,0,0.0006861621513962746,0,0.004449996165931225,10,58706.55078125,58706.83984375,-9615.8984375,0,23.333410263061523
0.09344999492168427,0.09999997168779373,0,0.0006861621513962746,0,0.004499996080994606,10,53695.6171875,53695.92578125,-9439.24609375,0,23.333410263061523
0.0934549942612648,0.09999997168779373,0,0.0006861621513962746,0,0.004549995996057987,10,50476.76953125,50477.08984375,-9346.4189453125,0,23.333410263061523
0.09346000105142593,0.09999997168779373,0,0.0006861621513962746,0,0.004599995911121368,10,49129.546875,49129.890625,-9341.810546875,0,23.333410263061523
0.09346500039100647,0.09999997168779373,0,0.0006861621513962746,0,0.00464999582618475,10,49626.140625,49626.5,-9424.8125,0,23.333410263061523
0.093469999730587,0.09999997168779373,0,0.0006861621513962746,0,0.004699995741248131,10,51839.21875,51839.5859375,-9590.1591796875,0,23.333410263061523
0.09347499907016754,0.09999997168779373,0,0.0006861621513962746,0,0.004749995656311512,10,55555.7890625,55556.16796875,-9828.5400390625,0,23.333410263061523
0.09347999840974808,0.09999997168779373,0,0.0006861621513962746,0,0.004799995571374893,10,60495.94140625,60496.33203125,-10127.447265625,0,23.333410263061523
0.09348499774932861,0.09999997168779373,0,0.0006861621513962746,0,0.004849995486438274,10,66335.0078125,66335.3984375,-10472.1787109375,0,23.333410263061523
0.09348999708890915,0.09999997168779373,0,0.0006861621513962746,0,0.004899995401501656,10,72727.5234375,72727.921875,-10846.935546875,0,23.333410263061523
0.09349499642848969,0.09999997168779373,0,0.0006861621513962746,0,0.004949995316565037,10,79331.3984375,79331.7890625,-11235.9208984375,0,23.333410263061523
0.09349999576807022,0.09999997168779373,0,0.0006861621513962746,0,0.004999995231628418,10,85830.40625,85830.7890625,-11624.3798828125,0,23.333410263061523
0.09349999576807022,0.09999997168779373,0,0.0006861621513962746,0,0.005049995146691799,10,91953.734375,91954.109375,-11999.505859375,0,23.333410263061523
0.09350499510765076,0.09999997168779373,0,0.0006861621513962746,0,0.005034716799855232,-3.0556490421295166,81171.5546875,81171.90625,-11467.1630859375,0,3.3879010677337646
0.09350999444723129,0.09999997168779373,0,0.0006861621513962746,0,0.004990237765014172,-8.895827293395996,63099.2265625,63099.54296875,-10543.6708984375,0,3.3879010677337646
0.09351500123739243,0.09999997168779373,0,0.0006861621513962746,0,0.004918909166008234,-14.265674591064453,39283.21875,39283.49609375,-9305.626953125,0,3.3879010677337646
0.09352000057697296,0.09999997168779373,0,0.0006861621513962746,0,0.00482388399541378,-19.004989624023438,11747.453125,11747.689453125,-7853.47802734375,0,3.3879010677337646
0.0935249999165535,0.09999997168779373,0,0.0006861621513962746,0,0.004708860535174608,-23.00473403930664,17181.4765625,-17181.283203125,-6302.88671875,0,3.3879010677337646
0.09352999925613403,0.09999997168779373,0,0.0006861621513962746,0,0.004577786661684513,-26.214767456054688,45074.515625,-45074.359375,-4774.84228515625,0,3.3879010677337646
0.09353499859571457,0.09999997168779373,0,0.0006861621513962746,0,0.004434553906321526,-28.646575927734375,69608.375,-69608.25,-3385.36279296875,0,3.3879010677337646
0.0935399979352951,0.09999997168779373,0,0.0006861621513962746,0,0.00428270036354661,-30.3707275390625,88763.7109375,-88763.609375,-2235.68408203125,0,3.3879010677337646
0.09354499727487564,0.09999997168779373,0,0.0006861621513962746,0,0.00412515364587307,-31.509353637695313,100996,-100995.90625,-1403.7930908203125,0,3.3879010677337646
0.09354999661445618,0.09999997168779373,0,0.0006861621513962746,0,0.003964032046496868,-32.224300384521484,105364.46875,-105364.3828125,-938.0192260742188,0,3.3879010677337646
0.09355499595403671,0.09999997168779373,0,0.0006861621513962746,0,0.0038005218375474215,-32.702030181884766,101608.0234375,-101607.921875,-853.2413940429688,0,3.3879010677337646
0.09355999529361725,0.09999997168779373,0,0.0006861621513962746,0,0.003634838853031397,-33.1365852355957,90161.6484375,-90161.546875,-1130.01611328125,0,3.3879010677337646
0.09356499463319778,0.09999997168779373,0,0.0006861621513962746,0,0.003466278314590454,-33.712100982666016,72112.4453125,-72112.328125,-1716.701171875,0,3.3879010677337646
0.09356999397277832,0.09999997168779373,0,0.0006861621513962746,0,0.00329334638081491,-34.58640670776367,49099.0078125,-49098.875,-2534.354736328125,0,3.3879010677337646
0.09357500076293945,0.09999997168779373,0,0.0006861621513962746,0,0.003113960614427924,-35.877140045166016,23163.591796875,-23163.451171875,-3483.982177734375,0,3.3879010677337646
0.09358000010251999,0.09999997168779373,0,0.0006861621513962746,0,0.0029257030691951513,-37.65151596069336,3429.9287109375,3430.071044921875,-4455.4736328125,0,3.3879010677337646
0.09358499944210052,0.09999997168779373,0,0.0006861621513962746,0,0.0027260996866971254,-39.92067337036133,28396.1875,28396.326171875,-5337.439453125,0,3.3879010677337646
0.09358999878168106,0.09999997168779373,0,0.0006861621513962746,0,0.0025129045825451612,-42.63901138305664,49628.828125,49628.9609375,-6027.08251953125,0,3.3879010677337646
0.0935949981212616,0.09999997168779373,0,0.0006861621513962746,0,0.0022843617480248213,-45.70857620239258,65383.79296875,65383.90234375,-6439.228515625,0,3.3879010677337646
0.09359999746084213,0.09999997168779373,0,0.0006861621513962746,0,0.002039421582594514,-48.9880485534668,74429.203125,74429.296875,-6513.73046875,0,3.3879010677337646
0.09360499680042267,0.09999997168779373,0,0.0006861621513962746,0,0.0017778943292796612,-52.30546188354492,76149,76149.0703125,-6220.59912109375,0,3.3879010677337646
0.0936099961400032,0.09999997168779373,0,0.0006861621513962746,0,0.0015005264431238174,-55.47358322143555,70591.28125,70591.3359375,-5562.42626953125,0,3.3879010677337646
0.09361499547958374,0.09999997168779373,0,0.0006861621513962746,0,0.001208993955515325,-58.3065071105957,58457.3984375,58457.4296875,-4573.89599609375,0,3.3879010677337646
0.09361999481916428,0.09999997168779373,0,0.0006861621513962746,0,0.0009058141149580479,-60.6359748840332,41032.95703125,41032.9765625,-3318.440185546875,0,3.3879010677337646
0.09362499415874481,0.09999997168779373,0,0.0006861621513962746,0,0.0005941839190199971,-62.326045989990234,20067.294921875,20067.3046875,-1882.359130859375,0,3.3879010677337646
0.09363000094890594,0.09999997168779373,0,0.0006861621513962746,0,0.0002777602931018919,-63.284725189208984,2387.82177734375,-2387.819091796875,-366.9368896484375,0,3.3879010677337646
0.09363500028848648,0.09999997168779373,0,0.0006861621513962746,0,-0.00003959774039685726,-63.47160720825195,24165.7265625,-24165.728515625,1120.7423095703125,0,3.3879010677337646
0.09363999962806702,0.09999997168779373,0,0.0006861621513962746,0,-0.00035410182317718863,-62.90081787109375,43181.74609375,-43181.74609375,2477.43994140625,0,3.3879010677337646
0.09364499896764755,0.09999997168779373,0,0.0006861621513962746,0,-0.0006622971268370748,-61.639068603515625,57622.14453125,-57622.14453125,3613.031005859375,0,3.3879010677337646
0.09364999830722809,0.09999997168779373,0,0.0006861621513962746,0,-0.0009612919529899955,-59.79896545410156,66107.4375,-66107.4375,4458.51416015625,0,3.3879010677337646
0.09365499764680862,0.09999997168779373,0,0.0006861621513962746,0,-0.0012489332584664226,-57.52825927734375,67815.5625,-67815.546875,4972.05908203125,0,3.3879010677337646
0.09365999698638916,0.09999997168779373,0,0.0006861621513962746,0,-0.001523913349956274,-54.996009826660156,62551.515625,-62551.5,5142.43603515625,0,3.3879010677337646
0.0936649963259697,0.09999997168779373,0,0.0006861621513962746,0,-0.001785798231139779,-52.376991271972656,50783.73828125,-50783.71484375,4990.82177734375,0,3.3879010677337646
0.09366999566555023,0.09999997168779373,0,0.0006861621513962746,0,-0.0020349742844700813,-49.83518981933594,33572.53125,-33572.4921875,4567.28515625,0,3.3879010677337646
0.09367499500513077,0.09999997168779373,0,0.0006861621513962746,0,-0.002272519748657942,-47.50909423828125,12490.9052734375,-12490.8544921875,3946.93359375,0,3.3879010677337646
0.0936799943447113,0.09999997168779373,0,0.0006861621513962746,0,-0.002500014379620552,-45.498939514160156,10522.44921875,10522.5107421875,3222.72021484375,0,3.3879010677337646
0.09368500113487244,0.09999997168779373,0,0.0006861621513962746,0,-0.0027193024288862944,-43.85762023925781,33339.44921875,33339.515625,2496.816650390625,0,3.3879010677337646
0.09369000047445297,0.09999997168779373,0,0.0006861621513962746,0,-0.002932232338935137,-42.58599853515625,53836.37109375,53836.4375,1871.135986328125,0,3.3879010677337646
0.09369499981403351,0.09999997168779373,0,0.0006861621513962746,0,-0.0031403976026922464,-41.633033752441406,70087.65625,70087.7265625,1437.8553466796875,0,3.3879010677337646
0.09369999915361404,0.09999997168779373,0,0.0006861621513962746,0,-0.0033449013717472553,-40.90074157714844,80542.5859375,80542.640625,1270.783935546875,0,3.3879010677337646
0.09370499849319458,0.09999997168779373,0,0.0006861621513962746,0,-0.003546169027686119,-40.2535400390625,84169.5859375,84169.609375,1418.322021484375,0,3.3879010677337646
0.09370999783277512,0.09999997168779373,0,0.0006861621513962746,0,-0.003743825014680624,-39.53119659423828,80551.8984375,80551.8828125,1898.8099365234375,0,3.3879010677337646
0.09371499717235565,0.09999997168779373,0,0.0006861621513962746,0,-0.003936645574867725,-38.56414031982422,69930.078125,69930.015625,2698.489990234375,0,3.3879010677337646
0.09371999651193619,0.09999997168779373,0,0.0006861621513962746,0,-0.004122594837099314,-37.18981170654297,53187.0078125,53186.8828125,3772.286376953125,0,3.3879010677337646
0.09372499585151672,0.09999997168779373,0,0.0006861621513962746,0,-0.004298937972635031,-35.26860046386719,31773.0546875,31772.857421875,5047.5224609375,0,3.3879010677337646
0.09372999519109726,0.09999997168779373,0,0.0006861621513962746,0,-0.004462427459657192,-32.69792175292969,7580.6083984375,7580.33056640625,6430.11865234375,0,3.3879010677337646
0.0937349945306778,0.09999997168779373,0,0.0006861621513962746,0,-0.004609542898833752,-29.42308807373047,17221.7578125,-17222.12109375,7812.76318359375,0,3.3879010677337646
0.09374000132083893,0.09999997168779373,0,0.0006861621513962746,0,-0.004736763425171375,-25.444080352783203,40380.9765625,-40381.421875,9084.345703125,0,3.3879010677337646
0.09374500066041946,0.09999997168779373,0,0.0006861621513962746,0,-0.004840850830078125,-20.817462921142578,59760.03515625,-59760.55859375,10139.8134765625,0,3.3879010677337646
0.09375,0.09999997168779373,0,0.0006861621513962746,0,-0.004919117316603661,-15.653298377990723,73529.71875,-73530.3125,10889.5810546875,0,3.3879010677337646
0.09375499933958054,0.09999997168779373,0,0.0006861621513962746,0,-0.00496965367347002,-10.107279777526855,80334.4296875,-80335.078125,11267.6533203125,0,3.3879010677337646
0.09375999867916107,0.09999997168779373,0,0.0006861621513962746,0,-0.004991497378796339,-4.368711471557617,79417.3359375,-79418.0234375,11237.7451171875,0,3.3879010677337646
0.09376499801874161,0.09999997168779373,0,0.0006861621513962746,0,-0.004984724335372448,1.3546247482299805,70693.5625,-70694.2578125,10796.8232421875,0,3.3879010677337646
0.09376999735832214,0.09999997168779373,0,0.0006861621513962746,0,-0.004950457252562046,6.853401184082031,54764.62890625,-54765.3203125,9975.7685546875,0,3.3879010677337646
0.09377499669790268,0.09999997168779373,0,0.0006861621513962746,0,-0.004890786949545145,11.934019088745117,32872.70703125,-32873.37109375,8837.060546875,0,3.3879010677337646
0.09377999603748322,0.09999997168779373,0,0.0006861621513962746,0,-0.0048086135648190975,16.434696197509766,6798.259765625,-6798.8740234375,7469.685546875,0,3.3879010677337646
0.09378499537706375,0.09999997168779373,0,0.0006861621513962746,0,-0.0047074188478291035,20.238975524902344,21290.171875,21289.623046875,5981.6865234375,0,3.3879010677337646
0.09378999471664429,0.09999997168779373,0,0.0006861621513962746,0,-0.004590991884469986,23.285423278808594,49021.0546875,49020.58203125,4491.005859375,0,3.3879010677337646
0.09379499405622482,0.09999997168779373,0,0.0006861621513962746,0,-0.004463128745555878,25.572673797607422,74023.8515625,74023.453125,3115.40283203125,0,3.3879010677337646
0.09380000084638596,0.09999997168779373,0,0.0006861621513962746,0,-0.0043273321352899075,27.15933609008789,94134.0703125,94133.7578125,1962.33203125,0,3.3879010677337646
0.09380500018596649,0.09999997168779373,0,0.0006861621513962746,0,-0.004186538513749838,28.15874481201172,107581.6484375,107581.4140625,1119.6490478515625,0,3.3879010677337646
0.09380999952554703,0.09999997168779373,0,0.0006861621513962746,0,-0.004042893648147583,28.72897720336914,113145.90625,113145.75,647.9737548828125,0,3.3879010677337646
0.09381499886512756,0.09999997168779373,0,0.0006861621513962746,0,-0.003897598711773753,29.05898666381836,110263.8125,110263.7109375,575.36669921875,0,3.3879010677337646
0.0938199982047081,0.09999997168779373,0,0.0006861621513962746,0,-0.0037508385721594095,29.352020263671875,99081.6484375,99081.5859375,894.7977294921875,0,3.3879010677337646
0.09382499754428864,0.09999997168779373,0,0.0006861621513962746,0,-0.003601799951866269,29.807735443115234,80445.7109375,80445.6875,1564.6297607421875,0,3.3879010677337646
0.09382999688386917,0.09999997168779373,0,0.0006861621513962746,0,-0.00344877690076828,30.604595184326172,55832.5625,55832.56640625,2512.087890625,0,3.3879010677337646
0.09383499622344971,0.09999997168779373,0,0.0006861621513962746,0,-0.003289356827735901,31.883991241455078,27224.279296875,27224.302734375,3639.4423828125,0,3.3879010677337646
0.09383999556303024,0.09999997168779373,0,0.0006861621513962746,0,-0.003120669163763523,33.737545013427734,3058.72900390625,-3058.69140625,4832.28515625,0,3.3879010677337646
0.09384499490261078,0.09999997168779373,0,0.0006861621513962746,0,-0.0029396761674433947,36.198604583740234,32553.65234375,-32553.60546875,5969.22607421875,0,3.3879010677337646
0.09384999424219131,0.09999997168779373,0,0.0006861621513962746,0,-0.0027434825897216797,39.238704681396484,58867.52734375,-58867.48046875,6932.39404296875,0,3.3879010677337646
0.09385500103235245,0.09999997168779373,0,0.0006861621513962746,0,-0.0025296357925981283,42.769344329833984,79879.625,-79879.578125,7617.4521484375,0,3.3879010677337646
0.09386000037193298,0.09999997168779373,0,0.0006861621513962746,0,-0.0022963914088904858,46.64888381958008,93921.375,-93921.328125,7942.50390625,0,3.3879010677337646
0.09386499971151352,0.09999997168779373,0,0.0006861621513962746,0,-0.002042921492829919,50.693965911865234,99917.3359375,-99917.296875,7855.07177734375,0,3.3879010677337646
0.09386999905109406,0.09999997168779373,0,0.0006861621513962746,0,-0.0017694488633424044,54.694522857666016,97466.0234375,-97466,7336.107421875,0,3.3879010677337646
0.09387499839067459,0.09999997168779373,0,0.0006861621513962746,0,-0.0014772950671613216,58.4307746887207,86907.296875,-86907.265625,6403.35693359375,0,3.3879010677337646
0.09387999773025513,0.09999997168779373,0,0.0006861621513962746,0,-0.0011688352096825838,61.69197463989258,69234.7109375,-69234.6953125,5107.02490234375,0,3.3879010677337646
0.09388499706983566,0.09999997168779373,0,0.0006861621513962746,0,-0.0008473704219795763,64.29296112060547,46044.2890625,-46044.28125,3527.278076171875,0,3.3879010677337646
0.0938899964094162,0.09999997168779373,0,0.0006861621513962746,0,-0.0005169234937056899,66.08939361572266,19384.896484375,-19384.89453125,1766.865966796875,0,3.3879010677337646
0.09389499574899673,0.09999997168779373,0,0.0006861621513962746,0,-0.00018197725876234472,66.98925018310547,8420.3876953125,8420.3876953125,-57.69095993041992,0,3.3879010677337646
0.09389999508857727,0.09999997168779373,0,0.0006861621513962746,0,0.00015282203094102442,66.9598617553711,34976.40234375,34976.40234375,-1826.086181640625,0,3.3879010677337646
0.0939049944281578,0.09999997168779373,0,0.0006861621513962746,0,0.0004829712270293385,66.02983856201172,58019.484375,58019.48828125,-3424.287353515625,0,3.3879010677337646
0.09391000121831894,0.09999997168779373,0,0.0006861621513962746,0,0.0008044005371630192,64.2858657836914,75614.3671875,75614.3828125,-4754.28271484375,0,3.3879010677337646
0.09391500055789948,0.09999997168779373,0,0.0006861621513962746,0,0.0011137231485918164,61.864532470703125,86317.28125,86317.3046875,-5742.1640625,0,3.3879010677337646
0.09391999989748001,0.09999997168779373,0,0.0006861621513962746,0,0.0014084235299378633,58.94007110595703,89296.328125,89296.359375,-6344.1162109375,0,3.3879010677337646
0.09392499923706055,0.09999997168779373,0,0.0006861621513962746,0,0.0016869687242433429,55.70903778076172,84397.7265625,84397.78125,-6549.740234375,0,3.3879010677337646
0.09392999857664108,0.09999997168779373,0,0.0006861621513962746,0,0.0019488350953906775,52.37328338623047,72152.8046875,72152.875,-6382.4580078125,0,3.3879010677337646
0.09393499791622162,0.09999997168779373,0,0.0006861621513962746,0,0.0021944488398730755,49.12272644042969,53724.1640625,53724.25,-5896.927734375,0,3.3879010677337646
0.09393999725580215,0.09999997168779373,0,0.0006861621513962746,0,0.002425046171993017,46.11944580078125,30797.84375,30797.94140625,-5173.78662109375,0,3.3879010677337646
0.09394499659538269,0.09999997168779373,0,0.0006861621513962746,0,0.002642468549311161,43.484458923339844,5430.0986328125,5430.20654296875,-4312.15625,0,3.3879010677337646
0.09394999593496323,0.09999997168779373,0,0.0006861621513962746,0,0.0028489099349826574,41.288299560546875,20137.2890625,-20137.171875,-3420.58642578125,0,3.3879010677337646
0.09395499527454376,0.09999997168779373,0,0.0006861621513962746,0,0.003046640893444419,39.54621124267578,43676.59375,-43676.4765625,-2607.257568359375,0,3.3879010677337646
0.0939599946141243,0.09999997168779373,0,0.0006861621513962746,0,0.0032377326861023903,38.218345642089844,63171.15234375,-63171.03125,-1970.2969970703125,0,3.3879010677337646
0.09396499395370483,0.09999997168779373,0,0.0006861621513962746,0,0.0034238072112202644,37.214881896972656,76992.2421875,-76992.1171875,-1589.0712890625,0,3.3879010677337646
0.09397000074386597,0.09999997168779373,0,0.0006861621513962746,0,0.0036058351397514343,36.40557098388672,84040.328125,-84040.1875,-1517.2249755859375,0,3.3879010677337646
0.0939750000834465,0.09999997168779373,0,0.0006861621513962746,0,0.003783999476581812,35.63285827636719,83838.2734375,-83838.125,-1778.0643310546875,0,3.3879010677337646
0.09397999942302704,0.09999997168779373,0,0.0006861621513962746,0,0.003957635723054409,34.727294921875,76568.703125,-76568.53125,-2362.690185546875,0,3.3879010677337646
0.09398499876260757,0.09999997168779373,0,0.0006861621513962746,0,0.00412525562569499,33.52398681640625,63051.95703125,-63051.765625,-3231.03271484375,0,3.3879010677337646
0.09398999810218811,0.09999997168779373,0,0.0006861621513962746,0,0.004284647759050131,31.878435134887695,44667.34375,-44667.11328125,-4315.6845703125,0,3.3879010677337646
0.09399499744176865,0.09999997168779373,0,0.0006861621513962746,0,0.004433050286024809,29.68047523498535,23224.533203125,-23224.271484375,-5528.17138671875,0,3.3879010677337646
0.09399999678134918,0.09999997168779373,0,0.0006861621513962746,0,0.004567375406622887,26.864999771118164,796.9651489257813,-796.6649169921875,-6767.09765625,0,3.3879010677337646
0.09400499612092972,0.09999997168779373,0,0.0006861621513962746,0,0.004684468265622854,23.418546676635742,20467.951171875,20468.28515625,-7927.4326171875,0,3.3879010677337646
0.09400999546051025,0.09999997168779373,0,0.0006861621513962746,0,0.004781373776495457,19.381139755249023,38544.60546875,38544.96875,-8910.0927734375,0,3.3879010677337646
0.09401499480009079,0.09999997168779373,0,0.0006861621513962746,0,0.0048555899411439896,14.843267440795898,51713.57421875,51713.9609375,-9630.970703125,0,3.3879010677337646
0.09401999413967133,0.09999997168779373,0,0.0006861621513962746,0,0.004905281122773886,9.938255310058594,58718.0625,58718.453125,-10028.595703125,0,3.3879010677337646
0.09402500092983246,0.09999997168779373,0,0.0006861621513962746,0,0.004929434973746538,4.830733299255371,58878.33203125,58878.71875,-10069.73828125,0,3.3879010677337646
0.094030000269413,0.09999997168779373,0,0.0006861621513962746,0,0.004927946254611015,-0.2977423667907715,52154.03125,52154.40234375,-9752.4560546875,0,3.3879010677337646
0.09403499960899353,0.09999997168779373,0,0.0006861621513962746,0,0.004901622887700796,-5.264627456665039,39148.703125,39149.04296875,-9106.3095703125,0,3.3879010677337646
0.09403999894857407,0.09999997168779373,0,0.0006861621513962746,0,0.004852110520005226,-9.902432441711426,21056.064453125,21056.36328125,-8189.72314453125,0,3.3879010677337646
0.0940449982881546,0.09999997168779373,0,0.0006861621513962746,0,0.004781743511557579,-14.073424339294434,447.15338134765625,-446.8995361328125,-7084.7275390625,0,3.3879010677337646
0.09404999762773514,0.09999997168779373,0,0.0006861621513962746,0,0.004693335387855768,-17.6816463470459,23352.298828125,-23352.091796875,-5889.5498046875,0,3.3879010677337646
0.09405499696731567,0.09999997168779373,0,0.0006861621513962746,0,0.004589929711073637,-20.681169509887695,45500.37890625,-45500.21484375,-4709.71533203125,0,3.3879010677337646
0.09405999630689621,0.09999997168779373,0,0.0006861621513962746,0,0.004474530462175608,-23.079809188842773,64777.9453125,-64777.81640625,-3648.44921875,0,3.3879010677337646
0.09406499564647675,0.09999997168779373,0,0.0006861621513962746,0,0.004349840804934502,-24.93794822692871,79309.71875,-79309.6171875,-2797.2490234375,0,3.3879010677337646
0.09406999498605728,0.09999997168779373,0,0.0006861621513962746,0,0.004218027926981449,-26.362573623657227,87630.7890625,-87630.7109375,-2227.464599609375,0,3.3879010677337646
0.09407499432563782,0.09999997168779373,0,0.0006861621513962746,0,0.004080542828887701,-27.497011184692383,88822.90625,-88822.828125,-1983.646728515625,0,3.3879010677337646
0.09408000111579895,0.09999997168779373,0,0.0006861621513962746,0,0.003938006237149239,-28.507272720336914,82602.4453125,-82602.3515625,-2079.272705078125,0,3.3879010677337646
0.09408500045537949,0.09999997168779373,0,0.0006861621513962746,0,0.003790175076574087,-29.56623649597168,69352.1015625,-69352.0078125,-2495.235595703125,0,3.3879010677337646
0.09408999979496002,0.09999997168779373,0,0.0006861621513962746,0,0.003635989734902978,-30.83704948425293,50093.3203125,-50093.20703125,-3181.2509765625,0,3.3879010677337646
0.09409499913454056,0.09999997168779373,0,0.0006861621513962746,0,0.0034737035166472197,-32.45724868774414,26401.283203125,-26401.15625,-4060.075439453125,0,3.3879010677337646
0.0940999984741211,0.09999997168779373,0,0.0006861621513962746,0,0.0033010784536600113,-34.525028228759766,270.1470642089844,-270.0074157714844,-5034.16796875,0,3.3879010677337646
0.09410499781370163,0.09999997168779373,0,0.0006861621513962746,0,0.0031156339682638645,-37.08890914916992,26060.0625,26060.2109375,-5994.22265625,0,3.3879010677337646
0.09410999715328217,0.09999997168779373,0,0.0006861621513962746,0,0.0029149253387004137,-40.14174270629883,50299.62109375,50299.7734375,-6828.8330078125,0,3.3879010677337646
0.0941149964928627,0.09999997168779373,0,0.0006861621513962746,0,0.0026968270540237427,-43.6196403503418,70311.1484375,70311.2890625,-7434.4208984375,0,3.3879010677337646
0.09411999583244324,0.09999997168779373,0,0.0006861621513962746,0,0.0024597973097115755,-47.40595626831055,84299.6328125,84299.7734375,-7724.576171875,0,3.3879010677337646
0.09412499517202377,0.09999997168779373,0,0.0006861621513962746,0,0.002203097101300955,-51.34005355834961,90973.9296875,90974.0390625,-7637.962890625,0,3.3879010677337646
0.09412999451160431,0.09999997168779373,0,0.0006861621513962746,0,0.0019269469194114208,-55.230037689208984,89664.78125,89664.8828125,-7144.09619140625,0,3.3879010677337646
0.09413500130176544,0.09999997168779373,0,0.0006861621513962746,0,0.0016326045151799917,-58.86849594116211,80389.71875,80389.796875,-6246.47216796875,0,3.3879010677337646
0.09414000064134598,0.09999997168779373,0,0.0006861621513962746,0,0.0013223555870354176,-62.049800872802734,63857.14453125,63857.203125,-4982.72314453125,0,3.3879010677337646
0.09414499998092651,0.09999997168779373,0,0.0006861621513962746,0,0.0009994182037189603,-64.58747863769531,41411.015625,41411.0546875,-3421.828369140625,0,3.3879010677337646
0.09414999932050705,0.09999997168779373,0,0.0006861621513962746,0,0.0006677672499790788,-66.3302001953125,14919.4521484375,14919.4765625,-1658.5662841796875,0,3.3879010677337646
0.09415499866008759,0.09999997168779373,0,0.0006861621513962746,0,0.0003318927774671465,-67.17489624023438,13382.876953125,-13382.8642578125,194.30384826660156,0,3.3879010677337646
0.09415999799966812,0.09999997168779373,0,0.0006861621513962746,0,-0.000003486929927021265,-67.07594299316406,41085.14453125,-41085.140625,2015.47314453125,0,3.3879010677337646
0.09416499733924866,0.09999997168779373,0,0.0006861621513962746,0,-0.00033373426413163543,-66.04946899414063,65806.8984375,-65806.8984375,3685.302001953125,0,3.3879010677337646
0.0941699966788292,0.09999997168779373,0,0.0006861621513962746,0,-0.0006545970682054758,-64.17256164550781,85403.046875,-85403.046875,5095.95556640625,0,3.3879010677337646
0.09417499601840973,0.09999997168779373,0,0.0006861621513962746,0,-0.0009624831145629287,-61.57720947265625,98150.375,-98150.375,6160.619140625,0,3.3879010677337646
0.09417999535799026,0.09999997168779373,0,0.0006861621513962746,0,-0.0012546812649816275,-58.43962860107422,102892.828125,-102892.8125,6820.67431640625,0,3.3879010677337646
0.0941849946975708,0.09999997168779373,0,0.0006861621513962746,0,-0.0015295107150450349,-54.96588897705078,99138.265625,-99138.2265625,7050.4658203125,0,3.3879010677337646
0.09418999403715134,0.09999997168779373,0,0.0006861621513962746,0,-0.001786386244930327,-51.37511444091797,87133.890625,-87133.84375,6861.0478515625,0,3.3879010677337646
0.09419500082731247,0.09999997168779373,0,0.0006861621513962746,0,-0.0020257902797311544,-47.88081359863281,67801.0390625,-67800.9765625,6296.9169921875,0,3.3879010677337646
0.094200000166893,0.09999997168779373,0,0.0006861621513962746,0,-0.0022491593845188618,-44.67382049560547,42685.3046875,-42685.2265625,5433.56591796875,0,3.3879010677337646
0.09420499950647354,0.09999997168779373,0,0.0006861621513962746,0,-0.0024586920626461506,-41.906524658203125,13819.0732421875,-13818.9814453125,4370.67431640625,0,3.3879010677337646
0.09420999884605408,0.09999997168779373,0,0.0006861621513962746,0,-0.0026570947375148535,-39.68055725097656,16451.619140625,16451.724609375,3223.549072265625,0,3.3879010677337646
0.09421499818563461,0.09999997168779373,0,0.0006861621513962746,0,-0.0028472887352108955,-38.038818359375,45667.078125,45667.18359375,2113.230712890625,0,3.3879010677337646
0.09421999752521515,0.09999997168779373,0,0.0006861621513962746,0,-0.0030321015510708094,-36.962562561035156,71463.4140625,71463.515625,1156.134765625,0,3.3879010677337646
0.09422499686479568,0.09999997168779373,0,0.0006861621513962746,0,-0.00321397022344172,-36.373748779296875,91773.4140625,91773.515625,454.10699462890625,0,3.3879010677337646
0.09422999620437622,0.09999997168779373,0,0.0006861621513962746,0,-0.0033946826588362455,-36.14247131347656,105001.390625,105001.4453125,85.7704086303711,0,3.3879010677337646
0.09423499554395676,0.09999997168779373,0,0.0006861621513962746,0,-0.00357517646625638,-36.098785400390625,110158.9609375,110158.9765625,99.78343963623047,0,3.3879010677337646
0.09423999488353729,0.09999997168779373,0,0.0006861621513962746,0,-0.0037554162554442883,-36.04796600341797,106940.1796875,106940.1484375,511.1075744628906,0,3.3879010677337646
0.09424499422311783,0.09999997168779373,0,0.0006861621513962746,0,-0.003934354521334171,-35.78765869140625,95748.578125,95748.46875,1299.6348876953125,0,3.3879010677337646
0.09425000101327896,0.09999997168779373,0,0.0006861621513962746,0,-0.004109983332455158,-35.125762939453125,77656.453125,77656.265625,2412.161865234375,0,3.3879010677337646
0.0942550003528595,0.09999997168779373,0,0.0006861621513962746,0,-0.004279469605535269,-33.89726257324219,54307.74609375,54307.46484375,3767.156982421875,0,3.3879010677337646
0.09425999969244003,0.09999997168779373,0,0.0006861621513962746,0,-0.004439362790435553,-31.978666305541992,27772.154296875,27771.7734375,5261.93310546875,0,3.3879010677337646
0.09426499903202057,0.09999997168779373,0,0.0006861621513962746,0,-0.004585856571793556,-29.298786163330078,363.2957763671875,362.8230285644531,6781.60498046875,0,3.3879010677337646
0.0942699983716011,0.09999997168779373,0,0.0006861621513962746,0,-0.004715081304311752,-25.84494400024414,25563.115234375,-25563.671875,8209.0400390625,0,3.3879010677337646
0.09427499771118164,0.09999997168779373,0,0.0006861621513962746,0,-0.004823402035981417,-21.66411590576172,47813.42578125,-47814.05078125,9434.9384765625,0,3.3879010677337646
0.09427999705076218,0.09999997168779373,0,0.0006861621513962746,0,-0.004907696507871151,-16.85894012451172,64544.65625,-64545.328125,10367.1533203125,0,3.3879010677337646
0.09428499639034271,0.09999997168779373,0,0.0006861621513962746,0,-0.004965591244399548,-11.57899284362793,74421.1796875,-74421.8828125,10938.453125,0,3.3879010677337646
0.09428999572992325,0.09999997168779373,0,0.0006861621513962746,0,-0.004995631519705057,-6.008085250854492,76725.9296875,-76726.640625,11112.04296875,0,3.3879010677337646
0.09429499506950378,0.09999997168779373,0,0.0006861621513962746,0,-0.004997375421226025,-0.3487687110900879,71416.6171875,-71417.3046875,10884.3955078125,0,3.3879010677337646
0.09429999440908432,0.09999997168779373,0,0.0006861621513962746,0,-0.004971402231603861,5.194608211517334,59122.2421875,-59122.8984375,10285.134765625,0,3.3879010677337646
0.09430500119924545,0.09999997168779373,0,0.0006861621513962746,0,-0.004919238388538361,10.432784080505371,41080.71484375,-41081.3125,9374.025390625,0,3.3879010677337646
0.09431000053882599,0.09999997168779373,0,0.0006861621513962746,0,-0.004843203816562891,15.20693588256836,19023.0859375,-19023.62109375,8235.32421875,0,3.3879010677337646
0.09431499987840652,0.09999997168779373,0,0.0006861621513962746,0,-0.004746198188513517,19.401153564453125,4984.7880859375,4984.3291015625,6970.04443359375,0,3.3879010677337646
0.09431999921798706,0.09999997168779373,0,0.0006861621513962746,0,-0.004631443414837122,22.950969696044922,28729.24609375,28728.86328125,5686.78125,0,3.3879010677337646
0.0943249985575676,0.09999997168779373,0,0.0006861621513962746,0,-0.0045022075064480305,25.847225189208984,50047.58203125,50047.27734375,4491.9658203125,0,3.3879010677337646
0.09432999789714813,0.09999997168779373,0,0.0006861621513962746,0,-0.004361532628536224,28.134963989257813,67021.0234375,67020.7890625,3480.3837890625,0,3.3879010677337646
0.09433499723672867,0.09999997168779373,0,0.0006861621513962746,0,-0.004211995285004377,29.907508850097656,78144.75,78144.578125,2726.8125,0,3.3879010677337646
0.0943399965763092,0.09999997168779373,0,0.0006861621513962746,0,-0.004055514000356197,31.2962646484375,82460.015625,82459.890625,2279.513671875,0,3.3879010677337646
0.09434499591588974,0.09999997168779373,0,0.0006861621513962746,0,-0.0038932280149310827,32.457210540771484,79636.640625,79636.5625,2156.152099609375,0,3.3879010677337646
0.09434999525547028,0.09999997168779373,0,0.0006861621513962746,0,-0.0037254514172673225,33.55533218383789,69998.859375,69998.8125,2342.49658203125,0,3.3879010677337646
0.09435499459505081,0.09999997168779373,0,0.0006861621513962746,0,-0.00355170969851315,34.748355865478516,54492.203125,54492.1796875,2794.005615234375,0,3.3879010677337646
0.09435999393463135,0.09999997168779373,0,0.0006861621513962746,0,-0.003370853140950203,36.171329498291016,34594.71875,34594.71484375,3440.150634765625,0,3.3879010677337646
0.09436500072479248,0.09999997168779373,0,0.0006861621513962746,0,-0.003181236330419779,37.92338180541992,12180.43359375,12180.439453125,4191.07666015625,0,3.3879010677337646
0.09437000006437302,0.09999997168779373,0,0.0006861621513962746,0,-0.0029809470288455486,40.05788040161133,10653.3359375,-10653.3212890625,4946.0439453125,0,3.3879010677337646
0.09437499940395355,0.09999997168779373,0,0.0006861621513962746,0,-0.0027680627536028624,42.57687759399414,31774.93359375,-31774.91015625,5602.6611328125,0,3.3879010677337646
0.09437999874353409,0.09999997168779373,0,0.0006861621513962746,0,-0.002540911315008998,45.4302864074707,49216.01953125,-49215.9921875,6066.5546875,0,3.3879010677337646
0.09438499808311462,0.09999997168779373,0,0.0006861621513962746,0,-0.0022983115632086992,48.519954681396484,61350.3515625,-61350.32421875,6260.10986328125,0,3.3879010677337646
0.09438999742269516,0.09999997168779373,0,0.0006861621513962746,0,-0.002039770595729351,51.70820236206055,67042.7890625,-67042.765625,6129.7490234375,0,3.3879010677337646
0.0943949967622757,0.09999997168779373,0,0.0006861621513962746,0,-0.001765620312653482,54.83005905151367,65747.7109375,-65747.6875,5650.7236328125,0,3.3879010677337646
0.09439999610185623,0.09999997168779373,0,0.0006861621513962746,0,-0.0014770806301385164,57.707950592041016,57586.125,-57586.1015625,4830.8984375,0,3.3879010677337646
0.09440499544143677,0.09999997168779373,0,0.0006861621513962746,0,-0.001176239107735455,60.16830825805664,43299.42578125,-43299.40234375,3708.41552734375,0,3.3879010677337646
0.0944099947810173,0.09999997168779373,0,0.0006861621513962746,0,-0.0008659542072564363,62.05698776245117,24209.779296875,-24209.765625,2349.753173828125,0,3.3879010677337646
0.09441499412059784,0.09999997168779373,0,0.0006861621513962746,0,-0.000549685675650835,63.25370407104492,2096.98681640625,-2096.977783203125,843.6582641601563,0,3.3879010677337646
0.09442000091075897,0.09999997168779373,0,0.0006861621513962746,0,-0.00023126881569623947,63.68337631225586,20960.4765625,20960.48046875,-706.666015625,0,3.3879010677337646
0.09442500025033951,0.09999997168779373,0,0.0006861621513962746,0,0.00008534855442121625,63.3234748840332,42772.09765625,42772.09765625,-2192.7236328125,0,3.3879010677337646
0.09442999958992004,0.09999997168779373,0,0.0006861621513962746,0,0.0003963822091463953,62.206729888916016,61233.07421875,61233.07421875,-3510.427978515625,0,3.3879010677337646
0.09443499892950058,0.09999997168779373,0,0.0006861621513962746,0,0.0006984765641391277,60.418880462646484,74516.1796875,74516.1796875,-4569.50146484375,0,3.3879010677337646
0.09443999826908112,0.09999997168779373,0,0.0006861621513962746,0,0.000988934887573123,58.09165573120117,81237.0546875,81237.0625,-5301.56640625,0,3.3879010677337646
0.09444499760866165,0.09999997168779373,0,0.0006861621513962746,0,0.0012658927589654922,55.3915901184082,80585.609375,80585.6328125,-5666.55859375,0,3.3879010677337646
0.09444999694824219,0.09999997168779373,0,0.0006861621513962746,0,0.001528420951217413,52.50563430786133,72403.9765625,72404.015625,-5656.51171875,0,3.3879010677337646
0.09445499628782272,0.09999997168779373,0,0.0006861621513962746,0,0.0017765449592843652,49.62479782104492,57207.6640625,57207.71875,-5296.5478515625,0,3.3879010677337646
0.09445999562740326,0.09999997168779373,0,0.0006861621513962746,0,0.0020111813209950924,46.92728805541992,36146.99609375,36147.07421875,-4642.92822265625,0,3.3879010677337646
0.0944649949669838,0.09999997168779373,0,0.0006861621513962746,0,0.002233994659036398,44.56266403198242,10911.9482421875,10912.0390625,-3778.32568359375,0,3.3879010677337646
0.09446999430656433,0.09999997168779373,0,0.0006861621513962746,0,0.002447186503559351,42.63837814331055,16411.50390625,-16411.396484375,-2804.72265625,0,3.3879010677337646
0.09447500109672546,0.09999997168779373,0,0.0006861621513962746,0,0.0026532362680882215,41.20994186401367,43521.109375,-43520.9921875,-1834.5345458984375,0,3.3879010677337646
0.094480000436306,0.09999997168779373,0,0.0006861621513962746,0,0.0028546142857521772,40.2756233215332,68098.5078125,-68098.3828125,-980.7459106445313,0,3.3879010677337646
0.09448499977588654,0.09999997168779373,0,0.0006861621513962746,0,0.0030534949619323015,39.7761344909668,88012.171875,-88012.0390625,-346.91778564453125,0,3.3879010677337646
0.09448999911546707,0.09999997168779373,0,0.0006861621513962746,0,0.003251492278650403,39.59945297241211,101505.484375,-101505.3359375,-17.939363479614258,0,3.3879010677337646
0.09449499845504761,0.09999997168779373,0,0.0006861621513962746,0,0.0034494437277317047,39.59031295776367,107353.21875,-107353.0703125,-52.344566345214844,0,3.3879010677337646
0.09449999779462814,0.09999997168779373,0,0.0006861621513962746,0,0.0036472619976848364,39.563655853271484,104972.71875,-104972.5546875,-476.8758239746094,0,3.3879010677337646
0.09450499713420868,0.09999997168779373,0,0.0006861621513962746,0,0.0038438658230006695,39.32078170776367,94479.6015625,-94479.421875,-1283.7801513671875,0,3.3879010677337646
0.09450999647378922,0.09999997168779373,0,0.0006861621513962746,0,0.004037200473248959,38.66695785522461,76683.140625,-76682.9453125,-2431.086669921875,0,3.3879010677337646
0.09451499581336975,0.09999997168779373,0,0.0006861621513962746,0,0.004224344622343779,37.42881393432617,53021.34375,-53021.1171875,-3845.860595703125,0,3.3879010677337646
0.09451999515295029,0.09999997168779373,0,0.0006861621513962746,0,0.00440169544890523,35.47013473510742,25441.107421875,-25440.8515625,-5430.15771484375,0,3.3879010677337646
0.09452499449253082,0.09999997168779373,0,0.0006861621513962746,0,0.004565218463540077,32.7045783996582,3766.13134765625,3766.41455078125,-7069.1767578125,0,3.3879010677337646
0.09453000128269196,0.09999997168779373,0,0.0006861621513962746,0,0.004710739944130182,29.10427474975586,32159.1796875,32159.4921875,-8640.908203125,0,3.3879010677337646
0.09453500062227249,0.09999997168779373,0,0.0006861621513962746,0,0.004834257531911135,24.703495025634766,57355.5546875,57355.890625,-10026.4462890625,0,3.3879010677337646
0.09453999996185303,0.09999997168779373,0,0.0006861621513962746,0,0.004932242911309004,19.597068786621094,77235.3671875,77235.71875,-11120.078125,0,3.3879010677337646
0.09454499930143356,0.09999997168779373,0,0.0006861621513962746,0,0.005001911427825689,13.933658599853516,90123.0546875,90123.421875,-11838.2724609375,0,3.3879010677337646
0.0945499986410141,0.09999997168779373,0,0.0006861621513962746,0,0.005041433963924646,7.904476165771484,94931.2109375,94931.5859375,-12126.7841796875,0,3.3879010677337646
0.09455499798059464,0.09999997168779373,0,0.0006861621513962746,0,0.005050075706094503,1.7283556461334229,91253.8984375,91254.2578125,-11965.2734375,0,3.3879010677337646
0.09455999732017517,0.09999997168779373,0,0.0006861621513962746,0,0.00502824829891324,-4.365508079528809,79401.328125,79401.671875,-11369.0224609375,0,3.3879010677337646
0.0945649966597557,0.09999997168779373,0,0.0006861621513962746,0,0.004977469798177481,-10.1557035446167,60373.1171875,60373.44140625,-10387.611328125,0,3.3879010677337646
0.09456999599933624,0.09999997168779373,0,0.0006861621513962746,0,0.004900239408016205,-15.446070671081543,35772.171875,35772.46484375,-9100.6669921875,0,3.3879010677337646
0.09457499533891678,0.09999997168779373,0,0.0006861621513962746,0,0.004799834452569485,-20.08100128173828,7666.84228515625,7667.10205078125,-7611.04833984375,0,3.3879010677337646
0.09457999467849731,0.09999997168779373,0,0.0006861621513962746,0,0.004680048208683729,-23.957275390625,21586.640625,-21586.4140625,-6036.0712890625,0,3.3879010677337646
0.09458499401807785,0.09999997168779373,0,0.0006861621513962746,0,0.0045448909513652325,-27.031421661376953,49546.08203125,-49545.8828125,-4497.52197265625,0,3.3879010677337646
0.09459000080823898,0.09999997168779373,0,0.0006861621513962746,0,0.004398281220346689,-29.321990966796875,73891.984375,-73891.8046875,-3111.333984375,0,3.3879010677337646
0.09459500014781952,0.09999997168779373,0,0.0006861621513962746,0,0.004243748262524605,-30.90658187866211,92624.9375,-92624.78125,-1977.814208984375,0,3.3879010677337646
0.09459999948740005,0.09999997168779373,0,0.0006861621513962746,0,0.004084178712219,-31.913875579833984,104234.625,-104234.484375,-1173.2642822265625,0,3.3879010677337646
0.09460499882698059,0.09999997168779373,0,0.0006861621513962746,0,0.0039216214790940285,-32.511417388916016,107825.796875,-107825.65625,-743.72021484375,0,3.3879010677337646
0.09460999816656113,0.09999997168779373,0,0.0006861621513962746,0,0.0037571704015135765,-32.890193939208984,103190.5234375,-103190.3828125,-701.33984375,0,3.3879010677337646
0.09461499750614166,0.09999997168779373,0,0.0006861621513962746,0,0.0035909335128962994,-33.24738693237305,90820.6953125,-90820.546875,-1023.7349853515625,0,3.3879010677337646
0.0946199968457222,0.09999997168779373,0,0.0006861621513962746,0,0.00342208961956203,-33.76877212524414,71859.765625,-71859.609375,-1656.3035888671875,0,3.3879010677337646
0.09462499618530273,0.09999997168779373,0,0.0006861621513962746,0,0.0032490279991179705,-34.61232376098633,47998.34375,-47998.1875,-2517.332275390625,0,3.3879010677337646
0.09462999552488327,0.09999997168779373,0,0.0006861621513962746,0,0.0030695560853928328,-35.89439010620117,21322.974609375,-21322.814453125,-3505.418212890625,0,3.3879010677337646
0.0946349948644638,0.09999997168779373,0,0.0006861621513962746,0,0.0028811576776206493,-37.679683685302734,5868.57470703125,5868.7294921875,-4508.54345703125,0,3.3879010677337646
0.09463999420404434,0.09999997168779373,0,0.0006861621513962746,0,0.0026812783908098936,-39.97586441040039,31268.978515625,31269.12109375,-5414.00341796875,0,3.3879010677337646
0.09464500099420547,0.09999997168779373,0,0.0006861621513962746,0,0.0024676125030964613,-42.73319625854492,52762.5078125,52762.63671875,-6118.318359375,0,3.3879010677337646
0.09465000033378601,0.09999997168779373,0,0.0006861621513962746,0,0.002238366287201643,-45.8492317199707,68607.8984375,68608.0078125,-6536.2548828125,0,3.3879010677337646
0.09465499967336655,0.09999997168779373,0,0.0006861621513962746,0,0.0019924757070839405,-49.17811965942383,77586.8984375,77586.9765625,-6608.1708984375,0,3.3879010677337646
0.09465999901294708,0.09999997168779373,0,0.0006861621513962746,0,0.0017297575250267982,-52.543636322021484,79105.6953125,79105.7578125,-6305.05029296875,0,3.3879010677337646
0.09466499835252762,0.09999997168779373,0,0.0006861621513962746,0,0.0014509836910292506,-55.7547721862793,73240.703125,73240.75,-5630.80078125,0,3.3879010677337646
0.09466999769210815,0.09999997168779373,0,0.0006861621513962746,0,0.0011578710982576013,-58.62251663208008,60724.65625,60724.67578125,-4621.62255859375,0,3.3879010677337646
0.09467499703168869,0.09999997168779373,0,0.0006861621513962746,0,0.0008529896149411798,-60.97629165649414,42874.6328125,42874.64453125,-3342.521728515625,0,3.3879010677337646
0.09467999637126923,0.09999997168779373,0,0.0006861621513962746,0,0.0005395965417847037,-62.67862319946289,21468.951171875,21468.955078125,-1881.2999267578125,0,3.3879010677337646
0.09468499571084976,0.09999997168779373,0,0.0006861621513962746,0,0.0002214127453044057,-63.63676071166992,1416.4190673828125,-1416.418701171875,-340.5537109375,0,3.3879010677337646
0.0946899950504303,0.09999997168779373,0,0.0006861621513962746,0,-0.00009763825801201165,-63.81019973754883,23597.1875,-23597.1875,1171.60107421875,0,3.3879010677337646
0.09469499439001083,0.09999997168779373,0,0.0006861621513962746,0,-0.0004137057694606483,-63.213504791259766,42977.67578125,-42977.67578125,2551.185791015625,0,3.3879010677337646
0.09470000118017197,0.09999997168779373,0,0.0006861621513962746,0,-0.0007232767529785633,-61.9141960144043,57738.90234375,-57738.8984375,3707.589599609375,0,3.3879010677337646
0.0947050005197525,0.09999997168779373,0,0.0006861621513962746,0,-0.001023406395688653,-60.025936126708984,66502.8203125,-66502.796875,4571.63916015625,0,3.3879010677337646
0.09470999985933304,0.09999997168779373,0,0.0006861621513962746,0,-0.0013118945062160492,-57.6976203918457,68454.3125,-68454.296875,5101.60205078125,0,3.3879010677337646
0.09471499919891357,0.09999997168779373,0,0.0006861621513962746,0,-0.0015873914817348123,-55.09939956665039,63404.890625,-63404.859375,5286.31982421875,0,3.3879010677337646
0.09471999853849411,0.09999997168779373,0,0.0006861621513962746,0,-0.0018494270043447614,-52.407100677490234,51838.34375,-51838.30078125,5147.50439453125,0,3.3879010677337646
0.09472499787807465,0.09999997168779373,0,0.0006861621513962746,0,-0.002098354510962963,-49.78549575805664,34819.859375,-34819.80859375,4735.26123046875,0,3.3879010677337646
0.09472999721765518,0.09999997168779373,0,0.0006861621513962746,0,-0.0023352238349616528,-47.373844146728516,13927.0185546875,-13926.962890625,4124.7578125,0,3.3879010677337646
0.09473499655723572,0.09999997168779373,0,0.0006861621513962746,0,-0.0025615894701331854,-45.27312088012695,8901.623046875,8901.681640625,3408.815673828125,0,3.3879010677337646
0.09473999589681625,0.09999997168779373,0,0.0006861621513962746,0,-0.0027792747132480145,-43.537025451660156,31543.501953125,31543.5625,2689.26025390625,0,3.3879010677337646
0.09474499523639679,0.09999997168779373,0,0.0006861621513962746,0,-0.0029901117086410522,-42.167396545410156,51885.79296875,51885.84375,2067.445068359375,0,3.3879010677337646
0.09474999457597733,0.09999997168779373,0,0.0006861621513962746,0,-0.0031956839375197887,-41.11445617675781,68018.4296875,68018.4765625,1634.814453125,0,3.3879010677337646
0.09475499391555786,0.09999997168779373,0,0.0006861621513962746,0,-0.003397093154489994,-40.28185272216797,78410.1953125,78410.2109375,1464.3023681640625,0,3.3879010677337646
0.094760000705719,0.09999997168779373,0,0.0006861621513962746,0,-0.0035947735887020826,-39.53608703613281,82048.3671875,82048.3515625,1603.510986328125,0,3.3879010677337646
0.09476500004529953,0.09999997168779373,0,0.0006861621513962746,0,-0.0037883706390857697,-38.71942901611328,78533.8203125,78533.7578125,2070.092041015625,0,3.3879010677337646
0.09476999938488007,0.09999997168779373,0,0.0006861621513962746,0,-0.003976696170866489,-37.665138244628906,68122.4765625,68122.359375,2849.74560546875,0,3.3879010677337646
0.0947749987244606,0.09999997168779373,0,0.0006861621513962746,0,-0.004157764837145805,-36.213775634765625,51705.81640625,51705.640625,3897.212890625,0,3.3879010677337646
0.09477999806404114,0.09999997168779373,0,0.0006861621513962746,0,-0.004328909330070019,-34.22894287109375,30734.787109375,30734.529296875,5140.0517578125,0,3.3879010677337646
0.09478499740362167,0.09999997168779373,0,0.0006861621513962746,0,-0.004486965015530586,-31.61113739013672,7092.9091796875,7092.5712890625,6484.8857421875,0,3.3879010677337646
0.09478999674320221,0.09999997168779373,0,0.0006861621513962746,0,-0.004628506954759359,-28.30841064453125,17070.0546875,-17070.478515625,7825.5947265625,0,3.3879010677337646
0.09479499608278275,0.09999997168779373,0,0.0006861621513962746,0,-0.004750121384859085,-24.32286834716797,39529.4921875,-39529.99609375,9052.720703125,0,3.3879010677337646
0.09479999542236328,0.09999997168779373,0,0.0006861621513962746,0,-0.004848683252930641,-19.712356567382813,58185.22265625,-58185.80078125,10063.248046875,0,3.3879010677337646
0.09480499476194382,0.09999997168779373,0,0.0006861621513962746,0,-0.004921619314700365,-14.587185859680176,71251.0859375,-71251.7265625,10769.9052734375,0,3.3879010677337646
0.09480999410152435,0.09999997168779373,0,0.0006861621513962746,0,-0.004967129789292812,-9.102118492126465,77417.921875,-77418.609375,11109.134765625,0,3.3879010677337646
0.09481500089168549,0.09999997168779373,0,0.0006861621513962746,0,-0.0049843513406813145,-3.4442832469940186,75975.328125,-75976.0390625,11047.0390625,0,3.3879010677337646
0.09482000023126602,0.09999997168779373,0,0.0006861621513962746,0,-0.004973441828042269,2.18192720413208,66881.1953125,-66881.90625,10582.7470703125,0,3.3879010677337646
0.09482499957084656,0.09999997168779373,0,0.0006861621513962746,0,-0.0049355835653841496,7.571675777435303,50772.59375,-50773.28125,9748.888671875,0,3.3879010677337646
0.0948299989104271,0.09999997168779373,0,0.0006861621513962746,0,-0.00487289996817708,12.5367431640625,28916.759765625,-28917.408203125,8609.1279296875,0,3.3879010677337646
0.09483499825000763,0.09999997168779373,0,0.0006861621513962746,0,-0.00478829350322485,16.921335220336914,3106.198486328125,-3106.78271484375,7252.9443359375,0,3.3879010677337646
0.09483999758958817,0.09999997168779373,0,0.0006861621513962746,0,-0.004685217514634132,20.6152286529541,24493.263671875,24492.7578125,5788.1044921875,0,3.3879010677337646
0.0948449969291687,0.09999997168779373,0,0.0006861621513962746,0,-0.004567401949316263,23.563085556030273,51528.1796875,51527.76171875,4331.48193359375,0,3.3879010677337646
0.09484999626874924,0.09999997168779373,0,0.0006861621513962746,0,-0.004438556730747223,25.76909065246582,75660.9375,75660.609375,2999.00927734375,0,3.3879010677337646
0.09485499560832977,0.09999997168779373,0,0.0006861621513962746,0,-0.004302074201405048,27.296472549438477,94773.15625,94772.90625,1895.6463623046875,0,3.3879010677337646
0.09485999494791031,0.09999997168779373,0,0.0006861621513962746,0,-0.004160764627158642,28.261919021606445,107151.21875,107151.0546875,1106.2362060546875,0,3.3879010677337646
0.09486499428749084,0.09999997168779373,0,0.0006861621513962746,0,-0.0040166378021240234,28.825319290161133,111637.75,111637.65625,688.0547485351563,0,3.3879010677337646
0.09487000107765198,0.09999997168779373,0,0.0006861621513962746,0,-0.0038707591593265533,29.17574119567871,107735.4921875,107735.4453125,665.70947265625,0,3.3879010677337646
0.09487500041723251,0.09999997168779373,0,0.0006861621513962746,0,-0.0037231852766126394,29.51478385925293,95654.484375,95654.4765625,1028.8402099609375,0,3.3879010677337646
0.09487999975681305,0.09999997168779373,0,0.0006861621513962746,0,-0.0035729913506656885,30.038766860961914,76298.28125,76298.3125,1732.8338623046875,0,3.3879010677337646
0.09488499909639359,0.09999997168779373,0,0.0006861621513962746,0,-0.0034183848183602095,30.921293258666992,51189.03515625,51189.078125,2702.556396484375,0,3.3879010677337646
0.09488999843597412,0.09999997168779373,0,0.0006861621513962746,0,-0.0032568962778896093,32.29769515991211,22342.76171875,22342.8203125,3838.533447265625,0,3.3879010677337646
0.09489499777555466,0.09999997168779373,0,0.0006861621513962746,0,-0.0030856330413371325,34.25264358520508,7902.8974609375,-7902.83447265625,5025.48779296875,0,3.3879010677337646
0.09489999711513519,0.09999997168779373,0,0.0006861621513962746,0,-0.0029015725012868643,36.812103271484375,37087.84765625,-37087.78515625,6142.19482421875,0,3.3879010677337646
0.09490499645471573,0.09999997168779373,0,0.0006861621513962746,0,-0.00270187109708786,39.94029998779297,62838.34375,-62838.2890625,7071.81103515625,0,3.3879010677337646
0.09490999579429626,0.09999997168779373,0,0.0006861621513962746,0,-0.0024841614067554474,43.54194641113281,83069.1953125,-83069.140625,7711.87841796875,0,3.3879010677337646
0.0949149951338768,0.09999997168779373,0,0.0006861621513962746,0,-0.002246813615784049,47.469573974609375,96161.1953125,-96161.15625,7983.10107421875,0,3.3879010677337646
0.09491999447345734,0.09999997168779373,0,0.0006861621513962746,0,-0.001989136915653944,51.53533172607422,101098.625,-101098.609375,7836.1494140625,0,3.3879010677337646
0.09492500126361847,0.09999997168779373,0,0.0006861621513962746,0,-0.0017115056980401278,55.52625274658203,97548.4453125,-97548.421875,7255.57666015625,0,3.3879010677337646
0.094930000603199,0.09999997168779373,0,0.0006861621513962746,0,-0.0014153982046991587,59.22148895263672,85913.2421875,-85913.2265625,6262.466796875,0,3.3879010677337646
0.09493499994277954,0.09999997168779373,0,0.0006861621513962746,0,-0.001103343558497727,62.41093444824219,67252.5703125,-67252.5703125,4910.52978515625,0,3.3879010677337646
0.09493999928236008,0.09999997168779373,0,0.0006861621513962746,0,-0.0007787842769175768,64.91184997558594,43219.171875,-43219.171875,3282.975830078125,0,3.3879010677337646
0.09494499862194061,0.09999997168779373,0,0.0006861621513962746,0,-0.0004458649782463908,66.5838623046875,15906.857421875,-15906.859375,1485.0025634765625,0,3.3879010677337646
0.09494999796152115,0.09999997168779373,0,0.0006861621513962746,0,-0.00010916416067630053,67.34016418457031,12328.091796875,12328.0908203125,-365.02374267578125,0,3.3879010677337646
0.09495499730110168,0.09999997168779373,0,0.0006861621513962746,0,0.00022660716786049306,67.15426635742188,39073.0234375,39073.02734375,-2145.75927734375,0,3.3879010677337646
0.09495999664068222,0.09999997168779373,0,0.0006861621513962746,0,0.0005569143686443567,66.06144714355469,62064.98828125,62065,-3743.07470703125,0,3.3879010677337646
0.09496499598026276,0.09999997168779373,0,0.0006861621513962746,0,0.0008776899776421487,64.15512084960938,79383.8046875,79383.828125,-5059.615234375,0,3.3879010677337646
0.09496999531984329,0.09999997168779373,0,0.0006861621513962746,0,0.0011855813208967447,61.578277587890625,89614.3828125,89614.4140625,-6022.8515625,0,3.3879010677337646
0.09497499465942383,0.09999997168779373,0,0.0006861621513962746,0,0.0014781355857849121,58.5108642578125,91964.4140625,91964.4609375,-6590.93798828125,0,3.3879010677337646
0.09497999399900436,0.09999997168779373,0,0.0006861621513962746,0,0.0017539062537252903,55.15412902832031,86327.2421875,86327.3125,-6755.869140625,0,3.3879010677337646
0.0949850007891655,0.09999997168779373,0,0.0006861621513962746,0,0.0020124732982367277,51.71339416503906,73285.046875,73285.125,-6543.69189453125,0,3.3879010677337646
0.09499000012874603,0.09999997168779373,0,0.0006861621513962746,0,0.0022543768864125013,48.38072204589844,54051.10546875,54051.19921875,-6011.72802734375,0,3.3879010677337646
0.09499499946832657,0.09999997168779373,0,0.0006861621513962746,0,0.002480971859768033,45.31897735595703,30358.435546875,30358.53515625,-5243.1328125,0,3.3879010677337646
0.0949999988079071,0.09999997168779373,0,0.0006861621513962746,0,0.0026942151598632336,42.64867401123047,4303.43115234375,4303.5361328125,-4339.23876953125,0,3.3879010677337646
0.09500499814748764,0.09999997168779373,0,0.0006861621513962746,0,0.0028964087832719088,40.438720703125,21841.1171875,-21841.01171875,-3410.375,0,3.3879010677337646
0.09500999748706818,0.09999997168779373,0,0.0006861621513962746,0,0.0030899178236722946,38.70182800292969,45827.0234375,-45826.91796875,-2565.992919921875,0,3.3879010677337646
0.09501499682664871,0.09999997168779373,0,0.0006861621513962746,0,0.0032768927048891783,37.394981384277344,65628.171875,-65628.078125,-1904.9423828125,0,3.3879010677337646
0.09501999616622925,0.09999997168779373,0,0.0006861621513962746,0,0.003459016792476177,36.4248046875,79616.953125,-79616.859375,-1506.784423828125,0,3.3879010677337646
0.09502499550580978,0.09999997168779373,0,0.0006861621513962746,0,0.0036373038310557604,35.65740203857422,86704.125,-86704.0234375,-1424.876953125,0,3.3879010677337646
0.09502999484539032,0.09999997168779373,0,0.0006861621513962746,0,0.0038119624368846416,34.93171691894531,86430.03125,-86429.9296875,-1681.8565673828125,0,3.3879010677337646
0.09503499418497086,0.09999997168779373,0,0.0006861621513962746,0,0.00398233812302351,34.075157165527344,78999.4453125,-78999.3203125,-2267.88330078125,0,3.3879010677337646
0.09504000097513199,0.09999997168779373,0,0.0006861621513962746,0,0.004146938677877188,32.920135498046875,65256.90625,-65256.76171875,-3141.798828125,0,3.3879010677337646
0.09504500031471252,0.09999997168779373,0,0.0006861621513962746,0,0.004303538706153631,31.320030212402344,46605.37890625,-46605.19921875,-4235.083984375,0,3.3879010677337646
0.09504999965429306,0.09999997168779373,0,0.0006861621513962746,0,0.004449354484677315,29.16312026977539,24875.3359375,-24875.119140625,-5458.240234375,0,3.3879010677337646
0.0950549989938736,0.09999997168779373,0,0.0006861621513962746,0,0.00458127073943615,26.383262634277344,2156.465087890625,-2156.20947265625,-6709.02197265625,0,3.3879010677337646
0.09505999833345413,0.09999997168779373,0,0.0006861621513962746,0,0.004696102812886238,22.966384887695313,19393.177734375,19393.47265625,-7881.77587890625,0,3.3879010677337646
0.09506499767303467,0.09999997168779373,0,0.0006861621513962746,0,0.004790863953530788,18.952228546142578,37743.3046875,37743.63671875,-8877.044921875,0,3.3879010677337646
0.0950699970126152,0.09999997168779373,0,0.0006861621513962746,0,0.004863020032644272,14.43118667602539,51175.296875,51175.65234375,-9610.58203125,0,3.3879010677337646
0.09507499635219574,0.09999997168779373,0,0.0006861621513962746,0,0.00491070281714201,9.536558151245117,58437.48828125,58437.859375,-10020.9658203125,0,3.3879010677337646
0.09507999569177628,0.09999997168779373,0,0.0006861621513962746,0,0.0049328673630952835,4.43292236328125,58857.9921875,58858.3671875,-10075.125,0,3.3879010677337646
0.09508499503135681,0.09999997168779373,0,0.0006861621513962746,0,0.00492937583476305,-0.6982965469360352,52404.99609375,52405.36328125,-9771.30859375,0,3.3879010677337646
0.09508999437093735,0.09999997168779373,0,0.0006861621513962746,0,0.004901001695543528,-5.674782752990723,39689.1640625,39689.51171875,-9139.1982421875,0,3.3879010677337646
0.09509500116109848,0.09999997168779373,0,0.0006861621513962746,0,0.004849355202168226,-10.329338073730469,21907.99609375,21908.314453125,-8237.19140625,0,3.3879010677337646
0.09510000050067902,0.09999997168779373,0,0.0006861621513962746,0,0.0047767325304448605,-14.524505615234375,737.0610961914063,737.34228515625,-7147.07275390625,0,3.3879010677337646
0.09510499984025955,0.09999997168779373,0,0.0006861621513962746,0,0.004685909952968359,-18.164478302001953,21822.10546875,-21821.861328125,-5966.56298828125,0,3.3879010677337646
0.09510999917984009,0.09999997168779373,0,0.0006861621513962746,0,0.004579893779009581,-21.203224182128906,43623.91015625,-43623.703125,-4800.412109375,0,3.3879010677337646
0.09511499851942062,0.09999997168779373,0,0.0006861621513962746,0,0.004461653530597687,-23.648052215576172,62574.09375,-62573.9140625,-3750.835205078125,0,3.3879010677337646
0.09511999785900116,0.09999997168779373,0,0.0006861621513962746,0,0.004333861637860537,-25.558338165283203,76821.1640625,-76821.015625,-2908.1396484375,0,3.3879010677337646
0.0951249971985817,0.09999997168779373,0,0.0006861621513962746,0,0.004198664333671331,-27.039440155029297,84926.6953125,-84926.5546875,-2342.408447265625,0,3.3879010677337646
0.09512999653816223,0.09999997168779373,0,0.0006861621513962746,0,0.004057502374053001,-28.232418060302734,85999.125,-85998.9921875,-2096.96337890625,0,3.3879010677337646
0.09513499587774277,0.09999997168779373,0,0.0006861621513962746,0,0.003911000210791826,-29.300392150878906,79779.1328125,-79779,-2184.22021484375,0,3.3879010677337646
0.0951399952173233,0.09999997168779373,0,0.0006861621513962746,0,0.0037589361891150475,-30.41280746459961,66668.5078125,-66668.3671875,-2584.310791015625,0,3.3879010677337646
0.09514499455690384,0.09999997168779373,0,0.0006861621513962746,0,0.003600291209295392,-31.728984832763672,47699.97265625,-47699.82421875,-3246.608154296875,0,3.3879010677337646
0.09514999389648438,0.09999997168779373,0,0.0006861621513962746,0,0.003433378878980875,-33.38246536254883,24450.2421875,-24450.083984375,-4094.034423828125,0,3.3879010677337646
0.09515500068664551,0.09999997168779373,0,0.0006861621513962746,0,0.0032560410909354687,-35.4675407409668,1096.156982421875,1096.319580078125,-5029.779296875,0,3.3879010677337646
0.09516000002622604,0.09999997168779373,0,0.0006861621513962746,0,0.0030658950563520193,-38.0291862487793,26720.40625,26720.568359375,-5945.84765625,0,3.3879010677337646
0.09516499936580658,0.09999997168779373,0,0.0006861621513962746,0,0.002860608045011759,-41.0573844909668,50165.04296875,50165.203125,-6732.6796875,0,3.3879010677337646
0.09516999870538712,0.09999997168779373,0,0.0006861621513962746,0,0.0026381765492260456,-44.48630905151367,69334.5,69334.6484375,-7289.00244140625,0,3.3879010677337646
0.09517499804496765,0.09999997168779373,0,0.0006861621513962746,0,0.002397183794528246,-48.19856643676758,82482.7265625,82482.8671875,-7531.033203125,0,3.3879010677337646
0.09517999738454819,0.09999997168779373,0,0.0006861621513962746,0,0.0021370132453739643,-52.03409194946289,88371.4296875,88371.53125,-7400.22314453125,0,3.3879010677337646
0.09518499672412872,0.09999997168779373,0,0.0006861621513962746,0,0.001857998315244913,-55.80299758911133,86384.3984375,86384.484375,-6868.84130859375,0,3.3879010677337646
0.09518999606370926,0.09999997168779373,0,0.0006861621513962746,0,0.001561491983011365,-59.301273345947266,76588.171875,76588.234375,-5942.89453125,0,3.3879010677337646
0.0951949954032898,0.09999997168779373,0,0.0006861621513962746,0,0.0012498521246016026,-62.32796096801758,59733.1171875,59733.16015625,-4662.11962890625,0,3.3879010677337646
0.09519999474287033,0.09999997168779373,0,0.0006861621513962746,0,0.0009263403480872512,-64.70236206054688,37193.76171875,37193.7890625,-3096.9892578125,0,3.3879010677337646
0.09520499408245087,0.09999997168779373,0,0.0006861621513962746,0,0.000594942132011056,-66.27964782714844,10854.9189453125,10854.9326171875,-1343.0404052734375,0,3.3879010677337646
0.095210000872612,0.09999997168779373,0,0.0006861621513962746,0,0.000260123866610229,-66.96365356445313,17047.783203125,-17047.77734375,487.03411865234375,0,3.3879010677337646
0.09521500021219254,0.09999997168779373,0,0.0006861621513962746,0,-0.00007345416815951467,-66.71560668945313,44118.94921875,-44118.94921875,2272.84375,0,3.3879010677337646
0.09521999955177307,0.09999997168779373,0,0.0006861621513962746,0,-0.00040124446968548,-65.55805969238281,68010.5546875,-68010.5546875,3896.54248046875,0,3.3879010677337646
0.09522499889135361,0.09999997168779373,0,0.0006861621513962746,0,-0.0007191122858785093,-63.57356643676758,86622.421875,-86622.4140625,5252.72998046875,0,3.3879010677337646
0.09522999823093414,0.09999997168779373,0,0.0006861621513962746,0,-0.0010236040689051151,-60.898372650146484,98286.2265625,-98286.2109375,6257.53955078125,0,3.3879010677337646
0.09523499757051468,0.09999997168779373,0,0.0006861621513962746,0,-0.0013121612137183547,-57.7114372253418,101912.2109375,-101912.1875,6855.8681640625,0,3.3879010677337646
0.09523999691009521,0.09999997168779373,0,0.0006861621513962746,0,-0.0015832600183784962,-54.21977233886719,97073.21875,-97073.1875,7025.51171875,0,3.3879010677337646
0.09524499624967575,0.09999997168779373,0,0.0006861621513962746,0,-0.0018364685820415616,-50.64170837402344,84090.5859375,-84090.5390625,6781.4130859375,0,3.3879010677337646
0.09524999558925629,0.09999997168779373,0,0.0006861621513962746,0,-0.002072408329695463,-47.187965393066406,63942.49609375,-63942.42578125,6171.08251953125,0,3.3879010677337646
0.09525499492883682,0.09999997168779373,0,0.0006861621513962746,0,-0.0022926335223019123,-44.04505920410156,38225.07421875,-38224.9921875,5272.681640625,0,3.3879010677337646
0.09525999426841736,0.09999997168779373,0,0.0006861621513962746,0,-0.0024994320701807737,-41.359703063964844,9007.5068359375,-9007.4169921875,4187.8447265625,0,3.3879010677337646
0.09526500105857849,0.09999997168779373,0,0.0006861621513962746,0,-0.002695566276088357,-39.22685241699219,21343.625,21343.71875,3032.98681640625,0,3.3879010677337646
0.09527000039815903,0.09999997168779373,0,0.0006861621513962746,0,-0.002883977023884654,-37.682167053222656,50365.65234375,50365.74609375,1929.341796875,0,3.3879010677337646
0.09527499973773956,0.09999997168779373,0,0.0006861621513962746,0,-0.003067474812269211,-36.699562072753906,75709.3984375,75709.4765625,992.5952758789063,0,3.3879010677337646
0.0952799990773201,0.09999997168779373,0,0.0006861621513962746,0,-0.003248444991186261,-36.19403839111328,95338.78125,95338.828125,323.0069274902344,0,3.3879010677337646
0.09528499841690063,0.09999997168779373,0,0.0006861621513962746,0,-0.0034285925794392824,-36.02953338623047,107705.46875,107705.4765625,-3.237623691558838,0,3.3879010677337646
0.09528999775648117,0.09999997168779373,0,0.0006861621513962746,0,-0.003608748549595475,-36.03118133544922,111872.890625,111872.859375,59.82723617553711,0,3.3879010677337646
0.0952949970960617,0.09999997168779373,0,0.0006861621513962746,0,-0.0037887520156800747,-36.000709533691406,107599.1484375,107599.0546875,523.82861328125,0,3.3879010677337646
0.09529999643564224,0.09999997168779373,0,0.0006861621513962746,0,-0.003967421595007181,-35.733924865722656,95352.7421875,95352.5625,1365.25,0,3.3879010677337646
0.09530499577522278,0.09999997168779373,0,0.0006861621513962746,0,-0.004142614547163248,-35.038612365722656,76268.453125,76268.1875,2527.586181640625,0,3.3879010677337646
0.09530999511480331,0.09999997168779373,0,0.0006861621513962746,0,-0.004311371129006147,-33.751319885253906,52046.25,52045.8984375,3926.312255859375,0,3.3879010677337646
0.09531499445438385,0.09999997168779373,0,0.0006861621513962746,0,-0.004470129497349262,-31.751665115356445,24801.78125,24801.337890625,5456.25,0,3.3879010677337646
0.09532000124454498,0.09999997168779373,0,0.0006861621513962746,0,-0.004614993464201689,-28.97281837463379,3118.1708984375,-3118.699951171875,7000.66552734375,0,3.3879010677337646
0.09532500058412552,0.09999997168779373,0,0.0006861621513962746,0,-0.004742030519992113,-25.407407760620117,29339.1953125,-29339.796875,8441.3154296875,0,3.3879010677337646
0.09532999992370605,0.09999997168779373,0,0.0006861621513962746,0,-0.004847571719437838,-21.1082820892334,51663.90625,-51664.56640625,9668.5595703125,0,3.3879010677337646
0.09533499926328659,0.09999997168779373,0,0.0006861621513962746,0,-0.004928492475301027,-16.184125900268555,68259.9609375,-68260.65625,10590.6591796875,0,3.3879010677337646
0.09533999860286713,0.09999997168779373,0,0.0006861621513962746,0,-0.004982443992048502,-10.790348052978516,77815.0703125,-77815.78125,11141.4609375,0,3.3879010677337646
0.09534499794244766,0.09999997168779373,0,0.0006861621513962746,0,-0.005008024163544178,-5.116048812866211,79645.6875,-79646.3984375,11285.8046875,0,3.3879010677337646
0.0953499972820282,0.09999997168779373,0,0.0006861621513962746,0,-0.005004865117371082,0.6317639350891113,73750.0703125,-73750.7421875,11022.193359375,0,3.3879010677337646
0.09535499662160873,0.09999997168779373,0,0.0006861621513962746,0,-0.004973638337105513,6.245320796966553,60801.28515625,-60801.9140625,10382.5068359375,0,3.3879010677337646
0.09535999596118927,0.09999997168779373,0,0.0006861621513962746,0,-0.004915972705930471,11.533087730407715,42081.33203125,-42081.8984375,9428.8154296875,0,3.3879010677337646
0.0953649953007698,0.09999997168779373,0,0.0006861621513962746,0,-0.004834297113120556,16.33514404296875,19362.1171875,-19362.607421875,8247.5673828125,0,3.3879010677337646
0.09536999464035034,0.09999997168779373,0,0.0006861621513962746,0,-0.004731619264930487,20.535594940185547,5255.68115234375,5255.2724609375,6941.70458984375,0,3.3879010677337646
0.09537499397993088,0.09999997168779373,0,0.0006861621513962746,0,-0.004611264448612928,24.07097625732422,29531.5625,29531.236328125,5621.3896484375,0,3.3879010677337646
0.09538000077009201,0.09999997168779373,0,0.0006861621513962746,0,-0.004476594738662243,26.93392562866211,51285.17578125,51284.92578125,4394.18310546875,0,3.3879010677337646
0.09538500010967255,0.09999997168779373,0,0.0006861621513962746,0,-0.00433073565363884,29.171863555908203,68589.5234375,68589.34375,3355.545654296875,0,3.3879010677337646
0.09538999944925308,0.09999997168779373,0,0.0006861621513962746,0,-0.0041763316839933395,30.880828857421875,79940.3828125,79940.265625,2580.490966796875,0,3.3879010677337646
0.09539499878883362,0.09999997168779373,0,0.0006861621513962746,0,-0.0040153563022613525,32.19506072998047,84387.0234375,84386.953125,2117.13818359375,0,3.3879010677337646
0.09539999812841415,0.09999997168779373,0,0.0006861621513962746,0,-0.00384898972697556,33.27330780029297,81612.7890625,81612.7578125,1982.7137451171875,0,3.3879010677337646
0.09540499746799469,0.09999997168779373,0,0.0006861621513962746,0,-0.0036775742191821337,34.28309631347656,71958.6015625,71958.59375,2162.35693359375,0,3.3879010677337646
0.09540999680757523,0.09999997168779373,0,0.0006861621513962746,0,-0.003500652266666293,35.384376525878906,56387.4375,56387.453125,2610.818603515625,0,3.3879010677337646
0.09541499614715576,0.09999997168779373,0,0.0006861621513962746,0,-0.00331708206795156,36.71405792236328,36392.90234375,36392.92578125,3256.908447265625,0,3.3879010677337646
0.0954199954867363,0.09999997168779373,0,0.0006861621513962746,0,-0.0031252182088792324,38.37278747558594,13861.646484375,13861.6767578125,4010.20068359375,0,3.3879010677337646
0.09542499482631683,0.09999997168779373,0,0.0006861621513962746,0,-0.002923142397776246,40.41516876220703,9099.517578125,-9099.486328125,4769.4853515625,0,3.3879010677337646
0.09542999416589737,0.09999997168779373,0,0.0006861621513962746,0,-0.0027089212089776993,42.84424591064453,30357.455078125,-30357.42578125,5432.2451171875,0,3.3879010677337646
0.0954350009560585,0.09999997168779373,0,0.0006861621513962746,0,-0.002480866853147745,45.610862731933594,47946.421875,-47946.39453125,5904.12939453125,0,3.3879010677337646
0.09544000029563904,0.09999997168779373,0,0.0006861621513962746,0,-0.002237777691334486,48.61781311035156,60247.08984375,-60247.06640625,6107.71533203125,0,3.3879010677337646
0.09544499963521957,0.09999997168779373,0,0.0006861621513962746,0,-0.0019791354425251484,51.72844696044922,66134.09375,-66134.078125,5989.71630859375,0,3.3879010677337646
0.09544999897480011,0.09999997168779373,0,0.0006861621513962746,0,-0.0017052404582500458,54.77898406982422,65074.3984375,-65074.37890625,5525.79150390625,0,3.3879010677337646
0.09545499831438065,0.09999997168779373,0,0.0006861621513962746,0,-0.0014172742376103997,57.59324645996094,57195.23046875,-57195.22265625,4723.87158203125,0,3.3879010677337646
0.09545999765396118,0.09999997168779373,0,0.0006861621513962746,0,-0.0011172788217663765,59.99909210205078,43245.27734375,-43245.2734375,3622.2138671875,0,3.3879010677337646
0.09546499699354172,0.09999997168779373,0,0.0006861621513962746,0,-0.0008080594707280397,61.8438720703125,24547.625,-24547.62109375,2287.098388671875,0,3.3879010677337646
0.09546999633312225,0.09999997168779373,0,0.0006861621513962746,0,-0.0004930160939693451,63.00868225097656,2876.352294921875,-2876.351318359375,806.76025390625,0,3.3879010677337646
0.09547499567270279,0.09999997168779373,0,0.0006861621513962746,0,-0.0001759182778187096,63.41956329345703,19703.720703125,19703.720703125,-716.4767456054688,0,3.3879010677337646
0.09547999501228333,0.09999997168779373,0,0.0006861621513962746,0,0.0001393550483044237,63.054664611816406,41022.12109375,41022.12109375,-2175.278076171875,0,3.3879010677337646
0.09548499435186386,0.09999997168779373,0,0.0006861621513962746,0,0.0004490890714805573,61.946807861328125,59000.62109375,59000.625,-3466.9990234375,0,3.3879010677337646
0.095490001142025,0.09999997168779373,0,0.0006861621513962746,0,0.0007499944185838103,60.18107604980469,71842.8828125,71842.890625,-4502.9716796875,0,3.3879010677337646
0.09549500048160553,0.09999997168779373,0,0.0006861621513962746,0,0.0010394330602139235,57.887733459472656,78199.5859375,78199.609375,-5216.58251953125,0,3.3879010677337646
0.09549999982118607,0.09999997168779373,0,0.0006861621513962746,0,0.0013155877823010087,55.23094940185547,77294.6796875,77294.7109375,-5569.4306640625,0,3.3879010677337646
0.0955049991607666,0.09999997168779373,0,0.0006861621513962746,0,0.0015775600913912058,52.39446258544922,69000.90625,69000.9609375,-5554.9951171875,0,3.3879010677337646
0.09550999850034714,0.09999997168779373,0,0.0006861621513962746,0,0.001825386774726212,49.565330505371094,53858.0234375,53858.08984375,-5199.4794921875,0,3.3879010677337646
0.09551499783992767,0.09999997168779373,0,0.0006861621513962746,0,0.0020599730778485537,46.917259216308594,33031.3984375,33031.484375,-4559.7333984375,0,3.3879010677337646
0.09551999717950821,0.09999997168779373,0,0.0006861621513962746,0,0.0022829482331871986,44.595008850097656,8214.7275390625,8214.826171875,-3718.424072265625,0,3.3879010677337646
0.09552499651908875,0.09999997168779373,0,0.0006861621513962746,0,0.0024964543990790844,42.70123291015625,18515.03515625,-18514.927734375,-2776.873046875,0,3.3879010677337646
0.09552999585866928,0.09999997168779373,0,0.0006861621513962746,0,0.0027028892654925585,41.28697967529297,44877.8046875,-44877.69140625,-1846.171875,0,3.3879010677337646
0.09553499519824982,0.09999997168779373,0,0.0006861621513962746,0,0.0029046228155493736,40.34673309326172,68589.859375,-68589.75,-1037.3592529296875,0,3.3879010677337646
0.09553999453783035,0.09999997168779373,0,0.0006861621513962746,0,0.0031037149019539356,39.81841278076172,87565.1015625,-87564.9921875,-451.5250244140625,0,3.3879010677337646
0.09554499387741089,0.09999997168779373,0,0.0006861621513962746,0,0.003301657270640135,39.58845520019531,100100.4375,-100100.3203125,-170.701171875,0,3.3879010677337646
0.09555000066757202,0.09999997168779373,0,0.0006861621513962746,0,0.0034991649445146322,39.50151824951172,105028.796875,-105028.6875,-250.363525390625,0,3.3879010677337646
0.09555500000715256,0.09999997168779373,0,0.0006861621513962746,0,0.0036960348952561617,39.37400817871094,101826.34375,-101826.234375,-714.1967163085938,0,3.3879010677337646
0.0955599993467331,0.09999997168779373,0,0.0006861621513962746,0,0.0038910862058401108,39.01026916503906,90663.9609375,-90663.828125,-1551.60888671875,0,3.3879010677337646
0.09556499868631363,0.09999997168779373,0,0.0006861621513962746,0,0.004082186613231897,38.22003936767578,72398.40625,-72398.2578125,-2718.217529296875,0,3.3879010677337646
0.09556999802589417,0.09999997168779373,0,0.0006861621513962746,0,0.004266364965587854,36.835662841796875,48503.75,-48503.57421875,-4139.291015625,0,3.3879010677337646
0.0955749973654747,0.09999997168779373,0,0.0006861621513962746,0,0.004440002609044313,34.7275390625,20948.587890625,-20948.380859375,-5715.84912109375,0,3.3879010677337646
0.09557999670505524,0.09999997168779373,0,0.0006861621513962746,0,0.0045990850776433945,31.816482543945313,7970.35546875,7970.5947265625,-7332.91552734375,0,3.3879010677337646
0.09558499604463577,0.09999997168779373,0,0.0006861621513962746,0,0.004739494528621435,28.081859588623047,35823.80859375,35824.08203125,-8869.19921875,0,3.3879010677337646
0.09558999538421631,0.09999997168779373,0,0.0006861621513962746,0,0.004857318475842476,23.564815521240234,60257.9765625,60258.27734375,-10207.3857421875,0,3.3879010677337646
0.09559499472379684,0.09999997168779373,0,0.0006861621513962746,0,0.004949149675667286,18.36623764038086,79196.71875,79197.046875,-11244.1298828125,0,3.3879010677337646
0.09559999406337738,0.09999997168779373,0,0.0006861621513962746,0,0.00501234782859683,12.639650344848633,91020.5625,91020.9140625,-11898.9052734375,0,3.3879010677337646
0.09560500085353851,0.09999997168779373,0,0.0006861621513962746,0,0.0050452458672225475,6.579587936401367,94706.6875,94707.0546875,-12120.9072265625,0,3.3879010677337646
0.09561000019311905,0.09999997168779373,0,0.0006861621513962746,0,0.0050472780130803585,0.4064607620239258,89917.8984375,89918.265625,-11893.451171875,0,3.3879010677337646
0.09561499953269958,0.09999997168779373,0,0.0006861621513962746,0,0.005019024014472961,-5.650824069976807,77032.609375,77032.9765625,-11235.443359375,0,3.3879010677337646
0.09561999887228012,0.09999997168779373,0,0.0006861621513962746,0,0.004962158855050802,-11.3729887008667,57113.40234375,57113.75390625,-10199.81640625,0,3.3879010677337646
0.09562499821186066,0.09999997168779373,0,0.0006861621513962746,0,0.004879320506006479,-16.567712783813477,31816.57421875,31816.904296875,-8869.0556640625,0,3.3879010677337646
0.09562999755144119,0.09999997168779373,0,0.0006861621513962746,0,0.004773897118866444,-21.084684371948242,3250.77880859375,3251.08203125,-7348.201171875,0,3.3879010677337646
0.09563499689102173,0.09999997168779373,0,0.0006861621513962746,0,0.004649761598557234,-24.82709312438965,26203.1953125,-26202.91796875,-5755.931640625,0,3.3879010677337646
0.09563999623060226,0.09999997168779373,0,0.0006861621513962746,0,0.004510968923568726,-27.75856590270996,54095.72265625,-54095.4765625,-4214.5068359375,0,3.3879010677337646
0.0956449955701828,0.09999997168779373,0,0.0006861621513962746,0,0.004361444152891636,-29.904996871948242,78117.265625,-78117.0390625,-2839.42919921875,0,3.3879010677337646
0.09564999490976334,0.09999997168779373,0,0.0006861621513962746,0,0.004204688593745232,-31.351106643676758,96294.609375,-96294.40625,-1729.7193603515625,0,3.3879010677337646
0.09565499424934387,0.09999997168779373,0,0.0006861621513962746,0,0.0040435283444821835,-32.2320442199707,107157.6484375,-107157.453125,-959.6521606445313,0,3.3879010677337646
0.095660001039505,0.09999997168779373,0,0.0006861621513962746,0,0.0038799243047833443,-32.72079086303711,109862.1953125,-109862.0078125,-572.6527099609375,0,3.3879010677337646
0.09566500037908554,0.09999997168779373,0,0.0006861621513962746,0,0.003714862046763301,-33.0124397277832,104258.3671875,-104258.1875,-577.8798217773438,0,3.3879010677337646
0.09566999971866608,0.09999997168779373,0,0.0006861621513962746,0,0.003548328299075365,-33.3067512512207,90898.8046875,-90898.625,-949.7763061523438,0,3.3879010677337646
0.09567499905824661,0.09999997168779373,0,0.0006861621513962746,0,0.003379375906661153,-33.790470123291016,70986.109375,-70985.921875,-1630.619384765625,0,3.3879010677337646
0.09567999839782715,0.09999997168779373,0,0.0006861621513962746,0,0.0032062712125480175,-34.62093734741211,46264.41796875,-46264.2421875,-2535.8330078125,0,3.3879010677337646
0.09568499773740768,0.09999997168779373,0,0.0006861621513962746,0,0.0030267091933637857,-35.91242599487305,18864.798828125,-18864.634765625,-3561.5849609375,0,3.3879010677337646
0.09568999707698822,0.09999997168779373,0,0.0006861621513962746,0,0.002838077489286661,-37.7263298034668,8882.001953125,8882.1533203125,-4594,0,3.3879010677337646
0.09569499641656876,0.09999997168779373,0,0.0006861621513962746,0,0.002637747209519148,-40.066036224365234,34648.921875,34649.05859375,-5519.18017578125,0,3.3879010677337646
0.09569999575614929,0.09999997168779373,0,0.0006861621513962746,0,0.002423362573608756,-42.87693405151367,56314.140625,56314.25,-6233.1455078125,0,3.3879010677337646
0.09570499509572983,0.09999997168779373,0,0.0006861621513962746,0,0.0021931054070591927,-46.051448822021484,72143.3046875,72143.3984375,-6650.83642578125,0,3.3879010677337646
0.09570999443531036,0.09999997168779373,0,0.0006861621513962746,0,0.0019459119066596031,-49.43869400024414,80936.625,80936.6875,-6713.3916015625,0,3.3879010677337646
0.0957150012254715,0.09999997168779373,0,0.0006861621513962746,0,0.00168162293266505,-52.8577995300293,82127.890625,82127.9296875,-6393.07177734375,0,3.3879010677337646
0.09572000056505203,0.09999997168779373,0,0.0006861621513962746,0,0.001401054090820253,-56.113765716552734,75827.34375,75827.375,-5695.4189453125,0,3.3879010677337646
0.09572499990463257,0.09999997168779373,0,0.0006861621513962746,0,0.0011059819953516126,-59.0144157409668,62804.60546875,62804.61328125,-4658.4677734375,0,3.3879010677337646
0.0957299992442131,0.09999997168779373,0,0.0006861621513962746,0,0.0007990472367964685,-61.3869514465332,44413.5078125,44413.51171875,-3349.103515625,0,3.3879010677337646
0.09573499858379364,0.09999997168779373,0,0.0006861621513962746,0,0.0004835840954910964,-63.09263229370117,22465.703125,22465.703125,-1856.88623046875,0,3.3879010677337646
0.09573999792337418,0.09999997168779373,0,0.0006861621513962746,0,0.00016339242574758828,-64.03833770751953,934.5823364257813,-934.58251953125,-285.964111328125,0,3.3879010677337646
0.09574499726295471,0.09999997168779373,0,0.0006861621513962746,0,-0.00015752748004160821,-64.1839828491211,23580.548828125,-23580.544921875,1254.2412109375,0,3.3879010677337646
0.09574999660253525,0.09999997168779373,0,0.0006861621513962746,0,-0.0004752535023726523,-63.545204162597656,43362.83984375,-43362.83203125,2658.853515625,0,3.3879010677337646
0.09575499594211578,0.09999997168779373,0,0.0006861621513962746,0,-0.0007862087804824114,-62.191062927246094,58457.47265625,-58457.453125,3836.774658203125,0,3.3879010677337646
0.09575999528169632,0.09999997168779373,0,0.0006861621513962746,0,-0.001087393844500184,-60.23700714111328,67487.859375,-67487.828125,4718.6552734375,0,3.3879010677337646
0.09576499462127686,0.09999997168779373,0,0.0006861621513962746,0,-0.0013765629846602678,-57.83381652832031,69645.9296875,-69645.8984375,5262.86279296875,0,3.3879010677337646
0.09576999396085739,0.09999997168779373,0,0.0006861621513962746,0,-0.001652330276556313,-55.153465270996094,64752.94140625,-64752.90234375,5458.49072265625,0,3.3879010677337646
0.09577500075101852,0.09999997168779373,0,0.0006861621513962746,0,-0.001914197695441544,-52.37348175048828,53307.5,-53307.453125,5327.775390625,0,3.3879010677337646
0.09578000009059906,0.09999997168779373,0,0.0006861621513962746,0,-0.0021624979563057423,-49.660064697265625,36384.47265625,-36384.42578125,4921.12744140625,0,3.3879010677337646
0.0957849994301796,0.09999997168779373,0,0.0006861621513962746,0,-0.00239826668985188,-47.15375518798828,15570.0556640625,-15570.009765625,4314.0087890625,0,3.3879010677337646
0.09578999876976013,0.09999997168779373,0,0.0006861621513962746,0,-0.002623050007969141,-44.95664978027344,7192.7890625,7192.83251953125,3599.37744140625,0,3.3879010677337646
0.09579499810934067,0.09999997168779373,0,0.0006861621513962746,0,-0.00283866748213768,-43.123504638671875,29782.140625,29782.177734375,2878.997802734375,0,3.3879010677337646
0.0957999974489212,0.09999997168779373,0,0.0006861621513962746,0,-0.003046953584998846,-41.65724182128906,50091.0390625,50091.0625,2253.959228515625,0,3.3879010677337646
0.09580499678850174,0.09999997168779373,0,0.0006861621513962746,0,-0.0032495001796633005,-40.509307861328125,66221.140625,66221.1484375,1815.2052001953125,0,3.3879010677337646
0.09580999612808228,0.09999997168779373,0,0.0006861621513962746,0,-0.0034474243875592947,-39.58483123779297,76653.421875,76653.3984375,1635.196533203125,0,3.3879010677337646
0.09581499546766281,0.09999997168779373,0,0.0006861621513962746,0,-0.0036411844193935394,-38.75202941894531,80390.09375,80390.0390625,1760.974609375,0,3.3879010677337646
0.09581999480724335,0.09999997168779373,0,0.0006861621513962746,0,-0.0038304603658616543,-37.85517120361328,77047.4765625,77047.3671875,2209.64013671875,0,3.3879010677337646
0.09582499414682388,0.09999997168779373,0,0.0006861621513962746,0,-0.004014109261333942,-36.72981262207031,66893.1796875,66893.0234375,2966.55517578125,0,3.3879010677337646
0.09583000093698502,0.09999997168779373,0,0.0006861621513962746,0,-0.004190204199403524,-35.218955993652344,50825.25,50825.01953125,3986.400146484375,0,3.3879010677337646
0.09583500027656555,0.09999997168779373,0,0.0006861621513962746,0,-0.004356147721409798,-33.188697814941406,30294.037109375,30293.7265625,5197.0263671875,0,3.3879010677337646
0.09583999961614609,0.09999997168779373,0,0.0006861621513962746,0,-0.004508857149630785,-30.541873931884766,7174.13134765625,7173.74169921875,6505.7646484375,0,3.3879010677337646
0.09584499895572662,0.09999997168779373,0,0.0006861621513962746,0,-0.004644999746233225,-27.228515625,16402.560546875,-16403.03125,7807.6259765625,0,3.3879010677337646
0.09584999829530716,0.09999997168779373,0,0.0006861621513962746,0,-0.0047612604685127735,-23.252124786376953,38237.890625,-38238.4375,8994.68359375,0,3.3879010677337646
0.0958549976348877,0.09999997168779373,0,0.0006861621513962746,0,-0.004854616243392229,-18.67116928100586,56265.51953125,-56266.12890625,9965.7861328125,0,3.3879010677337646
0.09585999697446823,0.09999997168779373,0,0.0006861621513962746,0,-0.0049225944094359875,-13.595635414123535,68738.484375,-68739.1484375,10635.744140625,0,3.3879010677337646
0.09586499631404877,0.09999997168779373,0,0.0006861621513962746,0,-0.004963488783687353,-8.178894996643066,74389.46875,-74390.1640625,10943.1708984375,0,3.3879010677337646
0.0958699956536293,0.09999997168779373,0,0.0006861621513962746,0,-0.004976516589522362,-2.605583906173706,72549.3359375,-72550.0390625,10856.2587890625,0,3.3879010677337646
0.09587499499320984,0.09999997168779373,0,0.0006861621513962746,0,-0.004961899481713772,2.9234626293182373,63213.24609375,-63213.9375,10375.978515625,0,3.3879010677337646
0.09587999433279037,0.09999997168779373,0,0.0006861621513962746,0,-0.004920859821140766,8.207904815673828,47048.19921875,-47048.86328125,9536.3876953125,0,3.3879010677337646
0.09588500112295151,0.09999997168779373,0,0.0006861621513962746,0,-0.004855535924434662,13.064746856689453,25341.05859375,-25341.6640625,8402.0224609375,0,3.3879010677337646
0.09589000046253204,0.09999997168779373,0,0.0006861621513962746,0,-0.004768816754221916,17.343860626220703,108.77237701416016,108.24100494384766,7062.56396484375,0,3.3879010677337646
0.09589499980211258,0.09999997168779373,0,0.0006861621513962746,0,-0.004664112813770771,20.9407958984375,27142.65625,27142.2109375,5625.2490234375,0,3.3879010677337646
0.09589999914169312,0.09999997168779373,0,0.0006861621513962746,0,-0.004545084200799465,23.805709838867188,53428.8828125,53428.53125,4205.67724609375,0,3.3879010677337646
0.09590499848127365,0.09999997168779373,0,0.0006861621513962746,0,-0.004415345843881369,25.947643280029297,76665.3828125,76665.125,2917.807373046875,0,3.3879010677337646
0.09590999782085419,0.09999997168779373,0,0.0006861621513962746,0,-0.00427817739546299,27.433670043945313,94781.3359375,94781.1484375,1864.027099609375,0,3.3879010677337646
0.09591499716043472,0.09999997168779373,0,0.0006861621513962746,0,-0.004136262461543083,28.383010864257813,106119.7890625,106119.6953125,1126.1595458984375,0,3.3879010677337646
0.09591999650001526,0.09999997168779373,0,0.0006861621513962746,0,-0.003991479519754648,28.956558227539063,109585.5703125,109585.5390625,758.20361328125,0,3.3879010677337646
0.0959249958395958,0.09999997168779373,0,0.0006861621513962746,0,-0.0038447659462690353,29.342708587646484,104744.8515625,104744.8671875,781.44873046875,0,3.3879010677337646
0.09592999517917633,0.09999997168779373,0,0.0006861621513962746,0,-0.003696062369272113,29.74069595336914,91867.953125,91867.9921875,1182.4088134765625,0,3.3879010677337646
0.09593499451875687,0.09999997168779373,0,0.0006861621513962746,0,-0.0035443478263914585,30.342891693115234,71909.921875,71909.984375,1913.8148193359375,0,3.3879010677337646
0.0959399938583374,0.09999997168779373,0,0.0006861621513962746,0,-0.003387759905308485,31.317588806152344,46436.3515625,46436.43359375,2898.31591796875,0,3.3879010677337646
0.09594500064849854,0.09999997168779373,0,0.0006861621513962746,0,-0.0032237914856523275,32.79368591308594,17489.763671875,17489.83984375,4035.1103515625,0,3.3879010677337646
0.09594999998807907,0.09999997168779373,0,0.0006861621513962746,0,-0.0030495477840304375,34.84874725341797,12582.998046875,-12582.927734375,5208.4931640625,0,3.3879010677337646
0.0959549993276596,0.09999997168779373,0,0.0006861621513962746,0,-0.002862040651962161,37.50141143798828,41329.64453125,-41329.58984375,6297.70068359375,0,3.3879010677337646
0.09595999866724014,0.09999997168779373,0,0.0006861621513962746,0,-0.0026584966108202934,40.70880126953125,66401.5859375,-66401.5390625,7187.25341796875,0,3.3879010677337646
0.09596499800682068,0.09999997168779373,0,0.0006861621513962746,0,-0.002436650451272726,44.369239807128906,85754.46875,-85754.4375,7776.8720703125,0,3.3879010677337646
0.09596999734640121,0.09999997168779373,0,0.0006861621513962746,0,-0.002195000648498535,48.32997131347656,97822.9296875,-97822.8984375,7990.11474609375,0,3.3879010677337646
0.09597499668598175,0.09999997168779373,0,0.0006861621513962746,0,-0.001933004125021398,52.39929962158203,101654.2890625,-101654.2890625,7780.98828125,0,3.3879010677337646
0.09597999602556229,0.09999997168779373,0,0.0006861621513962746,0,-0.001651193480938673,56.36212158203125,96987.6015625,-96987.6015625,7137.84619140625,0,3.3879010677337646
0.09598499536514282,0.09999997168779373,0,0.0006861621513962746,0,-0.0013512065634131432,59.997398376464844,84285.53125,-84285.5390625,6084.982421875,0,3.3879010677337646
0.09598999470472336,0.09999997168779373,0,0.0006861621513962746,0,-0.001035724300891161,63.09645080566406,64673.93359375,-64673.94140625,4679.623046875,0,3.3879010677337646
0.0959949940443039,0.09999997168779373,0,0.0006861621513962746,0,-0.0007083254749886692,65.47976684570313,39861.85546875,-39861.86328125,3007.99169921875,0,3.3879010677337646
0.09600000083446503,0.09999997168779373,0,0.0006861621513962746,0,-0.000373266899259761,67.01171875,11986.87890625,-11986.884765625,1177.65625,0,3.3879010677337646
0.09600000083446503,0.09999997168779373,0,0.0006861621513962746,0,-0.0000352094357367605,67.61149597167969,16567.96875,16567.96875,-691.5220336914063,0,3.3879010677337646
