Timestamp,X Position,Y Position,X Velocity,Y Velocity,Rotation,Rotation Velocity,Data1,Data2,Data3,Data4,FPS
0.08999999612569809,0.09999997168779373,0,0,0,0,0,0,0,0,0,97.68486785888672
0.09000499546527863,0.09999997168779373,0.000000004999999969612645,0.0006861621513962746,0.0010000000474974513,0,0,27.4999942779541,-27.5,1.375,0,25.38135528564453
0.09000999480485916,0.09999997168779373,0.00000000999999993922529,0.0006861621513962746,0.0010000000474974513,0,0,53.55564880371094,-53.5556640625,2.6814305782318115,0,25.38135528564453
0.0900149941444397,0.09999997168779373,0.000000014999999464748726,0.0006861621513962746,0.0010000000474974513,0,0,75.04336547851563,-75.04338073730469,3.7664835453033447,0,25.38135528564453
0.09002000093460083,0.09999997168779373,0.00000001999999987845058,0.0006861621513962746,0.0010000000474974513,0,0,92.66463470458984,-92.66465759277344,4.667843818664551,0,25.38135528564453
0.09002500027418137,0.09999997168779373,0.000000025000000292152436,0.0006861621513962746,0.0010000000474974513,0,0,105.89049530029297,-105.89051818847656,5.360954284667969,0,25.38135528564453
0.0900299996137619,0.09999997168779373,0.00000002999999892949745,0.0006861621513962746,0.0010000000474974513,0,0,114.19038391113281,-114.19041442871094,5.8203911781311035,0,25.38135528564453
0.09003499895334244,0.09999997168779373,0.000000034999999343199306,0.0006861621513962746,0.0010000000474974513,0,0,117.3086166381836,-117.30865478515625,6.033578872680664,0,25.38135528564453
0.09003999829292297,0.09999997168779373,0.00000003999999975690116,0.0006861621513962746,0.0010000000474974513,0,0,115.27397918701172,-115.27401733398438,6.0012617111206055,0,25.38135528564453
0.09004499763250351,0.09999997168779373,0.000000045000000170603016,0.0006861621513962746,0.0010000000474974513,0,0,108.09904479980469,-108.09908294677734,5.722516059875488,0,25.38135528564453
0.09004999697208405,0.09999997168779373,0.00000005000000058430487,0.0006861621513962746,0.0010000000474974513,0,0,96.2723617553711,-96.27239227294922,5.219433784484863,0,25.38135528564453
0.09005499631166458,0.09999997168779373,0.000000055000000998006726,0.0006861621513962746,0.0010000000474974513,0,0,80.66149139404297,-80.6615219116211,4.532426834106445,0,25.38135528564453
0.09005999565124512,0.09999997168779373,0.0000000599999978589949,0.0006861621513962746,0.0010000000474974513,0,0,62.32487869262695,-62.32490158081055,3.7110347747802734,0,25.38135528564453
0.09006499499082565,0.09999997168779373,0.00000006499999471998308,0.0006861621513962746,0.0010000000474974513,0,0,42.439002990722656,-42.43902587890625,2.810540199279785,0,25.38135528564453
0.09006999433040619,0.09999997168779373,0.00000006999999158097125,0.0006861621513962746,0.0010000000474974513,0,0,24.2835693359375,-24.283588409423828,1.9915086030960083,0,25.38135528564453
0.09007500112056732,0.09999997168779373,0.00000007499998844195943,0.0006861621513962746,0.0010000000474974513,0,0,6.969728469848633,-6.969743251800537,1.2067339420318604,0,25.38135528564453
0.09008000046014786,0.09999997168779373,0.00000007999998530294761,0.0006861621513962746,0.0010000000474974513,0,0,8.866658210754395,8.866647720336914,0.48585045337677,0,25.38135528564453
0.0900849997997284,0.09999997168779373,0.00000008499998216393578,0.0006861621513962746,0.0010000000474974513,0,0,22.517093658447266,22.517086029052734,-0.13715046644210815,0,25.38135528564453
0.09008999913930893,0.09999997168779373,0.00000008999997902492396,0.0006861621513962746,0.0010000000474974513,0,0,33.44660949707031,33.44660568237305,-0.6361314654350281,0,25.38135528564453
0.09009499847888947,0.09999997168779373,0.00000009499997588591214,0.0006861621513962746,0.0010000000474974513,0,0,41.31529998779297,41.3152961730957,-0.9938478469848633,0,25.38135528564453
0.09009999781847,0.09999997168779373,0.00000009999997274690031,0.0006861621513962746,0.0010000000474974513,0,0,45.98575210571289,45.985748291015625,-1.2023448944091797,0,25.38135528564453
0.09010499715805054,0.09999997168779373,0.00000010499996960788849,0.0006861621513962746,0.0010000000474974513,0,0,47.51639938354492,47.516395568847656,-1.2627084255218506,0,25.38135528564453
0.09010999649763107,0.09999997168779373,0.00000010999996646887666,0.0006861621513962746,0.0010000000474974513,0,0,45.89303970336914,45.893035888671875,-1.1718660593032837,0,25.38135528564453
0.09011499583721161,0.09999997168779373,0.00000011499996332986484,0.0006861621513962746,0.0010000000474974513,0,0,41.369834899902344,41.36982727050781,-0.9398697018623352,0,25.38135528564453
0.09011999517679214,0.09999997168779373,0.00000011999996729628037,0.0006861621513962746,0.0010000000474974513,0,0,34.48979568481445,34.48978805541992,-0.5909254550933838,0,25.38135528564453
0.09012499451637268,0.09999997168779373,0.0000001249999712626959,0.0006861621513962746,0.0010000000474974513,0,0,26.291275024414063,26.291263580322266,-0.17392565310001373,0,25.38135528564453
0.09013000130653381,0.09999997168779373,0.00000012999997522911144,0.0006861621513962746,0.0010000000474974513,0,0,17.134794235229492,17.134777069091797,0.2959400415420532,0,25.38135528564453
0.09013500064611435,0.09999997168779373,0.00000013499997919552698,0.0006861621513962746,0.0010000000474974513,0,0,7.5504913330078125,7.550467491149902,0.7946500182151794,0,25.38135528564453
0.09013999998569489,0.09999997168779373,0.0000001399999831619425,0.0006861621513962746,0.0010000000474974513,0,0,1.917917251586914,-1.9179480075836182,1.2969895601272583,0,25.38135528564453
0.09014499932527542,0.09999997168779373,0.00000014499998712835804,0.0006861621513962746,0.0010000000474974513,0,0,10.813393592834473,-10.813432693481445,1.7814282178878784,0,25.38135528564453
0.09014999866485596,0.09999997168779373,0.00000014999999109477358,0.0006861621513962746,0.0010000000474974513,0,0,18.792461395263672,-18.792509078979492,2.231372117996216,0,25.38135528564453
0.09015499800443649,0.09999997168779373,0.0000001549999950611891,0.0006861621513962746,0.0010000000474974513,0,0,25.645803451538086,-25.645858764648438,2.6361217498779297,0,25.38135528564453
0.09015999734401703,0.09999997168779373,0.00000015999999902760464,0.0006861621513962746,0.0010000000474974513,0,0,31.30646324157715,-31.306529998779297,2.991272449493408,0,25.38135528564453
0.09016499668359756,0.09999997168779373,0.00000016500000299402018,0.0006861621513962746,0.0010000000474974513,0,0,35.84244155883789,-35.84252166748047,3.2984213829040527,0,25.38135528564453
0.0901699960231781,0.09999997168779373,0.0000001700000069604357,0.0006861621513962746,0.0010000000474974513,0,0,39.417152404785156,-39.417240142822266,3.5634984970092773,0,25.38135528564453
0.09017499536275864,0.09999997168779373,0.00000017500001092685125,0.0006861621513962746,0.0010000000474974513,0,0,42.26896667480469,-42.269065856933594,3.7958602905273438,0,25.38135528564453
0.09017999470233917,0.09999997168779373,0.00000018000001489326678,0.0006861621513962746,0.0010000000474974513,0,0,44.694557189941406,-44.694664001464844,4.007523536682129,0,25.38135528564453
0.09018499404191971,0.09999997168779373,0.00000018500001885968231,0.0006861621513962746,0.0010000000474974513,0,0,47.014854431152344,-47.01496887207031,4.2116546630859375,0,25.38135528564453
0.09019000083208084,0.09999997168779373,0.00000019000002282609785,0.0006861621513962746,0.0010000000474974513,0,0,49.539512634277344,-49.53962707519531,4.420990943908691,0,25.38135528564453
0.09019500017166138,0.09999997168779373,0.00000019500002679251338,0.0006861621513962746,0.0010000000474974513,0,0,52.53269577026367,-52.532814025878906,4.646318435668945,0,25.38135528564453
0.09019999951124191,0.09999997168779373,0.00000020000003075892892,0.0006861621513962746,0.0010000000474974513,0,0,56.18302536010742,-56.183143615722656,4.895134449005127,0,25.38135528564453
0.09020499885082245,0.09999997168779373,0.00000020500003472534445,0.0006861621513962746,0.0010000000474974513,0,0,60.580108642578125,-60.58022689819336,5.1706132888793945,0,25.38135528564453
0.09020999819040298,0.09999997168779373,0.00000021000003869175998,0.0006861621513962746,0.0010000000474974513,0,0,65.69957733154297,-65.69969177246094,5.470945835113525,0,25.38135528564453
0.09021499752998352,0.09999997168779373,0.00000021500004265817552,0.0006861621513962746,0.0010000000474974513,0,0,71.39549255371094,-71.39559173583984,5.789023399353027,0,25.38135528564453
0.09021999686956406,0.09999997168779373,0.00000022000004662459105,0.0006861621513962746,0.0010000000474974513,0,0,77.40010070800781,-77.40019226074219,6.112468242645264,0,25.38135528564453
0.09022499620914459,0.09999997168779373,0.00000022500005059100658,0.0006861621513962746,0.0010000000474974513,0,0,83.3409652709961,-83.34104919433594,6.424415588378906,0,25.38135528564453
0.09022999554872513,0.09999997168779373,0.00000023000005455742212,0.0006861621513962746,0.0010000000474974513,0,0,88.76846313476563,-88.76853942871094,6.704763889312744,0,25.38135528564453
0.09023499488830566,0.09999997168779373,0.00000023500005852383765,0.0006861621513962746,0.0010000000474974513,0,0,93.1916275024414,-93.19168853759766,6.931798458099365,0,25.38135528564453
0.0902399942278862,0.09999997168779373,0.00000024000004827939847,0.0006861621513962746,0.0010000000474974513,0,0,96.13277435302734,-96.13282012939453,7.084603786468506,0,25.38135528564453
0.09024500101804733,0.09999997168779373,0.000000245000052245814,0.0006861621513962746,0.0010000000474974513,0,0,97.16659545898438,-97.16664123535156,7.144835472106934,0,25.38135528564453
0.09025000035762787,0.09999997168779373,0.00000025000005621222954,0.0006861621513962746,0.0010000000474974513,0,0,95.95207977294922,-95.95210266113281,7.0981669425964355,0,25.38135528564453
0.0902549996972084,0.09999997168779373,0.00000025500006017864507,0.0006861621513962746,0.0010000000474974513,0,0,92.20178985595703,-92.2018051147461,6.932575225830078,0,25.38135528564453
0.09025999903678894,0.09999997168779373,0.0000002600000641450606,0.0006861621513962746,0.0010000000474974513,0,0,85.57447052001953,-85.5744857788086,6.632791519165039,0,25.38135528564453
0.09026499837636948,0.09999997168779373,0.00000026500006811147614,0.0006861621513962746,0.0010000000474974513,0,0,76.58857727050781,-76.58858489990234,6.225822925567627,0,25.38135528564453
0.09026999771595001,0.09999997168779373,0.00000027000007207789167,0.0006861621513962746,0.0010000000474974513,0,0,65.84440612792969,-65.84441375732422,5.742038249969482,0,25.38135528564453
0.09027499705553055,0.09999997168779373,0.0000002750000760443072,0.0006861621513962746,0.0010000000474974513,0,0,53.1898193359375,-53.18983459472656,5.1734724044799805,0,25.38135528564453
0.09027999639511108,0.09999997168779373,0.00000028000008001072274,0.0006861621513962746,0.0010000000474974513,0,0,39.20469284057617,-39.204708099365234,4.54799747467041,0,25.38135528564453
0.09028499573469162,0.09999997168779373,0.0000002850000839771383,0.0006861621513962746,0.0010000000474974513,0,0,24.60256004333496,-24.602581024169922,3.899482250213623,0,25.38135528564453
0.09028999507427216,0.09999997168779373,0.0000002900000879435538,0.0006861621513962746,0.0010000000474974513,0,0,10.19152545928955,-10.191555976867676,3.2659661769866943,0,25.38135528564453
0.09029499441385269,0.09999997168779373,0.00000029500009190996934,0.0006861621513962746,0.0010000000474974513,0,0,3.173079490661621,3.1730384826660156,2.6874537467956543,0,25.38135528564453
0.09030000120401382,0.09999997168779373,0.0000003000000958763849,0.0006861621513962746,0.0010000000474974513,0,0,14.63861083984375,14.638556480407715,2.2035930156707764,0,25.38135528564453
0.09030500054359436,0.09999997168779373,0.0000003050000998428004,0.0006861621513962746,0.0010000000474974513,0,0,23.410140991210938,23.410072326660156,1.8511364459991455,0,25.38135528564453
0.0903099998831749,0.09999997168779373,0.00000031000010380921594,0.0006861621513962746,0.0010000000474974513,0,0,28.804197311401367,28.804113388061523,1.6614707708358765,0,25.38135528564453
0.09031499922275543,0.09999997168779373,0.0000003150001077756315,0.0006861621513962746,0.0010000000474974513,0,0,29.94463348388672,29.94453239440918,1.6760272979736328,0,25.38135528564453
0.09031999856233597,0.09999997168779373,0.000000320000111742047,0.0006861621513962746,0.0010000000474974513,0,0,26.46750259399414,26.46738624572754,1.911258339881897,0,25.38135528564453
0.0903249979019165,0.09999997168779373,0.00000032500011570846254,0.0006861621513962746,0.0010000000474974513,0,0,18.322721481323242,18.322587966918945,2.3686916828155518,0,25.38135528564453
0.09032999724149704,0.09999997168779373,0.0000003300001196748781,0.0006861621513962746,0.0010000000474974513,0,0,5.742644309997559,5.742493152618408,3.0365757942199707,0,25.38135528564453
0.09033499658107758,0.09999997168779373,0.0000003350001236412936,0.0006861621513962746,0.0010000000474974513,0,0,10.764653205871582,-10.764820098876953,3.890225410461426,0,25.38135528564453
0.09033999592065811,0.09999997168779373,0.00000034000012760770915,0.0006861621513962746,0.0010000000474974513,0,0,30.432815551757813,-30.432994842529297,4.892899990081787,0,25.38135528564453
0.09034499526023865,0.09999997168779373,0.0000003450001315741247,0.0006861621513962746,0.0010000000474974513,0,0,52.288536071777344,-52.28873062133789,5.998191833496094,0,25.38135528564453
0.09034999459981918,0.09999997168779373,0.0000003500001355405402,0.0006861621513962746,0.0010000000474974513,0,0,73.60591888427734,-73.60611724853516,7.072547912597656,0,25.38135528564453
0.09035500138998032,0.09999997168779373,0.00000035500013950695575,0.0006861621513962746,0.0010000000474974513,0,0,94.42787170410156,-94.42808532714844,8.120922088623047,0,25.38135528564453
0.09036000072956085,0.09999997168779373,0.0000003600001434733713,0.0006861621513962746,0.0010000000474974513,0,0,114.12925720214844,-114.12947082519531,9.114880561828613,0,25.38135528564453
0.09036500006914139,0.09999997168779373,0.0000003650001474397868,0.0006861621513962746,0.0010000000474974513,0,0,131.76612854003906,-131.76634216308594,10.00993537902832,0,25.38135528564453
0.09036999940872192,0.09999997168779373,0.00000037000015140620235,0.0006861621513962746,0.0010000000474974513,0,0,146.50315856933594,-146.50335693359375,10.766715049743652,0,25.38135528564453
0.09037499874830246,0.09999997168779373,0.0000003750001553726179,0.0006861621513962746,0.0010000000474974513,0,0,157.66177368164063,-157.66197204589844,11.353209495544434,0,25.38135528564453
0.090379998087883,0.09999997168779373,0.0000003800001593390334,0.0006861621513962746,0.0010000000474974513,0,0,164.75888061523438,-164.75906372070313,11.746567726135254,0,25.38135528564453
0.09038499742746353,0.09999997168779373,0.00000038500016330544895,0.0006861621513962746,0.0010000000474974513,0,0,167.533447265625,-167.5336151123047,11.93433666229248,0,25.38135528564453
0.09038999676704407,0.09999997168779373,0.0000003900001672718645,0.0006861621513962746,0.0010000000474974513,0,0,165.9596405029297,-165.9597930908203,11.91508674621582,0,25.38135528564453
0.0903949961066246,0.09999997168779373,0.00000039500017123828,0.0006861621513962746,0.0010000000474974513,0,0,160.17288208007813,-160.17300415039063,11.694710731506348,0,25.38135528564453
0.09039999544620514,0.09999997168779373,0.00000040000017520469555,0.0006861621513962746,0.0010000000474974513,0,0,150.30625915527344,-150.30638122558594,11.278318405151367,0,25.38135528564453
0.09040499478578568,0.09999997168779373,0.0000004050001791711111,0.0006861621513962746,0.0010000000474974513,0,0,137.04281616210938,-137.0428924560547,10.697911262512207,0,25.38135528564453
0.09040999412536621,0.09999997168779373,0.0000004100001831375266,0.0006861621513962746,0.0010000000474974513,0,0,121.2464599609375,-121.24653625488281,9.994098663330078,0,25.38135528564453
0.09041500091552734,0.09999997168779373,0.00000041500018710394215,0.0006861621513962746,0.0010000000474974513,0,0,105.08191680908203,-105.08197021484375,9.272284507751465,0,25.38135528564453
0.09042000025510788,0.09999997168779373,0.0000004200001910703577,0.0006861621513962746,0.0010000000474974513,0,0,89.11567687988281,-89.11572265625,8.558085441589355,0,25.38135528564453
0.09042499959468842,0.09999997168779373,0.0000004250001950367732,0.0006861621513962746,0.0010000000474974513,0,0,73.42435455322266,-73.42437744140625,7.852901935577393,0,25.38135528564453
0.09042999893426895,0.09999997168779373,0.00000043000019900318875,0.0006861621513962746,0.0010000000474974513,0,0,58.8001708984375,-58.80018997192383,7.1942548751831055,0,25.38135528564453
0.09043499827384949,0.09999997168779373,0.0000004350002029696043,0.0006861621513962746,0.0010000000474974513,0,0,45.941131591796875,-45.9411506652832,6.615444183349609,0,25.38135528564453
0.09043999761343002,0.09999997168779373,0.0000004400002069360198,0.0006861621513962746,0.0010000000474974513,0,0,35.41465759277344,-35.414676666259766,6.143837928771973,0,25.38135528564453
0.09044499695301056,0.09999997168779373,0.00000044500021090243536,0.0006861621513962746,0.0010000000474974513,0,0,27.630918502807617,-27.630939483642578,5.799610137939453,0,25.38135528564453
0.0904499962925911,0.09999997168779373,0.0000004500002148688509,0.0006861621513962746,0.0010000000474974513,0,0,22.82718276977539,-22.827211380004883,5.594974994659424,0,25.38135528564453
0.09045499563217163,0.09999997168779373,0.0000004550002188352664,0.0006861621513962746,0.0010000000474974513,0,0,21.15608024597168,-21.1561222076416,5.538572788238525,0,25.38135528564453
0.09045999497175217,0.09999997168779373,0.00000046000022280168196,0.0006861621513962746,0.0010000000474974513,0,0,22.779273986816406,-22.77933120727539,5.640087604522705,0,25.38135528564453
0.0904649943113327,0.09999997168779373,0.0000004650002267680975,0.0006861621513962746,0.0010000000474974513,0,0,27.401119232177734,-27.401195526123047,5.886655807495117,0,25.38135528564453
0.09047000110149384,0.09999997168779373,0.000000470000230734513,0.0006861621513962746,0.0010000000474974513,0,0,34.57291793823242,-34.57301330566406,6.258096218109131,0,25.38135528564453
0.09047500044107437,0.09999997168779373,0.00000047500023470092856,0.0006861621513962746,0.0010000000474974513,0,0,43.72764587402344,-43.72776412963867,6.728519439697266,0,25.38135528564453
0.09047999978065491,0.09999997168779373,0.0000004800002102456347,0.0006861621513962746,0.0010000000474974513,0,0,54.22462844848633,-54.224769592285156,7.26838493347168,0,25.38135528564453
0.09048499912023544,0.09999997168779373,0.0000004850002142120502,0.0006861621513962746,0.0010000000474974513,0,0,65.39710998535156,-65.39727783203125,7.846701145172119,0,25.38135528564453
0.09048999845981598,0.09999997168779373,0.0000004900002181784657,0.0006861621513962746,0.0010000000474974513,0,0,76.07241821289063,-76.0726089477539,8.406865119934082,0,25.38135528564453
0.09049499779939651,0.09999997168779373,0.0000004950002221448813,0.0006861621513962746,0.0010000000474974513,0,0,86.18228149414063,-86.1824951171875,8.946968078613281,0,25.38135528564453
0.09049999713897705,0.09999997168779373,0.0000005000002261112968,0.0006861621513962746,0.0010000000474974513,0,0,95.35745239257813,-95.35769653320313,9.44947624206543,0,25.38135528564453
0.09049999713897705,0.09999997168779373,0.0000005050002300777123,0.0006861621513962746,0.0010000000474974513,0,0,103.2874984741211,-103.28775787353516,9.899147033691406,0,25.38135528564453
0.09050499647855759,0.09999997168779373,0.0000005048358389103669,0.0007197317900136113,-0.00003287742947577499,0.00000001260398363456261,0.0025207968428730965,78.32666778564453,-78.32693481445313,8.700146675109863,0,3.5960874557495117
0.09050999581813812,0.09999997913837433,0.0000005044221325078979,0.0007900247583165765,-0.00008274173887912184,0.00000004736270753369354,0.006951744668185711,46.00925064086914,-46.009429931640625,7.114058494567871,0,3.5960874557495117
0.09051499515771866,0.09999998658895493,0.0000005038619974584435,0.0008362927474081516,-0.00011203213944099844,0.00000010023723007179797,0.010574904270470142,12.151166915893555,-12.151248931884766,5.4296393394470215,0,3.5960874557495117
0.0905199944972992,0.09999999403953552,0.0000005032631520407449,0.0008578289998695254,-0.0001197678066091612,0.00000016693820725777186,0.013340196572244167,18.90754508972168,18.907556533813477,3.8618593215942383,0,3.5960874557495117
0.09052500128746033,0.10000000149011612,0.0000005027245038036199,0.0008546537719666958,-0.00010773088433779776,0.000000243473323280341,0.01530702505260706,48.155372619628906,48.15547180175781,2.3594751358032227,0,3.5960874557495117
0.09053000062704086,0.10000000894069672,0.0000005023391054237436,0.0008288308745250106,-0.00007707421900704503,0.0000003260167886764975,0.016508696600794792,71.05225372314453,71.05243682861328,1.1480623483657837,0,3.5960874557495117
0.0905349999666214,0.10000001639127731,0.0000005021798870075145,0.0007808082737028599,-0.000031840951123740524,0.0000004114837679480843,0.017093399539589882,85.25818634033203,85.25845336914063,0.34374576807022095,0,3.5960874557495117
0.09053999930620193,0.10000001639127731,0.0000005022920390729269,0.0007113604806363583,0.00002243609560537152,0.0000004978261358701275,0.0172684695571661,89.33206939697266,89.33232879638672,0.01836574636399746,0,3.5960874557495117
0.09054499864578247,0.10000001639127731,0.0000005026885787628999,0.0006452817469835281,0.00007930665742605925,0.0000005842152290824743,0.017277823761105537,82.87774658203125,82.87799072265625,0.19222848117351532,0,3.5960874557495117
0.090549997985363,0.10000001639127731,0.0000005033489287598059,0.0005835429765284061,0.00013206826406531036,0.0000006710938578180503,0.017375724390149117,66.58382415771484,66.58405303955078,0.8321388363838196,0,3.5960874557495117
0.09055499732494354,0.10000001639127731,0.000000504221191022225,0.0005269770044833422,0.00017445682897232473,0.0000007600914955219196,0.017799528315663338,42.15137481689453,42.151580810546875,1.854956865310669,0,3.5960874557495117
0.09055999666452408,0.10000001639127731,0.0000005052276605965744,0.0004762520547956228,0.0002012912300415337,0.0000008538127644897031,0.018744250759482384,12.118057250976563,12.118240356445313,3.136276960372925,0,3.5960874557495117
0.09056499600410461,0.10000001639127731,0.0000005062726700089115,0.0004318503779359162,0.00020900581148453057,0.0000009555204769640113,0.0203415434807539,20.4033145904541,-20.403156280517578,4.523342132568359,0,3.5960874557495117
0.09056999534368515,0.10000001639127731,0.0000005072527642369096,0.00039405288407579064,0.0001960166555363685,0.000001068746769306017,0.022645263001322746,52.04508972167969,-52.04495620727539,5.8508687019348145,0,3.5960874557495117
0.09057499468326569,0.10000001639127731,0.0000005080671598989284,0.000362930353730917,0.00016288371989503503,0.0000011968721764787915,0.025625085458159447,79.5311508178711,-79.53104400634766,6.958160400390625,0,3.5960874557495117
0.09057999402284622,0.10000001639127731,0.00000050862843181676,0.0003383410512469709,0.00011225262278458104,0.0000013427163594315061,0.02916884608566761,100.01395416259766,-100.01387023925781,7.705759048461914,0,3.5960874557495117
0.09058500081300735,0.10000001639127731,0.0000005088713237455522,0.0003199352649971843,0.00004858176544075832,0.0000015081831179486471,0.03309335559606552,111.36778259277344,-111.36772155761719,7.989929676055908,0,3.5960874557495117
0.09059000015258789,0.10000001639127731,0.0000005087597401143285,0.0003071664832532406,-0.000022317166440188885,0.0000016939960687523126,0.03716259449720383,112.40819549560547,-112.40815734863281,7.753495216369629,0,3.5960874557495117
0.09059499949216843,0.10000001639127731,0.0000005082903271613759,0.00029930879827588797,-0.00009387844329467043,0.0000018995531263499288,0.04111141711473465,103.01518249511719,-103.01516723632813,6.9919047355651855,0,3.5960874557495117
0.09059999883174896,0.10000001639127731,0.0000005074930413684342,0.0002954798983410001,-0.00015945994528010488,0.0000021229150206636405,0.04467236250638962,84.14745330810547,-84.14744567871094,5.753922462463379,0,3.5960874557495117
0.0906049981713295,0.10000001639127731,0.0000005064279093858204,0.0002946692402474582,-0.0002130298817064613,0.0000023609291019965895,0.047602809965610504,57.65962600708008,-57.65963363647461,4.132517337799072,0,3.5960874557495117
0.09060999751091003,0.10000001639127731,0.000000505179230003705,0.00029588036704808474,-0.0002497371460776776,0.000002609466491776402,0.04970748722553253,26.40110206604004,-26.401111602783203,2.2698915004730225,0,3.5960874557495117
0.09061499685049057,0.10000001639127731,0.0000005038464792050945,0.0002979082055389881,-0.0002665446081664413,0.0000028637841751333326,0.05086353421211243,6.323539733886719,6.3235321044921875,0.33064034581184387,0,3.5960874557495117
0.0906199961900711,0.10000001639127731,0.0000005025339078201796,0.0002994394162669778,-0.000262518908130005,0.0000031189438232104294,0.0510319247841835,37.128028869628906,37.128028869628906,-1.5167598724365234,0,3.5960874557495117
0.09062499552965164,0.10000001639127731,0.0000005013395139030763,0.0002992009394802153,-0.00023888246505521238,0.000003370241074662772,0.05025944858789444,62.968746185302734,62.9687614440918,-3.120985269546509,0,3.5960874557495117
0.09062999486923218,0.10000001639127731,0.0000005003455498808762,0.00029620726127177477,-0.00019879531464539468,0.000003613590706663672,0.04866994172334671,81.00238800048828,81.00242614746094,-4.340567588806152,0,3.5960874557495117
0.09063499420881271,0.10000001639127731,0.0000004996094276066287,0.0002894212375395,-0.0001472276053391397,0.000003845887476927601,0.04645930975675583,89.27959442138672,89.27965545654297,-5.07841682434082,0,3.5960874557495117
0.09064000099897385,0.10000001639127731,0.0000004991574655832665,0.0002779265632852912,-0.00009039045835379511,0.0000040652521420270205,0.0438728928565979,86.8375473022461,86.83763885498047,-5.286328315734863,0,3.5960874557495117
0.09064500033855438,0.10000001639127731,0.0000004989819331058243,0.0002609567018225789,-0.000035107954317936674,0.000004271154921298148,0.04118058830499649,73.80186462402344,73.80199432373047,-4.969996929168701,0,3.5960874557495117
0.09064999967813492,0.10000001639127731,0.0000004990413344785338,0.00023791944840922952,0.000011875773452629801,0.0000044644020817941055,0.038649387657642365,51.3778190612793,51.377986907958984,-4.1885576248168945,0,3.5960874557495117
0.09065499901771545,0.10000001639127731,0.0000004992642743673059,0.0002084157313220203,0.00004458390685613267,0.000004646983143175021,0.03651617467403412,21.731590270996094,21.73179817199707,-3.0486769676208496,0,3.5960874557495117
0.09065999835729599,0.10000001639127731,0.0000004995563926968316,0.00017225230112671852,0.000058418667322257534,0.0000048218007577816024,0.034963496029376984,12.226428031921387,-12.226176261901855,-1.6938000917434692,0,3.5960874557495117
0.09066499769687653,0.10000001639127731,0.0000004998095732844376,0.00012944790069013834,0.00005063508069724776,0.000004992305093765026,0.03410085290670395,47.134483337402344,-47.13418960571289,-0.28963008522987366,0,3.5960874557495117
0.09066999703645706,0.10000001639127731,0.0000004999126872462512,0.00008023266855161637,0.000020628334823413752,0.000005162071829545312,0.03395334631204605,79.51881408691406,-79.51847839355469,0.9926905035972595,0,3.5960874557495117
0.0906749963760376,0.10000001639127731,0.0000004997627343072963,0.00002504074655007571,-0.000029994915166753344,0.000005334366505849175,0.03445892035961151,106.14501953125,-106.14464569091797,1.993986964225769,0,3.5960874557495117
0.09067999571561813,0.10000001639127731,0.0000004992749040866329,-0.00003550342808011919,-0.00009756893268786371,0.000005511738891073037,0.03547444939613342,124.34586334228516,-124.34545135498047,2.5832877159118652,0,3.5960874557495117
0.09068499505519867,0.10000001639127731,0.0000004983912731404416,-0.00010060508793685585,-0.00017672995454631746,0.000005695689651474822,0.03679011017084122,132.2921905517578,-132.291748046875,2.671234607696533,0,3.5960874557495117
0.0906899943947792,0.10000001639127731,0.0000004970865461473295,-0.00016932438302319497,-0.0002609497751109302,0.000005886442522751167,0.03815055638551712,129.17935180664063,-129.17889404296875,2.2193076610565186,0,3.5960874557495117
0.09069500118494034,0.10000001639127731,0.0000004953706138621783,-0.00024060631403699517,-0.0003431878867559135,0.000006082846539356979,0.03928083926439285,115.31044006347656,-115.30996704101563,1.2439247369766235,0,3.5960874557495117
0.09070000052452087,0.10000001639127731,0.0000004932876436214428,-0.00031331414356827736,-0.0004165967693552375,0.000006282418326009065,0.039914362132549286,92.06876373291016,-92.06828308105469,-0.18494974076747894,0,3.5960874557495117
0.09070499986410141,0.10000001639127731,0.0000004909115887130611,-0.0003862633602693677,-0.0004752095555886626,0.000006481518994405633,0.03982016444206238,61.7764778137207,-61.776004791259766,-1.950803518295288,0,3.5960874557495117
0.09070999920368195,0.10000001639127731,0.0000004883389124188398,-0.0004582615219987929,-0.0005145376781001687,0.000006675652002741117,0.038826629519462585,27.46140480041504,-27.4609432220459,-3.902155876159668,0,3.5960874557495117
0.09071499854326248,0.10000001639127731,0.0000004856788109464105,-0.0005281479097902775,-0.000532020116224885,0.000006859848326712381,0.03683927655220032,7.445882797241211,7.446323394775391,-5.867598056793213,0,3.5960874557495117
0.09071999788284302,0.10000001639127731,0.0000004830424131796462,-0.0005948303733021021,-0.0005272799171507359,0.000007029103016975569,0.033850930631160736,39.4564208984375,39.45683288574219,-7.672884941101074,0,3.5960874557495117
0.09072499722242355,0.10000001639127731,0.0000004805315825251455,-0.0006573187420144677,-0.0005021612159907818,0.000007178819032560568,0.029943160712718964,65.3751449584961,65.37552642822266,-9.158406257629395,0,3.5960874557495117
0.09072999656200409,0.10000001639127731,0.0000004782288556270942,-0.0007147561991587281,-0.00046054209815338254,0.000007305213330255356,0.02527882158756256,82.62234497070313,82.62268829345703,-10.19512939453125,0,3.5960874557495117
0.09073499590158463,0.10000000894069672,0.0000004761891432281118,-0.0007664469303563237,-0.0004079430946148932,0.000007405645646940684,0.020086485892534256,89.49298858642578,89.49313354492188,-10.697470664978027,0,3.5960874557495117
0.09073999524116516,0.10000000149011612,0.00000047443430162275035,-0.0007881621131673455,-0.00035097007639706135,0.00000747883723306586,0.014638308435678482,85.01952362060547,85.01946258544922,-10.61639404296875,0,3.5960874557495117
0.0907449945807457,0.09999999403953552,0.0000004729500631128758,-0.0007791456300765276,-0.0002968449844047427,0.000007524994543928187,0.00923142395913601,68.82347869873047,68.82320404052734,-9.931962013244629,0,3.5960874557495117
0.09075000137090683,0.09999999403953552,0.0000004716848991392908,-0.0007379426388069987,-0.00025303062284365296,0.000007545860171376262,0.0041731176897883415,43.69304275512695,43.69272994995117,-8.782268524169922,0,3.5960874557495117
0.09075500071048737,0.09999999403953552,0.0000004705588310116582,-0.0006920177256688476,-0.000225214782403782,0.000007544361778855091,-0.0002996547846123576,13.471383094787598,13.471052169799805,-7.357919692993164,0,3.5960874557495117
0.0907600000500679,0.09999999403953552,0.00000046947565124355606,-0.000642905943095684,-0.00021663864026777446,0.000007524126885982696,-0.00404701242223382,19.94042205810547,-19.940767288208008,-5.752327919006348,0,3.5960874557495117
0.09076499938964844,0.09999999403953552,0.0000004683289773765864,-0.0005922486307099462,-0.0002293331199325621,0.000007489243671443546,-0.006976648699492216,53.17140197753906,-53.17174530029297,-4.132453918457031,0,3.5960874557495117
0.09076999872922897,0.09999999403953552,0.0000004670130522299587,-0.0005417390493676066,-0.0002631830866448581,0.000007443837148457533,-0.009081290103495121,82.88446807861328,-82.88479614257813,-2.6637706756591797,0,3.5960874557495117
0.09077499806880951,0.09999999403953552,0.000000465433316776398,-0.0004930654540657997,-0.0003159489715471864,0.000007391647613985697,-0.010437936522066593,106.11375427246094,-106.11406707763672,-1.493543267250061,0,3.5960874557495117
0.09077999740839005,0.09999999403953552,0.0000004635157893062569,-0.00044785463251173496,-0.00038350309478119016,0.0000073356545726710465,-0.011198592372238636,120.56361389160156,-120.56388854980469,-0.7360084652900696,0,3.5960874557495117
0.09078499674797058,0.09999999403953552,0.00000046121451191538654,-0.000407617655582726,-0.0004602562985382974,0.000007277787517523393,-0.01157343853265047,124.83880615234375,-124.83903503417969,-0.4609489142894745,0,3.5960874557495117
0.09078999608755112,0.09999999403953552,0.00000045851584218326025,-0.0003736994694918394,-0.0005397311761043966,0.000007218746759463102,-0.011808197014033794,118.54241943359375,-118.54259490966797,-0.6888370513916016,0,3.5960874557495117
0.09079499542713165,0.09999999403953552,0.0000004554398458367359,-0.0003472337848506868,-0.0006151976413093507,0.00000715795158612309,-0.012159018777310848,101.52120971679688,-101.52132415771484,-1.4285550117492676,0,3.5960874557495117
0.09079999476671219,0.09999999403953552,0.0000004520406946539879,-0.0003291051834821701,-0.000679828051943332,0.000007093518888723338,-0.012886575423181057,77.11918640136719,-77.1192398071289,-2.5146501064300537,0,3.5960874557495117
0.09080499410629272,0.09999999403953552,0.00000044839606516688946,-0.00031991960713639855,-0.0007289236527867615,0.000007022682439128403,-0.014167276211082935,48.88515853881836,-48.88515853881836,-3.7718355655670166,0,3.5960874557495117
0.09081000089645386,0.09999999403953552,0.00000044459582682065957,-0.0003199782222509384,-0.000760044960770756,0.000006942241270735394,-0.016088256612420082,17.462427139282227,-17.462373733520508,-5.1703572273254395,0,3.5960874557495117
0.0908150002360344,0.09999999403953552,0.00000044074002403249324,-0.00032844411907717586,-0.0007711619255132973,0.00000684863380229217,-0.01872149668633938,13.2646484375,13.264753341674805,-6.518576622009277,0,3.5960874557495117
0.09081999957561493,0.09999999403953552,0.00000043692642748283106,-0.0003450343501754105,-0.0007627173908986151,0.000006738426691299537,-0.022041380405426025,40.15629959106445,40.15644836425781,-7.661975383758545,0,3.5960874557495117
0.09082499891519547,0.09999999403953552,0.00000043324067178218684,-0.0003691944875754416,-0.0007371530518867075,0.000006608708645217121,-0.025943592190742493,60.483158111572266,60.48334503173828,-8.466267585754395,0,3.5960874557495117
0.090829998254776,0.09999999403953552,0.00000042974744474122417,-0.0004001170746050775,-0.0006986482767388225,0.000006457431481976528,-0.030255425721406937,72.20968627929688,72.20990753173828,-8.831385612487793,0,3.5960874557495117
0.09083499759435654,0.09999999403953552,0.0000004264840640644252,-0.0004367685760371387,-0.0006526781944558024,0.000006283665243245196,-0.034753214567899704,74.2024917602539,74.2027359008789,-8.701777458190918,0,3.5960874557495117
0.09083999693393707,0.09999999403953552,0.00000042345686779299285,-0.0004779240698553622,-0.0006054394179955125,0.000006087740075599868,-0.039184991270303726,66.34490966796875,66.34516143798828,-8.072083473205566,0,3.5960874557495117
0.09084499627351761,0.09999999403953552,0.0000004206408448226284,-0.0005222081090323627,-0.0005632028914988041,0.000005871259872947121,-0.043296072632074356,49.546390533447266,49.54664993286133,-6.987621784210205,0,3.5960874557495117
0.09084999561309814,0.09999999403953552,0.0000004179825339178933,-0.0005681404727511108,-0.0005316606257110834,0.000005636985861201538,-0.04685484245419502,25.64588165283203,25.646137237548828,-5.539627552032471,0,3.5960874557495117
0.09085499495267868,0.09999999403953552,0.0000004154058501626423,-0.0006141861085779965,-0.0005153339589014649,0.0000053886051318841055,-0.04967615380883217,2.7807884216308594,-2.7805447578430176,-3.8557662963867188,0,3.5960874557495117
0.09085999429225922,0.09999999403953552,0.00000041282032725575846,-0.0006588061223737895,-0.0005171042867004871,0.000005130405952513684,-0.05163988098502159,32.70753479003906,-32.70730972290039,-2.0861282348632813,0,3.5960874557495117
0.09086500108242035,0.09999999403953552,0.00000041013069562723103,-0.0007005092338658869,-0.0005379265639930964,0.000004866894414590206,-0.05270233377814293,60.970821380615234,-60.97062683105469,-0.3877808153629303,0,3.5960874557495117
0.09087000042200089,0.09999999403953552,0.0000004072470005667128,-0.0007379016024060547,-0.000576741760596633,0.000004602395165420603,-0.05289982631802559,84.58096313476563,-84.58080291748047,1.0907297134399414,0,3.5960874557495117
0.09087499976158142,0.09999998658895493,0.0000004040940666527604,-0.0007697335095144808,-0.0006305876886472106,0.0000043406735130702145,-0.05234432592988014,101.02908325195313,-101.0290756225586,2.224562168121338,0,3.5960874557495117
0.09087999910116196,0.09999997913837433,0.0000004006195410966029,-0.0007712252554483712,-0.0006949048256501555,0.000004084616648469819,-0.051211368292570114,108.64105224609375,-108.6412124633789,2.9301159381866455,0,3.5960874557495117
0.09088499844074249,0.09999997913837433,0.00000039679920860180573,-0.0007389804231934249,-0.0007640678668394685,0.000003836021278402768,-0.04971906915307045,106.1390609741211,-106.13924407958984,3.143024444580078,0,3.5960874557495117
0.09088999778032303,0.09999997913837433,0.00000039264102724700933,-0.0006991529953666031,-0.0008316381135955453,0.000003595429461711319,-0.04811834171414375,93.06563568115234,-93.06584930419922,2.839324474334717,0,3.5960874557495117
0.09089499711990356,0.09999997913837433,0.00000038818660641481983,-0.0006522241164930165,-0.000890885479748249,0.000003362068127898965,-0.046672288328409195,70.81033325195313,-70.81056213378906,2.0867762565612793,0,3.5960874557495117
0.0908999964594841,0.09999997913837433,0.0000003835067730051378,-0.0005989234778098762,-0.0009359647519886494,0.0000031340205168817192,-0.045609500259160995,43.586238861083984,-43.586490631103516,1.0937745571136475,0,3.5960874557495117
0.09090499579906464,0.09999997913837433,0.00000037868821323172597,-0.0005402023089118302,-0.0009637125767767429,0.000002908758233388653,-0.04505244269967079,13.4888916015625,-13.48914909362793,-0.03756685554981232,0,3.5960874557495117
0.09090999513864517,0.09999997913837433,0.0000003738267082553648,-0.00047719274880364537,-0.000972299836575985,0.0000026834004529519007,-0.04507157579064369,16.897314071655273,16.89705467224121,-1.1809934377670288,0,3.5960874557495117
0.09091499447822571,0.09999997913837433,0.00000036901900557495537,-0.0004111704183742404,-0.0009615427115932107,0.0000024550352009100607,-0.045673053711652756,44.48545837402344,44.48520278930664,-2.185263156890869,0,3.5960874557495117
0.09092000126838684,0.09999997913837433,0.0000003643528998509282,-0.0003435115213505924,-0.0009332223562523723,0.000002221105205535423,-0.046785999089479446,66.46448516845703,66.46424102783203,-2.9128880500793457,0,3.5960874557495117
0.09092500060796738,0.09999997913837433,0.000000359898365331901,-0.0002756470930762589,-0.0008909096941351891,0.000001979757598746801,-0.048269521445035934,80.58766174316406,80.58744049072266,-3.2543911933898926,0,3.5960874557495117
0.09092999994754791,0.09999997913837433,0.0000003557003367404832,-0.00020901489187963307,-0.000839606043882668,0.0000017301227899224614,-0.04992697015404701,85.40398406982422,85.40377044677734,-3.1397337913513184,0,3.5960874557495117
0.09093499928712845,0.09999997913837433,0.00000035177416179976717,-0.00014501161058433354,-0.0007852361304685473,0.0000014724927268616739,-0.0515260212123394,80.218505859375,80.21831512451172,-2.536226987838745,0,3.5960874557495117
0.09093999862670898,0.09999997913837433,0.0000003481033274965739,-0.00008494599023833871,-0.0007341674063354731,0.000001208404228236759,-0.05281771346926689,64.89851379394531,64.89834594726563,-1.438778281211853,0,3.5960874557495117
0.09094499796628952,0.09999997913837433,0.00000034463906217752083,-0.00002999520620505791,-0.0006928517250344157,0.000000940651830205752,-0.05355047807097435,41.13088607788086,41.13074493408203,0.06724736094474792,0,3.5960874557495117
0.09094999730587006,0.09999997913837433,0.0000003413057356738136,0.00001883452023321297,-0.0006666670087724924,0.0000006730707013957726,-0.05351622775197029,11.554136276245117,11.55401611328125,1.8494170904159546,0,3.5960874557495117
0.09095499664545059,0.09999997913837433,0.00000033800918686210935,0.000060746868257410824,-0.0006593114230781794,0.0000004101990782601206,-0.05257432535290718,17.930036544799805,-17.930130004882813,3.6125662326812744,0,3.5960874557495117
0.09095999598503113,0.09999997913837433,0.0000003346555672578688,0.00009518774459138513,-0.0006707260617986321,0.00000015652676665922627,-0.05073446407914162,45.807228088378906,-45.80729675292969,5.281170845031738,0,3.5960874557495117
0.09096499532461166,0.09999997913837433,0.0000003311561158625409,0.00012186462117824703,-0.0006998878670856357,-0.00000008369718784706492,-0.04804478958249092,70.07168579101563,-70.07173919677734,6.755280494689941,0,3.5960874557495117
0.0909699946641922,0.09999997913837433,0.0000003274336393133126,0.0001407568488502875,-0.000744496937841177,-0.00000030671895956402295,-0.0446043536067009,88.2228012084961,-88.22282409667969,7.910199165344238,0,3.5960874557495117
0.09097499400377274,0.09999997913837433,0.00000032343032785320247,0.00015211633581202477,-0.000800661277025938,-0.0000005095975552649179,-0.040575720369815826,98.36837768554688,-98.3683853149414,8.651525497436523,0,3.5960874557495117
0.09098000079393387,0.09999997913837433,0.0000003191138944202976,0.00015645877283532172,-0.0008632845710963011,-0.0000006904452334310918,-0.03616953641176224,99.55457305908203,-99.5545654296875,8.931547164916992,0,3.5960874557495117
0.0909850001335144,0.09999997913837433,0.0000003144805873489531,0.00015471944061573595,-0.0009266629349440336,-0.0000008485488933729357,-0.03162073343992233,91.69535827636719,-91.69534301757813,8.745641708374023,0,3.5960874557495117
0.09098999947309494,0.09999997913837433,0.0000003095553893217584,0.0001481816143495962,-0.0009850380010902882,-0.0000009843819270827225,-0.027166616171598434,75.19036865234375,-75.19034576416016,8.113144874572754,0,3.5960874557495117
0.09099499881267548,0.09999997913837433,0.00000030439085207945027,0.0001378941669827327,-0.0010329056531190872,-0.0000010995549928338733,-0.023034624755382538,51.62676239013672,-51.626739501953125,7.112436771392822,0,3.5960874557495117
0.09099999815225601,0.09999997913837433,0.00000029906198051321553,0.00012503132165875286,-0.0010657722596079111,-0.0000011966164947807556,-0.019412290304899216,23.309967041015625,-23.3099422454834,5.85753870010376,0,3.5960874557495117
0.09100499749183655,0.09999997913837433,0.00000029365892828536744,0.00011085334699600935,-0.0010806119535118341,-0.000001278761828871211,-0.016429070383310318,6.969146251678467,6.9691691398620605,4.486575603485107,0,3.5960874557495117
0.09100999683141708,0.09999997913837433,0.00000028827804499087506,0.00009666450205259025,-0.0010761753655970097,-0.0000013494822042048327,-0.01414407603442669,36.2166862487793,36.216705322265625,3.1477816104888916,0,3.5960874557495117
0.09101499617099762,0.09999997913837433,0.0000002830124401498324,0.00008376939513254911,-0.0010531190782785416,-0.0000014121868616712163,-0.012540923431515694,61.539024353027344,61.539039611816406,1.9844763278961182,0,3.5960874557495117
0.09101999551057816,0.09999997913837433,0.0000002779427177301841,0.00007342938624788076,-0.0010139420628547668,-0.0000014698380255140364,-0.011530237272381783,80.43595123291016,80.43595886230469,1.120539665222168,0,3.5960874557495117
0.09102499485015869,0.09999997913837433,0.0000002731290464907943,0.00006682044477201998,-0.0009627349209040403,-0.0000015246357634168817,-0.010959550738334656,91.05377960205078,91.05377960205078,0.6478729248046875,0,3.5960874557495117
0.09102999418973923,0.09999997913837433,0.0000002686051914224663,0.00006499384471680969,-0.0009047682397067547,-0.0000015777836779307108,-0.010629592463374138,92.19444274902344,92.1944351196289,0.6260233521461487,0,3.5960874557495117
0.09103500097990036,0.09999997913837433,0.0000002643748189257167,0.00006922574539203197,-0.0008460754761472344,-0.0000016293374756060075,-0.010310761630535126,83.52320861816406,83.523193359375,1.071838617324829,0,3.5960874557495117
0.0910400003194809,0.09999997913837433,0.00000026041030309897906,0.0000804640440037474,-0.0007929028943181038,-0.0000016781618796812836,-0.009764878079295158,66.48638153076172,66.48636627197266,1.9135388135910034,0,3.5960874557495117
0.09104499965906143,0.09999997913837433,0.0000002566574153206602,0.00009922866593115032,-0.0007505763787776232,-0.0000017221134385181358,-0.00879032164812088,42.718162536621094,42.71813201904297,3.0702435970306396,0,3.5960874557495117
0.09104999899864197,0.09999997913837433,0.00000025304049700025644,0.0001257760013686493,-0.0007233811775222421,-0.0000017582467535248725,-0.00722665898501873,14.646949768066406,14.64691162109375,4.421655654907227,0,3.5960874557495117
0.0910549983382225,0.09999997913837433,0.00000024947021870502795,0.00016008994134608656,-0.0007140566594898701,-0.0000017831204104368226,-0.0049747284501791,14.874964714050293,-14.875009536743164,5.8264689445495605,0,3.5960874557495117
0.09105999767780304,0.09999997913837433,0.0000002458525898418884,0.00020188243070151657,-0.0007235263474285603,-0.0000017931570255314,-0.0020073321647942066,42.86037826538086,-42.86042785644531,7.136687278747559,0,3.5960874557495117
0.09106499701738358,0.09999997913837433,0.0000002420985367734829,0.00025060356711037457,-0.0007508121198043227,-0.0000017850202311819885,0.001627352787181735,66.48937225341797,-66.48943328857422,8.212608337402344,0,3.5960874557495117
0.09106999635696411,0.09999997913837433,0.00000023813282723494922,0.0003054608532693237,-0.0007931406144052744,-0.0000017559702882863348,0.005810000002384186,83.39144134521484,-83.3915023803711,8.936835289001465,0,3.5960874557495117
0.09107499569654465,0.09999997913837433,0.00000023390168735204497,0.00036545118200592697,-0.0008462292607873678,-0.0000017041628552760812,0.01036149263381958,91.88468170166016,-91.88475036621094,9.2261381149292,0,3.5960874557495117
0.09107999503612518,0.09999997913837433,0.00000022937805965739244,0.0004293999227229506,-0.0009047248167917132,-0.0000016288612414427917,0.01506032608449459,90.86664581298828,-90.8667221069336,9.025895118713379,0,3.5960874557495117
0.09108499437570572,0.09999997913837433,0.0000002245651984367214,0.000496000109706074,-0.0009625722886994481,-0.0000015305753322536475,0.019657177850604057,79.96971130371094,-79.96978759765625,8.317846298217773,0,3.5960874557495117
0.09109000116586685,0.09999997913837433,0.00000021949779238639167,0.0005638562142848969,-0.001013482571579516,-0.0000014111082009549136,0.02389342151582241,60.46287155151367,-60.462947845458984,7.165205478668213,0,3.5960874557495117
0.09109500050544739,0.09999997913837433,0.00000021423791451979923,0.0006315306527540088,-0.0010519743664190173,-0.0000012733950143228867,0.027542630210518837,34.56999969482422,-34.570072174072266,5.678639888763428,0,3.5960874557495117
0.09109999984502792,0.09999997913837433,0.000000208868002005147,0.0006975920405238867,-0.001073982217349112,-0.0000011212213166800211,0.030434736981987953,5.220741271972656,-5.220809459686279,4.003933429718018,0,3.5960874557495117
0.09110499918460846,0.09999998658895493,0.00000020348147700133268,0.0007606627186760306,-0.001077305874787271,-0.0000009588517286829301,0.03247392177581787,20.618242263793945,20.618206024169922,2.488680362701416,0,3.5960874557495117
0.091109998524189,0.09999999403953552,0.00000019816057772459317,0.000793377636000514,-0.0010641798144206405,-0.0000007901447247604665,0.03374139964580536,42.685752868652344,42.685752868652344,1.1453192234039307,0,3.5960874557495117
0.09111499786376953,0.10000000149011612,0.0000001929755484297857,0.0007950585568323731,-0.0010370052186772227,-0.0000006185211987030925,0.034324705600738525,62.03287887573242,62.03290939331055,-0.07907156646251678,0,3.5960874557495117
0.09111999720335007,0.10000000894069672,0.00000018798797896124597,0.000768322846852243,-0.0009975138818845153,-0.00000044709901203532354,0.03428443521261215,74.6945571899414,74.69461822509766,-0.9862650632858276,0,3.5960874557495117
0.0911249965429306,0.10000000894069672,0.00000018323817130294628,0.0007138017099350691,-0.000949961831793189,-0.00000027818833814308164,0.03378213196992874,79.24986267089844,79.24993133544922,-1.5047776699066162,0,3.5960874557495117
0.09112999588251114,0.10000000894069672,0.00000017874062052669615,0.0006562029011547565,-0.000899509759619832,-0.00000011310955017052038,0.03301575779914856,75.23246765136719,75.23253631591797,-1.6103171110153198,0,3.5960874557495117
0.09113499522209167,0.10000000894069672,0.0000001744825510741066,0.000596621073782444,-0.0008516153320670128,0.00000004786858198713162,0.03219562768936157,63.05756378173828,63.057640075683594,-1.3221113681793213,0,3.5960874557495117
0.09113999456167221,0.10000000894069672,0.00000017042519573351456,0.0005362172378227115,-0.0008114716038107872,0.00000020547999213249568,0.03152228146791458,43.97914123535156,43.97922134399414,-0.7008032202720642,0,3.5960874557495117
0.09114500135183334,0.10000000894069672,0.00000016650783152272197,0.0004761799063999206,-0.0007834736024960876,0.0000003613068315644341,0.031165366992354393,19.962709426879883,19.96278953552246,0.15784654021263123,0,3.5960874557495117
0.09115000069141388,0.10000000894069672,0.00000016265400404336106,0.0004176852817181498,-0.0007707648910582066,0.000000517535625021992,0.0312457587569952,6.517863750457764,-6.517783164978027,1.1329867839813232,0,3.5960874557495117
0.09115500003099442,0.10000000894069672,0.00000015877942871611594,0.0003618579648900777,-0.000774914282374084,0.0000006766495630472491,0.03182278573513031,32.73578643798828,-32.7357063293457,2.0912859439849854,0,3.5960874557495117
0.09115999937057495,0.10000000894069672,0.00000015480065940209897,0.00030973347020335495,-0.0007957544876262546,0.000000841088876768481,0.03288786858320236,55.994667053222656,-55.994590759277344,2.9009053707122803,0,3.5960874557495117
0.09116499871015549,0.10000000894069672,0.00000015064364333738922,0.00026222356245853007,-0.0008314017904922366,0.0000010129152769877692,0.03436528891324997,73.91376495361328,-73.9136962890625,3.445530652999878,0,3.5960874557495117
0.09116999804973602,0.10000000894069672,0.0000001462513665728693,0.00022008569794707,-0.0008784567471593618,0.0000011935156862818985,0.03612007945775986,84.65538787841797,-84.65532684326172,3.6357383728027344,0,3.5960874557495117
0.09117499738931656,0.10000000894069672,0.00000014158962358123972,0.00018390628974884748,-0.000932350056245923,0.0000013833744105795631,0.03797174245119095,87.11903381347656,-87.11898040771484,3.4185447692871094,0,3.5960874557495117
0.0911799967288971,0.10000000894069672,0.0000001366505699706977,0.0001540820230729878,-0.0009878117125481367,0.0000015819383634152473,0.03971279412508011,81.05481719970703,-81.05477905273438,2.783006191253662,0,3.5960874557495117
0.09118499606847763,0.10000000894069672,0.00000013145350408194645,0.00013080736971460283,-0.0010394128039479256,0.0000017875892126539839,0.04113017022609711,67.0898666381836,-67.08983612060547,1.7615077495574951,0,3.5960874557495117
0.09118999540805817,0.10000000894069672,0.00000012604289167938987,0.00011406824341975152,-0.001082123490050435,0.000001997725803448702,0.0420273020863533,46.664920806884766,-46.66490173339844,0.42661917209625244,0,3.5960874557495117
0.0911949947476387,0.10000000894069672,0.00000012048373321249528,0.00010364256741013378,-0.001111831283196807,0.0000022089486719778506,0.042244575917720795,21.88788414001465,-21.887876510620117,-1.1161636114120483,0,3.5960874557495117
0.09119999408721924,0.10000000894069672,0.00000011485490603035942,0.00009910730295814574,-0.00112576549872756,0.000002417329142190283,0.0416761189699173,4.739645957946777,4.739644527435303,-2.74198842048645,0,3.5960874557495117
0.09120500087738037,0.10000000894069672,0.00000010924116367050374,0.00009992635750677437,-0.0011227482464164495,0.0000026187271942035295,0.040279634296894073,30.697673797607422,30.697662353515625,-4.325279712677002,0,3.5960874557495117
0.09121000021696091,0.10000000894069672,0.00000010372513514766979,0.00010569549340289086,-0.001103205606341362,0.0000028091110380046302,0.03807678818702698,52.924495697021484,52.924476623535156,-5.7134294509887695,0,3.5960874557495117
0.09121499955654144,0.10000000894069672,0.0000000983775692020572,0.00011539149272721261,-0.0010695129167288542,0.000002984945922435145,0.035166963934898376,69.09066009521484,69.09062957763672,-6.790350437164307,0,3.5960874557495117
0.09121999889612198,0.10000000894069672,0.00000009324993044401708,0.00012785990838892758,-0.0010255284141749144,0.000003143489266221877,0.03170866519212723,77.4819564819336,77.48193359375,-7.470500946044922,0,3.5960874557495117
0.09122499823570251,0.10000000894069672,0.00000008836892106955929,0.00014185361214913428,-0.0009762018453329802,0.000003283009164078976,0.027903970330953598,77.1278305053711,77.12779998779297,-7.705198287963867,0,3.5960874557495117
0.09122999757528305,0.10000000894069672,0.00000008373341842116133,0.00015607450040988624,-0.0009271007729694247,0.000003402907850613701,0.02397974580526352,67.27733612060547,67.27730560302734,-7.456363201141357,0,3.5960874557495117
0.09123499691486359,0.10000000894069672,0.00000007931206624789411,0.00016921691712923348,-0.0008842706447467208,0.000003503819016259513,0.020182251930236816,49.782440185546875,49.78242111206055,-6.81566047668457,0,3.5960874557495117
0.09123999625444412,0.10000000894069672,0.00000007504917221012875,0.00018001117859967053,-0.0008525782031938434,0.0000035873742945113918,0.01671106368303299,27.403942108154297,27.403926849365234,-5.919824123382568,0,3.5960874557495117
0.09124499559402466,0.10000000894069672,0.00000007087351150403265,0.00018726615235209465,-0.0008351323194801807,0.00000365585492545506,0.013696122914552689,1.35465407371521,1.3546483516693115,-4.827889442443848,0,3.5960874557495117
0.0912499949336052,0.10000000894069672,0.00000006670216379234262,0.00018990892567671835,-0.0008342699147760868,0.0000037120414617675124,0.01123729906976223,25.967735290527344,-25.967729568481445,-3.657930612564087,0,3.5960874557495117
0.09125499427318573,0.10000000894069672,0.00000006244815864420161,0.00018728338181972504,-0.0008508014725521207,0.000003758913180718082,0.009374329820275307,51.856510162353516,-51.85649108886719,-2.543393850326538,0,3.5960874557495117
0.09126000106334686,0.10000000894069672,0.00000005802908731311618,0.0001789584057405591,-0.0008838142966851592,0.000003799308160523651,0.008078990504145622,73.5030288696289,-73.50299835205078,-1.6228734254837036,0,3.5960874557495117
0.0912650004029274,0.10000000894069672,0.00000005337604846999966,0.00016444409266114235,-0.0009306077845394611,0.00000383557062377804,0.007252467796206474,88.70624542236328,-88.7061996459961,-1.0047647953033447,0,3.5960874557495117
0.09126999974250793,0.10000000894069672,0.000000048440647049119434,0.0001434475416317582,-0.0009870799258351326,0.00000386927422368899,0.006740745157003403,95.90787506103516,-95.9078140258789,-0.7656170129776001,0,3.5960874557495117
0.09127499908208847,0.10000000894069672,0.00000004319996449453356,0.00011588219058467075,-0.0010481367353349924,0.00000390102832170669,0.006350819952785969,94.35138702392578,-94.35131072998047,-0.9422695636749268,0,3.5960874557495117
0.091279998421669,0.10000000894069672,0.00000003765894973639661,0.00008187053754227236,-0.0011082026176154613,0.000003930383172701113,0.005870926193892956,84.15986633300781,-84.15978240966797,-1.5280052423477173,0,3.5960874557495117
0.09128499776124954,0.10000000894069672,0.00000003185004615602338,0.000041740317101357505,-0.0011617804411798716,0.0000039558467506140005,0.005092719569802284,66.32484436035156,-66.32475280761719,-2.4731171131134033,0,3.5960874557495117
0.09128999710083008,0.10000000894069672,0.000000025830026118001115,-0.000003986009687650949,-0.0012040040455758572,0.000003975012532464461,0.0038331712130457163,42.60707092285156,-42.606971740722656,-3.689836025238037,0,3.5960874557495117
0.09129499644041061,0.10000000894069672,0.000000019674383011647478,-0.000054607822676189244,-0.0012311285827308893,0.000003984782324550906,0.001953953178599477,15.363317489624023,-15.363212585449219,-5.060954570770264,0,3.5960874557495117
0.09129999577999115,0.10000000894069672,0.000000013469837689683573,-0.00010926362301688641,-0.0012409090995788574,0.000003981664576713229,-0.0006235695909708738,12.694341659545898,12.69444751739502,-6.4517388343811035,0,3.5960874557495117
0.09130499511957169,0.10000000894069672,0.000000007305700044923924,-0.0001669570483500138,-0.0012328275479376316,0.000003962117716582725,-0.003909412771463394,38.774757385253906,38.77486038208008,-7.723603248596191,0,3.5960874557495117
0.09130999445915222,0.10000000894069672,0.0000000012649858938118541,-0.0002265902585349977,-0.0012081428430974483,0.000003922902578779031,-0.007843011058866978,60.289737701416016,60.28983688354492,-8.748092651367188,0,3.5960874557495117
0.09131500124931335,0.10000000894069672,-0.0000000045838199902448196,-0.00028700055554509163,-0.0011697611771523952,0.000003861410732497461,-0.01229837816208601,75.1153793334961,75.11547088623047,-9.419835090637207,0,3.5960874557495117
0.09132000058889389,0.10000000894069672,-0.00000001019352602327217,-0.00034699926618486643,-0.0011219412554055452,0.0000037759314182039816,-0.017095860093832016,81.80623626708984,81.80632019042969,-9.667158126831055,0,3.5960874557495117
0.09132499992847443,0.10000000894069672,-0.00000001554283457494421,-0.00040541146881878376,-0.0010698616970330477,0.000003665834810817614,-0.02201930433511734,79.7406234741211,79.7406997680664,-9.45930290222168,0,3.5960874557495117
0.09132999926805496,0.10000000894069672,-0.000000020638321274191185,-0.00046111521078273654,-0.0010190971661359072,0.0000035316504636284662,-0.026836887001991272,69.18465423583984,69.18472290039063,-8.809582710266113,0,3.5960874557495117
0.0913349986076355,0.10000000894069672,-0.000000025513585910630354,-0.0005130792269483209,-0.0009750528261065483,0.0000033750325201253872,-0.031323570758104324,51.264198303222656,51.26425552368164,-7.774002552032471,0,3.5960874557495117
0.09133999794721603,0.10000000894069672,-0.00000003022567085508854,-0.0005603970494121313,-0.0009424170712009072,0.0000031986182875698432,-0.035282839089632034,27.83409881591797,27.83414649963379,-6.444911479949951,0,3.5960874557495117
0.09134499728679657,0.10000000894069672,-0.000000034849158225824794,-0.0006023175083100796,-0.0009246973786503077,0.0000030057922231208067,-0.03856520727276802,1.302477240562439,1.302514672279358,-4.942198276519775,0,3.5960874557495117
0.0913499966263771,0.10000000894069672,-0.00000003946849957969789,-0.0006382610881701112,-0.0009238681523129344,0.0000028003810257359874,-0.04108224809169769,25.615375518798828,-25.615346908569336,-3.401113986968994,0,3.5960874557495117
0.09135499596595764,0.10000000894069672,-0.00000004416937571249946,-0.0006678386125713587,-0.0009401753777638078,0.00000258630893767986,-0.04281441867351532,50.172279357910156,-50.17226028442383,-1.9586293697357178,0,3.5960874557495117
0.09135999530553818,0.10000000894069672,-0.000000049029956983304146,-0.0006908634677529335,-0.0009721160167828202,0.0000023672491806792095,-0.04381193965673447,69.86725616455078,-69.86724090576172,-0.739655077457428,0,3.5960874557495117
0.09136499464511871,0.10000000894069672,-0.000000054112931024974387,-0.0007073576562106609,-0.0010165948187932372,0.000002146306087524863,-0.044188641011714935,82.69815826416016,-82.69815063476563,0.15548700094223022,0,3.5960874557495117
0.09136999398469925,0.10000000894069672,-0.00000005945913983396167,-0.0007175509817898273,-0.001069242018274963,0.000001925758851939463,-0.04410944879055023,87.3633804321289,-87.3633804321289,0.6610693335533142,0,3.5960874557495117
0.09137500077486038,0.10000000894069672,-0.00000006508343375344339,-0.0007218740647658706,-0.0011248592054471374,0.0000017068949773602071,-0.04377277195453644,83.31897735595703,-83.31897735595703,0.7487741112709045,0,3.5960874557495117
0.09138000011444092,0.10000000894069672,-0.00000007097294485447492,-0.0007208511233329773,-0.0011779017513617873,0.0000014899378584232181,-0.04339142143726349,70.7725601196289,-70.7725601196289,0.4273909032344818,0,3.5960874557495117
0.09138499945402145,0.10000000894069672,-0.00000007708773352987919,-0.0007149144075810909,-0.0012229570420458913,0.0000012740690635837382,-0.04317375272512436,51.346397399902344,-51.346397399902344,-0.22398559749126434,0,3.5960874557495117
0.09138999879360199,0.10000000894069672,-0.000000083365961245363,-0.0007050927961245179,-0.0012556450674310327,0.0000010576299018794089,-0.04328782856464386,27.014545440673828,-27.014543533325195,-1.1090120077133179,0,3.5960874557495117
0.09139499813318253,0.10000000894069672,-0.00000008973017884272849,-0.0006925448542460799,-0.0012728431029245257,0.0000008383667022826558,-0.04385264217853546,0.2394469976425171,-0.23944306373596191,-2.107147216796875,0,3.5960874557495117
0.09139999747276306,0.10000000894069672,-0.00000009609515672082125,-0.0006785204168409109,-0.001272995606996119,0.0000006137377113191178,-0.04492580145597458,26.28022575378418,26.280231475830078,-3.0861196517944336,0,3.5960874557495117
0.0914049968123436,0.10000000894069672,-0.00000010237648240263297,-0.0006643185624852777,-0.001256265095435083,0.00000038125000401123543,-0.04649754613637924,49.8853645324707,49.8853759765625,-3.915567636489868,0,3.5960874557495117
0.09140999615192413,0.10000000894069672,-0.00000010849901599385703,-0.0006512444233521819,-0.001224506995640695,0.0000001387913641792693,-0.04849173128604889,68.22761535644531,68.22762298583984,-4.480453014373779,0,3.5960874557495117
0.09141499549150467,0.10000000894069672,-0.00000011440437219789601,-0.0006405654130503535,-0.0011810719734057784,-0.00000011507665931276279,-0.050773605704307556,79.50843811035156,79.5084457397461,-4.692892074584961,0,3.5960874557495117
0.0914199948310852,0.10000000894069672,-0.00000012005665439573932,-0.0006334687350317836,-0.0011304552899673581,-0.0000003808950452821591,-0.05316367745399475,82.66162872314453,82.66162872314453,-4.501189708709717,0,3.5960874557495117
0.09142499417066574,0.10000000894069672,-0.00000012544580840767594,-0.0006310220342129469,-0.0010778313735499978,-0.0000006581756224477431,-0.055456116795539856,77.68319702148438,77.68319702148438,-3.906275510787964,0,3.5960874557495117
0.09143000096082687,0.10000000894069672,-0.00000013058769354756805,-0.0006338541861623526,-0.001028376747854054,-0.0000009454034284317459,-0.05744556337594986,65.19086456298828,65.19084930419922,-2.9396796226501465,0,3.5960874557495117
0.09143500030040741,0.10000000894069672,-0.00000013552207178690878,-0.0006424075691029429,-0.0009868749184533954,-0.0000012401170579323662,-0.058942727744579315,46.38360595703125,46.383583068847656,-1.6615458726882935,0,3.5960874557495117
0.09143999963998795,0.10000000894069672,-0.00000014030879924575856,-0.0006571648409590125,-0.0009573461720719934,-0.000001539061713629053,-0.05978894233703613,23.2833194732666,23.283283233642578,-0.17279551923274994,0,3.5960874557495117
0.09144499897956848,0.10000000894069672,-0.00000014502141709726857,-0.0006784112192690372,-0.0009425235912203789,-0.0000018384464510745602,-0.059876948595047,1.648018479347229,-1.6480709314346313,1.4038945436477661,0,3.5960874557495117
0.09144999831914902,0.10000000894069672,-0.00000014973927875416848,-0.0007062252843752503,-0.0009435727261006832,-0.0000021342561922210734,-0.0591619536280632,25.761409759521484,-25.761478424072266,2.9366068840026855,0,3.5960874557495117
0.09145499765872955,0.10000000894069672,-0.0000001545391370427751,-0.0007404765347018838,-0.0009599729673936963,-0.0000024225878405559342,-0.0576663538813591,46.49287033081055,-46.492958068847656,4.297635078430176,0,3.5960874557495117
0.09145999699831009,0.10000000149011612,-0.00000015948698717238585,-0.000780829694122076,-0.000989571213722229,-0.000002699975766518037,-0.05547758936882019,61.62696075439453,-61.627010345458984,5.376512050628662,0,3.5960874557495117
0.09146499633789063,0.09999999403953552,-0.00000016463100394048524,-0.0008030392928048968,-0.0010288041085004807,-0.0000029636726139870007,-0.052739351987838745,69.52435302734375,-69.52436065673828,6.0912699699401855,0,3.5960874557495117
0.09146999567747116,0.09999998658895493,-0.00000016999632634906447,-0.0008067757589742541,-0.001073064748197794,-0.000003211858029317227,-0.049637094140052795,69.08765411376953,-69.08760833740234,6.3866682052612305,0,3.5960874557495117
0.0914749950170517,0.09999997913837433,-0.00000017558156173436146,-0.0007904281374067068,-0.0011170473881065845,-0.0000034437800877640257,-0.04638439416885376,59.829071044921875,-59.82897186279297,6.237496852874756,0,3.5960874557495117
0.09147999435663223,0.09999997168779373,-0.00000018135723678369686,-0.0007537383353337646,-0.0011551356874406338,-0.0000036598185033653863,-0.04320766031742096,42.5233039855957,-42.523136138916016,5.681192874908447,0,3.5960874557495117
0.09148500114679337,0.09999997168779373,-0.00000018726827022419457,-0.0006970777176320553,-0.0011822069063782692,-0.00000386138981411932,-0.04031424969434738,20.219600677490234,-20.21944808959961,4.868444442749023,0,3.5960874557495117
0.0914900004863739,0.09999997168779373,-0.00000019324366462569742,-0.0006471475353464484,-0.001195079181343317,-0.000004050563802593388,-0.0378347709774971,4.017457008361816,4.017595291137695,3.9503071308135986,0,3.5960874557495117
0.09149499982595444,0.09999997168779373,-0.0000001992062692579566,-0.0006043259054422379,-0.0011925215367227793,-0.0000042296783249184955,-0.035822898149490356,29.18758773803711,29.187705993652344,2.9743618965148926,0,3.5960874557495117
0.09149999916553497,0.09999997168779373,-0.00000020507596332208777,-0.0005687420489266515,-0.0011739402543753386,-0.000004401218575367238,-0.034308068454265594,52.74933624267578,52.74943542480469,2.0651378631591797,0,3.5960874557495117
0.09150499850511551,0.09999997168779373,-0.00000021077775613775884,-0.0005402717506513,-0.001140359090641141,-0.00000456750012745033,-0.033256299793720245,72.31371307373047,72.31378936767578,1.3395907878875732,0,3.5960874557495117
0.09150999784469604,0.09999997168779373,-0.00000021624937573960779,-0.0005185417830944061,-0.0010943226516246796,-0.000004730370164907072,-0.03257405012845993,85.89056396484375,85.890625,0.8949414491653442,0,3.5960874557495117
0.09151499718427658,0.09999997168779373,-0.00000022144759270759096,-0.0005029429448768497,-0.0010396430734544992,-0.000004890961463388521,-0.032118260860443115,92.09458923339844,92.0946273803711,0.7985162734985352,0,3.5960874557495117
0.09151999652385712,0.09999997168779373,-0.00000022635266816450894,-0.0004926511319354177,-0.0009810137562453747,-0.0000050495191317168064,-0.031711578369140625,90.28939819335938,90.2894287109375,1.0806477069854736,0,3.5960874557495117
0.09152499586343765,0.09999997168779373,-0.00000023097034329566668,-0.0004866566741839051,-0.0009235336910933256,-0.000005205325123824878,-0.03116120956838131,80.24705505371094,80.24706268310547,1.7517601251602173,0,3.5960874557495117
0.09152999520301819,0.09999997168779373,-0.00000023533257831331866,-0.0004837993183173239,-0.0008724468061700463,-0.0000053566704991681036,-0.030269047245383263,64.06942749023438,64.06942749023438,2.7063169479370117,0,3.5960874557495117
0.09153499454259872,0.09999997168779373,-0.0000002394908733549528,-0.0004828090313822031,-0.0008316589519381523,-0.000005501124178408645,-0.028890730813145638,42.54398727416992,42.54398727416992,3.905000925064087,0,3.5960874557495117
0.09154000133275986,0.09999997168779373,-0.000000243513738951151,-0.00048235029680654407,-0.0008045745780691504,-0.000005635633897327352,-0.026901928707957268,17.86932945251465,17.869335174560547,5.238361835479736,0,3.5960874557495117
0.0915450006723404,0.09999997168779373,-0.00000024747973270677903,-0.00048106908798217773,-0.0007931985892355442,-0.000005756804057455156,-0.02423405461013317,7.42462158203125,-7.424606800079346,6.580698490142822,0,3.5960874557495117
0.09155000001192093,0.09999997168779373,-0.00000025146937332465313,-0.0004776401328854263,-0.0007979252841323614,-0.0000058612167777027935,-0.020882533863186836,30.734912872314453,-30.734882354736328,7.802839279174805,0,3.5960874557495117
0.09155499935150146,0.09999997168779373,-0.0000002555568414663867,-0.0004708133637905121,-0.0008174917893484235,-0.000005945759767200798,-0.01690858043730259,49.6518669128418,-49.651817321777344,8.785323143005371,0,3.5960874557495117
0.091559998691082,0.09999997168779373,-0.0000002598023343125533,-0.00045945768943056464,-0.0008491011103615165,-0.000006007931006024592,-0.012434251606464386,62.20610046386719,-62.206024169921875,9.430612564086914,0,3.5960874557495117
0.09156499803066254,0.09999997168779373,-0.0000002642458412083215,-0.00044260057620704174,-0.000888702692463994,-0.000006046087491995422,-0.007631279993802309,67.0640640258789,-67.06396484375,9.672764778137207,0,3.5960874557495117
0.09156999737024307,0.09999997168779373,-0.0000002689028235636215,-0.00041946215787902474,-0.0009313969640061259,-0.000006059612587705487,-0.002704981481656432,62.81870651245117,-62.81856918334961,9.441876411437988,0,3.5960874557495117
0.09157499670982361,0.09999997168779373,-0.0000002737597526447644,-0.0003894824767485261,-0.0009713885374367237,-0.000006049093826732133,0.002103726612403989,49.90762710571289,-49.90745544433594,8.759903907775879,0,3.5960874557495117
0.09157999604940414,0.09999997168779373,-0.0000002787755590816232,-0.00035234104143455625,-0.0010031606070697308,-0.000006016268343955744,0.006565108895301819,29.729948043823242,-29.729740142822266,7.696606636047363,0,3.5960874557495117
0.09158499538898468,0.09999997168779373,-0.00000028388598138917587,-0.0003079682355746627,-0.0010220871772617102,-0.0000059638437051035,0.010484958067536354,4.8636064529418945,-4.863364219665527,6.380457878112793,0,3.5960874557495117
0.09158999472856522,0.09999997168779373,-0.0000002890118935283681,-0.0002565475879237056,-0.0010251833591610193,-0.000005895171398151433,0.013734498992562294,20.667987823486328,20.66826629638672,5.012045860290527,0,3.5960874557495117
0.09159499406814575,0.09999997168779373,-0.00000029407200941022893,-0.00019850945682264864,-0.0010120256338268518,-0.000005813735697302036,0.01628711260855198,45.70256042480469,45.70286560058594,3.6488595008850098,0,3.5960874557495117
0.09160000085830688,0.09999997168779373,-0.00000029898666298322496,-0.00013451583799906075,-0.0009829304181039333,-0.000005723008598579327,0.01814546249806881,67.70677947998047,67.70711517333984,2.417020797729492,0,3.5960874557495117
0.09160500019788742,0.09999997168779373,-0.00000030368579473361024,-0.00006543729978147894,-0.0009398269467055798,-0.000005626126494462369,0.019376439973711967,84.45437622070313,84.45472717285156,1.4275068044662476,0,3.5960874557495117
0.09160999953746796,0.09999997168779373,-0.00000030811611395620275,0.000007677552275708877,-0.0008860615780577064,-0.000005525609140022425,0.020103463903069496,94.26695251464844,94.26731872558594,0.7643340229988098,0,3.5960874557495117
0.09161499887704849,0.09999997168779373,-0.00000031224635677062906,0.00008363879169337451,-0.0008260493632405996,-0.000005423145466920687,0.020492734387516975,96.16545867919922,96.16583251953125,0.4768997132778168,0,3.5960874557495117
0.09161999821662903,0.09999997168779373,-0.0000003160704977744899,0.00016115681501105428,-0.0007648285245522857,-0.000005319467163644731,0.020735615864396095,89.33204650878906,89.3324203491211,0.606920599937439,0,3.5960874557495117
0.09162499755620956,0.09999997168779373,-0.0000003196102795754996,0.0002388875000178814,-0.0007079580100253224,-0.000005214243628870463,0.021044718101620674,74.4635238647461,74.4638900756836,1.1207574605941772,0,3.5960874557495117
0.0916299968957901,0.09999997168779373,-0.0000003229130527415691,0.0003154792939312756,-0.0006605531089007854,-0.0000051061660997220315,0.021615514531731606,53.20707321166992,53.20742416381836,1.937597393989563,0,3.5960874557495117
0.09163499623537064,0.09999997168779373,-0.00000032604646094114287,0.00038962054532021284,-0.0006266804412007332,-0.000004993154561816482,0.022602325305342674,27.911582946777344,27.91191291809082,2.941826820373535,0,3.5960874557495117
0.09163999557495117,0.09999997168779373,-0.0000003290910228770372,0.00046008534263819456,-0.000608911388553679,-0.000004872651516052429,0.024100584909319878,1.365767240524292,1.3660697937011719,3.9960100650787354,0,3.5960874557495117
0.09164499491453171,0.09999997168779373,-0.00000033213123629138863,0.0005257765296846628,-0.0006080418825149536,-0.00000474197304356494,0.02613573707640171,22.45046615600586,-22.450193405151367,4.903190612792969,0,3.5960874557495117
0.09164999425411224,0.09999997168779373,-0.0000003352429018832481,0.0005857641808688641,-0.0006223343079909682,-0.0000045988085730641615,0.028632910922169685,40.717830657958984,-40.71759033203125,5.524346351623535,0,3.5960874557495117
0.09165500104427338,0.09999997168779373,-0.00000033848417047011026,0.0006393180228769779,-0.0006482560420408845,-0.00000444157649326371,0.031446438282728195,53.248291015625,-53.248085021972656,5.851800918579102,0,3.5960874557495117
0.09166000038385391,0.09999997168779373,-0.0000003418949461320153,0.0006859330460429192,-0.0006821549031883478,-0.0000042694427975220606,0.0344267375767231,58.83957290649414,-58.83940124511719,5.826861381530762,0,3.5960874557495117
0.09166499972343445,0.09999997168779373,-0.00000034549302085906675,0.0007253470830619335,-0.0007196133956313133,-0.000004082471150468336,0.03739433363080025,57.00278091430664,-57.00263977050781,5.426140308380127,0,3.5960874557495117
0.09166999906301498,0.09999997913837433,-0.00000034927253977912187,0.0007575503550469875,-0.0007559024961665273,-0.000003881682005157927,0.04015784338116646,46.20793914794922,-46.207942962646484,4.573826789855957,0,3.5960874557495117
0.09167499840259552,0.09999998658895493,-0.00000035319914104547934,0.0007567752618342638,-0.0007853193674236536,-0.000003669245643322938,0.04248727485537529,31.695743560791016,-31.69586944580078,3.532282590866089,0,3.5960874557495117
0.09167999774217606,0.09999998658895493,-0.00000035722663938031474,0.000726805767044425,-0.0008054975187405944,-0.000003447814378887415,0.04428625479340553,12.716536521911621,-12.71667766571045,2.2640817165374756,0,3.5960874557495117
0.09168499708175659,0.09999998658895493,-0.00000036129461022937903,0.0006927746580913663,-0.0008135931566357613,-0.0000032206176001636777,0.04543934389948845,8.741402626037598,8.741252899169922,0.8686344027519226,0,3.5960874557495117
0.09168999642133713,0.09999998658895493,-0.00000036533475622491096,0.0006562344497069716,-0.0008080281550064683,-0.0000029912089303252287,0.045881737023591995,30.45047950744629,30.450326919555664,-0.5426836013793945,0,3.5960874557495117
0.09169499576091766,0.09999998658895493,-0.0000003692779841912852,0.0006188215920701623,-0.0007886427920311689,-0.0000027631822376861237,0.04560535028576851,50.16691207885742,50.16676712036133,-1.8576078414916992,0,3.5960874557495117
0.0916999951004982,0.09999998658895493,-0.00000037306151057237,0.0005822016391903162,-0.0007567055290564895,-0.0000025398858269909397,0.04465927556157112,65.85950469970703,65.85936737060547,-2.974311590194702,0,3.5960874557495117
0.09170499444007874,0.09999998658895493,-0.0000003766353984246962,0.0005480138352140784,-0.0007147780852392316,-0.000002324163460798445,0.04314446821808815,75.91620635986328,75.91609191894531,-3.811641216278076,0,3.5960874557495117
0.09171000123023987,0.09999998658895493,-0.00000037996764490344503,0.0005178158171474934,-0.0006664483807981014,-0.0000021181474494369468,0.04120321199297905,79.30756378173828,79.3074722290039,-4.317215919494629,0,3.5960874557495117
0.0917150005698204,0.09999998658895493,-0.00000038304744975903304,0.0004930321592837572,-0.0006159596377983689,-0.000001923125182656804,0.03900447115302086,75.69035339355469,75.6902847290039,-4.4725751876831055,0,3.5960874557495117
0.09171999990940094,0.09999998658895493,-0.0000003858863237837795,0.00047490635188296437,-0.000567773706279695,-0.0000017394921769664506,0.03672660514712334,65.44097137451172,65.44093322753906,-4.294851303100586,0,3.5960874557495117
0.09172499924898148,0.09999998658895493,-0.00000038851689510011056,0.00046445935731753707,-0.000526112737134099,-0.0000015667958450649166,0.03453925624489784,49.615360260009766,49.615352630615234,-3.834800958633423,0,3.5960874557495117
0.09172999858856201,0.09999998658895493,-0.00000039098952697713685,0.00046245550038293004,-0.0004945265827700496,-0.0000014038648714631563,0.03258620575070381,29.295825958251953,29.295852661132813,-3.144228935241699,0,3.5960874557495117
0.09173499792814255,0.09999998658895493,-0.000000393368907225522,0.0004700691206380725,-0.0004758762661367655,-0.0000012489405207816162,0.03098486177623272,6.93519401550293,6.935256004333496,-2.3432979583740234,0,3.5960874557495117
0.09173999726772308,0.09999998658895493,-0.0000003957262038056797,0.00048769067507237196,-0.00047146115684881806,-0.0000010999833648384083,0.02979143150150776,14.999005317687988,-14.998910903930664,-1.5528664588928223,0,3.5960874557495117
0.09174499660730362,0.09999998658895493,-0.0000003981312488576805,0.0005151598015800118,-0.0004810098325833678,-0.0000009549805781716714,0.02900056354701519,34.24568557739258,-34.24556350708008,-0.8835805654525757,0,3.5960874557495117
0.09174999594688416,0.09999998658895493,-0.00000040064529116534686,0.0005519737023860216,-0.0005028112791478634,-0.0000008122277677102829,0.028550559654831886,48.83345031738281,-48.83329772949219,-0.4319061040878296,0,3.5960874557495117
0.09175499528646469,0.09999998658895493,-0.00000040331480022359756,0.0005973170045763254,-0.0005338996415957808,-0.0000006705748205604323,0.028330592438578606,57.27173614501953,-57.27156066894531,-0.2705967426300049,0,3.5960874557495117
0.09175999462604523,0.09999998658895493,-0.00000040616660612613487,0.0006500894669443369,-0.0005703599890694022,-0.0000005296109293340123,0.028192779049277306,58.36893081665039,-58.368743896484375,-0.4578690528869629,0,3.5960874557495117
0.09176499396562576,0.09999998658895493,-0.0000004092042047432187,0.0007089425344020128,-0.0006075188284739852,-0.0000003898130103152653,0.027959587052464485,51.76598358154297,-51.76578140258789,-1.0107702016830444,0,3.5960874557495117
0.0917700007557869,0.09999999403953552,-0.00000041240656400987064,0.0007723242742940784,-0.0006404740270227194,-0.0000002525889613025356,0.027444807812571526,38.226890563964844,-38.22676467895508,-1.8906524181365967,0,3.5960874557495117
0.09177500009536743,0.10000000149011612,-0.00000041573062503630354,0.0008124440209940076,-0.000664810067974031,-0.00000012017943618047866,0.026481905952095985,19.29322624206543,-19.293176651000977,-3.020427703857422,0,3.5960874557495117
0.09177999943494797,0.10000000894069672,-0.0000004191160769551061,0.0008279607864096761,-0.0006770924665033817,0.0000000045386343572317855,0.02494361437857151,1.1871201992034912,1.1870917081832886,-4.208046913146973,0,3.5960874557495117
0.0917849987745285,0.10000001639127731,-0.00000042249774878655444,0.0008188517531380057,-0.0006763366982340813,0.00000011854099568608945,0.022800473496317863,22.183027267456055,22.182924270629883,-5.402558326721191,0,3.5960874557495117
0.09178999811410904,0.10000002384185791,-0.00000042580882109177765,0.0007860624464228749,-0.0006622145883738995,0.00000021878585698686948,0.020048974081873894,41.83127975463867,41.83110427856445,-6.5115485191345215,0,3.5960874557495117
0.09179499745368958,0.10000002384185791,-0.0000004289867376883194,0.0007295042742043734,-0.000635584001429379,0.0000003024491945780028,0.01673266850411892,58.08929443359375,58.08911895751953,-7.433664798736572,0,3.5960874557495117
0.09179999679327011,0.10000002384185791,-0.00000043197974264330696,0.0006731837056577206,-0.0005986031610518694,0.00000036718284945891355,0.012946734204888344,69.26021575927734,69.26004028320313,-8.084742546081543,0,3.5960874557495117
0.09180499613285065,0.10000002384185791,-0.0000004347523088199523,0.0006173835135996342,-0.000554510741494596,0.000000411328898053398,0.008829208090901375,74.1670913696289,74.16691589355469,-8.4064302444458,0,3.5960874557495117
0.09180999547243118,0.10000002384185791,-0.0000004372887758563593,0.000562370172701776,-0.0005072945496067405,0.0000004340681414305436,0.004547848366200924,72.27439880371094,72.27423095703125,-8.372183799743652,0,3.5960874557495117
0.09181499481201172,0.10000002384185791,-0.00000043959519757663656,0.0005083848955109715,-0.0004612832562997937,0.0000004354878058165923,0.0002839304506778717,63.74417495727539,63.74401092529297,-7.990036964416504,0,3.5960874557495117
0.09181999415159225,0.10000002384185791,-0.0000004416987167132902,0.0004556362400762737,-0.0004207024467177689,0.0000004165609936990222,-0.003785361535847187,49.42096710205078,49.420806884765625,-7.301847457885742,0,3.5960874557495117
0.09182500094175339,0.10000002384185791,-0.00000044364492168824654,0.0004042934742756188,-0.0003892401000484824,0.0000003790401876813121,-0.007504161447286606,30.74715232849121,30.74699592590332,-6.37908935546875,0,3.5960874557495117
0.09183000028133392,0.10000002384185791,-0.0000004454932422959246,0.0003544810460880399,-0.00036966585321351886,0.00000032527518101233,-0.010753003880381584,9.617098808288574,9.61694622039795,-5.315629959106445,0,3.5960874557495117
0.09183499962091446,0.10000002384185791,-0.00000044731095272254606,0.00030627468368038535,-0.0003635433968156576,0.00000025797402258831426,-0.013460231944918633,11.814948081970215,-11.815095901489258,-4.218211650848389,0,3.5960874557495117
0.091839998960495,0.10000002384185791,-0.000000449166265070744,0.0002596990088932216,-0.0003710650489665568,0.00000017993127698900935,-0.015608549118041992,31.353811264038086,-31.35395622253418,-3.195608377456665,0,3.5960874557495117
0.09184499830007553,0.10000002384185791,-0.00000045112139446246147,0.00021472680964507163,-0.0003910255036316812,0.00000009375099097042039,-0.01723605766892433,46.98684310913086,-46.98698425292969,-2.347567319869995,0,3.5960874557495117
0.09184999763965607,0.10000002384185791,-0.00000045322607888920174,0.0001712797093205154,-0.00042093824595212936,0.000000001592674436778907,-0.018431663513183594,57.08918380737305,-57.08932113647461,-1.7546442747116089,0,3.5960874557495117
0.0918549969792366,0.10000002384185791,-0.00000045551249172604,0.00012923087342642248,-0.00045728235272690654,-0.00000009503381193098903,-0.019325297325849533,60.58991622924805,-60.59005355834961,-1.4699881076812744,0,3.5960874557495117
0.09185999631881714,0.10000002384185791,-0.00000045799177428307303,0.0000884089240571484,-0.0004958551144227386,-0.0000001954036008555704,-0.02007395774126053,57.08216094970703,-57.082298278808594,-1.5138953924179077,0,3.5960874557495117
0.09186499565839767,0.10000002384185791,-0.0000004606527568284946,0.00004860343688051216,-0.0005321947392076254,-0.00000029962848202558234,-0.020844977349042892,46.8658447265625,-46.86598205566406,-1.8717044591903687,0,3.5960874557495117
0.09186999499797821,0.10000002384185791,-0.00000046346289650500694,0.000009571638656780124,-0.000562030472792685,-0.00000040861959860194474,-0.021798226982355118,30.918792724609375,-30.91893196105957,-2.4952359199523926,0,3.5960874557495117
0.09187499433755875,0.10000002384185791,-0.00000046637146056127676,-0.00002895387660828419,-0.0005817139754071832,-0.000000523964786225406,-0.02306903898715973,10.798951148986816,-10.799092292785645,-3.307647705078125,0,3.5960874557495117
0.09188000112771988,0.10000002384185791,-0.0000004693144148859574,-0.00006725662387907505,-0.000588588765822351,-0.0000006477328611254052,-0.024753611534833908,11.512382507324219,11.512236595153809,-4.211206912994385,0,3.5960874557495117
0.09188500046730042,0.10000002384185791,-0.00000047222070520547277,-0.00010562723036855459,-0.0005812597228214145,-0.0000007822246743671712,-0.02689836174249649,33.810401916503906,33.81024932861328,-5.097196102142334,0,3.5960874557495117
0.09188999980688095,0.10000002384185791,-0.00000047501939093308465,-0.00014435412595048547,-0.000559735344722867,-0.0000009296963980887085,-0.02949434146285057,53.88948440551758,53.88932800292969,-5.856949329376221,0,3.5960874557495117
0.09189499914646149,0.10000002384185791,-0.000000477646551644284,-0.0001837144372984767,-0.0005254282150417566,-0.0000010920826980509446,-0.03247725963592529,69.76618194580078,69.7660140991211,-6.392899036407471,0,3.5960874557495117
0.09189999848604202,0.10000002384185791,-0.0000004800515966962848,-0.00022396515123546124,-0.0004810136742889881,-0.0000012707483847407275,-0.03573313355445862,79.87976837158203,79.87959289550781,-6.628514766693115,0,3.5960874557495117
0.09190499782562256,0.10000002384185791,-0.0000004822023811357212,-0.00026533484924584627,-0.0004301606095395982,-0.0000014662933836007142,-0.039109006524086,83.25011444091797,83.24993133544922,-6.51611852645874,0,3.5960874557495117
0.0919099971652031,0.10000002384185791,-0.0000004840882183998474,-0.00030801654793322086,-0.000377161952201277,-0.0000016784315448603593,-0.04242763668298721,79.57684326171875,79.57664489746094,-6.041798114776611,0,3.5960874557495117
0.09191499650478363,0.10000002384185791,-0.0000004857207045461109,-0.0003521614708006382,-0.00032650178764015436,-0.0000019059550595557084,-0.045504696667194366,69.26958465576172,69.26937866210938,-5.226902008056641,0,3.5960874557495117
0.09191999584436417,0.10000002384185791,-0.0000004871326950706134,-0.0003978743334300816,-0.0002824034309014678,-0.000002146788801837829,-0.04816673696041107,53.406463623046875,53.40624237060547,-4.125977516174316,0,3.5960874557495117
0.0919249951839447,0.10000002384185791,-0.0000004883747237727221,-0.00044520985102280974,-0.00024840381229296327,-0.0000023981292542885058,-0.05026807636022568,33.62480163574219,33.624568939208984,-2.821352005004883,0,3.5960874557495117
0.09192999452352524,0.10000002384185791,-0.0000004895097163171158,-0.000494171108584851,-0.00022699759574607015,-0.0000026566540327621624,-0.05170498043298721,11.95531940460205,11.95507526397705,-1.4149116277694702,0,3.5960874557495117
0.09193500131368637,0.10000002384185791,-0.0000004906066237708728,-0.0005447094445116818,-0.0002193865948356688,-0.000002918782001870568,-0.05242558568716049,9.383421897888184,-9.38367748260498,-0.01791163720190525,0,3.5960874557495117
0.0919400006532669,0.10000002384185791,-0.0000004917334308629506,-0.0005967261386103928,-0.00022536027245223522,-0.000003180955445714062,-0.05243470519781113,28.209495544433594,-28.209762573242188,1.2601536512374878,0,3.5960874557495117
0.09194499999284744,0.10000002384185791,-0.0000004929500505568285,-0.0006500752060674131,-0.00024331899476237595,-0.000003439919964876026,-0.05179291218519211,42.59815979003906,-42.59843826293945,2.3224875926971436,0,3.5960874557495117
0.09194999933242798,0.10000002384185791,-0.0000004943022418046894,-0.0007045682868920267,-0.0002704378275666386,-0.000003692970267366036,-0.05061008036136627,51.076194763183594,-51.07648468017578,3.0946309566497803,0,3.5960874557495117
0.09195499867200851,0.10000001639127731,-0.0000004958170052304922,-0.0007599806995131075,-0.0003029539657291025,-0.000003938140253012534,-0.0490339994430542,52.770355224609375,-52.77052688598633,3.5318236351013184,0,3.5960874557495117
0.09195999801158905,0.10000000894069672,-0.0000004974997409590287,-0.000792342412751168,-0.00033654863364063203,-0.0000041743164729268756,-0.04723525792360306,47.4943962097168,-47.49444580078125,3.623349905014038,0,3.5960874557495117
0.09196499735116959,0.10000000149011612,-0.000000499333680181735,-0.000801755755674094,-0.00036678448668681085,-0.0000044012658690917306,-0.045389898121356964,34.90967559814453,-34.90959930419922,3.350558280944824,0,3.5960874557495117
0.09196999669075012,0.09999999403953552,-0.0000005012787482883141,-0.0007873681024648249,-0.00038900869549252093,-0.000004619683295459254,-0.04368346929550171,16.289770126342773,-16.28955078125,2.775139808654785,0,3.5960874557495117
0.09197499603033066,0.09999998658895493,-0.0000005032756575928943,-0.0007491341675631702,-0.0003993790887761861,-0.000004831033947994001,-0.042270101606845856,5.774123668670654,5.774479389190674,2.0244734287261963,0,3.5960874557495117
0.0919799953699112,0.09999998658895493,-0.0000005052541496297636,-0.0006883319583721459,-0.0003957031585741788,-0.000005037229129811749,-0.041239045560359955,26.82798957824707,26.828323364257813,1.31899094581604,0,3.5960874557495117
0.09198499470949173,0.09999998658895493,-0.0000005071472628515039,-0.0006326658767648041,-0.0003786239249166101,-0.000005240065547695849,-0.04056728631258011,46.82384490966797,46.82414245605469,0.6588267683982849,0,3.5960874557495117
0.09198999404907227,0.09999998658895493,-0.0000005088913326289912,-0.0005835813353769481,-0.0003488149668555707,-0.000005441224402602529,-0.040231749415397644,63.78791046142578,63.78816604614258,0.14054137468338013,0,3.5960874557495117
0.0919950008392334,0.09999998658895493,-0.0000005104323577143077,-0.0005423037218861282,-0.0003082063340116292,-0.0000056420253713440616,-0.040160171687603,76.06310272216797,76.06330871582031,-0.15490680932998657,0,3.5960874557495117
0.09200000017881393,0.09999998658895493,-0.000000511731286678696,-0.0005097975372336805,-0.00025978306075558066,-0.0000058432206060388125,-0.04023906588554382,82.47657012939453,82.47672271728516,-0.17045432329177856,0,3.5960874557495117
0.09200499951839447,0.09999998658895493,-0.0000005127676558913663,-0.00048673400306142867,-0.0002072768402285874,-0.00000604485012445366,-0.04032588005065918,82.45637512207031,82.45645904541016,0.12127693742513657,0,3.5960874557495117
0.092009998857975,0.09999998658895493,-0.0000005135415790391562,-0.0004734639951493591,-0.000154783483594656,-0.000006246170869417256,-0.04026411473751068,76.10315704345703,76.10317993164063,0.7145454287528992,0,3.5960874557495117
0.09201499819755554,0.09999998658895493,-0.0000005140732355357613,-0.0004699955752585083,-0.00010633471538312733,-0.000006445671715482604,-0.039900198578834534,64.59510040283203,64.59506225585938,1.5501437187194824,0,3.5960874557495117
0.09201999753713608,0.09999998658895493,-0.0000005143992893863469,-0.0004754482361022383,-0.00006521219620481133,-0.000006641225354542257,-0.03911072015762329,48.977386474609375,48.977294921875,2.5758280754089355,0,3.5960874557495117
0.09202499687671661,0.09999998658895493,-0.0000005145694785824162,-0.0004889092524535954,-0.00003403222217457369,-0.000006830219717812724,-0.03779885917901993,30.667272567749023,30.667131423950195,3.7209911346435547,0,3.5960874557495117
0.09202999621629715,0.09999998658895493,-0.0000005146420107848826,-0.0005095136002637446,-0.000014508830645354465,-0.00000700973851053277,-0.035903774201869965,11.597855567932129,11.597671508789063,4.88938570022583,0,3.5960874557495117
0.09203499555587769,0.09999998658895493,-0.0000005146776516085083,-0.0005361575749702752,-0.0000071254071372095495,-0.000007176806775532896,-0.033413633704185486,6.228391647338867,-6.228610515594482,5.981334209442139,0,3.5960874557495117
0.09203999489545822,0.09999998658895493,-0.0000005147331307853165,-0.0005675354623235762,-0.00001109052391257137,-0.00000732864373276243,-0.03036736696958542,20.94525718688965,-20.94550132751465,6.903897285461426,0,3.5960874557495117
0.09204499423503876,0.09999998658895493,-0.0000005148552304490295,-0.000602183339651674,-0.000024424687580903992,-0.0000074628997026593424,-0.026851240545511246,31.01412010192871,-31.01437759399414,7.580340385437012,0,3.5960874557495117
0.09205000102519989,0.09999998658895493,-0.0000005150760671313037,-0.0006385280867107213,-0.000044168889871798456,-0.000007577852557005826,-0.022990606725215912,35.38148498535156,-35.381744384765625,7.957925319671631,0,3.5960874557495117
0.09205500036478043,0.09999998658895493,-0.0000005154095106263412,-0.000674939772579819,-0.00006669344293186441,-0.000007672540959902108,-0.018937669694423676,33.58659744262695,-33.586849212646484,8.013237953186035,0,3.5960874557495117
0.09205999970436096,0.09999998658895493,-0.0000005158498765922559,-0.0007097862544469535,-0.00008807533595245332,-0.000007746823939669412,-0.01485656201839447,25.80824851989746,-25.8084774017334,7.754510879516602,0,3.5960874557495117
0.0920649990439415,0.09999998658895493,-0.0000005163723812984244,-0.0007414877763949335,-0.0001045053795678541,-0.000007801359970471822,-0.010907221585512161,12.845913887023926,-12.846110343933105,7.220694541931152,0,3.5960874557495117
0.09206999838352203,0.09999997913837433,-0.0000005169358132661728,-0.000768569705542177,-0.00011268333764746785,-0.000007837508746888489,-0.0072297523729503155,4.164693355560303,4.164714336395264,6.467279434204102,0,3.5960874557495117
0.09207499772310257,0.09999997168779373,-0.0000005174860007173265,-0.0007657382520847023,-0.00011003200779668987,-0.000007857188393245451,-0.003935994114726782,24.950151443481445,24.95041847229004,5.506465911865234,0,3.5960874557495117
0.0920799970626831,0.09999997168779373,-0.0000005179567210689129,-0.0007294711540453136,-0.00009414824307896197,-0.00000786284635978518,-0.0011315742740407586,44.82295227050781,44.823272705078125,4.571084976196289,0,3.5960874557495117
0.09208499640226364,0.09999997168779373,-0.0000005182847644391586,-0.000685755570884794,-0.00006561307236552238,-0.000007856863703636918,0.0011964599834755063,62.0761833190918,62.07655715942383,3.7449684143066406,0,3.5960874557495117
0.09208999574184418,0.09999997168779373,-0.0000005184152200854442,-0.0006347521557472646,-0.00002609414696053136,-0.000007841344995540567,0.0031037568114697933,75.39305877685547,75.39348602294922,3.092637062072754,0,3.5960874557495117
0.09209499508142471,0.09999997168779373,-0.0000005183056828172994,-0.0005768766277469695,0.000021902562366449274,-0.000007817950972821563,0.004678823985159397,83.36162567138672,83.36209106445313,2.6836698055267334,0,3.5960874557495117
0.09209999442100525,0.09999997168779373,-0.0000005179308004699124,-0.0005127854528836906,0.0000749722239561379,-0.000007787723006913438,0.0060456059873104095,84.87551879882813,84.87602996826172,2.5727591514587402,0,3.5960874557495117
0.09210500121116638,0.09999997168779373,-0.0000005172857981960988,-0.0004433525609783828,0.00012900565343443304,-0.000007750943950668443,0.007355901412665844,79.4211654663086,79.42169952392578,2.785414457321167,0,3.5960874557495117
0.09211000055074692,0.09999997168779373,-0.0000005163879563951923,-0.00036963901948183775,0.00017956674855668098,-0.00000770707174524432,0.008774501271545887,67.5772933959961,67.5778579711914,3.2930023670196533,0,3.5960874557495117
0.09211499989032745,0.09999997168779373,-0.0000005152750190973165,-0.00029285583877936006,0.00022258779790718108,-0.000007654813998669852,0.010451613925397396,50.64199447631836,50.64255905151367,4.031375408172607,0,3.5960874557495117
0.09211999922990799,0.09999997168779373,-0.0000005140008738635515,-0.00021432136418297887,0.0002548274933360517,-0.000007592290330649121,0.012504776008427143,30.482685089111328,30.483251571655273,4.908263206481934,0,3.5960874557495117
0.09212499856948853,0.09999997168779373,-0.0000005126296969137911,-0.00013541491352953017,0.0002742333454079926,-0.0000075172674769419245,0.015004533343017101,9.33436393737793,9.334918022155762,5.813326835632324,0,3.5960874557495117
0.09212999790906906,0.09999997168779373,-0.0000005112287908559665,-0.000057528188335709274,0.0002801757655106485,-0.000007427441232721321,0.01796523667871952,10.450419425964355,-10.4498872756958,6.630542755126953,0,3.5960874557495117
0.0921349972486496,0.09999997168779373,-0.0000005098611950415943,0.000017981763448915444,0.0002735228044912219,-0.0000073207306741096545,0.021342145279049873,26.366350173950195,-26.365848541259766,7.2363481521606445,0,3.5960874557495117
0.09213999658823013,0.09999997168779373,-0.0000005085775001134607,0.00008984113082988188,0.0002567374613136053,-0.000007195592843345366,0.02502758614718914,35.88648986816406,-35.88602828979492,7.506080627441406,0,3.5960874557495117
0.09214499592781067,0.09999997168779373,-0.0000005074080604572373,0.00015690390137024224,0.00023389142006635666,-0.000007051340617181268,0.02885040082037449,39.4744873046875,-39.47406768798828,7.464468955993652,0,3.5960874557495117
0.0921499952673912,0.09999997168779373,-0.0000005063642447566963,0.00021819205721840262,0.00020876119378954172,-0.0000068880804064974654,0.03265202417969704,36.76156234741211,-36.761192321777344,7.094396591186523,0,3.5960874557495117
0.09215499460697174,0.09999997168779373,-0.0000005054374696555897,0.0002729297266341746,0.00018535804701969028,-0.000006706754447804997,0.03626516833901405,27.708927154541016,-27.708608627319336,6.394979953765869,0,3.5960874557495117
0.09216000139713287,0.09999997168779373,-0.0000005045988586971362,0.00032057042699307203,0.00016771798254922032,-0.000006509143986477284,0.03952210769057274,13.07373046875,-13.073464393615723,5.404857635498047,0,3.5960874557495117
0.09216500073671341,0.09999997168779373,-0.0000005038018571212888,0.00036081619327887893,0.00015939498553052545,-0.000006297770141827641,0.042274776846170425,5.514556884765625,5.514771461486816,4.2060370445251465,0,3.5960874557495117
0.09217000007629395,0.09999997168779373,-0.0000005029873477724323,0.00039362796815112233,0.0001629056641831994,-0.0000060756856328225695,0.044416893273591995,25.97743797302246,25.977603912353516,2.9027864933013916,0,3.5960874557495117
0.09217499941587448,0.09999997168779373,-0.0000005020901312491333,0.0004192269407212734,0.00017944342107512057,-0.000005846209205628838,0.04589526727795601,43.74736022949219,43.74748229980469,1.7237226963043213,0,3.5960874557495117
0.09217999875545502,0.09999997168779373,-0.0000005010536483496253,0.0004380868631415069,0.00020729386596940458,-0.000005612343557004351,0.04677315428853035,59.313507080078125,59.3135871887207,0.6446160078048706,0,3.5960874557495117
0.09218499809503555,0.09999997168779373,-0.0000004998283884560806,0.0004509174614213407,0.00024505401961505413,-0.000005376836270443164,0.0471014566719532,71.1012191772461,71.10126495361328,-0.2554877698421478,0,3.5960874557495117
0.09218999743461609,0.09999997168779373,-0.0000004983767780686321,0.00045863963896408677,0.0002903184504248202,-0.000005141979727341095,0.046971339732408524,77.88471984863281,77.8847427368164,-0.9147663116455078,0,3.5960874557495117
0.09219499677419662,0.09999997168779373,-0.0000004966772735315317,0.00046235305489972234,0.0003399014240130782,-0.000004909452400170267,0.04650545492768288,78.9397964477539,78.93980407714844,-1.2962313890457153,0,3.5960874557495117
0.09219999611377716,0.09999997168779373,-0.0000004947265210830665,0.0004632977652363479,0.00039015605580061674,-0.000004680226084019523,0.045845288783311844,74.15009307861328,74.15009307861328,-1.3930277824401855,0,3.5960874557495117
0.0922049954533577,0.09999997168779373,-0.0000004925396979160723,0.000462855095975101,0.0004373614792712033,-0.000004454546797205694,0.045135822147130966,63.883514404296875,63.88351058959961,-1.2222477197647095,0,3.5960874557495117
0.09220999479293823,0.09999997168779373,-0.0000004901495458398131,0.00046237121568992734,0.0004780309973284602,-0.000004231980256008683,0.04451333358883858,48.99720001220703,48.9972038269043,-0.8251997828483582,0,3.5960874557495117
0.09221499413251877,0.09999997168779373,-0.0000004876034154221998,0.0004631815245375037,0.0005092235514894128,-0.000004011515102320118,0.0440930612385273,30.86214256286621,30.86216163635254,-0.26868465542793274,0,3.5960874557495117
0.0922200009226799,0.09999997168779373,-0.000000484959059576795,0.00046667613787576556,0.0005288709653541446,-0.0000037917338886472862,0.043956223875284195,11.295716285705566,11.295755386352539,0.3583073914051056,0,3.5960874557495117
0.09222500026226044,0.09999997168779373,-0.0000004822787218472513,0.00047410279512405396,0.0005360620561987162,-0.0000035710404517885763,0.04413871094584465,7.777413368225098,-7.77734899520874,0.9614689350128174,0,3.5960874557495117
0.09222999960184097,0.09999997168779373,-0.0000004796231678483309,0.00048657157458364964,0.0005311107961460948,-0.0000033478984278190183,0.044628385454416275,24.482091903686523,-24.481998443603516,1.448925256729126,0,3.5960874557495117
0.09223499894142151,0.09999997168779373,-0.0000004770455461766687,0.0005050159525126219,0.0005155249964445829,-0.000003121066811218043,0.0453663170337677,37.18247985839844,-37.18235778808594,1.7406378984451294,0,3.5960874557495117
0.09223999828100204,0.09999997168779373,-0.0000004745862725030747,0.0005301602650433779,0.0004918539198115468,-0.000002889802772187977,0.046252816915512085,44.64762496948242,-44.64746856689453,1.7766082286834717,0,3.5960874557495117
0.09224499762058258,0.09999997168779373,-0.00000047226910737663275,0.0005624942714348435,0.0004634303622879088,-0.0000026540146791376173,0.047157637774944305,45.745399475097656,-45.745216369628906,1.5015201568603516,0,3.5960874557495117
0.09224999696016312,0.09999997168779373,-0.00000047009757508931216,0.0006022559246048331,0.0004343079635873437,-0.0000024144028429873288,0.04792235791683197,40.24799728393555,-40.24778366088867,0.9049845337867737,0,3.5960874557495117
0.09225499629974365,0.09999997168779373,-0.0000004680541394463944,0.0006494231056421995,0.0004086853004992008,-0.000002172486574636423,0.04838326573371887,28.838666915893555,-28.838428497314453,0.021878063678741455,0,3.5960874557495117
0.09225999563932419,0.09999997168779373,-0.00000046610250592493685,0.0007037143222987652,0.00039032602217048407,-0.0000019305145997350337,0.04839441180229187,12.853249549865723,-12.852988243103027,-1.080550193786621,0,3.5960874557495117
0.09226499497890472,0.09999997913837433,-0.0000004641917996650591,0.0007645988371223211,0.00038214336382225156,-0.0000016912941873670206,0.047844089567661285,5.868856430053711,5.869027137756348,-2.3100671768188477,0,3.5960874557495117
0.09226999431848526,0.09999998658895493,-0.0000004622623919203761,0.0008052274351939559,0.0003858795971609652,-0.0000014579562730432372,0.04666758328676224,22.56719207763672,22.567272186279297,-3.4285178184509277,0,3.5960874557495117
0.09227500110864639,0.09999999403953552,-0.0000004602611625159625,0.0008250909158959985,0.0004002462956123054,-0.000001233349053109123,0.044921450316905975,37.5076789855957,37.50767517089844,-4.449087619781494,0,3.5960874557495117
0.09228000044822693,0.10000000149011612,-0.00000045814053351023176,0.0008240541210398078,0.00042412441689521074,-0.0000010200712949881563,0.04265554994344711,51.093875885009766,51.09379577636719,-5.391780853271484,0,3.5960874557495117
0.09228499978780746,0.10000000894069672,-0.00000045585727548314026,0.000803957344032824,0.00045665178913623095,-0.000000820523609945667,0.039909541606903076,60.4890022277832,60.488853454589844,-6.114480495452881,0,3.5960874557495117
0.092289999127388,0.10000001639127731,-0.00000045338146037465776,0.0007650629850104451,0.0004951602895744145,-0.0000006365463036672736,0.03679545968770981,64.70626831054688,64.7060546875,-6.567371368408203,0,3.5960874557495117
0.09229499846696854,0.10000001639127731,-0.00000045069970155964256,0.000707854051142931,0.0005363536183722317,-0.00000046929270069995255,0.03345072269439697,63.291996002197266,63.29180908203125,-6.727047443389893,0,3.5960874557495117
0.09229999780654907,0.10000001639127731,-0.00000044781646124647523,0.0006567351520061493,0.0005766465910710394,-0.00000031916937359710573,0.030024664476513863,56.3715705871582,56.37141418457031,-6.598781108856201,0,3.5960874557495117
0.09230499714612961,0.10000001639127731,-0.00000044475379468167375,0.0006122009363025427,0.0006125338259153068,-0.00000018584971428481367,0.02666393294930458,44.635780334472656,44.635650634765625,-6.215870380401611,0,3.5960874557495117
0.09230999648571014,0.10000001639127731,-0.0000004415490479914297,0.000574536737985909,0.000640949874650687,-0.00000006835864496679278,0.023498214781284332,29.269742965698242,29.26963996887207,-5.636124610900879,0,3.5960874557495117
0.09231499582529068,0.10000001639127731,-0.00000043825113493767276,0.0005438090302050114,0.0006595835438929498,0.000000034780150315327774,0.020627759397029877,11.831406593322754,11.831328392028809,-4.935861110687256,0,3.5960874557495117
0.09231999516487122,0.10000001639127731,-0.00000043491556311892055,0.0005198635626584291,0.0006671156152151525,0.0000001253498709274936,0.018113944679498672,5.9080095291137695,-5.908065319061279,-4.2020182609558105,0,3.5960874557495117
0.09232499450445175,0.10000001639127731,-0.00000043159877805010183,0.0005023301346227527,0.0006633544689975679,0.00000020521923715932644,0.015973873436450958,22.14527702331543,-22.145313262939453,-3.5231902599334717,0,3.5960874557495117
0.09233000129461288,0.10000001639127731,-0.00000042835250724237994,0.0004906344693154097,0.0006492563406936824,0.0000002761168786946655,0.014179527759552002,35.22967529296875,-35.22969436645508,-2.9805047512054443,0,3.5960874557495117
0.09233500063419342,0.10000001639127731,-0.000000425218360078361,0.00048401643289253116,0.0006268284632824361,0.0000003394247301002906,0.012661568820476532,43.83188247680664,-43.83189010620117,-2.639270544052124,0,3.5960874557495117
0.09233999997377396,0.10000001639127731,-0.0000004222237350859359,0.0004815543652512133,0.0005989241763018072,0.00000039601172829861753,0.011317400261759758,47.029815673828125,-47.029815673828125,-2.5447614192962646,0,3.5960874557495117
0.09234499931335449,0.10000001639127731,-0.00000041937880723708076,0.0004822582704946399,0.0005689840181730688,0.0000004461185483251029,0.010021364316344261,44.45083999633789,-44.45083236694336,-2.715156078338623,0,3.5960874557495117
0.09234999865293503,0.10000001639127731,-0.0000004166753910794796,0.00048510520718991756,0.0005406857817433774,0.0000004893112759418727,0.008638547733426094,36.563026428222656,-36.563018798828125,-3.1269967555999756,0,3.5960874557495117
0.09235499799251556,0.10000001639127731,-0.0000004140883334002865,0.0004887544200755656,0.0005174090038053691,0.0000005245411784926546,0.007045981008559465,24.18157196044922,-24.181564331054688,-3.739858865737915,0,3.5960874557495117
0.0923599973320961,0.10000001639127731,-0.00000041157827013194037,0.0004918383783660829,0.0005020145908929408,0.0000005502475914909155,0.0051412866450846195,8.579188346862793,-8.579185485839844,-4.490789413452148,0,3.5960874557495117
0.09236499667167664,0.10000001639127731,-0.00000040909549170464743,0.0004930082359351218,0.0004965529660694301,0.0000005645183023261779,0.0028541465289890766,8.78841495513916,8.788410186767578,-5.3079705238342285,0,3.5960874557495117
0.09236999601125717,0.10000001639127731,-0.00000040658474631527497,0.0004911638679914176,0.0005021478864364326,0.0000005652723871207854,0.00015081954188644886,26.164945602416992,26.164928436279297,-6.1047515869140625,0,3.5960874557495117
0.09237499535083771,0.10000001639127731,-0.0000004039907253172714,0.0004853379214182496,0.0005188050563447177,0.0000005504808768819203,-0.002958304714411497,41.67814254760742,41.6781120300293,-6.788787841796875,0,3.5960874557495117
0.09237999469041824,0.10000001639127731,-0.00000040126403177964676,0.00047458347398787737,0.0005453382036648691,0.0000005184018618820119,-0.006415805779397488,53.728023529052734,53.72797775268555,-7.281351566314697,0,3.5960874557495117
0.09238499402999878,0.10000001639127731,-0.00000039836632481637935,0.00045811047311872244,0.0005795425386168063,0.00000046778103524047765,-0.010124167427420616,61.06707763671875,61.067012786865234,-7.521254539489746,0,3.5960874557495117
0.09239000082015991,0.10000001639127731,-0.0000003952742417823174,0.00043531093979254365,0.0006184190860949457,0.0000003980075007348205,-0.013954710215330124,62.928218841552734,62.92813491821289,-7.4711713790893555,0,3.5960874557495117
0.09239500015974045,0.10000001639127731,-0.00000039198184254018997,0.0004057781770825386,0.0006584803923033178,0.0000003092087581535452,-0.017759747803211212,59.10390853881836,59.10380554199219,-7.121545791625977,0,3.5960874557495117
0.09239999949932098,0.10000001639127731,-0.0000003885013200033427,0.0003693198668770492,0.0006961071048863232,0.00000020227516017712333,-0.02138672024011612,49.96832275390625,49.96820068359375,-6.491678237915039,0,3.5960874557495117
0.09240499883890152,0.10000001639127731,-0.00000038486172115881345,0.0003259641816839576,0.0007279179408214986,0.00000007881064334469556,-0.024692904204130173,36.44027328491211,36.44013214111328,-5.627876281738281,0,3.5960874557495117
0.09240999817848206,0.10000001639127731,-0.00000038110613331809873,0.0002759587368927896,0.0007511164876632392,-0.00000005898513677493611,-0.027559157460927963,19.89063262939453,19.890470504760742,-4.5988640785217285,0,3.5960874557495117
0.09241499751806259,0.10000001639127731,-0.0000003772872503304825,0.00021976290736347437,0.0007637792150489986,-0.0000002084918406808356,-0.02990134060382843,2.0035574436187744,2.0033791065216064,-3.488898754119873,0,3.5960874557495117
0.09241999685764313,0.10000001639127731,-0.0000003734619724582444,0.00015803310088813305,0.0007650546613149345,-0.00000036688294358100393,-0.0316782221198082,15.39429759979248,-15.394491195678711,-2.3893110752105713,0,3.5960874557495117
0.09242499619722366,0.10000001639127731,-0.00000036968569361306436,0.00009160186164081097,0.0007552543538622558,-0.0000005313584097166313,-0.03289508819580078,30.519323348999023,-30.519529342651367,-1.3893089294433594,0,3.5960874557495117
0.0924299955368042,0.10000001639127731,-0.0000003660065601707174,0.000021451414795592427,0.0007358251023106277,-0.0000006993716965553176,-0.03360265493392944,41.81233215332031,-41.81254959106445,-0.5669965147972107,0,3.5960874557495117
0.09243499487638474,0.10000001639127731,-0.00000036246052559363307,-0.000051317663746885955,0.0007092065061442554,-0.0000008688288062330685,-0.03389142453670502,48.0953483581543,-48.09557342529297,0.01840994879603386,0,3.5960874557495117
0.09243999421596527,0.10000001639127731,-0.0000003590675987652503,-0.00012551886902656406,0.0006785881123505533,-0.0000010382390200902591,-0.03388205170631409,48.6942253112793,-48.694454193115234,0.3326333165168762,0,3.5960874557495117
0.0924450010061264,0.10000001639127731,-0.0000003558296555183915,-0.00019991777662653476,0.0006475884583778679,-0.0000012068022670064238,-0.03371264040470123,43.50922775268555,-43.509456634521484,0.3698192536830902,0,3.5960874557495117
0.09245000034570694,0.10000001639127731,-0.0000003527302112615871,-0.00027327341376803815,0.0006198896444402635,-0.0000013744237321589026,-0.033524289727211,33.026065826416016,-33.02629089355469,0.15307939052581787,0,3.5960874557495117
0.09245499968528748,0.10000001639127731,-0.00000034973589890796575,-0.0003443796595092863,0.0005988645716570318,-0.000001541655365144834,-0.03344632685184479,18.267288208007813,-18.26750946044922,-0.26791617274284363,0,3.5960874557495117
0.09245999902486801,0.10000001639127731,-0.00000034679970895012957,-0.0004121054953429848,0.0005872352630831301,-0.0000017095692328439327,-0.03358277678489685,0.6850535273551941,-0.6852643489837646,-0.82221919298172,0,3.5960874557495117
0.09246499836444855,0.10000001639127731,-0.00000034386570746391953,-0.0004754274559672922,0.0005867991712875664,-0.0000018795768710333505,-0.03400152921676636,17.98267936706543,17.982481002807617,-1.4247486591339111,0,3.5960874557495117
0.09246999770402908,0.10000001639127731,-0.00000034087446465491666,-0.0005334623856469989,0.0005982473376207054,-0.000002053212710961816,-0.034727148711681366,35.8877067565918,35.88752746582031,-1.9849879741668701,0,3.5960874557495117
0.09247499704360962,0.10000001639127731,-0.000000337768994995713,-0.0005854952614754438,0.0006210941937752068,-0.000002231903181382222,-0.03573809564113617,51.2584228515625,51.258262634277344,-2.4162404537200928,0,3.5960874557495117
0.09247999638319016,0.10000001639127731,-0.0000003345003563026694,-0.0006310022436082363,0.0006537263398058712,-0.0000024167466108337976,-0.03696867823600769,62.578857421875,62.57871627807617,-2.6444971561431885,0,3.5960874557495117
0.09248499572277069,0.10000001639127731,-0.0000003310325382699375,-0.0006696671480312943,0.0006935652927495539,-0.0000026083241664309753,-0.038315512239933014,68.74186706542969,68.74175262451172,-2.616025686264038,0,3.5960874557495117
0.09248999506235123,0.10000001639127731,-0.00000032734590149630094,-0.0007013916037976742,0.000737327674869448,-0.000002806563315971289,-0.03964783996343613,69.1609115600586,69.16082000732422,-2.302903890609741,0,3.5960874557495117
0.09249499440193176,0.10000001639127731,-0.00000032343911016141647,-0.0007262981962412596,0.0007813568809069693,-0.000003010666887348634,-0.04082070291042328,63.828948974609375,63.828880310058594,-1.705939769744873,0,3.5960874557495117
0.0925000011920929,0.10000001639127731,-0.00000031932916044752346,-0.0007447265088558197,0.0008219916489906609,-0.0000032191144327953225,-0.04168953001499176,53.318702697753906,53.31865310668945,-0.8546791672706604,0,3.5960874557495117
0.09250500053167343,0.10000000894069672,-0.0000003150494762849121,-0.0007572222966700792,0.0008559353882446885,-0.0000034297383990633534,-0.04212481528520584,37.434505462646484,37.43457794189453,0.25996753573417664,0,3.5960874557495117
0.09250999987125397,0.10000000894069672,-0.00000031065064831636846,-0.0007391624385491014,0.0008797668851912022,-0.000003639700480562169,-0.041992418467998505,20.076549530029297,20.076637268066406,1.442487120628357,0,3.5960874557495117
0.0925149992108345,0.10000000894069672,-0.00000030618789992331585,-0.0007168188458308578,0.0008925480069592595,-0.000003845989340334199,-0.041257768869400024,2.1515865325927734,2.151686191558838,2.6471240520477295,0,3.5960874557495117
0.09251999855041504,0.10000000894069672,-0.0000003017183018982905,-0.0006917688297107816,0.0008939177496358752,-0.0000040455374801240396,-0.03990960121154785,14.502342224121094,-14.502237319946289,3.7815873622894287,0,3.5960874557495117
0.09252499788999557,0.10000000894069672,-0.0000002972948891510896,-0.0006656799232587218,0.0008846853161230683,-0.000004235455890011508,-0.03798365592956543,28.18380355834961,-28.183700561523438,4.760358810424805,0,3.5960874557495117
0.09252999722957611,0.10000000894069672,-0.000000292961175318851,-0.0006402545841410756,0.0008667429210618138,-0.000004413252099766396,-0.03555922210216522,37.50041198730469,-37.50032043457031,5.513242721557617,0,3.5960874557495117
0.09253499656915665,0.10000000894069672,-0.00000028874683266622014,-0.0006171729182824492,0.0008428693981841207,-0.000004577008894557366,-0.03275135159492493,41.509647369384766,-41.50956726074219,5.992345809936523,0,3.5960874557495117
0.09253999590873718,0.10000000894069672,-0.0000002846646225407312,-0.0005980368005111814,0.0008164435857906938,-0.00000472550618724199,-0.029699474573135376,39.81373596191406,-39.81367492675781,6.176791191101074,0,3.5960874557495117
0.09254499524831772,0.10000000894069672,-0.00000028070914481759246,-0.0005843162070959806,0.0007910974090918899,-0.000004858274678554153,-0.02655366063117981,32.40418243408203,-32.404151916503906,6.0649333000183105,0,3.5960874557495117
0.09254999458789825,0.10000000894069672,-0.00000027685680947797664,-0.0005773000884801149,0.0007704682648181915,-0.000004975598585588159,-0.023464813828468323,20.688518524169922,-20.688522338867188,5.725717544555664,0,3.5960874557495117
0.09255500137805939,0.10000000894069672,-0.00000027307032723911107,-0.0005779849598184228,0.0007572975009679794,-0.000005078342383058043,-0.020548731088638306,5.7982330322265625,-5.798269271850586,5.214120388031006,0,3.5960874557495117
0.09256000071763992,0.10000000894069672,-0.0000002693022906896658,-0.0005864660488441586,0.000753606203943491,-0.000005167808467376744,-0.017893202602863312,11.05605697631836,11.055985450744629,4.588982105255127,0,3.5960874557495117
0.09256500005722046,0.10000000894069672,-0.00000026549906806394574,-0.0006032282253727317,0.0007606446743011475,-0.000005245588909019716,-0.015556052327156067,28.159576416015625,28.159467697143555,3.9343385696411133,0,3.5960874557495117
0.092569999396801,0.10000000894069672,-0.00000026160620336668217,-0.0006284930277615786,0.000778571586124599,-0.000005313350357027957,-0.013552309945225716,43.77432632446289,43.7741813659668,3.3354711532592773,0,3.5960874557495117
0.09257499873638153,0.10000000894069672,-0.00000025757401544979075,-0.0006622109794989228,0.0008064392022788525,-0.000005372618034016341,-0.011853568255901337,56.316139221191406,56.31595993041992,2.8701424598693848,0,3.5960874557495117
0.09257999807596207,0.10000000894069672,-0.0000002533625718115218,-0.0007040639175102115,0.0008422911632806063,-0.0000054245770115812775,-0.01039181649684906,64.515869140625,64.51565551757813,2.600620985031128,0,3.5960874557495117
0.0925849974155426,0.10000000149011612,-0.0000002489457529009087,-0.0007534744217991829,0.0008833631873130798,-0.000005469913503475254,-0.00906733050942421,67.55069732666016,67.5505599975586,2.567195415496826,0,3.5960874557495117
0.09258999675512314,0.09999999403953552,-0.0000002443139237584546,-0.0007859055185690522,0.0009263672400265932,-0.000005508713002200238,-0.00775986909866333,65.12641906738281,65.12635803222656,2.784104824066162,0,3.5960874557495117
0.09259499609470367,0.09999998658895493,-0.0000002394747866674152,-0.0008006886346265674,0.0009678279748186469,-0.0000055404225349775515,-0.006341936066746712,57.24378204345703,57.243797302246094,3.2512259483337402,0,3.5960874557495117
0.09259999543428421,0.09999997913837433,-0.0000002344534379972174,-0.0007969937287271023,0.001004270394332707,-0.000005563852937484626,-0.004686100408434868,44.05158615112305,44.05168533325195,3.961402177810669,0,3.5960874557495117
0.09260499477386475,0.09999997168779373,-0.00000022929187082354474,-0.0007730150828137994,0.0010323146125301719,-0.0000055771956795069855,-0.002668574918061495,27.538799285888672,27.538984298706055,4.8157830238342285,0,3.5960874557495117
0.09260999411344528,0.09999997168779373,-0.000000224042636887134,-0.0007286790059879422,0.001049846294336021,-0.00000557827524971799,-0.00021591689437627792,11.415750503540039,11.415908813476563,5.629657745361328,0,3.5960874557495117
0.09261500090360641,0.09999997168779373,-0.00000021875706579521648,-0.0006902551976963878,0.0010571138700470328,-0.000005565018909692299,0.0026512439362704754,4.186399936676025,-4.186267852783203,6.397388935089111,0,3.5960874557495117
0.09262000024318695,0.09999997168779373,-0.00000021348482448502182,-0.0006577189778909087,0.001054448657669127,-0.000005535471700568451,0.005909407045692205,17.886096954345703,-17.885988235473633,7.05086612701416,0,3.5960874557495117
0.09262499958276749,0.09999997168779373,-0.00000020826951185881626,-0.0006308393785730004,0.0010430620750412345,-0.000005487969701789552,0.009500383399426937,28.299264907836914,-28.299179077148438,7.5218000411987305,0,3.5960874557495117
0.09262999892234802,0.09999997168779373,-0.00000020314428184065036,-0.0006091874092817307,0.0010250461054965854,-0.000005421313744591316,0.01333120372146368,34.382598876953125,-34.382530212402344,7.7588067054748535,0,3.5960874557495117
0.09263499826192856,0.09999997168779373,-0.00000019812848961464624,-0.000592151191085577,0.0010031574638560414,-0.000005334899924491765,0.01728273183107376,35.542625427246094,-35.54257583618164,7.732773780822754,0,3.5960874557495117
0.0926399976015091,0.09999997168779373,-0.00000019322584421388456,-0.0005789570277556777,0.0009805302834138274,-0.000005228795089351479,0.02122100070118904,31.542316436767578,-31.542278289794922,7.432159900665283,0,3.5960874557495117
0.09264499694108963,0.09999997168779373,-0.00000018842359850168577,-0.000568696646951139,0.0009604498045518994,-0.000005103764124214649,0.025006167590618134,22.451555252075195,-22.451526641845703,6.860507965087891,0,3.5960874557495117
0.09264999628067017,0.09999997168779373,-0.00000018369281917784974,-0.0005603593308478594,0.0009461566805839539,-0.000004961263130098814,0.02850019559264183,10.241551399230957,-10.241525650024414,6.116194248199463,0,3.5960874557495117
0.0926549956202507,0.09999997168779373,-0.00000017899463955473038,-0.0005528668407350779,0.0009396367240697145,-0.000004803187493962469,0.03161514922976494,4.060006618499756,4.060033321380615,5.250242710113525,0,3.5960874557495117
0.09265999495983124,0.09999997168779373,-0.0000001742835280538202,-0.0005451112519949675,0.0009422213770449162,-0.000004631742285710061,0.03428907319903374,19.2788143157959,19.278846740722656,4.320912837982178,0,3.5960874557495117
0.09266499429941177,0.09999997168779373,-0.00000016951105408224976,-0.0005359941860660911,0.0009544946951791644,-0.0000044492940105556045,0.03648969903588295,33.792724609375,33.792762756347656,3.408853530883789,0,3.5960874557495117
0.0926700010895729,0.09999997168779373,-0.00000016463101815133996,-0.0005244646454229951,0.0009760077809914947,-0.000004258165063220076,0.03822581097483635,46.04670333862305,46.046749114990234,2.5914554595947266,0,3.5960874557495117
0.09267500042915344,0.09999997168779373,-0.00000015960441146489757,-0.0005095561500638723,0.0010053220903500915,-0.000004060436822328484,0.03954562917351723,54.71376037597656,54.71382141113281,1.9349042177200317,0,3.5960874557495117
0.09267999976873398,0.09999997168779373,-0.00000015440363654306566,-0.0004904206143692136,0.0010401540203019977,-0.000003857781393890036,0.04053106531500816,58.83250045776367,58.83256912231445,1.4873806238174438,0,3.5960874557495117
0.09268499910831451,0.09999997168779373,-0.00000014901559097779682,-0.00046635791659355164,0.00107760785613209,-0.0000036513383747660555,0.0412885807454586,57.38616943359375,57.38624954223633,1.300172209739685,0,3.5960874557495117
0.09268999844789505,0.09999997168779373,-0.00000014344487908601877,-0.00043684046249836683,0.0011141410795971751,-0.000003441584567553946,0.04195075109601021,50.443668365478516,50.44375991821289,1.370652437210083,0,3.5960874557495117
0.09269499778747559,0.09999997168779373,-0.00000013771361295766837,-0.0004015316371805966,0.0011462544789537787,-0.0000032283405744237825,0.04264881834387779,38.71895980834961,38.71906280517578,1.6643202304840088,0,3.5960874557495117
0.09269999712705612,0.09999997168779373,-0.00000013185909608637303,-0.00036029762122780085,0.0011709037935361266,-0.0000030108583359833574,0.043496448546648026,23.47403907775879,23.47414779663086,2.1196720600128174,0,3.5960874557495117
0.09270499646663666,0.09999997168779373,-0.00000012592985854098515,-0.00031321204733103514,0.0011858477955684066,-0.0000027879784738615854,0.04457598552107811,6.3670196533203125,6.367134094238281,2.655647039413452,0,3.5960874557495117
0.0927099958062172,0.09999997168779373,-0.0000001199803563167734,-0.0002605534391477704,0.0011899011442437768,-0.0000025583360638847807,0.04592849686741829,10.250816345214844,-10.250699996948242,3.1566905975341797,0,3.5960874557495117
0.09271499514579773,0.09999997168779373,-0.00000011406348221498774,-0.00020279546151869,0.0011833753669634461,-0.000002320655084986356,0.04753618314862251,24.452293395996094,-24.452178955078125,3.528522253036499,0,3.5960874557495117
0.09271999448537827,0.09999997168779373,-0.00000010822444096447725,-0.00014059030218049884,0.001167808542959392,-0.0000020739887531817658,0.049333248287439346,35.5189208984375,-35.51880645751953,3.737267017364502,0,3.5960874557495117
0.0927250012755394,0.09999997168779373,-0.00000010249846127408091,-0.00007474588346667588,0.0011451964965090156,-0.000001817805696191499,0.051236625760793686,42.34413528442383,-42.344032287597656,3.72953200340271,0,3.5960874557495117
0.09273000061511993,0.09999997168779373,-0.0000000969072644352309,-0.000006197537004482001,0.0011182393645867705,-0.0000015521253544648062,0.05313606187701225,44.255775451660156,-44.25567626953125,3.4734556674957275,0,3.5960874557495117
0.09273499995470047,0.09999997168779373,-0.00000009145693979917269,0.00006402473081834614,0.0010900652268901467,-0.0000012775999493896961,0.05490507557988167,40.722999572753906,-40.72291564941406,2.9440059661865234,0,3.5960874557495117
0.092739999294281,0.09999997168779373,-0.00000008613623947439919,0.0001348322693957016,0.0010641402332112193,-0.0000009955776931747096,0.05640444532036781,32.11615753173828,-32.11608123779297,2.1609487533569336,0,3.5960874557495117
0.09274499863386154,0.09999997168779373,-0.0000000809177649330195,0.0002051159826805815,0.0010436944430693984,-0.0000007080526529534836,0.057505007833242416,19.434974670410156,-19.434911727905273,1.1752598285675049,0,3.5960874557495117
0.09274999797344208,0.09999997168779373,-0.00000007576115734764244,0.000273785088211298,0.0010313218226656318,-0.0000004175348351509456,0.058103565126657486,4.1388092041015625,-4.138759613037109,0.06067018583416939,0,3.5960874557495117
0.09275499731302261,0.09999997168779373,-0.00000007061772322458637,0.0003398053231649101,0.001028686878271401,-0.00000012686251693594386,0.05813446268439293,12.014911651611328,12.014949798583984,-1.0943598747253418,0,3.5960874557495117
0.09275999665260315,0.09999997168779373,-0.00000006543604058606434,0.00040223519317805767,0.0010363358305767179,0.00000016102302424769732,0.05757710710167885,27.16565704345703,27.16568374633789,-2.196319580078125,0,3.5960874557495117
0.09276499599218369,0.09999997168779373,-0.00000006016789200202766,0.0004602589178830385,0.00105363002512604,0.0000004433156561844953,0.05645852908492088,39.55665588378906,39.55667495727539,-3.1569130420684814,0,3.5960874557495117
0.09276999533176422,0.09999997168779373,-0.00000005477382813978693,0.000513215025421232,0.0010788125218823552,0.0000007175692644523224,0.05485072359442711,47.73060989379883,47.73061752319336,-3.902771472930908,0,3.5960874557495117
0.09277499467134476,0.09999997168779373,-0.000000049227836029785976,0.0005606194608844817,0.0011091987835243344,0.0000009818845683184918,0.05286305770277977,50.04233169555664,50.04233169555664,-4.351015090942383,0,3.5960874557495117
0.09277999401092529,0.09999997168779373,-0.000000043522550896568646,0.0006021824083290994,0.0011410567676648498,0.0000012351200666671502,0.050647106021642685,47.25323486328125,47.253231048583984,-4.538934230804443,0,3.5960874557495117
0.09278500080108643,0.09999997168779373,-0.00000003766685452433194,0.0006378188845701516,0.0011711391853168607,0.0000014767972515983274,0.048335444182157516,39.300296783447266,39.300289154052734,-4.462405204772949,0,3.5960874557495117
0.09279000014066696,0.09999997168779373,-0.00000003168606355075099,0.0006676511256955564,0.0011961584677919745,0.0000017071109823518782,0.04606275632977486,26.78487777709961,26.78486442565918,-4.1503376960754395,0,3.5960874557495117
0.0927949994802475,0.09999997168779373,-0.00000002562001277794934,0.0006920048617757857,0.001213210285641253,0.0000019268559299234767,0.043949004262685776,11.003362655639648,11.003350257873535,-3.666220188140869,0,3.5960874557495117
0.09279999881982803,0.09999997168779373,-0.000000019518935800988402,0.0007113973842933774,0.0012202152283862233,0.0000021372650280682137,0.042081814259290695,5.128739356994629,-5.128751277923584,-3.154365301132202,0,3.5960874557495117
0.09280499815940857,0.09999997168779373,-0.00000001343418531973839,0.0007265198510140181,0.001216950244270265,0.0000023396414690068923,0.04047531262040138,20.5836124420166,-20.5836238861084,-2.6646368503570557,0,3.5960874557495117
0.0928099974989891,0.09999997168779373,-0.000000007414953984152817,0.0007382129551842809,0.0012038463028147817,0.000002535232624722994,0.03911822661757469,34.50285339355469,-34.50286102294922,-2.238438606262207,0,3.5960874557495117
0.09281499683856964,0.09999997913837433,-0.000000001505549018787633,0.0007474373560398817,0.0011818810598924756,0.0000027251235223957337,0.03797819837927818,44.98542022705078,-44.98540115356445,-1.9693936109542847,0,3.5960874557495117
0.09281999617815018,0.09999997913837433,0.000000004260662933575077,0.0007308149943128228,0.0011532424250617623,0.0000029099994662828976,0.0369751937687397,52.16232681274414,-52.16230392456055,-1.849672794342041,0,3.5960874557495117
0.09282499551773071,0.09999997913837433,0.000000009860837479891416,0.0007142863469198346,0.0011200349545106292,0.000003090165364483255,0.03603316470980644,54.698909759521484,-54.69888687133789,-1.944942831993103,0,3.5960874557495117
0.09282999485731125,0.09999997913837433,0.0000000152869006342371,0.0006992341950535774,0.0010852125706151128,0.0000032653783819114324,0.03504261001944542,52.38053512573242,-52.380516052246094,-2.26507830619812,0,3.5960874557495117
0.09283499419689178,0.09999997913837433,0.000000020546231382922997,0.000686991959810257,0.0010518661001697183,0.000003434823383940966,0.03388901427388191,45.47392654418945,-45.47391128540039,-2.796095132827759,0,3.5960874557495117
0.09284000098705292,0.09999997913837433,0.000000025660813918193526,0.0006787992315366864,0.0010229164035990834,0.0000035971481793239946,0.032464977353811264,34.703304290771484,-34.70330047607422,-3.5013608932495117,0,3.5960874557495117
0.09284500032663345,0.09999997913837433,0.00000003066493192704911,0.0006757602095603943,0.001000823569484055,0.0000037505569707718678,0.030681747943162918,20.938405990600586,-20.938411712646484,-4.337167739868164,0,3.5960874557495117
0.09284999966621399,0.09999997913837433,0.0000000356024010272904,0.0006791114574298263,0.0009874937823042274,0.000003892921085935086,0.02847284823656082,5.528005599975586,-5.528027057647705,-5.23601770401001,0,3.5960874557495117
0.09285499900579453,0.09999997913837433,0.000000040522273536680586,0.0006899530999362469,0.0009839745471253991,0.000004021952008770313,0.025806166231632233,9.705371856689453,9.70533275604248,-6.106829643249512,0,3.5960874557495117
0.09285999834537506,0.09999997913837433,0.000000045473040444221624,0.0007088187849149108,0.0009901531739160419,0.000004135431936447276,0.022695984691381454,23.1984806060791,23.19842529296875,-6.871532917022705,0,3.5960874557495117
0.0928649976849556,0.09999997913837433,0.00000005049765050557653,0.000735961482860148,0.0010049218544736505,0.000004231413640809478,0.019196342676877975,33.56626892089844,33.566192626953125,-7.460953712463379,0,3.5960874557495117
0.09286999702453613,0.09999998658895493,0.00000005562910487810768,0.0007713442901149392,0.001026290818117559,0.000004308396000851644,0.015396509319543839,37.87876510620117,37.878726959228516,-7.728616237640381,0,3.5960874557495117
0.09287499636411667,0.09999999403953552,0.00000006088112769475629,0.0007885540835559368,0.0010504050878807902,0.000004365697805042146,0.011460358276963234,37.646175384521484,37.64617919921875,-7.749948501586914,0,3.5960874557495117
0.0928799957036972,0.10000000149011612,0.00000006625298709650451,0.0007875459268689156,0.0010743712773546576,0.0000044032644836988766,0.007513342425227165,34.04414367675781,34.044185638427734,-7.5835418701171875,0,3.5960874557495117
0.09288499504327774,0.10000000894069672,0.00000007173321137088351,0.0007699179695919156,0.0010960445506498218,0.000004421519861352863,0.003651076927781105,26.199254989624023,26.199337005615234,-7.18549108505249,0,3.5960874557495117
0.09288999438285828,0.10000000894069672,0.00000007729683204615867,0.0007358539151027799,0.0011127236066386104,0.00000442147756984923,-0.000008463393896818161,14.893850326538086,14.893916130065918,-6.594598293304443,0,3.5960874557495117
0.09289500117301941,0.10000000894069672,0.00000008290786013276374,0.0007093989988788962,0.0011222054017707705,0.0000044046423681720626,-0.003367064753547311,1.2587640285491943,1.258811593055725,-5.867049217224121,0,3.5960874557495117
0.09290000051259995,0.10000000894069672,0.0000000885228956803985,0.0006906404159963131,0.0011230068048462272,0.000004372866897028871,-0.00635512825101614,13.341320991516113,-13.341292381286621,-5.070723056793213,0,3.5960874557495117
0.09290499985218048,0.10000000894069672,0.00000009409546208871689,0.0006794204236939549,0.0011145133757963777,0.000004328178874857258,-0.008937626145780087,27.446239471435547,-27.44622802734375,-4.278343200683594,0,3.5960874557495117
0.09290999919176102,0.10000000894069672,0.00000009958066726767356,0.0006753412308171391,0.001097040600143373,0.000004272596015653107,-0.011116568930447102,39.63957977294922,-39.63958740234375,-3.560577392578125,0,3.5960874557495117
0.09291499853134155,0.10000000894069672,0.00000010493969426761396,0.0006780214607715607,0.0010718052508309484,0.000004207946403766982,-0.012929956428706646,49.37214660644531,-49.372169494628906,-2.944924831390381,0,3.5960874557495117
0.09291999787092209,0.10000000894069672,0.00000011014156342525894,0.0006869490025565028,0.0010403740452602506,0.0000041357975533173885,-0.014429793693125248,54.75078582763672,-54.750823974609375,-2.526326894760132,0,3.5960874557495117
0.09292499721050262,0.10000000894069672,0.00000011516915776610404,0.0007009952096268535,0.0010055185994133353,0.000004057215392094804,-0.015716440975666046,55.21453857421875,-55.2145881652832,-2.333388328552246,0,3.5960874557495117
0.09292999655008316,0.10000000894069672,0.00000012002099936125887,0.0007188600720837712,0.000970367924310267,0.000003972691047238186,-0.01690482720732689,50.60234451293945,-50.60239791870117,-2.375009298324585,0,3.5960874557495117
0.0929349958896637,0.10000000894069672,0.0000001247117609182169,0.0007391161052510142,0.0009381534764543176,0.000003882119017362129,-0.01811441034078598,41.44956588745117,-41.44962692260742,-2.6255409717559814,0,3.5960874557495117
0.09293999522924423,0.10000001639127731,0.00000012927058889999898,0.0007602559635415673,0.0009117658482864499,0.0000037848610645596636,-0.01945158839225769,30.148609161376953,-30.148595809936523,-2.9667258262634277,0,3.5960874557495117
0.09294499456882477,0.10000002384185791,0.0000001337334509798893,0.0007551643066108227,0.0008925726870074868,0.0000036800483940169215,-0.020962528884410858,16.61524772644043,-16.61516761779785,-3.4043118953704834,0,3.5960874557495117
0.0929500013589859,0.10000002384185791,0.00000013814342025852966,0.0007247925968840718,0.0008819950744509697,0.0000035665666473505553,-0.02269633114337921,2.4356179237365723,-2.435533285140991,-3.860643148422241,0,3.5960874557495117
0.09295500069856644,0.10000002384185791,0.00000014254564462135022,0.0006923138862475753,0.0008804445387795568,0.00000344325394507905,-0.02466253936290741,10.951661109924316,10.951751708984375,-4.26547908782959,0,3.5960874557495117
0.09296000003814697,0.10000002384185791,0.00000014698272821078717,0.0006572520360350609,0.00088741653598845,0.000003309079374957946,-0.02683493122458458,22.196048736572266,22.196144104003906,-4.552937030792236,0,3.5960874557495117
0.09296499937772751,0.10000002384185791,0.0000001514904681698681,0.0006192133296281099,0.0009015470277518034,0.0000031633107937523164,-0.029153723269701004,30.172452926635742,30.172555923461914,-4.668289661407471,0,3.5960874557495117
0.09296999871730804,0.10000002384185791,0.00000015609424508511438,0.0005778988124802709,0.0009207554394379258,0.000003005654434673488,-0.03153126314282417,34.09550476074219,34.09561538696289,-4.573619842529297,0,3.5960874557495117
0.09297499805688858,0.10000002384185791,0.00000016080655029782065,0.0005331137217581272,0.0009424613090232015,0.0000028363515411911067,-0.03386059030890465,33.59893798828125,33.599056243896484,-4.2517523765563965,0,3.5960874557495117
0.09297999739646912,0.10000002384185791,0.00000016562580640311353,0.00048477380187250674,0.000963851111009717,0.0000026562215680314694,-0.036025989800691605,28.772119522094727,28.772241592407227,-3.7080609798431396,0,3.5960874557495117
0.09298499673604965,0.10000002384185791,0.00000017053665146704589,0.00043290798203088343,0.0009821680141612887,0.0000024666492208780255,-0.03791448846459389,20.149982452392578,20.15011215209961,-2.9699761867523193,0,3.5960874557495117
0.09298999607563019,0.10000002384185791,0.00000017551163011830795,0.000377657386707142,0.0009949958184733987,0.0000022695137431583134,-0.03942708298563957,8.657450675964355,8.657584190368652,-2.084235191345215,0,3.5960874557495117
0.09299499541521072,0.10000002384185791,0.0000001805141636168628,0.0003192709118593484,0.001000507385469973,0.0000020670709091064055,-0.04048857465386391,4.4859771728515625,-4.485839366912842,-1.112166166305542,0,3.5960874557495117
0.09299999475479126,0.10000002384185791,0.00000018550241520642885,0.00025809722137637436,0.0009976514847949147,0.0000018617959085531766,-0.041054997593164444,17.89168357849121,-17.891542434692383,-0.12348175793886185,0,3.5960874557495117
0.09299999475479126,0.10000002384185791,0.0000001904337239011511,0.0001945737167261541,0.0009862611768767238,0.0000016562064502068097,-0.04111788794398308,30.14457130432129,-30.14443016052246,0.8107756972312927,0,3.5960874557495117
