Timestamp,X Position,Y Position,X Velocity,Y Velocity,Rotation,Rotation Velocity,Data1,Data2,Data3,Data4,FPS
0.3349999785423279,0.09999995678663254,0,0,0,0,0,0,0,0,0,118.76484680175781
0.335004985332489,0.09999995678663254,0.000000004999999969612645,0,0.0010000000474974513,0,0,241.5919647216797,-27.5,1.375,0,19.597084045410156
0.33500999212265015,0.09999995678663254,0.00000000999999993922529,0,0.0010000000474974513,0.000000003501408718520338,0.0007002817583270371,233.4361572265625,-52.59278106689453,2.629638910293579,0,19.597084045410156
0.3350149989128113,0.09999995678663254,0.000000014999999464748726,0,0.0010000000474974513,0.000000013699136935940714,0.0020395456813275814,220.14634704589844,-73.09205627441406,3.6545352935791016,0,19.597084045410156
0.3350200057029724,0.09999995678663254,0.00000001999999987845058,0,0.0010000000474974513,0.000000033203061633457764,0.0039007849991321564,202.166748046875,-87.23271942138672,4.361239433288574,0,19.597084045410156
0.33502498269081116,0.09999995678663254,0.000000025000000292152436,0,0.0010000000474974513,0.00000006381279149536567,0.006121945567429066,180.0982666015625,-93.83167266845703,4.690236568450928,0,19.597084045410156
0.3350299894809723,0.09999995678663254,0.00000002999999892949745,0,0.0010000000474974513,0.000000106366101704225,0.00851066317409277,154.67848205566406,-92.39421081542969,4.6162519454956055,0,19.597084045410156
0.3350349962711334,0.09999995678663254,0.000000034999999343199306,0,0.0010000000474974513,0.00000016067460251179,0.01086170133203268,126.7776107788086,-82.64701843261719,4.124846458435059,0,19.597084045410156
0.33504000306129456,0.09999995678663254,0.00000003999999975690116,0,0.0010000000474974513,0.00000022548694289525884,0.012962468899786472,97.37259674072266,-66.44197082519531,3.307709217071533,0,19.597084045410156
0.3350449800491333,0.09999995678663254,0.000000045000000170603016,0,0.0010000000474974513,0.00000029872228424210334,0.014647071249783039,67.49300384521484,-45.18618392944336,2.234236001968384,0,19.597084045410156
0.33504998683929443,0.09999995678663254,0.00000005000000058430487,0,0.0010000000474974513,0.0000003776470691718714,0.015784958377480507,38.185054779052734,-20.715206146240234,0.9952875971794128,0,19.597084045410156
0.33505499362945557,0.09999995678663254,0.000000055000000998006726,0,0.0010000000474974513,0.0000004591063316183863,0.01629185490310192,10.47494125366211,4.218968391418457,-0.27229636907577515,0,19.597084045410156
0.3350600004196167,0.09999995678663254,0.0000000599999978589949,0,0.0010000000474974513,0.0000005398721896199277,0.016153177246451378,16.29677391052246,25.51291847229004,-1.3638378381729126,0,19.597084045410156
0.33506497740745544,0.09999995678663254,0.00000006499999471998308,0,0.0010000000474974513,0.0000006171650852593302,0.015458581037819386,40.426753997802734,44.41984939575195,-2.342125177383423,0,19.597084045410156
0.3350699841976166,0.09999995678663254,0.00000006999999158097125,0,0.0010000000474974513,0.0000006884937988616002,0.014265746809542179,59.94464111328125,58.85358428955078,-3.102545976638794,0,19.597084045410156
0.3350749909877777,0.09999995678663254,0.00000007499998844195943,0,0.0010000000474974513,0.0000007519219593632442,0.012685633264482021,74.19808197021484,67.72218322753906,-3.589731216430664,0,19.597084045410156
0.33507999777793884,0.09999995678663254,0.00000007999998530294761,0,0.0010000000474974513,0.0000008062089591476251,0.010857398621737957,82.71068572998047,70.4334945678711,-3.7728354930877686,0,19.597084045410156
0.3350850045681,0.09999995678663254,0.00000008499998216393578,0,0.0010000000474974513,0.0000008508885116498277,0.008935908786952496,85.1979751586914,66.9378433227539,-3.647714376449585,0,19.597084045410156
0.3350899815559387,0.09999995678663254,0.00000008999997902492396,0,0.0010000000474974513,0.0000008862792242325668,0.007078143302351236,81.57677459716797,57.72254943847656,-3.236736536026001,0,19.597084045410156
0.33509498834609985,0.09999995678663254,0.00000009499997588591214,0,0.0010000000474974513,0.0000009134276410804887,0.005429686978459358,71.96813201904297,43.759193420410156,-2.5862653255462646,0,19.597084045410156
0.335099995136261,0.09999995678663254,0.00000009999997274690031,0,0.0010000000474974513,0.0000009339901794191974,0.004112512804567814,56.69319534301758,26.40886878967285,-1.7620712518692017,0,19.597084045410156
0.3351050019264221,0.09999995678663254,0.00000010499996960788849,0,0.0010000000474974513,0.0000009500656688032905,0.0032150973565876484,36.26249313354492,7.294197082519531,-0.8430975079536438,0,19.597084045410156
0.33510997891426086,0.09999995678663254,0.00000010999996646887666,0,0.0010000000474974513,0.0000009639942391004297,0.0027857115492224693,11.358874320983887,-11.850112915039063,0.08584228903055191,0,19.597084045410156
0.335114985704422,0.09999995678663254,0.00000011499996332986484,0,0.0010000000474974513,0.0000009781414291865076,0.0028294306248426437,15.46679973602295,-30.19386863708496,0.9847354888916016,0,19.597084045410156
0.33511999249458313,0.09999995678663254,0.00000011999996729628037,0,0.0010000000474974513,0.0000009947962098522112,0.003330952487885952,43.54987716674805,-45.883277893066406,1.7618286609649658,0,19.597084045410156
0.33512499928474426,0.09999995678663254,0.0000001249999712626959,0,0.0010000000474974513,0.000001015937414194923,0.004228244535624981,73.04293060302734,-56.63606262207031,2.30322265625,0,19.597084045410156
0.3351300060749054,0.09999995678663254,0.00000012999997522911144,0,0.0010000000474974513,0.0000010429437224956928,0.005401265807449818,102.91329193115234,-61.60030746459961,2.5656936168670654,0,19.597084045410156
0.33513498306274414,0.09999995678663254,0.00000013499997919552698,0,0.0010000000474974513,0.0000010764834996734862,0.006707962602376938,132.11508178710938,-60.51596450805664,2.5349538326263428,0,19.597084045410156
0.3351399898529053,0.09999995678663254,0.0000001399999831619425,0,0.0010000000474974513,0.0000011164785291839507,0.007999003864824772,159.62583923339844,-53.72999572753906,2.2264726161956787,0,19.597084045410156
0.3351449966430664,0.09999995678663254,0.00000014499998712835804,0,0.0010000000474974513,0.00000116214323497843,0.009132937528192997,184.48226928710938,-42.152366638183594,1.6833831071853638,0,19.597084045410156
0.33515000343322754,0.09999995678663254,0.00000014999999109477358,0,0.0010000000474974513,0.0000012120946166760405,0.009990277700126171,205.8408660888672,-27.141117095947266,0.97100830078125,0,19.597084045410156
0.3351549804210663,0.09999995678663254,0.0000001549999950611891,0,0.0010000000474974513,0.000001264518687094096,0.010484808124601841,222.98779296875,-10.373628616333008,0.17050093412399292,0,19.597084045410156
0.3351599872112274,0.09999995678663254,0.00000015999999902760464,0,0.0010000000474974513,0.0000013173769275454106,0.010571642778813839,235.34991455078125,6.315577507019043,-0.6291469931602478,0,19.597084045410156
0.33516499400138855,0.09999995678663254,0.00000016500000299402018,0,0.0010000000474974513,0.0000013686329793927143,0.010251221247017384,242.51409912109375,21.119380950927734,-1.3401488065719604,0,19.597084045410156
0.3351700007915497,0.09999995678663254,0.0000001700000069604357,0,0.0010000000474974513,0.0000014164763797452906,0.009568688459694386,244.24087524414063,32.439090728759766,-1.884799838066101,0,19.597084045410156
0.3351749777793884,0.09999995678663254,0.00000017500001092685125,0,0.0010000000474974513,0.0000014595202628697734,0.008608768694102764,240.47256469726563,39.04436111450195,-2.2033212184906006,0,19.597084045410156
0.33517998456954956,0.09999995678663254,0.00000018000001489326678,0,0.0010000000474974513,0.0000014969533594921813,0.007486626040190458,231.33505249023438,40.19631576538086,-2.259899139404297,0,19.597084045410156
0.3351849913597107,0.09999995678663254,0.00000018500001885968231,0,0.0010000000474974513,0.0000015286317420759588,0.006335668731480837,217.1337890625,35.7220344543457,-2.046332359313965,0,19.597084045410156
0.3351899981498718,0.09999995678663254,0.00000019000002282609785,0,0.0010000000474974513,0.0000015550991747659282,0.005293480586260557,198.3433837890625,26.032962799072266,-1.582929253578186,0,19.597084045410156
0.33519500494003296,0.09999995678663254,0.00000019500002679251338,0,0.0010000000474974513,0.00000157753572693764,0.00448730168864131,175.59188842773438,12.085515975952148,-0.9165611267089844,0,19.597084045410156
0.3351999819278717,0.09999995678663254,0.00000020000003075892892,0,0.0010000000474974513,0.000001597638288330927,0.004020501393824816,149.6396942138672,-4.712435722351074,-0.1160607784986496,0,19.597084045410156
0.33520498871803284,0.09999995678663254,0.00000020500003472534445,0,0.0010000000474974513,0.0000016174452639461379,0.0039613922126591206,121.38284301757813,-22.622600555419922,0.7338466048240662,0,19.597084045410156
0.33520999550819397,0.09999995678663254,0.00000021000003869175998,0,0.0010000000474974513,0.0000016391209101129789,0.00433513754978776,91.81072235107422,-39.75648880004883,1.54134202003479,0,19.597084045410156
0.3352150022983551,0.09999995678663254,0.00000021500004265817552,0,0.0010000000474974513,0.0000016647215943521587,0.005120136309415102,61.95875549316406,-54.2730598449707,2.217148780822754,0,19.597084045410156
0.33521997928619385,0.09999995678663254,0.00000022000004662459105,0,0.0010000000474974513,0.0000016959681943262694,0.006249321158975363,32.8722038269043,-62.40766143798828,2.575784921646118,0,19.597084045410156
0.335224986076355,0.09999995678663254,0.00000022500005059100658,0,0.0010000000474974513,0.0000017337739564027288,0.007561157923191786,5.569493293762207,-65.48229217529297,2.685877799987793,0,19.597084045410156
0.3352299928665161,0.09999995678663254,0.00000023000005455742212,0,0.0010000000474974513,0.0000017784192323233583,0.008929064497351646,21.1037654876709,-64.52412414550781,2.6009256839752197,0,19.597084045410156
0.33523499965667725,0.09999995678663254,0.00000023500005852383765,0,0.0010000000474974513,0.0000018296877897228114,0.010253705084323883,44.429588317871094,-58.54334259033203,2.2730603218078613,0,19.597084045410156
0.335239976644516,0.09999995678663254,0.00000024000004827939847,0,0.0010000000474974513,0.000001886744598778023,0.011411365121603012,63.00954055786133,-47.61065673828125,1.7068337202072144,0,19.597084045410156
0.3352449834346771,0.09999995678663254,0.000000245000052245814,0,0.0010000000474974513,0.0000019481478830130072,0.012280648574233055,76.22261810302734,-32.576881408691406,0.945155680179596,0,19.597084045410156
0.33524999022483826,0.09999995678663254,0.00000025000005621222954,0,0.0010000000474974513,0.000002011958031289396,0.012762011960148811,83.62722778320313,-14.6941556930542,0.05036472529172897,0,19.597084045410156
0.3352549970149994,0.09999995678663254,0.00000025500006017864507,0,0.0010000000474974513,0.0000020758964183187345,0.01278766244649887,84.97587585449219,4.490968704223633,-0.901062548160553,0,19.597084045410156
0.3352600038051605,0.09999995678663254,0.0000002600000641450606,0,0.0010000000474974513,0.0000021375401502155,0.012328755110502243,80.22350311279297,23.27263832092285,-1.825170636177063,0,19.597084045410156
0.33526498079299927,0.09999995678663254,0.00000026500006811147614,0,0.0010000000474974513,0.0000021945361368125305,0.011399203911423683,69.52891540527344,39.93708801269531,-2.637967109680176,0,19.597084045410156
0.3352699875831604,0.09999995678663254,0.00000027000007207789167,0,0.0010000000474974513,0.000002244814595542266,0.010055698454380035,53.24958038330078,52.91679763793945,-3.262984037399292,0,19.597084045410156
0.33527499437332153,0.09999995678663254,0.0000002750000760443072,0,0.0010000000474974513,0.000002286783910676604,0.008393874391913414,31.929584503173828,60.93360137939453,-3.638282299041748,0,19.597084045410156
0.33528000116348267,0.09999995678663254,0.00000028000008001072274,0,0.0010000000474974513,0.000002319488430657657,0.006540912203490734,6.28149938583374,63.11776351928711,-3.7222578525543213,0,19.597084045410156
0.3352849781513214,0.09999995678663254,0.0000002850000839771383,0,0.0010000000474974513,0.0000023427144242305076,0.004645181819796562,20.55369758605957,58.38020324707031,-3.462127208709717,0,19.597084045410156
0.33528998494148254,0.09999995678663254,0.0000002900000879435538,0,0.0010000000474974513,0.000002357124003538047,0.002881934866309166,48.97589874267578,47.356346130371094,-2.8910210132598877,0,19.597084045410156
0.3352949917316437,0.09999995678663254,0.00000029500009190996934,0,0.0010000000474974513,0.0000023641716779820854,0.001409549848176539,78.61807250976563,30.57353973388672,-2.0362908840179443,0,19.597084045410156
0.3352999985218048,0.09999995678663254,0.0000003000000958763849,0,0.0010000000474974513,0.000002366034095757641,0.000372475478798151,108.4423599243164,9.426546096801758,-0.9682595729827881,0,19.597084045410156
0.33530500531196594,0.09999995678663254,0.0000003050000998428004,0,0.0010000000474974513,0.00000236543087339669,-0.00012065505143254995,137.40443420410156,-14.256782531738281,0.2214806079864502,0,19.597084045410156
0.3353099822998047,0.09999995678663254,0.00000031000010380921594,0,0.0010000000474974513,0.0000023653915377508383,-0.000007855906005715951,164.49024963378906,-38.02555465698242,1.4104158878326416,0,19.597084045410156
0.3353149890899658,0.09999995678663254,0.0000003150001077756315,0,0.0010000000474974513,0.000002368943796682288,0.0007104629185050726,188.75140380859375,-59.82212448120117,2.495837688446045,0,19.597084045410156
0.33531999588012695,0.09999995678663254,0.000000320000111742047,0,0.0010000000474974513,0.0000023788516045897268,0.0019815824925899506,209.37203979492188,-78.12351989746094,3.402130365371704,0,19.597084045410156
0.3353250026702881,0.09999995678663254,0.00000032500011570846254,0,0.0010000000474974513,0.000002397423031652579,0.0037142732180655003,225.66294860839844,-91.36241149902344,4.051583766937256,0,19.597084045410156
0.33532997965812683,0.09999995678663254,0.0000003300001196748781,0,0.0010000000474974513,0.0000024263117666123435,0.00577772781252861,237.0796356201172,-98.38407897949219,4.387137413024902,0,19.597084045410156
0.33533498644828796,0.09999995678663254,0.0000003350001236412936,0,0.0010000000474974513,0.0000024663720523676602,0.008012078702449799,243.24053955078125,-98.18766784667969,4.359376430511475,0,19.597084045410156
0.3353399932384491,0.09999995678663254,0.00000034000012760770915,0,0.0010000000474974513,0.000002517533403079142,0.010232290253043175,243.9397430419922,-90.73696899414063,3.9670181274414063,0,19.597084045410156
0.33534500002861023,0.09999995678663254,0.0000003450001315741247,0,0.0010000000474974513,0.000002578796738816891,0.012252675369381905,239.15390014648438,-76.65656280517578,3.2416958808898926,0,19.597084045410156
0.335349977016449,0.09999995678663254,0.0000003500001355405402,0,0.0010000000474974513,0.000002648315103215282,0.013903656974434853,229.04295349121094,-57.172367095947266,2.244980812072754,0,19.597084045410156
0.3353549838066101,0.09999995678663254,0.00000035500013950695575,0,0.0010000000474974513,0.0000027235500965616666,0.015047015622258186,213.94479370117188,-34.00078582763672,1.0628626346588135,0,19.597084045410156
0.33535999059677124,0.09999995678663254,0.0000003600001434733713,0,0.0010000000474974513,0.0000028014917461405275,0.015588326379656792,194.36410522460938,-9.192137718200684,-0.2020382285118103,0,19.597084045410156
0.3353649973869324,0.09999995678663254,0.0000003650001474397868,0,0.0010000000474974513,0.0000028789188490918605,0.015485428273677826,170.9552764892578,15.056967735290527,-1.4398009777069092,0,19.597084045410156
0.3353700041770935,0.09999995678663254,0.00000037000015140620235,0,0.0010000000474974513,0.0000029526795515266713,0.014752143993973732,144.5006866455078,36.60476303100586,-2.543200731277466,0,19.597084045410156
0.33537498116493225,0.09999995678663254,0.0000003750001553726179,0,0.0010000000474974513,0.0000030199639695638325,0.013456903398036957,115.9213638305664,53.5662841796875,-3.4177074432373047,0,19.597084045410156
0.3353799879550934,0.09999995678663254,0.0000003800001593390334,0,0.0010000000474974513,0.0000030785454327997286,0.01171628013253212,86.21797180175781,64.47712707519531,-3.9896903038024902,0,19.597084045410156
0.3353849947452545,0.09999995678663254,0.00000038500016330544895,0,0.0010000000474974513,0.0000031269671580957947,0.009684348478913307,56.4305419921875,68.42875671386719,-4.213138580322266,0,19.597084045410156
0.33539000153541565,0.09999995678663254,0.0000003900001672718645,0,0.0010000000474974513,0.000003164660256516072,0.007538614794611931,27.602073669433594,64.9863510131836,-4.065554618835449,0,19.597084045410156
0.3353949785232544,0.09999995678663254,0.00000039500017123828,0,0.0010000000474974513,0.000003192000576746068,0.005468045361340046,0.7419480681419373,54.29875183105469,-3.5534825325012207,0,19.597084045410156
0.3353999853134155,0.09999995678663254,0.00000040000017520469555,0,0.0010000000474974513,0.000003210291879440774,0.0036582716275006533,25.78815269470215,39.80066680908203,-2.847679853439331,0,19.597084045410156
0.33540499210357666,0.09999995678663254,0.0000004050001791711111,0,0.0010000000474974513,0.000003221331780878245,0.002207960234954953,48.27790069580078,21.340974807739258,-1.9396148920059204,0,19.597084045410156
0.3354099988937378,0.09999995678663254,0.0000004100001831375266,0,0.0010000000474974513,0.0000032274324439640623,0.0012201224453747272,65.8931655883789,0.4445343613624573,-0.9046509861946106,0,19.597084045410156
0.3354150056838989,0.09999995678663254,0.00000041500018710394215,0,0.0010000000474974513,0.000003231229356970289,0.0007593875634483993,78.04523468017578,-21.14896011352539,0.1709100753068924,0,19.597084045410156
0.33541998267173767,0.09999995678663254,0.0000004200001910703577,0,0.0010000000474974513,0.0000032354614631913137,0.0008464312995783985,84.32793426513672,-41.676700592041016,1.199319839477539,0,19.597084045410156
0.3354249894618988,0.09999995678663254,0.0000004250001950367732,0,0.0010000000474974513,0.000003242747652620892,0.00145723985042423,84.53128814697266,-59.503509521484375,2.098839282989502,0,19.597084045410156
0.33542999625205994,0.09999995678663254,0.00000043000019900318875,0,0.0010000000474974513,0.000003255378487665439,0.002526169875636697,78.64849090576172,-73.25962829589844,2.8005716800689697,0,19.597084045410156
0.33543500304222107,0.09999995678663254,0.0000004350002029696043,0,0.0010000000474974513,0.000003275140898040263,0.003952489234507084,66.87616729736328,-81.95365142822266,3.2540841102600098,0,19.597084045410156
0.3354399800300598,0.09999995678663254,0.0000004400002069360198,0,0.0010000000474974513,0.00000330318971464294,0.005609780550003052,49.607791900634766,-85.05091857910156,3.4313387870788574,0,19.597084045410156
0.33544498682022095,0.09999995678663254,0.00000044500021090243536,0,0.0010000000474974513,0.0000033399765015929006,0.007357346825301647,27.42050552368164,-82.51080322265625,3.3286070823669434,0,19.597084045410156
0.3354499936103821,0.09999995678663254,0.0000004500002148688509,0,0.0010000000474974513,0.0000033852395517897094,0.00905259232968092,1.0558643341064453,-74.78014373779297,2.966228485107422,0,19.597084045410156
0.3354550004005432,0.09999995678663254,0.0000004550002188352664,0,0.0010000000474974513,0.0000034380559554847423,0.010563279502093792,25.744455337524414,-61.49895095825195,2.3240175247192383,0,19.597084045410156
0.33545997738838196,0.09999995678663254,0.00000046000022280168196,0,0.0010000000474974513,0.0000034967904412042117,0.011746891774237156,54.472572326660156,-44.990684509277344,1.5159214735031128,0,19.597084045410156
0.3354649841785431,0.09999995678663254,0.0000004650002267680975,0,0.0010000000474974513,0.0000035593852771853562,0.012518944218754768,84.2281723022461,-26.952098846435547,0.6246753334999084,0,19.597084045410156
0.3354699909687042,0.09999995678663254,0.000000470000230734513,0,0.0010000000474974513,0.0000036235708193999017,0.012837089598178864,113.96941375732422,-9.22092056274414,-0.2596496343612671,0,19.597084045410156
0.33547499775886536,0.09999995678663254,0.00000047500023470092856,0,0.0010000000474974513,0.000003687095158966258,0.012704851105809212,142.65492248535156,6.479545593261719,-1.0520139932632446,0,19.597084045410156
0.3354800045490265,0.09999995678663254,0.0000004800002102456347,0,0.0010000000474974513,0.0000037479405818885425,0.012169064953923225,169.2802734375,18.676822662353516,-1.679342269897461,0,19.597084045410156
0.33548498153686523,0.09999995678663254,0.0000004850002142120502,0,0.0010000000474974513,0.0000038045095607230905,0.011313783004879951,192.9158477783203,26.275001525878906,-2.086838483810425,0,19.597084045410156
0.33548998832702637,0.09999995678663254,0.0000004900002181784657,0,0.0010000000474974513,0.000003855764589388855,0.010250965133309364,212.77169799804688,28.634702682495117,-2.2421090602874756,0,19.597084045410156
0.3354949951171875,0.09999995678663254,0.0000004950002221448813,0,0.0010000000474974513,0.000003901309810316889,0.009109068661928177,228.1841583251953,25.65365982055664,-2.139010190963745,0,19.597084045410156
0.33550000190734863,0.09999995678663254,0.0000005000002261112968,0,0.0010000000474974513,0.000003941408067476004,0.00801968015730381,238.63809204101563,17.770145416259766,-1.797864556312561,0,19.597084045410156
0.3355049788951874,0.09999995678663254,0.0000005050002300777123,0,0.0010000000474974513,0.000003976928383053746,0.007104035466909409,243.7841796875,5.913466453552246,-1.263073444366455,0,19.597084045410156
0.3355099856853485,0.09999995678663254,0.0000005100002340441279,0,0.0010000000474974513,0.000004009232270618668,0.006460756994783878,243.45033264160156,-8.593429565429688,-0.5983726978302002,0,19.597084045410156
0.33551499247550964,0.09999995678663254,0.0000005150002380105434,0,0.0010000000474974513,0.000004040012299810769,0.006156008690595627,237.64776611328125,-24.169523239135742,0.11979420483112335,0,19.597084045410156
0.3355199992656708,0.09999995678663254,0.0000005200002419769589,0,0.0010000000474974513,0.000004071097464475315,0.006217019632458687,226.57037353515625,-39.13615798950195,0.8101280927658081,0,19.597084045410156
0.3355250060558319,0.09999995678663254,0.0000005250002459433745,0,0.0010000000474974513,0.000004104245363123482,0.006629614159464836,210.5884246826172,-51.88660430908203,1.3947795629501343,0,19.597084045410156
0.33552998304367065,0.09999995678663254,0.00000053000024990979,0,0.0010000000474974513,0.000004140945293329423,0.007339969277381897,190.23605346679688,-61.048095703125,1.807286262512207,0,19.597084045410156
0.3355349898338318,0.09999995678663254,0.0000005350002538762055,0,0.0010000000474974513,0.0000041822472667263355,0.008260412141680717,166.19349670410156,-65.6206283569336,1.9993704557418823,0,19.597084045410156
0.3355399966239929,0.09999995678663254,0.0000005400002578426211,0,0.0010000000474974513,0.000004228640591463773,0.009278682991862297,139.2666015625,-65.0802230834961,1.9459819793701172,0,19.597084045410156
0.33554500341415405,0.09999995678663254,0.0000005450002618090366,0,0.0010000000474974513,0.0000042799892980838194,0.010269762948155403,110.39818572998047,-59.424983978271484,1.6475967168807983,0,19.597084045410156
0.3355499804019928,0.09999995678663254,0.0000005500002657754521,0,0.0010000000474974513,0.000004335533503763145,0.011108877137303352,80.59905242919922,-49.1932487487793,1.1309870481491089,0,19.597084045410156
0.33555498719215393,0.09999995678663254,0.0000005550002697418677,0,0.0010000000474974513,0.000004393958079162985,0.011684883385896683,50.91260528564453,-36.20072555541992,0.48610296845436096,0,19.597084045410156
0.33555999398231506,0.09999995678663254,0.0000005600002737082832,0,0.0010000000474974513,0.000004453620476851938,0.011932453140616417,22.378273010253906,-23.25801658630371,-0.14797428250312805,0,19.597084045410156
0.3355650007724762,0.09999995678663254,0.0000005650002776746987,0,0.0010000000474974513,0.000004512905888987007,0.011857090517878532,4.449832916259766,-9.251871109008789,-0.8288518190383911,0,19.597084045410156
0.33556997776031494,0.09999995678663254,0.0000005700002816411143,0,0.0010000000474974513,0.000004570080818666611,0.01143495924770832,30.354822158813477,5.315614223480225,-1.5337187051773071,0,19.597084045410156
0.3355749845504761,0.09999995678663254,0.0000005750002856075298,0,0.0010000000474974513,0.000004623349923349451,0.010653842240571976,51.984432220458984,17.733531951904297,-2.129504442214966,0,19.597084045410156
0.3355799913406372,0.09999995678663254,0.0000005800002895739453,0,0.0010000000474974513,0.0000046711966206203215,0.00956929475069046,68.61572265625,26.70700454711914,-2.5539400577545166,0,19.597084045410156
0.33558499813079834,0.09999995678663254,0.0000005850002935403609,0,0.0010000000474974513,0.0000047125395212788135,0.008268583565950394,79.6928482055664,31.237640380859375,-2.7594072818756104,0,19.597084045410156
0.3355900049209595,0.09999995678663254,0.0000005900002975067764,0,0.0010000000474974513,0.000004746855665871408,0.006863228976726532,84.84557342529297,30.721214294433594,-2.7176673412323,0,19.597084045410156
0.3355949819087982,0.09999995678663254,0.0000005950003014731919,0,0.0010000000474974513,0.000004774251465278212,0.005479132756590843,83.9017105102539,25.010210037231445,-2.422863483428955,0,19.597084045410156
0.33559998869895935,0.09999995678663254,0.0000006000003054396075,0,0.0010000000474974513,0.000004795477252628189,0.004245178773999214,76.89278411865234,14.435259819030762,-1.8925082683563232,0,19.597084045410156
0.3356049954891205,0.09999995678663254,0.000000605000309406023,0,0.0010000000474974513,0.000004811884082300821,0.0032813320867717266,64.05304718017578,-0.21688731014728546,-1.166340947151184,0,19.597084045410156
0.3356100022792816,0.09999995678663254,0.0000006100003133724385,0,0.0010000000474974513,0.000004825320502277464,0.0026873196475207806,45.8116569519043,-17.767166137695313,-0.30314376950263977,0,19.597084045410156
0.33561497926712036,0.09999995678663254,0.0000006150003173388541,0,0.0010000000474974513,0.000004837985215999652,0.0025329296477138996,22.77827262878418,-36.74446487426758,0.6242240071296692,0,19.597084045410156
0.3356199860572815,0.09999995678663254,0.0000006200003213052696,0,0.0010000000474974513,0.000004852239271713188,0.0028508445248007774,3.849536895751953,-55.727394104003906,1.545827031135559,0,19.597084045410156
0.3356249928474426,0.09999995678663254,0.0000006250003252716851,0,0.0010000000474974513,0.000004870430075243348,0.0036381278187036514,30.99949073791504,-74.12447357177734,2.433549642562866,0,19.597084045410156
0.33562999963760376,0.09999995678663254,0.0000006300003292381007,0,0.0010000000474974513,0.0000048948177209240384,0.004877524450421333,59.998775482177734,-88.82144927978516,3.1333439350128174,0,19.597084045410156
0.3356349766254425,0.09999995678663254,0.0000006350003332045162,0,0.0010000000474974513,0.0000049271843636233825,0.006473323330283165,89.83200073242188,-98.13817596435547,3.5629777908325195,0,19.597084045410156
0.33563998341560364,0.09999995678663254,0.0000006400003371709317,0,0.0010000000474974513,0.000004968624125467613,0.008287932723760605,119.45460510253906,-101.05970764160156,3.6733992099761963,0,19.597084045410156
0.33564499020576477,0.09999995678663254,0.0000006450003411373473,0,0.0010000000474974513,0.000005019418040319579,0.010158779099583626,147.82936096191406,-97.16007232666016,3.4448089599609375,0,19.597084045410156
0.3356499969959259,0.09999995678663254,0.0000006500003451037628,0,0.0010000000474974513,0.000005078984031570144,0.011913206428289413,173.9627685546875,-86.65131378173828,2.8890180587768555,0,19.597084045410156
0.33565500378608704,0.09999995678663254,0.0000006550003490701783,0,0.0010000000474974513,0.0000051459069254633505,0.013384571298956871,196.94984436035156,-70.37837219238281,2.0490870475769043,0,19.597084045410156
0.3356599807739258,0.09999995678663254,0.0000006600003530365939,0,0.0010000000474974513,0.000005218047590460628,0.014428162947297096,216.02230834960938,-49.757286071777344,0.9961356520652771,0,19.597084045410156
0.3356649875640869,0.09999995678663254,0.0000006650003570030094,0,0.0010000000474974513,0.000005292724836181151,0.014935489743947983,231.31285095214844,-24.780685424804688,-0.2666780352592468,0,19.597084045410156
0.33566999435424805,0.09999995678663254,0.0000006700003609694249,0,0.0010000000474974513,0.0000053667231441068,0.014799671247601509,242.55381774902344,2.365100383758545,-1.6299628019332886,0,19.597084045410156
0.3356750011444092,0.09999995678663254,0.0000006750003649358405,0,0.0010000000474974513,0.000005436570972960908,0.013969538733363152,249.54837036132813,29.303855895996094,-2.9748764038085938,0,19.597084045410156
0.3356799781322479,0.09999995678663254,0.000000680000368902256,0,0.0010000000474974513,0.000005498843165696599,0.012454446405172348,252.17404174804688,53.677494049072266,-4.1835246086120605,0,19.597084045410156
0.33568498492240906,0.09999995678663254,0.0000006850003728686715,0,0.0010000000474974513,0.000005550461992243072,0.010323794558644295,250.3849334716797,73.35246276855469,-5.149283409118652,0,19.597084045410156
0.3356899917125702,0.09999995678663254,0.0000006900003768350871,0,0.0010000000474974513,0.000005588968633674085,0.007701285649091005,244.21231079101563,86.60650634765625,-5.786135673522949,0,19.597084045410156
0.3356949985027313,0.09999995678663254,0.0000006950003808015026,0,0.0010000000474974513,0.000005612741006189026,0.004754431080073118,233.7642364501953,91.86090087890625,-6.015282154083252,0,19.597084045410156
0.33570000529289246,0.09999995678663254,0.0000007000003847679181,0,0.0010000000474974513,0.000005621195214189356,0.0016908730613067746,219.22364807128906,88.9002456665039,-5.8261308670043945,0,19.597084045410156
0.3357049822807312,0.09999995678663254,0.0000007050003887343337,0,0.0010000000474974513,0.0000056148132898670156,-0.001276350929401815,200.84512329101563,78.65191650390625,-5.265268802642822,0,19.597084045410156
0.33570998907089233,0.09999995678663254,0.0000007100003927007492,0,0.0010000000474974513,0.000005595023594651138,-0.0039579300209879875,178.95034790039063,61.61707305908203,-4.358011245727539,0,19.597084045410156
0.33571499586105347,0.09999995678663254,0.0000007150003966671648,0,0.0010000000474974513,0.000005564136245084228,-0.0061774468049407005,153.9227294921875,39.18857192993164,-3.174294948577881,0,19.597084045410156
0.3357200026512146,0.09999995678663254,0.0000007200004006335803,0,0.0010000000474974513,0.000005525165761355311,-0.007794101722538471,126.20034790039063,13.329691886901855,-1.812614917755127,0,19.597084045410156
0.33572497963905334,0.09999995678663254,0.0000007250004045999958,0,0.0010000000474974513,0.000005481579592014896,-0.008717258460819721,96.2685775756836,-13.696001052856445,-0.3865135908126831,0,19.597084045410156
0.3357299864292145,0.09999995678663254,0.0000007300004085664114,0,0.0010000000474974513,0.000005437008894659812,-0.008914108388125896,64.7116470336914,-39.52769470214844,0.985534131526947,0,19.597084045410156
0.3357349932193756,0.09999995678663254,0.0000007350004125328269,0,0.0010000000474974513,0.00000539494794793427,-0.008412179537117481,32.13224411010742,-61.91064453125,2.1903157234191895,0,19.597084045410156
0.33574000000953674,0.09999995678663254,0.0000007400004164992424,0,0.0010000000474974513,0.000005358464477467351,-0.007296661380678415,0.9415535926818848,-75.72984313964844,2.9715607166290283,0,19.597084045410156
0.3357449769973755,0.09999995678663254,0.000000745000420465658,0,0.0010000000474974513,0.000005329548002919182,-0.00578325754031539,37.33198165893555,-85.17131805419922,3.5380072593688965,0,19.597084045410156
0.3357499837875366,0.09999995678663254,0.0000007500004244320735,0,0.0010000000474974513,0.000005309640982886776,-0.003981365356594324,72.8316879272461,-87.87620544433594,3.771104335784912,0,19.597084045410156
0.33575499057769775,0.09999995678663254,0.000000755000428398489,0,0.0010000000474974513,0.000005299337317410391,-0.002060757949948311,106.8191909790039,-83.64476013183594,3.6602165699005127,0,19.597084045410156
0.3357599973678589,0.09999995678663254,0.0000007600004323649046,0,0.0010000000474974513,0.000005298354153637774,-0.0001966250129044056,138.69944763183594,-72.8318099975586,3.222399950027466,0,19.597084045410156
0.33576500415802,0.09999995678663254,0.0000007650004363313201,0,0.0010000000474974513,0.000005305576905811904,0.0014445297420024872,167.9143524169922,-56.31821060180664,2.5009820461273193,0,19.597084045410156
0.33576998114585876,0.09999995678663254,0.0000007700004402977356,0,0.0010000000474974513,0.000005319168394635199,0.002718269359320402,193.9524383544922,-35.44027328491211,1.5620402097702026,0,19.597084045410156
0.3357749879360199,0.09999995678663254,0.0000007750004442641512,0,0.0010000000474974513,0.000005336737558536697,0.003513809759169817,216.3578338623047,-11.88278865814209,0.489062637090683,0,19.597084045410156
0.33577999472618103,0.09999995678663254,0.0000007800004482305667,0,0.0010000000474974513,0.000005355551820684923,0.0037628873251378536,234.73826599121094,12.455764770507813,-0.6237821578979492,0,19.597084045410156
0.33578500151634216,0.09999995678663254,0.0000007850004521969822,0,0.0010000000474974513,0.000005372777650336502,0.0034451978281140327,248.77200317382813,35.615142822265625,-1.6792293787002563,0,19.597084045410156
0.3357899785041809,0.09999995678663254,0.0000007900004561633978,0,0.0010000000474974513,0.000005385727490647696,0.002589973621070385,258.2133483886719,55.730140686035156,-2.5847480297088623,0,19.597084045410156
0.33579498529434204,0.09999995678663254,0.0000007950004601298133,0,0.0010000000474974513,0.000005392095317802159,0.0012735722120851278,262.8969421386719,71.1798324584961,-3.2599918842315674,0,19.597084045410156
0.3357999920845032,0.09999995678663254,0.0000008000004640962288,0,0.0010000000474974513,0.00000539016173206619,-0.00038672785740345716,262.74090576171875,80.7172622680664,-3.643275499343872,0,19.597084045410156
0.3358049988746643,0.09999995678663254,0.0000008050004680626444,0,0.0010000000474974513,0.000005378950390877435,-0.002242232672870159,257.74786376953125,83.56925201416016,-3.696553945541382,0,19.597084045410156
0.33581000566482544,0.09999995678663254,0.0000008100004720290599,0,0.0010000000474974513,0.000005358326234272681,-0.004124871920794249,248.0052947998047,79.4983139038086,-3.408515691757202,0,19.597084045410156
0.3358149826526642,0.09999995678663254,0.0000008150004759954754,0,0.0010000000474974513,0.0000053290223149815574,-0.005860814359039068,233.68374633789063,68.82178497314453,-2.795530319213867,0,19.597084045410156
0.3358199894428253,0.09999995678663254,0.000000820000479961891,0,0.0010000000474974513,0.000005292599325912306,-0.007284566294401884,215.033935546875,52.38657760620117,-1.9003857374191284,0,19.597084045410156
0.33582499623298645,0.09999995678663254,0.0000008250004839283065,0,0.0010000000474974513,0.000005251337370282272,-0.008252425119280815,192.38238525390625,31.501609802246094,-0.7889084815979004,0,19.597084045410156
0.3358300030231476,0.09999995678663254,0.000000830000487894722,0,0.0010000000474974513,0.000005208066340856021,-0.008654212579131126,166.1256561279297,7.838160514831543,0.45505809783935547,0,19.597084045410156
0.33583498001098633,0.09999995678663254,0.0000008350004918611376,0,0.0010000000474974513,0.000005165954007679829,-0.008422452956438065,136.723388671875,-16.69980239868164,1.736167311668396,0,19.597084045410156
0.33583998680114746,0.09999995678663254,0.0000008400004958275531,0,0.0010000000474974513,0.000005128262728248956,-0.007538230624049902,104.69036102294922,-40.13621520996094,2.9555234909057617,0,19.597084045410156
0.3358449935913086,0.09999995678663254,0.0000008450004997939686,0,0.0010000000474974513,0.000005098097972222604,-0.006032994948327541,70.58736419677734,-60.58057403564453,4.018560886383057,0,19.597084045410156
0.3358500003814697,0.09999995678663254,0.0000008500005037603842,0,0.0010000000474974513,0.00000507816639583325,-0.003986358642578125,35.01144027709961,-76.37882995605469,4.842588424682617,0,19.597084045410156
0.33585497736930847,0.09999995678663254,0.0000008550005077267997,0,0.0010000000474974513,0.000005070566203357885,-0.001520048826932907,1.2731108665466309,-86.31621551513672,5.366920471191406,0,19.597084045410156
0.3358599841594696,0.09999995678663254,0.0000008600005116932152,0,0.0010000000474974513,0.00000507663253301871,0.0012133014388382435,34.24563217163086,-89.7430191040039,5.559168815612793,0,19.597084045410156
0.33586499094963074,0.09999995678663254,0.0000008650005156596308,0,0.0010000000474974513,0.000005096855147712631,0.004044562578201294,66.77753448486328,-85.4112777709961,5.357066631317139,0,19.597084045410156
0.33586999773979187,0.09999995678663254,0.0000008700005196260463,0,0.0010000000474974513,0.000005130719728185795,0.006772894412279129,98.24750518798828,-73.66851806640625,4.778154373168945,0,19.597084045410156
0.335875004529953,0.09999995678663254,0.0000008750005235924618,0,0.0010000000474974513,0.000005176751528779278,0.009206388145685196,128.0545196533203,-55.51204299926758,3.872483968734741,0,19.597084045410156
0.33587998151779175,0.09999995678663254,0.0000008800005275588774,0,0.0010000000474974513,0.000005232644525676733,0.011178627610206604,155.6196746826172,-32.496307373046875,2.7180309295654297,0,19.597084045410156
0.3358849883079529,0.09999995678663254,0.0000008850005315252929,0,0.0010000000474974513,0.000005295459232002031,0.012562910094857216,180.46038818359375,-6.636002540588379,1.4155502319335938,0,19.597084045410156
0.335889995098114,0.09999995678663254,0.0000008900005354917084,0,0.0010000000474974513,0.000005361878265830455,0.01328384317457676,202.1417694091797,19.80518341064453,0.0782756507396698,0,19.597084045410156
0.33589500188827515,0.09999995678663254,0.000000895000539458124,0,0.0010000000474974513,0.000005428496933745919,0.01332370936870575,220.28427124023438,44.51272201538086,-1.1779851913452148,0,19.597084045410156
0.3358999788761139,0.09999995678663254,0.0000009000005434245395,0,0.0010000000474974513,0.000005492115633387584,0.012723766267299652,234.57025146484375,64.64077758789063,-2.210829734802246,0,19.597084045410156
0.335904985666275,0.09999995678663254,0.000000905000547390955,0,0.0010000000474974513,0.000005550104560825275,0.011597799137234688,244.74954223632813,78.98153686523438,-2.9597272872924805,0,19.597084045410156
0.33590999245643616,0.09999995678663254,0.0000009100005513573706,0,0.0010000000474974513,0.000005600556505669374,0.010090421885251999,250.64404296875,86.7990951538086,-3.3877134323120117,0,19.597084045410156
0.3359149992465973,0.09999995678663254,0.0000009150005553237861,0,0.0010000000474974513,0.0000056423818932671566,0.008365074172616005,252.1505126953125,87.44021606445313,-3.4619293212890625,0,19.597084045410156
0.3359200060367584,0.09999995678663254,0.0000009200005592902016,0,0.0010000000474974513,0.000005675391548720654,0.006601927801966667,249.24253845214844,80.42723083496094,-3.1582679748535156,0,19.597084045410156
0.33592498302459717,0.09999995678663254,0.0000009250005632566172,0,0.0010000000474974513,0.000005700358542526374,0.0049934349954128265,241.97109985351563,66.37403106689453,-2.5071752071380615,0,19.597084045410156
0.3359299898147583,0.09999995678663254,0.0000009300005672230327,0,0.0010000000474974513,0.000005718941338272998,0.0037165414541959763,230.46340942382813,46.510772705078125,-1.5698845386505127,0,19.597084045410156
0.33593499660491943,0.09999995678663254,0.0000009350005711894482,0,0.0010000000474974513,0.00000573352645005798,0.002917005680501461,214.92103576660156,22.57617950439453,-0.43303602933883667,0,19.597084045410156
0.33594000339508057,0.09999995678663254,0.0000009400005751558638,0,0.0010000000474974513,0.0000057470087995170616,0.0026964624412357807,195.61599731445313,-3.334620952606201,0.7989318370819092,0,19.597084045410156
0.3359449803829193,0.09999995678663254,0.0000009450005791222793,0,0.0010000000474974513,0.0000057625256886240095,0.0031033549457788467,172.88633728027344,-28.953519821166992,2.0129506587982178,0,19.597084045410156
0.33594998717308044,0.09999995678663254,0.0000009500005830886948,0,0.0010000000474974513,0.00000578316848987015,0.004128542263060808,147.1299285888672,-52.037960052490234,3.097247362136841,0,19.597084045410156
0.3359549939632416,0.09999995678663254,0.0000009550005870551104,0,0.0010000000474974513,0.000005811698429170065,0.005705957766622305,118.79769134521484,-70.56725311279297,3.9511590003967285,0,19.597084045410156
0.3359600007534027,0.09999995678663254,0.000000960000534178107,0,0.0010000000474974513,0.000005850289653608343,0.007718266453593969,88.38567352294922,-82.91942596435547,4.493971824645996,0,19.597084045410156
0.33596497774124146,0.09999995678663254,0.0000009650004813011037,0,0.0010000000474974513,0.0000059003245951316785,0.01000702753663063,56.49903869628906,-87.97693634033203,4.670480251312256,0,19.597084045410156
0.3359699845314026,0.09999995678663254,0.0000009700004284241004,0,0.0010000000474974513,0.000005962252998870099,0.012385683134198189,23.746782302856445,-84.86482238769531,4.437600135803223,0,19.597084045410156
0.3359749913215637,0.09999995678663254,0.000000975000375547097,0,0.0010000000474974513,0.000006035481874278048,0.014645734801888466,10.272867202758789,-74.23199462890625,3.828427314758301,0,19.597084045410156
0.33597999811172485,0.09999995678663254,0.0000009800003226700937,0,0.0010000000474974513,0.000006118459623394301,0.016595536842942238,46.514060974121094,-58.891902923583984,2.9842660427093506,0,19.597084045410156
0.335985004901886,0.09999995678663254,0.0000009850002697930904,0,0.0010000000474974513,0.000006209036655491218,0.018115410581231117,81.70379638671875,-38.72190475463867,1.8995944261550903,0,19.597084045410156
0.33598998188972473,0.09999995678663254,0.000000990000216916087,0,0.0010000000474974513,0.000006304450835159514,0.019082864746451378,115.22600555419922,-15.305121421813965,0.6541554927825928,0,19.597084045410156
0.33599498867988586,0.09999995678663254,0.0000009950001640390838,0,0.0010000000474974513,0.000006401530754374107,0.019416024908423424,146.49378967285156,9.515159606933594,-0.6593227386474609,0,19.597084045410156
0.335999995470047,0.09999995678663254,0.0000010000001111620804,0,0.0010000000474974513,0.000006496931746369228,0.019080234691500664,174.95977783203125,33.78256607055664,-1.9424805641174316,0,19.597084045410156
0.33600500226020813,0.09999995678663254,0.000001005000058285077,0,0.0010000000474974513,0.000006587386451428756,0.01809093914926052,200.12562561035156,55.58381271362305,-3.099135160446167,0,19.597084045410156
0.3360099792480469,0.09999995678663254,0.0000010100000054080738,0,0.0010000000474974513,0.000006669949470961001,0.016512563452124596,221.5507049560547,73.20140075683594,-4.04291296005249,0,19.597084045410156
0.336014986038208,0.09999995678663254,0.0000010149999525310704,0,0.0010000000474974513,0.000006742217010469176,0.014453524723649025,238.8599395751953,85.25068664550781,-4.704104423522949,0,19.597084045410156
0.33601999282836914,0.09999995678663254,0.0000010199998996540671,0,0.0010000000474974513,0.0000068025055952603,0.012057743966579437,251.7503204345703,90.79039001464844,-5.035186290740967,0,19.597084045410156
0.3360249996185303,0.09999995678663254,0.0000010249998467770638,0,0.0010000000474974513,0.000006849972123745829,0.009493345394730568,259.99615478515625,89.39764404296875,-5.014579772949219,0,19.597084045410156
0.3360300064086914,0.09999995678663254,0.0000010299997939000605,0,0.0010000000474974513,0.000006884669346618466,0.006939440965652466,263.4530944824219,81.20164489746094,-4.6483306884765625,0,19.597084045410156
0.33603498339653015,0.09999995678663254,0.0000010349997410230571,0,0.0010000000474974513,0.000006907529495947529,0.00457206554710865,262.06060791015625,66.87203979492188,-3.9695451259613037,0,19.597084045410156
0.3360399901866913,0.09999995678663254,0.0000010399996881460538,0,0.0010000000474974513,0.000006920281521161087,0.0025503928773105145,255.8430633544922,47.54803466796875,-3.0349936485290527,0,19.597084045410156
0.3360449969768524,0.09999995678663254,0.0000010449996352690505,0,0.0010000000474974513,0.00000692530511514633,0.001004683319479227,244.9093475341797,24.76243782043457,-1.9211887121200562,0,19.597084045410156
0.33605000376701355,0.09999995678663254,0.0000010499995823920472,0,0.0010000000474974513,0.000006925436082383385,0.00002623000182211399,229.4508514404297,0.3197677731513977,-0.7182944416999817,0,19.597084045410156
0.3360549807548523,0.09999995678663254,0.0000010549995295150438,0,0.0010000000474974513,0.000006923738055775175,-0.0003395943494979292,209.7382049560547,-23.847190856933594,0.47704988718032837,0,19.597084045410156
0.3360599875450134,0.09999995678663254,0.0000010599994766380405,0,0.0010000000474974513,0.0000069232546593411826,-0.00009663485252531245,186.11654663085938,-45.83098220825195,1.5694096088409424,0,19.597084045410156
0.33606499433517456,0.09999995678663254,0.0000010649994237610372,0,0.0010000000474974513,0.000006926768037374131,0.0007026589009910822,158.99937438964844,-63.9009895324707,2.4721333980560303,0,19.597084045410156
0.3360700011253357,0.09999995678663254,0.0000010699993708840339,0,0.0010000000474974513,0.0000069365764829854015,0.0019617059733718634,128.86148071289063,-76.64082336425781,3.1142263412475586,0,19.597084045410156
0.33607497811317444,0.09999995678663254,0.0000010749993180070305,0,0.0010000000474974513,0.000006954315267648781,0.0035477683413773775,96.23046875,-83.06066131591797,3.445970058441162,0,19.597084045410156
0.33607998490333557,0.09999995678663254,0.0000010799992651300272,0,0.0010000000474974513,0.000006980829311942216,0.005302786361426115,61.6776237487793,-82.67559814453125,3.4428460597991943,0,19.597084045410156
0.3360849916934967,0.09999995678663254,0.0000010849992122530239,0,0.0010000000474974513,0.0000070161104304133914,0.007056213449686766,25.807844161987305,-75.54376983642578,3.1074464321136475,0,19.597084045410156
0.33608999848365784,0.09999995678663254,0.0000010899991593760205,0,0.0010000000474974513,0.000007059304607537342,0.008638822473585606,9.675792694091797,-62.25226974487305,2.468775510787964,0,19.597084045410156
0.33609500527381897,0.09999995678663254,0.0000010949991064990172,0,0.0010000000474974513,0.0000071087852120399475,0.00989616010338068,42.607269287109375,-42.07122802734375,1.4899595975875854,0,19.597084045410156
0.3360999822616577,0.09999995678663254,0.0000010999990536220139,0,0.0010000000474974513,0.0000071620602284383494,0.010654990561306477,74.93843078613281,-18.118492126464844,0.32648879289627075,0,19.597084045410156
0.33610498905181885,0.09999995678663254,0.0000011049990007450106,0,0.0010000000474974513,0.000007216166522994172,0.010821270756423473,106.05179595947266,7.0214738845825195,-0.8928338289260864,0,19.597084045410156
0.33610999584198,0.09999995678663254,0.0000011099989478680072,0,0.0010000000474974513,0.000007267999080795562,0.010366554372012615,135.35313415527344,31.384716033935547,-2.070239305496216,0,19.597084045410156
0.3361150026321411,0.09999995678663254,0.000001114998894991004,0,0.0010000000474974513,0.000007314560207305476,0.009312191046774387,162.28482055664063,53.118797302246094,-3.1135289669036865,0,19.597084045410156
0.33611997961997986,0.09999995678663254,0.0000011199988421140006,0,0.0010000000474974513,0.000007353192813752685,0.007726483978331089,186.3754119873047,70.46797943115234,-3.9351460933685303,0,19.597084045410156
0.336124986410141,0.09999995678663254,0.0000011249987892369973,0,0.0010000000474974513,0.000007381804607575759,0.005722330883145332,207.20309448242188,81.91145324707031,-4.459293365478516,0,19.597084045410156
0.3361299932003021,0.09999995678663254,0.000001129998736359994,0,0.0010000000474974513,0.000007399060905299848,0.0034512318670749664,224.40325927734375,86.18478393554688,-4.623003959655762,0,19.597084045410156
0.33613499999046326,0.09999995678663254,0.0000011349986834829906,0,0.0010000000474974513,0.000007404544703604188,0.001096755382604897,237.67478942871094,82.9139175415039,-4.407839775085449,0,19.597084045410156
0.336139976978302,0.09999995678663254,0.0000011399986306059873,0,0.0010000000474974513,0.000007398803973046597,-0.0011481387773528695,246.78536987304688,72.3851547241211,-3.8283908367156982,0,19.597084045410156
0.33614498376846313,0.09999995678663254,0.000001144998577728984,0,0.0010000000474974513,0.000007383314368780702,-0.0030979220755398273,251.575439453125,55.5201530456543,-2.9310197830200195,0,19.597084045410156
0.33614999055862427,0.09999995678663254,0.0000011499985248519806,0,0.0010000000474974513,0.000007360360996244708,-0.0045906780287623405,251.96116638183594,33.79518127441406,-1.7898280620574951,0,19.597084045410156
0.3361549973487854,0.09999995678663254,0.0000011549984719749773,0,0.0010000000474974513,0.000007332849691010779,-0.005502229556441307,247.93580627441406,9.111940383911133,-0.5001920461654663,0,19.597084045410156
0.33616000413894653,0.09999995678663254,0.000001159998419097974,0,0.0010000000474974513,0.0000073040646384470165,-0.0057569751515984535,239.56982421875,-16.368913650512695,0.8295612931251526,0,19.597084045410156
0.3361649811267853,0.09999995678663254,0.0000011649983662209706,0,0.0010000000474974513,0.000007277392342075473,-0.0053344834595918655,227.00965881347656,-40.41691207885742,2.0876128673553467,0,19.597084045410156
0.3361699879169464,0.09999995678663254,0.0000011699983133439673,0,0.0010000000474974513,0.000007256036042235792,-0.004271270707249641,210.47523498535156,-60.927005767822266,3.168415069580078,0,19.597084045410156
0.33617499470710754,0.09999995678663254,0.000001174998260466964,0,0.0010000000474974513,0.000007242747869895538,-0.0026576099917292595,190.2560272216797,-76.10383605957031,3.9819061756134033,0,19.597084045410156
0.3361800014972687,0.09999995678663254,0.0000011799982075899607,0,0.0010000000474974513,0.000007239599653985351,-0.0006296418141573668,166.7059783935547,-84.61888885498047,4.461371898651123,0,19.597084045410156
0.3361849784851074,0.09999995678663254,0.0000011849981547129573,0,0.0010000000474974513,0.000007247812391142361,0.001642516115680337,140.23741149902344,-85.72681427001953,4.569257736206055,0,19.597084045410156
0.33618998527526855,0.09999995678663254,0.000001189998101835954,0,0.0010000000474974513,0.0000072676602940191515,0.003969619981944561,111.3136978149414,-79.33061981201172,4.300436973571777,0,19.597084045410156
0.3361949920654297,0.09999995678663254,0.0000011949980489589507,0,0.0010000000474974513,0.00000729845942259999,0.006159814074635506,80.47748565673828,-66.00516510009766,3.6832685470581055,0,19.597084045410156
0.3361999988555908,0.09999995678663254,0.0000011999979960819473,0,0.0010000000474974513,0.000007338637715292862,0.008035687729716301,48.31766128540039,-46.93362045288086,2.7765233516693115,0,19.597084045410156
0.33620500564575195,0.09999995678663254,0.000001204997943204944,0,0.0010000000474974513,0.000007385886419797316,0.009449759498238564,15.448463439941406,-24.729228973388672,1.7104792594909668,0,19.597084045410156
0.3362099826335907,0.09999995678663254,0.0000012099978903279407,0,0.0010000000474974513,0.000007437490694428561,0.01032090000808239,19.44706153869629,-2.6541786193847656,0.6478702425956726,0,19.597084045410156
0.33621498942375183,0.09999995678663254,0.0000012149978374509374,0,0.0010000000474974513,0.000007490744792448822,0.010650858283042908,55.481502532958984,20.411535263061523,-0.467661589384079,0,19.597084045410156
0.33621999621391296,0.09999995678663254,0.000001219997784573934,0,0.0010000000474974513,0.000007542808361904463,0.010412679985165596,90.30748748779297,41.758235931396484,-1.5009652376174927,0,19.597084045410156
0.3362250030040741,0.09999995678663254,0.0000012249977316969307,0,0.0010000000474974513,0.0000075910497798759025,0.009648244827985764,123.3153076171875,59.67283630371094,-2.3666868209838867,0,19.597084045410156
0.33622997999191284,0.09999995678663254,0.0000012299976788199274,0,0.0010000000474974513,0.000007633264431206044,0.008442901074886322,153.9271240234375,72.717529296875,-2.993196725845337,0,19.597084045410156
0.336234986782074,0.09999995678663254,0.000001234997625942924,0,0.0010000000474974513,0.000007667857062187977,0.006918478757143021,181.6070098876953,79.84475708007813,-3.3283329010009766,0,19.597084045410156
0.3362399935722351,0.09999995678663254,0.0000012399975730659207,0,0.0010000000474974513,0.000007693974112044089,0.0052233729511499405,205.87039184570313,80.48097229003906,-3.343583822250366,0,19.597084045410156
0.33624500036239624,0.09999995678663254,0.0000012449975201889174,0,0.0010000000474974513,0.000007711576472502202,0.0035204999148845673,226.29246520996094,74.57252502441406,-3.03637957572937,0,19.597084045410156
0.336249977350235,0.09999995678663254,0.000001249997467311914,0,0.0010000000474974513,0.000007721447218500543,0.0019740844145417213,242.5156707763672,62.58997344970703,-2.4303078651428223,0,19.597084045410156
0.3362549841403961,0.09999995678663254,0.0000012549974144349108,0,0.0010000000474974513,0.00000772512885305332,0.00073633884312585,254.2560272216797,45.490482330322266,-1.5732332468032837,0,19.597084045410156
0.33625999093055725,0.09999995678663254,0.0000012599973615579074,0,0.0010000000474974513,0.000007724804163444787,-0.00006490218220278621,261.3080139160156,24.6413631439209,-0.533477783203125,0,19.597084045410156
0.3362649977207184,0.09999995678663254,0.000001264997308680904,0,0.0010000000474974513,0.000007723121598246507,-0.0003366001765243709,263.5481262207031,1.710791826248169,0.6056394577026367,0,19.597084045410156
0.3362700045108795,0.09999995678663254,0.0000012699972558039008,0,0.0010000000474974513,0.000007722980626567733,-0.000028150563593953848,260.9371643066406,-21.46550941467285,1.7524631023406982,0,19.597084045410156
0.33627498149871826,0.09999995678663254,0.0000012749972029268974,0,0.0010000000474974513,0.000007727302545390557,0.0008643715409561992,253.52085876464844,-43.03099822998047,2.8143320083618164,0,19.597084045410156
0.3362799882888794,0.09999995678663254,0.0000012799971500498941,0,0.0010000000474974513,0.000007738791282463353,0.002297698985785246,241.42898559570313,-61.25670623779297,3.704990863800049,0,19.597084045410156
0.3362849950790405,0.09999995678663254,0.0000012849970971728908,0,0.0010000000474974513,0.00000775971420807764,0.004184635356068611,224.87332153320313,-74.67945098876953,4.351497650146484,0,19.597084045410156
0.33629000186920166,0.09999995678663254,0.0000012899970442958875,0,0.0010000000474974513,0.000007791718417138327,0.006400834769010544,204.1436309814453,-82.21882629394531,4.700064659118652,0,19.597084045410156
0.3362949788570404,0.09999995678663254,0.0000012949969914188841,0,0.0010000000474974513,0.000007835691576474346,0.008794558234512806,179.60289001464844,-83.2635726928711,4.72037410736084,0,19.597084045410156
0.33629998564720154,0.09999995678663254,0.0000012999969385418808,0,0.0010000000474974513,0.000007891684617788997,0.011198624968528748,151.6807098388672,-77.72052764892578,4.408019542694092,0,19.597084045410156
0.33630499243736267,0.09999995678663254,0.0000013049968856648775,0,0.0010000000474974513,0.000007958902642712928,0.013443611562252045,120.86592864990234,-66.02212524414063,3.7848827838897705,0,19.597084045410156
0.3363099992275238,0.09999995678663254,0.0000013099968327878742,0,0.0010000000474974513,0.000008035758582991548,0.015371236950159073,87.6980209350586,-49.09192657470703,2.8974058628082275,0,19.597084045410156
0.33631500601768494,0.09999995678663254,0.0000013149967799108708,0,0.0010000000474974513,0.000008119993253785651,0.016846872866153717,52.75764846801758,-28.27090072631836,1.8129067420959473,0,19.597084045410156
0.3363199830055237,0.09999995678663254,0.0000013199967270338675,0,0.0010000000474974513,0.000008208844519685954,0.017770178616046906,16.656532287597656,-5.210370063781738,0.6142287254333496,0,19.597084045410156
0.3363249897956848,0.09999995678663254,0.0000013249966741568642,0,0.0010000000474974513,0.000008299259206978604,0.018083002418279648,17.975982666015625,19.258544921875,-0.6567860841751099,0,19.597084045410156
0.33632999658584595,0.09999995678663254,0.0000013299966212798608,0,0.0010000000474974513,0.000008388001333514694,0.017748504877090454,50.81294631958008,43.02117919921875,-1.8941054344177246,0,19.597084045410156
0.3363350033760071,0.09999995678663254,0.0000013349965684028575,0,0.0010000000474974513,0.000008471920409647282,0.01678384467959404,82.89285278320313,63.32524108886719,-2.959800958633423,0,19.597084045410156
0.3363399803638458,0.09999995678663254,0.0000013399965155258542,0,0.0010000000474974513,0.000008548302503186278,0.015276431106030941,113.60302734375,78.17222595214844,-3.753615617752075,0,19.597084045410156
0.33634498715400696,0.09999995678663254,0.0000013449964626488509,0,0.0010000000474974513,0.00000861512580740964,0.013364730402827263,142.35694885253906,86.1963119506836,-4.206956386566162,0,19.597084045410156
0.3363499939441681,0.09999995678663254,0.0000013499964097718475,0,0.0010000000474974513,0.00000867123617354082,0.011222144588828087,168.61863708496094,86.67517852783203,-4.2835822105407715,0,19.597084045410156
0.3363550007343292,0.09999995678663254,0.0000013549963568948442,0,0.0010000000474974513,0.000008716438969713636,0.009040534496307373,191.92831420898438,79.56690979003906,-3.9811177253723145,0,19.597084045410156
0.33635997772216797,0.09999995678663254,0.0000013599963040178409,0,0.0010000000474974513,0.00000875150362844579,0.0070129684172570705,211.8778839111328,65.49374389648438,-3.3303935527801514,0,19.597084045410156
0.3363649845123291,0.09999995678663254,0.0000013649962511408376,0,0.0010000000474974513,0.00000877808724908391,0.005316813010722399,228.11813354492188,45.68757247924805,-2.392723321914673,0,19.597084045410156
0.33636999130249023,0.09999995678663254,0.0000013699961982638342,0,0.0010000000474974513,0.000008798578164714854,0.004098209086805582,240.36465454101563,21.882129669189453,-1.2545150518417358,0,19.597084045410156
0.33637499809265137,0.09999995678663254,0.000001374996145386831,0,0.0010000000474974513,0.000008815874934953172,0.0034592896699905396,248.40313720703125,-3.8387691974639893,-0.019682683050632477,0,19.597084045410156
0.3363800048828125,0.09999995678663254,0.0000013799960925098276,0,0.0010000000474974513,0.000008833121682982892,0.003449265379458666,252.0927734375,-29.22364044189453,1.1994709968566895,0,19.597084045410156
0.33638498187065125,0.09999995678663254,0.0000013849960396328242,0,0.0010000000474974513,0.000008853422514221165,0.004060151055455208,251.3690185546875,-52.050411224365234,2.2921078205108643,0,19.597084045410156
0.3363899886608124,0.09999995678663254,0.000001389995986755821,0,0.0010000000474974513,0.000008879560482455418,0.005227511748671532,246.24456787109375,-70.32093811035156,3.1585795879364014,0,19.597084045410156
0.3363949954509735,0.09999995678663254,0.0000013949959338788176,0,0.0010000000474974513,0.000008913741112337448,0.006836162880063057,236.80909729003906,-82.43589782714844,3.7191693782806396,0,19.597084045410156
0.33640000224113464,0.09999995678663254,0.0000013999958810018143,0,0.0010000000474974513,0.00000895739231054904,0.008730320259928703,223.227783203125,-87.3348159790039,3.9210927486419678,0,19.597084045410156
0.3364049792289734,0.09999995678663254,0.000001404995828124811,0,0.0010000000474974513,0.000009011028851091396,0.01072731614112854,205.73843383789063,-84.5888671875,3.7431375980377197,0,19.597084045410156
0.3364099860191345,0.09999995678663254,0.0000014099957752478076,0,0.0010000000474974513,0.000009074196896108333,0.012633681297302246,184.64720153808594,-74.43840789794922,3.1975362300872803,0,19.597084045410156
0.33641499280929565,0.09999995678663254,0.0000014149957223708043,0,0.0010000000474974513,0.000009145507647190243,0.01426217332482338,160.3233184814453,-57.77196502685547,2.328917980194092,0,19.597084045410156
0.3364199995994568,0.09999995678663254,0.000001419995669493801,0,0.0010000000474974513,0.000009222749213222414,0.015448281541466713,133.19268798828125,-36.04843521118164,1.2104142904281616,0,19.597084045410156
0.3364250063896179,0.09999995678663254,0.0000014249956166167976,0,0.0010000000474974513,0.000009303073056798894,0.016064738854765892,103.73020935058594,-11.169393539428711,-0.06272418051958084,0,19.597084045410156
0.33642998337745667,0.09999995678663254,0.0000014299955637397943,0,0.0010000000474974513,0.000009383236829307862,0.01603279449045658,72.50005340576172,14.689787864685059,-1.3815556764602661,0,19.597084045410156
0.3364349901676178,0.09999995678663254,0.000001434995510862791,0,0.0010000000474974513,0.000009459882676310372,0.015329173766076565,40.0986442565918,39.07659149169922,-2.6233062744140625,0,19.597084045410156
0.33643999695777893,0.09999995678663254,0.0000014399954579857877,0,0.0010000000474974513,0.00000952984828472836,0.013993135653436184,7.144809722900391,56.483524322509766,-3.512474775314331,0,19.597084045410156
0.33644500374794006,0.09999995678663254,0.0000014449954051087843,0,0.0010000000474974513,0.000009590869922249112,0.012204247526824474,28.59119987487793,70.83521270751953,-4.245181560516357,0,19.597084045410156
0.3364499807357788,0.09999995678663254,0.000001449995352231781,0,0.0010000000474974513,0.000009641081305744592,0.010042194277048111,64.3833999633789,79.95465850830078,-4.712480068206787,0,19.597084045410156
0.33645498752593994,0.09999995678663254,0.0000014549952993547777,0,0.0010000000474974513,0.000009679291906650178,0.007642148062586784,98.81133270263672,82.72223663330078,-4.858304500579834,0,19.597084045410156
0.3364599943161011,0.09999995678663254,0.0000014599952464777743,0,0.0010000000474974513,0.000009705130651127547,0.005167834460735321,131.2722625732422,78.92198944091797,-4.671781063079834,0,19.597084045410156
0.3364650011062622,0.09999995678663254,0.000001464995193600771,0,0.0010000000474974513,0.000009719073204905726,0.0027885157614946365,161.1978759765625,68.86189270019531,-4.168243885040283,0,19.597084045410156
0.33646997809410095,0.09999995678663254,0.0000014699951407237677,0,0.0010000000474974513,0.000009722401046019513,0.0006656467448920012,188.0642547607422,53.34922790527344,-3.3880035877227783,0,19.597084045410156
0.3364749848842621,0.09999995678663254,0.0000014749950878467644,0,0.0010000000474974513,0.000009717101420392282,-0.0010598492808640003,211.401123046875,33.62606430053711,-2.393125295639038,0,19.597084045410156
0.3364799916744232,0.09999995678663254,0.000001479995034969761,0,0.0010000000474974513,0.000009705708180263173,-0.002278657862916589,230.79983520507813,11.269980430603027,-1.262466549873352,0,19.597084045410156
0.33648499846458435,0.09999995678663254,0.0000014849949820927577,0,0.0010000000474974513,0.000009691099876363296,-0.0029216266702860594,245.9208221435547,-11.931997299194336,-0.08538049459457397,0,19.597084045410156
0.3364900052547455,0.09999995678663254,0.0000014899949292157544,0,0.0010000000474974513,0.000009676274203229696,-0.0029651105869561434,256.4993591308594,-34.12619400024414,1.0454200506210327,0,19.597084045410156
0.33649498224258423,0.09999995678663254,0.000001494994876338751,0,0.0010000000474974513,0.000009664110621088184,-0.002432682551443577,262.3502197265625,-53.5403938293457,2.0412631034851074,0,19.597084045410156
0.33649998903274536,0.09999995678663254,0.0000014999948234617477,0,0.0010000000474974513,0.000009657144801167306,-0.0013930757995694876,263.37103271484375,-68.6254653930664,2.8245930671691895,0,19.597084045410156
0.3365049958229065,0.09999995678663254,0.0000015049947705847444,0,0.0010000000474974513,0.000009657372174842749,0.000045477645471692085,259.5438537597656,-78.17908477783203,3.335156202316284,0,19.597084045410156
0.3365100026130676,0.09999995678663254,0.000001509994717707741,0,0.0010000000474974513,0.000009666092410043348,0.0017440586816519499,250.9357147216797,-81.44181823730469,3.5347988605499268,0,19.597084045410156
0.33651497960090637,0.09999995678663254,0.0000015149946648307377,0,0.0010000000474974513,0.000009683813914307393,0.0035443168599158525,237.6973419189453,-78.15772247314453,3.4104998111724854,0,19.597084045410156
0.3365199863910675,0.09999995678663254,0.0000015199946119537344,0,0.0010000000474974513,0.000009710220183478668,0.005281270015984774,220.0605010986328,-68.59475708007813,2.9753894805908203,0,19.597084045410156
0.33652499318122864,0.09999995678663254,0.000001524994559076731,0,0.0010000000474974513,0.000009744203453010414,0.0067966231144964695,198.3339385986328,-53.5233154296875,2.267681837081909,0,19.597084045410156
0.33652999997138977,0.09999995678663254,0.0000015299945061997278,0,0.0010000000474974513,0.000009783961104403716,0.007951543666422367,172.89801025390625,-34.15456771850586,1.347593069076538,0,19.597084045410156
0.3365349769592285,0.09999995678663254,0.0000015349944533227244,0,0.0010000000474974513,0.000009827150279306807,0.00863786693662405,144.19802856445313,-12.043609619140625,0.2925066351890564,0,19.597084045410156
0.33653998374938965,0.09999995678663254,0.0000015399944004457211,0,0.0010000000474974513,0.00000987108433037065,0.008786839433014393,112.73646545410156,11.034903526306152,-0.8092383742332458,0,19.597084045410156
0.3365449905395508,0.09999995678663254,0.0000015449943475687178,0,0.0010000000474974513,0.000009912957466440275,0.008374697528779507,79.06412506103516,33.22865676879883,-1.8654346466064453,0,19.597084045410156
0.3365499973297119,0.09999995678663254,0.0000015499942946917145,0,0.0010000000474974513,0.000009950080311682541,0.007424639072269201,43.77048110961914,52.75578689575195,-2.7874038219451904,0,19.597084045410156
0.33655500411987305,0.09999995678663254,0.0000015549942418147111,0,0.0010000000474974513,0.00000998010546027217,0.006005025934427977,7.4734392166137695,68.0473861694336,-3.4971139430999756,0,19.597084045410156
0.3365599811077118,0.09999995678663254,0.0000015599941889377078,0,0.0010000000474974513,0.00001000122483674204,0.00422396045178175,26.27237892150879,79.25244903564453,-4.002419948577881,0,19.597084045410156
0.3365649878978729,0.09999995678663254,0.0000015649941360607045,0,0.0010000000474974513,0.000010012152415583842,0.002185544930398464,58.98248291015625,83.05416870117188,-4.1378703117370605,0,19.597084045410156
0.33656999468803406,0.09999995678663254,0.0000015699940831837012,0,0.0010000000474974513,0.000010012543498305604,0.00007814494892954826,90.77951049804688,79.5126724243164,-3.9067916870117188,0,19.597084045410156
0.3365750014781952,0.09999995678663254,0.0000015749940303066978,0,0.0010000000474974513,0.000010002985618484672,-0.0019115677569061518,121.05618286132813,68.96891021728516,-3.3262839317321777,0,19.597084045410156
0.33657997846603394,0.09999995678663254,0.0000015799939774296945,0,0.0010000000474974513,0.00000998495761450613,-0.003605630248785019,149.2135009765625,52.387939453125,-2.4445643424987793,0,19.597084045410156
0.33658498525619507,0.09999995678663254,0.0000015849939245526912,0,0.0010000000474974513,0.00000996070411929395,-0.00485063623636961,174.758544921875,31.221179962158203,-1.3344829082489014,0,19.597084045410156
0.3365899920463562,0.09999995678663254,0.0000015899938716756878,0,0.0010000000474974513,0.000009933052751875948,-0.0055302828550338745,197.24407958984375,7.321470737457275,-0.0889555811882019,0,19.597084045410156
0.33659499883651733,0.09999995678663254,0.0000015949938187986845,0,0.0010000000474974513,0.000009905174920277204,-0.005575587972998619,216.2764434814453,-17.21912956237793,1.1871459484100342,0,19.597084045410156
0.33660000562667847,0.09999995678663254,0.0000015999937659216812,0,0.0010000000474974513,0.000009880320249067154,-0.004970979876816273,231.52244567871094,-40.25244140625,2.386152505874634,0,19.597084045410156
0.3366049826145172,0.09999995678663254,0.0000016049937130446779,0,0.0010000000474974513,0.000009861541911959648,-0.0037557221949100494,242.7152099609375,-59.76224899291992,3.4070024490356445,0,19.597084045410156
0.33660998940467834,0.09999995678663254,0.0000016099936601676745,0,0.0010000000474974513,0.000009851439244812354,-0.002020549960434437,249.65870666503906,-74.0407485961914,4.164064884185791,0,19.597084045410156
0.3366149961948395,0.09999995678663254,0.0000016149936072906712,0,0.0010000000474974513,0.000009851940376393031,0.00010019075125455856,252.23146057128906,-81.83807373046875,4.594616889953613,0,19.597084045410156
0.3366200029850006,0.09999995678663254,0.0000016199935544136679,0,0.0010000000474974513,0.000009864141247817315,0.0024402097333222628,250.38833618164063,-82.47168731689453,4.6643171310424805,0,19.597084045410156
0.33662497997283936,0.09999995678663254,0.0000016249935015366646,0,0.0010000000474974513,0.000009888220120046753,0.004815726540982723,244.1616668701172,-75.88612365722656,4.3701887130737305,0,19.597084045410156
0.3366299867630005,0.09999995678663254,0.0000016299934486596612,0,0.0010000000474974513,0.000009923427569447085,0.007041445001959801,233.66046142578125,-62.65784454345703,3.7408699989318848,0,19.597084045410156
0.3366349935531616,0.09999995678663254,0.000001634993395782658,0,0.0010000000474974513,0.000009968161066353787,0.008946653455495834,219.0685272216797,-43.944793701171875,2.834087371826172,0,19.597084045410156
0.33664000034332275,0.09999995678663254,0.0000016399933429056546,0,0.0010000000474974513,0.000010020111403719056,0.010390041396021843,200.64137268066406,-21.385025024414063,1.7315902709960938,0,19.597084045410156
0.3366449773311615,0.09999995678663254,0.0000016449932900286512,0,0.0010000000474974513,0.000010076470971398521,0.01127193309366703,178.7015838623047,3.046691417694092,0.531981885433197,0,19.597084045410156
0.33664998412132263,0.09999995678663254,0.000001649993237151648,0,0.0010000000474974513,0.000010134185686183628,0.011542869731783867,153.6332550048828,27.21171760559082,-0.6579223871231079,0,19.597084045410156
0.33665499091148376,0.09999995678663254,0.0000016549931842746446,0,0.0010000000474974513,0.000010190224202233367,0.011207792907953262,125.8752670288086,48.9947624206543,-1.7324554920196533,0,19.597084045410156
0.3366599977016449,0.09999995678663254,0.0000016599931313976413,0,0.0010000000474974513,0.000010241851668979507,0.010325459763407707,95.91355895996094,66.48904418945313,-2.596355438232422,0,19.597084045410156
0.33666500449180603,0.09999995678663254,0.000001664993078520638,0,0.0010000000474974513,0.000010286867109243758,0.00900314748287201,64.33342742919922,78.15792846679688,-3.1728880405426025,0,19.597084045410156
0.3366699814796448,0.09999995678663254,0.0000016699930256436346,0,0.0010000000474974513,0.00001032380350807216,0.007387209217995405,31.738033294677734,82.97740173339844,-3.4109091758728027,0,19.597084045410156
0.3366749882698059,0.09999995678663254,0.0000016749929727666313,0,0.0010000000474974513,0.000010352053323003929,0.005650047678500414,1.3890355825424194,79.03077697753906,-3.2145960330963135,0,19.597084045410156
0.33667999505996704,0.09999995678663254,0.000001679992919889628,0,0.0010000000474974513,0.000010372117685619742,0.004012867342680693,37.7811393737793,70.50979614257813,-2.7935032844543457,0,19.597084045410156
0.3366850018501282,0.09999995678663254,0.0000016849928670126246,0,0.0010000000474974513,0.000010385067980678286,0.002590147778391838,73.27471923828125,56.38047790527344,-2.0958547592163086,0,19.597084045410156
0.3366899788379669,0.09999995678663254,0.0000016899928141356213,0,0.0010000000474974513,0.000010392681360826828,0.0015227376716211438,107.24836730957031,37.775779724121094,-1.178180456161499,0,19.597084045410156
0.33669498562812805,0.09999995678663254,0.000001694992761258618,0,0.0010000000474974513,0.000010397295227448922,0.0009226953843608499,139.1073455810547,16.186891555786133,-0.11488370597362518,0,19.597084045410156
0.3366999924182892,0.09999995678663254,0.0000016999927083816146,0,0.0010000000474974513,0.000010401616236777045,0.0008641856256872416,168.29383850097656,-6.655935764312744,1.0077104568481445,0,19.597084045410156
0.3367049992084503,0.09999995678663254,0.0000017049926555046113,0,0.0010000000474974513,0.00001040850293065887,0.001377408392727375,194.29690551757813,-28.921720504760742,2.098266839981079,0,19.597084045410156
0.33671000599861145,0.09999995678663254,0.000001709992602627608,0,0.0010000000474974513,0.00001042073290591361,0.0024460467975586653,216.6613006591797,-48.82510757446289,3.0677506923675537,0,19.597084045410156
0.3367149829864502,0.09999995678663254,0.0000017149925497506047,0,0.0010000000474974513,0.00001044077544065658,0.004008439369499683,234.9955291748047,-64.76910400390625,3.8365583419799805,0,19.597084045410156
0.33671998977661133,0.09999995678663254,0.0000017199924968736013,0,0.0010000000474974513,0.000010470587767485995,0.005962382070720196,248.9785614013672,-75.47274780273438,4.340893268585205,0,19.597084045410156
0.33672499656677246,0.09999995678663254,0.000001724992443996598,0,0.0010000000474974513,0.000010511454092920758,0.008173180744051933,258.36566162109375,-80.07353973388672,4.537883758544922,0,19.597084045410156
0.3367300033569336,0.09999995678663254,0.0000017299923911195947,0,0.0010000000474974513,0.000010563875548541546,0.010484306141734123,262.9924011230469,-78.19642639160156,4.409027576446533,0,19.597084045410156
0.33673498034477234,0.09999995678663254,0.0000017349923382425914,0,0.0010000000474974513,0.00001062752471625572,0.012729804962873459,262.7778625488281,-69.98384094238281,3.9616892337799072,0,19.597084045410156
0.33673998713493347,0.09999995678663254,0.000001739992285365588,0,0.0010000000474974513,0.000010701261999201961,0.01474747620522976,257.72576904296875,-56.084388732910156,3.2285351753234863,0,19.597084045410156
0.3367449939250946,0.09999995678663254,0.0000017449922324885847,0,0.0010000000474974513,0.000010783221114252228,0.016391756013035774,247.9245147705078,-37.601097106933594,2.264944314956665,0,19.597084045410156
0.33675000071525574,0.09999995678663254,0.0000017499921796115814,0,0.0010000000474974513,0.000010870947335206438,0.01754528097808361,233.54580688476563,-16.003328323364258,1.1446069478988647,0,19.597084045410156
0.3367549777030945,0.09999995678663254,0.000001754992126734578,0,0.0010000000474974513,0.00001096158848667983,0.018128225579857826,214.84129333496094,6.990576267242432,-0.04634261876344681,0,19.597084045410156
0.3367599844932556,0.09999995678663254,0.0000017599920738575747,0,0.0010000000474974513,0.000011052111403841991,0.01810462214052677,192.1384735107422,29.550525665283203,-1.2161834239959717,0,19.597084045410156
0.33676499128341675,0.09999995678663254,0.0000017649920209805714,0,0.0010000000474974513,0.000011139537491544615,0.017485225573182106,165.83474731445313,49.880859375,-2.274913787841797,0,19.597084045410156
0.3367699980735779,0.09999995678663254,0.000001769991968103568,0,0.0010000000474974513,0.000011221171007491648,0.016326623037457466,136.39065551757813,66.36377716064453,-3.1414191722869873,0,19.597084045410156
0.336775004863739,0.09999995678663254,0.0000017749919152265647,0,0.0010000000474974513,0.000011294804608041886,0.014726711437106133,104.3216552734375,77.68855285644531,-3.7499313354492188,0,19.597084045410156
0.33677998185157776,0.09999995678663254,0.0000017799918623495614,0,0.0010000000474974513,0.00001135888942371821,0.012816887348890305,70.1892318725586,82.95620727539063,-4.055257797241211,0,19.597084045410156
0.3367849886417389,0.09999995678663254,0.000001784991809472558,0,0.0010000000474974513,0.000011412646927055903,0.01075156219303608,34.590904235839844,81.75127410888672,-4.036372184753418,0,19.597084045410156
0.3367899954319,0.09999995678663254,0.0000017899917565955548,0,0.0010000000474974513,0.00001145612623076886,0.008695855736732483,1.6650975942611694,74.26744079589844,-3.702694892883301,0,19.597084045410156
0.33679500222206116,0.09999995678663254,0.0000017949917037185514,0,0.0010000000474974513,0.000011490176802908536,0.006810088641941547,34.643585205078125,59.56122970581055,-3.0069804191589355,0,19.597084045410156
0.3367999792098999,0.09999995678663254,0.0000017999916508415481,0,0.0010000000474974513,0.000011516570339153986,0.0052786460146307945,67.17381286621094,39.73801803588867,-2.0545294284820557,0,19.597084045410156
0.33680498600006104,0.09999995678663254,0.0000018049915979645448,0,0.0010000000474974513,0.000011537731552380137,0.004232282750308514,98.6344985961914,16.501392364501953,-0.9305559396743774,0,19.597084045410156
0.33680999279022217,0.09999995678663254,0.0000018099915450875415,0,0.0010000000474974513,0.00001155652353190817,0.0037583543453365564,128.4247589111328,-7.880368709564209,0.2514949142932892,0,19.597084045410156
0.3368149995803833,0.09999995678663254,0.0000018149914922105381,0,0.0010000000474974513,0.00001157595579570625,0.0038864396046847105,155.96669006347656,-31.18938446044922,1.380664587020874,0,19.597084045410156
0.33682000637054443,0.09999995678663254,0.0000018199914393335348,0,0.0010000000474974513,0.000011598904166021384,0.004589606076478958,180.77813720703125,-51.86473083496094,2.3790996074676514,0,19.597084045410156
0.3368249833583832,0.09999995678663254,0.0000018249913864565315,0,0.0010000000474974513,0.000011627910680545028,0.0058012716472148895,202.42466735839844,-68.23698425292969,3.16351580619812,0,19.597084045410156
0.3368299901485443,0.09999995678663254,0.0000018299913335795281,0,0.0010000000474974513,0.000011664972589642275,0.007412437349557877,220.52731323242188,-78.95048522949219,3.666311502456665,0,19.597084045410156
0.33683499693870544,0.09999995678663254,0.0000018349912807025248,0,0.0010000000474974513,0.000011711371371347923,0.009279673919081688,234.7692108154297,-82.7530288696289,3.82505202293396,0,19.597084045410156
0.3368400037288666,0.09999995678663254,0.0000018399912278255215,0,0.0010000000474974513,0.000011767509931814857,0.01122775673866272,244.90097045898438,-79.311767578125,3.623260021209717,0,19.597084045410156
0.3368449807167053,0.09999995678663254,0.0000018449911749485182,0,0.0010000000474974513,0.000011832875316031277,0.013073068112134933,250.74525451660156,-68.92793273925781,3.0761559009552,0,19.597084045410156
0.33684998750686646,0.09999995678663254,0.0000018499911220715148,0,0.0010000000474974513,0.000011906074178114068,0.01463974080979824,252.19970703125,-52.51047897338867,2.229334592819214,0,19.597084045410156
0.3368549942970276,0.09999995678663254,0.0000018549910691945115,0,0.0010000000474974513,0.000011984950106125325,0.015775131061673164,249.23892211914063,-31.496505737304688,1.1547892093658447,0,19.597084045410156
0.3368600010871887,0.09999995678663254,0.0000018599910163175082,0,0.0010000000474974513,0.000012066766430507414,0.01636326126754284,241.91468811035156,-7.725471496582031,-0.05538058280944824,0,19.597084045410156
0.33686497807502747,0.09999995678663254,0.0000018649909634405049,0,0.0010000000474974513,0.000012148441783210728,0.016335057094693184,230.35523986816406,16.72181510925293,-1.2970200777053833,0,19.597084045410156
0.3368699848651886,0.09999995678663254,0.0000018699909105635015,0,0.0010000000474974513,0.000012226813851157203,0.015674488618969917,214.762939453125,39.70535659790039,-2.463027000427246,0,19.597084045410156
0.33687499165534973,0.09999995678663254,0.0000018749908576864982,0,0.0010000000474974513,0.000012298914043640252,0.014420079067349434,195.41078186035156,59.213279724121094,-3.452718496322632,0,19.597084045410156
0.33687999844551086,0.09999995678663254,0.0000018799908048094949,0,0.0010000000474974513,0.000012362222150841262,0.012661624699831009,172.6375732421875,73.5379638671875,-4.180637359619141,0,19.597084045410156
0.336885005235672,0.09999995678663254,0.0000018849907519324915,0,0.0010000000474974513,0.00001241488462255802,0.010532444342970848,146.84197998046875,81.42549133300781,-4.584026336669922,0,19.597084045410156
0.33688998222351074,0.09999995678663254,0.0000018899906990554882,0,0.0010000000474974513,0.000012455873729777522,0.00819781981408596,118.47561645507813,82.1854248046875,-4.628314971923828,0,19.597084045410156
0.3368949890136719,0.09999995678663254,0.000001894990646178485,0,0.0010000000474974513,0.00001248507669515675,0.005840638652443886,88.03507995605469,75.75125122070313,-4.310144901275635,0,19.597084045410156
0.336899995803833,0.09999995678663254,0.0000018999905933014816,0,0.0010000000474974513,0.00001250330387847498,0.0036455001682043076,56.12659454345703,62.68433380126953,-3.657578945159912,0,19.597084045410156
0.33690500259399414,0.09999995678663254,0.0000019049905404244782,0,0.0010000000474974513,0.000012512217836047057,0.0017827106639742851,23.359519958496094,44.128177642822266,-2.7277910709381104,0,19.597084045410156
0.3369099795818329,0.09999995678663254,0.000001909990487547475,0,0.0010000000474974513,0.000012514185073086992,0.00039345811819657683,10.711440086364746,24.7769718170166,-1.7554941177368164,0,19.597084045410156
0.336914986371994,0.09999995678663254,0.0000019149904346704716,0,0.0010000000474974513,0.000012511682143667713,-0.0005006076535210013,46.95330810546875,2.4234955310821533,-0.6303412318229675,0,19.597084045410156
0.33691999316215515,0.09999995678663254,0.0000019199903817934683,0,0.0010000000474974513,0.000012507573956099804,-0.0008216378046199679,82.13607025146484,-20.121131896972656,0.5070847272872925,0,19.597084045410156
0.3369249999523163,0.09999995678663254,0.000001924990328916465,0,0.0010000000474974513,0.000012504757251008414,-0.0005633817054331303,115.64381408691406,-41.06184387207031,1.5669846534729004,0,19.597084045410156
0.33692997694015503,0.09999995678663254,0.0000019299902760394616,0,0.0010000000474974513,0.0000125059304991737,0.0002346769761061296,146.88987731933594,-58.73223876953125,2.465970277786255,0,19.597084045410156
0.33693498373031616,0.09999995678663254,0.0000019349902231624583,0,0.0010000000474974513,0.00001251338380825473,0.0014905852731317282,175.3272705078125,-71.72769927978516,3.133715867996216,0,19.597084045410156
0.3369399905204773,0.09999995678663254,0.000001939990170285455,0,0.0010000000474974513,0.000012528817023849115,0.003086573677137494,200.45809936523438,-79.01760864257813,3.5185656547546387,0,19.597084045410156
0.3369449973106384,0.09999995678663254,0.0000019449901174084516,0,0.0010000000474974513,0.000012553209671750665,0.0048785642720758915,221.84243774414063,-80.02763366699219,3.591647148132324,0,19.597084045410156
0.33695000410079956,0.09999995678663254,0.0000019499900645314483,0,0.0010000000474974513,0.000012586748198373243,0.006707774940878153,239.1058807373047,-74.68558502197266,3.3491623401641846,0,19.597084045410156
0.3369549810886383,0.09999995678663254,0.000001954990011654445,0,0.0010000000474974513,0.000012628815966309048,0.00841348897665739,251.9462127685547,-63.4271125793457,2.812675714492798,0,19.597084045410156
0.33695998787879944,0.09999995678663254,0.0000019599899587774416,0,0.0010000000474974513,0.000012678046005021315,0.009845972992479801,260.138671875,-47.160850524902344,2.0273725986480713,0,19.597084045410156
0.33696499466896057,0.09999995678663254,0.0000019649899059004383,0,0.0010000000474974513,0.000012732438335660845,0.010878506116569042,263.5397644042969,-27.195711135864258,1.05842924118042,0,19.597084045410156
0.3369700014591217,0.09999995678663254,0.000001969989853023435,0,0.0010000000474974513,0.00001278952640859643,0.01141755934804678,262.0899353027344,-5.136226177215576,-0.014214230701327324,0,19.597084045410156
0.33697497844696045,0.09999995678663254,0.0000019749898001464317,0,0.0010000000474974513,0.000012846578101743944,0.011410319246351719,255.814697265625,17.245750427246094,-1.10226309299469,0,19.597084045410156
0.3369799852371216,0.09999995678663254,0.0000019799897472694283,0,0.0010000000474974513,0.000012900823094241787,0.010848941281437874,244.82376098632813,38.1527099609375,-2.1161434650421143,0,19.597084045410156
0.3369849920272827,0.09999995678663254,0.000001984989694392425,0,0.0010000000474974513,0.000012949679330631625,0.009771198034286499,229.3096466064453,55.90520095825195,-2.9721806049346924,0,19.597084045410156
0.33698999881744385,0.09999995678663254,0.0000019899896415154217,0,0.0010000000474974513,0.000012990966752113309,0.008257478475570679,209.54393005371094,69.07611846923828,-3.59930682182312,0,19.597084045410156
0.336995005607605,0.09999995678663254,0.0000019949895886384184,0,0.0010000000474974513,0.000013023088285990525,0.006424366496503353,185.8726043701172,76.60482788085938,-3.9447617530822754,0,19.597084045410156
0.3369999825954437,0.09999995678663254,0.000001999989535761415,0,0.0010000000474974513,0.00001304516445088666,0.004415315575897694,158.71014404296875,77.88196563720703,-3.9783267974853516,0,19.597084045410156
0.33700498938560486,0.09999995678663254,0.0000020049894828844117,0,0.0010000000474974513,0.000013057110663794447,0.002389170229434967,128.53207397460938,72.79823303222656,-3.6947615146636963,0,19.597084045410156
0.337009996175766,0.09999995678663254,0.0000020099894300074084,0,0.0010000000474974513,0.000013059648154012393,0.0005074437358416617,95.8667221069336,61.753173828125,-3.114240884780884,0,19.597084045410156
0.3370150029659271,0.09999995678663254,0.000002014989377130405,0,0.0010000000474974513,0.00001305425485043088,-0.0010786260245367885,61.285926818847656,45.623313903808594,-2.280761241912842,0,19.597084045410156
0.33701997995376587,0.09999995678663254,0.0000020199893242534017,0,0.0010000000474974513,0.000013043053513683844,-0.002240207977592945,25.39513397216797,25.695558547973633,-1.2587831020355225,0,19.597084045410156
0.337024986743927,0.09999995678663254,0.0000020249892713763984,0,0.0010000000474974513,0.000013028647117607761,-0.00288130110129714,10.05958366394043,3.0254039764404297,-0.10097908973693848,0,19.597084045410156
0.33702999353408813,0.09999995678663254,0.000002029989218499395,0,0.0010000000474974513,0.000013013983334531076,-0.002932729199528694,42.996036529541016,-21.266082763671875,1.1367110013961792,0,19.597084045410156
0.33703500032424927,0.09999995678663254,0.0000020349891656223917,0,0.0010000000474974513,0.000013002214473090135,-0.0023538069799542427,75.3246841430664,-43.91201400756836,2.291063070297241,0,19.597084045410156
0.337039977312088,0.09999995678663254,0.0000020399891127453884,0,0.0010000000474974513,0.000012996280020161066,-0.0011869780719280243,106.42810821533203,-63.04740905761719,3.268948793411255,0,19.597084045410156
0.33704498410224915,0.09999995678663254,0.000002044989059868385,0,0.0010000000474974513,0.000012998669262742624,0.0004778838192578405,135.71224975585938,-76.70358276367188,3.9720516204833984,0,19.597084045410156
0.3370499908924103,0.09999995678663254,0.0000020499890069913818,0,0.0010000000474974513,0.000013011172995902598,0.002500833012163639,162.6204833984375,-83.6454849243164,4.338714599609375,0,19.597084045410156
0.3370549976825714,0.09999995678663254,0.0000020549889541143784,0,0.0010000000474974513,0.00001303472527069971,0.004710522014647722,186.68170166015625,-83.26546478271484,4.338451862335205,0,19.597084045410156
0.33706000447273254,0.09999995678663254,0.000002059988901237375,0,0.0010000000474974513,0.000013069326087133959,0.006920077372342348,207.47470092773438,-75.59678649902344,3.9728262424468994,0,19.597084045410156
0.3370649814605713,0.09999995678663254,0.0000020649888483603718,0,0.0010000000474974513,0.000013114043213136028,0.008943420834839344,224.63540649414063,-61.31071472167969,3.2753078937530518,0,19.597084045410156
0.3370699882507324,0.09999995678663254,0.0000020699887954833684,0,0.0010000000474974513,0.000013167100405553356,0.010611522011458874,237.86341857910156,-41.65779495239258,2.3083341121673584,0,19.597084045410156
0.33707499504089355,0.09999995678663254,0.000002074988742606365,0,0.0010000000474974513,0.000013226036571722943,0.011787147261202335,246.92713928222656,-18.35834312438965,1.1578375101089478,0,19.597084045410156
0.3370800018310547,0.09999995678663254,0.000002079988689729362,0,0.0010000000474974513,0.000013287920410220977,0.01237682905048132,251.66790771484375,6.548110008239746,-0.07428207248449326,0,19.597084045410156
0.33708497881889343,0.09999995678663254,0.0000020849886368523585,0,0.0010000000474974513,0.000013349615073821042,0.01233899686485529,252.00271606445313,30.88137435913086,-1.2790850400924683,0,19.597084045410156
0.33708998560905457,0.09999995678663254,0.000002089988583975355,0,0.0010000000474974513,0.000013408052836894058,0.011687564663589,247.92568969726563,52.51143264770508,-2.350133180618286,0,19.597084045410156
0.3370949923992157,0.09999995678663254,0.000002094988531098352,0,0.0010000000474974513,0.000013460506124829408,0.010490651242434978,239.5081787109375,69.54489135742188,-3.19281268119812,0,19.597084045410156
0.33709999918937683,0.09999995678663254,0.0000020999884782213485,0,0.0010000000474974513,0.000013504828530130908,0.008864565752446651,226.89767456054688,80.49072265625,-3.7326202392578125,0,19.597084045410156
0.33710500597953796,0.09999995678663254,0.000002104988425344345,0,0.0010000000474974513,0.000013539646715798881,0.006963557563722134,210.31478881835938,84.39079284667969,-3.9216880798339844,0,19.597084045410156
0.3371099829673767,0.09999995678663254,0.000002109988372467342,0,0.0010000000474974513,0.000013564477740146685,0.004966258071362972,190.04995727539063,80.90369415283203,-3.7429773807525635,0,19.597084045410156
0.33711498975753784,0.09999995678663254,0.0000021149883195903385,0,0.0010000000474974513,0.00001357977726001991,0.0030599755700677633,166.45791625976563,70.33468627929688,-3.2117745876312256,0,19.597084045410156
0.337119996547699,0.09999995678663254,0.000002119988266713335,0,0.0010000000474974513,0.000013586898603534792,0.0014242322649806738,139.95164489746094,53.60891342163086,-2.374351739883423,0,19.597084045410156
0.3371250033378601,0.09999995678663254,0.000002124988213836332,0,0.0010000000474974513,0.000013587973626272287,0.0002149849897250533,110.99526977539063,32.19048309326172,-1.3039193153381348,0,19.597084045410156
0.33712998032569885,0.09999995678663254,0.0000021299881609593285,0,0.0010000000474974513,0.00001358572808385361,-0.000449095678050071,80.13237762451172,7.9629316329956055,-0.09458667039871216,0,19.597084045410156
0.33713498711586,0.09999995678663254,0.000002134988108082325,0,0.0010000000474974513,0.000013583241525338963,-0.0004972682800143957,47.95243835449219,-16.943099975585938,1.1471999883651733,0,19.597084045410156
0.3371399939060211,0.09999995678663254,0.000002139988055205322,0,0.0010000000474974513,0.00001358367626380641,0.0000869958457769826,15.070016860961914,-37.326236724853516,2.1614692211151123,0,19.597084045410156
0.33714500069618225,0.09999995678663254,0.0000021449880023283185,0,0.0010000000474974513,0.000013589615264208987,0.0011878230143338442,19.874286651611328,-54.75053787231445,3.0265262126922607,0,19.597084045410156
0.337149977684021,0.09999995678663254,0.0000021499879494513152,0,0.0010000000474974513,0.000013603261322714388,0.0027292200829833746,55.90803909301758,-68.61138916015625,3.7122418880462646,0,19.597084045410156
0.33715498447418213,0.09999995678663254,0.000002154987896574312,0,0.0010000000474974513,0.000013626360669150017,0.004619849380105734,90.72594451904297,-76.96150970458984,4.121350288391113,0,19.597084045410156
0.33715999126434326,0.09999995678663254,0.0000021599878436973086,0,0.0010000000474974513,0.000013659954674949404,0.006718835793435574,123.71843719482422,-79.1310806274414,4.220449447631836,0,19.597084045410156
0.3371649980545044,0.09999995678663254,0.0000021649877908203052,0,0.0010000000474974513,0.000013704296179639641,0.008868292905390263,154.30795288085938,-74.94405364990234,4.000814437866211,0,19.597084045410156
0.3371700048446655,0.09999995678663254,0.000002169987737943302,0,0.0010000000474974513,0.000013758825843979139,0.010905890725553036,181.9589080810547,-64.73224639892578,3.4791030883789063,0,19.597084045410156
0.3371749818325043,0.09999995678663254,0.0000021749876850662986,0,0.0010000000474974513,0.000013822214896208607,0.012677784077823162,206.187255859375,-49.308837890625,2.696028470993042,0,19.597084045410156
0.3371799886226654,0.09999995678663254,0.0000021799876321892953,0,0.0010000000474974513,0.000013892468814447057,0.014050860889256,226.56883239746094,-29.903419494628906,1.7131141424179077,0,19.597084045410156
0.33718499541282654,0.09999995678663254,0.000002184987579312292,0,0.0010000000474974513,0.000013967085578769911,0.014923342503607273,242.7467803955078,-8.06375503540039,0.6077865362167358,0,19.597084045410156
0.33719000220298767,0.09999995678663254,0.0000021899875264352886,0,0.0010000000474974513,0.000014043250303075183,0.01523288618773222,254.43789672851563,14.467885971069336,-0.5328063368797302,0,19.597084045410156
0.3371949791908264,0.09999995678663254,0.0000021949874735582853,0,0.0010000000474974513,0.00001411805806128541,0.014961530454456806,261.4375305175781,35.89392852783203,-1.6187492609024048,0,19.597084045410156
0.33719998598098755,0.09999995678663254,0.000002199987420681282,0,0.0010000000474974513,0.000014188743989507202,0.01413710881024599,263.62310791015625,54.505126953125,-2.564537763595581,0,19.597084045410156
0.3372049927711487,0.09999995678663254,0.0000022049873678042786,0,0.0010000000474974513,0.000014252898836275563,0.012830999679863453,260.95635986328125,68.81710815429688,-3.2958998680114746,0,19.597084045410156
0.3372099995613098,0.09999995678663254,0.0000022099873149272753,0,0.0010000000474974513,0.000014308660865935963,0.011152411811053753,253.4839630126953,77.68899536132813,-3.7557244300842285,0,19.597084045410156
0.33721500635147095,0.09999995678663254,0.000002214987262050272,0,0.0010000000474974513,0.000014354858649312519,0.009239637292921543,241.33677673339844,80.41453552246094,-3.9086151123046875,0,19.597084045410156
0.3372199833393097,0.09999995678663254,0.0000022199872091732686,0,0.0010000000474974513,0.000014391103832167573,0.007248996291309595,224.72744750976563,76.77851104736328,-3.743708848953247,0,19.597084045410156
0.3372249901294708,0.09999995678663254,0.0000022249871562962653,0,0.0010000000474974513,0.000014417815691558644,0.005342341028153896,203.94676208496094,67.07390594482422,-3.2755348682403564,0,19.597084045410156
0.33722999691963196,0.09999995678663254,0.000002229987103419262,0,0.0010000000474974513,0.000014436186575039756,0.003674124600365758,179.3585205078125,52.0784797668457,-2.542844772338867,0,19.597084045410156
0.3372350037097931,0.09999995678663254,0.0000022349870505422587,0,0.0010000000474974513,0.000014448081856244244,0.002379064681008458,151.39317321777344,32.99257278442383,-1.605506420135498,0,19.597084045410156
0.33723998069763184,0.09999995678663254,0.0000022399869976652553,0,0.0010000000474974513,0.000014455888958764262,0.0015613870928063989,120.54032135009766,11.343164443969727,-0.5397107601165771,0,19.597084045410156
0.33724498748779297,0.09999995678663254,0.000002244986944788252,0,0.0010000000474974513,0.000014462321814789902,0.0012865146854892373,87.34012603759766,-11.138188362121582,0.5681259036064148,0,19.597084045410156
0.3372499942779541,0.09999995678663254,0.0000022499868919112487,0,0.0010000000474974513,0.000014470200767391361,0.0015758589142933488,52.373809814453125,-32.65374755859375,1.6282755136489868,0,19.597084045410156
0.33725500106811523,0.09999995678663254,0.0000022549868390342453,0,0.0010000000474974513,0.000014482226106338203,0.0024051328655332327,16.2535400390625,-51.4832763671875,2.5548763275146484,0,19.597084045410156
0.337259978055954,0.09999995678663254,0.000002259986786157242,0,0.0010000000474974513,0.000014500757970381528,0.003706320421770215,18.34950065612793,-67.14095306396484,3.32377290725708,0,19.597084045410156
0.3372649848461151,0.09999995678663254,0.0000022649867332802387,0,0.0010000000474974513,0.000014527753592119552,0.005399104207754135,51.19007873535156,-77.25648498535156,3.8165676593780518,0,19.597084045410156
0.33726999163627625,0.09999995678663254,0.0000022699866804032354,0,0.0010000000474974513,0.000014564468074240722,0.007342865690588951,83.26632690429688,-80.52877044677734,3.9680562019348145,0,19.597084045410156
0.3372749984264374,0.09999995678663254,0.000002274986627526232,0,0.0010000000474974513,0.000014611287042498589,0.009363779798150063,113.96566772460938,-76.70256042480469,3.765303134918213,0,19.597084045410156
0.3372800052165985,0.09999995678663254,0.0000022799865746492287,0,0.0010000000474974513,0.000014667693903902546,0.011281432583928108,142.70176696777344,-66.14263916015625,3.2263834476470947,0,19.597084045410156
0.33728498220443726,0.09999995678663254,0.0000022849865217722254,0,0.0010000000474974513,0.00001473231714044232,0.012924615293741226,168.93955993652344,-49.79291534423828,2.3984017372131348,0,19.597084045410156
0.3372899889945984,0.09999995678663254,0.000002289986468895222,0,0.0010000000474974513,0.000014803047633904498,0.014146111905574799,192.21975708007813,-29.084548950195313,1.3529722690582275,0,19.597084045410156
0.3372949957847595,0.09999995678663254,0.0000022949864160182187,0,0.0010000000474974513,0.000014877223293296993,0.014835175126791,212.13470458984375,-5.830259799957275,0.1807837337255478,0,19.597084045410156
0.33730000257492065,0.09999995678663254,0.0000022999863631412154,0,0.0010000000474974513,0.000014951859157008585,0.014927247539162636,228.3358154296875,17.93438720703125,-1.0163352489471436,0,19.597084045410156
0.3373049795627594,0.09999995678663254,0.000002304986310264212,0,0.0010000000474974513,0.000015023907508293632,0.014409631490707397,240.5394744873047,40.129146575927734,-2.1343252658843994,0,19.597084045410156
0.33730998635292053,0.09999995678663254,0.0000023099862573872088,0,0.0010000000474974513,0.000015090520719240885,0.013322629034519196,248.531982421875,58.811195373535156,-3.0760016441345215,0,19.597084045410156
0.33731499314308167,0.09999995678663254,0.0000023149862045102054,0,0.0010000000474974513,0.000015149300452321768,0.011756034567952156,252.1733856201172,72.34519958496094,-3.759556770324707,0,19.597084045410156
0.3373199999332428,0.09999995678663254,0.000002319986151633202,0,0.0010000000474974513,0.000015198506844171789,0.009841307997703552,251.40000915527344,79.54645538330078,-4.1257195472717285,0,19.597084045410156
0.33732497692108154,0.09999995678663254,0.0000023249860987561988,0,0.0010000000474974513,0.00001523720766272163,0.007740096654742956,246.22537231445313,79.78459167480469,-4.142939567565918,0,19.597084045410156
0.3373299837112427,0.09999995678663254,0.0000023299860458791954,0,0.0010000000474974513,0.000015265357433236204,0.005630115047097206,236.7400665283203,73.03878021240234,-3.8101463317871094,0,19.597084045410156
0.3373349905014038,0.09999995678663254,0.000002334985993002192,0,0.0010000000474974513,0.000015283805623766966,0.003689623437821865,223.11012268066406,59.89950180053711,-3.1568408012390137,0,19.597084045410156
0.33733999729156494,0.09999995678663254,0.000002339985940125189,0,0.0010000000474974513,0.00001529421570012346,0.002081857528537512,205.57418823242188,41.516910552978516,-2.2405107021331787,0,19.597084045410156
0.3373450040817261,0.09999995678663254,0.0000023449858872481855,0,0.0010000000474974513,0.00001529891960672103,0.0009407748584635556,184.43923950195313,19.500131607055664,-1.1415975093841553,0,19.597084045410156
0.3373499810695648,0.09999995678663254,0.000002349985834371182,0,0.0010000000474974513,0.000015300716768251732,0.00035936402855440974,160.07533264160156,-4.2235870361328125,0.043546319007873535,0,19.597084045410156
0.33735498785972595,0.09999995678663254,0.000002354985781494179,0,0.0010000000474974513,0.00001530262488813605,0.0003815419622696936,132.90896606445313,-27.577590942382813,1.2110939025878906,0,19.597084045410156
0.3373599946498871,0.09999995678663254,0.0000023599857286171755,0,0.0010000000474974513,0.00001530761619505938,0.0009983470663428307,103.41573333740234,-48.517578125,2.2588307857513428,0,19.597084045410156
0.3373650014400482,0.09999995678663254,0.000002364985675740172,0,0.0010000000474974513,0.000015318359146476723,0.0021487600170075893,72.1607666015625,-65.2072982788086,3.0949649810791016,0,19.597084045410156
0.33736997842788696,0.09999995678663254,0.000002369985622863169,0,0.0010000000474974513,0.00001533698377897963,0.0037250127643346786,39.74094772338867,-76.1841049194336,3.646368980407715,0,19.597084045410156
0.3373749852180481,0.09999995678663254,0.0000023749855699861655,0,0.0010000000474974513,0.000015364894352387637,0.005582093261182308,6.7754740715026855,-78.63111877441406,3.7721827030181885,0,19.597084045410156
0.33737999200820923,0.09999995678663254,0.000002379985517109162,0,0.0010000000474974513,0.00001540241100883577,0.007503249682486057,29.006742477416992,-75.90772247314453,3.640336275100708,0,19.597084045410156
0.33738499879837036,0.09999995678663254,0.000002384985464232159,0,0.0010000000474974513,0.000015449197235284373,0.00935725774616003,64.79692840576172,-67.52291107177734,3.226219415664673,0,19.597084045410156
0.3373900055885315,0.09999995678663254,0.0000023899854113551555,0,0.0010000000474974513,0.000015504199836868793,0.011000358499586582,99.2156753540039,-53.774139404296875,2.5446219444274902,0,19.597084045410156
0.33739498257637024,0.09999995678663254,0.000002394985358478152,0,0.0010000000474974513,0.000015565681678708643,0.012296323664486408,131.66041564941406,-35.763954162597656,1.6505699157714844,0,19.597084045410156
0.33739998936653137,0.09999995678663254,0.000002399985305601149,0,0.0010000000474974513,0.000015631367205060087,0.013136952184140682,161.56314086914063,-14.935420036315918,0.6161001324653625,0,19.597084045410156
0.3374049961566925,0.09999995678663254,0.0000024049852527241455,0,0.0010000000474974513,0.000015698620700277388,0.01345072966068983,188.40032958984375,7.043193340301514,-0.47550082206726074,0,19.597084045410156
0.33741000294685364,0.09999995678663254,0.0000024099851998471422,0,0.0010000000474974513,0.000015764662748551928,0.013208559714257717,211.7021484375,28.411773681640625,-1.5363587141036987,0,19.597084045410156
0.3374149799346924,0.09999995678663254,0.000002414985146970139,0,0.0010000000474974513,0.000015826793969608843,0.012426097877323627,231.0606689453125,47.45904541015625,-2.4810397624969482,0,19.597084045410156
0.3374199867248535,0.09999995678663254,0.0000024199850940931356,0,0.0010000000474974513,0.00001588260602147784,0.011162514798343182,246.13699340820313,62.65934753417969,-3.2333853244781494,0,19.597084045410156
0.33742499351501465,0.09999995678663254,0.0000024249850412161322,0,0.0010000000474974513,0.00001593018532730639,0.009515765123069286,256.6671447753906,72.7945785522461,-3.732600688934326,0,19.597084045410156
0.3374300003051758,0.09999995678663254,0.000002429984988339129,0,0.0010000000474974513,0.000015968258594512008,0.007614767644554377,262.46673583984375,77.05155944824219,-3.9381229877471924,0,19.597084045410156
0.3374349772930145,0.09999995678663254,0.0000024349849354621256,0,0.0010000000474974513,0.000015996303773135878,0.005609098356217146,263.4342956542969,75.08705139160156,-3.8328664302825928,0,19.597084045410156
0.33743998408317566,0.09999995678663254,0.0000024399848825851223,0,0.0010000000474974513,0.00001601458825462032,0.0036570357624441385,259.5528869628906,67.0551986694336,-3.424593687057495,0,19.597084045410156
0.3374449908733368,0.09999995678663254,0.000002444984829708119,0,0.0010000000474974513,0.000016024152500904165,0.0019129046704620123,250.89041137695313,53.595237731933594,-2.7453012466430664,0,19.597084045410156
0.3374499976634979,0.09999995678663254,0.0000024499847768311156,0,0.0010000000474974513,0.000016026726370910183,0.0005147342453710735,237.5985870361328,35.78041458129883,-1.848667025566101,0,19.597084045410156
0.33745500445365906,0.09999995678663254,0.0000024549847239541123,0,0.0010000000474974513,0.000016024592696339823,-0.0004267841577529907,219.9100799560547,15.032246589660645,-0.8057659268379211,0,19.597084045410156
0.3374599814414978,0.09999995678663254,0.000002459984671077109,0,0.0010000000474974513,0.000016020407201722264,-0.0008371573640033603,198.1345672607422,-6.9930572509765625,0.3006049692630768,0,19.597084045410156
0.33746498823165894,0.09999995678663254,0.0000024649846182001056,0,0.0010000000474974513,0.000016016987501643598,-0.0006840605055913329,172.6532745361328,-28.536951065063477,1.382539987564087,0,19.597084045410156
0.33746999502182007,0.09999995678663254,0.0000024699845653231023,0,0.0010000000474974513,0.000016017087546060793,0.000020061270333826542,143.9122772216797,-47.87906265258789,2.3540449142456055,0,19.597084045410156
0.3374750018119812,0.09999995678663254,0.000002474984512446099,0,0.0010000000474974513,0.000016023182979552075,0.0012189664412289858,112.41481018066406,-63.47467041015625,3.137906312942505,0,19.597084045410156
0.33747997879981995,0.09999995678663254,0.0000024799844595690956,0,0.0010000000474974513,0.000016037269233493134,0.002817088970914483,78.7122573852539,-74.0781478881836,3.6718599796295166,0,19.597084045410156
0.3374849855899811,0.09999995678663254,0.0000024849844066920923,0,0.0010000000474974513,0.00001606070509296842,0.004687151871621609,43.394649505615234,-78.84247589111328,3.9135608673095703,0,19.597084045410156
0.3374899923801422,0.09999995678663254,0.000002489984353815089,0,0.0010000000474974513,0.000016094107195385732,0.006680311635136604,7.080313205718994,-77.38694763183594,3.843968391418457,0,19.597084045410156
0.33749499917030334,0.09999995678663254,0.0000024949843009380857,0,0.0010000000474974513,0.000016137297279783525,0.008638028986752033,26.635499954223633,-69.44806671142578,3.449889659881592,0,19.597084045410156
0.3375000059604645,0.09999995678663254,0.0000024999842480610823,0,0.0010000000474974513,0.000016189273083000444,0.010395043529570103,59.347904205322266,-55.11561584472656,2.7357821464538574,0,19.597084045410156
