Timestamp,X Position,Y Position,X Velocity,Y Velocity,Rotation,Rotation Velocity,Data1,Data2,Data3,Data4,FPS
0.0989999994635582,0.09999997168779373,0,0,0,0,0,0,0,0,0,124.2390365600586
0.09900499880313873,0.09999997168779373,0,0.0006861621513962746,0,0.00004999999873689376,10,12504.9345703125,12504.9345703125,-677.3300170898438,0,23.444459915161133
0.09900999814271927,0.09999997168779373,0,0.0006861621513962746,0,0.00009999999747378752,10,24441.205078125,24441.205078125,-1327.747314453125,0,23.444459915161133
0.0990149974822998,0.09999997168779373,0,0.0006861621513962746,0,0.00014999999257270247,10,35281.3125,35281.3125,-1926.2916259765625,0,23.444459915161133
0.09901999682188034,0.09999997168779373,0,0.0006861621513962746,0,0.00019999999494757503,10,44554.1171875,44554.1171875,-2450.618408203125,0,23.444459915161133
0.09902499616146088,0.09999997168779373,0,0.0006861621513962746,0,0.00024999998277053237,10,51875.3515625,51875.3515625,-2882.4404296875,0,23.444459915161133
0.09902999550104141,0.09999997168779373,0,0.0006861621513962746,0,0.00029999998514540493,10,56968.09375,56968.09375,-3208.48828125,0,23.444459915161133
0.09903499484062195,0.09999997168779373,0,0.0006861621513962746,0,0.0003499999875202775,10,59676.71875,59676.71484375,-3421.16796875,0,23.444459915161133
0.09903999418020248,0.09999997168779373,0,0.0006861621513962746,0,0.00039999998989515007,10,59973.515625,59973.51171875,-3518.876708984375,0,23.444459915161133
0.09904500097036362,0.09999997168779373,0,0.0006861621513962746,0,0.00044999999227002263,10,57949.46484375,57949.4609375,-3505.561279296875,0,23.444459915161133
0.09905000030994415,0.09999997168779373,0,0.0006861621513962746,0,0.0004999999655410647,10,53839.69140625,53839.6875,-3392.026611328125,0,23.444459915161133
0.09905499964952469,0.09999997168779373,0,0.0006861621513962746,0,0.0005499999388121068,10,47955.640625,47955.63671875,-3192.6142578125,0,23.444459915161133
0.09905999898910522,0.09999997168779373,0,0.0006861621513962746,0,0.000599999912083149,10,40699.44140625,40699.4375,-2926.00634765625,0,23.444459915161133
0.09906499832868576,0.09999997168779373,0,0.0006861621513962746,0,0.0006499998853541911,10,32529.482421875,32529.474609375,-2613.598388671875,0,23.444459915161133
0.0990699976682663,0.09999997168779373,0,0.0006861621513962746,0,0.0006999998586252332,10,23932.23046875,23932.228515625,-2278.19873046875,0,23.444459915161133
0.09907499700784683,0.09999997168779373,0,0.0006861621513962746,0,0.0007499998318962753,10,15393.15625,15393.1533203125,-1942.6787109375,0,23.444459915161133
0.09907999634742737,0.09999997168779373,0,0.0006861621513962746,0,0.0007999998051673174,10,7368.96728515625,7368.96435546875,-1628.679443359375,0,23.444459915161133
0.0990849956870079,0.09999997168779373,0,0.0006861621513962746,0,0.0008499997784383595,10,262.34405517578125,262.3423767089844,-1355.432373046875,0,23.444459915161133
0.09908999502658844,0.09999997168779373,0,0.0006861621513962746,0,0.0008999997517094016,10,5598.92578125,-5598.92626953125,-1138.7777099609375,0,23.444459915161133
0.09909499436616898,0.09999997168779373,0,0.0006861621513962746,0,0.0009499997249804437,10,9977.5771484375,-9977.576171875,-990.4205322265625,0,23.444459915161133
0.09910000115633011,0.09999997168779373,0,0.0006861621513962746,0,0.0009999996982514858,10,12734.8369140625,-12734.8349609375,-917.5440063476563,0,23.444459915161133
0.09910500049591064,0.09999997168779373,0,0.0006861621513962746,0,0.0010499997297301888,10,13833.7255859375,-13833.7216796875,-922.626953125,0,23.444459915161133
0.09910999983549118,0.09999997168779373,0,0.0006861621513962746,0,0.0010999997612088919,10,13334.2431640625,-13334.23828125,-1003.6411743164063,0,23.444459915161133
0.09911499917507172,0.09999997168779373,0,0.0006861621513962746,0,0.0011499997926875949,10,11382.8076171875,-11382.802734375,-1154.5125732421875,0,23.444459915161133
0.09911999851465225,0.09999997168779373,0,0.0006861621513962746,0,0.001199999824166298,10,8196.478515625,-8196.4736328125,-1365.82373046875,0,23.444459915161133
0.09912499785423279,0.09999997168779373,0,0.0006861621513962746,0,0.001249999855645001,10,4043.24755859375,-4043.243408203125,-1625.7010498046875,0,23.444459915161133
0.09912999719381332,0.09999997168779373,0,0.0006861621513962746,0,0.001299999887123704,10,780.0846557617188,780.087158203125,-1920.81494140625,0,23.444459915161133
0.09913499653339386,0.09999997168779373,0,0.0006861621513962746,0,0.001349999918602407,10,5970.8603515625,5970.8603515625,-2237.42333984375,0,23.444459915161133
0.0991399958729744,0.09999997168779373,0,0.0006861621513962746,0,0.00139999995008111,10,11242.859375,11242.8564453125,-2562.3916015625,0,23.444459915161133
0.09914499521255493,0.09999997168779373,0,0.0006861621513962746,0,0.001449999981559813,10,16344.91796875,16344.9111328125,-2884.04052734375,0,23.444459915161133
0.09914999455213547,0.09999997168779373,0,0.0006861621513962746,0,0.001500000013038516,10,21077.736328125,21077.724609375,-3192.927001953125,0,23.444459915161133
0.099154993891716,0.09999997168779373,0,0.0006861621513962746,0,0.001550000044517219,10,25304.55078125,25304.53515625,-3482.342529296875,0,23.444459915161133
0.09916000068187714,0.09999997168779373,0,0.0006861621513962746,0,0.001600000075995922,10,28956.658203125,28956.638671875,-3748.578857421875,0,23.444459915161133
0.09916500002145767,0.09999997168779373,0,0.0006861621513962746,0,0.0016500001074746251,10,32033.169921875,32033.146484375,-3990.93603515625,0,23.444459915161133
0.09916999936103821,0.09999997168779373,0,0.0006861621513962746,0,0.0017000001389533281,10,34595.19921875,34595.16796875,-4211.47509765625,0,23.444459915161133
0.09917499870061874,0.09999997168779373,0,0.0006861621513962746,0,0.0017500001704320312,10,36755.03515625,36755,-4414.54736328125,0,23.444459915161133
0.09917999804019928,0.09999997168779373,0,0.0006861621513962746,0,0.0018000002019107342,10,38661.34375,38661.30859375,-4606.14111328125,0,23.444459915161133
0.09918499737977982,0.09999997168779373,0,0.0006861621513962746,0,0.0018500002333894372,10,40481.53125,40481.4921875,-4793.09814453125,0,23.444459915161133
0.09918999671936035,0.09999997168779373,0,0.0006861621513962746,0,0.0019000002648681402,10,42382.8046875,42382.765625,-4982.2724609375,0,23.444459915161133
0.09919499605894089,0.09999997168779373,0,0.0006861621513962746,0,0.0019500002963468432,10,44513.42578125,44513.38671875,-5179.69921875,0,23.444459915161133
0.09919999539852142,0.09999997168779373,0,0.0006861621513962746,0,0.0020000003278255463,10,46985.703125,46985.66796875,-5389.8369140625,0,23.444459915161133
0.09920499473810196,0.09999997168779373,0,0.0006861621513962746,0,0.0020500002428889275,10,49862.1171875,49862.0859375,-5614.95361328125,0,23.444459915161133
0.0992099940776825,0.09999997168779373,0,0.0006861621513962746,0,0.0021000001579523087,10,53145.69140625,53145.6640625,-5854.705078125,0,23.444459915161133
0.09921500086784363,0.09999997168779373,0,0.0006861621513962746,0,0.00215000007301569,10,56775.49609375,56775.47265625,-6105.94580078125,0,23.444459915161133
0.09922000020742416,0.09999997168779373,0,0.0006861621513962746,0,0.002199999988079071,10,60627.671875,60627.65625,-6362.78271484375,0,23.444459915161133
0.0992249995470047,0.09999997168779373,0,0.0006861621513962746,0,0.0022499999031424522,10,64522.08984375,64522.0859375,-6616.8916015625,0,23.444459915161133
0.09922999888658524,0.09999997168779373,0,0.0006861621513962746,0,0.0022999998182058334,10,68234.140625,68234.140625,-6858.05859375,0,23.444459915161133
0.09923499822616577,0.09999997168779373,0,0.0006861621513962746,0,0.0023499997332692146,10,71511.25,71511.2578125,-7074.93359375,0,23.444459915161133
0.09923999756574631,0.09999997168779373,0,0.0006861621513962746,0,0.002399999648332596,10,74091.9140625,74091.9375,-7255.8974609375,0,23.444459915161133
0.09924499690532684,0.09999997168779373,0,0.0006861621513962746,0,0.002449999563395977,10,75726.3125,75726.34375,-7389.98828125,0,23.444459915161133
0.09924999624490738,0.09999997168779373,0,0.0006861621513962746,0,0.002499999478459358,10,76199.1875,76199.2265625,-7467.94384765625,0,23.444459915161133
0.09925499558448792,0.09999997168779373,0,0.0006861621513962746,0,0.0025499993935227394,10,75349.546875,75349.6015625,-7483.0810546875,0,23.444459915161133
0.09925999492406845,0.09999997168779373,0,0.0006861621513962746,0,0.0025999993085861206,10,73088,73088.0703125,-7432.06787109375,0,23.444459915161133
0.09926499426364899,0.09999997168779373,0,0.0006861621513962746,0,0.002649999223649502,10,69409.6875,69409.765625,-7315.49169921875,0,23.444459915161133
0.09927000105381012,0.09999997168779373,0,0.0006861621513962746,0,0.002699999138712883,10,64401.875,64401.9609375,-7138.18505859375,0,23.444459915161133
0.09927500039339066,0.09999997168779373,0,0.0006861621513962746,0,0.002749999053776264,10,58245.34765625,58245.44140625,-6909.25732421875,0,23.444459915161133
0.09927999973297119,0.09999997168779373,0,0.0006861621513962746,0,0.0027999989688396454,10,51209.28515625,51209.37890625,-6641.837890625,0,23.444459915161133
0.09928499907255173,0.09999997168779373,0,0.0006861621513962746,0,0.0028499988839030266,10,43639.7421875,43639.83984375,-6352.5224609375,0,23.444459915161133
0.09928999841213226,0.09999997168779373,0,0.0006861621513962746,0,0.0028999987989664078,10,35942.34765625,35942.4453125,-6060.55419921875,0,23.444459915161133
0.0992949977517128,0.09999997168779373,0,0.0006861621513962746,0,0.002949998714029789,10,28560.138671875,28560.23046875,-5786.78955078125,0,23.444459915161133
0.09929999709129333,0.09999997168779373,0,0.0006861621513962746,0,0.00299999862909317,10,21947.892578125,21947.9765625,-5552.50390625,0,23.444459915161133
0.09930499643087387,0.09999997168779373,0,0.0006861621513962746,0,0.0030499985441565514,10,16544.625,16544.703125,-5378.11572265625,0,23.444459915161133
0.0993099957704544,0.09999997168779373,0,0.0006861621513962746,0,0.0030999984592199326,10,12745.9658203125,12746.03515625,-5281.9140625,0,23.444459915161133
0.09931499511003494,0.09999997168779373,0,0.0006861621513962746,0,0.0031499983742833138,10,10878.2392578125,10878.298828125,-5278.86083984375,0,23.444459915161133
0.09931999444961548,0.09999997168779373,0,0.0006861621513962746,0,0.003199998289346695,10,11176.025390625,11176.076171875,-5379.568359375,0,23.444459915161133
0.09932499378919601,0.09999997168779373,0,0.0006861621513962746,0,0.003249998204410076,10,13764.7333984375,13764.775390625,-5589.4990234375,0,23.444459915161133
0.09933000057935715,0.09999997168779373,0,0.0006861621513962746,0,0.0032999981194734573,10,18649.40625,18649.44140625,-5908.46630859375,0,23.444459915161133
0.09933499991893768,0.09999997168779373,0,0.0006861621513962746,0,0.0033499980345368385,10,25710.6484375,25710.6796875,-6330.45703125,0,23.444459915161133
0.09933999925851822,0.09999997168779373,0,0.0006861621513962746,0,0.0033999979496002197,10,34708.05078125,34708.078125,-6843.8095703125,0,23.444459915161133
0.09934499859809875,0.09999997168779373,0,0.0006861621513962746,0,0.003449997864663601,10,45291.01953125,45291.046875,-7431.72705078125,0,23.444459915161133
0.09934999793767929,0.09999997168779373,0,0.0006861621513962746,0,0.003499997779726982,10,57016.4921875,57016.51953125,-8073.1142578125,0,23.444459915161133
0.09935499727725983,0.09999997168779373,0,0.0006861621513962746,0,0.0035499976947903633,10,69372.4609375,69372.4921875,-8743.68359375,0,23.444459915161133
0.09935999661684036,0.09999997168779373,0,0.0006861621513962746,0,0.0035999976098537445,10,81805.953125,81805.9921875,-9417.2568359375,0,23.444459915161133
0.0993649959564209,0.09999997168779373,0,0.0006861621513962746,0,0.0036499975249171257,10,93753.765625,93753.8125,-10067.20703125,0,23.444459915161133
0.09936999529600143,0.09999997168779373,0,0.0006861621513962746,0,0.003699997439980507,10,104674.0390625,104674.1015625,-10667.9287109375,0,23.444459915161133
0.09937499463558197,0.09999997168779373,0,0.0006861621513962746,0,0.003749997355043888,10,114076.7890625,114076.8515625,-11196.259765625,0,23.444459915161133
0.0993799939751625,0.09999997168779373,0,0.0006861621513962746,0,0.0037999972701072693,10,121551.359375,121551.4453125,-11632.767578125,0,23.444459915161133
0.09938500076532364,0.09999997168779373,0,0.0006861621513962746,0,0.0038499971851706505,10,126789.390625,126789.484375,-11962.814453125,0,23.444459915161133
0.09939000010490417,0.09999997168779373,0,0.0006861621513962746,0,0.0038999971002340317,10,129601.4921875,129601.6015625,-12177.3447265625,0,23.444459915161133
0.09939499944448471,0.09999997168779373,0,0.0006861621513962746,0,0.003949997015297413,10,129927.03125,129927.1640625,-12273.33984375,0,23.444459915161133
0.09939999878406525,0.09999997168779373,0,0.0006861621513962746,0,0.003999996930360794,10,127836.1640625,127836.296875,-12253.9189453125,0,23.444459915161133
0.09940499812364578,0.09999997168779373,0,0.0006861621513962746,0,0.004049996845424175,10,123524.0859375,123524.25,-12128.0859375,0,23.444459915161133
0.09940999746322632,0.09999997168779373,0,0.0006861621513962746,0,0.0040999967604875565,10,117298.1953125,117298.3671875,-11910.1298828125,0,23.444459915161133
0.09941499680280685,0.09999997168779373,0,0.0006861621513962746,0,0.004149996675550938,10,109558.5390625,109558.734375,-11618.728515625,0,23.444459915161133
0.09941999614238739,0.09999997168779373,0,0.0006861621513962746,0,0.004199996590614319,10,100773.390625,100773.59375,-11275.8134765625,0,23.444459915161133
0.09942499548196793,0.09999997168779373,0,0.0006861621513962746,0,0.0042499965056777,10,91451.0546875,91451.2734375,-10905.2705078125,0,23.444459915161133
0.09942999482154846,0.09999997168779373,0,0.0006861621513962746,0,0.004299996420741081,10,82110.078125,82110.3203125,-10531.5439453125,0,23.444459915161133
0.099434994161129,0.09999997168779373,0,0.0006861621513962746,0,0.004349996335804462,10,73249.5625,73249.828125,-10178.267578125,0,23.444459915161133
0.09944000095129013,0.09999997168779373,0,0.0006861621513962746,0,0.004399996250867844,10,65321.4609375,65321.734375,-9866.9580078125,0,23.444459915161133
0.09944500029087067,0.09999997168779373,0,0.0006861621513962746,0,0.004449996165931225,10,58706.55078125,58706.83984375,-9615.8984375,0,23.444459915161133
0.0994499996304512,0.09999997168779373,0,0.0006861621513962746,0,0.004499996080994606,10,53695.6171875,53695.92578125,-9439.24609375,0,23.444459915161133
0.09945499897003174,0.09999997168779373,0,0.0006861621513962746,0,0.004549995996057987,10,50476.76953125,50477.08984375,-9346.4189453125,0,23.444459915161133
0.09945999830961227,0.09999997168779373,0,0.0006861621513962746,0,0.004599995911121368,10,49129.546875,49129.890625,-9341.810546875,0,23.444459915161133
0.09946499764919281,0.09999997168779373,0,0.0006861621513962746,0,0.00464999582618475,10,49626.140625,49626.5,-9424.8125,0,23.444459915161133
0.09946999698877335,0.09999997168779373,0,0.0006861621513962746,0,0.004699995741248131,10,51839.21875,51839.5859375,-9590.1591796875,0,23.444459915161133
0.09947499632835388,0.09999997168779373,0,0.0006861621513962746,0,0.004749995656311512,10,55555.7890625,55556.16796875,-9828.5400390625,0,23.444459915161133
0.09947999566793442,0.09999997168779373,0,0.0006861621513962746,0,0.004799995571374893,10,60495.94140625,60496.33203125,-10127.447265625,0,23.444459915161133
0.09948499500751495,0.09999997168779373,0,0.0006861621513962746,0,0.004849995486438274,10,66335.0078125,66335.3984375,-10472.1787109375,0,23.444459915161133
0.09948999434709549,0.09999997168779373,0,0.0006861621513962746,0,0.004899995401501656,10,72727.5234375,72727.921875,-10846.935546875,0,23.444459915161133
0.09949500113725662,0.09999997168779373,0,0.0006861621513962746,0,0.004949995316565037,10,79331.3984375,79331.7890625,-11235.9208984375,0,23.444459915161133
0.09950000047683716,0.09999997168779373,0,0.0006861621513962746,0,0.004999995231628418,10,85830.40625,85830.7890625,-11624.3798828125,0,23.444459915161133
0.09950000047683716,0.09999997168779373,0,0.0006861621513962746,0,0.005049995146691799,10,91953.734375,91954.109375,-11999.505859375,0,23.444459915161133
0.0995049998164177,0.09999997168779373,0,0.0005755103193223476,0,0.005034716799855232,-3.0556490421295166,81171.5546875,81171.90625,-11467.1630859375,0,3.570115327835083
0.09950999915599823,0.09999997168779373,0,0.00037171790609136224,0,0.004990237765014172,-8.895827293395996,63099.21875,63099.53515625,-10543.6708984375,0,3.570115327835083
0.09951499849557877,0.09999997168779373,0,0.0001920514041557908,0,0.004918909166008234,-14.265674591064453,39283.1953125,39283.47265625,-9305.6259765625,0,3.570115327835083
0.0995199978351593,0.09999997168779373,0,0.000041340026655234396,0,0.00482388399541378,-19.004989624023438,11747.408203125,11747.64453125,-7853.4755859375,0,3.570115327835083
0.09952499717473984,0.09999997168779373,0,-0.0000778504618210718,0,0.004708860535174608,-23.004730224609375,17181.537109375,-17181.34375,-6302.88330078125,0,3.570115327835083
0.09952999651432037,0.09999997168779373,0,-0.0001655041560297832,0,0.004577786661684513,-26.214763641357422,45074.59375,-45074.4375,-4774.83837890625,0,3.570115327835083
0.09953499585390091,0.09999997168779373,0,-0.0002242053597001359,0,0.004434553906321526,-28.646568298339844,69608.46875,-69608.34375,-3385.358154296875,0,3.570115327835083
0.09953999519348145,0.09999997168779373,0,-0.0002589265932328999,0,0.00428270036354661,-30.370716094970703,88763.8046875,-88763.703125,-2235.6796875,0,3.570115327835083
0.09954499453306198,0.09999997168779373,0,-0.00027655670419335365,0,0.00412515364587307,-31.50933837890625,100996.09375,-100996,-1403.7882080078125,0,3.570115327835083
0.09954999387264252,0.09999997168779373,0,-0.0002852044999599457,0,0.003964032046496868,-32.224281311035156,105364.546875,-105364.4609375,-938.0158081054688,0,3.570115327835083
0.09955500066280365,0.09999997168779373,0,-0.0002933496725745499,0,0.003800522070378065,-32.70201110839844,101608.078125,-101607.9765625,-853.2389526367188,0,3.570115327835083
0.09956000000238419,0.09999997168779373,0,-0.00030893972143530846,0,0.003634839318692684,-33.136558532714844,90161.671875,-90161.5703125,-1130.015625,0,3.570115327835083
0.09956499934196472,0.09999997168779373,0,-0.00033854786306619644,0,0.003466279013082385,-33.712074279785156,72112.4375,-72112.3203125,-1716.7021484375,0,3.570115327835083
0.09956999868154526,0.09999997168779373,0,-0.00038670306093990803,0,0.003293347079306841,-34.58638000488281,49098.96484375,-49098.83203125,-2534.357421875,0,3.570115327835083
0.0995749980211258,0.09999997168779373,0,-0.00045548053458333015,0,0.0031139615457504988,-35.87712097167969,23163.533203125,-23163.392578125,-3483.985595703125,0,3.570115327835083
0.09957999736070633,0.09999997168779373,0,-0.0005444043781608343,0,0.002925704000517726,-37.65149688720703,3429.999755859375,3430.14208984375,-4455.4775390625,0,3.570115327835083
0.09958499670028687,0.09999997168779373,0,-0.0006506646750494838,0,0.0027261008508503437,-39.920654296875,28396.263671875,28396.40234375,-5337.44384765625,0,3.570115327835083
0.0995899960398674,0.09999996423721313,0,-0.0007696065586060286,0,0.002512905979529023,-42.63899230957031,49628.94140625,49629.04296875,-6027.08740234375,0,3.570115327835083
0.09959499537944794,0.09999995678663254,0,-0.0008716927841305733,0,0.002284363145008683,-45.70856475830078,65383.91015625,65383.97265625,-6439.2333984375,0,3.570115327835083
0.09959999471902847,0.09999994933605194,0,-0.0009510553209111094,0,0.002039422979578376,-48.988037109375,74429.3125,74429.34375,-6513.734375,0,3.570115327835083
0.09960499405860901,0.09999994188547134,0,-0.0010024778312072158,0,0.001777895726263523,-52.305458068847656,76149.3359375,76149.3359375,-6220.61376953125,0,3.570115327835083
0.09961000084877014,0.09999993443489075,0,-0.0010216854279860854,0,0.0015005278401076794,-55.47358703613281,70588.8359375,70588.8203125,-5562.3017578125,0,3.570115327835083
0.09961500018835068,0.09999992698431015,0,-0.0010038119507953525,0,0.0012089957017451525,-58.30644226074219,58452.88671875,58452.85546875,-4573.6689453125,0,3.570115327835083
0.09961999952793121,0.09999991953372955,0,-0.0009484481997787952,0,0.000905816734302789,-60.63579559326172,41026.8203125,41026.78515625,-3318.131591796875,0,3.570115327835083
0.09962499886751175,0.09999991208314896,0,-0.0008570312056690454,0,0.0005941882263869047,-62.325706481933594,20060.138671875,20060.11328125,-1882.000244140625,0,3.570115327835083
0.09962999820709229,0.09999991208314896,0,-0.0007325551705434918,0,0.0002777672198135406,-63.284202575683594,2393.406494140625,-2393.416259765625,-366.6571960449219,0,3.570115327835083
0.09963499754667282,0.09999991208314896,0,-0.0006052106618881226,0,-0.000039587466744706035,-63.47093963623047,24169.126953125,-24169.12109375,1120.9124755859375,0,3.570115327835083
0.09963999688625336,0.09999991208314896,0,-0.00047921427176333964,0,-0.00035408776602707803,-62.900062561035156,43182.52734375,-43182.5078125,2477.4794921875,0,3.570115327835083
0.09964499622583389,0.09999991208314896,0,-0.0003583588404580951,0,-0.0006622791988775134,-61.63829040527344,57619.796875,-57619.7578125,3612.91455078125,0,3.570115327835083
0.09964999556541443,0.09999991208314896,0,-0.0002455483772791922,0,-0.0009612704161554575,-59.798248291015625,66101.4609375,-66101.4140625,4458.21728515625,0,3.570115327835083
0.09965499490499496,0.09999991208314896,0,-0.0001424676738679409,0,-0.0012489089276641607,-57.52769470214844,67806.3984375,-67806.34375,4971.60595703125,0,3.570115327835083
0.0996599942445755,0.09999991208314896,0,-0.00004943247768096626,0,-0.0015238872729241848,-54.99567413330078,62530.8359375,-62530.7734375,5141.408203125,0,3.570115327835083
0.09966500103473663,0.09999991208314896,0,0.000034559809137135744,0,-0.0017857730854302645,-52.377174377441406,50764.5625,-50764.49609375,4989.8720703125,0,3.570115327835083
0.09967000037431717,0.09999991208314896,0,0.00011155998799949884,0,-0.002034952398389578,-49.835853576660156,33556.51953125,-33556.4453125,4566.494140625,0,3.570115327835083
0.0996749997138977,0.09999991208314896,0,0.00018424511654302478,0,-0.0022725032176822424,-47.510154724121094,12479.392578125,-12479.3173828125,3946.365966796875,0,3.570115327835083
0.09967999905347824,0.09999991208314896,0,0.0002553624508436769,0,-0.0025000046007335186,-45.50028991699219,10528.548828125,10528.6279296875,3222.420166015625,0,3.570115327835083
0.09968499839305878,0.09999991208314896,0,0.0003271322639193386,0,-0.0027193003334105015,-43.85912322998047,33339.73046875,33339.8125,2496.80322265625,0,3.570115327835083
0.09968999773263931,0.09999991208314896,0,0.0004006933013442904,0,-0.0029322379268705845,-42.58750915527344,53830.96875,53831.05078125,1871.40185546875,0,3.570115327835083
0.09969499707221985,0.09999991208314896,0,0.0004756763228215277,0,-0.00314040994271636,-41.63441467285156,70077.2421875,70077.328125,1438.3668212890625,0,3.570115327835083
0.09969999641180038,0.09999991208314896,0,0.0005499959806911647,0,-0.0033449192997068167,-40.90186309814453,80528.2734375,80528.3515625,1271.4859619140625,0,3.570115327835083
0.09970499575138092,0.09999991208314896,0,0.000619886617641896,0,-0.0035461909137666225,-40.254302978515625,84151.9765625,84152.0234375,1419.185546875,0,3.570115327835083
0.09970999509096146,0.09999991208314896,0,0.0006801694980822504,0,-0.003743848530575633,-39.531517028808594,80532.4609375,80532.4921875,1899.760986328125,0,3.570115327835083
0.09971499443054199,0.09999991208314896,0,0.000725634687114507,0,-0.0039366683922708035,-38.56398010253906,69910.953125,69910.953125,2699.42333984375,0,3.570115327835083
0.09971999377012253,0.09999991953372955,0,0.0007505457033403218,0,-0.004122614394873381,-37.189178466796875,53169.90234375,53169.8203125,3773.119873046875,0,3.570115327835083
0.09972500056028366,0.09999991953372955,0,0.0007253391086123884,0,-0.00429895194247365,-35.267547607421875,31759.41796875,31759.294921875,5048.1826171875,0,3.570115327835083
0.0997299998998642,0.09999991953372955,0,0.0006694252952001989,0,-0.004462434444576502,-32.696533203125,7571.65234375,7571.4775390625,6430.54541015625,0,3.570115327835083
0.09973499923944473,0.09999991953372955,0,0.0005802957457490265,0,-0.004609541967511177,-29.42148208618164,17225.2265625,-17225.453125,7812.91650390625,0,3.570115327835083
0.09973999857902527,0.09999991953372955,0,0.0004577126237563789,0,-0.004736754111945629,-25.442398071289063,40378.63671875,-40378.91015625,9084.2109375,0,3.570115327835083
0.0997449979186058,0.09999991953372955,0,0.0003039721050299704,0,-0.004840833134949207,-20.81584930419922,59752.07421875,-59752.38671875,10139.3994140625,0,3.570115327835083
0.09974999725818634,0.09999991953372955,0,0.00012392838834784925,0,-0.004919092636555433,-15.651896476745605,73516.8125,-73517.15625,10888.9208984375,0,3.570115327835083
0.09975499659776688,0.09999991953372955,0,-0.00007522758096456528,0,-0.004969623871147633,-10.10621452331543,80317.6796875,-80318.046875,11266.802734375,0,3.570115327835083
0.09975999593734741,0.09999991953372955,0,-0.0002844197442755103,0,-0.00499146431684494,-4.36807918548584,79398.203125,-79398.5703125,11236.7744140625,0,3.570115327835083
0.09976499527692795,0.09999991953372955,0,-0.000493336352519691,0,-0.0049846903420984745,1.3547625541687012,70673.6875,-70674.046875,10795.8154296875,0,3.570115327835083
0.09976999461650848,0.09999991953372955,0,-0.0006912262178957462,0,-0.004950425121933222,6.853026390075684,54745.75390625,-54746.08203125,9974.8095703125,0,3.570115327835083
0.09977499395608902,0.09999991208314896,0,-0.000867777387611568,0,-0.004890759475529194,11.933155059814453,32856.52734375,-32856.76171875,8836.232421875,0,3.570115327835083
0.09978000074625015,0.09999990463256836,0,-0.0009902818128466606,0,-0.004808592610061169,16.43341064453125,6786.18798828125,-6786.314453125,7469.05810546875,0,3.570115327835083
0.09978500008583069,0.09999989718198776,0,-0.001052239676937461,0,-0.004707405809313059,20.237369537353516,21297.0703125,21297.0546875,5981.31298828125,0,3.570115327835083
0.09978999942541122,0.09999988973140717,0,-0.0010502506047487259,0,-0.0045909876935184,23.283626556396484,49024,49024.10546875,4490.82470703125,0,3.570115327835083
0.09979499876499176,0.09999988228082657,0,-0.0009819979313760996,0,-0.004463133867830038,25.570785522460938,74023.8359375,74024.046875,3115.36572265625,0,3.570115327835083
0.0997999981045723,0.09999987483024597,0,-0.0008494104258716106,0,-0.004327346570789814,27.157428741455078,94130.96875,94131.2890625,1962.445556640625,0,3.570115327835083
0.09980499744415283,0.09999987483024597,0,-0.0006593824364244938,0,-0.004186562262475491,28.15689468383789,107573.7421875,107574.0703125,1120.0047607421875,0,3.570115327835083
0.09980999678373337,0.09999987483024597,0,-0.0004475480236578733,0,-0.004042925778776407,28.727310180664063,113133.6640625,113134.0078125,648.5491333007813,0,3.570115327835083
0.0998149961233139,0.09999987483024597,0,-0.0002247314841952175,0,-0.0038976375944912434,29.057613372802734,110228.2265625,110228.5625,577.1133422851563,0,3.570115327835083
0.09981999546289444,0.09999987483024597,0,-0.0000020047446014359593,0,-0.00375088001601398,29.35153579711914,99045.015625,99045.328125,896.6023559570313,0,3.570115327835083
0.09982499480247498,0.09999987483024597,0,0.0002104044979205355,0,-0.003601839067414403,29.808170318603516,80411.3515625,80411.6328125,1566.327392578125,0,3.570115327835083
0.09982999414205551,0.09999987483024597,0,0.0004039754858240485,0,-0.0034488094970583916,30.60589599609375,55803.59375,55803.83203125,2513.5244140625,0,3.570115327835083
0.09983500093221664,0.09999987483024597,0,0.0005725711234845221,0,-0.0032893794123083353,31.886024475097656,27203.873046875,27204.068359375,3640.458984375,0,3.570115327835083
0.09984000027179718,0.09999987483024597,0,0.0007127798744477332,0,-0.0031206789426505566,33.74009704589844,3067.853759765625,-3067.700927734375,4832.74609375,0,3.570115327835083
0.09984499961137772,0.09999988228082657,0,0.0008239182061515749,0,-0.002939671976491809,36.201393127441406,32549.123046875,-32549.0390625,5969.0126953125,0,3.570115327835083
0.09984999895095825,0.09999988973140717,0,0.0008817033958621323,0,-0.0027434651274234056,39.24138641357422,58850.1953125,-58850.171875,6931.546875,0,3.570115327835083
0.09985499829053879,0.09999989718198776,0,0.0008903740090318024,0,-0.002529607154428959,42.77159118652344,79851.734375,-79851.75,7616.08056640625,0,3.570115327835083
0.09985999763011932,0.09999990463256836,0,0.0008561337017454207,0,-0.0022963550873100758,46.650428771972656,93888.375,-93888.4140625,7940.8759765625,0,3.570115327835083
0.09986499696969986,0.09999991208314896,0,0.0007889741682447493,0,-0.002042881678789854,50.69468688964844,99882.5625,-99882.6171875,7853.349609375,0,3.570115327835083
0.0998699963092804,0.09999991208314896,0,0.0006958749727346003,0,-0.0017694098642095923,54.694366455078125,97441.6796875,-97441.7265625,7334.89599609375,0,3.570115327835083
0.09987499564886093,0.09999991208314896,0,0.000607210851740092,0,-0.00147725990973413,58.43000030517578,86886.109375,-86886.140625,6402.2900390625,0,3.570115327835083
0.09987999498844147,0.09999991208314896,0,0.0005285961669869721,0,-0.0011688065715134144,61.69065856933594,69218.5,-69218.5234375,5106.1904296875,0,3.570115327835083
0.099884994328022,0.09999991208314896,0,0.00046444201143458486,0,-0.000847350456751883,64.29122161865234,46034.375,-46034.38671875,3526.740478515625,0,3.570115327835083
0.09989000111818314,0.09999991208314896,0,0.00041796243749558926,0,-0.0005169135984033346,66.0873794555664,19381.986328125,-19381.990234375,1766.660888671875,0,3.570115327835083
0.09989500045776367,0.09999991208314896,0,0.0003913064720109105,0,-0.00018197795725427568,66.98712921142578,8416.181640625,8416.181640625,-57.556209564208984,0,3.570115327835083
0.09989999979734421,0.09999991208314896,0,0.0003857719711959362,0,0.00015281111700460315,66.95781707763672,34966.0625,34966.0625,-1825.65771484375,0,3.570115327835083
0.09990499913692474,0.09999991208314896,0,0.00040378753328695893,0,0.0004829512326978147,66.02802276611328,58004.9765625,58004.96875,-3423.658935546875,0,3.570115327835083
0.09990999847650528,0.09999991208314896,0,0.00044648308539763093,0,0.000804373063147068,64.28437042236328,75597.5859375,75597.5546875,-4753.5419921875,0,3.570115327835083
0.09991499781608582,0.09999991208314896,0,0.0005141588044352829,0,0.0011136900866404176,61.86341094970703,86300.328125,86300.2890625,-5741.41162109375,0,3.570115327835083
0.09991999715566635,0.09999991208314896,0,0.0006069860537536442,0,0.001408386742696166,58.9393310546875,89281.2890625,89281.2265625,-6343.4482421875,0,3.570115327835083
0.09992499649524689,0.09999991208314896,0,0.0007250526105053723,0,0.0016869299579411745,55.708641052246094,84362.9921875,84362.890625,-6548.068359375,0,3.570115327835083
0.09992999583482742,0.09999991953372955,0,0.0008683069027028978,0,0.0019487986573949456,52.373741149902344,72123.375,72123.2578125,-6381.02783203125,0,3.570115327835083
0.09993499517440796,0.09999992698431015,0,0.0010102761443704367,0,0.002194418106228113,49.12390899658203,53703.171875,53703.0390625,-5895.8916015625,0,3.570115327835083
0.0999399945139885,0.09999993443489075,0,0.001150431577116251,0,0.0024250238202512264,46.12115478515625,30787.6328125,30787.4921875,-5173.259765625,0,3.570115327835083
0.09994499385356903,0.09999994188547134,0,0.0012877688277512789,0,0.0026424559764564037,43.48643493652344,5432.03759765625,5431.8916015625,-4312.20556640625,0,3.570115327835083
0.09995000064373016,0.09999994933605194,0,0.001420424785465002,0,0.0028489071410149336,41.290245056152344,20122.908203125,-20123.05078125,-3421.2275390625,0,3.570115327835083
0.0999549999833107,0.09999995678663254,0,0.0015452944207936525,0,0.003046646248549223,39.547828674316406,43650.64453125,-43650.77734375,-2608.448974609375,0,3.570115327835083
0.09995999932289124,0.09999996423721313,0,0.001657754648476839,0,0.003237742930650711,38.21935272216797,63135.625,-63135.73046875,-1971.942626953125,0,3.570115327835083
0.09996499866247177,0.09999997168779373,0,0.0017515686340630054,0,0.003423818154260516,37.215049743652344,76950.0234375,-76950.09375,-1591.031494140625,0,3.570115327835083
0.09996999800205231,0.09999997913837433,0,0.0018190245609730482,0,0.0036058418918401003,36.404747009277344,83996.6328125,-83996.640625,-1519.24609375,0,3.570115327835083
0.09997499734163284,0.09999998658895493,0,0.0018533931579440832,0,0.0037839969154447317,35.631004333496094,83798.71875,-83798.65625,-1779.8720703125,0,3.570115327835083
0.09997999668121338,0.09999999403953552,0,0.0018476333934813738,0,0.003957619424909353,34.724525451660156,76537.140625,-76536.9921875,-2364.0986328125,0,3.570115327835083
0.09998499602079391,0.10000000149011612,0,0.0017930686008185148,0,0.004125222098082304,33.52050018310547,63031.6171875,-63031.36328125,-3231.887939453125,0,3.570115327835083
0.09998999536037445,0.10000000894069672,0,0.0016820819582790136,0,0.004284594673663378,31.87451171875,44660.484375,-44660.1171875,-4315.87939453125,0,3.570115327835083
0.09999499469995499,0.10000001639127731,0,0.0015089758671820164,0,0.004432976711541414,29.67645263671875,23232.25390625,-23231.76171875,-5527.65625,0,3.570115327835083
0.09999999403953552,0.10000002384185791,0,0.001270713983103633,0,0.004567282740026712,26.86124038696289,819.0587158203125,-818.4379272460938,-6765.88671875,0,3.570115327835083
0.10000500082969666,0.10000003129243851,0,0.0009674488101154566,0,0.0046843597665429115,23.415401458740234,20432.966796875,20433.708984375,-7925.6025390625,0,3.570115327835083
0.10001000016927719,0.10000003129243851,0,0.0006027678027749062,0,0.004781254567205906,19.378925323486328,38499.453125,38500.2578125,-8907.77734375,0,3.570115327835083
0.10001499950885773,0.10000003129243851,0,0.0002073351788567379,0,0.004855465609580278,14.842231750488281,51661.90234375,51662.75,-9628.3525390625,0,3.570115327835083
0.10001999884843826,0.10000003129243851,0,-0.00020931065955664963,0,0.0049051581881940365,9.938552856445313,58664.1640625,58665.02734375,-10025.88671875,0,3.570115327835083
0.1000249981880188,0.10000003129243851,0,-0.0006357081583701074,0,0.0049293204210698605,4.83241081237793,58826.7890625,58827.65625,-10067.166015625,0,3.570115327835083
0.10002999752759933,0.10000002384185791,0,-0.0010593481129035354,0,0.0049278466030955315,-0.2947545051574707,52109.3828125,52110.17578125,-9750.2392578125,0,3.570115327835083
0.10003499686717987,0.10000001639127731,0,-0.001443958026356995,0,0.004901544190943241,-5.260510444641113,39114.92578125,39115.62109375,-9104.64453125,0,3.570115327835083
0.1000399962067604,0.10000000894069672,0,-0.0017783361254259944,0,0.004852056968957186,-9.897467613220215,21036.28125,21036.859375,-8188.76123046875,0,3.570115327835083
0.10004499554634094,0.10000000149011612,0,-0.0020535693038254976,0,0.0047817169688642025,-14.06796932220459,450.9534912109375,-450.50030517578125,-7084.564453125,0,3.570115327835083
0.10004999488592148,0.09999998658895493,0,-0.002263780450448394,0,0.004693336319178343,-17.676109313964844,23339.392578125,-23339.119140625,-5890.21630859375,0,3.570115327835083
0.10005499422550201,0.09999997168779373,0,-0.0023828919511288404,0,0.0045899562537670135,-20.67597198486328,45471.50390625,-45471.40234375,-4711.17138671875,0,3.570115327835083
0.10006000101566315,0.09999995678663254,0,-0.002412590431049466,0,0.004474579356610775,-23.07535171508789,64735.2421875,-64735.29296875,-3650.58642578125,0,3.570115327835083
0.10006500035524368,0.09999994188547134,0,-0.002358346013352275,0,0.004349906463176012,-24.934581756591797,79261.46875,-79261.671875,-2799.65234375,0,3.570115327835083
0.10006999969482422,0.09999993443489075,0,-0.0022225973661988974,0,0.004218104295432568,-26.360431671142578,87578.5234375,-87578.8046875,-2230.059814453125,0,3.570115327835083
0.10007499903440475,0.09999992698431015,0,-0.0020434691105037928,0,0.004080623388290405,-27.496192932128906,88770.2734375,-88770.6015625,-1986.252197265625,0,3.570115327835083
0.10007999837398529,0.09999991953372955,0,-0.0018342826515436172,0,0.003938084468245506,-28.507781982421875,82529.3359375,-82529.671875,-2082.895263671875,0,3.570115327835083
0.10008499771356583,0.09999991208314896,0,-0.001608559861779213,0,0.0037902414333075285,-29.568592071533203,69285.40625,-69285.75,-2498.53271484375,0,3.570115327835083
0.10008999705314636,0.09999990463256836,0,-0.0013789273798465729,0,0.003636036068201065,-30.841083526611328,50039.01171875,-50039.33203125,-3183.926513671875,0,3.570115327835083
0.1000949963927269,0.09999989718198776,0,-0.0011562895961105824,0,0.003473722841590643,-32.462642669677734,26364.275390625,-26364.5703125,-4061.884033203125,0,3.570115327835083
0.10009999573230743,0.09999988973140717,0,-0.0009491846431046724,0,0.0033010661136358976,-34.53134536743164,253.88568115234375,-254.14193725585938,-5034.9384765625,0,3.570115327835083
0.10010499507188797,0.09999988228082657,0,-0.0007634477224200964,0,0.0031155881006270647,-37.09561538696289,26053.935546875,26053.71875,-5993.8740234375,0,3.570115327835083
0.1001099944114685,0.09999988228082657,0,-0.0006021655863150954,0,0.0029148466419428587,-40.14827346801758,50269.49609375,50269.3515625,-6827.28564453125,0,3.570115327835083
0.10011499375104904,0.09999988228082657,0,-0.000491971499286592,0,0.0026967197190970182,-43.6253776550293,70259.3671875,70259.2890625,-7431.79296875,0,3.570115327835083
0.10012000054121017,0.09999988228082657,0,-0.0004307107883505523,0,0.002459667855873704,-47.41035842895508,84230.4375,84230.4140625,-7721.07763671875,0,3.570115327835083
0.10012499988079071,0.09999988228082657,0,-0.0004140313249081373,0,0.0022029546089470387,-51.34267044067383,90893.046875,90893.046875,-7633.88037109375,0,3.570115327835083
0.10012999922037125,0.09999988228082657,0,-0.0004359654267318547,0,0.0019268017495051026,-55.23057174682617,89580.8828125,89580.90625,-7139.8623046875,0,3.570115327835083
0.10013499855995178,0.09999988228082657,0,-0.00048707181122154,0,0.0016324673779308796,-58.86687088012695,80310.125,80310.1640625,-6242.45458984375,0,3.570115327835083
0.10013999789953232,0.09999988228082657,0,-0.000559511361643672,0,0.0013222367269918323,-62.04612350463867,63788.609375,63788.6484375,-4979.25537109375,0,3.570115327835083
0.10014499723911285,0.09999988228082657,0,-0.0006463192403316498,0,0.0009993265848606825,-64.58203887939453,41359.35546875,41359.390625,-3419.197998046875,0,3.570115327835083
0.10014999657869339,0.09999988228082657,0,-0.0007408339297398925,0,0.0006677095079794526,-66.32341766357422,14889.041015625,14889.0712890625,-1656.990234375,0,3.570115327835083
0.10015499591827393,0.09999987483024597,0,-0.0008368524722754955,0,0.000331872928654775,-67.16732025146484,13389.484375,-13389.4697265625,194.69923400878906,0,3.570115327835083
0.10015999525785446,0.09999986737966537,0,-0.0009049659129232168,0,-0.0000034678378142416477,-67.06815338134766,41067.4375,-41067.43359375,2014.6619873046875,0,3.570115327835083
0.100164994597435,0.09999985992908478,0,-0.0009403309086337686,0,-0.00033367829746566713,-66.0420913696289,65766.6328125,-65766.6328125,3683.3701171875,0,3.570115327835083
0.10016999393701553,0.09999985247850418,0,-0.0009386345045641065,0,-0.0006545090582221746,-64.1661605834961,85347.015625,-85347.0078125,5093.2392578125,0,3.570115327835083
0.10017500072717667,0.09999984502792358,0,-0.0008920753607526422,0,-0.0009623700752854347,-61.57219696044922,98082.390625,-98082.3671875,6157.3046875,0,3.570115327835083
0.1001800000667572,0.09999983757734299,0,-0.0007971397135406733,0,-0.0012545515783131123,-58.436309814453125,102819.21875,-102819.1640625,6817.0732421875,0,3.570115327835083
0.10018499940633774,0.09999983757734299,0,-0.000650799716822803,0,-0.0015293735777959228,-54.96440124511719,99044.890625,-99044.7890625,7045.86669921875,0,3.570115327835083
0.10018999874591827,0.09999983757734299,0,-0.000476569781312719,0,-0.0017862534150481224,-51.37596893310547,87045.53125,-87045.3984375,6856.68310546875,0,3.570115327835083
0.10019499808549881,0.09999983757734299,0,-0.0002719881013035774,0,-0.002025672933086753,-47.883888244628906,67725.1796875,-67724.9921875,6293.15576171875,0,3.570115327835083
0.10019999742507935,0.09999983757734299,0,-0.00003494865813991055,0,-0.002249066950753331,-44.678810119628906,42628.43359375,-42628.1796875,5430.72705078125,0,3.570115327835083
0.10020499676465988,0.09999983757734299,0,0.00023588872863911092,0,-0.0024586317595094442,-41.9129638671875,13786.1025390625,-13785.78125,4369,0,3.570115327835083
0.10020999610424042,0.09999983757734299,0,0.000540588516741991,0,-0.0026570709887892008,-39.68785095214844,16457.76953125,16458.16015625,3223.18212890625,0,3.570115327835083
0.10021499544382095,0.09999984502792358,0,0.0008774050511419773,0,-0.002847302472218871,-38.046295166015625,45643.91015625,45644.328125,2114.2978515625,0,3.570115327835083
0.10021999478340149,0.09999985247850418,0,0.0012162358034402132,0,-0.0030321499798446894,-36.96949005126953,71412.8203125,71413.265625,1158.5419921875,0,3.570115327835083
0.10022499412298203,0.09999985992908478,0,0.001551029272377491,0,-0.0032140472903847694,-36.37944793701172,91699.671875,91700.125,457.64422607421875,0,3.570115327835083
0.10023000091314316,0.09999986737966537,0,0.0018736987840384245,0,-0.0033947790507227182,-36.14636993408203,104910.828125,104911.25,90.12696075439453,0,3.570115327835083
0.1002350002527237,0.09999987483024597,0,0.0021743851248174906,0,-0.003575281472876668,-36.10047149658203,110057.2421875,110057.6328125,104.68183135986328,0,3.570115327835083
0.10023999959230423,0.09999988973140717,0,0.0024420234840363264,0,-0.003755517303943634,-36.047157287597656,106816.953125,106817.234375,517.0765991210938,0,3.570115327835083
0.10024499893188477,0.09999990463256836,0,0.002639062935486436,0,-0.0039344364777207375,-35.7838134765625,95641.9296875,95642.078125,1304.7779541015625,0,3.570115327835083
0.1002499982714653,0.09999991953372955,0,0.0027551306411623955,0,-0.0041100331582129,-35.119293212890625,77573.328125,77573.3203125,2416.139892578125,0,3.570115327835083
0.10025499761104584,0.09999993443489075,0,0.0027850447222590446,0,-0.004279477056115866,-33.888763427734375,54252.34765625,54252.1875,3769.764404296875,0,3.570115327835083
0.10025999695062637,0.09999994933605194,0,0.0027272645384073257,0,-0.004439321346580982,-31.968839645385742,27749.359375,27749.033203125,5262.9306640625,0,3.570115327835083
0.10026499629020691,0.09999996423721313,0,0.0025797164998948574,0,-0.004585763439536095,-29.288450241088867,375.1539611816406,374.6640319824219,6780.892578125,0,3.570115327835083
0.10026999562978745,0.09999997913837433,0,0.00234405929222703,0,-0.004714938346296549,-25.834970474243164,25517.5703125,-25518.216796875,8206.6669921875,0,3.570115327835083
0.10027499496936798,0.09999998658895493,0,0.0020257257856428623,0,-0.004823215305805206,-21.655349731445313,47738.14453125,-47738.87890625,9431.09765625,0,3.570115327835083
0.10027999430894852,0.09999999403953552,0,0.00165734370239079,0,-0.004907475784420967,-16.852130889892578,64446.12109375,-64446.92578125,10362.166015625,0,3.570115327835083
0.10028500109910965,0.10000000149011612,0,0.0012503291945904493,0,-0.004965349566191435,-11.574724197387695,74307.90625,-74308.7578125,10932.73828125,0,3.570115327835083
0.10029000043869019,0.10000000894069672,0,0.0008177876006811857,0,-0.004995383322238922,-6.00672721862793,76607.71875,-76608.59375,11106.0849609375,0,3.570115327835083
0.10029499977827072,0.10000000894069672,0,0.0003735627979040146,0,-0.004997135605663061,-0.3504447937011719,71303.734375,-71304.5546875,10878.7001953125,0,3.570115327835083
0.10029999911785126,0.10000000894069672,0,-0.00004504338721744716,0,-0.0049711852334439754,5.1900315284729,59024.4609375,-59025.2109375,10280.1845703125,0,3.570115327835083
0.1003049984574318,0.10000000894069672,0,-0.0004260324640199542,0,-0.004919056780636311,10.42568588256836,41006.484375,-41007.140625,9370.236328125,0,3.570115327835083
0.10030999779701233,0.10000000149011612,0,-0.0007598120719194412,0,-0.00484306737780571,15.197908401489258,18978.853515625,-18979.365234375,8233.015625,0,3.570115327835083
0.10031499713659286,0.09999999403953552,0,-0.0010160983074456453,0,-0.004746112506836653,19.390947341918945,4995.23681640625,4994.8759765625,6969.40234375,0,3.570115327835083
0.1003199964761734,0.09999998658895493,0,-0.0011920942924916744,0,-0.004631410352885723,22.9404354095459,28705.064453125,28704.845703125,5687.849609375,0,3.570115327835083
0.10032499581575394,0.09999997913837433,0,-0.0012888514902442694,0,-0.0045022242702543736,25.83723258972168,49990.921875,49990.83984375,4494.6396484375,0,3.570115327835083
0.10032999515533447,0.09999997168779373,0,-0.001311049796640873,0,-0.004361592698842287,28.126333236694336,66936.875,66936.90625,3484.418701171875,0,3.570115327835083
0.10033499449491501,0.09999996423721313,0,-0.001266497652977705,0,-0.004212087951600552,29.90093421936035,78043.7890625,78043.9296875,2731.6806640625,0,3.570115327835083
0.10033999383449554,0.09999995678663254,0,-0.0011611715890467167,0,-0.004055627156049013,31.29216766357422,82351.1640625,82351.390625,2284.7763671875,0,3.570115327835083
0.10034500062465668,0.09999994933605194,0,-0.0010067371185868979,0,-0.003893348155543208,32.45579528808594,79509.6953125,79509.9609375,2162.3291015625,0,3.570115327835083
0.10034999996423721,0.09999994188547134,0,-0.0008163008606061339,0,-0.0037255629431456327,33.55706024169922,69878.78125,69879.09375,2348.3466796875,0,3.570115327835083
0.10035499930381775,0.09999994188547134,0,-0.0006026639603078365,0,-0.0035517977084964514,34.75306701660156,54391.79296875,54392.08203125,2798.898193359375,0,3.570115327835083
0.10035999864339828,0.09999994188547134,0,-0.0004035900055896491,0,-0.0033709050621837378,36.17853546142578,34523.08203125,34523.328125,3443.635498046875,0,3.570115327835083
0.10036499798297882,0.09999994188547134,0,-0.00022851608810015023,0,-0.0031812433153390884,37.93236541748047,12144.099609375,12144.2998046875,4192.83056640625,0,3.570115327835083
0.10036999732255936,0.09999994188547134,0,-0.00008425954729318619,0,-0.0029809046536684036,40.06775665283203,10650.126953125,-10649.978515625,4945.85546875,0,3.570115327835083
0.10037499666213989,0.09999994188547134,0,0.000025076005840674043,0,-0.0027679712511599064,42.58666229248047,31732.54296875,-31732.4453125,5600.54638671875,0,3.570115327835083
0.10037999600172043,0.09999994188547134,0,0.00009793108620215207,0,-0.0025407762732356787,45.438995361328125,49138.30859375,-49138.2578125,6062.70263671875,0,3.570115327835083
0.10038499534130096,0.09999994188547134,0,0.00013490935089066625,0,-0.00229814276099205,48.526702880859375,61244.33203125,-61244.31640625,6254.86474609375,0,3.570115327835083
0.1003899946808815,0.09999994188547134,0,0.00013825861969962716,0,-0.0020395813044160604,51.7122802734375,66918.1640625,-66918.171875,6123.5869140625,0,3.570115327835083
0.10039499402046204,0.09999994188547134,0,0.00011154403910040855,0,-0.0017654263647273183,54.83099365234375,65624.046875,-65624.0859375,5644.61474609375,0,3.570115327835083
0.10040000081062317,0.09999994188547134,0,0.00006119169120211154,0,-0.0014768975088372827,57.705772399902344,57468.234375,-57468.2734375,4825.072265625,0,3.570115327835083
0.1004050001502037,0.09999994188547134,0,-0.000008956245437730104,0,-0.001176081714220345,60.16316223144531,43197.671875,-43197.71484375,3703.380615234375,0,3.570115327835083
0.10040999948978424,0.09999994188547134,0,-0.00009537299047224224,0,-0.000865835347212851,62.049278259277344,24133.12109375,-24133.1640625,2345.94921875,0,3.570115327835083
0.10041499882936478,0.09999994188547134,0,-0.00019499784684740007,0,-0.000549615069758147,63.244056701660156,2052.141357421875,-2052.174560546875,841.41455078125,0,3.570115327835083
0.10041999816894531,0.09999994188547134,0,-0.00030522080487571657,0,-0.00023125216830521822,63.672584533691406,20969.646484375,20969.625,-707.1597900390625,0,3.570115327835083
0.10042499750852585,0.09999994188547134,0,-0.0004237207176629454,0,0.00008530999184586108,63.31243133544922,42744.9140625,42744.91015625,-2191.434326171875,0,3.570115327835083
0.10042999684810638,0.09999994188547134,0,-0.0005481959087774158,0,0.0003962916962336749,62.19634246826172,61172.046875,61172.05859375,-3507.477783203125,0,3.570115327835083
0.10043499618768692,0.09999994188547134,0,-0.0006760425167158246,0,0.0006983416387811303,60.409996032714844,74426.078125,74426.109375,-4565.12353515625,0,3.570115327835083
0.10043999552726746,0.09999993443489075,0,-0.0008040457032620907,0,0.000988766667433083,58.084999084472656,81126.078125,81126.109375,-5296.16015625,0,3.570115327835083
0.10044499486684799,0.09999992698431015,0,-0.0009044380858540535,0,0.0012657050974667072,55.38768768310547,80463.8515625,80463.875,-5660.6181640625,0,3.570115327835083
0.10044999420642853,0.09999991953372955,0,-0.0009726285934448242,0,0.0015282288659363985,52.5047607421875,72282.546875,72282.5625,-5650.5810546875,0,3.570115327835083
0.10045500099658966,0.09999991208314896,0,-0.0010035873856395483,0,0.0017763635842129588,49.62694549560547,57095.3984375,57095.3828125,-5291.05517578125,0,3.570115327835083
0.1004600003361702,0.09999990463256836,0,-0.0009892114903777838,0,0.002011024858802557,46.93223571777344,36053.22265625,36053.15234375,-4638.32666015625,0,3.570115327835083
0.10046499967575073,0.09999989718198776,0,-0.0009234165772795677,0,0.0022338745184242725,44.56995391845703,10845.3974609375,10845.26953125,-3775.042724609375,0,3.570115327835083
0.10046999901533127,0.09999988973140717,0,-0.0008025148417800665,0,0.0024471112992614508,42.6473388671875,16444.4140625,-16444.615234375,-2803.06982421875,0,3.570115327835083
0.1004749983549118,0.09999988973140717,0,-0.000624670647084713,0,0.0026532099582254887,41.219749450683594,43515.02734375,-43515.2734375,-1834.7757568359375,0,3.570115327835083
0.10047999769449234,0.09999988973140717,0,-0.0004166131548117846,0,0.0028546364046633244,40.285308837890625,68053.3671875,-68053.6640625,-982.8828125,0,3.570115327835083
0.10048499703407288,0.09999988973140717,0,-0.0001813746348489076,0,0.003053559921681881,39.78472900390625,87931.3984375,-87931.734375,-350.78094482421875,0,3.570115327835083
0.10048999637365341,0.09999988973140717,0,0.00007540814112871885,0,0.0032515903003513813,39.6060791015625,101395.6796875,-101396.0546875,-23.203989028930664,0,3.570115327835083
0.10049499571323395,0.09999988973140717,0,0.00034557635081000626,0,0.0034495615400373936,39.594261169433594,107223.65625,-107224.046875,-58.557228088378906,0,3.570115327835083
0.10049999505281448,0.09999988973140717,0,0.0006188486004248261,0,0.0036473837681114674,39.56443786621094,104807.203125,-104807.6015625,-484.8565368652344,0,3.570115327835083
0.10050499439239502,0.09999989718198776,0,0.0008834853069856763,0,0.0038439712952822447,39.3175048828125,94323.6484375,-94323.96875,-1291.267822265625,0,3.570115327835083
0.10051000118255615,0.09999990463256836,0,0.0011011554161086679,0,0.004037270788103342,38.65986633300781,76550.8984375,-76551.1328125,-2437.3876953125,0,3.570115327835083
0.10051500052213669,0.09999991208314896,0,0.0012604978401213884,0,0.004224363248795271,37.41851806640625,52924.90234375,-52925.03515625,-3850.381591796875,0,3.570115327835083
0.10051999986171722,0.09999991953372955,0,0.0013520189095288515,0,0.004401650745421648,35.45753479003906,25389.25,-25389.26171875,-5432.470703125,0,3.570115327835083
0.10052499920129776,0.09999992698431015,0,0.0013691945932805538,0,0.004565104842185974,32.69080352783203,3772.056640625,3772.163818359375,-7069.22314453125,0,3.570115327835083
0.1005299985408783,0.09999993443489075,0,0.001313238637521863,0,0.004710557404905558,29.090476989746094,32118.1953125,32118.42578125,-8638.6435546875,0,3.570115327835083
0.10053499788045883,0.09999994188547134,0,0.0011841573286801577,0,0.004834011662751436,24.690853118896484,57270.76953125,57271.12109375,-10022.029296875,0,3.570115327835083
0.10053999722003937,0.09999994933605194,0,0.0009853837545961142,0,0.004931944888085127,19.58667755126953,77113.734375,77114.203125,-11113.85546875,0,3.570115327835083
0.1005449965596199,0.09999994933605194,0,0.0007235362427309155,0,0.005001577083021402,13.926437377929688,89974.84375,89975.3671875,-11830.7509765625,0,3.570115327835083
0.10054999589920044,0.09999994933605194,0,0.0004316611448302865,0,0.005041082389652729,7.901085376739502,94769.015625,94769.578125,-12118.587890625,0,3.570115327835083
0.10055499523878098,0.09999994933605194,0,0.00012076506391167641,0,0.0050497278571128845,1.7291390895843506,91091.578125,91092.15625,-11957.087890625,0,3.570115327835083
0.10055999457836151,0.09999994933605194,0,-0.00019724402227438986,0,0.005027925129979849,-4.360555648803711,79252.8515625,79253.4296875,-11361.5380859375,0,3.570115327835083
0.10056499391794205,0.09999994933605194,0,-0.0005103896837681532,0,0.004977190401405096,-10.146939277648926,60251.3125,60251.87890625,-10381.4619140625,0,3.570115327835083
0.10057000070810318,0.09999994188547134,0,-0.0008074578363448381,0,0.004900019615888596,-15.434174537658691,35687.67578125,35688.15625,-9096.373046875,0,3.570115327835083
0.10057500004768372,0.09999993443489075,0,-0.0010550464503467083,0,0.004799684975296259,-20.066919326782227,7627.052734375,7627.4404296875,-7608.97509765625,0,3.570115327835083
0.10057999938726425,0.09999992698431015,0,-0.0012460113503038883,0,0.004679974168539047,-23.942136764526367,21578.134765625,-21577.84765625,-6036.39453125,0,3.570115327835083
0.10058499872684479,0.09999991953372955,0,-0.001376183470711112,0,0.004544891882687807,-27.016447067260742,49489.828125,-49489.6484375,-4500.2138671875,0,3.570115327835083
0.10058999806642532,0.09999991208314896,0,-0.0014445495326071978,0,0.004398350138217211,-29.308385848999023,73792.6484375,-73792.5703125,-3116.162353515625,0,3.570115327835083
0.10059499740600586,0.09999990463256836,0,-0.0014531465712934732,0,0.004243873059749603,-30.89543342590332,92490.890625,-92490.9140625,-1984.364501953125,0,3.570115327835083
0.1005999967455864,0.09999989718198776,0,-0.001406672177836299,0,0.004084342624992132,-31.90606117248535,104078.2734375,-104078.375,-1180.9222412109375,0,3.570115327835083
0.10060499608516693,0.09999988973140717,0,-0.0013104963582009077,0,0.003921804949641228,-32.50749969482422,107662.484375,-107662.6640625,-751.7258911132813,0,3.570115327835083
0.10060999542474747,0.09999988228082657,0,-0.001169906696304679,0,0.003757353173568845,-32.890350341796875,103019.5546875,-103019.8046875,-709.7352294921875,0,3.570115327835083
0.100614994764328,0.09999987483024597,0,-0.0009934029076248407,0,0.0035910941660404205,-33.25181579589844,90665.109375,-90665.40625,-1031.3759765625,0,3.570115327835083
0.10061999410390854,0.09999986737966537,0,-0.0007890486158430576,0,0.003422208596020937,-33.77709197998047,71732.8515625,-71733.1875,-1662.5321044921875,0,3.570115327835083
0.10062500089406967,0.09999986737966537,0,-0.0005637818248942494,0,0.003249089466407895,-34.623809814453125,47912.8359375,-47913.140625,-2521.519775390625,0,3.570115327835083
0.10063000023365021,0.09999986737966537,0,-0.0003490219824016094,0,0.003069549333304167,-35.90801239013672,21286.072265625,-21286.353515625,-3507.2060546875,0,3.570115327835083
0.10063499957323074,0.09999986737966537,0,-0.00014786056999582797,0,0.0028810782823711634,-37.6942138671875,5853.8359375,5853.58544921875,-4507.77978515625,0,3.570115327835083
0.10063999891281128,0.09999986737966537,0,0.000038725596823496744,0,0.002681128215044737,-39.99000549316406,31204.037109375,31203.818359375,-5410.75732421875,0,3.570115327835083
0.10064499825239182,0.09999986737966537,0,0.0002114895760314539,0,0.0024673999287188053,-42.74568176269531,52653.19921875,52653.0078125,-6112.87548828125,0,3.570115327835083
0.10064999759197235,0.09999986737966537,0,0.0003724115958902985,0,0.002238105284050107,-45.85894012451172,68463.8515625,68463.6953125,-6529.08837890625,0,3.570115327835083
0.10065499693155289,0.09999986737966537,0,0.0005240540485829115,0,0.0019921844359487295,-49.184173583984375,77420.7109375,77420.5859375,-6599.9013671875,0,3.570115327835083
0.10065999627113342,0.09999986737966537,0,0.0006689458386972547,0,0.001729457057081163,-52.54547882080078,78931.8515625,78931.75,-6296.3916015625,0,3.570115327835083
0.10066499561071396,0.09999987483024597,0,0.0008090866031125188,0,0.0014506960287690163,-55.75220489501953,73054.1953125,73054.140625,-5621.49267578125,0,3.570115327835083
0.1006699949502945,0.09999988228082657,0,0.0009195529855787754,0,0.0011576199904084206,-58.615203857421875,60564.625,60564.5859375,-4613.61376953125,0,3.570115327835083
0.10067499428987503,0.09999988973140717,0,0.0010010155383497477,0,0.0008527955505996943,-60.96489715576172,42754.56640625,42754.546875,-3336.4794921875,0,3.570115327835083
0.10068000108003616,0.09999989718198776,0,0.001053760526701808,0,0.0005394747713580728,-62.664154052734375,21398.71875,21398.71484375,-1877.71435546875,0,3.570115327835083
0.1006850004196167,0.09999990463256836,0,0.0010779290460050106,0,0.0002213724364992231,-63.62046813964844,1431.6988525390625,-1431.69873046875,-339.6803283691406,0,3.570115327835083
0.10068999975919724,0.09999991208314896,0,0.00107423379085958,0,-0.00009759486420080066,-63.79346466064453,23558.166015625,-23558.16796875,1169.791259765625,0,3.570115327835083
0.10069499909877777,0.09999991953372955,0,0.001045621931552887,0,-0.0004135833296459168,-63.19769287109375,42887.8046875,-42887.81640625,2546.85791015625,0,3.570115327835083
0.1006999984383583,0.09999992698431015,0,0.0009935377165675163,0,-0.0007230862975120544,-61.90058898925781,57606.6875,-57606.7109375,3701.158935546875,0,3.570115327835083
0.10070499777793884,0.09999993443489075,0,0.0009205199312418699,0,-0.001023164251819253,-60.015602111816406,66340.484375,-66340.5234375,4563.7041015625,0,3.570115327835083
0.10070999711751938,0.09999994188547134,0,0.0008303249487653375,0,-0.001311620930209756,-57.69132995605469,68276.703125,-68276.75,5092.8896484375,0,3.570115327835083
0.10071499645709991,0.09999994188547134,0,0.0007278736447915435,0,-0.0015871085925027728,-55.09754180908203,63235.97265625,-63236.02734375,5278.01318359375,0,3.570115327835083
0.10071999579668045,0.09999994188547134,0,0.0006427230546250939,0,-0.0018491558730602264,-52.40946960449219,51686.1484375,-51686.19140625,5139.990234375,0,3.570115327835083
0.10072499513626099,0.09999994188547134,0,0.000580832245759666,0,-0.0020981142297387123,-49.79169464111328,34698.20703125,-34698.234375,4729.21533203125,0,3.570115327835083
0.10072999447584152,0.09999994188547134,0,0.0005477189552038908,0,-0.002335029887035489,-47.38312530517578,13846.35546875,-13846.3515625,4120.68896484375,0,3.570115327835083
0.10073499381542206,0.09999994188547134,0,0.000548419775441289,0,-0.0025614523328840733,-45.28447723388672,8935.8056640625,8935.84765625,3406.9921875,0,3.570115327835083
0.10074000060558319,0.09999994188547134,0,0.0005876598879694939,0,-0.0027791988104581833,-43.54930877685547,31528.36328125,31528.451171875,2689.82177734375,0,3.570115327835083
0.10074499994516373,0.09999994188547134,0,0.0006657815538346767,0,-0.0029900958761572838,-42.17939758300781,51822.90234375,51823.0390625,2070.315673828125,0,3.570115327835083
0.10074999928474426,0.09999994933605194,0,0.0007804019842296839,0,-0.003195720724761486,-41.12499237060547,67911.8515625,67911.9921875,1639.8016357421875,0,3.570115327835083
0.1007549986243248,0.09999995678663254,0,0.0009001787984743714,0,-0.0033971699886024,-40.28984832763672,78268.859375,78269,1470.9710693359375,0,3.570115327835083
0.10075999796390533,0.09999996423721313,0,0.00101757631637156,0,-0.00359487347304821,-39.540687561035156,81884.2421875,81884.375,1611.2789306640625,0,3.570115327835083
0.10076499730348587,0.09999997168779373,0,0.0011231782846152782,0,-0.0037884737830609083,-38.720069885253906,78357.3671875,78357.4609375,2078.456298828125,0,3.570115327835083
0.1007699966430664,0.09999997913837433,0,0.0012063251342624426,0,-0.003976781386882067,-37.661521911621094,67957.796875,67957.8359375,2857.518798828125,0,3.570115327835083
0.10077499598264694,0.09999998658895493,0,0.001255943439900875,0,-0.004157812334597111,-36.206199645996094,51566.20703125,51566.1875,3903.75048828125,0,3.570115327835083
0.10077999532222748,0.09999999403953552,0,0.0012643705122172832,0,-0.004328902345150709,-34.21803283691406,30633.119140625,30633.017578125,5144.72607421875,0,3.570115327835083
0.10078499466180801,0.10000000149011612,0,0.0012229473795741796,0,-0.004486891441047192,-31.59784698486328,7038.79443359375,7038.6015625,6487.23046875,0,3.570115327835083
0.10078999400138855,0.10000000894069672,0,0.0011249356903135777,0,-0.004628361202776432,-28.293926239013672,17071.2734375,-17071.5703125,7825.353515625,0,3.570115327835083
0.10079500079154968,0.10000001639127731,0,0.0009662731899879873,0,-0.004749903921037912,-24.30850601196289,39477.2265625,-39477.6328125,9049.869140625,0,3.570115327835083
0.10080000013113022,0.10000002384185791,0,0.0007459574262611568,0,-0.004848401062190533,-19.699447631835938,58083.70703125,-58084.23046875,10058.0009765625,0,3.570115327835083
0.10080499947071075,0.10000002384185791,0,0.0004661698767449707,0,-0.004921285901218653,-14.576950073242188,71109.1015625,-71109.6796875,10762.693359375,0,3.570115327835083
0.10080999881029129,0.10000002384185791,0,0.0001558456860948354,0,-0.0049667637795209885,-9.095556259155273,77247.890625,-77248.5234375,11100.572265625,0,3.570115327835083
0.10081499814987183,0.10000002384185791,0,-0.00017753997235558927,0,-0.004983974155038595,-3.4420814514160156,75792.3125,-75792.984375,11037.869140625,0,3.570115327835083
0.10081999748945236,0.10000002384185791,0,-0.0005248729139566422,0,-0.0049730767495930195,2.1794590950012207,66701.5390625,-66702.234375,10573.771484375,0,3.570115327835083
0.1008249968290329,0.10000001639127731,0,-0.0008761776844039559,0,-0.004935253411531448,7.56463623046875,50612.55078125,-50613.19921875,9740.904296875,0,3.570115327835083
0.10082999616861343,0.10000000894069672,0,-0.0011977715184912086,0,-0.004872625228017569,12.525638580322266,28790.9453125,-28791.53125,8602.8505859375,0,3.570115327835083
0.10083499550819397,0.10000000149011612,0,-0.0014809529529884458,0,-0.004788090009242296,16.907033920288086,3026.30224609375,-3026.813720703125,7248.94580078125,0,3.570115327835083
0.1008399948477745,0.09999999403953552,0,-0.0017190711805596948,0,-0.004685095511376858,20.59889030456543,24519.501953125,24519.07421875,5786.76123046875,0,3.570115327835083
0.10084499418735504,0.09999998658895493,0,-0.0019081280333921313,0,-0.004567365162074566,23.546064376831055,51497.69921875,51497.35546875,4332.939453125,0,3.570115327835083
0.10085000097751617,0.09999997913837433,0,-0.0020471173338592052,0,-0.004438600968569517,25.7528133392334,75575.640625,75575.3828125,3003.168212890625,0,3.570115327835083
0.10085500031709671,0.09999997168779373,0,-0.002138049341738224,0,-0.004302189219743013,27.282312393188477,94639.7734375,94639.6015625,1902.169677734375,0,3.570115327835083
0.10085999965667725,0.09999996423721313,0,-0.0021856469102203846,0,-0.0041609336622059345,28.25107765197754,106980.7890625,106980.6796875,1114.5767822265625,0,3.570115327835083
0.10086499899625778,0.09999995678663254,0,-0.002196738962084055,0,-0.004016839899122715,28.818727493286133,111444.625,111444.578125,697.5014038085938,0,3.570115327835083
0.10086999833583832,0.09999994933605194,0,-0.0021794294007122517,0,-0.0038709701038897038,29.17396354675293,107536.1328125,107536.125,675.4487915039063,0,3.570115327835083
0.10087499767541885,0.09999994188547134,0,-0.0021421480923891068,0,-0.0037233803886920214,29.51796531677246,95466.0234375,95466.0546875,1038.0252685546875,0,3.570115327835083
0.10087999701499939,0.09999993443489075,0,-0.0020927139557898045,0,-0.0035731473471969366,30.046628952026367,76136.7734375,76136.8203125,1740.67431640625,0,3.570115327835083
0.10088499635457993,0.09999992698431015,0,-0.0020371736027300358,0,-0.0034184816759079695,30.93314552307129,51068.2890625,51068.35546875,2708.370849609375,0,3.570115327835083
0.10088999569416046,0.09999991953372955,0,-0.001978310290724039,0,-0.0032569190952926874,32.31250762939453,22273.95703125,22274.03125,3841.772705078125,0,3.570115327835083
0.100894995033741,0.09999991208314896,0,-0.0019186253193765879,0,-0.0030855736695230007,34.26910400390625,7913.70654296875,-7913.623046875,5025.8564453125,0,3.570115327835083
0.10089999437332153,0.09999990463256836,0,-0.0018584979698061943,0,-0.002901430008932948,36.82875061035156,37039.5859375,-37039.5,6139.64208984375,0,3.570115327835083
0.10090500116348267,0.09999989718198776,0,-0.0017965128645300865,0,-0.002701651770621538,39.95564270019531,62735.0703125,-62734.9765625,7066.54052734375,0,3.570115327835083
0.1009100005030632,0.09999988973140717,0,-0.0017299449536949396,0,-0.0024838787503540516,43.554603576660156,82919.75,-82919.6640625,7704.3310546875,0,3.570115327835083
0.10091499984264374,0.09999988228082657,0,-0.0016553390305489302,0,-0.002246486721560359,47.47838592529297,95978.5234375,-95978.4296875,7973.9169921875,0,3.570115327835083
0.10091999918222427,0.09999987483024597,0,-0.0015691302251070738,0,-0.001988789299502969,51.539466857910156,100898.515625,-100898.4375,7826.11181640625,0,3.570115327835083
0.10092499852180481,0.09999986737966537,0,-0.0014681695029139519,0,-0.0017111629713326693,55.52527618408203,97334.1875,-97334.1171875,7244.84130859375,0,3.570115327835083
0.10092999786138535,0.09999985992908478,0,-0.0013500915374606848,0,-0.0014150877250358462,59.21504211425781,85713.8359375,-85713.7734375,6252.47509765625,0,3.570115327835083
0.10093499720096588,0.09999985247850418,0,-0.0012135184369981289,0,-0.0011030907044187188,62.39939880371094,67084.8671875,-67084.8046875,4902.1142578125,0,3.570115327835083
0.10093999654054642,0.09999984502792358,0,-0.0010580574162304401,0,-0.000778610585257411,64.89602661132813,43097.3671875,-43097.32421875,3276.84130859375,0,3.570115327835083
0.10094499588012695,0.09999983757734299,0,-0.000884168897755444,0,-0.00044578604865819216,66.56491088867188,15842.08984375,-15842.0654296875,1481.70263671875,0,3.570115327835083
0.10094999521970749,0.09999983757734299,0,-0.0006929229712113738,0,-0.00010918837506324053,67.31953430175781,12328.814453125,12328.8173828125,-365.13848876953125,0,3.570115327835083
0.10095499455928802,0.09999983757734299,0,-0.0005117808468639851,0,0.00022647948935627937,67.13357543945313,39010.12890625,39010.109375,-2142.70654296875,0,3.570115327835083
0.10095999389886856,0.09999983757734299,0,-0.00034163898089900613,0,0.0005566909676417708,66.04229736328125,61944.41015625,61944.37890625,-3737.14501953125,0,3.570115327835083
0.1009650006890297,0.09999983757734299,0,-0.0001826304360292852,0,0.0008773859590291977,64.13899230957031,79216.4765625,79216.4296875,-5051.34521484375,0,3.570115327835083
0.10097000002861023,0.09999983757734299,0,-0.00003391073551028967,0,0.0011852177558466792,61.56636047363281,89415.234375,89415.171875,-6012.97607421875,0,3.570115327835083
0.10097499936819077,0.09999983757734299,0,0.00010645373549778014,0,0.0014777376782149076,58.50397491455078,91751.0703125,91750.984375,-6580.3251953125,0,3.570115327835083
0.1009799987077713,0.09999983757734299,0,0.0002414688206044957,0,0.001753500895574689,55.15264129638672,86096.15625,86096.0625,-6744.3291015625,0,3.570115327835083
0.10098499804735184,0.09999983757734299,0,0.00037505492218770087,0,0.00201208982616663,51.71778106689453,73078.515625,73078.3984375,-6533.32470703125,0,3.570115327835083
0.10098999738693237,0.09999983757734299,0,0.0005117137916386127,0,0.0022540418431162834,48.39038848876953,53887.10546875,53886.96875,-6003.42041015625,0,3.570115327835083
0.10099499672651291,0.09999983757734299,0,0.0006560899782925844,0,0.002480706200003624,45.33287048339844,30251.10546875,30250.943359375,-5237.5830078125,0,3.570115327835083
0.10099999606609344,0.09999984502792358,0,0.0008124100277200341,0,0.0026940330862998962,42.66539001464844,4263.70361328125,4263.54150390625,-4336.99072265625,0,3.570115327835083
0.10100499540567398,0.09999985247850418,0,0.0009577951859682798,0,0.002896315883845091,40.456581115722656,21810.125,-21810.28515625,-3411.587646484375,0,3.570115327835083
0.10100999474525452,0.09999985992908478,0,0.0010943340603262186,0,0.0030899113044142723,38.71907043457031,45728.51171875,-45728.6640625,-2570.513427734375,0,3.570115327835083
0.10101499408483505,0.09999986737966537,0,0.00122254085727036,0,0.003276960924267769,37.40991973876953,65471.3515625,-65471.49609375,-1912.324951171875,0,3.570115327835083
0.10102000087499619,0.09999987483024597,0,0.0013410914689302444,0,0.0034591408912092447,36.43598175048828,79416.359375,-79416.4765625,-1516.3201904296875,0,3.570115327835083
0.10102500021457672,0.09999988228082657,0,0.0014468079898506403,0,0.003637459594756365,35.663726806640625,86478.03125,-86478.1328125,-1435.673095703125,0,3.570115327835083
0.10102999955415726,0.09999988973140717,0,0.0015349150635302067,0,0.003812122391536832,34.93254089355469,86198.34375,-86198.3984375,-1692.9415283203125,0,3.570115327835083
0.10103499889373779,0.09999989718198776,0,0.0015995888970792294,0,0.003982474096119404,34.070335388183594,78785.8203125,-78785.8359375,-2278.094482421875,0,3.570115327835083
0.10103999823331833,0.09999990463256836,0,0.0016367826610803604,0,0.00414702482521534,32.91011047363281,65080.2890625,-65080.25390625,-3150.208984375,0,3.570115327835083
0.10104499757289886,0.09999991208314896,0,0.0016412322875112295,0,0.004303553607314825,31.305723190307617,46481.62109375,-46481.51953125,-4240.91650390625,0,3.570115327835083
0.1010499969124794,0.09999991953372955,0,0.0016085270326584578,0,0.004449282772839069,29.145841598510742,24815.498046875,-24815.33203125,-5460.95263671875,0,3.570115327835083
0.10105499625205994,0.09999992698431015,0,0.0015361832920461893,0,0.004581105895340443,26.36460304260254,2165.831787109375,-2165.598876953125,-6708.35498046875,0,3.570115327835083
0.10105999559164047,0.09999993443489075,0,0.001424142625182867,0,0.0046958462335169315,22.94806480407715,19315.5625,19315.859375,-7877.7763671875,0,3.570115327835083
0.10106499493122101,0.09999994188547134,0,0.00127500225789845,0,0.004790525883436203,18.935945510864258,37604.546875,37604.8984375,-8870.060546875,0,3.570115327835083
0.10106999427080154,0.09999994933605194,0,0.001093945698812604,0,0.004862618166953325,14.418461799621582,50988.01171875,50988.40625,-9601.232421875,0,3.570115327835083
0.10107500106096268,0.09999995678663254,0,0.0008883772534318268,0,0.004910261370241642,9.528594017028809,58218.67578125,58219.1015625,-10010.0830078125,0,3.570115327835083
0.10108000040054321,0.09999995678663254,0,0.0006672978051938117,0,0.004932413809001446,4.4305009841918945,58627.58203125,58627.96875,-10063.6845703125,0,3.570115327835083
0.10108499974012375,0.09999995678663254,0,0.000464205804746598,0,0.004928939510136843,-0.6948914527893066,52183.94140625,52184.27734375,-9760.3359375,0,3.570115327835083
0.10108999907970428,0.09999995678663254,0,0.00028836814453825355,0,0.004900610540062189,-5.665789604187012,39497.65234375,39497.921875,-9129.6826171875,0,3.570115327835083
0.10109499841928482,0.09999995678663254,0,0.0001476211764384061,0,0.004849032964557409,-10.315498352050781,21763.607421875,21763.802734375,-8229.9931640625,0,3.570115327835083
0.10109999775886536,0.09999995678663254,0,0.00004756021735374816,0,0.004776497837156057,-14.506999969482422,653.2099609375,653.33056640625,-7142.84716796875,0,3.570115327835083
0.10110499709844589,0.09999995678663254,0,-0.0000090769499365706,0,0.004685773514211178,-18.144821166992188,21837.390625,-21837.341796875,-5965.70166015625,0,3.570115327835083
0.10110999643802643,0.09999995678663254,0,-0.000022760097635909915,0,0.004579857923090458,-21.183128356933594,43568.70703125,-43568.72265625,-4803.00634765625,0,3.570115327835083
0.10111499577760696,0.09999995678663254,0,0.000002795428372337483,0,0.0044617117382586,-23.62928009033203,62453.3515625,-62453.41796875,-3756.637939453125,0,3.570115327835083
0.1011199951171875,0.09999995678663254,0,0.00006161956116557121,0,0.004333999007940292,-25.542518615722656,76645.6875,-76645.7890625,-2916.61767578125,0,3.570115327835083
0.10112499445676804,0.09999995678663254,0,0.00014531408669427037,0,0.004198859445750713,-27.027938842773438,84711.34375,-84711.46875,-2352.830078125,0,3.570115327835083
0.10112999379634857,0.09999995678663254,0,0.00024274017778225243,0,0.004057728219777346,-28.226226806640625,85762.40625,-85762.53125,-2108.419921875,0,3.570115327835083
0.1011350005865097,0.09999995678663254,0,0.00034211395541206,0,0.00391122791916132,-29.300037384033203,79536.7421875,-79536.8515625,-2195.944580078125,0,3.570115327835083
0.10113999992609024,0.09999995678663254,0,0.00043203961104154587,0,0.003759135724976659,-30.41842269897461,66447.546875,-66447.6328125,-2594.967041015625,0,3.570115327835083
0.10114499926567078,0.09999995678663254,0,0.0005024761194363236,0,0.0036004355642944574,-31.740028381347656,47520.60546875,-47520.6484375,-3255.208740234375,0,3.570115327835083
0.10114999860525131,0.09999995678663254,0,0.0005454961210489273,0,0.003433446167036891,-33.39789581298828,24328.7421875,-24328.74609375,-4099.78271484375,0,3.570115327835083
0.10115499794483185,0.09999995678663254,0,0.0005561745492741466,0,0.003256016643717885,-35.48590087890625,1149.4427490234375,1149.4730224609375,-5032.171875,0,3.570115327835083
0.10115999728441238,0.09999995678663254,0,0.0005335096502676606,0,0.003065772820264101,-38.04876708984375,26700.14453125,26700.205078125,-5944.62744140625,0,3.570115327835083
0.10116499662399292,0.09999995678663254,0,0.00047794709098525345,0,0.0028603910468518734,-41.07633972167969,50072.34375,50072.42578125,-6727.9072265625,0,3.570115327835083
0.10116999596357346,0.09999995678663254,0,0.00039223083877004683,0,0.002637876896187663,-44.502838134765625,69176.84375,69176.9453125,-7281.0517578125,0,3.570115327835083
0.10117499530315399,0.09999995678663254,0,0.00028091671993024647,0,0.002396821742877364,-48.21104431152344,82273.3359375,82273.4453125,-7520.56005859375,0,3.570115327835083
0.10117999464273453,0.09999995678663254,0,0.00014984060544520617,0,0.0021366155706346035,-52.041236877441406,88128.0703125,88128.171875,-7388.10888671875,0,3.570115327835083
0.10118499398231506,0.09999995678663254,0,0.000005498339305631816,0,0.0018575957510620356,-55.80397033691406,86127.90625,86128.0078125,-6856.11572265625,0,3.570115327835083
0.1011900007724762,0.09999995678663254,0,-0.00014552804350387305,0,0.0015611168928444386,-59.29576110839844,76340.625,76340.7109375,-5930.64697265625,0,3.570115327835083
0.10119500011205673,0.09999995678663254,0,-0.00029704906046390533,0,0.0012495358241721988,-62.31621551513672,59516.09765625,59516.171875,-4651.4150390625,0,3.570115327835083
0.10119999945163727,0.09999995678663254,0,-0.0004436225281096995,0,0.0009261099621653557,-64.68516540527344,37026.31640625,37026.375,-3088.764892578125,0,3.570115327835083
0.1012049987912178,0.09999995678663254,0,-0.0005807701381854713,0,0.0005948187317699194,-66.25825500488281,10751.92578125,10751.9619140625,-1338.0272216796875,0,3.570115327835083
0.10120999813079834,0.09999995678663254,0,-0.0007050574640743434,0,0.000260120170423761,-66.93971252441406,17077.015625,-17076.994140625,488.3799743652344,0,3.570115327835083
0.10121499747037888,0.09999994933605194,0,-0.0008140464196912944,0,-0.00007333472603932023,-66.69097900390625,44071.4765625,-44071.47265625,2270.381103515625,0,3.570115327835083
0.10121999680995941,0.09999994188547134,0,-0.0008824229589663446,0,-0.0004010081465821713,-65.53468322753906,67889.0546875,-67889.0546875,3890.40576171875,0,3.570115327835083
0.10122499614953995,0.09999993443489075,0,-0.0009095686837099493,0,-0.0007187747396528721,-63.553314208984375,86438.0546875,-86438.0546875,5243.4755859375,0,3.570115327835083
0.10122999548912048,0.09999992698431015,0,-0.0008935797377489507,0,-0.0010231889318674803,-60.882835388183594,98056.8515625,-98056.828125,6246.05078125,0,3.570115327835083
0.10123499482870102,0.09999991953372955,0,-0.000832276011351496,0,-0.0013116976479068398,-57.701751708984375,101657.5390625,-101657.4921875,6843.12255859375,0,3.570115327835083
0.10123999416828156,0.09999991953372955,0,-0.0007264195592142642,0,-0.001582780503667891,-54.216575622558594,96804.515625,-96804.4453125,7012.06005859375,0,3.570115327835083
0.10124500095844269,0.09999991953372955,0,-0.000603049120400101,0,-0.0018360073445364833,-50.645362854003906,83838.3359375,-83838.2265625,6768.7666015625,0,3.570115327835083
0.10125000029802322,0.09999991953372955,0,-0.00046285061398521066,0,-0.0020719976164400578,-47.19805908203125,63728.375,-63728.234375,6160.31298828125,0,3.570115327835083
0.10125499963760376,0.09999991953372955,0,-0.0003064019838348031,0,-0.002292300807312131,-44.060638427734375,38067.546875,-38067.375,5264.70166015625,0,3.570115327835083
0.1012599989771843,0.09999991953372955,0,-0.00013449415564537048,0,-0.0024991976097226143,-41.37934875488281,8920.177734375,-8919.974609375,4183.32763671875,0,3.570115327835083
0.10126499831676483,0.09999991953372955,0,0.00005146723924553953,0,-0.0026954414788633585,-39.24879455566406,21353.205078125,21353.435546875,3032.3056640625,0,3.570115327835083
0.10126999765634537,0.09999991953372955,0,0.00024896732065826654,0,-0.0028839637525379658,-37.70445251464844,50296.65625,50296.91015625,1932.53857421875,0,3.570115327835083
0.1012749969959259,0.09999991953372955,0,0.0004539475776255131,0,-0.003067564917728305,-36.72022247314453,75567.78125,75568.0390625,999.3779907226563,0,3.570115327835083
0.10127999633550644,0.09999991953372955,0,0.0006605364615097642,0,-0.003248621243983507,-36.21124267578125,95136.71875,95136.984375,332.7756652832031,0,3.570115327835083
0.10128499567508698,0.09999992698431015,0,0.0008610296063125134,0,-0.0034288300666958094,-36.04176330566406,107456.375,107456.578125,8.862109184265137,0,3.570115327835083
0.10128999501466751,0.09999993443489075,0,0.0010200788965448737,0,-0.003609016304835677,-36.03724670410156,111597.8359375,111597.9609375,73.21912384033203,0,3.570115327835083
0.10129499435424805,0.09999994188547134,0,0.001127899973653257,0,-0.003789016045629978,-35.99995422363281,107323.96875,107323.984375,537.2371215820313,0,3.570115327835083
0.10130000114440918,0.09999994933605194,0,0.0011779718333855271,0,-0.003967647906392813,-35.726341247558594,95103.046875,95102.953125,1377.4078369140625,0,3.570115327835083
0.10130500048398972,0.09999995678663254,0,0.001164648332633078,0,-0.004142771940678358,-35.02483367919922,76065.609375,76065.3828125,2537.4384765625,0,3.570115327835083
0.10130999982357025,0.09999996423721313,0,0.0010815971763804555,0,-0.004311434458941221,-33.73252868652344,51907.44140625,51907.0859375,3933.00927734375,0,3.570115327835083
0.10131499916315079,0.09999997168779373,0,0.000925192260183394,0,-0.004470081999897957,-31.729461669921875,24738.59375,24738.1015625,5459.21728515625,0,3.570115327835083
0.10131999850273132,0.09999997168779373,0,0.00069510901812464,0,-0.004614827688783407,-28.94910430908203,3100.829345703125,-3101.40185546875,6999.65576171875,0,3.570115327835083
0.10132499784231186,0.09999997168779373,0,0.0004183378769084811,0,-0.004741748794913292,-25.38420867919922,29243.388671875,-29244.02734375,8436.4267578125,0,3.570115327835083
0.1013299971818924,0.09999997168779373,0,0.00010133918840438128,0,-0.004847186617553234,-21.087570190429688,51498.51953125,-51499.2109375,9660.2265625,0,3.570115327835083
0.10133499652147293,0.09999997168779373,0,-0.00024659052724018693,0,-0.00492802495136857,-16.16765594482422,68039.90625,-68040.625,10579.6123046875,0,3.570115327835083
0.10133999586105347,0.09999997168779373,0,-0.0006139387842267752,0,-0.004981922451406717,-10.779504776000977,77559.96875,-77560.6875,11128.666015625,0,3.570115327835083
0.101344995200634,0.09999996423721313,0,-0.0009877971606329083,0,-0.005007481202483177,-5.111721992492676,79378.15625,-79378.8046875,11272.373046875,0,3.570115327835083
0.10134999454021454,0.09999995678663254,0,-0.0013310817303135991,0,-0.005004334729164839,0.6292505264282227,73493.6171875,-73494.1796875,11009.2841796875,0,3.570115327835083
0.10135499387979507,0.09999994933605194,0,-0.0016313072992488742,0,-0.004973153583705425,6.236232757568359,60578.37109375,-60578.828125,10371.2275390625,0,3.570115327835083
0.10136000066995621,0.09999994188547134,0,-0.001877768780104816,0,-0.004915562458336353,11.518255233764648,41911.3125,-41911.66015625,9420.1220703125,0,3.570115327835083
0.10136500000953674,0.09999993443489075,0,-0.002062299521639943,0,-0.0048339832574129105,16.31588363647461,19259.6015625,-19259.826171875,8242.18359375,0,3.570115327835083
0.10136999934911728,0.09999992698431015,0,-0.002179826842620969,0,-0.004731415305286646,20.513591766357422,5282.11181640625,5282.0087890625,6940.05859375,0,3.570115327835083
0.10137499868869781,0.09999991953372955,0,-0.0022286816965788603,0,-0.004611174575984478,24.048133850097656,29480.091796875,29480.10546875,5623.57568359375,0,3.570115327835083
0.10137999802827835,0.09999991208314896,0,-0.0022106326650828123,0,-0.004476613365113735,26.91219711303711,51163.99609375,51164.12109375,4399.80126953125,0,3.570115327835083
0.10138499736785889,0.09999990463256836,0,-0.0021266748663038015,0,-0.004330848343670368,29.152996063232422,68410.0703125,68410.2890625,3364.039794921875,0,3.570115327835083
0.10138999670743942,0.09999989718198776,0,-0.001984295202419162,0,-0.004176517017185688,30.866287231445313,79718.71875,79719.015625,2591.07763671875,0,3.570115327835083
0.10139499604701996,0.09999988973140717,0,-0.0017936746589839458,0,-0.004015587270259857,32.1859130859375,84142.8671875,84143.2109375,2128.853515625,0,3.570115327835083
0.1013999953866005,0.09999988228082657,0,-0.001566215418279171,0,-0.003849236760288477,33.27012634277344,81339.828125,81340.2109375,1995.896484375,0,3.570115327835083
0.10140499472618103,0.09999987483024597,0,-0.0013135937042534351,0,-0.0036778035573661327,34.28662872314453,71705.2890625,71705.6796875,2174.606689453125,0,3.570115327835083
0.10140999406576157,0.09999986737966537,0,-0.0010467770043760538,0,-0.003500832710415125,35.39414978027344,56176.625,56177.02734375,2621.012451171875,0,3.570115327835083
0.1014150008559227,0.09999985992908478,0,-0.0007752947276458144,0,-0.0033171875402331352,36.72901916503906,36243.9609375,36244.34765625,3264.093994140625,0,3.570115327835083
0.10142000019550323,0.09999985992908478,0,-0.0005066515877842903,0,-0.003125230548903346,38.39141082763672,13790.255859375,13790.580078125,4013.606201171875,0,3.570115327835083
0.10142499953508377,0.09999985992908478,0,-0.000272110803052783,0,-0.002923052990809083,40.435523986816406,9087.251953125,-9086.9892578125,4768.80859375,0,3.570115327835083
0.1014299988746643,0.09999985992908478,0,-0.00007403947529383004,0,-0.002708731684833765,42.8642578125,30262.90625,-30262.703125,5427.55224609375,0,3.570115327835083
0.10143499821424484,0.09999985992908478,0,0.00008779953350313008,0,-0.0024805893190205097,45.62848663330078,47778.3125,-47778.16015625,5895.84814453125,0,3.570115327835083
0.10143999755382538,0.09999985992908478,0,0.000215854961425066,0,-0.002237433334812522,48.63121795654297,60020.6875,-60020.58203125,6096.59326171875,0,3.570115327835083
0.10144499689340591,0.09999985992908478,0,0.00031419453443959355,0,-0.0019787524361163378,51.73619079589844,65869.84375,-65869.765625,5976.759765625,0,3.570115327835083
0.10144999623298645,0.09999985992908478,0,0.0003878599964082241,0,-0.0017048518639057875,54.780128479003906,64790.59765625,-64790.54296875,5511.88818359375,0,3.570115327835083
0.10145499557256699,0.09999985992908478,0,0.00044225703459233046,0,-0.0014169153291732073,57.587310791015625,56926.29296875,-56926.26953125,4710.71630859375,0,3.570115327835083
0.10145999491214752,0.09999985992908478,0,0.0004826340591534972,0,-0.0011169830104336143,59.98645782470703,43015.3828125,-43015.359375,3610.987548828125,0,3.570115327835083
0.10146499425172806,0.09999985992908478,0,0.0005137372063472867,0,-0.000807855452876538,61.82551574707031,24377.46484375,-24377.455078125,2278.81298828125,0,3.570115327835083
0.10147000104188919,0.09999985992908478,0,0.0005396234337240458,0,-0.0004929249407723546,62.986106872558594,2781.265625,-2781.259521484375,802.1635131835938,0,3.570115327835083
0.10147500038146973,0.09999985992908478,0,0.0005636567948386073,0,-0.0001759517181199044,63.39464569091797,19714.56640625,19714.5703125,-716.9389038085938,0,3.570115327835083
0.10147999972105026,0.09999985992908478,0,0.0005886582657694817,0,0.0001391958212479949,63.029510498046875,40947.43359375,40947.43359375,-2171.546142578125,0,3.570115327835083
0.1014849990606308,0.09999985992908478,0,0.0006171670975163579,0,0.0004488135746214539,61.923553466796875,58847,58846.99609375,-3459.400390625,0,3.570115327835083
0.10148999840021133,0.09999985992908478,0,0.000651755603030324,0,0.0007496220641769469,60.16169738769531,71624.0859375,71624.0703125,-4492.18408203125,0,3.570115327835083
0.10149499773979187,0.09999985992908478,0,0.0006953288102522492,0,0.0010389912640675902,57.87384796142578,77935.2890625,77935.265625,-5203.57421875,0,3.570115327835083
0.1014999970793724,0.09999986737966537,0,0.0007513405289500952,0,0.0013151096645742655,55.22368621826172,76997.84375,76997.8125,-5554.828125,0,3.570115327835083
0.10150499641895294,0.09999987483024597,0,0.0007977787172421813,0,0.0015770827885717154,52.39463806152344,68707.78125,68707.75,-5540.5859375,0,3.570115327835083
0.10150999575853348,0.09999988228082657,0,0.0008396734483540058,0,0.0018249469576403499,49.572837829589844,53594.91796875,53594.875,-5186.5537109375,0,3.570115327835083
0.10151499509811401,0.09999988973140717,0,0.0008826779667288065,0,0.0020596038084477186,46.93135070800781,32822.203125,32822.14453125,-4549.45947265625,0,3.570115327835083
0.10151999443769455,0.09999989718198776,0,0.0009325307328253984,0,0.0022826753556728363,44.61432647705078,8078.74560546875,8078.677734375,-3711.74560546875,0,3.570115327835083
0.10152499377727509,0.09999990463256836,0,0.0009943762561306357,0,0.002496295142918825,42.72395324707031,18564.77734375,-18564.86328125,-2774.4228515625,0,3.570115327835083
0.10153000056743622,0.09999991208314896,0,0.0010720306308940053,0,0.002702849917113781,41.310951232910156,44835.67578125,-44835.78515625,-1848.2181396484375,0,3.570115327835083
0.10153499990701675,0.09999991953372955,0,0.0011672981781885028,0,0.0029046982526779175,40.369659423828125,68458.359375,-68458.484375,-1043.772216796875,0,3.570115327835083
0.10153999924659729,0.09999992698431015,0,0.0012794904178008437,0,0.0031038885936141014,39.83807373046875,87354.609375,-87354.7578125,-461.7851257324219,0,3.570115327835083
0.10154499858617783,0.09999993443489075,0,0.0014052243204787374,0,0.0033019031397998333,39.60289001464844,99828.3984375,-99828.5703125,-183.94497680664063,0,3.570115327835083
0.10154999792575836,0.09999994188547134,0,0.0015384535072371364,0,0.0034994492307305336,39.50920867919922,104718.2578125,-104718.4140625,-265.4541931152344,0,3.570115327835083
0.1015549972653389,0.09999994933605194,0,0.0016708177281543612,0,0.003696319181472063,39.37401580810547,101496.7578125,-101496.90625,-730.1795654296875,0,3.570115327835083
0.10155999660491943,0.09999995678663254,0,0.0017922691768035293,0,0.0038913297466933727,39.00213623046875,90353.0703125,-90353.1875,-1566.6173095703125,0,3.570115327835083
0.10156499594449997,0.09999996423721313,0,0.0018919288413599133,0,0.004082350991666317,38.204261779785156,72133.84375,-72133.921875,-2730.89306640625,0,3.570115327835083
0.1015699952840805,0.09999997168779373,0,0.0019590104930102825,0,0.0042664180509746075,36.81343078613281,48308.4375,-48308.44921875,-4148.51025390625,0,3.570115327835083
0.10157499462366104,0.09999997913837433,0,0.001984899863600731,0,0.004439921118319035,34.70061492919922,20839.228515625,-20839.169921875,-5720.7958984375,0,3.570115327835083
0.10157999396324158,0.09999998658895493,0,0.0019632037729024887,0,0.004598856437951326,31.787038803100586,7983.47412109375,7983.61474609375,-7333.09033203125,0,3.570115327835083
0.10158500075340271,0.09999999403953552,0,0.0018887605983763933,0,0.0047391182743012905,28.05232810974121,35738.69921875,35738.92578125,-8864.5126953125,0,3.570115327835083
0.10159000009298325,0.10000000149011612,0,0.0017591514624655247,0,0.004856806714087725,23.537668228149414,60081.12890625,60081.453125,-10198.1669921875,0,3.570115327835083
0.10159499943256378,0.10000000894069672,0,0.0015748036094009876,0,0.0049485256895422935,18.343786239624023,78942.640625,78943.046875,-11231.1025390625,0,3.570115327835083
0.10159999877214432,0.10000001639127731,0,0.0013388481456786394,0,0.005011644680052996,12.623832702636719,90710.4609375,90710.9609375,-11883.125,0,3.570115327835083
0.10160499811172485,0.10000002384185791,0,0.0010567610152065754,0,0.005044503603130579,6.571807861328125,94366.7109375,94367.296875,-12103.6708984375,0,3.570115327835083
0.10160999745130539,0.10000002384185791,0,0.0007358327275142074,0,0.00504654087126255,0.4074592590332031,89576.9296875,89577.53125,-11876.1884765625,0,3.570115327835083
0.10161499679088593,0.10000002384185791,0,0.00040822968003340065,0,0.005018335767090321,-5.64103364944458,76719.6640625,76720.2734375,-11219.591796875,0,3.570115327835083
0.10161999613046646,0.10000002384185791,0,0.00008246164361480623,0,0.0049615600146353245,-11.355125427246094,56855.1484375,56855.7578125,-10186.697265625,0,3.570115327835083
0.101624995470047,0.10000002384185791,0,-0.00023362702631857246,0,0.0048788441345095634,-16.543167114257813,31635.0625,31635.658203125,-8859.7607421875,0,3.570115327835083
0.10162999480962753,0.10000002384185791,0,-0.0005335212335921824,0,0.0047735669650137424,-21.055404663085938,3161.5107421875,3162.0859375,-7343.4970703125,0,3.570115327835083
0.10163499414920807,0.10000001639127731,0,-0.0008125750464387238,0,0.004649589769542217,-24.79541778564453,26192.552734375,-26192.052734375,-5756.19677734375,0,3.570115327835083
0.1016400009393692,0.10000000894069672,0,-0.001044650562107563,0,0.004510954488068819,-27.72702407836914,53986.1171875,-53985.6953125,-4219.69580078125,0,3.570115327835083
0.10164500027894974,0.10000000149011612,0,-0.001230047084391117,0,0.004361574072390795,-29.8760986328125,77918.1015625,-77917.75,-2849.078125,0,3.570115327835083
0.10164999961853027,0.09999999403953552,0,-0.0013716276735067368,0,0.004204938653856516,-31.32712173461914,96022.9296875,-96022.65625,-1742.985595703125,0,3.570115327835083
0.10165499895811081,0.09999998658895493,0,-0.0014743893407285213,0,0.00404386455193162,-32.21481704711914,106836.6875,-106836.46875,-975.3876342773438,0,3.570115327835083
0.10165999829769135,0.09999997913837433,0,-0.0015447987243533134,0,0.003880306612700224,-32.71157455444336,109519.3125,-109519.1484375,-589.5051879882813,0,3.570115327835083
0.10166499763727188,0.09999997168779373,0,-0.0015899727586656809,0,0.0037152476143091917,-33.01180648803711,103922.7265625,-103922.609375,-594.4068603515625,0,3.570115327835083
0.10166999697685242,0.09999996423721313,0,-0.0016168083529919386,0,0.0035486749839037657,-33.31453323364258,90598.8203125,-90598.7421875,-964.570556640625,0,3.570115327835083
0.10167499631643295,0.09999995678663254,0,-0.0016311812214553356,0,0.0033796459902077913,-33.805782318115234,70746.9921875,-70746.9453125,-1642.4312744140625,0,3.570115327835083
0.10167999565601349,0.09999994933605194,0,-0.0016373249236494303,0,0.0032064346596598625,-34.642269134521484,46106.05078125,-46106.02734375,-2543.67626953125,0,3.570115327835083
0.10168499499559402,0.09999994188547134,0,-0.0016374732367694378,0,0.003026745980605483,-35.9377555847168,18799.98046875,-18799.98046875,-3564.821533203125,0,3.570115327835083
0.10168999433517456,0.09999993443489075,0,-0.001631809864193201,0,0.002837979467585683,-37.7533073425293,8850.0224609375,8849.9990234375,-4592.462890625,0,3.570115327835083
0.1016950011253357,0.09999992698431015,0,-0.0016169410664588213,0,0.002637518336996436,-40.092227935791016,34524.23046875,34524.1875,-5513.06396484375,0,3.570115327835083
0.10170000046491623,0.09999991953372955,0,-0.0015895268879830837,0,0.002423018217086792,-42.90000534057617,56108.390625,56108.328125,-6223.01806640625,0,3.570115327835083
0.10170499980449677,0.09999991208314896,0,-0.0015461251605302095,0,0.002192671410739422,-46.06936264038086,71875.109375,71875.03125,-6637.61083984375,0,3.570115327835083
0.1017099991440773,0.09999990463256836,0,-0.0014833121094852686,0,0.0019454220309853554,-49.44987106323242,80629.8359375,80629.7578125,-6698.240234375,0,3.570115327835083
0.10171499848365784,0.09999989718198776,0,-0.0013983033131808043,0,0.00168111571110785,-52.86125564575195,81809.59375,81809.515625,-6377.326171875,0,3.570115327835083
0.10171999782323837,0.09999988973140717,0,-0.001289434963837266,0,0.001400569686666131,-56.10920333862305,75504.078125,75504.0078125,-5679.3857421875,0,3.570115327835083
0.10172499716281891,0.09999988228082657,0,-0.0011564302258193493,0,0.00110556127037853,-59.00168991088867,62523.1015625,62523.0390625,-4644.46533203125,0,3.570115327835083
0.10172999650239944,0.09999987483024597,0,-0.0010004532523453236,0,0.0007987257558852434,-61.36709976196289,44197.96484375,44197.9140625,-3338.3291015625,0,3.570115327835083
0.10173499584197998,0.09999986737966537,0,-0.0008239157032221556,0,0.000483389274450019,-63.06729507446289,22334.728515625,22334.703125,-1850.263427734375,0,3.570115327835083
0.10173999518156052,0.09999986737966537,0,-0.0006301274988800287,0,0.0001633411447983235,-64.00962829589844,967.95068359375,-967.9523315429688,-284.1446228027344,0,3.570115327835083
0.10174499452114105,0.09999986737966537,0,-0.00044891537982039154,0,-0.0001574305642861873,-64.15434265136719,23514.52734375,-23514.505859375,1251.1610107421875,0,3.570115327835083
0.10174999386072159,0.09999986737966537,0,-0.00028347791521809995,0,-0.0004750161897391081,-63.517127990722656,43204.4765625,-43204.4453125,2651.21240234375,0,3.570115327835083
0.10175500065088272,0.09999986737966537,0,-0.0001360028109047562,0,-0.0007858505705371499,-62.16687774658203,58222.03125,-58221.984375,3825.314697265625,0,3.570115327835083
0.10175999999046326,0.09999986737966537,0,-0.000007301772711798549,0,-0.0010869437828660011,-60.218658447265625,67197.3515625,-67197.3046875,4704.45263671875,0,3.570115327835083
0.10176499933004379,0.09999986737966537,0,0.00010339826258132234,0,-0.0013760572765022516,-57.82270050048828,69327.2265625,-69327.1640625,5247.2333984375,0,3.570115327835083
0.10176999866962433,0.09999986737966537,0,0.00019847425573971123,0,-0.0016518088523298502,-55.150306701660156,64429.484375,-64429.41796875,5442.5751953125,0,3.570115327835083
0.10177499800920486,0.09999986737966537,0,0.000281727930996567,0,-0.0019137009512633085,-52.37842559814453,53015.421875,-53015.3515625,5313.35498046875,0,3.570115327835083
0.1017799973487854,0.09999986737966537,0,0.00035799655597656965,0,-0.002162062795832753,-49.67235565185547,36150.234375,-36150.15625,4909.4951171875,0,3.570115327835083
0.10178499668836594,0.09999986737966537,0,0.0004326296038925648,0,-0.0023979225661605597,-47.171974182128906,15414.765625,-15414.6796875,4306.19775390625,0,3.570115327835083
0.10178999602794647,0.09999986737966537,0,0.000510848534759134,0,-0.0026228167116642,-44.978843688964844,7255.24609375,7255.34423828125,3596.0673828125,0,3.570115327835083
0.10179499536752701,0.09999986737966537,0,0.000597083184402436,0,-0.0028385536279529333,-43.14738464355469,29746.34765625,29746.458984375,2880.453369140625,0,3.570115327835083
0.10179999470710754,0.09999986737966537,0,0.0006943655316717923,0,-0.0030469554476439953,-41.680381774902344,49960.515625,49960.6484375,2260.00830078125,0,3.570115327835083
0.10180499404668808,0.09999987483024597,0,0.0008038645028136671,0,-0.0032496023923158646,-40.52936553955078,66005.0390625,66005.1328125,1825.4075927734375,0,3.570115327835083
0.10181000083684921,0.09999988228082657,0,0.0008985419408418238,0,-0.0034476008731871843,-39.599693298339844,76371.171875,76371.25,1648.6014404296875,0,3.570115327835083
0.10181500017642975,0.09999988973140717,0,0.0009757836232893169,0,-0.003641401184722781,-38.76007080078125,80067.546875,80067.59375,1776.319580078125,0,3.570115327835083
0.10181999951601028,0.09999989718198776,0,0.0010315562831237912,0,-0.0038306782953441143,-37.85540008544922,76715.828125,76715.8359375,2225.39892578125,0,3.570115327835083
0.10182499885559082,0.09999990463256836,0,0.001062994240783155,0,-0.004014288540929556,-36.722015380859375,66583.203125,66583.1640625,2981.225830078125,0,3.570115327835083
0.10182999819517136,0.09999991208314896,0,0.0010651437332853675,0,-0.004190307110548019,-35.20368957519531,50565.61328125,50565.5234375,3998.583251953125,0,3.570115327835083
0.10183499753475189,0.09999991953372955,0,0.00103313650470227,0,-0.004356143064796925,-33.16722869873047,30108.994140625,30108.841796875,5205.54150390625,0,3.570115327835083
0.10183999687433243,0.09999992698431015,0,0.0009632081491872668,0,-0.004508723504841328,-30.516067504882813,7081.3310546875,7081.11328125,6509.75634765625,0,3.570115327835083
0.10184499621391296,0.09999993443489075,0,0.0008533212821930647,0,-0.0046447268687188625,-27.20067596435547,16393.7265625,-16394.009765625,7806.64306640625,0,3.570115327835083
0.1018499955534935,0.09999993443489075,0,0.0007036277092993259,0,-0.004760850686579943,-23.22478485107422,38127.17578125,-38127.47265625,8988.7216796875,0,3.570115327835083
0.10185499489307404,0.09999993443489075,0,0.000540431821718812,0,-0.004854084923863411,-18.646865844726563,56061.83203125,-56062.140625,9955.29296875,0,3.570115327835083
0.10185999423265457,0.09999993443489075,0,0.00036838382948189974,0,-0.0049219680950045586,-13.576676368713379,68459.1875,-68459.4921875,10621.580078125,0,3.570115327835083
0.1018650010228157,0.09999993443489075,0,0.0001939569046953693,0,-0.0049628037959337234,-8.167149543762207,74058.8515625,-74059.1484375,10926.5361328125,0,3.570115327835083
0.10187000036239624,0.09999993443489075,0,0.000024985434720292687,0,-0.004975815303623676,-2.602311134338379,72196.5390625,-72196.796875,10838.5908203125,0,3.570115327835083
0.10187499970197678,0.09999993443489075,0,-0.00012998448801226914,0,-0.004961226601153612,2.9177374839782715,62869.6328125,-62869.85546875,10358.8193359375,0,3.570115327835083
0.10187999904155731,0.09999993443489075,0,-0.00026247429195791483,0,-0.0049202595837414265,8.193440437316895,46744.64453125,-46744.8203125,9521.2548828125,0,3.570115327835083
0.10188499838113785,0.09999993443489075,0,-0.0003649103455245495,0,-0.004855046514421701,13.04257583618164,25105.15625,-25105.275390625,8390.26953125,0,3.570115327835083
0.10188999772071838,0.09999993443489075,0,-0.0004314343095757067,0,-0.004768467973917723,17.315704345703125,255.14801025390625,255.08905029296875,7055.26025390625,0,3.570115327835083
0.10189499706029892,0.09999993443489075,0,-0.0004585944698192179,0,-0.004663923289626837,20.908920288085938,27185.32421875,27185.326171875,5623.08447265625,0,3.570115327835083
0.10189999639987946,0.09999993443489075,0,-0.0004458315670490265,0,-0.004545059520751238,23.77273178100586,53363,53363.0546875,4208.880859375,0,3.570115327835083
0.10190499573945999,0.09999993443489075,0,-0.00039525964530184865,0,-0.004415478091686964,25.916297912597656,76495.953125,76496.0546875,2926.1220703125,0,3.570115327835083
0.10190999507904053,0.09999993443489075,0,-0.00031152699375525117,0,-0.004278445150703192,27.406558990478516,94521.5546875,94521.6953125,1876.79248046875,0,3.570115327835083
0.10191499441862106,0.09999993443489075,0,-0.0002029983006650582,0,-0.00413663312792778,28.36240005493164,105790.8828125,105791.0390625,1142.3228759765625,0,3.570115327835083
0.1019199937582016,0.09999993443489075,0,-0.00007991254824446514,0,-0.003991912119090557,28.94417953491211,109214.890625,109215.0546875,776.4081420898438,0,3.570115327835083
0.10192500054836273,0.09999993443489075,0,0.00004658128455048427,0,-0.003845214145258069,29.339599609375,104357.6796875,104357.8359375,800.4478149414063,0,3.570115327835083
0.10192999988794327,0.09999993443489075,0,0.00016547893756069243,0,-0.0036964777391403913,29.747264862060547,91503.6953125,91503.8125,1200.251220703125,0,3.570115327835083
0.1019349992275238,0.09999993443489075,0,0.0002669552341103554,0,-0.0035446849651634693,30.35854721069336,71601.40625,71601.4921875,1928.878662109375,0,3.570115327835083
0.10193999856710434,0.09999993443489075,0,0.00034320185659453273,0,-0.0033879803959280252,31.34091567993164,46210.71484375,46210.765625,2909.2626953125,0,3.570115327835083
0.10194499790668488,0.09999993443489075,0,0.00038901553489267826,0,-0.0032238673884421587,32.82258987426758,17366.59765625,17366.609375,4040.97509765625,0,3.570115327835083
0.10194999724626541,0.09999993443489075,0,0.0004020542837679386,0,-0.0030494641978293657,34.88064193725586,12593.7685546875,-12593.7880859375,5208.79052734375,0,3.570115327835083
0.10195499658584595,0.09999993443489075,0,0.00038391217822209,0,-0.0028617968782782555,37.5334587097168,41227.11328125,-41227.15625,6292.3916015625,0,3.570115327835083
0.10195999592542648,0.09999993443489075,0,0.0003377765533514321,0,-0.002658106153830886,40.7381477355957,66194.3515625,-66194.4140625,7176.7666015625,0,3.570115327835083
0.10196499526500702,0.09999993443489075,0,0.00026835035532712936,0,-0.002436139853671193,44.393245697021484,85460.1640625,-85460.2265625,7762.0830078125,0,3.570115327835083
0.10196999460458755,0.09999993443489075,0,0.00018147521768696606,0,-0.0021944076288491488,48.346439361572266,97466.6875,-97466.75,7972.2705078125,0,3.570115327835083
0.10197499394416809,0.09999993443489075,0,0.00008345081005245447,0,-0.0019323742017149925,52.406681060791016,101266.5546875,-101266.625,7761.5966796875,0,3.570115327835083
0.10198000073432922,0.09999993443489075,0,-0.000019558588974177837,0,-0.001650576014071703,56.3596305847168,96603.5390625,-96603.5859375,7118.64892578125,0,3.570115327835083
0.10198500007390976,0.09999993443489075,0,-0.00012197329488117248,0,-0.001350650331005454,59.98512649536133,83933.59375,-83933.6328125,6067.38720703125,0,3.570115327835083
0.1019899994134903,0.09999993443489075,0,-0.00021907749760430306,0,-0.001035274239256978,63.07522201538086,64384.90625,-64384.93359375,4665.15673828125,0,3.570115327835083
0.10199499875307083,0.09999993443489075,0,-0.00030713281012140214,0,-0.0007080184295773506,65.45116424560547,39660.01953125,-39660.03515625,2997.8583984375,0,3.570115327835083
0.10199999809265137,0.09999993443489075,0,-0.00038335061981342733,0,-0.0003731286560650915,66.97795867919922,11888.9091796875,-11888.916015625,1172.685791015625,0,3.570115327835083
0.10199999809265137,0.09999993443489075,0,-0.00044575941865332425,0,-0.00003525265492498875,67.57520294189453,16554.41015625,16554.41015625,-690.9442138671875,0,3.570115327835083
