Timestamp,X Position,Y Position,X Velocity,Y Velocity,Rotation,Rotation Velocity,Data1,Data2,Data3,Data4,FPS
0.3400000035762787,0.09999995678663254,0,0,0,0,0,0,0,0,0,120.5400161743164
0.34000498056411743,0.09999995678663254,0.000000004999999969612645,0.00009505981142865494,0.0010000000474974513,0,0,241.5919647216797,-27.5,1.375,0,19.236318588256836
0.34000998735427856,0.09999995678663254,0.00000000999999993922529,0.00028304028091952205,0.0010000000474974513,0.000000003501408718520338,0.0007002817583270371,233.4361572265625,-52.592777252197266,2.629638910293579,0,19.236318588256836
0.3400149941444397,0.09999995678663254,0.000000014999999464748726,0.0004646747838705778,0.0010000000474974513,0.000000013699136935940714,0.0020395456813275814,220.14634704589844,-73.09204864501953,3.6545348167419434,0,19.236318588256836
0.34002000093460083,0.09999995678663254,0.00000001999999987845058,0.0006359686376526952,0.0010000000474974513,0.000000033203061633457764,0.0039007849991321564,202.166748046875,-87.23271179199219,4.361238956451416,0,19.236318588256836
0.3400249779224396,0.09999996423721313,0.000000025000000292152436,0.000793272745795548,0.0010000000474974513,0.00000006381279149536567,0.006121945567429066,146.5706329345703,-93.44432067871094,4.670868873596191,0,19.236318588256836
0.3400299847126007,0.09999997168779373,0.00000002999999892949745,0.0009073179680854082,0.0010000000474974513,0.00000010631679003836325,0.008500799536705017,88.21022033691406,-88.92610931396484,4.442846775054932,0,19.236318588256836
0.34003499150276184,0.09999997913837433,0.000000034999999343199306,0.0009759535314515233,0.0010000000474974513,0.0000001601343910806463,0.010763522237539291,28.5221004486084,-77.52584838867188,3.868788719177246,0,19.236318588256836
0.340039998292923,0.09999998658895493,0.00000003999999975690116,0.0009981462499126792,0.0010000000474974513,0.0000002238037950519356,0.012733880430459976,34.434173583984375,-62.082496643066406,3.0897488594055176,0,19.236318588256836
0.3400450050830841,0.09999999403953552,0.000000045000000170603016,0.0009762247791513801,0.0010000000474974513,0.0000002953411808448436,0.014307476580142975,98.75651550292969,-43.81391906738281,2.1656830310821533,0,19.236318588256836
0.34004998207092285,0.10000000149011612,0.00000005000000058430487,0.0009133544517681003,0.0010000000474974513,0.00000037239342987049895,0.015410449355840683,159.77816772460938,-22.72239875793457,1.0958218574523926,0,19.236318588256836
0.340054988861084,0.10000000894069672,0.000000055000000998006726,0.000811636564321816,0.0010000000474974513,0.00000045223615074974077,0.015968546271324158,216.11180114746094,-0.6040604114532471,-0.030755730345845222,0,19.236318588256836
0.3400599956512451,0.10000000894069672,0.0000000599999978589949,0.0006740555400028825,0.0010000000474974513,0.0000005320005698195018,0.015952881425619125,229.27391052246094,20.691343307495117,-1.122033715248108,0,19.236318588256836
0.34006500244140625,0.10000000894069672,0.00000006499999471998308,0.0005280951736494899,0.0010000000474974513,0.000000608907726018515,0.015381434001028538,236.07749938964844,39.41908264160156,-2.090902328491211,0,19.236318588256836
0.340069979429245,0.10000000894069672,0.00000006999999158097125,0.00037780357524752617,0.0010000000474974513,0.0000006804904728596739,0.014316546730697155,236.2951202392578,54.08721160888672,-2.8624792098999023,0,19.236318588256836
0.34007498621940613,0.10000000894069672,0.00000007499998844195943,0.00022737342806067318,0.0010000000474974513,0.000000744783960726636,0.012858698144555092,229.9195556640625,63.58063888549805,-3.3802762031555176,0,19.236318588256836
0.34007999300956726,0.10000000894069672,0.00000007999998530294761,0.00008100207924144343,0.0010000000474974513,0.0000008004696496755059,0.011137137189507484,217.1638946533203,67.25080871582031,-3.610682249069214,0,19.236318588256836
0.3400849997997284,0.10000000894069672,0.00000008499998216393578,-0.00005724876609747298,0.0010000000474974513,0.0000008469608019368025,0.009298231452703476,198.45440673828125,64.96343994140625,-3.5453903675079346,0,19.236318588256836
0.34008997678756714,0.10000000894069672,0.00000008999997902492396,-0.00018358878151047975,0.0010000000474974513,0.0000008844236845106934,0.007492579519748688,174.4164581298828,57.1005744934082,-3.201577663421631,0,19.236318588256836
0.34009498357772827,0.10000000894069672,0.00000009499997588591214,-0.00029462575912475586,0.0010000000474974513,0.0000009137338565778919,0.005862029269337654,145.85345458984375,44.51713943481445,-2.619845151901245,0,19.236318588256836
0.3400999903678894,0.10000000894069672,0.00000009999997274690031,-0.00038747896905988455,0.0010000000474974513,0.0000009363726007904916,0.004527753219008446,113.72004699707031,28.456439971923828,-1.860135555267334,0,19.236318588256836
0.34010499715805054,0.10000000894069672,0.00000010499996960788849,-0.0004598753876052797,0.0010000000474974513,0.0000009542745829094201,0.0035803942009806633,79.09019470214844,10.394248008728027,-0.9944122433662415,0,19.236318588256836
0.34011000394821167,0.10000000894069672,0.00000010999996646887666,-0.0005102257709950209,0.0010000000474974513,0.0000009696443612483563,0.0030739442445337772,43.12133026123047,-8.065374374389648,-0.10134062170982361,0,19.236318588256836
0.3401149809360504,0.10000000894069672,0.00000011499996332986484,-0.0005376776680350304,0.0010000000474974513,0.0000009847560704656644,0.0030223317444324493,6.965665340423584,-25.29913902282715,0.7393229007720947,0,19.236318588256836
0.34011998772621155,0.10000000894069672,0.00000011999996729628037,-0.000542112160474062,0.0010000000474974513,0.0000010017504337156424,0.0033988659270107746,25.403318405151367,-41.23971939086914,1.525202751159668,0,19.236318588256836
0.3401249945163727,0.10000000894069672,0.0000001249999712626959,-0.0005223460029810667,0.0010000000474974513,0.000001022628680402704,0.004175645299255848,55.15947723388672,-52.80236053466797,2.102511405944824,0,19.236318588256836
0.3401300013065338,0.10000000894069672,0.00000012999997522911144,-0.00047942690434865654,0.0010000000474974513,0.0000010488608950254275,0.005246445536613464,82.00484466552734,-58.96152114868164,2.4198174476623535,0,19.236318588256836
0.34013497829437256,0.10000000894069672,0.00000013499997919552698,-0.00041561966645531356,0.0010000000474974513,0.0000010812551636263379,0.006478847935795784,105.04217529296875,-59.28706741333008,2.4548356533050537,0,19.236318588256836
0.3401399850845337,0.10000000894069672,0.0000001399999831619425,-0.0003338872629683465,0.0010000000474974513,0.000001119900616686209,0.00772908516228199,123.50151824951172,-53.937599182128906,2.2141191959381104,0,19.236318588256836
0.3401449918746948,0.10000000894069672,0.00000014499998712835804,-0.00023779182811267674,0.0010000000474974513,0.0000011641842547760461,0.008856726810336113,136.76588439941406,-43.63776779174805,1.7319939136505127,0,19.236318588256836
0.34014999866485596,0.10000000894069672,0.00000014999999109477358,-0.00013137550558894873,0.0010000000474974513,0.0000012128783737352933,0.009738823398947716,144.39199829101563,-29.60053062438965,1.0667836666107178,0,19.236318588256836
0.3401550054550171,0.10000000894069672,0.0000001549999950611891,-0.00001902538861031644,0.0010000000474974513,0.0000012642890396818984,0.010282130911946297,146.12493896484375,-13.402100563049316,0.29470449686050415,0,19.236318588256836
0.34015998244285583,0.10000000894069672,0.00000015999999902760464,0.00009467308700550348,0.0010000000474974513,0.000001316450152444304,0.010432222858071327,141.90676879882813,3.1780264377593994,-0.49796628952026367,0,19.236318588256836
0.34016498923301697,0.10000000894069672,0.00000016500000299402018,0.00020508943998720497,0.0010000000474974513,0.0000013673432022187626,0.010178610682487488,131.8784942626953,18.33633804321289,-1.2236732244491577,0,19.236318588256836
0.3401699960231781,0.10000000894069672,0.0000001700000069604357,0.0003077028668485582,0.0010000000474974513,0.0000014151202094581095,0.009555399417877197,116.37528991699219,30.426292419433594,-1.8024559020996094,0,19.236318588256836
0.34017500281333923,0.10000000894069672,0.00000017500001092685125,0.0003982533817179501,0.0010000000474974513,0.0000014583073379981215,0.00863741710782051,95.91531372070313,37.64850616455078,-2.1462976932525635,0,19.236318588256836
0.340179979801178,0.10000000894069672,0.00000018000001489326678,0.0004728841595351696,0.0010000000474974513,0.0000014960289718146669,0.007544316351413727,71.182373046875,38.52579879760742,-2.1827480792999268,0,19.236318588256836
0.3401849865913391,0.10000000894069672,0.00000018500001885968231,0.0005282704951241612,0.0010000000474974513,0.000001528192228761327,0.006432651542127132,43.003116607666016,34.292869567871094,-1.974314570426941,0,19.236318588256836
0.34018999338150024,0.10000000894069672,0.00000019000002282609785,0.0005617308197543025,0.0010000000474974513,0.000001555327912683424,0.005427141673862934,12.319360733032227,25.315649032592773,-1.5393904447555542,0,19.236318588256836
0.3401950001716614,0.10000000894069672,0.00000019500002679251338,0.0005713163409382105,0.0010000000474974513,0.0000015785435607540421,0.004643136635422707,22.04818344116211,13.52348804473877,-0.9738678932189941,0,19.236318588256836
0.3401999771595001,0.10000000894069672,0.00000020000003075892892,0.0005572800291702151,0.0010000000474974513,0.0000015992793578334386,0.004147149622440338,58.26853561401367,-0.35313722491264343,-0.3130767345428467,0,19.236318588256836
0.34020498394966125,0.10000000894069672,0.00000020500003472534445,0.0005201851017773151,0.0010000000474974513,0.0000016192178691198933,0.003987700678408146,93.81995391845703,-15.705163955688477,0.4142516255378723,0,19.236318588256836
0.3402099907398224,0.10000000894069672,0.00000021000003869175998,0.0004604574933182448,0.0010000000474974513,0.000001640211280573567,0.004198676906526089,127.54005432128906,-31.059913635253906,1.1367367506027222,0,19.236318588256836
0.3402149975299835,0.10000000894069672,0.00000021500004265817552,0.0003792629868257791,0.0010000000474974513,0.0000016640993862893083,0.004777612164616585,158.3018341064453,-44.907127380371094,1.781446933746338,0,19.236318588256836
0.34022000432014465,0.10000000894069672,0.00000022000004662459105,0.00027848497848026454,0.0010000000474974513,0.0000016925238242038176,0.0056848954409360886,185.07713317871094,-55.848365783691406,2.281123399734497,0,19.236318588256836
0.3402249813079834,0.10000000894069672,0.00000022500005059100658,0.00016066126408986747,0.0010000000474974513,0.000001726757091091713,0.006846661679446697,206.97109985351563,-62.733062744140625,2.580775022506714,0,19.236318588256836
0.34022998809814453,0.10000000894069672,0.00000023000005455742212,0.000028899434255436063,0.0010000000474974513,0.0000017675622530077817,0.008161039091646671,223.251953125,-64.76997375488281,2.643079996109009,0,19.236318588256836
0.34023499488830566,0.10000000894069672,0.00000023500005852383765,-0.00011322709906380624,0.0010000000474974513,0.0000018150980167774833,0.009507148526608944,233.3755340576172,-61.60547637939453,2.4521710872650146,0,19.236318588256836
0.3402400016784668,0.10000000894069672,0.00000024000004827939847,-0.00026179850101470947,0.0010000000474974513,0.0000018688781437958824,0.01075602974742651,237.00352478027344,-53.363529205322266,2.0155296325683594,0,19.236318588256836
0.34024497866630554,0.10000000894069672,0.000000245000052245814,-0.00041267956839874387,0.0010000000474974513,0.0000019277908904768992,0.011782529763877392,234.01463317871094,-40.64255142211914,1.3637696504592896,0,19.236318588256836
0.3402499854564667,0.10000000894069672,0.00000025000005621222954,-0.0005616578855551779,0.0010000000474974513,0.0000019901763153029606,0.012477091513574123,224.5087890625,-24.46913719177246,0.5483057498931885,0,19.236318588256836
0.3402549922466278,0.10000000894069672,0.00000025500006017864507,-0.0007045845850370824,0.0010000000474974513,0.000002053958041869919,0.012756341136991978,208.8036651611328,-6.21240758895874,-0.3628994822502136,0,19.236318588256836
0.34025999903678894,0.10000000149011612,0.0000002600000641450606,-0.0008375130710192025,0.0010000000474974513,0.0000021168157218198758,0.012571518309414387,150.1713104248047,12.533628463745117,-1.2911503314971924,0,19.236318588256836
0.3402650058269501,0.09999999403953552,0.00000026500006811147614,-0.0009331150795333087,0.0010000000474974513,0.000002176385351049248,0.011913941241800785,87.17203521728516,30.089542388916016,-2.1538896560668945,0,19.236318588256836
0.3402699828147888,0.09999998658895493,0.00000027000007207789167,-0.0009886105544865131,0.0010000000474974513,0.000002230470272479579,0.010816973634064198,21.25926971435547,44.83992004394531,-2.8720414638519287,0,19.236318588256836
0.34027498960494995,0.09999997913837433,0.0000002750000760443072,-0.001002144766971469,0.0010000000474974513,0.0000022772414922656026,0.00935425516217947,41.414581298828125,57.11738967895508,-3.464071750640869,0,19.236318588256836
0.3402799963951111,0.09999997168779373,0.00000028000008001072274,-0.0009699205402284861,0.0010000000474974513,0.0000023151915229391307,0.00759001774713397,101.68633270263672,62.752201080322266,-3.723324775695801,0,19.236318588256836
0.3402850031852722,0.09999996423721313,0.0000002850000839771383,-0.000890799448825419,0.0010000000474974513,0.0000023436602987203514,0.0056937444023787975,160.16029357910156,61.707244873046875,-3.6496291160583496,0,19.236318588256836
0.34028998017311096,0.09999995678663254,0.0000002900000879435538,-0.0007661802228540182,0.0010000000474974513,0.0000023628354028915055,0.0038350033573806286,215.41571044921875,53.90522003173828,-3.2403762340545654,0,19.236318588256836
0.3402949869632721,0.09999995678663254,0.00000029500009190996934,-0.0005985673051327467,0.0010000000474974513,0.0000023737588890071493,0.0021846932359039783,232.6117706298828,39.9024772644043,-2.524341106414795,0,19.236318588256836
0.3402999937534332,0.09999995678663254,0.0000003000000958763849,-0.0004175742797087878,0.0010000000474974513,0.000002378254066570662,0.0008990569622255862,244.70140075683594,20.84343719482422,-1.5593726634979248,0,19.236318588256836
0.34030500054359436,0.09999995678663254,0.0000003050000998428004,-0.0002271744015160948,0.0010000000474974513,0.000002378778390266234,0.00010487501276656985,251.28050231933594,-1.640910029411316,-0.42732274532318115,0,19.236318588256836
0.3403099775314331,0.09999995678663254,0.00000031000010380921594,-0.00003165533416904509,0.0010000000474974513,0.000002378214503551135,-0.00011275867291260511,252.1291961669922,-25.58114242553711,0.7733277082443237,0,19.236318588256836
0.34031498432159424,0.09999995678663254,0.0000003150001077756315,0.00016452411364298314,0.0010000000474974513,0.0000023796199002390495,0.0002810938749462366,247.2191619873047,-48.85029983520508,1.9364570379257202,0,19.236318588256836
0.34031999111175537,0.09999995678663254,0.000000320000111742047,0.0003568831307347864,0.0010000000474974513,0.000002385956577199977,0.0012673232704401016,236.71438598632813,-69.36065673828125,2.958069086074829,0,19.236318588256836
0.3403249979019165,0.09999995678663254,0.00000032500011570846254,0.0005410685553215444,0.0010000000474974513,0.000002399825916654663,0.002773855347186327,220.966064453125,-85.25787353515625,3.7459208965301514,0,19.236318588256836
0.34033000469207764,0.09999995678663254,0.0000003300001196748781,0.0007130003650672734,0.0010000000474974513,0.000002423234036541544,0.004681637044996023,200.5005340576172,-94.13395690917969,4.18009614944458,0,19.236318588256836
0.3403349816799164,0.09999996423721313,0.0000003350001236412936,0.0008690081303939223,0.0010000000474974513,0.0000024572866550442996,0.0068105426616966724,142.47415161132813,-93.59569549560547,4.141360759735107,0,19.236318588256836
0.3403399884700775,0.09999997168779373,0.00000034000012760770915,0.0009798661340028048,0.0010000000474974513,0.000002501885319361463,0.00891972053796053,81.82032775878906,-86.67374420166016,3.781572103500366,0,19.236318588256836
0.34034499526023865,0.09999997913837433,0.0000003450001315741247,0.001043529948219657,0.0010000000474974513,0.0000025561137135809986,0.010845660232007504,20.062530517578125,-73.981201171875,3.1317310333251953,0,19.236318588256836
0.3403500020503998,0.09999998658895493,0.0000003500001355405402,0.001059140544384718,0.0010000000474974513,0.00000261831701209303,0.012440637685358524,45.80424880981445,-58.916481018066406,2.361860513687134,0,19.236318588256836
0.3403549790382385,0.09999999403953552,0.00000035500013950695575,0.0010299808345735073,0.0010000000474974513,0.00000268653457169421,0.013643522746860981,111.71715545654297,-41.50230026245117,1.4730969667434692,0,19.236318588256836
0.34035998582839966,0.10000000149011612,0.0000003600001434733713,0.0009588595130480826,0.0010000000474974513,0.000002758503342192853,0.014393764548003674,173.89622497558594,-22.0450496673584,0.4807038903236389,0,19.236318588256836
0.3403649926185608,0.10000000894069672,0.0000003650001474397868,0.0008481537806801498,0.0010000000474974513,0.000002831696292560082,0.014638585038483143,230.9154510498047,-2.1309242248535156,-0.5360739231109619,0,19.236318588256836
0.3403699994087219,0.10000000894069672,0.00000037000015140620235,0.0007011484703980386,0.0010000000474974513,0.00000290352409137995,0.014365564100444317,244.26841735839844,16.622581481933594,-1.496376872062683,0,19.236318588256836
0.34037500619888306,0.10000000894069672,0.0000003750001553726179,0.0005456423386931419,0.0010000000474974513,0.0000029715413347730646,0.013603465631604195,250.76170349121094,32.702903747558594,-2.324486255645752,0,19.236318588256836
0.3403799831867218,0.10000000894069672,0.0000003800001593390334,0.0003860024153254926,0.0010000000474974513,0.0000030336393592733657,0.012419614940881729,250.17832946777344,44.8292121887207,-2.9561190605163574,0,19.236318588256836
0.34038498997688293,0.10000000894069672,0.00000038500016330544895,0.00022673385683447123,0.0010000000474974513,0.0000030882097235007677,0.010914076119661331,242.5377655029297,52.05882263183594,-3.343716621398926,0,19.236318588256836
0.34038999676704407,0.10000000894069672,0.0000003900001672718645,0.00007232944335555658,0.0010000000474974513,0.0000031342653983301716,0.009211136028170586,228.0953826904297,53.86405563354492,-3.460277557373047,0,19.236318588256836
0.3403950035572052,0.10000000894069672,0.00000039500017123828,-0.00007288066990440711,0.0010000000474974513,0.000003171509661115124,0.0074488315731287,207.3339080810547,50.173011779785156,-3.3014121055603027,0,19.236318588256836
0.34039998054504395,0.10000000894069672,0.00000040000017520469555,-0.00020487362053245306,0.0010000000474974513,0.0000032003467822505627,0.005767435766756535,180.9472198486328,41.37095642089844,-2.8854496479034424,0,19.236318588256836
0.3404049873352051,0.10000000894069672,0.0000004050001791711111,-0.00032006826950237155,0.0010000000474974513,0.0000032218363230640534,0.004297888837754726,149.81723022460938,28.26237678527832,-2.251603841781616,0,19.236318588256836
0.3404099941253662,0.10000000894069672,0.0000004100001831375266,-0.0004154449561610818,0.0010000000474974513,0.000003237592181903892,0.003151156473904848,114.98439025878906,11.988313674926758,-1.4559941291809082,0,19.236318588256836
0.34041500091552734,0.10000000894069672,0.00000041500018710394215,-0.0004886463284492493,0.0010000000474974513,0.000003249640258218278,0.002409624867141247,77.6128921508789,-6.093800067901611,-0.565881073474884,0,19.236318588256836
0.3404199779033661,0.10000000894069672,0.0000004200001910703577,-0.0005380562506616116,0.0010000000474974513,0.0000032602474675513804,0.002121423836797476,38.95179748535156,-24.500667572021484,0.34501075744628906,0,19.236318588256836
0.3404249846935272,0.10000000894069672,0.0000004250001950367732,-0.0005628536455333233,0.0010000000474974513,0.0000032717332487663953,0.002297136466950178,0.2366662323474884,-41.72047805786133,1.2015372514724731,0,19.236318588256836
0.34042999148368835,0.10000000894069672,0.00000043000019900318875,-0.0005630042869597673,0.0010000000474974513,0.0000032862785701581743,0.0029090745374560356,33.57014846801758,-58.23186492919922,2.0278072357177734,0,19.236318588256836
0.3404349982738495,0.10000000894069672,0.0000004350002029696043,-0.0005368835991248488,0.0010000000474974513,0.0000033059877750929445,0.0039418283849954605,65.1640396118164,-70.09349060058594,2.626589775085449,0,19.236318588256836
0.3404400050640106,0.10000000894069672,0.0000004400002069360198,-0.00048617992433719337,0.0010000000474974513,0.000003332385404064553,0.005279539152979851,93.51271057128906,-76.74359130859375,2.969259262084961,0,19.236318588256836
0.34044498205184937,0.10000000894069672,0.00000044500021090243536,-0.00041341836913488805,0.0010000000474974513,0.000003366344344613026,0.0067917704582214355,117.6687240600586,-77.72660827636719,3.0321247577667236,0,19.236318588256836
0.3404499888420105,0.10000000894069672,0.0000004500002148688509,-0.00032186126918531954,0.0010000000474974513,0.0000034080244404322,0.008336018770933151,139.76467895507813,-71.90579223632813,2.7593300342559814,0,19.236318588256836
0.34045499563217163,0.10000000894069672,0.0000004550002188352664,-0.00021311153250280768,0.0010000000474974513,0.0000034567310649435967,0.009741334244608879,159.4137725830078,-59.79068374633789,2.176255941390991,0,19.236318588256836
0.34046000242233276,0.10000000894069672,0.00000046000022280168196,-0.00008907301526051015,0.0010000000474974513,0.000003510979468046571,0.010849691927433014,176.27200317382813,-42.441776275634766,1.3358063697814941,0,19.236318588256836
0.3404649794101715,0.10000000894069672,0.0000004650002267680975,0.00004808270023204386,0.0010000000474974513,0.0000035686296087078517,0.011530011892318726,190.04420471191406,-21.37770652770996,0.31377023458480835,0,19.236318588256836
0.34046998620033264,0.10000000894069672,0.000000470000230734513,0.000195954431546852,0.0010000000474974513,0.00000362707874046464,0.011689813807606697,200.48931884765625,1.5576765537261963,-0.7978256940841675,0,19.236318588256836
0.3404749929904938,0.10000000894069672,0.00000047500023470092856,0.0003519533493090421,0.0010000000474974513,0.0000036834960610576672,0.01128348521888256,207.42446899414063,24.35672950744629,-1.8987858295440674,0,19.236318588256836
0.3404799997806549,0.10000000894069672,0.0000004800002102456347,0.0005133483791723847,0.0010000000474974513,0.0000037350782804423943,0.010316440835595131,210.7281951904297,45.02372741699219,-2.8895304203033447,0,19.236318588256836
0.34048497676849365,0.10000000894069672,0.0000004850002142120502,0.0006773140048608184,0.0010000000474974513,0.000003779302460316103,0.008844815194606781,210.3427276611328,61.74957275390625,-3.679831027984619,0,19.236318588256836
0.3404899835586548,0.10000001639127731,0.0000004900002181784657,0.000840979628264904,0.0010000000474974513,0.0000038141558889037697,0.006970692425966263,172.7471466064453,72.59569549560547,-4.173003196716309,0,19.236318588256836
0.3404949903488159,0.10000002384185791,0.0000004950002221448813,0.0009753924096003175,0.0010000000474974513,0.0000038383827813959215,0.004845399409532547,132.1272735595703,74.85352325439453,-4.2338786125183105,0,19.236318588256836
0.34049999713897705,0.10000003129243851,0.0000005000002261112968,0.001078199245966971,0.0010000000474974513,0.0000038518282963195816,0.002689102664589882,89.19424438476563,71.02620697021484,-3.9878904819488525,0,19.236318588256836
0.3405050039291382,0.1000000387430191,0.0000005050002300777123,0.0011476002400740981,0.0010000000474974513,0.000003855118848150596,0.00065808673389256,44.699684143066406,61.460052490234375,-3.4526448249816895,0,19.236318588256836
0.34050998091697693,0.1000000461935997,0.0000005100002340441279,0.0011823804816231132,0.0010000000474974513,0.000003849617314699572,-0.0011003307299688458,0.6415947079658508,46.991676330566406,-2.670273780822754,0,19.236318588256836
0.34051498770713806,0.1000000536441803,0.0000005150002380105434,0.0011819718638435006,0.0010000000474974513,0.000003837315944110742,-0.002460289979353547,50.93928146362305,31.267141342163086,-1.82339346408844,0,19.236318588256836
0.3405199944972992,0.1000000610947609,0.0000005200002419769589,0.0011495427461341023,0.0010000000474974513,0.00000382037114832201,-0.003388936398550868,100.42625427246094,13.054444313049316,-0.8507254719734192,0,19.236318588256836
0.3405250012874603,0.10000006854534149,0.0000005250002459433745,0.001085609314031899,0.0010000000474974513,0.0000038012601635273313,-0.0038222072180360556,148.31488037109375,-6.1970953941345215,0.17493502795696259,0,19.236318588256836
0.3405299782752991,0.10000007599592209,0.00000053000024990979,0.0009911891538649797,0.0010000000474974513,0.0000037825946037628455,-0.0037331136409193277,193.843017578125,-24.95549201965332,1.1766541004180908,0,19.236318588256836
0.3405349850654602,0.10000008344650269,0.0000005350002538762055,0.0008677849546074867,0.0010000000474974513,0.0000037669253742933506,-0.0031338485423475504,236.28604125976563,-41.728004455566406,2.079456329345703,0,19.236318588256836
0.34053999185562134,0.10000008344650269,0.0000005400002578426211,0.0007173606427386403,0.0010000000474974513,0.000003756551450351253,-0.0020747901871800423,237.715576171875,-55.1799201965332,2.81626558303833,0,19.236318588256836
0.34054499864578247,0.10000008344650269,0.0000005450002618090366,0.0005660263122990727,0.0010000000474974513,0.0000037533491195063107,-0.0006404779851436615,235.36172485351563,-64.24076843261719,3.3332176208496094,0,19.236318588256836
0.3405500054359436,0.10000008344650269,0.0000005500002657754521,0.00041619056719355285,0.0010000000474974513,0.000003758634647965664,0.0010571156162768602,229.261962890625,-68.18951416015625,3.593921661376953,0,19.236318588256836
0.34055498242378235,0.10000008344650269,0.0000005550002697418677,0.00027023805887438357,0.0010000000474974513,0.0000037730719668616075,0.0028874848503619432,219.513427734375,-66.71192932128906,3.5823304653167725,0,19.236318588256836
0.3405599892139435,0.10000008344650269,0.0000005600002737082832,0.00013049165136180818,0.0010000000474974513,0.000003796631744990009,0.004711950663477182,206.27122497558594,-59.92559051513672,3.303992748260498,0,19.236318588256836
0.3405649960041046,0.10000008344650269,0.0000005650002776746987,-0.0000008245260687544942,0.0010000000474974513,0.000003828605258604512,0.0063946605660021305,189.74609375,-48.370540618896484,2.7855870723724365,0,19.236318588256836
0.34057000279426575,0.10000008344650269,0.0000005700002816411143,-0.00012162051280029118,0.0010000000474974513,0.000003867672148771817,0.007813348434865475,170.20108032226563,-32.9662971496582,2.0727741718292236,0,19.236318588256836
0.3405749797821045,0.10000008344650269,0.0000005750002856075298,-0.00022997381165623665,0.0010000000474974513,0.000003912017291440861,0.008869004435837269,147.9471893310547,-14.938692092895508,1.2265416383743286,0,19.236318588256836
0.3405799865722656,0.10000008344650269,0.0000005800002895739453,-0.0003241598606109619,0.0010000000474974513,0.000003959485638915794,0.009493676945567131,123.33868408203125,4.277685642242432,0.318325936794281,0,19.236318588256836
0.34058499336242676,0.10000008344650269,0.0000005850002935403609,-0.0004026797250844538,0.0010000000474974513,0.000004007764800917357,0.009655799716711044,96.76720428466797,23.15364646911621,-0.575692355632782,0,19.236318588256836
0.3405900001525879,0.10000008344650269,0.0000005900002975067764,-0.0004642836865969002,0.0010000000474974513,0.0000040545778574596625,0.009362602606415749,68.65560913085938,40.18708801269531,-1.3806722164154053,0,19.236318588256836
0.34059497714042664,0.10000008344650269,0.0000005950003014731919,-0.0005079912953078747,0.0010000000474974513,0.000004097874807484914,0.008659431710839272,39.45132064819336,54.02253723144531,-2.029087781906128,0,19.236318588256836
0.34059998393058777,0.10000008344650269,0.0000006000003054396075,-0.0005331069696694613,0.0010000000474974513,0.000004136004918109393,0.0076260254718363285,9.619120597839355,63.55900192260742,-2.4661195278167725,0,19.236318588256836
0.3406049907207489,0.10000008344650269,0.000000605000309406023,-0.0005392308812588453,0.0010000000474974513,0.00000416785496781813,0.00637004105374217,18.329540252685547,69.05591583251953,-2.7049498558044434,0,19.236318588256836
0.34060999751091003,0.10000008344650269,0.0000006100003133724385,-0.0005249690730124712,0.0010000000474974513,0.00000419281695940299,0.004992421250790358,44.995391845703125,67.93755340576172,-2.616983652114868,0,19.236318588256836
0.34061500430107117,0.10000008344650269,0.0000006150003173388541,-0.0004899587947875261,0.0010000000474974513,0.000004211115083307959,0.0036596027202904224,70.8735122680664,60.87226486206055,-2.235809087753296,0,19.236318588256836
0.3406199812889099,0.10000008344650269,0.0000006200003213052696,-0.00043481297325342894,0.0010000000474974513,0.00000422371977037983,0.0025209146551787853,95.51083374023438,48.478515625,-1.592496633529663,0,19.236318588256836
0.34062498807907104,0.10000008344650269,0.0000006250003252716851,-0.00036049698246642947,0.0010000000474974513,0.000004232269020576496,0.0017098627286031842,118.47605895996094,31.841197967529297,-0.7414169907569885,0,19.236318588256836
0.3406299948692322,0.10000008344650269,0.0000006300003292381007,-0.0002683119382709265,0.0010000000474974513,0.000004238930159772281,0.0013322621816769242,139.36709594726563,12.416666030883789,0.24451082944869995,0,19.236318588256836
0.3406350016593933,0.10000008344650269,0.0000006350003332045162,-0.0001598717353772372,0.0010000000474974513,0.00000424621430283878,0.0014567904872819781,157.81822204589844,-8.094751358032227,1.2801921367645264,0,19.236318588256836
0.34063997864723206,0.10000008344650269,0.0000006400003371709317,-0.00003707480209413916,0.0010000000474974513,0.0000042567580749164335,0.002108786953613162,173.5064239501953,-27.89757537841797,2.27579927444458,0,19.236318588256836
0.3406449854373932,0.10000008344650269,0.0000006450003411373473,0.00009792903438210487,0.0010000000474974513,0.000004273097147233784,0.003267842112109065,186.15707397460938,-45.25836944580078,3.1446311473846436,0,19.236318588256836
0.3406499922275543,0.10000008344650269,0.0000006500003451037628,0.00024277629563584924,0.0010000000474974513,0.0000042974443204002455,0.004869389347732067,195.54861450195313,-58.657432556152344,3.810699701309204,0,19.236318588256836
0.34065499901771545,0.10000008344650269,0.0000006550003490701783,0.0003949310630559921,0.0010000000474974513,0.000004331495347287273,0.006810162216424942,201.5166778564453,-66.7739486694336,4.207983016967773,0,19.236318588256836
0.3406600058078766,0.10000008344650269,0.0000006600003530365939,0.0005517295794561505,0.0010000000474974513,0.000004376261586003238,0.008953269571065903,203.95681762695313,-69.10894012451172,4.311578750610352,0,19.236318588256836
0.34066498279571533,0.10000008344650269,0.0000006650003570030094,0.0007104267133399844,0.0010000000474974513,0.0000044320072447590064,0.01114913821220398,202.8262176513672,-65.47881317138672,4.112376689910889,0,19.236318588256836
0.34066998958587646,0.10000009089708328,0.0000006700003609694249,0.000868244213052094,0.0010000000474974513,0.000004498224825510988,0.013243554159998894,164.61715698242188,-55.11251449584961,3.57191801071167,0,19.236318588256836
0.3406749963760376,0.10000009834766388,0.0000006750003649358405,0.0009963314514607191,0.0010000000474974513,0.000004573538262775401,0.015062717720866203,123.52611541748047,-39.933170318603516,2.7864766120910645,0,19.236318588256836
0.34068000316619873,0.10000010579824448,0.000000680000368902256,0.0010924460366368294,0.0010000000474974513,0.000004655947577703046,0.016481859609484673,80.27249908447266,-21.455888748168945,1.831947922706604,0,19.236318588256836
0.3406849801540375,0.10000011324882507,0.0000006850003728686715,0.00115490541793406,0.0010000000474974513,0.000004743021690956084,0.017414862290024757,35.61355209350586,-1.193117380142212,0.7841174006462097,0,19.236318588256836
0.3406899869441986,0.10000012069940567,0.0000006900003768350871,0.001182615989819169,0.0010000000474974513,0.000004832092599826865,0.017814209684729576,10.743220329284668,18.662080764770508,-0.24717777967453003,0,19.236318588256836
0.34069499373435974,0.10000012814998627,0.0000006950003808015026,0.0011757765896618366,0.0010000000474974513,0.000004920534138364019,0.01768832467496395,60.88602828979492,35.05367660522461,-1.1089318990707397,0,19.236318588256836
0.3407000005245209,0.10000013560056686,0.0000007000003847679181,0.001137015176936984,0.0010000000474974513,0.000005006151695852168,0.017123552039265633,110.05980682373047,48.655784606933594,-1.8346267938613892,0,19.236318588256836
0.3407049775123596,0.10000014305114746,0.0000007050003887343337,0.0010669487528502941,0.0010000000474974513,0.00000508709763380466,0.01618918590247631,157.48196411132813,58.385986328125,-2.3698997497558594,0,19.236318588256836
0.34070998430252075,0.10000015050172806,0.0000007100003927007492,0.0009666924015618861,0.0010000000474974513,0.000005162008619663538,0.014982206746935844,202.39768981933594,63.46996307373047,-2.6757760047912598,0,19.236318588256836
0.3407149910926819,0.10000015795230865,0.0000007150003966671648,0.0008378418278880417,0.0010000000474974513,0.000005230105671216734,0.013619445264339447,244.0921630859375,63.50314712524414,-2.73175311088562,0,19.236318588256836
0.340719997882843,0.10000015795230865,0.0000007200004006335803,0.0006824477459304035,0.0010000000474974513,0.000005291246452543419,0.01222817413508892,244.6488800048828,58.48289108276367,-2.5374104976654053,0,19.236318588256836
0.34072500467300415,0.10000015795230865,0.0000007250004045999958,0.0005266991793178022,0.0010000000474974513,0.000005345925728761358,0.010935882106423378,241.31192016601563,48.808692932128906,-2.1124227046966553,0,19.236318588256836
0.3407299816608429,0.10000015795230865,0.0000007300004085664114,0.00037307507591322064,0.0010000000474974513,0.0000053952257985656615,0.00986003503203392,234.1343231201172,35.250404357910156,-1.494970440864563,0,19.236318588256836
0.34073498845100403,0.10000015795230865,0.0000007350004125328269,0.00022402039030566812,0.0010000000474974513,0.000005440719178295694,0.009098652750253677,223.2303924560547,18.8869571685791,-0.7386796474456787,0,19.236318588256836
0.34073999524116516,0.10000015795230865,0.0000007400004164992424,0.0000819074411992915,0.0010000000474974513,0.00000548433126823511,0.008722446858882904,208.7736053466797,1.0205155611038208,0.09166973829269409,0,19.236318588256836
0.3407450020313263,0.10000015795230865,0.000000745000420465658,-0.00005100195630802773,0.0010000000474974513,0.000005528177098312881,0.008769134059548378,190.99412536621094,-16.927156448364258,0.9253236651420593,0,19.236318588256836
0.34074997901916504,0.10000015795230865,0.0000007500004244320735,-0.00017259252490475774,0.0010000000474974513,0.000005574378974415595,0.009240398183465004,170.1748504638672,-33.52782440185547,1.6912084817886353,0,19.236318588256836
0.34075498580932617,0.10000015795230865,0.000000755000428398489,-0.0002809290890581906,0.0010000000474974513,0.000005624887762678554,0.010101724416017532,146.647216796875,-47.46044921875,2.3236124515533447,0,19.236318588256836
0.3407599925994873,0.10000015795230865,0.0000007600004323649046,-0.00037428742507472634,0.0010000000474974513,0.000005681313268723898,0.011285129934549332,120.78558349609375,-57.616302490234375,2.7674400806427,0,19.236318588256836
0.34076499938964844,0.10000015795230865,0.0000007650004363313201,-0.00045118172420188785,0.0010000000474974513,0.0000057447859944659285,0.012694574892520905,93.00157165527344,-63.18721389770508,2.982621908187866,0,19.236318588256836
0.34077000617980957,0.10000015795230865,0.0000007700004402977356,-0.0005103881121613085,0.0010000000474974513,0.000005815853910462465,0.01421361230313778,63.737422943115234,-63.729854583740234,2.9473278522491455,0,19.236318588256836
0.3407749831676483,0.10000015795230865,0.0000007750004442641512,-0.0005509643233381212,0.0010000000474974513,0.000005894427431485383,0.015714673325419426,33.458831787109375,-59.2010383605957,2.6597299575805664,0,19.236318588256836
0.34077998995780945,0.10000015795230865,0.0000007800004482305667,-0.0005722646019421518,0.0010000000474974513,0.0000059797739595524035,0.017069263383746147,2.647749662399292,-49.96116256713867,2.138172149658203,0,19.236318588256836
0.3407849967479706,0.10000015795230865,0.0000007850004521969822,-0.0005739500629715621,0.0010000000474974513,0.000006070565177651588,0.01815822534263134,25.384925842285156,-37.402469635009766,1.4525830745697021,0,19.236318588256836
0.3407900035381317,0.10000015795230865,0.0000007900004561633978,-0.0005541981081478298,0.0010000000474974513,0.000006165055310702883,0.018898019567131996,52.70844268798828,-19.59121322631836,0.5065804719924927,0,19.236318588256836
0.34079498052597046,0.10000015795230865,0.0000007950004601298133,-0.0005131860380060971,0.0010000000474974513,0.0000062608355619886424,0.019156018272042274,79.10918426513672,-0.06502962112426758,-0.5226589441299438,0,19.236318588256836
0.3407999873161316,0.10000015795230865,0.0000008000004640962288,-0.0004516319022513926,0.0010000000474974513,0.0000063552847677783575,0.018889831379055977,104.12491607666016,19.466861724853516,-1.5493937730789185,0,19.236318588256836
0.3408049941062927,0.10000015795230865,0.0000008050004680626444,-0.0003706133575178683,0.0010000000474974513,0.000006445788585551782,0.018100732937455177,127.3177261352539,37.29473114013672,-2.4878714084625244,0,19.236318588256836
0.34081000089645386,0.10000015795230865,0.0000008100004720290599,-0.00027154874987900257,0.0010000000474974513,0.0000065299568632326555,0.016833672299981117,148.28158569335938,51.85801696777344,-3.2598140239715576,0,19.236318588256836
0.3408149778842926,0.10000015795230865,0.0000008150004759954754,-0.0001561724056955427,0.0010000000474974513,0.000006605824182770448,0.015173463150858879,166.64950561523438,61.881919860839844,-3.8012495040893555,0,19.236318588256836
0.34081998467445374,0.10000015795230865,0.000000820000479961891,-0.000026504203560762107,0.0010000000474974513,0.000006672011750197271,0.013237502425909042,182.09988403320313,66.48899841308594,-4.068092346191406,0,19.236318588256836
0.34082499146461487,0.10000015795230865,0.0000008250004839283065,0.00011518578685354441,0.0010000000474974513,0.0000067278397182235494,0.011165639385581017,194.36224365234375,65.27597045898438,-4.039984226226807,0,19.236318588256836
0.340829998254776,0.10000015795230865,0.000000830000487894722,0.000266417016973719,0.0010000000474974513,0.000006773380391678074,0.00910809263586998,203.22183227539063,58.34901428222656,-3.722062349319458,0,19.236318588256836
0.34083500504493713,0.10000015795230865,0.0000008350004918611376,0.0004245418531354517,0.0010000000474974513,0.000006809442766098073,0.007212461903691292,208.52362060546875,46.31450271606445,-3.14449405670166,0,19.236318588256836
0.3408399820327759,0.10000015795230865,0.0000008400004958275531,0.0005867920117452741,0.0010000000474974513,0.000006837497494416311,0.005610983818769455,210.1747589111328,30.22586441040039,-2.3598227500915527,0,19.236318588256836
0.340844988822937,0.10000016540288925,0.0000008450004997939686,0.0007503269007429481,0.0010000000474974513,0.000006859543191239936,0.00440913625061512,174.6188201904297,11.491433143615723,-1.4383598566055298,0,19.236318588256836
0.34084999561309814,0.10000017285346985,0.0000008500005037603842,0.0008861961541697383,0.0010000000474974513,0.000006877925898152171,0.003676585853099823,136.0057830810547,-8.24887752532959,-0.4620206654071808,0,19.236318588256836
0.3408550024032593,0.10000018030405045,0.0000008550005077267997,0.000992021057754755,0.0010000000474974513,0.000006895132173667662,0.0034412806853652,95.01168823242188,-27.26709747314453,0.4828532636165619,0,19.236318588256836
0.340859979391098,0.10000018775463104,0.0000008600005116932152,0.0010659489780664444,0.0010000000474974513,0.00000691356808601995,0.00368719594553113,52.354209899902344,-43.89847183227539,1.3130561113357544,0,19.236318588256836
0.34086498618125916,0.10000019520521164,0.0000008650005156596308,0.0011066854931414127,0.0010000000474974513,0.000006935347755643306,0.004355930257588625,8.780157089233398,-54.76483917236328,1.8596868515014648,0,19.236318588256836
0.3408699929714203,0.10000020265579224,0.0000008700005196260463,0.0011135174427181482,0.0010000000474974513,0.000006961863164178794,0.005303061101585627,38.8306884765625,-61.54509353637695,2.2066731452941895,0,19.236318588256836
0.3408749997615814,0.10000021010637283,0.0000008750005235924618,0.0010887973476201296,0.0010000000474974513,0.000006993997885729186,0.006426910404115915,86.799072265625,-63.915531158447266,2.33778715133667,0,19.236318588256836
0.34087997674942017,0.10000021755695343,0.0000008800005275588774,0.0010335396509617567,0.0010000000474974513,0.000007032085704850033,0.007617535535246134,133.3860321044922,-61.199737548828125,2.2191410064697266,0,19.236318588256836
0.3408849835395813,0.10000022500753403,0.0000008850005315252929,0.0009486237540841103,0.0010000000474974513,0.000007075824214552995,0.008747735060751438,177.85008239746094,-53.61383819580078,1.8614506721496582,0,19.236318588256836
0.34088999032974243,0.10000023245811462,0.0000008900005354917084,0.0008354011224582791,0.0010000000474974513,0.000007124303010641597,0.009695763699710369,219.4835205078125,-41.76150894165039,1.2947849035263062,0,19.236318588256836
0.34089499711990356,0.10000023245811462,0.000000895000539458124,0.0006956737488508224,0.0010000000474974513,0.000007176079179771477,0.010355192236602306,220.3708953857422,-26.585922241210938,0.5661649703979492,0,19.236318588256836
0.3409000039100647,0.10000023245811462,0.0000009000005434245395,0.0005553814116865396,0.0010000000474974513,0.000007229296898003668,0.010643537156283855,217.7509765625,-9.294723510742188,-0.2641870379447937,0,19.236318588256836
0.34090498089790344,0.10000023245811462,0.000000905000547390955,0.00041675689863041043,0.0010000000474974513,0.000007281842044903897,0.010508987121284008,211.66543579101563,8.736102104187012,-1.1276533603668213,0,19.236318588256836
0.3409099876880646,0.10000023245811462,0.0000009100005513573706,0.00028200645465403795,0.0010000000474974513,0.000007331515462283278,0.009934677742421627,202.2111358642578,26.071706771850586,-1.9526937007904053,0,19.236318588256836
0.3409149944782257,0.10000023245811462,0.0000009150005553237861,0.00015327474102377892,0.0010000000474974513,0.0000073762162173807155,0.008940179832279682,189.53851318359375,41.33256912231445,-2.670552968978882,0,19.236318588256836
0.34092000126838684,0.10000023245811462,0.0000009200005592902016,0.00003261059464421123,0.0010000000474974513,0.000007414116680592997,0.0075800782069563866,173.84930419921875,53.30426788330078,-3.220750331878662,0,19.236318588256836
0.3409249782562256,0.10000023245811462,0.0000009250005632566172,-0.00007806554640410468,0.0010000000474974513,0.00000744381532058469,0.005939763970673084,155.3932342529297,61.03413009643555,-3.5559089183807373,0,19.236318588256836
0.3409299850463867,0.10000023245811462,0.0000009300005672230327,-0.00017699222371447831,0.0010000000474974513,0.000007464459031325532,0.004128754138946533,134.4639892578125,63.90703201293945,-3.6455442905426025,0,19.236318588256836
0.34093499183654785,0.10000023245811462,0.0000009350005711894482,-0.00026259495643898845,0.0010000000474974513,0.000007475819529645378,0.0022720936685800552,111.39466857910156,61.694358825683594,-3.4785125255584717,0,19.236318588256836
0.340939998626709,0.10000023245811462,0.0000009400005751558638,-0.00033351127058267593,0.0010000000474974513,0.000007478322004317306,0.0005005018902011216,86.55248260498047,54.57218551635742,-3.0639169216156006,0,19.236318588256836
0.3409450054168701,0.10000023245811462,0.0000009450005791222793,-0.0003886125632561743,0.0010000000474974513,0.000007473022378690075,-0.0010599381057545543,60.332763671875,43.1072883605957,-2.430406093597412,0,19.236318588256836
0.34094998240470886,0.10000023245811462,0.0000009500005830886948,-0.0004270218196325004,0.0010000000474974513,0.0000074615336416172795,-0.0022977336775511503,33.15283203125,28.212011337280273,-1.6239168643951416,0,19.236318588256836
0.34095498919487,0.10000023245811462,0.0000009550005870551104,-0.00044812768464908004,0.0010000000474974513,0.000007445909886882873,-0.0031247877050191164,5.445255279541016,11.07168960571289,-0.7040440440177917,0,19.236318588256836
0.34095999598503113,0.10000023245811462,0.000000960000534178107,-0.0004515943001024425,0.0010000000474974513,0.000007428493063343922,-0.0034833543468266726,20.114168167114258,-8.067143440246582,0.31655266880989075,0,19.236318588256836
0.34096500277519226,0.10000023245811462,0.0000009650004813011037,-0.0004359435988590121,0.0010000000474974513,0.000007411882506858092,-0.0033221354242414236,44.77690124511719,-26.816715240478516,1.3181467056274414,0,19.236318588256836
0.340969979763031,0.10000023245811462,0.0000009700004284241004,-0.0004011029959656298,0.0010000000474974513,0.000007398628440569155,-0.0026508087757974863,68.65575408935547,-43.38872146606445,2.2109827995300293,0,19.236318588256836
0.34097498655319214,0.10000023245811462,0.000000975000375547097,-0.0003476823912933469,0.0010000000474974513,0.000007391004601231543,-0.0015247644623741508,91.3326187133789,-56.360618591308594,2.923593282699585,0,19.236318588256836
0.34097999334335327,0.10000023245811462,0.0000009800003226700937,-0.0002766170655377209,0.0010000000474974513,0.000007390825430775294,-0.00003579061012715101,112.41051483154297,-64.39895629882813,3.3889658451080322,0,19.236318588256836
0.3409850001335144,0.10000023245811462,0.0000009850002697930904,-0.00018915117834694684,0.0010000000474974513,0.000007399276455544168,0.00169019540771842,131.52044677734375,-66.80010986328125,3.571582078933716,0,19.236318588256836
0.34098997712135315,0.10000023245811462,0.000000990000216916087,-0.00008681599865667522,0.0010000000474974513,0.0000074168224273307715,0.003509187139570713,148.32785034179688,-63.3538703918457,3.4606003761291504,0,19.236318588256836
0.3409949839115143,0.10000023245811462,0.0000009950001640390838,0.000028596854463103227,0.0010000000474974513,0.000007443180493282853,0.005271656438708305,162.53843688964844,-54.36191177368164,3.0707790851593018,0,19.236318588256836
0.3409999907016754,0.10000023245811462,0.0000010000001111620804,0.00015506678028032184,0.0010000000474974513,0.0000074773583946807776,0.006835591048002243,173.9034423828125,-40.611351013183594,2.4411561489105225,0,19.236318588256836
0.34100499749183655,0.10000023245811462,0.000001005000058285077,0.0002903796557802707,0.0010000000474974513,0.00000751775269236532,0.008078861981630325,182.2239532470703,-23.30583381652832,1.6316074132919312,0,19.236318588256836
0.3410100042819977,0.10000023245811462,0.0000010100000054080738,0.0004321665328461677,0.0010000000474974513,0.000007562302016594913,0.008909832686185837,187.3541717529297,-3.960212230682373,0.7175794839859009,0,19.236318588256836
0.3410149812698364,0.10000023245811462,0.0000010149999525310704,0.000577945145778358,0.0010000000474974513,0.000007608678515680367,0.009275292977690697,189.20448303222656,15.732104301452637,-0.21653956174850464,0,19.236318588256836
0.34101998805999756,0.10000023245811462,0.0000010199998996540671,0.0007251633796840906,0.0010000000474974513,0.000007654503860976547,0.00916500948369503,187.7423553466797,34.047332763671875,-1.0848286151885986,0,19.236318588256836
0.3410249948501587,0.10000023990869522,0.0000010249998467770638,0.0008712438866496086,0.0010000000474974513,0.000007697566616116092,0.008612511679530144,149.46578979492188,49.38226318359375,-1.8073785305023193,0,19.236318588256836
0.3410300016403198,0.10000024735927582,0.0000010299997939000605,0.0009875416290014982,0.0010000000474974513,0.000007736026418569963,0.007692021783441305,108.5725326538086,60.394527435302734,-2.3173062801361084,0,19.236318588256836
0.34103497862815857,0.10000025480985641,0.0000010349997410230571,0.0010720205027610064,0.0010000000474974513,0.000007768585419398732,0.00651182746514678,65.7784652709961,63.63338088989258,-2.4422895908355713,0,19.236318588256836
0.3410399854183197,0.10000026226043701,0.0000010399996881460538,0.0011232018005102873,0.0010000000474974513,0.000007794925295456778,0.0052679795771837234,21.832792282104492,61.33331298828125,-2.2942492961883545,0,19.236318588256836
0.34104499220848083,0.10000026971101761,0.0000010449996352690505,0.0011401893571019173,0.0010000000474974513,0.000007815422577550635,0.004099528305232525,24.994495391845703,55.3809928894043,-1.9676944017410278,0,19.236318588256836
0.34104999899864197,0.1000002771615982,0.0000010499995823920472,0.0011242770124226809,0.0010000000474974513,0.000007830909453332424,0.0030973898246884346,73.84989166259766,46.23452377319336,-1.4856834411621094,0,19.236318588256836
0.3410550057888031,0.1000002846121788,0.0000010549995295150438,0.0010772624518722296,0.0010000000474974513,0.000007842612831154838,0.0023407372646033764,121.5299072265625,33.40882110595703,-0.8240928053855896,0,19.236318588256836
0.34105998277664185,0.1000002920627594,0.0000010599994766380405,0.000999893993139267,0.0010000000474974513,0.000007852218004700262,0.0019210302270948887,167.27569580078125,17.924514770507813,-0.03406219184398651,0,19.236318588256836
0.341064989566803,0.10000029951334,0.0000010649994237610372,0.0008934028446674347,0.0010000000474974513,0.000007861736776249018,0.0019036824814975262,210.3592529296875,1.013799786567688,0.8227149248123169,0,19.236318588256836
0.3410699963569641,0.1000003069639206,0.0000010699993708840339,0.0007594840135425329,0.0010000000474974513,0.000007873350114095956,0.002322687767446041,250.0948486328125,-15.977616310119629,1.6788935661315918,0,19.236318588256836
0.34107500314712524,0.1000003069639206,0.0000010749993180070305,0.0006002688314765692,0.0010000000474974513,0.000007889238986535929,0.003177741076797247,248.5972137451172,-31.69760513305664,2.466832399368286,0,19.236318588256836
0.341079980134964,0.1000003069639206,0.0000010799992651300272,0.000442007090896368,0.0010000000474974513,0.000007911409738881048,0.004434088245034218,243.1430206298828,-44.89521408081055,3.1239731311798096,0,19.236318588256836
0.3410849869251251,0.1000003069639206,0.0000010849992122530239,0.00028721767012029886,0.0010000000474974513,0.000007941534931887873,0.00602511502802372,233.8190155029297,-54.520206451416016,3.597818613052368,0,19.236318588256836
0.34108999371528625,0.1000003069639206,0.0000010899991593760205,0.00013836415018886328,0.0010000000474974513,0.000007980822374520358,0.007857468910515308,220.7738037109375,-59.8066520690918,3.850111722946167,0,19.236318588256836
0.3410950005054474,0.1000003069639206,0.0000010949991064990172,-0.0000021844898583367467,0.0010000000474974513,0.000008029914170037955,0.00981831457465887,204.2147674560547,-60.3338623046875,3.85988187789917,0,19.236318588256836
0.34109997749328613,0.1000003069639206,0.0000010999990536220139,-0.00013219131506048143,0.0010000000474974513,0.000008088834874797612,0.011784136295318604,184.4055938720703,-56.05988693237305,3.625119686126709,0,19.236318588256836
0.34110498428344727,0.1000003069639206,0.0000011049990007450106,-0.00024958726135082543,0.0010000000474974513,0.000008156986950780265,0.013630393892526627,161.6614227294922,-47.32483673095703,3.1629419326782227,0,19.236318588256836
0.3411099910736084,0.1000003069639206,0.0000011099989478680072,-0.00035250387736596167,0.0010000000474974513,0.000008233193511841819,0.015241267159581184,136.34437561035156,-34.823814392089844,2.5082390308380127,0,19.236318588256836
0.34111499786376953,0.1000003069639206,0.000001114998894991004,-0.0004393031995277852,0.0010000000474974513,0.000008315787454193924,0.01651870273053646,108.8573226928711,-19.551624298095703,1.71090829372406,0,19.236318588256836
0.34112000465393066,0.1000003069639206,0.0000011199988421140006,-0.0005086038145236671,0.0010000000474974513,0.000008402737876167521,0.017390059307217598,79.63783264160156,-2.723581552505493,0.8318946361541748,0,19.236318588256836
0.3411249816417694,0.1000003069639206,0.0000011249987892369973,-0.000559302803594619,0.0010000000474974513,0.000008491806511301547,0.01781374029815197,49.150875091552734,14.321183204650879,-0.06164593994617462,0,19.236318588256836
0.34112998843193054,0.1000003069639206,0.000001129998736359994,-0.0005905932630412281,0.0010000000474974513,0.000008580717803852167,0.017782343551516533,17.881608963012695,30.22629737854004,-0.901675820350647,0,19.236318588256836
0.3411349952220917,0.1000003069639206,0.0000011349986834829906,-0.0006019771681167185,0.0010000000474974513,0.000008667333531775512,0.017323123291134834,12.30506706237793,44.409690856933594,-1.6588540077209473,0,19.236318588256836
0.3411400020122528,0.1000003069639206,0.0000011399986306059873,-0.0005924029392190278,0.0010000000474974513,0.000008749724656809121,0.016478275880217552,40.48806381225586,55.372032165527344,-2.2579588890075684,0,19.236318588256836
0.34114497900009155,0.1000003069639206,0.000001144998577728984,-0.0005608999053947628,0.0010000000474974513,0.000008826365956338122,0.015328307636082172,67.96224975585938,61.48738479614258,-2.6174235343933105,0,19.236318588256836
0.3411499857902527,0.1000003069639206,0.0000011499985248519806,-0.0005080194096080959,0.0010000000474974513,0.000008896342478692532,0.013995264656841755,94.24659729003906,62.22043228149414,-2.7101972103118896,0,19.236318588256836
0.3411549925804138,0.1000003069639206,0.0000011549984719749773,-0.0004346873611211777,0.0010000000474974513,0.000008959417755249888,0.012614971958100796,118.88105010986328,57.507022857666016,-2.532773971557617,0,19.236318588256836
0.34115999937057495,0.1000003069639206,0.000001159998419097974,-0.0003421874134801328,0.0010000000474974513,0.00000901604289538227,0.011325040832161903,141.4342041015625,47.75973892211914,-2.1054751873016357,0,19.236318588256836
0.3411650061607361,0.1000003069639206,0.0000011649983662209706,-0.0002321390202268958,0.0010000000474974513,0.000009067306564247701,0.010252730920910835,161.51126098632813,33.83182907104492,-1.470643162727356,0,19.236318588256836
0.34116998314857483,0.1000003069639206,0.0000011699983133439673,-0.0001064687967300415,0.0010000000474974513,0.000009114824933931231,0.009503738954663277,178.76077270507813,16.942468643188477,-0.6889111995697021,0,19.236318588256836
0.34117498993873596,0.1000003069639206,0.000001174998260466964,0.000032623214792693034,0.0010000000474974513,0.000009160588888335042,0.009152879938483238,192.8807373046875,-1.4299180507659912,0.1661328375339508,0,19.236318588256836
0.3411799967288971,0.1000003069639206,0.0000011799982075899607,0.00018270197324454784,0.0010000000474974513,0.000009206776667269878,0.009237490594387054,203.62393188476563,-19.67709732055664,1.0144145488739014,0,19.236318588256836
0.3411850035190582,0.1000003069639206,0.0000011849981547129573,0.0003411400248296559,0.0010000000474974513,0.00000925554741115775,0.009754126891493797,210.80224609375,-36.20180130004883,1.7764102220535278,0,19.236318588256836
0.341189980506897,0.1000003069639206,0.000001189998101835954,0.0005051635671406984,0.0010000000474974513,0.00000930884198169224,0.01065884530544281,214.28993225097656,-49.557525634765625,2.3801355361938477,0,19.236318588256836
0.3411949872970581,0.1000003069639206,0.0000011949980489589507,0.0006719009252265096,0.0010000000474974513,0.000009368197424919344,0.011871038004755974,214.02615356445313,-58.57518005371094,2.7674760818481445,0,19.236318588256836
0.34119999408721924,0.10000031441450119,0.0000011999979960819473,0.0008384330430999398,0.0010000000474974513,0.000009434599633095786,0.013280501589179039,176.48773193359375,-62.465396881103516,2.8993003368377686,0,19.236318588256836
0.34120500087738037,0.10000032186508179,0.000001204997943204944,0.0009757569059729576,0.0010000000474974513,0.00000950838511926122,0.014757102355360985,135.85958862304688,-59.546539306640625,2.6918587684631348,0,19.236318588256836
0.3412099778652191,0.10000032931566238,0.0000012099978903279407,0.001081468304619193,0.0010000000474974513,0.000009589025466993917,0.01612805388867855,92.85292053222656,-50.984378814697266,2.2037668228149414,0,19.236318588256836
0.34121498465538025,0.10000033676624298,0.0000012149978374509374,0.0011537165846675634,0.0010000000474974513,0.000009675277397036552,0.01725042425096035,48.22068786621094,-38.274681091308594,1.5101308822631836,0,19.236318588256836
0.3412199914455414,0.10000034421682358,0.000001219997784573934,0.0011912367772310972,0.0010000000474974513,0.000009765374670678284,0.018019529059529305,2.7442023754119873,-22.47226333618164,0.6639997959136963,0,19.236318588256836
0.3412249982357025,0.10000035166740417,0.0000012249977316969307,0.0011933720670640469,0.0010000000474974513,0.000009857163604465313,0.01835769973695278,47.53360366821289,-7.25557804107666,-0.15040622651576996,0,19.236318588256836
0.34123000502586365,0.10000035911798477,0.0000012299976788199274,0.001163111301138997,0.0010000000474974513,0.000009948568731488194,0.018281100317835808,97.35987091064453,8.386028289794922,-0.9833357930183411,0,19.236318588256836
0.3412349820137024,0.10000036656856537,0.000001234997625942924,0.0011011299211531878,0.0010000000474974513,0.000010037470019597095,0.01778029091656208,145.6365966796875,23.360286712646484,-1.7799056768417358,0,19.236318588256836
0.3412399888038635,0.10000037401914597,0.0000012399975730659207,0.001008414663374424,0.0010000000474974513,0.00001012183929560706,0.016873793676495552,191.5953826904297,36.47557067871094,-2.480280637741089,0,19.236318588256836
0.34124499559402466,0.10000038146972656,0.0000012449975201889174,0.0008864410920068622,0.0010000000474974513,0.000010199892130913213,0.015610596165060997,234.5049591064453,46.68819046020508,-3.0320394039154053,0,19.236318588256836
0.3412500023841858,0.10000038146972656,0.000001249997467311914,0.0007371503161266446,0.0010000000474974513,0.000010270224265696015,0.014066390693187714,236.42930603027344,53.18545150756836,-3.39432954788208,0,19.236318588256836
0.34125497937202454,0.10000038146972656,0.0000012549974144349108,0.0005866343853995204,0.0010000000474974513,0.000010331912562833168,0.01233767345547676,234.5907745361328,55.450313568115234,-3.541099786758423,0,19.236318588256836
0.34125998616218567,0.10000038146972656,0.0000012599973615579074,0.0004372888943180442,0.0010000000474974513,0.000010384583220002241,0.01053420640528202,229.0186004638672,53.30254364013672,-3.4631612300872803,0,19.236318588256836
0.3412649929523468,0.10000038146972656,0.000001264997308680904,0.00029149081092327833,0.0010000000474974513,0.000010428435416542925,0.008770432323217392,219.801513671875,46.913055419921875,-3.16890287399292,0,19.236318588256836
0.34126999974250793,0.10000038146972656,0.0000012699972558039008,0.0001515605254098773,0.0010000000474974513,0.000010464217666594777,0.007156522944569588,207.08616638183594,36.79030990600586,-2.6836142539978027,0,19.236318588256836
0.3412749767303467,0.10000038146972656,0.0000012749972029268974,0.000019725150195881724,0.0010000000474974513,0.00001049316688295221,0.005789769813418388,191.0749053955078,23.739852905273438,-2.047461748123169,0,19.236318588256836
0.3412799835205078,0.10000038146972656,0.0000012799971500498941,-0.00010191706678597257,0.0010000000474974513,0.000010516901966184378,0.004747006110846996,172.02264404296875,8.800207138061523,-1.3122851848602295,0,19.236318588256836
0.34128499031066895,0.10000038146972656,0.0000012849970971728908,-0.00021143013145774603,0.0010000000474974513,0.000010537295565882232,0.004078664816915989,150.23252868652344,-6.8397650718688965,-0.5374644994735718,0,19.236318588256836
0.3412899971008301,0.10000038146972656,0.0000012899970442958875,-0.0003070710808970034,0.0010000000474974513,0.000010556320376053918,0.003804936306551099,126.05144500732422,-21.935470581054688,0.2148083597421646,0,19.236318588256836
0.3412950038909912,0.10000038146972656,0.0000012949969914188841,-0.00038731779204681516,0.0010000000474974513,0.00001057589179254137,0.0039143371395766735,99.86420440673828,-35.28562927246094,0.8844829201698303,0,19.236318588256836
0.34129998087882996,0.10000038146972656,0.0000012999969385418808,-0.00045089307241141796,0.0010000000474974513,0.000010597716027405113,0.004364800173789263,72.08748626708984,-45.82786560058594,1.4184287786483765,0,19.236318588256836
0.3413049876689911,0.10000038146972656,0.0000013049968856648775,-0.000496785098221153,0.0010000000474974513,0.000010623151865729596,0.005087200086563826,43.163509368896484,-52.72324752807617,1.7746633291244507,0,19.236318588256836
0.3413099944591522,0.10000038146972656,0.0000013099968327878742,-0.0005242635379545391,0.0010000000474974513,0.00001065310698322719,0.005991028621792793,13.552573204040527,-55.42305374145508,1.9256892204284668,0,19.236318588256836
0.34131500124931335,0.10000038146972656,0.0000013149967799108708,-0.0005328909610398114,0.0010000000474974513,0.000010687966096156742,0.006971773691475391,14.646682739257813,-53.6938362121582,1.8597491979599,0,19.236318588256836
0.3413199782371521,0.10000038146972656,0.0000013199967270338675,-0.0005214941338635981,0.0010000000474974513,0.000010727560947998427,0.00791893620043993,41.2342529296875,-47.11205291748047,1.5555578470230103,0,19.236318588256836
0.34132498502731323,0.10000038146972656,0.0000013249966741568642,-0.0004894098383374512,0.0010000000474974513,0.000010771116649266332,0.008711175061762333,67.0999755859375,-36.40630340576172,1.0494120121002197,0,19.236318588256836
0.34132999181747437,0.10000038146972656,0.0000013299966212798608,-0.00043719972018152475,0.0010000000474974513,0.000010817344445968047,0.009245636872947216,91.79095458984375,-22.513700485229492,0.38801348209381104,0,19.236318588256836
0.3413349986076355,0.10000038146972656,0.0000013349965684028575,-0.0003657778725028038,0.0010000000474974513,0.000010864560863410588,0.009443250484764576,114.87491607666016,-6.6503400802612305,-0.36800938844680786,0,19.236318588256836
0.34134000539779663,0.10000038146972656,0.0000013399965155258542,-0.0002763947122730315,0.0010000000474974513,0.000010910839591815602,0.00925582554191351,135.94781494140625,9.795186996459961,-1.1494243144989014,0,19.236318588256836
0.3413449823856354,0.10000038146972656,0.0000013449964626488509,-0.0001706150360405445,0.0010000000474974513,0.00001095419156627031,0.008670427836477757,154.64065551757813,25.383323669433594,-1.884469985961914,0,19.236318588256836
0.3413499891757965,0.10000038146972656,0.0000013499964097718475,-0.000050290735089220107,0.0010000000474974513,0.000010992745046678465,0.007710675243288279,170.6261444091797,38.74955749511719,-2.5051562786102295,0,19.236318588256836
0.34135499596595764,0.10000038146972656,0.0000013549963568948442,0.00008247164078056812,0.0010000000474974513,0.000011024919331248384,0.006434809882193804,183.62445068359375,48.72388458251953,-2.953235626220703,0,19.236318588256836
0.3413600027561188,0.10000038146972656,0.0000013599963040178409,0.00022534781601279974,0.0010000000474974513,0.000011049573004129343,0.004930739291012287,193.40805053710938,54.433197021484375,-3.185321092605591,0,19.236318588256836
0.3413649797439575,0.10000038146972656,0.0000013649962511408376,0.00037583650555461645,0.0010000000474974513,0.000011066114893765189,0.003308468498289585,199.80569458007813,55.37773132324219,-3.176708221435547,0,19.236318588256836
0.34136998653411865,0.10000038146972656,0.0000013699961982638342,0.0005313031142577529,0.0010000000474974513,0.000011074567737523466,0.001690584234893322,202.70529174804688,51.47480392456055,-2.923558235168457,0,19.236318588256836
0.3413749933242798,0.10000038146972656,0.000001374996145386831,0.0006890258518978953,0.0010000000474974513,0.00001107557545765303,0.0002016283106058836,202.05613708496094,43.066070556640625,-2.4432623386383057,0,19.236318588256836
0.3413800001144409,0.10000038892030716,0.0000013799960925098276,0.0008462435798719525,0.0010000000474974513,0.000011070362234022468,-0.0010427149245515466,164.34194946289063,30.88759422302246,-1.7729408740997314,0,19.236318588256836
0.34138497710227966,0.10000039637088776,0.0000013849960396328242,0.0009741162648424506,0.0010000000474974513,0.000011060634278692305,-0.0019456662703305483,123.75056457519531,16.00540542602539,-0.9662213325500488,0,19.236318588256836
0.3413899838924408,0.10000040382146835,0.000001389995986755821,0.0010704052401706576,0.0010000000474974513,0.000011048445230699144,-0.0024377587251365185,80.99271392822266,-0.6528029441833496,-0.06982041895389557,0,19.236318588256836
0.34139499068260193,0.10000041127204895,0.0000013949959338788176,0.0011334249284118414,0.0010000000474974513,0.000011036078831239138,-0.0024733180180191994,36.816871643066406,-17.857952117919922,0.8544710874557495,0,19.236318588256836
0.34139999747276306,0.10000041872262955,0.0000013999958810018143,0.0011620719451457262,0.0010000000474974513,0.000011025887943105772,-0.002038139384239912,8.892718315124512,-33.23316955566406,1.6874699592590332,0,19.236318588256836
0.3414050042629242,0.10000042617321014,0.000001404995828124811,0.001156410900875926,0.0010000000474974513,0.000011019994417438284,-0.001178717939183116,58.5515251159668,-43.918392181396484,2.285832166671753,0,19.236318588256836
0.34140998125076294,0.10000043362379074,0.0000014099957752478076,0.0011191361118108034,0.0010000000474974513,0.000011019921657862142,-0.000014553195796906948,107.27851867675781,-51.108707427978516,2.7089717388153076,0,19.236318588256836
0.3414149880409241,0.10000044107437134,0.0000014149957223708043,0.0010508408304303885,0.0010000000474974513,0.000011026747415598948,0.001365114701911807,154.29808044433594,-54.23194122314453,2.927942991256714,0,19.236318588256836
0.3414199948310852,0.10000044852495193,0.000001419995669493801,0.0009526119683869183,0.0010000000474974513,0.000011041029210900888,0.0028563037049025297,198.8619842529297,-53.03955841064453,2.929985523223877,0,19.236318588256836
0.34142500162124634,0.10000045597553253,0.0000014249956166167976,0.0008260128670372069,0.0010000000474974513,0.000011062771591241471,0.0043485332280397415,240.2608642578125,-47.6264533996582,2.7195169925689697,0,19.236318588256836
0.3414299786090851,0.10000045597553253,0.0000014299955637397943,0.0006730583845637739,0.0010000000474974513,0.000011091439773736056,0.005733571946620941,240.5829315185547,-38.42340087890625,2.3177571296691895,0,19.236318588256836
0.3414349853992462,0.10000045597553253,0.000001434995510862791,0.0005198987782932818,0.0010000000474974513,0.000011126009667350445,0.006913996301591396,237.0760498046875,-26.16275405883789,1.7610135078430176,0,19.236318588256836
0.34143999218940735,0.10000045597553253,0.0000014399954579857877,0.00036897166864946485,0.0010000000474974513,0.000011165064279339276,0.007810872979462147,229.79605102539063,-11.820178985595703,1.0977708101272583,0,19.236318588256836
0.3414449989795685,0.10000045597553253,0.0000014449954051087843,0.00022267905296757817,0.0010000000474974513,0.000011206913768546656,0.008369962684810162,218.8585662841797,3.4629786014556885,0.3848106265068054,0,19.236318588256836
0.3414500057697296,0.10000045597553253,0.000001449995352231781,0.00008334933227160946,0.0010000000474974513,0.000011249743693042547,0.008565944619476795,204.43789672851563,18.470516204833984,-0.31732863187789917,0,19.236318588256836
0.34145498275756836,0.10000045597553253,0.0000014549952993547777,-0.00004680001438828185,0.0010000000474974513,0.000011291765076748561,0.008404330350458622,186.76348876953125,32.008182525634766,-0.9491903185844421,0,19.236318588256836
0.3414599895477295,0.10000045597553253,0.0000014599952464777743,-0.0001656975655350834,0.0010000000474974513,0.000011331369933031965,0.007920912466943264,166.1167755126953,42.998687744140625,-1.4571489095687866,0,19.236318588256836
0.3414649963378906,0.10000045597553253,0.000001464995193600771,-0.00027145110652782023,0.0010000000474974513,0.000011367264050932135,0.007178792729973793,142.8260955810547,50.56743240356445,-1.797694444656372,0,19.236318588256836
0.34147000312805176,0.10000045597553253,0.0000014699951407237677,-0.0003623774100560695,0.0010000000474974513,0.000011398579772503581,0.006263234652578831,117.26229095458984,54.112117767333984,-1.9409137964248657,0,19.236318588256836
0.3414749801158905,0.10000045597553253,0.0000014749950878467644,-0.0004370293172542006,0.0010000000474974513,0.000011424953299865592,0.005274735391139984,89.83218383789063,53.350677490234375,-1.8728833198547363,0,19.236318588256836
0.34147998690605164,0.10000045597553253,0.000001479995034969761,-0.0004942186642438173,0.0010000000474974513,0.000011446557437011506,0.004320884123444557,60.97247314453125,48.34370803833008,-1.596792459487915,0,19.236318588256836
0.34148499369621277,0.10000045597553253,0.0000014849949820927577,-0.0005330352578312159,0.0010000000474974513,0.000011464095223345794,0.003507644636556506,31.14230728149414,39.48965835571289,-1.1326996088027954,0,19.236318588256836
0.3414900004863739,0.10000045597553253,0.0000014899949292157544,-0.000552861369214952,0.0010000000474974513,0.00001147874900198076,0.0029307655058801174,0.8164769411087036,27.493112564086914,-0.5159478783607483,0,19.236318588256836
0.34149497747421265,0.10000045597553253,0.000001494994876338751,-0.0005533813964575529,0.0010000000474974513,0.000011492088560771663,0.002667995635420084,26.570049285888672,13.935676574707031,0.1742926687002182,0,19.236318588256836
0.3414999842643738,0.10000045597553253,0.0000014999948234617477,-0.000532707548700273,0.0010000000474974513,0.000011505871952977031,0.002756762318313122,53.409767150878906,-2.8869967460632324,1.0231740474700928,0,19.236318588256836
0.3415049910545349,0.10000045597553253,0.0000015049947705847444,-0.0004911498399451375,0.0010000000474974513,0.00001152226104750298,0.0032778605818748474,79.31441497802734,-19.456945419311523,1.8547568321228027,0,19.236318588256836
0.34150999784469604,0.10000045597553253,0.000001509994717707741,-0.00042943586595356464,0.0010000000474974513,0.000011543373148015235,0.004222480580210686,103.83061218261719,-34.32370376586914,2.596501350402832,0,19.236318588256836
0.3415150046348572,0.10000045597553253,0.0000015149946648307377,-0.0003486459609121084,0.0010000000474974513,0.000011571097275009379,0.005544867366552353,126.52912902832031,-46.18590545654297,3.1833481788635254,0,19.236318588256836
0.3415199816226959,0.10000045597553253,0.0000015199946119537344,-0.00025019445456564426,0.0010000000474974513,0.000011606927728280425,0.007166133262217045,147.01246643066406,-54.005184173583984,3.563411235809326,0,19.236318588256836
0.34152498841285706,0.10000045597553253,0.000001524994559076731,-0.00013580499216914177,0.0010000000474974513,0.00001165183221019106,0.008980964310467243,164.92202758789063,-57.09706497192383,3.7025258541107178,0,19.236318588256836
0.3415299952030182,0.10000045597553253,0.0000015299945061997278,-0.00000748023740015924,0.0010000000474974513,0.000011706165423674975,0.01086664479225874,179.94412231445313,-55.19089889526367,3.587240695953369,0,19.236318588256836
0.3415350019931793,0.10000045597553253,0.0000015349944533227244,0.00013253306678961962,0.0010000000474974513,0.000011769633601943497,0.012693610973656178,191.816162109375,-48.45354080200195,3.2260048389434814,0,19.236318588256836
0.34153997898101807,0.10000045597553253,0.0000015399944004457211,0.00028178386855870485,0.0010000000474974513,0.000011841316336358432,0.014336601831018925,200.329833984375,-37.47473907470703,2.648435354232788,0,19.236318588256836
0.3415449857711792,0.10000045597553253,0.0000015449943475687178,0.000437658978626132,0.0010000000474974513,0.000011919743883481715,0.015685439109802246,205.3363037109375,-23.215526580810547,1.9027349948883057,0,19.236318588256836
0.34154999256134033,0.10000045597553253,0.0000015499942946917145,0.0005974294617772102,0.0010000000474974513,0.000012003016308881342,0.016654495149850845,206.74807739257813,-6.92407751083374,1.0514869689941406,0,19.236318588256836
0.34155499935150146,0.10000046342611313,0.0000015549942418147111,0.0007582983234897256,0.0010000000474974513,0.00001208896628668299,0.017190013080835342,171.0127716064453,9.973531723022461,0.16618916392326355,0,19.236318588256836
0.3415600061416626,0.10000047087669373,0.0000015599941889377078,0.000891361734829843,0.0010000000474974513,0.000012175339179520961,0.017274651676416397,132.28335571289063,25.99814796447754,-0.678986132144928,0,19.236318588256836
0.34156498312950134,0.10000047832727432,0.0000015649941360607045,0.000994289992377162,0.0010000000474974513,0.000012259983122930862,0.01692884787917137,91.23822784423828,39.74705505371094,-1.4136701822280884,0,19.236318588256836
0.3415699899196625,0.10000048577785492,0.0000015699940831837012,0.001065281219780445,0.0010000000474974513,0.000012341027286311146,0.016208872199058533,48.595638275146484,48.8094367980957,-1.9170715808868408,0,19.236318588256836
0.3415749967098236,0.10000049322843552,0.0000015749940303066978,0.0011030926834791899,0.0010000000474974513,0.000012417190191627014,0.015232515521347523,5.102270126342773,51.8450813293457,-2.1219124794006348,0,19.236318588256836
0.34158000349998474,0.10000050067901611,0.0000015799939774296945,0.0011070622131228447,0.0010000000474974513,0.00001248794978891965,0.01415183488279581,42.7559814453125,52.88786697387695,-2.2296059131622314,0,19.236318588256836
0.3415849804878235,0.10000050812959671,0.0000015849939245526912,0.001079842448234558,0.0010000000474974513,0.000012553031410789117,0.013016306795179844,90.50074768066406,50.00542449951172,-2.1432385444641113,0,19.236318588256836
0.3415899872779846,0.10000051558017731,0.0000015899938716756878,0.0010222275741398335,0.0010000000474974513,0.000012612655154953245,0.011924765072762966,136.8050994873047,43.14366149902344,-1.8597990274429321,0,19.236318588256836
0.34159499406814575,0.1000005230307579,0.0000015949938187986845,0.0009351344197057188,0.0010000000474974513,0.000012667543160205241,0.010977576486766338,180.9320831298828,32.848609924316406,-1.4062727689743042,0,19.236318588256836
0.3416000008583069,0.1000005304813385,0.0000015999937659216812,0.0008199492585845292,0.0010000000474974513,0.000012718849575321656,0.010261367075145245,222.1793975830078,19.93951416015625,-0.8232972025871277,0,19.236318588256836
0.34160497784614563,0.1000005304813385,0.0000016049937130446779,0.0006785053410567343,0.0010000000474974513,0.000012768059605150484,0.009842065162956715,222.63784790039063,5.443639755249023,-0.16190411150455475,0,19.236318588256836
0.34160998463630676,0.1000005304813385,0.0000016099936601676745,0.0005367696867324412,0.0010000000474974513,0.000012816857633879408,0.00975960772484541,219.55271911621094,-9.48547077178955,0.5205657482147217,0,19.236318588256836
0.3416149914264679,0.1000005304813385,0.0000016149936072906712,0.0003969981335103512,0.0010000000474974513,0.000012866981705883518,0.010024729184806347,212.973388671875,-23.6597957611084,1.165050745010376,0,19.236318588256836
0.34161999821662903,0.1000005304813385,0.0000016199935544136679,0.0002614152617752552,0.0010000000474974513,0.00001292007254960481,0.010618084110319614,203.00450134277344,-35.951377868652344,1.7154937982559204,0,19.236318588256836
0.34162500500679016,0.1000005304813385,0.0000016249935015366646,0.0001321788877248764,0.0010000000474974513,0.000012977531696378719,0.011491778306663036,189.8046112060547,-45.382080078125,2.12332820892334,0,19.236318588256836
0.3416299819946289,0.1000005304813385,0.0000016299934486596612,0.000011345906386850402,0.0010000000474974513,0.000013040397789154667,0.0125731797888875,173.5840606689453,-51.20143508911133,2.3513686656951904,0,19.236318588256836
0.34163498878479004,0.1000005304813385,0.000001634993395782658,-0.00009916070848703384,0.0010000000474974513,0.000013109251085552387,0.013770722784101963,154.6006317138672,-52.94634246826172,2.3767940998077393,0,19.236318588256836
0.34163999557495117,0.1000005304813385,0.0000016399933429056546,-0.00019758209236897528,0.0010000000474974513,0.000013184157069190405,0.014981213957071304,133.15672302246094,-50.47794723510742,2.1929893493652344,0,19.236318588256836
0.3416450023651123,0.1000005304813385,0.0000016449932900286512,-0.00028235185891389847,0.0010000000474974513,0.00001326464735029731,0.01609809510409832,109.59368133544922,-43.992671966552734,1.8100961446762085,0,19.236318588256836
0.34164997935295105,0.1000005304813385,0.000001649993237151648,-0.00035212101647630334,0.0010000000474974513,0.000013349746950552799,0.0170199703425169,84.28638458251953,-34.006595611572266,1.2542295455932617,0,19.236318588256836
0.3416549861431122,0.1000005304813385,0.0000016549931842746446,-0.0004057791084051132,0.0010000000474974513,0.000013438040696200915,0.017658745869994164,57.63758087158203,-21.314374923706055,0.5654222965240479,0,19.236318588256836
0.3416599929332733,0.1000005304813385,0.0000016599931313976413,-0.00044247217010706663,0.0010000000474974513,0.000013527774171961937,0.017946714535355568,30.071319580078125,-6.926021575927734,-0.20553745329380035,0,19.236318588256836
0.34166499972343445,0.1000005304813385,0.000001664993078520638,-0.0004616160877048969,0.0010000000474974513,0.00001361698468826944,0.017842033877968788,2.0267210006713867,8.013480186462402,-1.001127004623413,0,19.236318588256836
0.3416699767112732,0.1000005304813385,0.0000016699930256436346,-0.00046290643513202667,0.0010000000474974513,0.000013703645890927874,0.0173321645706892,23.445247650146484,23.617799758911133,-1.8267720937728882,0,19.236318588256836
0.3416749835014343,0.1000005304813385,0.0000016749929727666313,-0.0004446640959940851,0.0010000000474974513,0.000013785655028186738,0.01640179567039013,48.30398941040039,37.28240203857422,-2.55200457572937,0,19.236318588256836
0.34167999029159546,0.1000005304813385,0.000001679992919889628,-0.000407079525757581,0.0010000000474974513,0.000013861165825801436,0.01510207075625658,72.31706237792969,47.683494567871094,-3.110412359237671,0,19.236318588256836
0.3416849970817566,0.1000005304813385,0.0000016849928670126246,-0.0003508107038214803,0.0010000000474974513,0.000013928755834058393,0.013517950661480427,95.06419372558594,53.91062545776367,-3.456268787384033,0,19.236318588256836
0.3416900038719177,0.1000005304813385,0.0000016899928141356213,-0.0002768425620160997,0.0010000000474974513,0.000013987544662086293,0.011757687665522099,116.1471176147461,55.418697357177734,-3.5621373653411865,0,19.236318588256836
0.34169498085975647,0.1000005304813385,0.000001694992761258618,-0.0001864700170699507,0.0010000000474974513,0.00001403726218995871,0.009943506680428982,135.19644165039063,52.075721740722656,-3.421255350112915,0,19.236318588256836
0.3416999876499176,0.1000005304813385,0.0000016999927083816146,-0.00008127535693347454,0.0010000000474974513,0.000014078267668082844,0.008201075717806816,151.87889099121094,44.174320220947266,-3.0481152534484863,0,19.236318588256836
0.34170499444007874,0.1000005304813385,0.0000017049926555046113,0.000036899829865433276,0.0010000000474974513,0.000014111511518422049,0.006648683920502663,165.902587890625,32.40616226196289,-2.477184534072876,0,19.236318588256836
0.34171000123023987,0.1000005304813385,0.000001709992602627608,0.00016598684305790812,0.0010000000474974513,0.000014138447113509756,0.005387064069509506,177.02171325683594,17.80136489868164,-1.7598758935928345,0,19.236318588256836
0.3417149782180786,0.1000005304813385,0.0000017149925497506047,0.0003037256537936628,0.0010000000474974513,0.000014160900718707126,0.004490766674280167,185.0416259765625,1.6383748054504395,-0.9600430130958557,0,19.236318588256836
0.34171998500823975,0.1000005304813385,0.0000017199924968736013,0.0004477048642002046,0.0010000000474974513,0.00001418090960214613,0.004001820459961891,189.8221435546875,-14.667974472045898,-0.14838361740112305,0,19.236318588256836
0.3417249917984009,0.1000005304813385,0.000001724992443996598,0.0005954038933850825,0.0010000000474974513,0.000014200541045283899,0.003926249220967293,191.2793731689453,-29.690303802490234,0.603752851486206,0,19.236318588256836
0.341729998588562,0.1000005304813385,0.0000017299923911195947,0.0007442369242198765,0.0010000000474974513,0.000014221709534467664,0.004233738407492638,189.38800048828125,-42.11362838745117,1.2306115627288818,0,19.236318588256836
0.34173500537872314,0.1000005379319191,0.0000017349923382425914,0.0008915983489714563,0.0010000000474974513,0.000014246012142393738,0.004860484041273594,150.65313720703125,-50.8504638671875,1.6777883768081665,0,19.236318588256836
0.3417399823665619,0.1000005453824997,0.000001739992285365588,0.0010088206036016345,0.0010000000474974513,0.00001427458664693404,0.005714974366128445,109.28076171875,-55.13604736328125,1.9069899320602417,0,19.236318588256836
0.341744989156723,0.10000055283308029,0.0000017449922324885847,0.001093851518817246,0.0010000000474974513,0.00001430801785318181,0.0066861966624855995,65.99532318115234,-52.45389175415039,1.7923130989074707,0,19.236318588256836
0.34174999594688416,0.10000056028366089,0.0000017499921796115814,0.001145202317275107,0.0010000000474974513,0.000014346012903843075,0.0075990138575434685,21.554452896118164,-45.31915283203125,1.4594122171401978,0,19.236318588256836
0.3417550027370453,0.10000056773424149,0.000001754992126734578,0.0011619740398600698,0.0010000000474974513,0.000014387724149855785,0.008342285640537739,25.848556518554688,-35.849491119384766,1.014044165611267,0,19.236318588256836
0.34175997972488403,0.10000057518482208,0.0000017599920738575747,0.0011455187341198325,0.0010000000474974513,0.000014432017451326828,0.00885873381048441,75.2352294921875,-24.724491119384766,0.49003878235816956,0,19.236318588256836
0.34176498651504517,0.10000058263540268,0.0000017649920209805714,0.0010976226767525077,0.0010000000474974513,0.000014477558579528704,0.009108307771384716,123.42449951171875,-11.631993293762207,-0.12838268280029297,0,19.236318588256836
0.3417699933052063,0.10000059008598328,0.000001769991968103568,0.0010190483881160617,0.0010000000474974513,0.000014522773199132644,0.009042923338711262,169.64926147460938,2.3861236572265625,-0.7893185019493103,0,19.236318588256836
0.34177500009536743,0.10000059753656387,0.0000017749919152265647,0.0009110462851822376,0.0010000000474974513,0.000014565977835445665,0.008640927262604237,213.1739501953125,16.214323043823242,-1.4372040033340454,0,19.236318588256836
0.3417799770832062,0.10000060498714447,0.0000017799918623495614,0.000775335356593132,0.0010000000474974513,0.000014605522665078752,0.007908965460956097,253.3059539794922,28.752182006835938,-2.0172488689422607,0,19.236318588256836
0.3417849838733673,0.10000060498714447,0.000001784991809472558,0.0006140755722299218,0.0010000000474974513,0.000014639930668636225,0.0068815890699625015,252.1534423828125,39.001953125,-2.479814291000366,0,19.236318588256836
0.34178999066352844,0.10000060498714447,0.0000017899917565955548,0.0004535493499133736,0.0010000000474974513,0.000014668024050479289,0.005618629977107048,246.98779296875,46.14799118041992,-2.7843825817108154,0,19.236318588256836
0.3417949974536896,0.10000060498714447,0.0000017949917037185514,0.0002963116276077926,0.0010000000474974513,0.000014689027011627331,0.004200555384159088,237.8914337158203,49.62163162231445,-2.9028007984161377,0,19.236318588256836
0.3418000042438507,0.10000060498714447,0.0000017999916508415481,0.00014486478175967932,0.0010000000474974513,0.000014702637599839363,0.0027221711352467537,225.0087432861328,49.146453857421875,-2.8215408325195313,0,19.236318588256836
0.34180498123168945,0.10000060498714447,0.0000018049915979645448,0.000001619322574697435,0.0010000000474974513,0.000014709063179907389,0.001285172183997929,208.544921875,44.760276794433594,-2.5427985191345215,0,19.236318588256836
0.3418099880218506,0.10000060498714447,0.0000018099915450875415,-0.0001311449013883248,0.0010000000474974513,0.000014709014067193493,-0.000009864452295005322,188.7620391845703,36.81214141845703,-2.084341287612915,0,19.236318588256836
0.3418149948120117,0.10000060498714447,0.0000018149914922105381,-0.0002513148938305676,0.0010000000474974513,0.00001470365714340005,-0.0010714107193052769,165.9749755859375,25.934541702270508,-1.478117823600769,0,19.236318588256836
0.34182000160217285,0.10000060498714447,0.0000018199914393335348,-0.0003569780965335667,0.0010000000474974513,0.00001469453582103597,-0.0018242099322378635,140.5464324951172,12.993095397949219,-0.7677398324012756,0,19.236318588256836
0.3418249785900116,0.10000060498714447,0.0000018249913864565315,-0.00044645287562161684,0.0010000000474974513,0.00001468345999455778,-0.002215216401964426,112.88081359863281,-0.9823381304740906,-0.005035954527556896,0,19.236318588256836
0.34182998538017273,0.10000060498714447,0.0000018299913335795281,-0.0005183150060474873,0.0010000000474974513,0.000014672371435153764,-0.002217781264334917,83.41864013671875,-14.87962818145752,0.7540480494499207,0,19.236318588256836
0.34183499217033386,0.10000060498714447,0.0000018349912807025248,-0.0005714207654818892,0.0010000000474974513,0.000014663202819065191,-0.0018337477231398225,52.6288948059082,-27.592859268188477,1.4538756608963013,0,19.236318588256836
0.341839998960495,0.10000060498714447,0.0000018399912278255215,-0.0006049250951036811,0.0010000000474974513,0.000014657736755907536,-0.0010932949371635914,21.00156021118164,-38.11033248901367,2.0435216426849365,0,19.236318588256836
0.34184500575065613,0.10000060498714447,0.0000018449911749485182,-0.0006182946963235736,0.0010000000474974513,0.000014657473911938723,-0.00005253800190985203,9.864021301269531,-46.143089294433594,2.508199453353882,0,19.236318588256836
0.3418499827384949,0.10000060498714447,0.0000018499911220715148,-0.0006106192013248801,0.0010000000474974513,0.000014663598449260462,0.0012248774291947484,38.45679473876953,-50.33717727661133,2.7798776626586914,0,19.236318588256836
0.341854989528656,0.10000060498714447,0.0000018549910691945115,-0.0005806958070024848,0.0010000000474974513,0.0000146768015838461,0.0026406575925648212,66.37632751464844,-50.124977111816406,2.829845905303955,0,19.236318588256836
0.34185999631881714,0.10000060498714447,0.0000018599910163175082,-0.0005290484987199306,0.0010000000474974513,0.000014697210644953884,0.004081886261701584,93.1337890625,-45.525054931640625,2.6587109565734863,0,19.236318588256836
0.34186500310897827,0.10000060498714447,0.0000018649909634405049,-0.00045658150338567793,0.0010000000474974513,0.000014724389984621666,0.00543595664203167,118.26081848144531,-36.940059661865234,2.2862937450408936,0,19.236318588256836
0.341869980096817,0.10000060498714447,0.0000018699909105635015,-0.00036456348607316613,0.0010000000474974513,0.000014757391909370199,0.006600356660783291,141.31744384765625,-25.121475219726563,1.7498664855957031,0,19.236318588256836
0.34187498688697815,0.10000060498714447,0.0000018749908576864982,-0.0002546054311096668,0.0010000000474974513,0.000014794849448662717,0.007491555996239185,161.9000244140625,-11.10383129119873,1.1008665561676025,0,19.236318588256836
0.3418799936771393,0.10000060498714447,0.0000018799908048094949,-0.00012863241136074066,0.0010000000474974513,0.000014835110960120801,0.008052222430706024,179.64813232421875,3.88584303855896,0.4003702998161316,0,19.236318588256836
0.3418850004673004,0.10000060498714447,0.0000018849907519324915,0.00001115011764341034,0.0010000000474974513,0.000014876392015139572,0.008256129920482635,194.25125122070313,18.535425186157227,-0.28627628087997437,0,19.236318588256836
0.34188997745513916,0.10000060498714447,0.0000018899906990554882,0.00016229506582021713,0.0010000000474974513,0.000014916943655407522,0.008110331371426582,205.4535675048828,31.56256866455078,-0.8951988220214844,0,19.236318588256836
0.3418949842453003,0.10000060498714447,0.000001894990646178485,0.0003221563238184899,0.0010000000474974513,0.000014955216101952828,0.007654410321265459,213.05885314941406,41.82694625854492,-1.3696058988571167,0,19.236318588256836
0.3418999910354614,0.10000060498714447,0.0000018999905933014816,0.00048793505993671715,0.0010000000474974513,0.000014990000636316836,0.006956875789910555,216.9341278076172,48.430057525634766,-1.6647789478302002,0,19.236318588256836
0.34190499782562256,0.10000060498714447,0.0000019049905404244782,0.0006567290402017534,0.0010000000474974513,0.00001502054601587588,0.006109010893851519,217.01162719726563,50.79391098022461,-1.7520034313201904,0,19.236318588256836
0.3419100046157837,0.10000061243772507,0.000001909990487547475,0.0008255832944996655,0.0010000000474974513,0.000015046629414428025,0.005216722842305899,179.7621307373047,48.71157455444336,-1.621097207069397,0,19.236318588256836
0.34191498160362244,0.10000061988830566,0.0000019149904346704716,0.000965454091783613,0.0010000000474974513,0.000015068584616528824,0.004391104448586702,139.36561584472656,42.365325927734375,-1.2813165187835693,0,19.236318588256836
0.34191998839378357,0.10000062733888626,0.0000019199903817934683,0.001073892810381949,0.0010000000474974513,0.000015087277461134363,0.003738535102456808,96.52928161621094,31.089248657226563,-0.6994844675064087,0,19.236318588256836
0.3419249951839447,0.10000063478946686,0.000001924990328916465,0.0011490009492263198,0.0010000000474974513,0.000015104188605619129,0.0033822907134890556,52.00291061401367,17.000991821289063,0.018420755863189697,0,19.236318588256836
0.34193000197410583,0.10000064224004745,0.0000019299902760394616,0.001189463771879673,0.0010000000474974513,0.000015121147043828387,0.0033916723914444447,6.566162109375,1.509281039237976,0.8018913269042969,0,19.236318588256836
0.3419349789619446,0.10000064969062805,0.0000019349902231624583,0.0011945727746933699,0.0010000000474974513,0.000015140147297643125,0.003800072241574526,43.31715774536133,-11.943055152893066,1.4787386655807495,0,19.236318588256836
0.3419399857521057,0.10000065714120865,0.000001939990170285455,0.0011669963132590055,0.0010000000474974513,0.000015162912859523203,0.0045531876385211945,93.24082946777344,-24.08021354675293,2.0851502418518066,0,19.236318588256836
0.34194499254226685,0.10000066459178925,0.0000019449901174084516,0.0011076375376433134,0.0010000000474974513,0.000015190988960966934,0.0056151458993554115,141.6802978515625,-34.3011474609375,2.5910756587982178,0,19.236318588256836
0.341949999332428,0.10000067204236984,0.0000019499900645314483,0.0010174415074288845,0.0010000000474974513,0.000015225662536977325,0.006934769451618195,187.86508178710938,-41.792518615722656,2.955875873565674,0,19.236318588256836
0.3419550061225891,0.10000067949295044,0.000001954990011654445,0.0008978432742878795,0.0010000000474974513,0.00001526786400063429,0.008440184406936169,231.0598907470703,-45.958194732666016,3.1497955322265625,0,19.236318588256836
0.34195998311042786,0.10000068694353104,0.0000019599899587774416,0.0007507464615628123,0.0010000000474974513,0.00001531808629806619,0.010044361464679241,270.57720947265625,-46.46669006347656,3.156336784362793,0,19.236318588256836
0.341964989900589,0.10000068694353104,0.0000019649899059004383,0.0005784921813756227,0.0010000000474974513,0.000015376344890682958,0.011651870794594288,268.5351257324219,-43.277549743652344,2.9735772609710693,0,19.236318588256836
0.3419699966907501,0.10000068694353104,0.000001969989853023435,0.0004075378237757832,0.0010000000474974513,0.000015442175936186686,0.013166301883757114,262.21929931640625,-36.644561767578125,2.6143295764923096,0,19.236318588256836
0.34197500348091125,0.10000068694353104,0.0000019749898001464317,0.00024060418945737183,0.0010000000474974513,0.000015514664482907392,0.014497769065201283,251.72998046875,-27.09555435180664,2.1051316261291504,0,19.236318588256836
0.34197998046875,0.10000068694353104,0.0000019799897472694283,0.00008034819620661438,0.0010000000474974513,0.000015592513591400348,0.015569903887808323,237.234375,-15.390417098999023,1.4841467142105103,0,19.236318588256836
0.34198498725891113,0.10000068694353104,0.000001984989694392425,-0.00007067974365781993,0.0010000000474974513,0.00001567414255987387,0.016325773671269417,218.9631805419922,-2.4606103897094727,0.7981369495391846,0,19.236318588256836
0.34198999404907227,0.10000068694353104,0.0000019899896415154217,-0.00021007600298617035,0.0010000000474974513,0.000015757803339511156,0.016732262447476387,197.2069549560547,10.664953231811523,0.09875781834125519,0,19.236318588256836
0.3419950008392334,0.10000068694353104,0.0000019949895886384184,-0.0003356219385750592,0.0010000000474974513,0.000015841716958675534,0.01678255759179592,172.31211853027344,22.9417724609375,-0.5615370273590088,0,19.236318588256836
0.34199997782707214,0.10000068694353104,0.000001999989535761415,-0.0004453194560483098,0.0010000000474974513,0.00001592419903317932,0.0164965707808733,144.6748504638672,33.39289855957031,-1.1336536407470703,0,19.236318588256836
0.3420049846172333,0.10000068694353104,0.0000020049894828844117,-0.0005374227184802294,0.0010000000474974513,0.00001600379437149968,0.01591920666396618,114.73490142822266,41.18666458129883,-1.5757458209991455,0,19.236318588256836
0.3420099914073944,0.10000068694353104,0.0000020099894300074084,-0.0006104656495153904,0.0010000000474974513,0.000016079377019195817,0.015116686001420021,82.96912384033203,45.70287322998047,-1.8565255403518677,0,19.236318588256836
0.34201499819755554,0.10000068694353104,0.000002014989377130405,-0.0006632859585806727,0.0010000000474974513,0.00001615023211343214,0.014171164482831955,49.88261032104492,46.58213424682617,-1.9577319622039795,0,19.236318588256836
0.3420200049877167,0.10000068694353104,0.0000020199893242534017,-0.0006950426613911986,0.0010000000474974513,0.000016216103176702745,0.01317409984767437,16.00229835510254,43.75448989868164,-1.875563144683838,0,19.236318588256836
0.3420249819755554,0.10000068694353104,0.0000020249892713763984,-0.0007052305154502392,0.0010000000474974513,0.00001627719757379964,0.012218883261084557,16.319398880004883,37.178802490234375,-1.607648253440857,0,19.236318588256836
0.34202998876571655,0.10000068694353104,0.000002029989218499395,-0.0006925329798832536,0.0010000000474974513,0.000016334197425749153,0.011400114744901657,46.755130767822266,26.983882904052734,-1.1601046323776245,0,19.236318588256836
0.3420349955558777,0.10000068694353104,0.0000020349891656223917,-0.0006561535410583019,0.0010000000474974513,0.000016388243238907307,0.01080927811563015,76.372314453125,14.426935195922852,-0.5954631567001343,0,19.236318588256836
0.3420400023460388,0.10000068694353104,0.0000020399891127453884,-0.0005967291072010994,0.0010000000474974513,0.000016440773833892308,0.010506011545658112,104.6524429321289,0.607147216796875,0.03165261447429657,0,19.236318588256836
0.34204497933387756,0.10000068694353104,0.000002044989059868385,-0.0005152999656274915,0.0010000000474974513,0.000016493384464411065,0.010522132739424706,131.10057067871094,-13.26574993133545,0.6610949039459229,0,19.236318588256836
0.3420499861240387,0.10000068694353104,0.0000020499890069913818,-0.0004132916801609099,0.0010000000474974513,0.000016547679479117505,0.010858826339244843,155.25344848632813,-25.97738265991211,1.2324855327606201,0,19.236318588256836
0.34205499291419983,0.10000068694353104,0.0000020549889541143784,-0.00029249012004584074,0.0010000000474974513,0.000016605112250545062,0.01148652657866478,176.68826293945313,-36.41502380371094,1.6905288696289063,0,19.236318588256836
0.34205999970436096,0.10000068694353104,0.000002059988901237375,-0.0001550102315377444,0.0010000000474974513,0.000016666850569890812,0.012347506359219551,195.02972412109375,-43.665008544921875,1.9898802042007446,0,19.236318588256836
0.3420649766921997,0.10000068694353104,0.0000020649888483603718,-0.0000032589014153927565,0.0010000000474974513,0.000016733654774725437,0.013360943645238876,209.95684814453125,-47.09270095825195,2.099142551422119,0,19.236318588256836
0.34206998348236084,0.10000068694353104,0.0000020699887954833684,0.00016010712715797126,0.0010000000474974513,0.000016805804989417084,0.014430027455091476,221.2082061767578,-46.398040771484375,2.003643035888672,0,19.236318588256836
0.342074990272522,0.10000068694353104,0.000002074988742606365,0.0003322277043480426,0.0010000000474974513,0.000016883057469385676,0.015450473874807358,228.58682250976563,-41.641845703125,1.7067444324493408,0,19.236318588256836
0.3420799970626831,0.10000068694353104,0.000002079988689729362,0.0005100894486531615,0.0010000000474974513,0.00001696465551503934,0.01631971076130867,231.9635467529297,-33.240440368652344,1.229576587677002,0,19.236318588256836
0.34208500385284424,0.10000068694353104,0.0000020849886368523585,0.0006905784830451012,0.0010000000474974513,0.00001704938586044591,0.01694592833518982,231.27926635742188,-21.929241180419922,0.6092133522033691,0,19.236318588256836
0.342089980840683,0.10000069439411163,0.000002089988583975355,0.0008705350337550044,0.0010000000474974513,0.0000171356659848243,0.017256196588277817,193.0183868408203,-8.698382377624512,-0.10454794764518738,0,19.236318588256836
0.3420949876308441,0.10000070184469223,0.000002094988531098352,0.0010207209270447493,0.0010000000474974513,0.000017221680536749773,0.0172029510140419,151.3784637451172,5.293964385986328,-0.8535217642784119,0,19.236318588256836
0.34209999442100525,0.10000070929527283,0.0000020999884782213485,0.001138507155701518,0.0010000000474974513,0.00001730552139633801,0.016768254339694977,107.08824157714844,18.82295799255371,-1.5762040615081787,0,19.236318588256836
0.3421050012111664,0.10000071674585342,0.000002104988425344345,0.0012218314222991467,0.0010000000474974513,0.000017385349565302022,0.015965498983860016,60.923274993896484,30.704317092895508,-2.2131354808807373,0,19.236318588256836
0.3421099781990051,0.10000072419643402,0.000002109988372467342,0.0012692350428551435,0.0010000000474974513,0.000017459540686104447,0.014838358387351036,13.691636085510254,39.897987365722656,-2.7120864391326904,0,19.236318588256836
0.34211498498916626,0.10000073164701462,0.0000021149883195903385,0.0012798879761248827,0.0010000000474974513,0.00001752682692313101,0.013457104563713074,37.532989501953125,45.0998649597168,-3.0076422691345215,0,19.236318588256836
0.3421199917793274,0.10000073909759521,0.000002119988266713335,0.001255993265658617,0.0010000000474974513,0.000017586453395779245,0.01192532479763031,89.6814956665039,46.6938362121582,-3.1188101768493652,0,19.236318588256836
0.3421249985694885,0.10000074654817581,0.000002124988213836332,0.0011988996993750334,0.0010000000474974513,0.000017638138160691597,0.010336928069591522,140.40267944335938,44.5720100402832,-3.0400283336639404,0,19.236318588256836
0.34213000535964966,0.10000075399875641,0.0000021299881609593285,0.0011095160152763128,0.0010000000474974513,0.000017682081306702457,0.008788654580712318,188.88934326171875,38.90321731567383,-2.7795934677124023,0,19.236318588256836
0.3421349823474884,0.100000761449337,0.000002134988108082325,0.0009892648085951805,0.0010000000474974513,0.00001771894676494412,0.007373019587248564,234.3695831298828,30.1385555267334,-2.359938383102417,0,19.236318588256836
0.34213998913764954,0.1000007688999176,0.000002139988055205322,0.0008400601800531149,0.0010000000474974513,0.00001774980228219647,0.006171112880110741,276.1197814941406,18.975479125976563,-1.815837025642395,0,19.236318588256836
0.34214499592781067,0.1000007688999176,0.0000021449880023283185,0.00066427665296942,0.0010000000474974513,0.000017776033928385004,0.005246315151453018,276.2225036621094,6.302307605743408,-1.1916310787200928,0,19.236318588256836
0.3421500027179718,0.1000007688999176,0.0000021499879494513152,0.0004884278168901801,0.0010000000474974513,0.000017799231500248425,0.00463942252099514,271.928955078125,-6.872462272644043,-0.5376951098442078,0,19.236318588256836
0.34215497970581055,0.1000007688999176,0.000002154987896574312,0.0003153125289827585,0.0010000000474974513,0.000017821059373090975,0.004365576431155205,263.3076477050781,-19.50041389465332,0.0935753881931305,0,19.236318588256836
0.3421599864959717,0.1000007688999176,0.0000021599878436973086,0.00014768587425351143,0.0010000000474974513,0.00001784312553354539,0.004413234069943428,250.4955596923828,-30.57664680480957,0.6519361734390259,0,19.236318588256836
0.3421649932861328,0.1000007688999176,0.0000021649877908203052,-0.000011784213711507618,0.0010000000474974513,0.000017866852431325242,0.004745262674987316,233.6967315673828,-39.21973419189453,1.0932918787002563,0,19.236318588256836
0.34217000007629395,0.1000007688999176,0.000002169987737943302,-0.00016055973537731916,0.0010000000474974513,0.00001789336238289252,0.005302071571350098,213.1786346435547,-44.741886138916016,1.3832041025161743,0,19.236318588256836
0.3421749770641327,0.1000007688999176,0.0000021749876850662986,-0.0002962729777209461,0.0010000000474974513,0.000017923395716934465,0.0060065314173698425,189.2675323486328,-46.70364761352539,1.499626636505127,0,19.236318588256836
0.3421799838542938,0.1000007688999176,0.0000021799876321892953,-0.00041676388354972005,0.0010000000474974513,0.000017957247109734453,0.0067702848464250565,162.34429931640625,-44.94890594482422,1.4346568584442139,0,19.236318588256836
0.34218499064445496,0.1000007688999176,0.000002184987579312292,-0.0005201149615459144,0.0010000000474974513,0.000017994751033256762,0.007500949315726757,132.8372344970703,-39.61729431152344,1.1951556205749512,0,19.236318588256836
0.3421899974346161,0.1000007688999176,0.0000021899875264352886,-0.0006046813214197755,0.0010000000474974513,0.000018035299945040606,0.00810963660478592,101.21587371826172,-31.133075714111328,0.8021923303604126,0,19.236318588256836
0.3421950042247772,0.1000007688999176,0.0000021949874735582853,-0.0006691169692203403,0.0010000000474974513,0.000018077891581924632,0.008518189191818237,67.98383331298828,-20.171401977539063,0.2893586754798889,0,19.236318588256836
0.34219998121261597,0.1000007688999176,0.000002199987420681282,-0.000712396577000618,0.0010000000474974513,0.000018121219909517094,0.008665557950735092,33.66978073120117,-7.604557037353516,-0.2999178171157837,0,19.236318588256836
0.3422049880027771,0.1000007688999176,0.0000022049873678042786,-0.0007338313153013587,0.0010000000474974513,0.000018163784261560068,0.008512811735272408,1.0622789859771729,5.626443386077881,-0.9187939167022705,0,19.236318588256836
0.34220999479293823,0.1000007688999176,0.0000022099873149272753,-0.0007330048829317093,0.0010000000474974513,0.00001820400939323008,0.008044874295592308,32.40868377685547,19.62311363220215,-1.5725715160369873,0,19.236318588256836
0.34221500158309937,0.1000007688999176,0.000002214987262050272,-0.0007077881600707769,0.0010000000474974513,0.000018240229110233486,0.007243970409035683,63.187721252441406,31.90207290649414,-2.137326240539551,0,19.236318588256836
0.3422199785709381,0.1000007688999176,0.0000022199872091732686,-0.0006586227100342512,0.0010000000474974513,0.00001827100641094148,0.006155438721179962,92.8604507446289,41.38850021362305,-2.559577703475952,0,19.236318588256836
0.34222498536109924,0.1000007688999176,0.0000022249871562962653,-0.0005863693077117205,0.0010000000474974513,0.000018295266272616573,0.004851856268942356,120.90757751464844,47.252010345458984,-2.7980828285217285,0,19.236318588256836
0.3422299921512604,0.1000007688999176,0.000002229987103419262,-0.0004922928055748343,0.0010000000474974513,0.000018312401152797975,0.003426804207265377,146.83799743652344,48.979347229003906,-2.8274691104888916,0,19.236318588256836
0.3422349989414215,0.1000007688999176,0.0000022349870505422587,-0.0003780400729738176,0.0010000000474974513,0.00001832233465393074,0.0019867862574756145,170.19766235351563,46.41932678222656,-2.64047908782959,0,19.236318588256836
0.34224000573158264,0.1000007688999176,0.0000022399869976652553,-0.0002456113579683006,0.0010000000474974513,0.000018325545170227997,0.0006420013378374279,190.57777404785156,39.79603576660156,-2.248631000518799,0,19.236318588256836
0.3422449827194214,0.1000007688999176,0.000002244986944788252,-0.00009732498438097537,0.0010000000474974513,0.000018323029507882893,-0.0005032169865444303,207.62130737304688,29.689268112182617,-1.681235671043396,0,19.236318588256836
0.3422499895095825,0.1000007688999176,0.0000022499868919112487,0.00006422291335184127,0.0010000000474974513,0.000018316231944481842,-0.0013594632036983967,221.0299835205078,16.98372459411621,-0.9828578233718872,0,19.236318588256836
0.34225499629974365,0.1000007688999176,0.0000022549868390342453,0.00023620411229785532,0.0010000000474974513,0.000018306931451661512,-0.0018600285984575748,230.56924438476563,2.791593074798584,-0.20944136381149292,0,19.236318588256836
0.3422600030899048,0.1000007688999176,0.000002259986786157242,0.0004156078794039786,0.0010000000474974513,0.000018297097994945943,-0.0019666962325572968,236.07177734375,-11.644811630249023,0.5765594244003296,0,19.236318588256836
0.34226498007774353,0.1000007688999176,0.0000022649867332802387,0.0005992933292873204,0.0010000000474974513,0.000018288732462679036,-0.0016730569768697023,237.44140625,-25.061790466308594,1.3116191625595093,0,19.236318588256836
0.34226998686790466,0.1000007763504982,0.0000022699866804032354,0.0007840445614419878,0.0010000000474974513,0.00001828370659495704,-0.0010050549171864986,201.1265106201172,-36.284889221191406,1.9366741180419922,0,19.236318588256836
0.3422749936580658,0.1000007838010788,0.000002274986627526232,0.0009405396995134652,0.0010000000474974513,0.000018283613826497458,-0.00001871492713689804,161.29061889648438,-44.33169937133789,2.4022650718688965,0,19.236318588256836
0.34228000044822693,0.1000007912516594,0.0000022799865746492287,0.0010660389671102166,0.0010000000474974513,0.000018289638319402002,0.0012047485215589404,118.63101959228516,-48.49785614013672,2.6728386878967285,0,19.236318588256836
0.3422849774360657,0.10000079870223999,0.0000022849865217722254,0.0011583451414480805,0.0010000000474974513,0.00001830246765166521,0.00256601395085454,73.89434814453125,-47.669761657714844,2.6923842430114746,0,19.236318588256836
0.3422899842262268,0.10000080615282059,0.000002289986468895222,0.0012158422032371163,0.0010000000474974513,0.000018322154573979788,0.003937233705073595,27.864151000976563,-41.24709701538086,2.4305624961853027,0,19.236318588256836
0.34229499101638794,0.10000081360340118,0.0000022949864160182187,0.0012375236256048083,0.0010000000474974513,0.000018348029698245227,0.0051751090213656425,20.72649574279785,-32.551307678222656,2.053130865097046,0,19.236318588256836
0.3422999978065491,0.10000082105398178,0.0000022999863631412154,0.0012243291130289435,0.0010000000474974513,0.000018379132598056458,0.006220759823918343,72.08345794677734,-22.81317901611328,1.621324896812439,0,19.236318588256836
0.3423050045967102,0.10000082850456238,0.000002304986310264212,0.0011784395901486278,0.0010000000474974513,0.000018414364603813738,0.007046493701636791,122.29302978515625,-11.25965404510498,1.0961989164352417,0,19.236318588256836
0.34230998158454895,0.10000083595514297,0.0000023099862573872088,0.0011005856795236468,0.0010000000474974513,0.00001845238875830546,0.007604783400893211,170.5562744140625,1.1898472309112549,0.5234453678131104,0,19.236318588256836
0.3423149883747101,0.10000084340572357,0.0000023149862045102054,0.000992006273008883,0.0010000000474974513,0.000018491746232029982,0.007871371693909168,216.10498046875,13.544610023498535,-0.04766382649540901,0,19.236318588256836
0.3423199951648712,0.10000085085630417,0.000002319986151633202,0.0008544294396415353,0.0010000000474974513,0.000018530981833464466,0.007847095839679241,258.21435546875,24.821462631225586,-0.5682174563407898,0,19.236318588256836
0.34232500195503235,0.10000085085630417,0.0000023249860987561988,0.0006900448352098465,0.0010000000474974513,0.000018568769519333728,0.007557705044746399,258.96136474609375,34.12301254272461,-0.9935755729675293,0,19.236318588256836
0.3423299789428711,0.10000085085630417,0.0000023299860458791954,0.0005251845577731729,0.0010000000474974513,0.00001860402880993206,0.0070516811683773994,255.58665466308594,40.70906066894531,-1.2869389057159424,0,19.236318588256836
0.3423349857330322,0.10000085085630417,0.000002334985993002192,0.00036247255047783256,0.0010000000474974513,0.000018636010281625204,0.006396248936653137,248.1442413330078,44.055511474609375,-1.4222934246063232,0,19.236318588256836
0.34233999252319336,0.10000085085630417,0.000002339985940125189,0.00020449847215786576,0.0010000000474974513,0.000018664370145415887,0.005671881139278412,236.75267028808594,43.89605712890625,-1.38649320602417,0,19.236318588256836
0.3423449993133545,0.10000085085630417,0.0000023449858872481855,0.000053776508138980716,0.0010000000474974513,0.000018689199350774288,0.004965745843946934,221.59292602539063,40.2433967590332,-1.1803208589553833,0,19.236318588256836
0.3423500061035156,0.10000085085630417,0.000002349985834371182,-0.00008729441469768062,0.0010000000474974513,0.000018711021766648628,0.004364613443613052,202.90635681152344,33.38819885253906,-0.8184348344802856,0,19.236318588256836
0.34235498309135437,0.10000085085630417,0.000002354985781494179,-0.00021646902314387262,0.0010000000474974513,0.000018730761439655907,0.003947787918150425,180.9905242919922,23.875991821289063,-0.32821282744407654,0,19.236318588256836
0.3423599898815155,0.10000085085630417,0.0000023599857286171755,-0.00033169143716804683,0.0010000000474974513,0.000018749664377537556,0.0037806304171681404,156.1941680908203,12.463737487792969,0.25241944193840027,0,19.236318588256836
0.34236499667167664,0.10000085085630417,0.000002364985675740172,-0.00043112787534482777,0.0010000000474974513,0.000018769209418678656,0.003909186460077763,128.91177368164063,0.05959988385438919,0.8780006170272827,0,19.236318588256836
0.34237000346183777,0.10000085085630417,0.000002369985622863169,-0.0005131956422701478,0.0010000000474974513,0.000018790991816786118,0.004356348887085915,99.57760620117188,-12.349321365356445,1.4991472959518433,0,19.236318588256836
0.3423749804496765,0.10000085085630417,0.0000023749855699861655,-0.0005765885580331087,0.0010000000474974513,0.00001881659045466222,0.005119858309626579,68.65865325927734,-23.775548934936523,2.066481590270996,0,19.236318588256836
0.34237998723983765,0.10000085085630417,0.000002379985517109162,-0.0006202977383509278,0.0010000000474974513,0.000018847451428882778,0.006172308698296547,36.647151947021484,-33.3098030090332,2.5345611572265625,0,19.236318588256836
0.3423849940299988,0.10000085085630417,0.000002384985464232159,-0.0006436276016756892,0.0010000000474974513,0.00001888476799649652,0.007463149726390839,4.052430629730225,-40.193359375,2.865495204925537,0,19.236318588256836
0.3423900008201599,0.10000085085630417,0.0000023899854113551555,-0.0006462070159614086,0.0010000000474974513,0.000018929380530607887,0.008922534063458443,25.746135711669922,-45.308773040771484,3.1034817695617676,0,19.236318588256836
0.34239497780799866,0.10000085085630417,0.000002394985358478152,-0.0006261735688894987,0.0010000000474974513,0.00001898189657367766,0.010503124445676804,54.688758850097656,-45.39623260498047,3.0856244564056396,0,19.236318588256836
0.3423999845981598,0.10000085085630417,0.000002399985305601149,-0.0005836201598867774,0.0010000000474974513,0.000019042268831981346,0.01207461953163147,82.6739501953125,-41.5098991394043,2.8647499084472656,0,19.236318588256836
0.3424049913883209,0.10000085085630417,0.0000024049852527241455,-0.0005192918470129371,0.0010000000474974513,0.000019109937056782655,0.01353362388908863,109.21186828613281,-33.98995590209961,2.458007335662842,0,19.236318588256836
0.34240999817848206,0.10000085085630417,0.0000024099851998471422,-0.00043431465746834874,0.0010000000474974513,0.000019183864424121566,0.01478547602891922,133.8377227783203,-23.494653701782227,1.8984729051589966,0,19.236318588256836
0.3424150049686432,0.10000085085630417,0.000002414985146970139,-0.00033017643727362156,0.0010000000474974513,0.000019262626665295102,0.015752360224723816,156.1204833984375,-10.942686080932617,1.2322657108306885,0,19.236318588256836
0.34241998195648193,0.10000085085630417,0.0000024199850940931356,-0.00020870036678388715,0.0010000000474974513,0.000019344526663189754,0.0163799487054348,175.67010498046875,2.5672147274017334,0.5145270228385925,0,19.236318588256836
0.34242498874664307,0.10000085085630417,0.0000024249850412161322,-0.00007201309927040711,0.0010000000474974513,0.00001942773633345496,0.016641996800899506,192.14427185058594,15.85246753692627,-0.19538982212543488,0,19.236318588256836
0.3424299955368042,0.10000085085630417,0.000002429984988339129,0.00007749242649879307,0.0010000000474974513,0.000019510449419612996,0.01654248684644699,205.25448608398438,27.750154495239258,-0.8390967845916748,0,19.236318588256836
0.34243500232696533,0.10000085085630417,0.0000024349849354621256,0.0002371987357037142,0.0010000000474974513,0.000019591025193221867,0.016115140169858932,214.771240234375,37.218814849853516,-1.3642619848251343,0,19.236318588256836
0.3424399793148041,0.10000085085630417,0.0000024399848825851223,0.0004043098306283355,0.0010000000474974513,0.000019668126697069965,0.01542032789438963,220.528076171875,43.42961883544922,-1.7291690111160278,0,19.236318588256836
0.3424449861049652,0.10000085085630417,0.000002444984829708119,0.000575900194235146,0.0010000000474974513,0.00001974082442757208,0.014539669267833233,222.4241943359375,45.838890075683594,-1.906346082687378,0,19.236318588256836
0.34244999289512634,0.10000085830688477,0.0000024499847768311156,0.0007489658892154694,0.0010000000474974513,0.000019808669094345532,0.013568774797022343,186.898681640625,44.23573684692383,-1.8849478960037231,0,19.236318588256836
0.3424549996852875,0.10000086575746536,0.0000024549847239541123,0.000894389464519918,0.0010000000474974513,0.000019871713448083028,0.012608778662979603,148.1010284423828,38.76048278808594,-1.6716783046722412,0,19.236318588256836
0.3424599766731262,0.10000087320804596,0.000002459984671077109,0.0010096250334754586,0.0010000000474974513,0.000019930499547626823,0.011757399886846542,106.71063995361328,29.89238739013672,-1.2901796102523804,0,19.236318588256836
0.34246498346328735,0.10000088065862656,0.0000024649846182001056,0.0010926552349701524,0.0010000000474974513,0.000019986000552307814,0.011100316420197487,63.451904296875,17.570743560791016,-0.7370880246162415,0,19.236318588256836
0.3424699902534485,0.10000088810920715,0.0000024699845653231023,0.0011420262744650245,0.0010000000474974513,0.000020039624359924346,0.010724920779466629,19.082490921020508,3.26694655418396,-0.0856393501162529,0,19.236318588256836
0.3424749970436096,0.10000089555978775,0.000002474984512446099,0.0011568741174414754,0.0010000000474974513,0.000020093031707801856,0.010681305080652237,28.467763900756836,-9.891987800598145,0.5081539750099182,0,19.236318588256836
0.34248000383377075,0.10000090301036835,0.0000024799844595690956,0.0011387510458007455,0.0010000000474974513,0.000020147732357145287,0.010940106585621834,77.68525695800781,-21.203611373901367,1.009509801864624,0,19.236318588256836
0.3424849808216095,0.10000091046094894,0.0000024849844066920923,0.0010892952559515834,0.0010000000474974513,0.00002020500323851593,0.011454245075583458,125.66639709472656,-30.827926635742188,1.4267691373825073,0,19.236318588256836
0.34248998761177063,0.10000091791152954,0.000002489984353815089,0.0010092939483001828,0.0010000000474974513,0.000020265908460714854,0.012180892750620842,171.6475067138672,-37.99907302856445,1.7219781875610352,0,19.236318588256836
0.34249499440193176,0.10000092536211014,0.0000024949843009380857,0.0009000202408060431,0.0010000000474974513,0.000020331197447376326,0.01305788941681385,214.8966827392578,-42.146400451660156,1.8669402599334717,0,19.236318588256836
0.3425000011920929,0.10000093281269073,0.0000024999842480610823,0.000763213261961937,0.0010000000474974513,0.000020401241272338666,0.014008713886141777,254.7258758544922,-42.93989562988281,1.8454861640930176,0,19.236318588256836
