Timestamp,X Position,Y Position,X Velocity,Y Velocity,Rotation,Rotation Velocity,Data1,Data2,Data3,Data4,FPS
0.09600000083446503,0.09999997168779373,0,0,0,0,0,0,0,0,0,118.99095916748047
0.09600500017404556,0.09999997168779373,0,0.0006861621513962746,0,0.00004999999873689376,10,12504.9345703125,12504.9345703125,-677.3300170898438,0,25.403276443481445
0.0960099995136261,0.09999997168779373,0,0.0006861621513962746,0,0.00009999999747378752,10,24441.205078125,24441.205078125,-1327.747314453125,0,25.403276443481445
0.09601499885320663,0.09999997168779373,0,0.0006861621513962746,0,0.00014999999257270247,10,35281.3125,35281.3125,-1926.2916259765625,0,25.403276443481445
0.09601999819278717,0.09999997168779373,0,0.0006861621513962746,0,0.00019999999494757503,10,44554.1171875,44554.1171875,-2450.618408203125,0,25.403276443481445
0.0960249975323677,0.09999997168779373,0,0.0006861621513962746,0,0.00024999998277053237,10,51875.3515625,51875.3515625,-2882.4404296875,0,25.403276443481445
0.09602999687194824,0.09999997168779373,0,0.0006861621513962746,0,0.00029999998514540493,10,56968.09375,56968.09375,-3208.48828125,0,25.403276443481445
0.09603499621152878,0.09999997168779373,0,0.0006861621513962746,0,0.0003499999875202775,10,59676.71875,59676.71484375,-3421.16796875,0,25.403276443481445
0.09603999555110931,0.09999997168779373,0,0.0006861621513962746,0,0.00039999998989515007,10,59973.515625,59973.51171875,-3518.876708984375,0,25.403276443481445
0.09604499489068985,0.09999997168779373,0,0.0006861621513962746,0,0.00044999999227002263,10,57949.46484375,57949.4609375,-3505.561279296875,0,25.403276443481445
0.09604999423027039,0.09999997168779373,0,0.0006861621513962746,0,0.0004999999655410647,10,53839.69140625,53839.6875,-3392.026611328125,0,25.403276443481445
0.09605500102043152,0.09999997168779373,0,0.0006861621513962746,0,0.0005499999388121068,10,47955.640625,47955.63671875,-3192.6142578125,0,25.403276443481445
0.09606000036001205,0.09999997168779373,0,0.0006861621513962746,0,0.000599999912083149,10,40699.44140625,40699.4375,-2926.00634765625,0,25.403276443481445
0.09606499969959259,0.09999997168779373,0,0.0006861621513962746,0,0.0006499998853541911,10,32529.482421875,32529.474609375,-2613.598388671875,0,25.403276443481445
0.09606999903917313,0.09999997168779373,0,0.0006861621513962746,0,0.0006999998586252332,10,23932.23046875,23932.228515625,-2278.19873046875,0,25.403276443481445
0.09607499837875366,0.09999997168779373,0,0.0006861621513962746,0,0.0007499998318962753,10,15393.15625,15393.1533203125,-1942.6787109375,0,25.403276443481445
0.0960799977183342,0.09999997168779373,0,0.0006861621513962746,0,0.0007999998051673174,10,7368.96728515625,7368.96435546875,-1628.679443359375,0,25.403276443481445
0.09608499705791473,0.09999997168779373,0,0.0006861621513962746,0,0.0008499997784383595,10,262.34405517578125,262.3423767089844,-1355.432373046875,0,25.403276443481445
0.09608999639749527,0.09999997168779373,0,0.0006861621513962746,0,0.0008999997517094016,10,5598.92578125,-5598.92626953125,-1138.7777099609375,0,25.403276443481445
0.0960949957370758,0.09999997168779373,0,0.0006861621513962746,0,0.0009499997249804437,10,9977.5771484375,-9977.576171875,-990.4205322265625,0,25.403276443481445
0.09609999507665634,0.09999997168779373,0,0.0006861621513962746,0,0.0009999996982514858,10,12734.8369140625,-12734.8349609375,-917.5440063476563,0,25.403276443481445
0.09610499441623688,0.09999997168779373,0,0.0006861621513962746,0,0.0010499997297301888,10,13833.7255859375,-13833.7216796875,-922.626953125,0,25.403276443481445
0.09611000120639801,0.09999997168779373,0,0.0006861621513962746,0,0.0010999997612088919,10,13334.2431640625,-13334.23828125,-1003.6411743164063,0,25.403276443481445
0.09611500054597855,0.09999997168779373,0,0.0006861621513962746,0,0.0011499997926875949,10,11382.8076171875,-11382.802734375,-1154.5125732421875,0,25.403276443481445
0.09611999988555908,0.09999997168779373,0,0.0006861621513962746,0,0.001199999824166298,10,8196.478515625,-8196.4736328125,-1365.82373046875,0,25.403276443481445
0.09612499922513962,0.09999997168779373,0,0.0006861621513962746,0,0.001249999855645001,10,4043.24755859375,-4043.243408203125,-1625.7010498046875,0,25.403276443481445
0.09612999856472015,0.09999997168779373,0,0.0006861621513962746,0,0.001299999887123704,10,780.0846557617188,780.087158203125,-1920.81494140625,0,25.403276443481445
0.09613499790430069,0.09999997168779373,0,0.0006861621513962746,0,0.001349999918602407,10,5970.8603515625,5970.8603515625,-2237.42333984375,0,25.403276443481445
0.09613999724388123,0.09999997168779373,0,0.0006861621513962746,0,0.00139999995008111,10,11242.859375,11242.8564453125,-2562.3916015625,0,25.403276443481445
0.09614499658346176,0.09999997168779373,0,0.0006861621513962746,0,0.001449999981559813,10,16344.91796875,16344.9111328125,-2884.04052734375,0,25.403276443481445
0.0961499959230423,0.09999997168779373,0,0.0006861621513962746,0,0.001500000013038516,10,21077.736328125,21077.724609375,-3192.927001953125,0,25.403276443481445
0.09615499526262283,0.09999997168779373,0,0.0006861621513962746,0,0.001550000044517219,10,25304.55078125,25304.53515625,-3482.342529296875,0,25.403276443481445
0.09615999460220337,0.09999997168779373,0,0.0006861621513962746,0,0.001600000075995922,10,28956.658203125,28956.638671875,-3748.578857421875,0,25.403276443481445
0.0961649939417839,0.09999997168779373,0,0.0006861621513962746,0,0.0016500001074746251,10,32033.169921875,32033.146484375,-3990.93603515625,0,25.403276443481445
0.09617000073194504,0.09999997168779373,0,0.0006861621513962746,0,0.0017000001389533281,10,34595.19921875,34595.16796875,-4211.47509765625,0,25.403276443481445
0.09617500007152557,0.09999997168779373,0,0.0006861621513962746,0,0.0017500001704320312,10,36755.03515625,36755,-4414.54736328125,0,25.403276443481445
0.09617999941110611,0.09999997168779373,0,0.0006861621513962746,0,0.0018000002019107342,10,38661.34375,38661.30859375,-4606.14111328125,0,25.403276443481445
0.09618499875068665,0.09999997168779373,0,0.0006861621513962746,0,0.0018500002333894372,10,40481.53125,40481.4921875,-4793.09814453125,0,25.403276443481445
0.09618999809026718,0.09999997168779373,0,0.0006861621513962746,0,0.0019000002648681402,10,42382.8046875,42382.765625,-4982.2724609375,0,25.403276443481445
0.09619499742984772,0.09999997168779373,0,0.0006861621513962746,0,0.0019500002963468432,10,44513.42578125,44513.38671875,-5179.69921875,0,25.403276443481445
0.09619999676942825,0.09999997168779373,0,0.0006861621513962746,0,0.0020000003278255463,10,46985.703125,46985.66796875,-5389.8369140625,0,25.403276443481445
0.09620499610900879,0.09999997168779373,0,0.0006861621513962746,0,0.0020500002428889275,10,49862.1171875,49862.0859375,-5614.95361328125,0,25.403276443481445
0.09620999544858932,0.09999997168779373,0,0.0006861621513962746,0,0.0021000001579523087,10,53145.69140625,53145.6640625,-5854.705078125,0,25.403276443481445
0.09621499478816986,0.09999997168779373,0,0.0006861621513962746,0,0.00215000007301569,10,56775.49609375,56775.47265625,-6105.94580078125,0,25.403276443481445
0.0962199941277504,0.09999997168779373,0,0.0006861621513962746,0,0.002199999988079071,10,60627.671875,60627.65625,-6362.78271484375,0,25.403276443481445
0.09622500091791153,0.09999997168779373,0,0.0006861621513962746,0,0.0022499999031424522,10,64522.08984375,64522.0859375,-6616.8916015625,0,25.403276443481445
0.09623000025749207,0.09999997168779373,0,0.0006861621513962746,0,0.0022999998182058334,10,68234.140625,68234.140625,-6858.05859375,0,25.403276443481445
0.0962349995970726,0.09999997168779373,0,0.0006861621513962746,0,0.0023499997332692146,10,71511.25,71511.2578125,-7074.93359375,0,25.403276443481445
0.09623999893665314,0.09999997168779373,0,0.0006861621513962746,0,0.002399999648332596,10,74091.9140625,74091.9375,-7255.8974609375,0,25.403276443481445
0.09624499827623367,0.09999997168779373,0,0.0006861621513962746,0,0.002449999563395977,10,75726.3125,75726.34375,-7389.98828125,0,25.403276443481445
0.09624999761581421,0.09999997168779373,0,0.0006861621513962746,0,0.002499999478459358,10,76199.1875,76199.2265625,-7467.94384765625,0,25.403276443481445
0.09625499695539474,0.09999997168779373,0,0.0006861621513962746,0,0.0025499993935227394,10,75349.546875,75349.6015625,-7483.0810546875,0,25.403276443481445
0.09625999629497528,0.09999997168779373,0,0.0006861621513962746,0,0.0025999993085861206,10,73088,73088.0703125,-7432.06787109375,0,25.403276443481445
0.09626499563455582,0.09999997168779373,0,0.0006861621513962746,0,0.002649999223649502,10,69409.6875,69409.765625,-7315.49169921875,0,25.403276443481445
0.09626999497413635,0.09999997168779373,0,0.0006861621513962746,0,0.002699999138712883,10,64401.875,64401.9609375,-7138.18505859375,0,25.403276443481445
0.09627499431371689,0.09999997168779373,0,0.0006861621513962746,0,0.002749999053776264,10,58245.34765625,58245.44140625,-6909.25732421875,0,25.403276443481445
0.09628000110387802,0.09999997168779373,0,0.0006861621513962746,0,0.0027999989688396454,10,51209.28515625,51209.37890625,-6641.837890625,0,25.403276443481445
0.09628500044345856,0.09999997168779373,0,0.0006861621513962746,0,0.0028499988839030266,10,43639.7421875,43639.83984375,-6352.5224609375,0,25.403276443481445
0.09628999978303909,0.09999997168779373,0,0.0006861621513962746,0,0.0028999987989664078,10,35942.34765625,35942.4453125,-6060.55419921875,0,25.403276443481445
0.09629499912261963,0.09999997168779373,0,0.0006861621513962746,0,0.002949998714029789,10,28560.138671875,28560.23046875,-5786.78955078125,0,25.403276443481445
0.09629999846220016,0.09999997168779373,0,0.0006861621513962746,0,0.00299999862909317,10,21947.892578125,21947.9765625,-5552.50390625,0,25.403276443481445
0.0963049978017807,0.09999997168779373,0,0.0006861621513962746,0,0.0030499985441565514,10,16544.625,16544.703125,-5378.11572265625,0,25.403276443481445
0.09630999714136124,0.09999997168779373,0,0.0006861621513962746,0,0.0030999984592199326,10,12745.9658203125,12746.03515625,-5281.9140625,0,25.403276443481445
0.09631499648094177,0.09999997168779373,0,0.0006861621513962746,0,0.0031499983742833138,10,10878.2392578125,10878.298828125,-5278.86083984375,0,25.403276443481445
0.09631999582052231,0.09999997168779373,0,0.0006861621513962746,0,0.003199998289346695,10,11176.025390625,11176.076171875,-5379.568359375,0,25.403276443481445
0.09632499516010284,0.09999997168779373,0,0.0006861621513962746,0,0.003249998204410076,10,13764.7333984375,13764.775390625,-5589.4990234375,0,25.403276443481445
0.09632999449968338,0.09999997168779373,0,0.0006861621513962746,0,0.0032999981194734573,10,18649.40625,18649.44140625,-5908.46630859375,0,25.403276443481445
0.09633500128984451,0.09999997168779373,0,0.0006861621513962746,0,0.0033499980345368385,10,25710.6484375,25710.6796875,-6330.45703125,0,25.403276443481445
0.09634000062942505,0.09999997168779373,0,0.0006861621513962746,0,0.0033999979496002197,10,34708.05078125,34708.078125,-6843.8095703125,0,25.403276443481445
0.09634499996900558,0.09999997168779373,0,0.0006861621513962746,0,0.003449997864663601,10,45291.01953125,45291.046875,-7431.72705078125,0,25.403276443481445
0.09634999930858612,0.09999997168779373,0,0.0006861621513962746,0,0.003499997779726982,10,57016.4921875,57016.51953125,-8073.1142578125,0,25.403276443481445
0.09635499864816666,0.09999997168779373,0,0.0006861621513962746,0,0.0035499976947903633,10,69372.4609375,69372.4921875,-8743.68359375,0,25.403276443481445
0.09635999798774719,0.09999997168779373,0,0.0006861621513962746,0,0.0035999976098537445,10,81805.953125,81805.9921875,-9417.2568359375,0,25.403276443481445
0.09636499732732773,0.09999997168779373,0,0.0006861621513962746,0,0.0036499975249171257,10,93753.765625,93753.8125,-10067.20703125,0,25.403276443481445
0.09636999666690826,0.09999997168779373,0,0.0006861621513962746,0,0.003699997439980507,10,104674.0390625,104674.1015625,-10667.9287109375,0,25.403276443481445
0.0963749960064888,0.09999997168779373,0,0.0006861621513962746,0,0.003749997355043888,10,114076.7890625,114076.8515625,-11196.259765625,0,25.403276443481445
0.09637999534606934,0.09999997168779373,0,0.0006861621513962746,0,0.0037999972701072693,10,121551.359375,121551.4453125,-11632.767578125,0,25.403276443481445
0.09638499468564987,0.09999997168779373,0,0.0006861621513962746,0,0.0038499971851706505,10,126789.390625,126789.484375,-11962.814453125,0,25.403276443481445
0.09638999402523041,0.09999997168779373,0,0.0006861621513962746,0,0.0038999971002340317,10,129601.4921875,129601.6015625,-12177.3447265625,0,25.403276443481445
0.09639500081539154,0.09999997168779373,0,0.0006861621513962746,0,0.003949997015297413,10,129927.03125,129927.1640625,-12273.33984375,0,25.403276443481445
0.09640000015497208,0.09999997168779373,0,0.0006861621513962746,0,0.003999996930360794,10,127836.1640625,127836.296875,-12253.9189453125,0,25.403276443481445
0.09640499949455261,0.09999997168779373,0,0.0006861621513962746,0,0.004049996845424175,10,123524.0859375,123524.25,-12128.0859375,0,25.403276443481445
0.09640999883413315,0.09999997168779373,0,0.0006861621513962746,0,0.0040999967604875565,10,117298.1953125,117298.3671875,-11910.1298828125,0,25.403276443481445
0.09641499817371368,0.09999997168779373,0,0.0006861621513962746,0,0.004149996675550938,10,109558.5390625,109558.734375,-11618.728515625,0,25.403276443481445
0.09641999751329422,0.09999997168779373,0,0.0006861621513962746,0,0.004199996590614319,10,100773.390625,100773.59375,-11275.8134765625,0,25.403276443481445
0.09642499685287476,0.09999997168779373,0,0.0006861621513962746,0,0.0042499965056777,10,91451.0546875,91451.2734375,-10905.2705078125,0,25.403276443481445
0.09642999619245529,0.09999997168779373,0,0.0006861621513962746,0,0.004299996420741081,10,82110.078125,82110.3203125,-10531.5439453125,0,25.403276443481445
0.09643499553203583,0.09999997168779373,0,0.0006861621513962746,0,0.004349996335804462,10,73249.5625,73249.828125,-10178.267578125,0,25.403276443481445
0.09643999487161636,0.09999997168779373,0,0.0006861621513962746,0,0.004399996250867844,10,65321.4609375,65321.734375,-9866.9580078125,0,25.403276443481445
0.0964449942111969,0.09999997168779373,0,0.0006861621513962746,0,0.004449996165931225,10,58706.55078125,58706.83984375,-9615.8984375,0,25.403276443481445
0.09645000100135803,0.09999997168779373,0,0.0006861621513962746,0,0.004499996080994606,10,53695.6171875,53695.92578125,-9439.24609375,0,25.403276443481445
0.09645500034093857,0.09999997168779373,0,0.0006861621513962746,0,0.004549995996057987,10,50476.76953125,50477.08984375,-9346.4189453125,0,25.403276443481445
0.0964599996805191,0.09999997168779373,0,0.0006861621513962746,0,0.004599995911121368,10,49129.546875,49129.890625,-9341.810546875,0,25.403276443481445
0.09646499902009964,0.09999997168779373,0,0.0006861621513962746,0,0.00464999582618475,10,49626.140625,49626.5,-9424.8125,0,25.403276443481445
0.09646999835968018,0.09999997168779373,0,0.0006861621513962746,0,0.004699995741248131,10,51839.21875,51839.5859375,-9590.1591796875,0,25.403276443481445
0.09647499769926071,0.09999997168779373,0,0.0006861621513962746,0,0.004749995656311512,10,55555.7890625,55556.16796875,-9828.5400390625,0,25.403276443481445
0.09647999703884125,0.09999997168779373,0,0.0006861621513962746,0,0.004799995571374893,10,60495.94140625,60496.33203125,-10127.447265625,0,25.403276443481445
0.09648499637842178,0.09999997168779373,0,0.0006861621513962746,0,0.004849995486438274,10,66335.0078125,66335.3984375,-10472.1787109375,0,25.403276443481445
0.09648999571800232,0.09999997168779373,0,0.0006861621513962746,0,0.004899995401501656,10,72727.5234375,72727.921875,-10846.935546875,0,25.403276443481445
0.09649499505758286,0.09999997168779373,0,0.0006861621513962746,0,0.004949995316565037,10,79331.3984375,79331.7890625,-11235.9208984375,0,25.403276443481445
0.09649999439716339,0.09999997168779373,0,0.0006861621513962746,0,0.004999995231628418,10,85830.40625,85830.7890625,-11624.3798828125,0,25.403276443481445
0.09649999439716339,0.09999997168779373,0,0.0006861621513962746,0,0.005049995146691799,10,91953.734375,91954.109375,-11999.505859375,0,25.403276443481445
0.09650500118732452,0.09999997168779373,0.00000014634890987963445,0.0006861621513962746,0.029269782826304436,0.005034716799855232,-3.0556490421295166,80439.8125,80440.1640625,-11430.5751953125,0,3.5998544692993164
0.09651000052690506,0.09999997168779373,0.0000005487456746777752,0.0006861621513962746,0.08047935366630554,0.004990330897271633,-8.877192497253418,60413.7265625,60414.05078125,-10409.396484375,0,3.5998544692993164
0.0965149998664856,0.09999997168779373,0.0000011434452744651935,0.0006861621513962746,0.11893992125988007,0.004919437691569328,-14.178654670715332,33895.91015625,33896.1953125,-9036.2646484375,0,3.5998544692993164
0.09651999920606613,0.09999997168779373,0.0000018460389128449606,0.0006861621513962746,0.14051873981952667,0.0048255338333547115,-18.780786514282227,3546.178466796875,3546.426025390625,-7443.42822265625,0,3.5998544692993164
0.09652499854564667,0.09999997168779373,0.000002559920403655269,0.0006861621513962746,0.14277629554271698,0.004712675232440233,-22.571691513061523,27604.8046875,-27604.595703125,-5781.77734375,0,3.5998544692993164
0.0965299978852272,0.09999997168779373,0.0000031859331102168653,0.0006861621513962746,0.12520252168178558,0.004585093818604946,-25.516324996948242,56460.86328125,-56460.6875,-4205.69677734375,0,3.5998544692993164
0.09653499722480774,0.09999997168779373,0.000003632225116234622,0.0006861621513962746,0.08925841748714447,0.004446802660822868,-27.65826988220215,80171.390625,-80171.2421875,-2857.6298828125,0,3.5998544692993164
0.09653999656438828,0.09999997168779373,0.000003823323822871316,0.0006861621513962746,0.03821972385048866,0.0043012346141040325,-29.113649368286133,96416.78125,-96416.6640625,-1853.9088134765625,0,3.5998544692993164
0.09654499590396881,0.09999997168779373,0.00000370751831724192,0.0006861621513962746,-0.023161105811595917,0.0041509452275931835,-30.057836532592773,103639.421875,-103639.3046875,-1273.27294921875,0,3.5998544692993164
0.09654999524354935,0.09999997168779373,0.0000032618181649013422,0.0006861621513962746,-0.08914001286029816,0.003997413907200098,-30.706308364868164,101196.765625,-101196.6484375,-1149.23876953125,0,3.5998544692993164
0.09655499458312988,0.09999997168779373,0.0000024939988634287147,0.0006861621513962746,-0.15356387197971344,0.0038409559056162834,-31.29161262512207,89421.4765625,-89421.3671875,-1467.0782470703125,0,3.5998544692993164
0.09655999392271042,0.09999997168779373,0.0000014415421674129902,0.0006861621513962746,-0.210491344332695,0.003680761903524399,-32.038787841796875,69582.5859375,-69582.4765625,-2165.6962890625,0,3.5998544692993164
0.09656500071287155,0.09999997168779373,0.00000016759724985604407,0.0006861621513962746,-0.25478899478912354,0.0035150530748069286,-33.14176940917969,43751.75,-43751.62890625,-3144.2080078125,0,3.5998544692993164
0.09657000005245209,0.09999997168779373,-0.000001245613930223044,0.0006861621513962746,-0.2826422452926636,0.003341337665915489,-34.74310302734375,14588.6494140625,-14588.525390625,-4272.5244140625,0,3.5998544692993164
0.09657499939203262,0.09999997168779373,-0.000002705262204472092,0.0006861621513962746,-0.2919296622276306,0.003156742313876748,-36.91908264160156,14932.5302734375,14932.6533203125,-5404.86962890625,0,3.5998544692993164
0.09657999873161316,0.09999997168779373,-0.000004117378921364434,0.0006861621513962746,-0.28242331743240356,0.002958383411169052,-39.67176055908203,41827.66796875,41827.78515625,-6394.833984375,0,3.5998544692993164
0.0965849980711937,0.09999997168779373,-0.000005396354026743211,0.0006861621513962746,-0.2557950019836426,0.0027437403332442045,-42.928619384765625,63407.15234375,63407.2578125,-7110.4375,0,3.5998544692993164
0.09658999741077423,0.09999997168779373,-0.0000064734977058833465,0.0006861621513962746,-0.21542876958847046,0.0025109907146543264,-46.54993438720703,77549.125,77549.21875,-7447.654296875,0,3.5998544692993164
0.09659499675035477,0.09999997168779373,-0.000007303794973267941,0.0006861621513962746,-0.1660594642162323,0.0022592758759856224,-50.342994689941406,82913.9375,82914.015625,-7341.03564453125,0,3.5998544692993164
0.0965999960899353,0.09999997168779373,-0.000007870168701629154,0.0006861621513962746,-0.11327481269836426,0.001988867064937949,-54.081756591796875,79077.8203125,79077.8828125,-6770.345703125,0,3.5998544692993164
0.09660499542951584,0.09999997168779373,-0.000008184830221580341,0.0006861621513962746,-0.06293231248855591,0.001701217726804316,-57.52986145019531,66572.4453125,66572.4921875,-5762.54248046875,0,3.5998544692993164
0.09660999476909637,0.09999997168779373,-0.000008287584932986647,0.0006861621513962746,-0.020550981163978577,0.0013988942373543978,-60.464698791503906,46826.38671875,46826.41796875,-4388.91015625,0,3.5998544692993164
0.09661499410867691,0.09999997168779373,-0.000008241287105192896,0.0006861621513962746,0.009259620681405067,0.0010853945277631283,-62.699951171875,22014.744140625,22014.765625,-2757.652099609375,0,3.5998544692993164
0.09662000089883804,0.09999997168779373,-0.000008124913620122243,0.0006861621513962746,0.02327464334666729,0.0007648725295439363,-64.10440826416016,5167.56103515625,-5167.54736328125,-1002.7036743164063,0,3.5998544692993164
0.09662500023841858,0.09999997168779373,-0.000008024989256227855,0.0006861621513962746,0.01998487301170826,0.0004417971649672836,-64.61507415771484,31785.578125,-31785.572265625,730.0791015625,0,3.5998544692993164
0.09662999957799911,0.09999997168779373,-0.000008026241630432196,0.0006861621513962746,-0.0002504531294107437,0.00012058092397637665,-64.24324798583984,54968.49609375,-54968.49609375,2297.938232421875,0,3.5998544692993164
0.09663499891757965,0.09999997168779373,-0.000008202464414353017,0.0006861621513962746,-0.03524447977542877,-0.0001947836426552385,-63.072914123535156,72206.859375,-72206.859375,3575.89306640625,0,3.5998544692993164
0.09663999825716019,0.09999997168779373,-0.00000860852833284298,0.0006861621513962746,-0.08121279627084732,-0.0005010422319173813,-61.25172424316406,81612.53125,-81612.5390625,4469.57861328125,0,3.5998544692993164
0.09664499759674072,0.09999997168779373,-0.000009274373041989747,0.0006861621513962746,-0.13316895067691803,-0.0007959191570989788,-58.97538757324219,82114.6875,-82114.6953125,4924.92333984375,0,3.5998544692993164
0.09664999693632126,0.09999997168779373,-0.000010201596523984335,0.0006861621513962746,-0.18544478714466095,-0.0010782548924908042,-56.46714782714844,73571.6484375,-73571.65625,4933.6669921875,0,3.5998544692993164
0.0966549962759018,0.09999997168779373,-0.000011363006706233136,0.0006861621513962746,-0.23228195309638977,-0.0013480271445587277,-53.95445251464844,56786.98046875,-56786.984375,4534.1533203125,0,3.5998544692993164
0.09665999561548233,0.09999997168779373,-0.0000127051753224805,0.0006861621513962746,-0.26843366026878357,-0.001606253208592534,-51.645225524902344,33429.03125,-33429.03125,3807.34228515625,0,3.5998544692993164
0.09666499495506287,0.09999997168779373,-0.000014153751180856489,0.0006861621513962746,-0.2897152602672577,-0.0018547839717939496,-49.70616149902344,5860.546875,-5860.54052734375,2868.387939453125,0,3.5998544692993164
0.0966699942946434,0.09999997168779373,-0.000015620982594555244,0.0006861621513962746,-0.29344621300697327,-0.002096010372042656,-48.24530029296875,23103.72265625,23103.736328125,1854.6571044921875,0,3.5998544692993164
0.09667500108480453,0.09999997168779373,-0.00001701467226666864,0.0006861621513962746,-0.2787379324436188,-0.0023325139191001654,-47.30072784423828,50485.71484375,50485.73046875,911.4662475585938,0,3.5998544692993164
0.09668000042438507,0.09999997168779373,-0.000018247661500936374,0.0006861621513962746,-0.24659773707389832,-0.002566696610301733,-46.836524963378906,73450.859375,73450.875,176.9268798828125,0,3.5998544692993164
0.0966849997639656,0.09999997168779373,-0.000019246848751208745,0.0006861621513962746,-0.19983747601509094,-0.0028004287742078304,-46.74641418457031,89600.296875,89600.3203125,-232.4792938232422,0,3.5998544692993164
0.09668999910354614,0.09999997168779373,-0.000019960829376941547,0.0006861621513962746,-0.14279615879058838,-0.003034752793610096,-46.86481475830078,97219.78125,97219.7890625,-234.1732177734375,0,3.5998544692993164
0.09669499844312668,0.09999997168779373,-0.000020365350792417303,0.0006861621513962746,-0.08090412616729736,-0.003269673092290759,-46.98407745361328,95459.6171875,95459.6171875,211.6584930419922,0,3.5998544692993164
0.09669999778270721,0.09999997168779373,-0.00002046601366600953,0.0006861621513962746,-0.020132647827267647,-0.0035040543880313635,-46.87628173828125,84426.296875,84426.2578125,1097.58056640625,0,3.5998544692993164
0.09670499712228775,0.09999997168779373,-0.000020297939045121893,0.0006861621513962746,0.03361480310559273,-0.003735640784725547,-46.317291259765625,65176.61328125,65176.546875,2369.244384765625,0,3.5998544692993164
0.09670999646186829,0.09999997168779373,-0.000019922401406802237,0.0006861621513962746,0.07510752230882645,-0.0039611938409507275,-45.11064147949219,39614.98828125,39614.8671875,3930.52197265625,0,3.5998544692993164
0.09671499580144882,0.09999997168779373,-0.00001942076596606057,0.0006861621513962746,0.10032720118761063,-0.004176738206297159,-43.10884094238281,10303.609375,10303.4326171875,5652.9384765625,0,3.5998544692993164
0.09671999514102936,0.09999997168779373,-0.00001888633232738357,0.0006861621513962746,0.10688667744398117,-0.0043778871186077595,-40.229820251464844,19794.927734375,-19795.16796875,7388.45068359375,0,3.5998544692993164
0.0967249944806099,0.09999997168779373,-0.000018414908481645398,0.0006861621513962746,0.09428483992815018,-0.004560221452265978,-36.46691131591797,47616.81640625,-47617.1171875,8984.2802734375,0,3.5998544692993164
0.09673000127077103,0.09999997168779373,-0.000018095053746947087,0.0006861621513962746,0.06397103518247604,-0.004719677846878767,-31.89125633239746,70307.53125,-70307.90625,10298.302734375,0,3.5998544692993164
0.09673500061035156,0.09999997168779373,-0.000017998994735535234,0.0006861621513962746,0.019211871549487114,-0.004852909594774246,-26.646373748779297,85512.2734375,-85512.703125,11213.4267578125,0,3.5998544692993164
0.0967399999499321,0.09999997168779373,-0.000018175129298469983,0.0006861621513962746,-0.03522692993283272,-0.0049575865268707275,-20.935420989990234,91616.5703125,-91617.046875,11649.5048828125,0,3.5998544692993164
0.09674499928951263,0.09999997168779373,-0.00001864288788056001,0.0006861621513962746,-0.09355185180902481,-0.005032598506659269,-15.002376556396484,87912.7578125,-87913.2890625,11571.556640625,0,3.5998544692993164
0.09674999862909317,0.09999997168779373,-0.000019390481611480936,0.0006861621513962746,-0.14951884746551514,-0.005078143440186977,-9.109031677246094,74675.203125,-74675.7734375,10993.4697265625,0,3.5998544692993164
0.0967549979686737,0.09999997168779373,-0.00002037577360169962,0.0006861621513962746,-0.1970585584640503,-0.005095693748444319,-3.510103464126587,53136.38671875,-53136.984375,9976.783203125,0,3.5998544692993164
0.09675999730825424,0.09999997168779373,-0.000021530204321607016,0.0006861621513962746,-0.23088622093200684,-0.0050878385081887245,1.5710302591323853,25366.244140625,-25366.849609375,8624.6748046875,0,3.5998544692993164
0.09676499664783478,0.09999997168779373,-0.00002276537816214841,0.0006861621513962746,-0.24703487753868103,-0.005058020818978548,5.963541030883789,5933.28466796875,5932.67919921875,7071.7509765625,0,3.5998544692993164
0.09676999598741531,0.09999997168779373,-0.000023981665435712785,0.0006861621513962746,-0.24325764179229736,-0.005010195076465607,9.565154075622559,37697.71484375,37697.125,5470.65625,0,3.5998544692993164
0.09677499532699585,0.09999997168779373,-0.000025077957616304047,0.0006861621513962746,-0.21925851702690125,-0.004948438610881567,12.351336479187012,66806.4765625,66805.90625,3976.857666015625,0,3.5998544692993164
0.09677999466657639,0.09999997168779373,-0.00002596159902168438,0.0006861621513962746,-0.17672818899154663,-0.004876554943621159,14.37673282623291,90395.2578125,90394.71875,2733.138671875,0,3.5998544692993164
0.09678499400615692,0.09999997168779373,-0.000026557503588264808,0.0006861621513962746,-0.11918077617883682,-0.004797711502760649,15.768708229064941,106142.875,106142.375,1855.3543701171875,0,3.5998544692993164
0.09679000079631805,0.09999997168779373,-0.00002681554360606242,0.0006861621513962746,-0.0516081228852272,-0.0047141434624791145,16.713632583618164,112503.5234375,112503.046875,1420.9049072265625,0,3.5998544692993164
0.09679500013589859,0.09999997168779373,-0.000026715473723015748,0.0006861621513962746,0.020013844594359398,-0.004626956768333912,17.437292098999023,108860.9921875,108860.5625,1461.0648193359375,0,3.5998544692993164
0.09679999947547913,0.09999997168779373,-0.000026268889996572398,0.0006861621513962746,0.08931690454483032,-0.004536049906164408,18.181406021118164,95589.53125,95589.125,1957.9613037109375,0,3.5998544692993164
0.09680499881505966,0.09999997168779373,-0.000025518034817650914,0.0006861621513962746,0.15017108619213104,-0.004440156742930412,19.178586959838867,74014.75,74014.3828125,2846.491455078125,0,3.5998544692993164
0.0968099981546402,0.09999997168779373,-0.000024531582312192768,0.0006861621513962746,0.1972903460264206,-0.004337015096098185,20.628293991088867,46279.23046875,46278.89453125,4020.982666015625,0,3.5998544692993164
0.09681499749422073,0.09999997168779373,-0.00002339781894988846,0.0006861621513962746,0.2267526239156723,-0.004223634488880634,22.676164627075195,15125.8828125,15125.5849609375,5345.92333984375,0,3.5998544692993164
0.09681999683380127,0.09999997168779373,-0.000022215908757061698,0.0006861621513962746,0.23638205230236053,-0.004096640273928642,25.398820877075195,16378.482421875,-16378.7431640625,6669.6689453125,0,3.5998544692993164
0.0968249961733818,0.09999997168779373,-0.000021086132619529963,0.0006861621513962746,0.22595517337322235,-0.003952661994844675,28.795656204223633,45151.6875,-45151.90625,7839.744140625,0,3.5998544692993164
0.09682999551296234,0.09999997168779373,-0.000020100078472751193,0.0006861621513962746,0.19721071422100067,-0.0037887198850512505,32.78840637207031,68405.4140625,-68405.5859375,8718.1806640625,0,3.5998544692993164
0.09683499485254288,0.09999997168779373,-0.00001933176645252388,0.0006861621513962746,0.15366248786449432,-0.0036025771405547857,37.228538513183594,83923.8984375,-83924.03125,9195.359375,0,3.5998544692993164
0.09683999419212341,0.09999997168779373,-0.00001883059121610131,0.0006861621513962746,0.10023488104343414,-0.0033930186182260513,41.91169738769531,90284.015625,-90284.109375,9200.939453125,0,3.5998544692993164
0.09684500098228455,0.09999997168779373,-0.000018616799934534356,0.0006861621513962746,0.042758285999298096,-0.0031600301153957844,46.597694396972656,86994.5078125,-86994.5703125,8710.798828125,0,3.5998544692993164
0.09685000032186508,0.09999997168779373,-0.0000186799206858268,0.0006861621513962746,-0.012624134309589863,-0.0029048598371446133,51.03406524658203,74540.5546875,-74540.578125,7749.279296875,0,3.5998544692993164
0.09685499966144562,0.09999997168779373,-0.000018980310414917767,0.0006861621513962746,-0.06007812172174454,-0.002629956230521202,54.980743408203125,54328.2109375,-54328.20703125,6386.4716796875,0,3.5998544692993164
0.09685999900102615,0.09999997168779373,-0.00001945363328559324,0.0006861621513962746,-0.09466453641653061,-0.002338789403438568,58.23334503173828,28539.94921875,-28539.92578125,4731.1005859375,0,3.5998544692993164
0.09686499834060669,0.09999997168779373,-0.000020017801944050007,0.0006861621513962746,-0.11283362656831741,-0.0020355749875307083,60.64287567138672,94.36109924316406,94.3954849243164,2919.208984375,0,3.5998544692993164
0.09686999768018723,0.09999997168779373,-0.000020581670469255187,0.0006861621513962746,-0.11277355998754501,-0.0017249269876629114,62.129615783691406,28577.10546875,28577.146484375,1100.328369140625,0,3.5998544692993164
0.09687499701976776,0.09999997168779373,-0.000021054574972367845,0.0006861621513962746,-0.09458080679178238,-0.001411476987414062,62.69001007080078,53949.64453125,53949.68359375,-577.6924438476563,0,3.5998544692993164
0.0968799963593483,0.09999997168779373,-0.000021355752323870547,0.0006861621513962746,-0.0602353997528553,-0.0010994980111718178,62.395790100097656,73594.0234375,73594.0625,-1983.62939453125,0,3.5998544692993164
0.09688499569892883,0.09999997168779373,-0.000021422672944027,0.0006861621513962746,-0.013383988291025162,-0.0007925702957436442,61.385536193847656,85498.890625,85498.9296875,-3016.057861328125,0,3.5998544692993164
0.09688999503850937,0.09999997168779373,-0.00002121744182659313,0.0006861621513962746,0.04104629531502724,-0.0004933229647576809,59.84947204589844,88462.5234375,88462.5390625,-3613.4248046875,0,3.5998544692993164
0.0968949943780899,0.09999997168779373,-0.000020730625692522153,0.0006861621513962746,0.09736328572034836,-0.00020327712991274893,58.00917053222656,82207.4921875,82207.5,-3759.752197265625,0,3.5998544692993164
0.09690000116825104,0.09999997168779373,-0.00001998213519982528,0.0006861621513962746,0.1496981978416443,0.00007719459244981408,56.09434509277344,67426.3125,67426.3203125,-3486.947509765625,0,3.5998544692993164
0.09690500050783157,0.09999997168779373,-0.000019019020328414626,0.0006861621513962746,0.192623108625412,0.0003487868816591799,54.318458557128906,45673.94921875,45673.94921875,-2869.501220703125,0,3.5998544692993164
0.09690999984741211,0.09999997168779373,-0.000017910520909936167,0.0006861621513962746,0.2217000424861908,0.0006130720721557736,52.857032775878906,19227.185546875,19227.185546875,-2017.593017578125,0,3.5998544692993164
0.09691499918699265,0.09999997168779373,-0.0000167408179549966,0.0006861621513962746,0.23394045233726501,0.0008722194470465183,51.82948303222656,9158.736328125,-9158.7333984375,-1065.083984375,0,3.5998544692993164
0.09691999852657318,0.09999997168779373,-0.000015600269762217067,0.0006861621513962746,0.22810980677604675,0.001128654694184661,51.28704071044922,36533.30078125,-36533.2890625,-155.55213928222656,0,3.5998544692993164
0.09692499786615372,0.09999997168779373,-0.00001457600956200622,0.0006861621513962746,0.20485198497772217,0.0013846937799826264,51.20781707763672,60057.87890625,-60057.859375,572.867919921875,0,3.5998544692993164
0.09692999720573425,0.09999997168779373,-0.000013742919691139832,0.0006861621513962746,0.1666179597377777,0.0016421916661784053,51.49957275390625,77298.890625,-77298.859375,1001.9520874023438,0,3.5998544692993164
0.09693499654531479,0.09999997168779373,-0.000013155879969417583,0.0006861621513962746,0.11740794777870178,0.001902241026982665,52.009864807128906,86479.2109375,-86479.1640625,1045.7933349609375,0,3.5998544692993164
0.09693999588489532,0.09999997168779373,-0.000012844112461607438,0.0006861621513962746,0.062353577464818954,0.002164953388273716,52.54248046875,86662.2578125,-86662.1953125,659.8816528320313,0,3.5998544692993164
0.09694499522447586,0.09999997168779373,-0.00001280819924431853,0.0006861621513962746,0.007182668894529343,0.002429346088320017,52.87855529785156,77849.1875,-77849.1015625,-154.10643005371094,0,3.5998544692993164
0.0969499945640564,0.09999997168779373,-0.000013020087862969376,0.0006861621513962746,-0.04237766191363335,0.002693346468731761,52.800071716308594,60980.015625,-60979.8984375,-1348.26953125,0,3.5998544692993164
0.09695499390363693,0.09999997168779373,-0.000013426081750367302,0.0006861621513962746,-0.08119874447584152,0.002953913528472185,52.1134033203125,37837.8671875,-37837.7265625,-2833.2265625,0,3.5998544692993164
0.09696000069379807,0.09999997168779373,-0.000013952517292636912,0.0006861621513962746,-0.1052870824933052,0.003207265865057707,50.67045593261719,10866.4541015625,-10866.2822265625,-4487.1513671875,0,3.5998544692993164
0.0969650000333786,0.09999997168779373,-0.000014513541827909648,0.0006861621513962746,-0.1122048869729042,0.0034491918049752712,48.385169982910156,17080.947265625,17081.150390625,-6168.18408203125,0,3.5998544692993164
0.09696999937295914,0.09999997168779373,-0.000015020195860415697,0.0006861621513962746,-0.10133082419633865,0.0036754105240106583,45.243736267089844,43035.0859375,43035.31640625,-7728.9443359375,0,3.5998544692993164
0.09697499871253967,0.09999997168779373,-0.000015389865438919514,0.0006861621513962746,-0.07393383234739304,0.0038819476030766964,41.30741882324219,64217.01953125,64217.27734375,-9031.6669921875,0,3.5998544692993164
0.09697999805212021,0.09999997168779373,-0.000015555126083199866,0.0006861621513962746,-0.03305201232433319,0.004065485671162605,36.70762634277344,78325.65625,78325.9375,-9962.3994140625,0,3.5998544692993164
0.09698499739170074,0.09999997168779373,-0.000015471066944883205,0.0006861621513962746,0.01681165024638176,0.004223654977977276,31.633819580078125,83777.1640625,83777.46875,-10442.8173828125,0,3.5998544692993164
0.09698999673128128,0.09999997168779373,-0.000015120337593543809,0.0006861621513962746,0.07014584541320801,0.004355231765657663,26.315338134765625,79871.6484375,79871.9609375,-10438.431640625,0,3.5998544692993164
0.09699499607086182,0.09999997168779373,-0.00001451536900276551,0.0006861621513962746,0.1209937185049057,0.004460227210074663,20.999088287353516,66869.7890625,66870.1015625,-9962.341796875,0,3.5998544692993164
0.09699999541044235,0.09999997168779373,-0.000013697547728952486,0.0006861621513962746,0.16356433928012848,0.004539853893220425,15.925309181213379,45971.51953125,45971.82421875,-9074.1396484375,0,3.5998544692993164
0.09700499475002289,0.09999997168779373,-0.000012733394214592408,0.0006861621513962746,0.19283072650432587,0.0045963735319674015,11.303887367248535,19198.634765625,19198.919921875,-7874.06201171875,0,3.5998544692993164
0.09700999408960342,0.09999997168779373,-0.000011708129022736102,0.0006861621513962746,0.2050529569387436,0.004632841795682907,7.2936601638793945,10806.955078125,-10806.6962890625,-6492.9697265625,0,3.5998544692993164
0.09701500087976456,0.09999997168779373,-0.000010717263648984954,0.0006861621513962746,0.19817303121089935,0.004652775824069977,3.986818313598633,41048.97265625,-41048.74609375,-5079.16845703125,0,3.5998544692993164
0.09702000021934509,0.09999997168779373,-0.000009857061741058715,0.0006861621513962746,0.1720404475927353,0.004659776110202074,1.4000191688537598,68479.6015625,-68479.4140625,-3783.39990234375,0,3.5998544692993164
0.09702499955892563,0.09999997168779373,-0.00000921483660931699,0.0006861621513962746,0.12844498455524445,0.004657141864299774,-0.5268504619598389,90308.703125,-90308.546875,-2743.52978515625,0,3.5998544692993164
0.09702999889850616,0.09999997168779373,-0.00000886007364897523,0.0006861621513962746,0.07095268368721008,0.004647521302103996,-1.9241187572479248,104287.9296875,-104287.8046875,-2070.47998046875,0,3.5998544692993164
0.0970349982380867,0.09999997168779373,-0.000008837268978822976,0.0006861621513962746,0.0045609250664711,0.004632628057152033,-2.9786055088043213,108940.953125,-108940.84375,-1836.846923828125,0,3.5998544692993164
0.09703999757766724,0.09999997168779373,-0.000009161233720078599,0.0006861621513962746,-0.06479303538799286,0.0046130577102303505,-3.9141037464141846,103716.1484375,-103716.046875,-2069.36181640625,0,3.5998544692993164
0.09704499691724777,0.09999997168779373,-0.00000981533776212018,0.0006861621513962746,-0.13082078099250793,0.0045882174745202065,-4.968020915985107,89046.2109375,-89046.1171875,-2745.966552734375,0,3.5998544692993164
0.09704999625682831,0.09999997168779373,-0.000010752884918474592,0.0006861621513962746,-0.18750935792922974,0.004556384868919849,-6.366529941558838,66308.4609375,-66308.3515625,-3797.82080078125,0,3.5998544692993164
0.09705499559640884,0.09999997168779373,-0.000011901497600774746,0.0006861621513962746,-0.22972261905670166,0.004514880944043398,-8.30074405670166,37689.5703125,-37689.44921875,-5116.03076171875,0,3.5998544692993164
0.09705999493598938,0.09999997168779373,-0.000013170079910196364,0.0006861621513962746,-0.2537165582180023,0.004460349213331938,-10.906317710876465,5968.4296875,-5968.29248046875,-6562.44970703125,0,3.5998544692993164
0.09706499427556992,0.09999997168779373,-0.000014457660654443316,0.0006861621513962746,-0.25751617550849915,0.004389106296002865,-14.24854564666748,25761.146484375,25761.298828125,-7983.44580078125,0,3.5998544692993164
0.09707000106573105,0.09999997168779373,-0.00001566324135637842,0.0006861621513962746,-0.24111610651016235,0.004297534003853798,-18.314481735229492,54399.828125,54399.98828125,-9225.2666015625,0,3.5998544692993164
0.09707500040531158,0.09999997168779373,-0.000016695661543053575,0.0006861621513962746,-0.2064841091632843,0.004182469565421343,-23.01287269592285,77153.0625,77153.234375,-10149.4404296875,0,3.5998544692993164
0.09707999974489212,0.09999997168779373,-0.000017482496332377195,0.0006861621513962746,-0.15736696124076843,0.004041559994220734,-28.18194007873535,91811,91811.171875,-10646.6669921875,0,3.5998544692993164
0.09708499908447266,0.09999997168779373,-0.000017977086827158928,0.0006861621513962746,-0.09891825914382935,0.0038735386915504932,-33.604244232177734,96969.5703125,96969.75,-10647.794921875,0,3.5998544692993164
0.09708999842405319,0.09999997168779373,-0.000018163014829042368,0.0006861621513962746,-0.03718551993370056,0.0036784030962735415,-39.02711868286133,92170.65625,92170.828125,-10130.7734375,0,3.5998544692993164
0.09709499776363373,0.09999997168779373,-0.00001805555439204909,0.0006861621513962746,0.021492138504981995,0.0034574696328490973,-44.18667984008789,77946.8984375,77947.0703125,-9122.892578125,0,3.5998544692993164
0.09709999710321426,0.09999997168779373,-0.00001769998016243335,0.0006861621513962746,0.0711146742105484,0.003213305026292801,-48.83292770385742,55767.02734375,55767.1796875,-7698.0634765625,0,3.5998544692993164
0.0971049964427948,0.09999997168779373,-0.000017166894394904375,0.0006861621513962746,0.10661706328392029,0.0029495374765247107,-52.75352096557617,27886.87109375,27887.009765625,-5969.44189453125,0,3.5998544692993164
0.09710999578237534,0.09999997168779373,-0.000016545041944482364,0.0006861621513962746,0.12437039613723755,0.0026705688796937466,-55.79373550415039,2878.385009765625,-2878.259521484375,-4078.13037109375,0,3.5998544692993164
0.09711499512195587,0.09999997168779373,-0.000015932351743686013,0.0006861621513962746,0.12253795564174652,0.002381215337663889,-57.87070846557617,33437.89453125,-33437.78515625,-2179.103515625,0,3.5998544692993164
0.09711999446153641,0.09999997168779373,-0.000015426097888848744,0.0006861621513962746,0.10125073790550232,0.0020863127429038286,-58.98051834106445,60736.078125,-60735.984375,-425.7794494628906,0,3.5998544692993164
0.09712500125169754,0.09999997168779373,-0.000015113173503777944,0.0006861621513962746,0.06258495151996613,0.0017903258558362722,-59.19736862182617,82059.1328125,-82059.0546875,1045.19775390625,0,3.5998544692993164
0.09713000059127808,0.09999997168779373,-0.000015061451449582819,0.0006861621513962746,0.010344482958316803,0.001497000572271645,-58.6650505065918,95306.2890625,-95306.2265625,2127.437255859375,0,3.5998544692993164
0.09713499993085861,0.09999997168779373,-0.00001531309862912167,0.0006861621513962746,-0.050329383462667465,0.0012090927921235561,-57.5815544128418,99198.3515625,-99198.296875,2755.171630859375,0,3.5998544692993164
0.09713999927043915,0.09999997168779373,-0.000015880503269727342,0.0006861621513962746,-0.11348101496696472,0.0009282010141760111,-56.1783561706543,93402.65625,-93402.625,2909.49951171875,0,3.5998544692993164
0.09714499861001968,0.09999997168779373,-0.000016745218090363778,0.0006861621513962746,-0.17294299602508545,0.0006547182565554976,-54.69655990600586,78561.8828125,-78561.8671875,2619.8564453125,0,3.5998544692993164
0.09714999794960022,0.09999997168779373,-0.000017860003936220892,0.0006861621513962746,-0.222957044839859,0.0003879068826790899,-53.36227798461914,56224.34765625,-56224.33984375,1960.6097412109375,0,3.5998544692993164
0.09715499728918076,0.09999997168779373,-0.000019153756511514075,0.0006861621513962746,-0.2587505877017975,0.00012608812539838254,-52.36375045776367,28681.91796875,-28681.91796875,1043.0787353515625,0,3.5998544692993164
0.09715999662876129,0.09999997168779373,-0.00002053880598396063,0.0006861621513962746,-0.277010053396225,-0.00013307444169186056,-51.832515716552734,1265.9697265625,1265.966796875,3.8813743591308594,0,3.5998544692993164
0.09716499596834183,0.09999997168779373,-0.000021919826394878328,0.0006861621513962746,-0.2762041389942169,-0.0003922271425835788,-51.83053970336914,30599.255859375,30599.25390625,-1009.2462768554688,0,3.5998544692993164
0.09716999530792236,0.09999997168779373,-0.00002320344719919376,0.0006861621513962746,-0.2567240297794342,-0.0006539499154314399,-52.344547271728516,56386.12109375,56386.12890625,-1852.726318359375,0,3.5998544692993164
0.0971749946475029,0.09999997168779373,-0.000024307584681082517,0.0006861621513962746,-0.22082751989364624,-0.0009203905938193202,-53.28813552856445,76079.7890625,76079.796875,-2401.823974609375,0,3.5998544692993164
0.09717999398708344,0.09999997168779373,-0.0000251695528277196,0.0006861621513962746,-0.17239362001419067,-0.0011929473839700222,-54.51137161254883,87776.9375,87776.9609375,-2563.453125,0,3.5998544692993164
0.09718500077724457,0.09999997168779373,-0.000025752118745003827,0.0006861621513962746,-0.11651309579610825,-0.0014720320468768477,-55.81692886352539,90409.5859375,90409.625,-2285.68017578125,0,3.5998544692993164
0.0971900001168251,0.09999997168779373,-0.000026046902348753065,0.0006861621513962746,-0.0589565709233284,-0.0017569371266290545,-56.981014251708984,83845.4921875,83845.5390625,-1562.7193603515625,0,3.5998544692993164
0.09719499945640564,0.09999997168779373,-0.00002607479655125644,0.0006861621513962746,-0.0055788736790418625,-0.0020458216313272715,-57.77689743041992,68915.59375,68915.640625,-436.3285217285156,0,3.5998544692993164
0.09719999879598618,0.09999997168779373,-0.000025883326088660397,0.0006861621513962746,0.03829415887594223,-0.002335817087441683,-57.99911880493164,47297.2578125,47297.30859375,1009.9511108398438,0,3.5998544692993164
0.09720499813556671,0.09999997168779373,-0.000025541303330101073,0.0006861621513962746,0.06840452551841736,-0.002623240929096937,-57.4847526550293,21356.1640625,21356.19921875,2658.576904296875,0,3.5998544692993164
0.09720999747514725,0.09999997168779373,-0.000025131301299552433,0.0006861621513962746,0.08200028538703918,-0.002903894754126668,-56.1307487487793,6104.2998046875,-6104.2890625,4370.3701171875,0,3.5998544692993164
0.09721499681472778,0.09999997168779373,-0.00002474072971381247,0.0006861621513962746,0.07811416685581207,-0.0031734195072203875,-53.90493392944336,32134.046875,-32134.068359375,5998.88671875,0,3.5998544692993164
0.09721999615430832,0.09999997168779373,-0.000024452445359202102,0.0006861621513962746,0.05765699967741966,-0.003427668008953333,-50.849727630615234,53941.73828125,-53941.796875,7405.4990234375,0,3.5998544692993164
0.09722499549388885,0.09999997168779373,-0.00002433586269035004,0.0006861621513962746,0.023316623643040657,-0.003663058625534177,-47.0781364440918,69182.03125,-69182.125,8473.583984375,0,3.5998544692993164
0.09722999483346939,0.09999997168779373,-0.000024439492335659452,0.0006861621513962746,-0.020726026967167854,-0.0038768714293837547,-42.762577056884766,76200.03125,-76200.171875,9120.59765625,0,3.5998544692993164
0.09723499417304993,0.09999997168779373,-0.000024785675122984685,0.0006861621513962746,-0.06923647224903107,-0.0040674591436982155,-38.117496490478516,74202.1640625,-74202.3515625,9306.513671875,0,3.5998544692993164
0.09724000096321106,0.09999997168779373,-0.00002536805004638154,0.0006861621513962746,-0.11647503077983856,-0.0042343479581177235,-33.37772750854492,63338.953125,-63339.18359375,9037.9072265625,0,3.5998544692993164
0.0972450003027916,0.09999997168779373,-0.000026152039936278015,0.0006861621513962746,-0.1567978709936142,-0.004378221929073334,-28.774761199951172,44690.65625,-44690.9296875,8367.24609375,0,3.5998544692993164
0.09724999964237213,0.09999997168779373,-0.000027078283892478794,0.0006861621513962746,-0.18524883687496185,-0.004500788636505604,-24.51335906982422,20157.15625,-20157.4609375,7387.439453125,0,3.5998544692993164
0.09725499898195267,0.09999997168779373,-0.00002806869088090025,0.0006861621513962746,-0.19808126986026764,-0.004604543559253216,-20.75096893310547,7736.7783203125,7736.4423828125,6222.21484375,0,3.5998544692993164
0.0972599983215332,0.09999997168779373,-0.000029034470571787097,0.0006861621513962746,-0.19315586984157562,-0.004692453891038895,-17.582019805908203,36100.7734375,36100.41015625,5013.3076171875,0,3.5998544692993164
0.09726499766111374,0.09999997168779373,-0.000029885337426094338,0.0006861621513962746,-0.17017339169979095,-0.0047675976529717445,-15.028762817382813,61976.390625,61976,3905.758544921875,0,3.5998544692993164
0.09726999700069427,0.09999997168779373,-0.000030538925784640014,0.0006861621513962746,-0.13071800768375397,-0.004832795355468988,-13.039575576782227,82642.34375,82641.9296875,3032.843994140625,0,3.5998544692993164
0.09727499634027481,0.09999997168779373,-0.000030929455533623695,0.0006861621513962746,-0.07810625433921814,-0.0048902700655162334,-11.49496078491211,95896.2421875,95895.796875,2502.1708984375,0,3.5998544692993164
0.09727999567985535,0.09999997168779373,-0.000031014740670798346,0.0006861621513962746,-0.017056813463568687,-0.004941373132169247,-10.22061538696289,100283.84375,100283.375,2384.3701171875,0,3.5998544692993164
0.09728499501943588,0.09999997168779373,-0.000030780811357544735,0.0006861621513962746,0.0467858612537384,-0.004986404441297054,-9.006265640258789,95252.453125,95251.9453125,2705.552490234375,0,3.5998544692993164
0.09728999435901642,0.09999997168779373,-0.000030243683795561083,0.0006861621513962746,0.10742545127868652,-0.005024546291679144,-7.6283392906188965,81212.328125,81211.7890625,3444.3095703125,0,3.5998544692993164
0.09729500114917755,0.09999997168779373,-0.00002944805055449251,0.0006861621513962746,0.15912681818008423,-0.005053916946053505,-5.874166965484619,59499.94921875,59499.37109375,4533.580078125,0,3.5998544692993164
0.09730000048875809,0.09999997168779373,-0.00002846302231773734,0.0006861621513962746,0.19700565934181213,-0.0050717429257929325,-3.5652337074279785,32246.294921875,32245.689453125,5867.20361328125,0,3.5998544692993164
0.09730499982833862,0.09999997168779373,-0.000027375350327929482,0.0006861621513962746,0.21753427386283875,-0.005074628163129091,-0.5770916938781738,2163.65380859375,2163.0234375,7310.5078125,0,3.5998544692993164
0.09730999916791916,0.09999997168779373,-0.000026280791644239798,0.0006861621513962746,0.21891170740127563,-0.0050588976591825485,3.1461191177368164,27727.744140625,-27728.388671875,8713.8642578125,0,3.5998544692993164
0.0973149985074997,0.09999997168779373,-0.000025274493964388967,0.0006861621513962746,0.20125967264175415,-0.005020977463573217,7.584053039550781,54405.42578125,-54406.0703125,9927.8359375,0,3.5998544692993164
0.09731999784708023,0.09999997168779373,-0.000024441373170702718,0.0006861621513962746,0.16662409901618958,-0.004957776051014662,12.6402587890625,75151.7421875,-75152.375,10818.37890625,0,3.5998544692993164
0.09732499718666077,0.09999997168779373,-0.000023847467673476785,0.0006861621513962746,0.11878100782632828,-0.00486702611669898,18.150012969970703,87831.09375,-87831.6953125,11280.5654296875,0,3.5998544692993164
0.0973299965262413,0.09999997168779373,-0.000023533137209597044,0.0006861621513962746,0.06286599487066269,-0.004747550468891859,23.895156860351563,91108.9921875,-91109.5546875,11249.4091796875,0,3.5998544692993164
0.09733499586582184,0.09999997168779373,-0.000023508815502282232,0.0006861621513962746,0.004864208400249481,-0.00459942827001214,29.624435424804688,84590.703125,-84591.2109375,10706.7001953125,0,3.5998544692993164
0.09733999520540237,0.09999997168779373,-0.000023753755158395506,0.0006861621513962746,-0.04898790270090103,-0.004424041602760553,35.07731628417969,68865.125,-68865.5703125,9683.1484375,0,3.5998544692993164
0.09734499454498291,0.09999997168779373,-0.00002421789940854069,0.0006861621513962746,-0.09282880276441574,-0.004223997239023447,40.00890350341797,45449.3359375,-45449.7109375,8255.59375,0,3.5998544692993164
0.09734999388456345,0.09999997168779373,-0.000024826713342918083,0.0006861621513962746,-0.12176274508237839,-0.0040029301308095455,44.21343994140625,16639.181640625,-16639.482421875,6539.56494140625,0,3.5998544692993164
0.09735500067472458,0.09999997168779373,-0.000025488490791758522,0.0006861621513962746,-0.13235557079315186,-0.0037652100436389446,47.54401397705078,14719.0556640625,14718.830078125,4677.923828125,0,3.5998544692993164
0.09736000001430511,0.09999997168779373,-0.00002610341653053183,0.0006861621513962746,-0.1229851245880127,-0.0035155778750777245,49.92646026611328,45512.96875,45512.8125,2826.7451171875,0,3.5998544692993164
0.09736499935388565,0.09999997168779373,-0.000026573470677249134,0.0006861621513962746,-0.09401066601276398,-0.0032587472815066576,51.366111755371094,72675.6484375,72675.5625,1139.8372802734375,0,3.5998544692993164
0.09736999869346619,0.09999997168779373,-0.00002681218938960228,0.0006861621513962746,-0.047743916511535645,-0.0029990142211318016,51.946624755859375,93493.0546875,93493.0234375,-246.5170135498047,0,3.5998544692993164
0.09737499803304672,0.09999997168779373,-0.000026753310521598905,0.0006861621513962746,0.011775609105825424,-0.0027399088721722364,51.821075439453125,105876.2421875,105876.2578125,-1227.078125,0,3.5998544692993164
0.09737999737262726,0.09999997168779373,-0.00002635741839185357,0.0006861621513962746,0.07917851209640503,-0.002483928110450506,51.196128845214844,108571.125,108571.1796875,-1738.06689453125,0,3.5998544692993164
0.0973849967122078,0.09999997168779373,-0.000025615932827349752,0.0006861621513962746,0.1482970416545868,-0.002232373459264636,50.310935974121094,101279.953125,101280.03125,-1763.1995849609375,0,3.5998544692993164
0.09738999605178833,0.09999997168779373,-0.000024552064132876694,0.0006861621513962746,0.212773859500885,-0.001985308714210987,49.41294860839844,84701.46875,84701.5546875,-1335.6959228515625,0,3.5998544692993164
0.09739499539136887,0.09999997168779373,-0.000023218581191031262,0.0006861621513962746,0.2666964828968048,-0.0017416452756151557,48.73268127441406,60448.15234375,60448.2421875,-534.1827392578125,0,3.5998544692993164
0.0973999947309494,0.09999997168779373,-0.00002169268555007875,0.0006861621513962746,0.3051789700984955,-0.001499342150054872,48.46062469482422,30888.875,30888.955078125,525.1002807617188,0,3.5998544692993164
0.09740499407052994,0.09999997168779373,-0.000020068468074896373,0.0006861621513962746,0.3248434364795685,-0.0012557018781080842,48.728057861328125,1090.56201171875,-1090.4947509765625,1700.1678466796875,0,3.5998544692993164
0.09741000086069107,0.09999997168779373,-0.000018447723050485365,0.0006861621513962746,0.32414916157722473,-0.0010077321203425527,49.59394836425781,32377.58984375,-32377.5390625,2837.678955078125,0,3.5998544692993164
0.0974150002002716,0.09999997168779373,-0.00001693003832770046,0.0006861621513962746,0.30353692173957825,-0.0007525362889282405,51.03916931152344,59945.28515625,-59945.25,3788.431640625,0,3.5998544692993164
0.09741999953985214,0.09999997168779373,-0.000015603165593347512,0.0006861621513962746,0.2653745710849762,-0.0004876932653132826,52.968605041503906,81155.421875,-81155.40625,4422.4013671875,0,3.5998544692993164
0.09742499887943268,0.09999997168779373,-0.000014534618458128534,0.0006861621513962746,0.21370941400527954,-0.00021158868912607431,55.220916748046875,94021.546875,-94021.5390625,4641.80419921875,0,3.5998544692993164
0.09742999821901321,0.09999997168779373,-0.00001376535146846436,0.0006861621513962746,0.15385344624519348,0.00007633614586666226,57.58496856689453,97405.4609375,-97405.4609375,4390.86572265625,0,3.5998544692993164
0.09743499755859375,0.09999997168779373,-0.000013306135770108085,0.0006861621513962746,0.09184320271015167,0.0003754422359634191,59.82122039794922,91124.5546875,-91124.5625,3661.169189453125,0,3.5998544692993164
0.09743999689817429,0.09999997168779373,-0.000013136977941030636,0.0006861621513962746,0.033831506967544556,0.000683871447108686,61.68583679199219,75980.15625,-75980.15625,2493.107177734375,0,3.5998544692993164
0.09744499623775482,0.09999997168779373,-0.000013209672943048645,0.0006861621513962746,-0.014538961462676525,0.0009986492805182934,62.95556640625,53642.37890625,-53642.3671875,970.1993408203125,0,3.5998544692993164
0.09744999557733536,0.09999997168779373,-0.000013453116480377503,0.0006861621513962746,-0.04868876188993454,0.001315897679887712,63.449684143066406,26501.9765625,-26501.951171875,-788.2051391601563,0,3.5998544692993164
0.0974549949169159,0.09999997168779373,-0.000013780918379779905,0.0006861621513962746,-0.06556044518947601,0.0016311389626935124,63.048255920410156,2586.523681640625,2586.571044921875,-2639.628662109375,0,3.5998544692993164
0.09745999425649643,0.09999997168779373,-0.000014100487533141859,0.0006861621513962746,-0.06391380727291107,0.0019396585412323475,61.70390319824219,30595.833984375,30595.908203125,-4432.86181640625,0,3.5998544692993164
0.09746500104665756,0.09999997168779373,-0.000014322667084343266,0.0006861621513962746,-0.04443589597940445,0.002236889908090234,59.446266174316406,54634.9140625,54635.015625,-6023.26171875,0,3.5998544692993164
0.0974700003862381,0.09999997168779373,-0.000014370938515639864,0.0006861621513962746,-0.009654227644205093,0.002518783090636134,56.37864685058594,72242.8515625,72242.984375,-7287.30810546875,0,3.5998544692993164
0.09747499972581863,0.09999997168779373,-0.000014189253306540195,0.0006861621513962746,0.0363369956612587,0.0027821194380521774,52.66725158691406,81637.921875,81638.0859375,-8134.95458984375,0,3.5998544692993164
0.09747999906539917,0.09999997168779373,-0.000013747706361755263,0.0006861621513962746,0.08830931037664413,0.003024740144610405,48.52415466308594,81896.4453125,81896.640625,-8518.5068359375,0,3.5998544692993164
0.0974849984049797,0.09999997168779373,-0.000013045475498074666,0.0006861621513962746,0.14044620096683502,0.0032456687185913324,44.18571472167969,73043.3671875,73043.5859375,-8437.146484375,0,3.5998544692993164
0.09748999774456024,0.09999997168779373,-0.000012110740499338135,0.0006861621513962746,0.1869470626115799,0.003445112146437168,39.888710021972656,56045.50390625,56045.7421875,-7936.6328125,0,3.5998544692993164
0.09749499708414078,0.09999997168779373,-0.000010997607205354143,0.0006861621513962746,0.222626730799675,0.003624345175921917,35.84661865234375,32708.431640625,32708.681640625,-7104.2470703125,0,3.5998544692993164
0.09749999642372131,0.09999997168779373,-0.000009780359505384695,0.0006861621513962746,0.24344955384731293,0.003785487497225404,32.22845458984375,5487.6083984375,5487.8623046875,-6059.48779296875,0,3.5998544692993164
0.09750499576330185,0.09999997168779373,-0.000008545644050172996,0.0006861621513962746,0.24694307148456573,0.003931199200451374,29.142383575439453,22766.73046875,-22766.478515625,-4941.49365234375,0,3.5998544692993164
0.09750999510288239,0.09999997168779373,-0.0000073833975875459146,0.0006861621513962746,0.23244930803775787,0.004064327571541071,26.625701904296875,49104.7109375,-49104.46484375,-3894.474609375,0,3.5998544692993164
0.09751499444246292,0.09999997168779373,-0.000006377455974870827,0.0006861621513962746,0.20118828117847443,0.004187538754194975,24.642261505126953,70781.765625,-70781.53125,-3052.663818359375,0,3.5998544692993164
0.09752000123262405,0.09999997168779373,-0.00000559681984668714,0.0006861621513962746,0.1561271995306015,0.004302976652979851,23.08755111694336,85542.109375,-85541.890625,-2526.319580078125,0,3.5998544692993164
0.09752500057220459,0.09999997168779373,-0.000005088472789793741,0.0006861621513962746,0.10166940838098526,0.004411980975419283,21.800907135009766,91851.7265625,-91851.5078125,-2390.225341796875,0,3.5998544692993164
0.09752999991178513,0.09999997168779373,-0.000004872498720942531,0.0006861621513962746,0.043194789439439774,0.004514898639172316,20.583576202392578,89056.8203125,-89056.625,-2675.865478515625,0,3.5998544692993164
0.09753499925136566,0.09999997168779373,-0.0000049400014177081175,0.0006861621513962746,-0.01350054144859314,0.004611002281308174,19.220767974853516,77451.96875,-77451.765625,-3368.0732421875,0,3.5998544692993164
0.0975399985909462,0.09999997168779373,-0.000005254041298030643,0.0006861621513962746,-0.06280799955129623,0.004698529373854399,17.505420684814453,58250.25390625,-58250.046875,-4406.50341796875,0,3.5998544692993164
0.09754499793052673,0.09999997168779373,-0.0000057534975894668605,0.0006861621513962746,-0.09989126771688461,0.004774835426360369,15.261207580566406,33459.140625,-33458.921875,-5691.78271484375,0,3.5998544692993164
0.09754999727010727,0.09999997168779373,-0.000006359457529470092,0.0006861621513962746,-0.12119201570749283,0.004836647305637598,12.362405776977539,5674.2216796875,-5673.98388671875,-7095.701171875,0,3.5998544692993164
0.0975549966096878,0.09999997168779373,-0.0000069834791247558314,0.0006861621513962746,-0.12480434030294418,0.004880390129983425,8.748594284057617,22187.84375,22188.09765625,-8474.4111328125,0,3.5998544692993164
0.09755999594926834,0.09999997168779373,-0.000007536874818470096,0.0006861621513962746,-0.11067912727594376,0.004902553278952837,4.432612419128418,47189.9296875,47190.1953125,-9683.2763671875,0,3.5998544692993164
0.09756499528884888,0.09999997168779373,-0.000007940060640976299,0.0006861621513962746,-0.08063708990812302,0.004900058265775442,-0.4990396499633789,66677.8359375,66678.1171875,-10591.859375,0,3.5998544692993164
0.09756999462842941,0.09999997168779373,-0.000008131003596645314,0.0006861621513962746,-0.038188666105270386,0.004870591219514608,-5.893428802490234,78555.4609375,78555.7421875,-11097.494140625,0,3.5998544692993164
0.09757499396800995,0.09999997168779373,-0.000008071897354966495,0.0006861621513962746,0.011821293272078037,0.00481286458671093,-11.54533576965332,81503.34375,81503.625,-11136.0673828125,0,3.5998544692993164
0.09758000075817108,0.09999997168779373,-0.000007753357749606948,0.0006861621513962746,0.06370793282985687,0.004726780112832785,-17.216888427734375,75118.3515625,75118.625,-10688.884765625,0,3.5998544692993164
0.09758500009775162,0.09999997168779373,-0.0000071957088039198425,0.0006861621513962746,0.11152975261211395,0.0046134768053889275,-22.660694122314453,59959.78515625,59960.046875,-9784.9072265625,0,3.5998544692993164
0.09758999943733215,0.09999997168779373,-0.000006447201940318337,0.0006861621513962746,0.1497013419866562,0.0044752564281225204,-27.644107818603516,37497.203125,37497.44140625,-8498.130859375,0,3.5998544692993164
0.09759499877691269,0.09999997168779373,-0.000005579337994277012,0.0006861621513962746,0.17357279360294342,0.004315395373851061,-31.972171783447266,9964.8779296875,9965.0908203125,-6940.34130859375,0,3.5998544692993164
0.09759999811649323,0.09999997168779373,-0.000004679754965764005,0.0006861621513962746,0.1799166351556778,0.004137861076742411,-35.50685501098633,19862.35546875,-19862.169921875,-5249.98828125,0,3.5998544692993164
0.09760499745607376,0.09999997168779373,-0.000003843395461444743,0.0006861621513962746,0.16727186739444733,0.003946957644075155,-38.1806526184082,48949.30078125,-48949.140625,-3578.29345703125,0,3.5998544692993164
0.0976099967956543,0.09999997168779373,-0.0000031628464967070613,0.0006861621513962746,0.13610978424549103,0.0037469423841685057,-40.0030632019043,74308.171875,-74308.0390625,-2073.99755859375,0,3.5998544692993164
0.09761499613523483,0.09999997168779373,-0.000002718827772696386,0.0006861621513962746,0.0888037383556366,0.0035416455939412117,-41.05934143066406,93302.7265625,-93302.609375,-868.3050537109375,0,3.5998544692993164
0.09761999547481537,0.09999997168779373,-0.0000025718009055708535,0.0006861621513962746,0.02940537966787815,0.0033341378439217806,-41.501564025878906,103917.78125,-103917.6796875,-61.54153060913086,0,3.5998544692993164
0.0976249948143959,0.09999997168779373,-0.0000027555545329960296,0.0006861621513962746,-0.036750733852386475,0.0031264733988791704,-41.53290557861328,104966.6328125,-104966.546875,287.093017578125,0,3.5998544692993164
0.09762999415397644,0.09999997168779373,-0.0000032734274100221228,0.0006861621513962746,-0.10357455909252167,0.0029195400420576334,-41.386688232421875,96215.2109375,-96215.140625,165.65194702148438,0,3.5998544692993164
0.09763500094413757,0.09999997168779373,-0.0000040975628508022055,0.0006861621513962746,-0.16482706367969513,0.0027130283415317535,-41.30232238769531,78410.1484375,-78410.078125,-389.20208740234375,0,3.5998544692993164
0.09764000028371811,0.09999997168779373,-0.000005171285465621622,0.0006861621513962746,-0.21474452316761017,0.002505525713786483,-41.50054168701172,53207.6796875,-53207.61328125,-1295.7496337890625,0,3.5998544692993164
0.09764499962329865,0.09999997168779373,-0.000006414373274310492,0.0006861621513962746,-0.24861757457256317,0.0022947234101593494,-42.16046142578125,23010.521484375,-23010.462890625,-2435.333251953125,0,3.5998544692993164
0.09764999896287918,0.09999997168779373,-0.000007730705874564592,0.0006861621513962746,-0.26326653361320496,0.0020777196623384953,-43.40076446533203,9271.0302734375,9271.0810546875,-3664.2255859375,0,3.5998544692993164
0.09765499830245972,0.09999997168779373,-0.000009017528100230265,0.0006861621513962746,-0.257364422082901,0.0018513849936425686,-45.266937255859375,40509.76953125,40509.8125,-4828.05859375,0,3.5998544692993164
0.09765999764204025,0.09999997168779373,-0.000010175403076573275,0.0006861621513962746,-0.2315751016139984,0.0016127558192238212,-47.72584533691406,67674.4765625,67674.5078125,-5777.35400390625,0,3.5998544692993164
0.09766499698162079,0.09999997168779373,-0.000011117864232801367,0.0006861621513962746,-0.18849217891693115,0.0013594146585091949,-50.66822814941406,88133.5859375,88133.609375,-6382.59033203125,0,3.5998544692993164
0.09766999632120132,0.09999997168779373,-0.00001177978720079409,0.0006861621513962746,-0.13238459825515747,0.0010898204054683447,-53.918853759765625,99919.0234375,99919.0390625,-6547.2919921875,0,3.5998544692993164
0.09767499566078186,0.09999997168779373,-0.000012123658052587416,0.0006861621513962746,-0.06877417862415314,0.0008035536156967282,-57.25336456298828,101923.3203125,101923.328125,-6217.80615234375,0,3.5998544692993164
0.0976799950003624,0.09999997168779373,-0.000012143096682848409,0.0006861621513962746,-0.003887780010700226,0.0005014532944187522,-60.420066833496094,94010.3125,94010.3125,-5388.7958984375,0,3.5998544692993164
0.09768499433994293,0.09999997168779373,-0.00001186329154734267,0.0006861621513962746,0.055961042642593384,0.00018563051708042622,-63.16455841064453,77028.0390625,77028.03125,-4103.876953125,0,3.5998544692993164
0.09769000113010406,0.09999997168779373,-0.000011338298463670071,0.0006861621513962746,0.1049986183643341,-0.00014064271817915142,-65.25464630126953,52722.703125,52722.69140625,-2451.351318359375,0,3.5998544692993164
0.0976950004696846,0.09999997168779373,-0.000010645483598636929,0.0006861621513962746,0.13856293261051178,-0.00047315823030658066,-66.50310516357422,23562.439453125,23562.427734375,-555.4608154296875,0,3.5998544692993164
0.09769999980926514,0.09999997168779373,-0.000009877667253022082,0.0006861621513962746,0.1535632461309433,-0.0008070882176980376,-66.78600311279297,7511.435546875,-7511.44775390625,1435.955322265625,0,3.5998544692993164
0.09770499914884567,0.09999997168779373,-0.000009133760613622144,0.0006861621513962746,0.14878131449222565,-0.001137361628934741,-66.05467987060547,37380.20703125,-37380.22265625,3366.138427734375,0,3.5998544692993164
0.09770999848842621,0.09999997168779373,-0.000008508838618581649,0.0006861621513962746,0.12498433887958527,-0.0014590632636100054,-64.34032440185547,63061.0078125,-63061.01953125,5084.96240234375,0,3.5998544692993164
0.09771499782800674,0.09999997168779373,-0.000008084646651695948,0.0006861621513962746,0.08483844995498657,-0.0017678161384537816,-61.750572204589844,82005.4296875,-82005.4375,6463.765625,0,3.5998544692993164
0.09771999716758728,0.09999997168779373,-0.00000792148603068199,0.0006861621513962746,0.03263217210769653,-0.0020601090509444475,-58.45860290527344,92354.15625,-92354.15625,7408.00537109375,0,3.5998544692993164
0.09772499650716782,0.09999997168779373,-0.000008052297744143289,0.0006861621513962746,-0.02616230770945549,-0.0023335376754403114,-54.68573760986328,93119.828125,-93119.8359375,7866.36669921875,0,3.5998544692993164
0.09772999584674835,0.09999997168779373,-0.000008479519237880595,0.0006861621513962746,-0.08544422686100006,-0.0025869347155094147,-50.67942810058594,84280.90625,-84280.90625,7835.44970703125,0,3.5998544692993164
0.09773499518632889,0.09999997168779373,-0.000009175015293294564,0.0006861621513962746,-0.13909912109375,-0.002820379100739956,-46.688865661621094,66788,-66788,7360.142578125,0,3.5998544692993164
0.09773999452590942,0.09999997168779373,-0.000010083103916258551,0.0006861621513962746,-0.18161767721176147,-0.003035081084817648,-42.94037628173828,42450.5078125,-42450.50390625,6528.0400390625,0,3.5998544692993164
0.09774499386548996,0.09999997168779373,-0.000011126316167064942,0.0006861621513962746,-0.20864251255989075,-0.003233159426599741,-39.61566925048828,13756.626953125,-13756.623046875,5460.57080078125,0,3.5998544692993164
0.09775000065565109,0.09999997168779373,-0.000012213316949782893,0.0006861621513962746,-0.21740025281906128,-0.0034173326566815376,-36.834625244140625,16384.115234375,16384.1171875,4300.27490234375,0,3.5998544692993164
0.09775499999523163,0.09999997168779373,-0.00001324816548731178,0.0006861621513962746,-0.20696979761123657,-0.003590555163100362,-34.64451599121094,44938.0390625,44938.03515625,3196.1083984375,0,3.5998544692993164
0.09775999933481216,0.09999997168779373,-0.000014139972336124629,0.0006861621513962746,-0.17836135625839233,-0.0037556388415396214,-33.016754150390625,69055.0859375,69055.0703125,2288.2138671875,0,3.5998544692993164
0.0977649986743927,0.09999997168779373,-0.00001481196977692889,0.0006861621513962746,-0.13439953327178955,-0.003914895933121443,-31.851377487182617,86359.2421875,86359.1953125,1693.5374755859375,0,3.5998544692993164
0.09776999801397324,0.09999997168779373,-0.000015209077901090495,0.0006861621513962746,-0.07942153513431549,-0.00406984006986022,-30.988866806030273,95187.6640625,95187.578125,1493.9761962890625,0,3.5998544692993164
0.09777499735355377,0.09999997168779373,-0.00001530319423181936,0.0006861621513962746,-0.018823185935616493,-0.00422098021954298,-30.227991104125977,94756.8515625,94756.7265625,1728.1314697265625,0,3.5998544692993164
0.09777999669313431,0.09999997168779373,-0.00001509568937763106,0.0006861621513962746,0.04150089994072914,-0.004367719404399395,-29.34786033630371,85238.359375,85238.171875,2387.53173828125,0,3.5998544692993164
0.09778499603271484,0.09999997168779373,-0.000014616863154515158,0.0006861621513962746,0.09576532244682312,-0.00450837891548872,-28.131898880004883,67736.609375,67736.34375,3417.6923828125,0,3.5998544692993164
0.09778999537229538,0.09999997168779373,-0.00001392242393194465,0.0006861621513962746,0.13888779282569885,-0.004640335217118263,-26.39128303527832,44171.34375,44171.00390625,4723.8955078125,0,3.5998544692993164
0.09779499471187592,0.09999997168779373,-0.000013087383194942959,0.0006861621513962746,0.16700813174247742,-0.004760262556374073,-23.985422134399414,17076.927734375,17076.509765625,6181.08642578125,0,3.5998544692993164
0.09779999405145645,0.09999997168779373,-0.000012197984688100405,0.0006861621513962746,0.17787963151931763,-0.004864449612796307,-20.837419509887695,10661.046875,-10661.541015625,7646.86767578125,0,3.5998544692993164
0.09780500084161758,0.09999997168779373,-0.000011342521247570403,0.0006861621513962746,0.17109259963035583,-0.0049491641111671925,-16.942903518676758,36104.5625,-36105.12109375,8976.2509765625,0,3.5998544692993164
0.09781000018119812,0.09999997168779373,-0.00001060198246705113,0.0006861621513962746,0.14810770750045776,-0.005011020693928003,-12.371335983276367,56566.84765625,-56567.4609375,10036.654296875,0,3.5998544692993164
0.09781499952077866,0.09999997168779373,-0.000010041501809610054,0.0006861621513962746,0.11209613084793091,-0.005047319456934929,-7.259710311889648,69889.8359375,-69890.4921875,10721.60546875,0,3.5998544692993164
0.09781999886035919,0.09999997168779373,-0.000009703487194201443,0.0006861621513962746,0.06760287284851074,-0.005056315567344427,-1.7992417812347412,74666.9609375,-74667.6328125,10961.744140625,0,3.5998544692993164
0.09782499819993973,0.09999997168779373,-0.000009603145372238941,0.0006861621513962746,0.020068412646651268,-0.00503739807754755,3.7835285663604736,70388.4140625,-70389.0859375,10731.9990234375,0,3.5998544692993164
0.09782999753952026,0.09999997168779373,-0.000009726856660563499,0.0006861621513962746,-0.024742240086197853,-0.004991151392459869,9.249290466308594,57494.140625,-57494.7890625,10054.19921875,0,3.5998544692993164
0.0978349968791008,0.09999997168779373,-0.000010033577382273506,0.0006861621513962746,-0.061344146728515625,-0.004919302184134722,14.369852066040039,37328.96484375,-37329.5703125,8994.857421875,0,3.5998544692993164
0.09783999621868134,0.09999997168779373,-0.00001045911994879134,0.0006861621513962746,-0.08510850369930267,-0.004824547562748194,18.950895309448242,12004.5126953125,-12005.0654296875,7658.33837890625,0,3.5998544692993164
0.09784499555826187,0.09999997168779373,-0.000010922874025709461,0.0006861621513962746,-0.09275081753730774,-0.004710291512310505,22.851255416870117,15817.9599609375,15817.47265625,6176.1279296875,0,3.5998544692993164
0.09784999489784241,0.09999997168779373,-0.000011336277566442732,0.0006861621513962746,-0.08268079161643982,-0.004580307751893997,25.996732711791992,43201.71875,43201.30859375,4693.28857421875,0,3.5998544692993164
0.09785499423742294,0.09999997168779373,-0.000011612166417762637,0.0006861621513962746,-0.0551777221262455,-0.004438372794538736,28.387004852294922,67237.5234375,67237.1875,3353.491455078125,0,3.5998544692993164
0.09786000102758408,0.09999997168779373,-0.000011674031156871933,0.0006861621513962746,-0.01237298734486103,-0.004287898074835539,30.094924926757813,85344.4921875,85344.21875,2284.15869140625,0,3.5998544692993164
0.09786500036716461,0.09999997168779373,-0.000011464236195024569,0.0006861621513962746,0.0419590026140213,-0.00413160677999258,31.258235931396484,95537.953125,95537.75,1583.24365234375,0,3.5998544692993164
0.09786999970674515,0.09999997168779373,-0.000010950334399240091,0.0006861621513962746,0.10278035700321198,-0.0039712837897241116,32.0645751953125,96636.8984375,96636.75,1309.0076904296875,0,3.5998544692993164
0.09787499904632568,0.09999997168779373,-0.000010128827852895483,0.0006861621513962746,0.1643013209104538,-0.003807627595961094,32.73124694824219,88389.578125,88389.46875,1473.8385009765625,0,3.5998544692993164
0.09787999838590622,0.09999997168779373,-0.000009025968211062718,0.0006861621513962746,0.2205718606710434,-0.003640218172222376,33.48186492919922,71504.2109375,71504.140625,2042.7730712890625,0,3.5998544692993164
0.09788499772548676,0.09999997168779373,-0.00000769550388213247,0.0006861621513962746,0.26609286665916443,-0.0034676070790737867,34.522239685058594,47581.6015625,47581.5625,2936.8671875,0,3.5998544692993164
0.09788999706506729,0.09999997168779373,-0.00000621358276475803,0.0006861621513962746,0.2963842451572418,-0.0032875172328203917,36.017974853515625,18956.134765625,18956.109375,4041.09619140625,0,3.5998544692993164
0.09789499640464783,0.09999997168779373,-0.000004671322130889166,0.0006861621513962746,0.3084520995616913,-0.003097136737778783,38.076087951660156,11538.8076171875,-11538.8193359375,5215.98779296875,0,3.5998544692993164
0.09789999574422836,0.09999997168779373,-0.000003165790985804051,0.0006861621513962746,0.3011062443256378,-0.0028934739530086517,40.732566833496094,40857.66796875,-40857.66796875,6311.8359375,0,3.5998544692993164
0.0979049950838089,0.09999997168779373,-0.00000179031383140682,0.0006861621513962746,0.2750954329967499,-0.002673738170415163,43.94715881347656,66050.3203125,-66050.3203125,7183.92822265625,0,3.5998544692993164
0.09790999442338943,0.09999997168779373,-0.0000006250813839869807,0.0006861621513962746,0.2330465018749237,-0.002435708651319146,47.60590362548828,84563.3828125,-84563.375,7707.45654296875,0,3.5998544692993164
0.09791500121355057,0.09999997168779373,0.00000027097757993033156,0.0006861621513962746,0.1792117953300476,-0.002178052207455039,51.531280517578125,94502.0390625,-94502.0234375,7790.4638671875,0,3.5998544692993164
0.0979200005531311,0.09999997168779373,0.0000008662272534820659,0.0006861621513962746,0.11904993653297424,-0.0019005575450137258,55.498931884765625,94824.828125,-94824.8203125,7383.45703125,0,3.5998544692993164
0.09792499989271164,0.09999997168779373,0.0000011596400781854754,0.0006861621513962746,0.058682575821876526,-0.0016042611096054316,59.25929260253906,85449.28125,-85449.265625,6484.59912109375,0,3.5998544692993164
0.09792999923229218,0.09999997168779373,0.000001181059474220092,0.0006861621513962746,0.004283875226974487,-0.0012914517428725958,62.56187438964844,67280.4375,-67280.4296875,5141.091796875,0,3.5998544692993164
0.09793499857187271,0.09999997168779373,0.000000988318561212509,0.0006861621513962746,-0.03854817897081375,-0.0009655506582930684,65.18021392822266,42098.92578125,-42098.921875,3443.567626953125,0,3.5998544692993164
0.09793999791145325,0.09999997168779373,0.0000006615726420022838,0.0006861621513962746,-0.06534918397665024,-0.0006308805895969272,66.93401336669922,12401.595703125,-12401.59375,1518.165283203125,0,3.5998544692993164
0.09794499725103378,0.09999997168779373,0.000000295351242129982,0.0006861621513962746,-0.07324428111314774,-0.0002923445717897266,67.70720672607422,18851.453125,18851.453125,-486.05279541015625,0,3.5998544692993164
0.09794999659061432,0.09999997168779373,-0.000000010864141586353071,0.0006861621513962746,-0.061243075877428055,0.00004495374741964042,67.45966339111328,48533.25,48533.25,-2411.8212890625,0,3.5998544692993164
0.09795499593019485,0.09999997168779373,-0.00000016259339474800072,0.0006861621513962746,-0.030345851555466652,0.00037611040170304477,66.23133087158203,73662.953125,73662.953125,-4109.21533203125,0,3.5998544692993164
0.09795999526977539,0.09999997168779373,-0.00000007984619543321969,0.0006861621513962746,0.01654944010078907,0.0006968030356802046,64.1385269165039,91704.9296875,91704.9296875,-5450.49853515625,0,3.5998544692993164
0.09796499460935593,0.09999997168779373,0.000000294806852707552,0.0006861621513962746,0.07493060827255249,0.0010036160238087177,61.36260986328125,100824.0859375,100824.09375,-6342.80126953125,0,3.5998544692993164
0.09796999394893646,0.09999997168779373,0.0000009903928912535775,0.0006861621513962746,0.13911721110343933,0.0012942772591486573,58.13224792480469,100069.984375,100070,-6737.25927734375,0,3.5998544692993164
0.0979750007390976,0.09999997168779373,0.00000200451154341863,0.0006861621513962746,0.2028237283229828,0.0015677821356803179,54.70098876953125,89472.328125,89472.359375,-6633.76123046875,0,3.5998544692993164
0.09798000007867813,0.09999997168779373,0.0000033034293664968573,0.0006861621513962746,0.2597835659980774,0.0018243943341076374,51.32244110107422,70037.859375,70037.8984375,-6080.80029296875,0,3.5998544692993164
0.09798499941825867,0.09999997168779373,0.000004825284577236744,0.0006861621513962746,0.30437105894088745,0.0020655218977481127,48.22551727294922,43648.9375,43648.99609375,-5170.45458984375,0,3.5998544692993164
0.0979899987578392,0.09999997168779373,0.000006486078746092971,0.0006861621513962746,0.3321588635444641,0.0022934831213206053,45.59222412109375,12874.240234375,12874.3115234375,-4029.000244140625,0,3.5998544692993164
0.09799499809741974,0.09999997168779373,0.000008187853381969035,0.0006861621513962746,0.340354859828949,0.0025111844297498465,43.54026794433594,19289.435546875,-19289.345703125,-2804.110107421875,0,3.5998544692993164
0.09799999743700027,0.09999997168779373,0.000009828227121033706,0.0006861621513962746,0.3280748128890991,0.002721745055168867,42.112144470214844,49717.953125,-49717.84765625,-1649.933349609375,0,3.5998544692993164
0.09800499677658081,0.09999997168779373,0.000011310344234516378,0.0006861621513962746,0.29642337560653687,0.0029281042516231537,41.27184295654297,75473,-75472.875,-711.557373046875,0,3.5998544692993164
0.09800999611616135,0.09999997168779373,0.000012552222869999241,0.0006861621513962746,0.2483757734298706,0.003132651560008526,40.909446716308594,94095.7421875,-94095.6015625,-110.43217468261719,0,3.5998544692993164
0.09801499545574188,0.09999997168779373,0.000013494585800799541,0.0006861621513962746,0.18847256898880005,0.003336917608976364,40.85320281982422,103851.46875,-103851.3046875,67.78325653076172,0,3.5998544692993164
0.09801999479532242,0.09999997168779373,0.000014106379239819944,0.0006861621513962746,0.12235867977142334,0.00354135618545115,40.887725830078125,103900.5390625,-103900.3515625,-218.27333068847656,0,3.5998544692993164
0.09802499413490295,0.09999997168779373,0.000014387446753971744,0.0006861621513962746,0.05621354281902313,0.003745238995179534,40.77655792236328,94378.5234375,-94378.3046875,-961.662109375,0,3.5998544692993164
0.09803000092506409,0.09999997168779373,0.000014368098163686227,0.0006861621513962746,-0.0038696862757205963,0.00394667312502861,40.28678894042969,76377.609375,-76377.34375,-2108.02685546875,0,3.5998544692993164
0.09803500026464462,0.09999997168779373,0.000014105632544669788,0.0006861621513962746,-0.05249318107962608,0.004142738878726959,39.21318054199219,51831.25390625,-51830.95703125,-3561.27001953125,0,3.5998544692993164
0.09803999960422516,0.09999997168779373,0.000013678182767762337,0.0006861621513962746,-0.08548998087644577,0.00432973587885499,37.399436950683594,23314.33984375,-23314.009765625,-5193.43115234375,0,3.5998544692993164
0.0980449989438057,0.09999997168779373,0.00001317652095167432,0.0006861621513962746,-0.1003323495388031,0.004503508098423481,34.75444793701172,6221.173828125,6221.53759765625,-6857.75537109375,0,3.5998544692993164
0.09804999828338623,0.09999997168779373,0.000012694661563728005,0.0006861621513962746,-0.09637182950973511,0.004659817088395357,31.261823654174805,33747.66796875,33748.05859375,-8403.6103515625,0,3.5998544692993164
0.09805499762296677,0.09999997168779373,0.000012320224413997494,0.0006861621513962746,-0.07488739490509033,0.004794726613909006,26.981901168823242,56469.8671875,56470.27734375,-9691.7392578125,0,3.5998544692993164
0.0980599969625473,0.09999997168779373,0.000012125536159146577,0.0006861621513962746,-0.038937561213970184,0.004904956091195345,22.04593849182129,72108.1015625,72108.515625,-10608.2978515625,0,3.5998544692993164
0.09806499630212784,0.09999997168779373,0.000012160375263192691,0.0006861621513962746,0.0069678835570812225,0.0049881720915436745,16.64317512512207,79127.8828125,79128.296875,-11076.244140625,0,3.5998544692993164
0.09806999564170837,0.09999997168779373,0.000012447086191968992,0.0006861621513962746,0.05734225735068321,0.005043182522058487,11.002090454101563,76892.8125,76893.21875,-11062.93359375,0,3.5998544692993164
0.09807499498128891,0.09999997168779373,0.000012978554877918214,0.0006861621513962746,0.10629373788833618,0.005070021376013756,5.36778450012207,65725.1875,65725.5703125,-10583.1611328125,0,3.5998544692993164
0.09807999432086945,0.09999997168779373,0.00001371923372062156,0.0006861621513962746,0.1481356918811798,0.0050699105486273766,-0.022174835205078125,46868.41015625,46868.7578125,-9697.33984375,0,3.5998544692993164
0.09808500111103058,0.09999997168779373,0.000014609098798246123,0.0006861621513962746,0.17797306180000305,0.005045105703175068,-4.960988998413086,22355.27734375,22355.587890625,-8505.0244140625,0,3.5998544692993164
0.09809000045061111,0.09999997168779373,0.000015570123650832102,0.0006861621513962746,0.19220486283302307,0.004998642951250076,-9.292562484741211,5204.20556640625,-5203.9345703125,-7134.453125,0,3.5998544692993164
0.09809499979019165,0.09999997168779373,0.00001651458296691999,0.0006861621513962746,0.18889176845550537,0.004934012424200773,-12.926109313964844,32893.7578125,-32893.5234375,-5729.1767578125,0,3.5998544692993164
0.09809999912977219,0.09999997168779373,0.00001735433761496097,0.0006861621513962746,0.16795095801353455,0.004854792729020119,-15.843954086303711,57792.5390625,-57792.3359375,-4433.16552734375,0,3.5998544692993164
0.09810499846935272,0.09999997168779373,0.000018010132407653145,0.0006861621513962746,0.13115909695625305,0.004764284007251263,-18.101747512817383,77276.859375,-77276.6796875,-3375.90869140625,0,3.5998544692993164
0.09810999780893326,0.09999997168779373,0.000018419948901282623,0.0006861621513962746,0.08196312189102173,0.0046651787124574184,-19.82108497619629,89290.859375,-89290.703125,-2659.0419921875,0,3.5998544692993164
0.0981149971485138,0.09999997168779373,0.00001854554284363985,0.0006861621513962746,0.02511879801750183,0.004559302236884832,-21.175325393676758,92558.609375,-92558.4453125,-2345.87255859375,0,3.5998544692993164
0.09811999648809433,0.09999997168779373,0.000018376513253315352,0.0006861621513962746,-0.03380584344267845,0.004447451792657375,-22.37006950378418,86715.6171875,-86715.453125,-2454.876220703125,0,3.5998544692993164
0.09812499582767487,0.09999997168779373,0.000017931459296960384,0.0006861621513962746,-0.08901071548461914,0.004329350311309099,-23.620328903198242,72346.78125,-72346.6015625,-2957.8291015625,0,3.5998544692993164
0.0981299951672554,0.09999997168779373,0.000017256119463127106,0.0006861621513962746,-0.1350681036710739,0.00420371675863862,-25.126737594604492,50926.2890625,-50926.0859375,-3782.769287109375,0,3.5998544692993164
0.09813499450683594,0.09999997168779373,0.00001641867493162863,0.0006861621513962746,-0.16748879849910736,0.004068450536578894,-27.053285598754883,24666.125,-24665.904296875,-4821.484375,0,3.5998544692993164
0.09813999384641647,0.09999997168779373,0.0000155027155415155,0.0006861621513962746,-0.18319173157215118,0.003920906223356724,-29.508848190307617,3711.584228515625,3711.821044921875,-5940.75634765625,0,3.5998544692993164
0.0981450006365776,0.09999997168779373,0.000014598571397073101,0.0006861621513962746,-0.18082885444164276,0.0037582339718937874,-32.53445053100586,31255.123046875,31255.37109375,-6996.2177734375,0,3.5998544692993164
0.09814999997615814,0.09999997168779373,0.00001379391505906824,0.0006861621513962746,-0.16093121469020844,0.003577745985239744,-36.097591400146484,55087.7890625,55088.0390625,-7847.3896484375,0,3.5998544692993164
0.09815499931573868,0.09999997168779373,0.000013164608390070498,0.0006861621513962746,-0.1258612424135208,0.0033772748429328203,-40.094234466552734,72705.4375,72705.6796875,-8372.369140625,0,3.5998544692993164
0.09815999865531921,0.09999997168779373,0.000012766730833391193,0.0006861621513962746,-0.07957552373409271,0.0031554836314171553,-44.35824966430664,82236.4296875,82236.65625,-8480.6494140625,0,3.5998544692993164
0.09816499799489975,0.09999997168779373,0.000012630619494302664,0.0006861621513962746,-0.02722218632698059,0.002912096679210663,-48.67741012573242,82637.3515625,82637.5625,-8122.76123046875,0,3.5998544692993164
0.09816999733448029,0.09999997168779373,0.000012757551303366199,0.0006861621513962746,0.02538638561964035,0.0026480252854526043,-52.81429672241211,73804.3203125,73804.5078125,-7295.73046875,0,3.5998544692993164
0.09817499667406082,0.09999997168779373,0.000013119409231876489,0.0006861621513962746,0.07237166911363602,0.002365375403314829,-56.52997970581055,56588.21875,56588.375,-6043.79296875,0,3.5998544692993164
0.09817999601364136,0.09999997168779373,0.000013661393495567609,0.0006861621513962746,0.10839685052633286,0.002067335182800889,-59.60805892944336,32712.16796875,32712.29296875,-4454.263671875,0,3.5998544692993164
0.0981849953532219,0.09999997168779373,0.000014307503988675307,0.0006861621513962746,0.1292220652103424,0.0017579521518200636,-61.8765983581543,4599.50244140625,4599.5986328125,-2648.988037109375,0,3.5998544692993164
0.09818999469280243,0.09999997168779373,0.000014968254617997445,0.0006861621513962746,0.13215020298957825,0.0014418235514312983,-63.2257194519043,24870.517578125,-24870.44921875,-772.2217407226563,0,3.5998544692993164
0.09819499403238297,0.09999997168779373,0.000015549840099993162,0.0006861621513962746,0.11631713807582855,0.0011237284634262323,-63.6190071105957,52654.42578125,-52654.3828125,1023.8294067382813,0,3.5998544692993164
0.0982000008225441,0.09999997168779373,0.00001596382207935676,0.0006861621513962746,0.08279629051685333,0.0008082406129688025,-63.09757614135742,75854.1953125,-75854.171875,2594.34619140625,0,3.5998544692993164
0.09820500016212463,0.09999997168779373,0.00001613635140529368,0.0006861621513962746,0.03450600802898407,0.0004993592156097293,-61.77628707885742,92013.1875,-92013.1796875,3816.54638671875,0,3.5998544692993164
0.09820999950170517,0.09999997168779373,0.000016015994333429262,0.0006861621513962746,-0.024071406573057175,0.00020019651856273413,-59.83253860473633,99368.3125,-99368.3125,4602.15576171875,0,3.5998544692993164
0.0982149988412857,0.09999997168779373,0.000015579338651150465,0.0006861621513962746,-0.08733123540878296,-0.00008724688086658716,-57.48868179321289,97031.65625,-97031.6640625,4906.3837890625,0,3.5998544692993164
0.09821999818086624,0.09999997168779373,0.000014833821296633687,0.0006861621513962746,-0.14910350739955902,-0.0003621962678153068,-54.9898796081543,85087.4921875,-85087.4921875,4732.69189453125,0,3.5998544692993164
0.09822499752044678,0.09999997168779373,0.000013817461876897141,0.0006861621513962746,-0.20327188074588776,-0.0006250939331948757,-52.57954025268555,64587.08984375,-64587.0859375,4132.51220703125,0,3.5998544692993164
0.09822999686002731,0.09999997168779373,0.000012595515727298334,0.0006861621513962746,-0.24438929557800293,-0.0008774682646617293,-50.47487258911133,37446.3828125,-37446.3671875,3200.135986328125,0,3.5998544692993164
0.09823499619960785,0.09999997168779373,0.000011254373930569272,0.0006861621513962746,-0.2682284116744995,-0.0011216935236006975,-48.84505844116211,6257.12109375,-6257.09033203125,2063.326904296875,0,3.5998544692993164
0.09823999553918839,0.09999997168779373,0.000009893315109366085,0.0006861621513962746,-0.27221179008483887,-0.0013606646098196507,-47.79421615600586,25971.23046875,25971.275390625,870.5040893554688,0,3.5998544692993164
0.09824499487876892,0.09999997168779373,0.000008614924809080549,0.0006861621513962746,-0.2556779980659485,-0.0015974189154803753,-47.35087203979492,56112.37890625,56112.44140625,-224.19544982910156,0,3.5998544692993164
0.09824999421834946,0.09999997168779373,0.000007515146080550039,0.0006861621513962746,-0.21995574235916138,-0.0018347441218793392,-47.46505355834961,81236.3984375,81236.4609375,-1076.452392578125,0,3.5998544692993164
0.09825500100851059,0.09999997168779373,0.000006673950792901451,0.0006861621513962746,-0.1682390570640564,-0.00207481044344604,-48.01328659057617,98903.671875,98903.75,-1566.3521728515625,0,3.5998544692993164
0.09826000034809113,0.09999997168779373,0.000006147575732029509,0.0006861621513962746,-0.10527503490447998,-0.002318865619599819,-48.8110237121582,107409.875,107409.9375,-1610.527587890625,0,3.5998544692993164
0.09826499968767166,0.09999997168779373,0.000005963097009953344,0.0006861621513962746,-0.03689578175544739,-0.0025670218747109175,-49.63125991821289,105954.1484375,105954.2109375,-1170.504150390625,0,3.5998544692993164
0.0982699990272522,0.09999997168779373,0.000006115880751167424,0.0006861621513962746,0.030556723475456238,-0.0028181588277220726,-50.22739028930664,94733.8828125,94733.9140625,-257.39544677734375,0,3.5998544692993164
0.09827499836683273,0.09999997168779373,0.000006570211553480476,0.0006861621513962746,0.09086618572473526,-0.0030699511989951134,-50.35847854614258,74897.3515625,74897.3515625,1070.454345703125,0,3.5998544692993164
0.09827999770641327,0.09999997168779373,0.000007262948201969266,0.0006861621513962746,0.13854731619358063,-0.0033190175890922546,-49.813297271728516,48452.28515625,48452.24609375,2712.006103515625,0,3.5998544692993164
0.0982849970459938,0.09999997168779373,0.000008109913324005902,0.0006861621513962746,0.16939298808574677,-0.0035611779894679785,-48.43208694458008,18053.900390625,18053.80859375,4534.04638671875,0,3.5998544692993164
0.09828999638557434,0.09999997168779373,0.000009014345778268762,0.0006861621513962746,0.18088646233081818,-0.0037917925510555506,-46.1229133605957,13260.5625,-13260.7041015625,6384.3623046875,0,3.5998544692993164
0.09829499572515488,0.09999997168779373,0.00000987656858342234,0.0006861621513962746,0.17244453728199005,-0.004006149247288704,-42.87138748168945,42376.7890625,-42376.98828125,8106.87890625,0,3.5998544692993164
0.09829999506473541,0.09999997168779373,0.00001060390150087187,0.0006861621513962746,0.1454666405916214,-0.004199862014502287,-38.74258804321289,66415.5859375,-66415.8359375,9557.16015625,0,3.5998544692993164
0.09830499440431595,0.09999997168779373,0.000011119826922367793,0.0006861621513962746,0.10318516194820404,-0.0043692379258573055,-33.87516403198242,83020.6328125,-83020.9296875,10616.703125,0,3.5998544692993164
0.09831000119447708,0.09999997168779373,0.000011371489563316572,0.0006861621513962746,0.05033258721232414,-0.004511578474193811,-28.468120574951172,90592.9921875,-90593.3359375,11204.5947265625,0,3.5998544692993164
0.09831500053405762,0.09999997168779373,0.000011334785995131824,0.0006861621513962746,-0.007340703159570694,-0.0046253870241343975,-22.761669158935547,88448.53125,-88448.921875,11285.35546875,0,3.5998544692993164
0.09831999987363815,0.09999997168779373,0.000011016541975550354,0.0006861621513962746,-0.06364879012107849,-0.0047104572877287865,-17.014083862304688,76882.6171875,-76883.03125,10872.18359375,0,3.5998544692993164
0.09832499921321869,0.09999997168779373,0.000010453572940605227,0.0006861621513962746,-0.11259378492832184,-0.004767842125147581,-11.476926803588867,57135.64453125,-57136.078125,10025.294921875,0,3.5998544692993164
0.09832999855279922,0.09999997168779373,0.000009708735888125375,0.0006861621513962746,-0.1489674597978592,-0.004799697548151016,-6.371086120605469,31263.2421875,-31263.69140625,8845.5244140625,0,3.5998544692993164
0.09833499789237976,0.09999997168779373,0.000008864384653861634,0.0006861621513962746,-0.1688702553510666,-0.004809028003364801,-1.8660976886749268,1924.3929443359375,-1924.84716796875,7463.85986328125,0,3.5998544692993164
0.0983399972319603,0.09999997168779373,0.000008013907972781453,0.0006861621513962746,-0.17009536921977997,-0.004799352027475834,1.9352147579193115,27890.802734375,27890.349609375,6027.984375,0,3.5998544692993164
0.09834499657154083,0.09999997168779373,0.000007252210252772784,0.0006861621513962746,-0.15233953297138214,-0.004774325992912054,5.005241870880127,55165.8984375,55165.4609375,4687.1904296875,0,3.5998544692993164
0.09834999591112137,0.09999997168779373,0.000006666110948572168,0.0006861621513962746,-0.11721982806921005,-0.004737364128232002,7.3924078941345215,77164.4453125,77164.0234375,3577.211181640625,0,3.5998544692993164
0.0983549952507019,0.09999997168779373,0.000006325633876258507,0.0006861621513962746,-0.06809541583061218,-0.0046912929974496365,9.214266777038574,91706.703125,91706.2890625,2806.502685546875,0,3.5998544692993164
0.09835999459028244,0.09999997168779373,0.000006277068223425886,0.0006861621513962746,-0.009713118895888329,-0.0046380748972296715,10.643607139587402,97388.625,97388.2265625,2445.382080078125,0,3.5998544692993164
0.09836499392986298,0.09999997168779373,0.0000065385002017137595,0.0006861621513962746,0.052286408841609955,-0.004578629974275827,11.889029502868652,93721.109375,93720.734375,2519.102783203125,0,3.5998544692993164
0.09837000072002411,0.09999997168779373,0.000007098255991877522,0.0006861621513962746,0.11195112019777298,-0.004512770101428032,13.171998023986816,81175.34375,81174.9765625,3005.567626953125,0,3.5998544692993164
0.09837500005960464,0.09999997168779373,0.000007916401045804378,0.0006861621513962746,0.163628950715065,-0.004439256619662046,14.70272159576416,61129.8359375,61129.4921875,3837.910400390625,0,3.5998544692993164
0.09837999939918518,0.09999997168779373,0.000008929127943702042,0.0006861621513962746,0.2025454193353653,-0.004355969838798046,16.657352447509766,35724.98828125,35724.671875,4911.650390625,0,3.5998544692993164
0.09838499873876572,0.09999997168779373,0.00001005557078315178,0.0006861621513962746,0.22528864443302155,-0.004260175861418247,19.158836364746094,7639.9052734375,7639.6123046875,6095.693359375,0,3.5998544692993164
0.09838999807834625,0.09999997168779373,0.000011206332601432223,0.0006861621513962746,0.23015235364437103,-0.004148859065026045,22.263347625732422,20185.357421875,-20185.619140625,7246.03564453125,0,3.5998544692993164
0.09839499741792679,0.09999997168779373,0.000012292842257011216,0.0006861621513962746,0.21730194985866547,-0.004019090440124273,25.953723907470703,44853.66015625,-44853.88671875,8220.767578125,0,3.5998544692993164
0.09839999675750732,0.09999997168779373,0.000013236578524811193,0.0006861621513962746,0.18874721229076385,-0.0038683877792209387,30.140525817871094,63809.6953125,-63809.8828125,8894.83203125,0,3.5998544692993164
0.09840499609708786,0.09999997168779373,0.000013977201888337731,0.0006861621513962746,0.14812470972537994,-0.0036950346548110247,34.670623779296875,75103.265625,-75103.4140625,9173.029296875,0,3.5998544692993164
0.0984099954366684,0.09999997168779373,0.000014478764569503255,0.0006861621513962746,0.1003124862909317,-0.0034983225632458925,39.3424072265625,77590.0078125,-77590.109375,8999.9287109375,0,3.5998544692993164
0.09841499477624893,0.09999997168779373,0.000014733350326423533,0.0006861621513962746,0.05091715231537819,-0.0032786924857646227,43.92603302001953,71049.046875,-71049.109375,8365.6806640625,0,3.5998544692993164
0.09841999411582947,0.09999997168779373,0.000014761780221306253,0.0006861621513962746,0.005685921758413315,-0.0030377593357115984,48.18663787841797,56205.546875,-56205.5703125,7307.1279296875,0,3.5998544692993164
0.0984250009059906,0.09999997168779373,0.000014611301594413817,0.0006861621513962746,-0.030095640569925308,-0.0027782185934484005,51.90812683105469,34655.05859375,-34655.0546875,5904.06298828125,0,3.5998544692993164
0.09843000024557114,0.09999997168779373,0.000014350513083627447,0.0006861621513962746,-0.05215773358941078,-0.0025036432780325413,54.9150390625,8700.5732421875,-8700.544921875,4271.1748046875,0,3.5998544692993164
0.09843499958515167,0.09999997168779373,0.00001406202954967739,0.0006861621513962746,-0.057696688920259476,-0.002218191511929035,57.09033203125,18885.162109375,18885.208984375,2546.30126953125,0,3.5998544692993164
0.09843999892473221,0.09999997168779373,0.000013833659068041015,0.0006861621513962746,-0.045674022287130356,-0.0019262557616457343,58.38715362548828,45147.39453125,45147.4453125,876.216796875,0,3.5998544692993164
0.09844499826431274,0.09999997168779373,0.00001374899784423178,0.0006861621513962746,-0.016932297497987747,-0.0016320887953042984,58.833404541015625,67254.0078125,67254.0625,-598.422119140625,0,3.5998544692993164
0.09844999760389328,0.09999997168779373,0.000013878412573831156,0.0006861621513962746,0.02588292956352234,-0.0013394455891102552,58.52863311767578,82789.0234375,82789.0703125,-1757.56494140625,0,3.5998544692993164
0.09845499694347382,0.09999997168779373,0.000014271352483774535,0.0006861621513962746,0.07858806103467941,-0.0010512780863791704,57.633514404296875,90003.9375,90003.9765625,-2514.171630859375,0,3.5998544692993164
0.09845999628305435,0.09999997168779373,0.000014950784134271089,0.0006861621513962746,0.13588634133338928,-0.0007695128442719579,56.353057861328125,87989.8828125,87989.9140625,-2822.691162109375,0,3.5998544692993164
0.09846499562263489,0.09999997168779373,0.00001591029649716802,0.0006861621513962746,0.19190242886543274,-0.0004949354915879667,54.91547393798828,76821.5078125,76821.515625,-2686.168701171875,0,3.5998544692993164
0.09846999496221542,0.09999997168779373,0.000017114338334067725,0.0006861621513962746,0.24080851674079895,-0.0002271984121762216,53.54741668701172,57484.328125,57484.328125,-2152.580322265625,0,3.5998544692993164
0.09847499430179596,0.09999997168779373,0.000018501359591027722,0.0006861621513962746,0.27740415930747986,0.000035057164495810866,52.45111846923828,31825.28515625,31825.279296875,-1312.3817138671875,0,3.5998544692993164
0.09848000109195709,0.09999997168779373,0.000019989684005849995,0.0006861621513962746,0.2976647913455963,0.0002939708065241575,51.78273010253906,2356.4609375,2356.452880859375,-288.76177978515625,0,3.5998544692993164
0.09848500043153763,0.09999997168779373,0.000021485508113983087,0.0006861621513962746,0.2991649806499481,0.0005521491402760148,51.63566589355469,27998.255859375,-27998.259765625,774.9090576171875,0,3.5998544692993164
0.09848999977111816,0.09999997168779373,0.000022892212655278854,0.0006861621513962746,0.28134074807167053,0.0008123007719404995,52.03032684326172,56201.01171875,-56201.00390625,1729.8302001953125,0,3.5998544692993164
0.0984949991106987,0.09999997168779373,0.000024120023226714693,0.0006861621513962746,0.24556206166744232,0.0010768573265522718,52.91132354736328,79404.671875,-79404.65625,2436.843505859375,0,3.5998544692993164
0.09849999845027924,0.09999997168779373,0.000025095079763559625,0.0006861621513962746,0.19501148164272308,0.001347619341686368,54.15239715576172,95247.8203125,-95247.7734375,2781.022216796875,0,3.5998544692993164
0.09850499778985977,0.09999997168779373,0.000025766954422579147,0.0006861621513962746,0.13437484204769135,0.0016254631336778402,55.568763732910156,102096.1328125,-102096.0546875,2683.599853515625,0,3.5998544692993164
0.09850999712944031,0.09999997168779373,0.000026113846615771763,0.0006861621513962746,0.06937842071056366,0.0019101407378911972,56.935508728027344,99211.984375,-99211.8828125,2110.3271484375,0,3.5998544692993164
0.09851499646902084,0.09999997168779373,0.00002614493678265717,0.0006861621513962746,0.006218113005161285,0.002200192306190729,58.010292053222656,86833.21875,-86833.0859375,1075.3328857421875,0,3.5998544692993164
0.09851999580860138,0.09999997168779373,0.000025899627871694975,0.0006861621513962746,-0.04906162992119789,0.0024929819628596306,58.557952880859375,66153.7265625,-66153.546875,-359.8812561035156,0,3.5998544692993164
0.09852499514818192,0.09999997168779373,0.000025443745471420698,0.0006861621513962746,-0.09117639809846878,0.0027848551981151104,58.374664306640625,39207.02734375,-39206.81640625,-2092.255126953125,0,3.5998544692993164
0.09852999448776245,0.09999997168779373,0.000024863064027158543,0.0006861621513962746,-0.11613636463880539,0.0030714005697518587,57.30908966064453,8664.701171875,-8664.447265625,-3987.202392578125,0,3.5998544692993164
0.09853499382734299,0.09999997168779373,0.000024254801246570423,0.0006861621513962746,-0.12165249139070511,0.003347792662680149,55.27842712402344,22430.369140625,22430.66015625,-5891.86328125,0,3.5998544692993164
0.09854000061750412,0.09999997168779373,0.000023717937438050285,0.0006861621513962746,-0.10737287253141403,0.0036091813817620277,52.27772521972656,50968.671875,50968.99609375,-7650.23828125,0,3.5998544692993164
0.09854499995708466,0.09999997168779373,0.000023343311113421805,0.0006861621513962746,-0.07492520660161972,0.0038510889280587435,48.381492614746094,74086.1953125,74086.5546875,-9118.681640625,0,3.5998544692993164
0.09854999929666519,0.09999997168779373,0.00002320450948900543,0.0006861621513962746,-0.027760470286011696,0.0040697758086025715,43.737388610839844,89452.359375,89452.7421875,-10180.193359375,0,3.5998544692993164
0.09855499863624573,0.09999997168779373,0.00002335044337087311,0.0006861621513962746,0.029186667874455452,0.004262539092451334,38.55265808105469,95504.4609375,95504.84375,-10756.0478515625,0,3.5998544692993164
0.09855999797582626,0.09999997168779373,0.00002380037767579779,0.0006861621513962746,0.08998669683933258,0.004427912179380655,33.07464599609375,91605.140625,91605.53125,-10813.6181640625,0,3.5998544692993164
0.0985649973154068,0.09999997168779373,0.00002454189962008968,0.0006861621513962746,0.14830434322357178,0.004565748851746321,27.56731414794922,78106.84375,78107.234375,-10369.5634765625,0,3.5998544692993164
0.09856999665498734,0.09999997168779373,0.00002553204285504762,0.0006861621513962746,0.19802871346473694,0.0046771797351539135,22.28614044189453,56316.66015625,56317.04296875,-9488.0947265625,0,3.5998544692993164
0.09857499599456787,0.09999997168779373,0.000026701447495725006,0.0006861621513962746,0.23388102650642395,0.004764449317008257,17.453895568847656,28365.15234375,28365.513671875,-8274.466796875,0,3.5998544692993164
0.09857999533414841,0.09999997168779373,0.000027961141313426197,0.0006861621513962746,0.2519388496875763,0.004830648191273212,13.239744186401367,3007.51611328125,-3007.18359375,-6864.3662109375,0,3.5998544692993164
0.09858499467372894,0.09999997168779373,0.000029211261789896525,0.0006861621513962746,0.2500242292881012,0.00487936707213521,9.743751525878906,34726.58984375,-34726.29296875,-5410.27001953125,0,3.5998544692993164
0.09858999401330948,0.09999997168779373,0.000030350844099302776,0.0006861621513962746,0.22791659832000732,0.004914308898150921,6.988323211669922,63691.03515625,-63690.7734375,-4066.1455078125,0,3.5998544692993164
0.09859500080347061,0.09999997168779373,0.000031287690944736823,0.0006861621513962746,0.18736961483955383,0.004938896279782057,4.917452812194824,87083.9765625,-87083.7421875,-2972.039794921875,0,3.5998544692993164
0.09860000014305115,0.09999997168779373,0.00003194734381395392,0.0006861621513962746,0.13193023204803467,0.00495591526851058,3.403805732727051,102653.8984375,-102653.6875,-2240.11181640625,0,3.5998544692993164
0.09860499948263168,0.09999997168779373,0.00003228023706469685,0.0006861621513962746,0.06657873094081879,0.0049672299064695835,2.2629261016845703,108938.328125,-108938.125,-1943.5191650390625,0,3.5998544692993164
0.09860999882221222,0.09999997168779373,0.000032266369089484215,0.0006861621513962746,-0.002773560583591461,0.00497359549626708,1.2730998992919922,105407.3359375,-105407.1328125,-2109.263671875,0,3.5998544692993164
0.09861499816179276,0.09999997168779373,0.00003191697760485113,0.0006861621513962746,-0.06987795233726501,0.004974589683115482,0.198860764503479,92512.6328125,-92512.4140625,-2715.7275390625,0,3.5998544692993164
0.09861999750137329,0.09999997168779373,0.000031273109925678,0.0006861621513962746,-0.12877331674098969,0.004968668334186077,-1.1842478513717651,71637.4296875,-71637.1875,-3695.112060546875,0,3.5998544692993164
0.09862499684095383,0.09999997168779373,0.000030401213734876364,0.0006861621513962746,-0.1743791252374649,0.004953337367624044,-3.066153049468994,44952.33984375,-44952.0625,-4940.5517578125,0,3.5998544692993164
0.09862999618053436,0.09999997168779373,0.0000293862303806236,0.0006861621513962746,-0.20299668610095978,0.0049254256300628185,-5.58235502243042,15192.1513671875,-15191.8466796875,-6317.1376953125,0,3.5998544692993164
0.0986349955201149,0.09999997168779373,0.00002832288919307757,0.0006861621513962746,-0.212668314576149,0.004881427623331547,-8.799646377563477,14623.6298828125,14623.962890625,-7675.7490234375,0,3.5998544692993164
0.09863999485969543,0.09999997168779373,0.00002730609594436828,0.0006861621513962746,-0.20335863530635834,0.004817883484065533,-12.708873748779297,41498.17578125,41498.53125,-8868.26171875,0,3.5998544692993164
0.09864499419927597,0.09999997168779373,0.000026421395887155086,0.0006861621513962746,-0.17694006860256195,0.004731756169348955,-17.22544288635254,62761.14453125,62761.5078125,-9762.603515625,0,3.5998544692993164
0.0986500009894371,0.09999997168779373,0.000025736469979165122,0.0006861621513962746,-0.13698507845401764,0.004620768595486879,-22.19749641418457,76338.1953125,76338.5546875,-10256.107421875,0,3.5998544692993164
0.09865500032901764,0.09999997168779373,0.00002529453740862664,0.0006861621513962746,-0.088386669754982,0.004483663942664862,-27.420888900756836,80958.8515625,80959.203125,-10285.83203125,0,3.5998544692993164
0.09865999966859818,0.09999997168779373,0.000025110304704867303,0.0006861621513962746,-0.036846667528152466,0.004320366773754358,-32.659420013427734,76281.6875,76282.0234375,-9834.787109375,0,3.5998544692993164
0.09866499900817871,0.09999997168779373,0.000025168883439619094,0.0006861621513962746,0.011715762317180634,0.00413202540948987,-37.668235778808594,62924.296875,62924.609375,-8933.453125,0,3.5998544692993164
0.09866999834775925,0.09999997168779373,0.00002542775655456353,0.0006861621513962746,0.05177461355924606,0.003920935560017824,-42.21800231933594,42395.1953125,42395.48046875,-7656.45654296875,0,3.5998544692993164
0.09867499768733978,0.09999997168779373,0.000025821576855378225,0.0006861621513962746,0.07876423746347427,0.0036903484724462032,-46.117401123046875,16934.828125,16935.083984375,-6114.732421875,0,3.5998544692993164
0.09867999702692032,0.09999997168779373,0.000026269302907167003,0.0006861621513962746,0.08954528719186783,0.0034441903699189425,-49.231605529785156,10717.8544921875,-10717.6318359375,-4444.01513671875,0,3.5998544692993164
0.09868499636650085,0.09999997168779373,0.000026682913812692277,0.0006861621513962746,0.08272209018468857,0.003186715766787529,-51.49492645263672,37609.35546875,-37609.1640625,-2790.81591796875,0,3.5998544692993164
0.09868999570608139,0.09999997168779373,0.000026976809749612585,0.0006861621513962746,0.05877923220396042,0.0029221344739198685,-52.91627502441406,60876.8515625,-60876.6875,-1297.3492431640625,0,3.5998544692993164
0.09869499504566193,0.09999997168779373,0.000027076928745373152,0.0006861621513962746,0.020023824647068977,0.0026542493142187595,-53.57701110839844,78043.5703125,-78043.4296875,-86.93672180175781,0,3.5998544692993164
0.09869999438524246,0.09999997168779373,0.000026928628358291462,0.0006861621513962746,-0.029660256579518318,0.0023861429654061794,-53.62128448486328,87273.9609375,-87273.84375,748.6058959960938,0,3.5998544692993164
0.0987050011754036,0.09999997168779373,0.000026502524633542635,0.0006861621513962746,-0.0852205827832222,0.0021199428010731936,-53.240020751953125,87562.625,-87562.5234375,1158.30859375,0,3.5998544692993164
0.09871000051498413,0.09999997168779373,0.000025797700800467283,0.0006861621513962746,-0.14096468687057495,0.0018566923681646585,-52.65010070800781,78837.6484375,-78837.5703125,1137.1612548828125,0,3.5998544692993164
0.09871499985456467,0.09999997168779373,0.000024841929189278744,0.0006861621513962746,-0.19115430116653442,0.0015963376499712467,-52.070945739746094,61967.921875,-61967.859375,726.4822387695313,0,3.5998544692993164
0.0987199991941452,0.09999997168779373,0.000023688908186159097,0.0006861621513962746,-0.23060429096221924,0.0013378328876569867,-51.700950622558594,38673.66796875,-38673.6171875,9.504413604736328,0,3.5998544692993164
0.09872499853372574,0.09999997168779373,0.00002241278525616508,0.0006861621513962746,-0.25522470474243164,0.0010793523397296667,-51.69611358642578,11348.7138671875,-11348.6796875,-897.3937377929688,0,3.5998544692993164
0.09872999787330627,0.09999997168779373,0.000021100537196616642,0.0006861621513962746,-0.2624495029449463,0.000818586559034884,-52.15315246582031,17186.109375,17186.1328125,-1856.8663330078125,0,3.5998544692993164
0.09873499721288681,0.09999997168779373,0.000019842995243379846,0.0006861621513962746,-0.2515084743499756,0.0005530923372134566,-53.098846435546875,43974.1171875,43974.12890625,-2724.970703125,0,3.5998544692993164
0.09873999655246735,0.09999997168779373,0.000018725426343735307,0.0006861621513962746,-0.22351369261741638,0.00028065903461538255,-54.486663818359375,66228.203125,66228.2109375,-3366.244140625,0,3.5998544692993164
0.09874499589204788,0.09999997168779373,0.000017818669221014716,0.0006861621513962746,-0.18135151267051697,-0.0000003463646862655878,-56.201080322265625,81619.53125,81619.53125,-3667.9453125,0,3.5998544692993164
0.09874999523162842,0.09999997168779373,0.00001717171471682377,0.0006861621513962746,-0.1293908953666687,-0.0002906921145040542,-58.06915283203125,88519.6875,88519.6875,-3551.99365234375,0,3.5998544692993164
0.09875499457120895,0.09999997168779373,0.00001680652712821029,0.0006861621513962746,-0.0730375200510025,-0.0005900829564779997,-59.87816619873047,86170.984375,86170.984375,-2983.34765625,0,3.5998544692993164
0.09875999391078949,0.09999997168779373,0.0000167156304087257,0.0006861621513962746,-0.01817936636507511,-0.0008970708586275578,-61.39757537841797,74769.921875,74769.9375,-1974.09375,0,3.5998544692993164
0.09876500070095062,0.09999997168779373,0.000016862733900779858,0.0006861621513962746,0.02942064218223095,-0.0012090856907889247,-62.40296936035156,55449.76953125,55449.78125,-582.536376953125,0,3.5998544692993164
0.09877000004053116,0.09999997168779373,0.00001718633939162828,0.0006861621513962746,0.06472106277942657,-0.0015225838869810104,-62.69965362548828,30169.080078125,30169.09375,1092.3507080078125,0,3.5998544692993164
0.0987749993801117,0.09999997168779373,0.000017605976609047502,0.0006861621513962746,0.08392728865146637,-0.0018333005718886852,-62.14332580566406,1515.163818359375,1515.1845703125,2920.689453125,0,3.5998544692993164
0.09877999871969223,0.09999997168779373,0.000018030435967375524,0.0006861621513962746,0.08489187061786652,-0.002136579714715481,-60.65583038330078,27557.755859375,-27557.736328125,4754.677734375,0,3.5998544692993164
0.09878499805927277,0.09999997168779373,0.00001836717638070695,0.0006861621513962746,0.06734806299209595,-0.002427751198410988,-58.234291076660156,54028.81640625,-54028.80078125,6443.46337890625,0,3.5998544692993164
0.0987899973988533,0.09999997168779373,0.000018531936802901328,0.0006861621513962746,0.03295224905014038,-0.0027025144081562757,-54.952659606933594,75118.6953125,-75118.6875,7848.40185546875,0,3.5998544692993164
0.09879499673843384,0.09999997168779373,0.000018457587430020794,0.0006861621513962746,-0.014869795180857182,-0.002957291901111603,-50.95550537109375,88574.3515625,-88574.3515625,8857.146484375,0,3.5998544692993164
0.09879999607801437,0.09999997168779373,0.00001810129833756946,0.0006861621513962746,-0.07125797867774963,-0.003189514856785536,-46.44459533691406,92901.203125,-92901.21875,9395.119140625,0,3.5998544692993164
0.09880499541759491,0.09999997168779373,0.000017449294318794273,0.0006861621513962746,-0.13040071725845337,-0.0033978132996708155,-41.659698486328125,87519.546875,-87519.578125,9433.23046875,0,3.5998544692993164
0.09880999475717545,0.09999997168779373,0.000016518706615897827,0.0006861621513962746,-0.18611738085746765,-0.003582090139389038,-36.85539245605469,72827.875,-72827.9296875,8990.98046875,0,3.5998544692993164
0.09881499409675598,0.09999997168779373,0.000015356301446445286,0.0006861621513962746,-0.23248103260993958,-0.003743471810594201,-32.27632141113281,50166.23828125,-50166.3203125,8134.60693359375,0,3.5998544692993164
0.09882000088691711,0.09999997168779373,0.000014034212654223666,0.0006861621513962746,-0.2644178569316864,-0.003884138772264123,-28.133399963378906,21687.166015625,-21687.2734375,6970.65087890625,0,3.5998544692993164
0.09882500022649765,0.09999997168779373,0.000012643091395148076,0.0006861621513962746,-0.27822431921958923,-0.0040070549584925175,-24.58327865600586,9858.4658203125,9858.330078125,5635.31787109375,0,3.5998544692993164
0.09882999956607819,0.09999997168779373,0.000011283350431767758,0.0006861621513962746,-0.2719482481479645,-0.004115621093660593,-21.713233947753906,41395.984375,41395.8203125,4280.84033203125,0,3.5998544692993164
0.09883499890565872,0.09999997168779373,0.000010055377060780302,0.0006861621513962746,-0.24559475481510162,-0.004213286098092794,-19.53302001953125,69834.8515625,69834.6484375,3060.197998046875,0,3.5998544692993164
0.09883999824523926,0.09999997168779373,0.000009049694199347869,0.0006861621513962746,-0.201136514544487,-0.004303158260881901,-17.974475860595703,92378.828125,92378.6015625,2111.726806640625,0,3.5998544692993164
0.0988449975848198,0.09999997168779373,0.000008338062798429746,0.0006861621513962746,-0.14232632517814636,-0.004387652967125177,-16.898983001708984,106807.15625,106806.8828125,1545.17822265625,0,3.5998544692993164
0.09884999692440033,0.09999997168779373,0.00000796640870248666,0.0006861621513962746,-0.07433077692985535,-0.004468213301151991,-16.112030029296875,111697.9453125,111697.6328125,1430.6329345703125,0,3.5998544692993164
0.09885499626398087,0.09999997168779373,0.00000795030064182356,0.0006861621513962746,-0.003221660852432251,-0.004545130301266909,-15.383415222167969,106571.65625,106571.296875,1791.3970947265625,0,3.5998544692993164
0.0988599956035614,0.09999997168779373,0.000008273420462501235,0.0006861621513962746,0.06462395936250687,-0.00461748568341136,-14.471063613891602,91939.65625,91939.265625,2601.593994140625,0,3.5998544692993164
0.09886499494314194,0.09999997168779373,0.000008889192940841895,0.0006861621513962746,0.12315455824136734,-0.004683216102421284,-13.146081924438477,69253.265625,69252.8359375,3788.70068359375,0,3.5998544692993164
0.09886999428272247,0.09999997168779373,0.000009725406016514171,0.0006861621513962746,0.16724255681037903,-0.004739298485219479,-11.216512680053711,40758.1328125,40757.66796875,5240.77294921875,0,3.5998544692993164
0.0988750010728836,0.09999997168779373,0.00001069135578291025,0.0006861621513962746,0.19318997859954834,-0.004782035481184721,-8.547409057617188,9268.94921875,9268.4609375,6817.62890625,0,3.5998544692993164
0.09888000041246414,0.09999997168779373,0.000011686809557431843,0.0006861621513962746,0.19909077882766724,-0.004807411693036556,-5.07521915435791,22112.9296875,-22113.4296875,8364.861328125,0,3.5998544692993164
0.09888499975204468,0.09999997168779373,0.000012611875717993826,0.0006861621513962746,0.18501326441764832,-0.004811486694961786,-0.815030574798584,50310.3359375,-50310.8359375,9729.271484375,0,3.5998544692993164
0.09888999909162521,0.09999997168779373,0.000013376798960962333,0.0006861621513962746,0.15298470854759216,-0.004790786653757095,4.1400465965271,72578.1953125,-72578.6796875,10774.150390625,0,3.5998544692993164
0.09889499843120575,0.09999997168779373,0.000013910698726249393,0.0006861621513962746,0.10677999258041382,-0.00474265031516552,9.627275466918945,86777.4140625,-86777.875,11392.8896484375,0,3.5998544692993164
0.09889999777078629,0.09999997168779373,0.000014168377674650401,0.0006861621513962746,0.051535770297050476,-0.004665502347052097,15.42962646484375,91587.1328125,-91587.5546875,11519.5263671875,0,3.5998544692993164
0.09890499711036682,0.09999997168779373,0.00001413452537235571,0.0006861621513962746,-0.006770409643650055,-0.004559020046144724,21.29647445678711,86633.9296875,-86634.3125,11135.1923828125,0,3.5998544692993164
0.09890999644994736,0.09999997168779373,0.000013824908819515258,0.0006861621513962746,-0.061923280358314514,-0.00442418223246932,26.96758270263672,72525.21875,-72525.5546875,10269.79296875,0,3.5998544692993164
0.0989149957895279,0.09999997168779373,0.000013284437955007888,0.0006861621513962746,-0.10809426009654999,-0.004263192415237427,32.19794464111328,50783.47265625,-50783.74609375,8998.7890625,0,3.5998544692993164
0.09891999512910843,0.09999997168779373,0.000012582318049680907,0.0006861621513962746,-0.14042402803897858,-0.004079287406057119,36.78099060058594,23688.17578125,-23688.392578125,7435.39404296875,0,3.5998544692993164
0.09892499446868896,0.09999997168779373,0.000011804796486103442,0.0006861621513962746,-0.15550439059734344,-0.0038764483761042356,40.56780242919922,5958.0556640625,5957.89208984375,5719.00732421875,0,3.5998544692993164
0.0989299938082695,0.09999997168779373,0.000011046239706047345,0.0006861621513962746,-0.1517113894224167,-0.003659046022221446,43.48046875,35115.65625,35115.54296875,4001.050048828125,0,3.5998544692993164
0.09893500059843063,0.09999997168779373,0.00001039945891534444,0.0006861621513962746,-0.12935607135295868,-0.003431454999372363,45.5181884765625,60817.140625,60817.07421875,2429.6611328125,0,3.5998544692993164
0.09893999993801117,0.09999997168779373,0.000009946265890903305,0.0006861621513962746,-0.09063868224620819,-0.003197676967829466,46.75560760498047,80467.734375,80467.7109375,1134.7972412109375,0,3.5998544692993164
0.0989449992775917,0.09999997168779373,0.000009749209311848972,0.0006861621513962746,-0.039411336183547974,-0.0029610092751681805,47.33355712890625,92106.9609375,92106.9609375,215.2567596435547,0,3.5998544692993164
0.09894999861717224,0.09999997168779373,0.000009845338354352862,0.0006861621513962746,0.019225776195526123,-0.00272379326634109,47.44318389892578,94604.7578125,94604.7734375,-271.062255859375,0,3.5998544692993164
0.09895499795675278,0.09999997168779373,0.000010242603821097873,0.0006861621513962746,0.07945303618907928,-0.0024872676003724337,47.30513000488281,87771.296875,87771.3359375,-312.64111328125,0,3.5998544692993164
0.09895999729633331,0.09999997168779373,0.000010919253327301703,0.0006861621513962746,0.1353299766778946,-0.0022515379823744297,47.145904541015625,72374.609375,72374.65625,54.74504852294922,0,3.5998544692993164
0.09896499663591385,0.09999997168779373,0.000011826278750959318,0.0006861621513962746,0.18140508234500885,-0.0020156691316515207,47.17378234863281,50054.6328125,50054.6796875,752.2279663085938,0,3.5998544692993164
0.09896999597549438,0.09999997168779373,0.000012892633094452322,0.0006861621513962746,0.2132708579301834,-0.0017778846668079495,47.55689239501953,23151.51953125,23151.55859375,1666.3021240234375,0,3.5998544692993164
0.09897499531507492,0.09999997168779373,0.00001403268106514588,0.0006861621513962746,0.22800956666469574,-0.0015358569798991084,48.40553283691406,5537.33544921875,-5537.30224609375,2660.80029296875,0,3.5998544692993164
0.09897999465465546,0.09999997168779373,0.000015155103028519079,0.0006861621513962746,0.2244843989610672,-0.001287053688429296,49.76066589355469,33046.69921875,-33046.671875,3591.177001953125,0,3.5998544692993164
0.09898499399423599,0.09999997168779373,0.000016172334653674625,0.0006861621513962746,0.20344622433185577,-0.0010291055077686906,51.589637756347656,56549.37109375,-56549.3515625,4319.60888671875,0,3.5998544692993164
0.09899000078439713,0.09999997168779373,0.00001700956272543408,0.0006861621513962746,0.16744577884674072,-0.0007601575343869627,53.78959655761719,73647.3125,-73647.3046875,4729.37255859375,0,3.5998544692993164
0.09899500012397766,0.09999997168779373,0.000017612364899832755,0.0006861621513962746,0.12056043744087219,-0.0004791662795469165,56.19824981689453,82618.046875,-82618.046875,4737.01708984375,0,3.5998544692993164
0.0989999994635582,0.09999997168779373,0.000017952184862224385,0.0006861621513962746,0.06796415150165558,-0.00018611233099363744,58.61079406738281,82589.6640625,-82589.6640625,4301.0048828125,0,3.5998544692993164
0.0989999994635582,0.09999997168779373,0.00001802911538106855,0.0006861621513962746,0.015385940670967102,0.000117894058348611,60.80127716064453,73636.328125,-73636.3359375,3426.43798828125,0,3.5998544692993164
