Timestamp,X Position,Y Position,X Velocity,Y Velocity,Rotation,Rotation Velocity,Data1,Data2,Data3,Data4,FPS
0.08100000023841858,0.09999997168779373,0,0,0,0,0,0,0,0,0,119.78916931152344
0.08100499957799911,0.09999997168779373,0.000000004999999969612645,0.0006861621513962746,0.0010000000474974513,0,0,27.4999942779541,-27.5,1.375,0,32.4939079284668
0.08100999891757965,0.09999997168779373,0.00000000999999993922529,0.0006861621513962746,0.0010000000474974513,0,0,53.55564880371094,-53.5556640625,2.6814305782318115,0,32.4939079284668
0.08101499825716019,0.09999997168779373,0.000000014999999464748726,0.0006861621513962746,0.0010000000474974513,0,0,75.04336547851563,-75.04338073730469,3.7664835453033447,0,32.4939079284668
0.08101999759674072,0.09999997168779373,0.00000001999999987845058,0.0006861621513962746,0.0010000000474974513,0,0,92.66463470458984,-92.66465759277344,4.667843818664551,0,32.4939079284668
0.08102499693632126,0.09999997168779373,0.000000025000000292152436,0.0006861621513962746,0.0010000000474974513,0,0,105.89049530029297,-105.89051818847656,5.360954284667969,0,32.4939079284668
0.0810299962759018,0.09999997168779373,0.00000002999999892949745,0.0006861621513962746,0.0010000000474974513,0,0,114.19038391113281,-114.19041442871094,5.8203911781311035,0,32.4939079284668
0.08103499561548233,0.09999997168779373,0.000000034999999343199306,0.0006861621513962746,0.0010000000474974513,0,0,117.3086166381836,-117.30865478515625,6.033578872680664,0,32.4939079284668
0.08103999495506287,0.09999997168779373,0.00000003999999975690116,0.0006861621513962746,0.0010000000474974513,0,0,115.27397918701172,-115.27401733398438,6.0012617111206055,0,32.4939079284668
0.0810449942946434,0.09999997168779373,0.000000045000000170603016,0.0006861621513962746,0.0010000000474974513,0,0,108.09904479980469,-108.09908294677734,5.722516059875488,0,32.4939079284668
0.08105000108480453,0.09999997168779373,0.00000005000000058430487,0.0006861621513962746,0.0010000000474974513,0,0,96.2723617553711,-96.27239227294922,5.219433784484863,0,32.4939079284668
0.08105500042438507,0.09999997168779373,0.000000055000000998006726,0.0006861621513962746,0.0010000000474974513,0,0,80.66149139404297,-80.6615219116211,4.532426834106445,0,32.4939079284668
0.0810599997639656,0.09999997168779373,0.0000000599999978589949,0.0006861621513962746,0.0010000000474974513,0,0,62.32487869262695,-62.32490158081055,3.7110347747802734,0,32.4939079284668
0.08106499910354614,0.09999997168779373,0.00000006499999471998308,0.0006861621513962746,0.0010000000474974513,0,0,42.439002990722656,-42.43902587890625,2.810540199279785,0,32.4939079284668
0.08106999844312668,0.09999997168779373,0.00000006999999158097125,0.0006861621513962746,0.0010000000474974513,0,0,24.2835693359375,-24.283588409423828,1.9915086030960083,0,32.4939079284668
0.08107499778270721,0.09999997168779373,0.00000007499998844195943,0.0006861621513962746,0.0010000000474974513,0,0,6.969728469848633,-6.969743251800537,1.2067339420318604,0,32.4939079284668
0.08107999712228775,0.09999997168779373,0.00000007999998530294761,0.0006861621513962746,0.0010000000474974513,0,0,8.866658210754395,8.866647720336914,0.48585045337677,0,32.4939079284668
0.08108499646186829,0.09999997168779373,0.00000008499998216393578,0.0006861621513962746,0.0010000000474974513,0,0,22.517093658447266,22.517086029052734,-0.13715046644210815,0,32.4939079284668
0.08108999580144882,0.09999997168779373,0.00000008999997902492396,0.0006861621513962746,0.0010000000474974513,0,0,33.44660949707031,33.44660568237305,-0.6361314654350281,0,32.4939079284668
0.08109499514102936,0.09999997168779373,0.00000009499997588591214,0.0006861621513962746,0.0010000000474974513,0,0,41.31529998779297,41.3152961730957,-0.9938478469848633,0,32.4939079284668
0.0810999944806099,0.09999997168779373,0.00000009999997274690031,0.0006861621513962746,0.0010000000474974513,0,0,45.98575210571289,45.985748291015625,-1.2023448944091797,0,32.4939079284668
0.08110500127077103,0.09999997168779373,0.00000010499996960788849,0.0006861621513962746,0.0010000000474974513,0,0,47.51639938354492,47.516395568847656,-1.2627084255218506,0,32.4939079284668
0.08111000061035156,0.09999997168779373,0.00000010999996646887666,0.0006861621513962746,0.0010000000474974513,0,0,45.89303970336914,45.893035888671875,-1.1718660593032837,0,32.4939079284668
0.0811149999499321,0.09999997168779373,0.00000011499996332986484,0.0006861621513962746,0.0010000000474974513,0,0,41.369834899902344,41.36982727050781,-0.9398697018623352,0,32.4939079284668
0.08111999928951263,0.09999997168779373,0.00000011999996729628037,0.0006861621513962746,0.0010000000474974513,0,0,34.48979568481445,34.48978805541992,-0.5909254550933838,0,32.4939079284668
0.08112499862909317,0.09999997168779373,0.0000001249999712626959,0.0006861621513962746,0.0010000000474974513,0,0,26.291275024414063,26.291263580322266,-0.17392565310001373,0,32.4939079284668
0.0811299979686737,0.09999997168779373,0.00000012999997522911144,0.0006861621513962746,0.0010000000474974513,0,0,17.134794235229492,17.134777069091797,0.2959400415420532,0,32.4939079284668
0.08113499730825424,0.09999997168779373,0.00000013499997919552698,0.0006861621513962746,0.0010000000474974513,0,0,7.5504913330078125,7.550467491149902,0.7946500182151794,0,32.4939079284668
0.08113999664783478,0.09999997168779373,0.0000001399999831619425,0.0006861621513962746,0.0010000000474974513,0,0,1.917917251586914,-1.9179480075836182,1.2969895601272583,0,32.4939079284668
0.08114499598741531,0.09999997168779373,0.00000014499998712835804,0.0006861621513962746,0.0010000000474974513,0,0,10.813393592834473,-10.813432693481445,1.7814282178878784,0,32.4939079284668
0.08114999532699585,0.09999997168779373,0.00000014999999109477358,0.0006861621513962746,0.0010000000474974513,0,0,18.792461395263672,-18.792509078979492,2.231372117996216,0,32.4939079284668
0.08115499466657639,0.09999997168779373,0.0000001549999950611891,0.0006861621513962746,0.0010000000474974513,0,0,25.645803451538086,-25.645858764648438,2.6361217498779297,0,32.4939079284668
0.08116000145673752,0.09999997168779373,0.00000015999999902760464,0.0006861621513962746,0.0010000000474974513,0,0,31.30646324157715,-31.306529998779297,2.991272449493408,0,32.4939079284668
0.08116500079631805,0.09999997168779373,0.00000016500000299402018,0.0006861621513962746,0.0010000000474974513,0,0,35.84244155883789,-35.84252166748047,3.2984213829040527,0,32.4939079284668
0.08117000013589859,0.09999997168779373,0.0000001700000069604357,0.0006861621513962746,0.0010000000474974513,0,0,39.417152404785156,-39.417240142822266,3.5634984970092773,0,32.4939079284668
0.08117499947547913,0.09999997168779373,0.00000017500001092685125,0.0006861621513962746,0.0010000000474974513,0,0,42.26896667480469,-42.269065856933594,3.7958602905273438,0,32.4939079284668
0.08117999881505966,0.09999997168779373,0.00000018000001489326678,0.0006861621513962746,0.0010000000474974513,0,0,44.694557189941406,-44.694664001464844,4.007523536682129,0,32.4939079284668
0.0811849981546402,0.09999997168779373,0.00000018500001885968231,0.0006861621513962746,0.0010000000474974513,0,0,47.014854431152344,-47.01496887207031,4.2116546630859375,0,32.4939079284668
0.08118999749422073,0.09999997168779373,0.00000019000002282609785,0.0006861621513962746,0.0010000000474974513,0,0,49.539512634277344,-49.53962707519531,4.420990943908691,0,32.4939079284668
0.08119499683380127,0.09999997168779373,0.00000019500002679251338,0.0006861621513962746,0.0010000000474974513,0,0,52.53269577026367,-52.532814025878906,4.646318435668945,0,32.4939079284668
0.0811999961733818,0.09999997168779373,0.00000020000003075892892,0.0006861621513962746,0.0010000000474974513,0,0,56.18302536010742,-56.183143615722656,4.895134449005127,0,32.4939079284668
0.08120499551296234,0.09999997168779373,0.00000020500003472534445,0.0006861621513962746,0.0010000000474974513,0,0,60.580108642578125,-60.58022689819336,5.1706132888793945,0,32.4939079284668
0.08120999485254288,0.09999997168779373,0.00000021000003869175998,0.0006861621513962746,0.0010000000474974513,0,0,65.69957733154297,-65.69969177246094,5.470945835113525,0,32.4939079284668
0.08121500164270401,0.09999997168779373,0.00000021500004265817552,0.0006861621513962746,0.0010000000474974513,0,0,71.39549255371094,-71.39559173583984,5.789023399353027,0,32.4939079284668
0.08122000098228455,0.09999997168779373,0.00000022000004662459105,0.0006861621513962746,0.0010000000474974513,0,0,77.40010070800781,-77.40019226074219,6.112468242645264,0,32.4939079284668
0.08122500032186508,0.09999997168779373,0.00000022500005059100658,0.0006861621513962746,0.0010000000474974513,0,0,83.3409652709961,-83.34104919433594,6.424415588378906,0,32.4939079284668
0.08122999966144562,0.09999997168779373,0.00000023000005455742212,0.0006861621513962746,0.0010000000474974513,0,0,88.76846313476563,-88.76853942871094,6.704763889312744,0,32.4939079284668
0.08123499900102615,0.09999997168779373,0.00000023500005852383765,0.0006861621513962746,0.0010000000474974513,0,0,93.1916275024414,-93.19168853759766,6.931798458099365,0,32.4939079284668
0.08123999834060669,0.09999997168779373,0.00000024000004827939847,0.0006861621513962746,0.0010000000474974513,0,0,96.13277435302734,-96.13282012939453,7.084603786468506,0,32.4939079284668
0.08124499768018723,0.09999997168779373,0.000000245000052245814,0.0006861621513962746,0.0010000000474974513,0,0,97.16659545898438,-97.16664123535156,7.144835472106934,0,32.4939079284668
0.08124999701976776,0.09999997168779373,0.00000025000005621222954,0.0006861621513962746,0.0010000000474974513,0,0,95.95207977294922,-95.95210266113281,7.0981669425964355,0,32.4939079284668
0.0812549963593483,0.09999997168779373,0.00000025500006017864507,0.0006861621513962746,0.0010000000474974513,0,0,92.20178985595703,-92.2018051147461,6.932575225830078,0,32.4939079284668
0.08125999569892883,0.09999997168779373,0.0000002600000641450606,0.0006861621513962746,0.0010000000474974513,0,0,85.57447052001953,-85.5744857788086,6.632791519165039,0,32.4939079284668
0.08126499503850937,0.09999997168779373,0.00000026500006811147614,0.0006861621513962746,0.0010000000474974513,0,0,76.58857727050781,-76.58858489990234,6.225822925567627,0,32.4939079284668
0.0812699943780899,0.09999997168779373,0.00000027000007207789167,0.0006861621513962746,0.0010000000474974513,0,0,65.84440612792969,-65.84441375732422,5.742038249969482,0,32.4939079284668
0.08127500116825104,0.09999997168779373,0.0000002750000760443072,0.0006861621513962746,0.0010000000474974513,0,0,53.1898193359375,-53.18983459472656,5.1734724044799805,0,32.4939079284668
0.08128000050783157,0.09999997168779373,0.00000028000008001072274,0.0006861621513962746,0.0010000000474974513,0,0,39.20469284057617,-39.204708099365234,4.54799747467041,0,32.4939079284668
0.08128499984741211,0.09999997168779373,0.0000002850000839771383,0.0006861621513962746,0.0010000000474974513,0,0,24.60256004333496,-24.602581024169922,3.899482250213623,0,32.4939079284668
0.08128999918699265,0.09999997168779373,0.0000002900000879435538,0.0006861621513962746,0.0010000000474974513,0,0,10.19152545928955,-10.191555976867676,3.2659661769866943,0,32.4939079284668
0.08129499852657318,0.09999997168779373,0.00000029500009190996934,0.0006861621513962746,0.0010000000474974513,0,0,3.173079490661621,3.1730384826660156,2.6874537467956543,0,32.4939079284668
0.08129999786615372,0.09999997168779373,0.0000003000000958763849,0.0006861621513962746,0.0010000000474974513,0,0,14.63861083984375,14.638556480407715,2.2035930156707764,0,32.4939079284668
0.08130499720573425,0.09999997168779373,0.0000003050000998428004,0.0006861621513962746,0.0010000000474974513,0,0,23.410140991210938,23.410072326660156,1.8511364459991455,0,32.4939079284668
0.08130999654531479,0.09999997168779373,0.00000031000010380921594,0.0006861621513962746,0.0010000000474974513,0,0,28.804197311401367,28.804113388061523,1.6614707708358765,0,32.4939079284668
0.08131499588489532,0.09999997168779373,0.0000003150001077756315,0.0006861621513962746,0.0010000000474974513,0,0,29.94463348388672,29.94453239440918,1.6760272979736328,0,32.4939079284668
0.08131999522447586,0.09999997168779373,0.000000320000111742047,0.0006861621513962746,0.0010000000474974513,0,0,26.46750259399414,26.46738624572754,1.911258339881897,0,32.4939079284668
0.0813249945640564,0.09999997168779373,0.00000032500011570846254,0.0006861621513962746,0.0010000000474974513,0,0,18.322721481323242,18.322587966918945,2.3686916828155518,0,32.4939079284668
0.08133000135421753,0.09999997168779373,0.0000003300001196748781,0.0006861621513962746,0.0010000000474974513,0,0,5.742644309997559,5.742493152618408,3.0365757942199707,0,32.4939079284668
0.08133500069379807,0.09999997168779373,0.0000003350001236412936,0.0006861621513962746,0.0010000000474974513,0,0,10.764653205871582,-10.764820098876953,3.890225410461426,0,32.4939079284668
0.0813400000333786,0.09999997168779373,0.00000034000012760770915,0.0006861621513962746,0.0010000000474974513,0,0,30.432815551757813,-30.432994842529297,4.892899990081787,0,32.4939079284668
0.08134499937295914,0.09999997168779373,0.0000003450001315741247,0.0006861621513962746,0.0010000000474974513,0,0,52.288536071777344,-52.28873062133789,5.998191833496094,0,32.4939079284668
0.08134999871253967,0.09999997168779373,0.0000003500001355405402,0.0006861621513962746,0.0010000000474974513,0,0,73.60591888427734,-73.60611724853516,7.072547912597656,0,32.4939079284668
0.08135499805212021,0.09999997168779373,0.00000035500013950695575,0.0006861621513962746,0.0010000000474974513,0,0,94.42787170410156,-94.42808532714844,8.120922088623047,0,32.4939079284668
0.08135999739170074,0.09999997168779373,0.0000003600001434733713,0.0006861621513962746,0.0010000000474974513,0,0,114.12925720214844,-114.12947082519531,9.114880561828613,0,32.4939079284668
0.08136499673128128,0.09999997168779373,0.0000003650001474397868,0.0006861621513962746,0.0010000000474974513,0,0,131.76612854003906,-131.76634216308594,10.00993537902832,0,32.4939079284668
0.08136999607086182,0.09999997168779373,0.00000037000015140620235,0.0006861621513962746,0.0010000000474974513,0,0,146.50315856933594,-146.50335693359375,10.766715049743652,0,32.4939079284668
0.08137499541044235,0.09999997168779373,0.0000003750001553726179,0.0006861621513962746,0.0010000000474974513,0,0,157.66177368164063,-157.66197204589844,11.353209495544434,0,32.4939079284668
0.08137999475002289,0.09999997168779373,0.0000003800001593390334,0.0006861621513962746,0.0010000000474974513,0,0,164.75888061523438,-164.75906372070313,11.746567726135254,0,32.4939079284668
0.08138500154018402,0.09999997168779373,0.00000038500016330544895,0.0006861621513962746,0.0010000000474974513,0,0,167.533447265625,-167.5336151123047,11.93433666229248,0,32.4939079284668
0.08139000087976456,0.09999997168779373,0.0000003900001672718645,0.0006861621513962746,0.0010000000474974513,0,0,165.9596405029297,-165.9597930908203,11.91508674621582,0,32.4939079284668
0.08139500021934509,0.09999997168779373,0.00000039500017123828,0.0006861621513962746,0.0010000000474974513,0,0,160.17288208007813,-160.17300415039063,11.694710731506348,0,32.4939079284668
0.08139999955892563,0.09999997168779373,0.00000040000017520469555,0.0006861621513962746,0.0010000000474974513,0,0,150.30625915527344,-150.30638122558594,11.278318405151367,0,32.4939079284668
0.08140499889850616,0.09999997168779373,0.0000004050001791711111,0.0006861621513962746,0.0010000000474974513,0,0,137.04281616210938,-137.0428924560547,10.697911262512207,0,32.4939079284668
0.0814099982380867,0.09999997168779373,0.0000004100001831375266,0.0006861621513962746,0.0010000000474974513,0,0,121.2464599609375,-121.24653625488281,9.994098663330078,0,32.4939079284668
0.08141499757766724,0.09999997168779373,0.00000041500018710394215,0.0006861621513962746,0.0010000000474974513,0,0,105.08191680908203,-105.08197021484375,9.272284507751465,0,32.4939079284668
0.08141999691724777,0.09999997168779373,0.0000004200001910703577,0.0006861621513962746,0.0010000000474974513,0,0,89.11567687988281,-89.11572265625,8.558085441589355,0,32.4939079284668
0.08142499625682831,0.09999997168779373,0.0000004250001950367732,0.0006861621513962746,0.0010000000474974513,0,0,73.42435455322266,-73.42437744140625,7.852901935577393,0,32.4939079284668
0.08142999559640884,0.09999997168779373,0.00000043000019900318875,0.0006861621513962746,0.0010000000474974513,0,0,58.8001708984375,-58.80018997192383,7.1942548751831055,0,32.4939079284668
0.08143499493598938,0.09999997168779373,0.0000004350002029696043,0.0006861621513962746,0.0010000000474974513,0,0,45.941131591796875,-45.9411506652832,6.615444183349609,0,32.4939079284668
0.08143999427556992,0.09999997168779373,0.0000004400002069360198,0.0006861621513962746,0.0010000000474974513,0,0,35.41465759277344,-35.414676666259766,6.143837928771973,0,32.4939079284668
0.08144500106573105,0.09999997168779373,0.00000044500021090243536,0.0006861621513962746,0.0010000000474974513,0,0,27.630918502807617,-27.630939483642578,5.799610137939453,0,32.4939079284668
0.08145000040531158,0.09999997168779373,0.0000004500002148688509,0.0006861621513962746,0.0010000000474974513,0,0,22.82718276977539,-22.827211380004883,5.594974994659424,0,32.4939079284668
0.08145499974489212,0.09999997168779373,0.0000004550002188352664,0.0006861621513962746,0.0010000000474974513,0,0,21.15608024597168,-21.1561222076416,5.538572788238525,0,32.4939079284668
0.08145999908447266,0.09999997168779373,0.00000046000022280168196,0.0006861621513962746,0.0010000000474974513,0,0,22.779273986816406,-22.77933120727539,5.640087604522705,0,32.4939079284668
0.08146499842405319,0.09999997168779373,0.0000004650002267680975,0.0006861621513962746,0.0010000000474974513,0,0,27.401119232177734,-27.401195526123047,5.886655807495117,0,32.4939079284668
0.08146999776363373,0.09999997168779373,0.000000470000230734513,0.0006861621513962746,0.0010000000474974513,0,0,34.57291793823242,-34.57301330566406,6.258096218109131,0,32.4939079284668
0.08147499710321426,0.09999997168779373,0.00000047500023470092856,0.0006861621513962746,0.0010000000474974513,0,0,43.72764587402344,-43.72776412963867,6.728519439697266,0,32.4939079284668
0.0814799964427948,0.09999997168779373,0.0000004800002102456347,0.0006861621513962746,0.0010000000474974513,0,0,54.22462844848633,-54.224769592285156,7.26838493347168,0,32.4939079284668
0.08148499578237534,0.09999997168779373,0.0000004850002142120502,0.0006861621513962746,0.0010000000474974513,0,0,65.39710998535156,-65.39727783203125,7.846701145172119,0,32.4939079284668
0.08148999512195587,0.09999997168779373,0.0000004900002181784657,0.0006861621513962746,0.0010000000474974513,0,0,76.07241821289063,-76.0726089477539,8.406865119934082,0,32.4939079284668
0.08149499446153641,0.09999997168779373,0.0000004950002221448813,0.0006861621513962746,0.0010000000474974513,0,0,86.18228149414063,-86.1824951171875,8.946968078613281,0,32.4939079284668
0.08150000125169754,0.09999997168779373,0.0000005000002261112968,0.0006861621513962746,0.0010000000474974513,0,0,95.35745239257813,-95.35769653320313,9.44947624206543,0,32.4939079284668
0.08150000125169754,0.09999997168779373,0.0000005050002300777123,0.0006861621513962746,0.0010000000474974513,0,0,103.2874984741211,-103.28775787353516,9.899147033691406,0,32.4939079284668
0.08150500059127808,0.09999997168779373,0.0000005048358389103669,0.0006861621513962746,-0.00003287742947577499,0,0,81.79277038574219,-81.79303741455078,8.886580467224121,0,6.9807538986206055
0.08150999993085861,0.09999997168779373,0.0000005044111048846389,0.0006861621513962746,-0.00008494831854477525,0,0,58.800376892089844,-58.800655364990234,7.803380966186523,0,6.9807538986206055
0.08151499927043915,0.09999997168779373,0.0000005037991854806023,0.0006861621513962746,-0.0001223817962454632,0,0,36.24028396606445,-36.24056625366211,6.740924835205078,0,6.9807538986206055
0.08151999861001968,0.09999997168779373,0.0000005030719307796971,0.0006861621513962746,-0.0001454530720366165,0,0,16.02836036682129,-16.02863883972168,5.789817810058594,0,6.9807538986206055
0.08152499794960022,0.09999997168779373,0.000000502293630688655,0.0006861621513962746,-0.00015565704961773008,0,0,0.0944209098815918,0.09414863586425781,5.032275676727295,0,6.9807538986206055
0.08152999728918076,0.09999997168779373,0.0000005015156716581259,0.0006861621513962746,-0.00015559695020783693,0,0,10.056605339050293,10.056343078613281,4.567795276641846,0,6.9807538986206055
0.08153499662876129,0.09999997168779373,0.0000005007697154724156,0.0006861621513962746,-0.0001491947186877951,0,0,13.592977523803711,13.592729568481445,4.406736850738525,0,6.9807538986206055
0.08153999596834183,0.09999997168779373,0.0000005000670171284582,0.0006861621513962746,-0.00014054116036277264,0,0,10.84294319152832,10.842711448669434,4.540546894073486,0,6.9807538986206055
0.08154499530792236,0.09999997168779373,0.0000004993988227397494,0.0006861621513962746,-0.000133638342958875,0,0,1.4523937702178955,1.4521822929382324,4.986720085144043,0,6.9807538986206055
0.0815499946475029,0.09999997168779373,0.0000004987352326679684,0.0006861621513962746,-0.00013271371426526457,0,0,13.984933853149414,-13.985122680664063,5.716842174530029,0,6.9807538986206055
0.08155500143766403,0.09999997168779373,0.0000004980271341992193,0.0006861621513962746,-0.00014161680883262306,0,0,34.2778205871582,-34.27798843383789,6.674011707305908,0,6.9807538986206055
0.08156000077724457,0.09999997168779373,0.0000004972099532096763,0.0006861621513962746,-0.00016343874449376017,0,0,57.8168830871582,-57.81702423095703,7.781573295593262,0,6.9807538986206055
0.0815650001168251,0.09999997168779373,0.000000496208713229862,0.0006861621513962746,-0.00020024612604174763,0,0,80.70842742919922,-80.70854187011719,8.849472999572754,0,6.9807538986206055
0.08156999945640564,0.09999997168779373,0.0000004949505978402158,0.0006861621513962746,-0.00025162671227008104,0,0,102.41767120361328,-102.41777038574219,9.855754852294922,0,6.9807538986206055
0.08157499879598618,0.09999997168779373,0.0000004933664854434028,0.0006861621513962746,-0.0003168278490193188,0,0,122.02469635009766,-122.02477264404297,10.759117126464844,0,6.9807538986206055
0.08157999813556671,0.09999997168779373,0.000000491393905122095,0.0006861621513962746,-0.00039451115299016237,0,0,138.03884887695313,-138.0388946533203,11.489354133605957,0,6.9807538986206055
0.08158499747514725,0.09999997168779373,0.0000004889819820164121,0.0006861621513962746,-0.0004823894123546779,0,0,149.2296905517578,-149.229736328125,11.988553047180176,0,6.9807538986206055
0.08158999681472778,0.09999997168779373,0.0000004860950184593094,0.0006861621513962746,-0.0005773919983766973,0,0,154.7226104736328,-154.72265625,12.215579986572266,0,6.9807538986206055
0.08159499615430832,0.09999997168779373,0.0000004827155635211966,0.0006861621513962746,-0.0006758914678357542,0,0,154.06692504882813,-154.0669403076172,12.14927864074707,0,6.9807538986206055
0.08159999549388885,0.09999997168779373,0.0000004788457204085717,0.0006861621513962746,-0.0007739734719507396,0,0,146.64015197753906,-146.64016723632813,11.758574485778809,0,6.9807538986206055
0.08160499483346939,0.09999997168779373,0.00000047450907914026175,0.0006861621513962746,-0.0008673275006003678,0,0,134.05087280273438,-134.05088806152344,11.122532844543457,0,6.9807538986206055
0.08161000162363052,0.09999997168779373,0.0000004697457427482732,0.0006861621513962746,-0.0009526669164188206,0,0,116.63713836669922,-116.63716888427734,10.255538940429688,0,6.9807538986206055
0.08161500096321106,0.09999997168779373,0.00000046461113356599526,0.0006861621513962746,-0.001026920392177999,0,0,95.5835189819336,-95.58355712890625,9.213277816772461,0,6.9807538986206055
0.0816200003027916,0.09999997168779373,0.00000045917226998426486,0.0006861621513962746,-0.0010877706808969378,0,0,72.42278289794922,-72.4228286743164,8.06811237335205,0,6.9807538986206055
0.08162499964237213,0.09999997168779373,0.00000045350287791734445,0.0006861621513962746,-0.001133876503445208,0,0,48.839088439941406,-48.83915328979492,6.899574279785156,0,6.9807538986206055
0.08162999898195267,0.09999997168779373,0.00000044767804752154916,0.0006861621513962746,-0.0011649684747681022,0,0,26.538082122802734,-26.538166046142578,5.788275241851807,0,6.9807538986206055
0.0816349983215332,0.09999997168779373,0.0000004417687193836173,0.0006861621513962746,-0.0011818631319329143,0,0,7.115756034851074,-7.115859031677246,4.809720039367676,0,6.9807538986206055
0.08163999766111374,0.09999997168779373,0.0000004358367675649788,0.0006861621513962746,-0.001186393084935844,0,0,8.063690185546875,8.063568115234375,4.028565406799316,0,6.9807538986206055
0.08164499700069427,0.09999997168779373,0.00000042993048054995597,0.0006861621513962746,-0.0011812596349045634,0,0,17.971437454223633,17.971296310424805,3.4937305450439453,0,6.9807538986206055
0.08164999634027481,0.09999997168779373,0.0000004240813780143071,0.0006861621513962746,-0.001169818569906056,0,0,21.90143394470215,21.901277542114258,3.2392470836639404,0,6.9807538986206055
0.08165499567985535,0.09999997168779373,0.00000041830199393189105,0.0006861621513962746,-0.0011558757396414876,0,0,19.213529586791992,19.213354110717773,3.2972311973571777,0,6.9807538986206055
0.08165999501943588,0.09999997168779373,0.0000004125837733681692,0.0006861621513962746,-0.0011436439817771316,0,0,10.305747985839844,10.305559158325195,3.649322509765625,0,6.9807538986206055
0.08166499435901642,0.09999997168779373,0.00000040689835145713005,0.0006861621513962746,-0.0011370830470696092,0,0,3.911564826965332,-3.911764621734619,4.252861022949219,0,6.9807538986206055
0.08167000114917755,0.09999997168779373,0.0000004012004808373604,0.0006861621513962746,-0.0011395731708034873,0,0,22.09671974182129,-22.0969295501709,5.044699668884277,0,6.9807538986206055
0.08167500048875809,0.09999997168779373,0.00000039543226648675045,0.0006861621513962746,-0.0011536403326317668,0,0,42.606388092041016,-42.60660171508789,5.947264194488525,0,6.9807538986206055
0.08167999982833862,0.09999997168779373,0.00000038952845216044807,0.0006861621513962746,-0.0011807644041255116,0,0,63.63387680053711,-63.63409423828125,6.875093460083008,0,6.9807538986206055
0.08168499916791916,0.09999997168779373,0.0000003834220763110352,0.0006861621513962746,-0.0012212750734761357,0,0,82.43655395507813,-82.43677520751953,7.695900917053223,0,6.9807538986206055
0.0816899985074997,0.09999997168779373,0.00000037705331124016084,0.0006861621513962746,-0.001273755799047649,0,0,97.61579895019531,-97.61600494384766,8.344047546386719,0,6.9807538986206055
0.08169499784708023,0.09999997168779373,0.00000037037381162008387,0.0006861621513962746,-0.0013358999276533723,0,0,108.82402038574219,-108.82421875,8.805575370788574,0,6.9807538986206055
0.08169999718666077,0.09999997168779373,0.00000036334790820546914,0.0006861621513962746,-0.0014051793841645122,0,0,115.18136596679688,-115.18155670166016,9.038880348205566,0,6.9807538986206055
0.0817049965262413,0.09999997168779373,0.0000003559553647392022,0.0006861621513962746,-0.0014785061357542872,0,0,116.20284271240234,-116.20301818847656,9.020842552185059,0,6.9807538986206055
0.08170999586582184,0.09999997168779373,0.000000348192941146408,0.0006861621513962746,-0.0015524831833317876,0,0,111.7864990234375,-111.78665924072266,8.74612045288086,0,6.9807538986206055
0.08171499520540237,0.09999997168779373,0.0000003400747061732545,0.0006861621513962746,-0.0016236485680565238,0,0,101.91365814208984,-101.91380310058594,8.212180137634277,0,6.9807538986206055
0.08171999454498291,0.09999997168779373,0.00000033163206580866245,0.0006861621513962746,-0.0016885289223864675,0,0,87.44950866699219,-87.44962310791016,7.459439277648926,0,6.9807538986206055
0.08172500133514404,0.09999997168779373,0.000000322911063221909,0.0006861621513962746,-0.0017442010575905442,0,0,69.63382720947266,-69.6339340209961,6.54609489440918,0,6.9807538986206055
0.08173000067472458,0.09999997168779373,0.0000003139683997233078,0.0006861621513962746,-0.00178853131365031,0,0,49.98085403442383,-49.98093795776367,5.5433549880981445,0,6.9807538986206055
0.08173500001430511,0.09999997168779373,0.00000030486665991702466,0.0006861621513962746,-0.0018203501822426915,0,0,31.48950958251953,-31.48957633972168,4.596324443817139,0,6.9807538986206055
0.08173999935388565,0.09999997168779373,0.0000002956646767415805,0.0006861621513962746,-0.0018403971334919333,0,0,15.13062858581543,-15.130678176879883,3.7489383220672607,0,6.9807538986206055
0.08174499869346619,0.09999997168779373,0.00000028641451876865176,0.0006861621513962746,-0.0018500295700505376,0,0,1.2371368408203125,-1.2371740341186523,3.0137710571289063,0,6.9807538986206055
0.08174999803304672,0.09999997168779373,0.00000027716043859982165,0.0006861621513962746,-0.0018508172361180186,0,0,9.165352821350098,9.165326118469238,2.4387617111206055,0,6.9807538986206055
0.08175499737262726,0.09999997168779373,0.0000002679355191048671,0.0006861621513962746,-0.0018449825001880527,0,0,15.343894958496094,15.343876838684082,2.05820631980896,0,6.9807538986206055
0.0817599967122078,0.09999997168779373,0.00000025875945652842347,0.0006861621513962746,-0.0018352143233641982,0,0,16.916425704956055,16.916412353515625,1.8900302648544312,0,6.9807538986206055
0.08176499605178833,0.09999997168779373,0.000000249637224669641,0.0006861621513962746,-0.0018244449747726321,0,0,13.67712116241455,13.677111625671387,1.9446228742599487,0,6.9807538986206055
0.08176999539136887,0.09999997168779373,0.0000002405585348697059,0.0006861621513962746,-0.0018157378071919084,0,0,5.913748264312744,5.91373872756958,2.2090306282043457,0,6.9807538986206055
0.0817749947309494,0.09999997168779373,0.00000023149867445226846,0.0006861621513962746,-0.0018119729356840253,0,0,4.927789211273193,-4.92780065536499,2.6136324405670166,0,6.9807538986206055
0.08178000152111053,0.09999997168779373,0.00000022242312525122543,0.0006861621513962746,-0.0018151100957766175,0,0,18.33515167236328,-18.33516502380371,3.1364269256591797,0,6.9807538986206055
0.08178500086069107,0.09999997168779373,0.00000021328921206986706,0.0006861621513962746,-0.001826782594434917,0,0,33.04735565185547,-33.0473747253418,3.7187082767486572,0,6.9807538986206055
0.0817900002002716,0.09999997168779373,0.00000020405011014190677,0.0006861621513962746,-0.0018478211713954806,0,0,47.6885986328125,-47.68862533569336,4.296414375305176,0,6.9807538986206055
0.08179499953985214,0.09999997168779373,0.0000001946592078638787,0.0006861621513962746,-0.0018781806575134397,0,0,60.88203048706055,-60.88206481933594,4.805440902709961,0,6.9807538986206055
0.08179999887943268,0.09999997168779373,0.0000001850745121600994,0.0006861621513962746,-0.0019169392762705684,0,0,71.36382293701172,-71.36386108398438,5.18697452545166,0,6.9807538986206055
0.08180499821901321,0.09999997168779373,0.0000001752626559436976,0.0006861621513962746,-0.001962370937690139,0,0,78.08818817138672,-78.0882339477539,5.392392635345459,0,6.9807538986206055
0.08180999755859375,0.09999997168779373,0.00000016520223766747222,0.0006861621513962746,-0.002012083539739251,0,0,80.04822540283203,-80.04827880859375,5.373938083648682,0,6.9807538986206055
0.08181499689817429,0.09999997168779373,0.00000015488701876620325,0.0006861621513962746,-0.002063043648377061,0,0,76.69647979736328,-76.69654083251953,5.10556173324585,0,6.9807538986206055
0.08181999623775482,0.09999997168779373,0.00000014432767159178184,0.0006861621513962746,-0.0021118700969964266,0,0,68.13709259033203,-68.13714599609375,4.592479228973389,0,6.9807538986206055
0.08182499557733536,0.09999997168779373,0.000000133551438352697,0.0006861621513962746,-0.002155247377231717,0,0,54.93073654174805,-54.93079376220703,3.86143159866333,0,6.9807538986206055
0.0818299949169159,0.09999997168779373,0.00000012260035475719633,0.0006861621513962746,-0.0021902171429246664,0,0,38.05580520629883,-38.05586242675781,2.958805799484253,0,6.9807538986206055
0.08183499425649643,0.09999997168779373,0.00000011152813783610327,0.0006861621513962746,-0.002214444102719426,0,0,18.826318740844727,-18.826374053955078,1.946750283241272,0,6.9807538986206055
0.08184000104665756,0.09999997168779373,0.0000001003959937406762,0.0006861621513962746,-0.0022264292929321527,0,0,1.2303171157836914,1.2302656173706055,0.8974468111991882,0,6.9807538986206055
0.0818450003862381,0.09999997168779373,0.00000008926776473572318,0.0006861621513962746,-0.002225646050646901,0,0,19.081396102905273,19.081350326538086,-0.04185798764228821,0,6.9807538986206055
0.08184999972581863,0.09999997168779373,0.00000007820027292382292,0.0006861621513962746,-0.002213498344644904,0,0,34.65449523925781,34.654457092285156,-0.8717207312583923,0,6.9807538986206055
0.08185499906539917,0.09999997168779373,0.00000006724309287164942,0.0006861621513962746,-0.0021914367098361254,0,0,46.94783401489258,46.94779968261719,-1.545859932899475,0,6.9807538986206055
0.0818599984049797,0.09999997168779373,0.00000005643535061494731,0.0006861621513962746,-0.0021615487057715654,0,0,55.033103942871094,55.033077239990234,-2.0210249423980713,0,6.9807538986206055
0.08186499774456024,0.09999997168779373,0.000000045802782011605814,0.0006861621513962746,-0.002126513747498393,0,0,58.299678802490234,58.29965591430664,-2.268961191177368,0,6.9807538986206055
0.08186999708414078,0.09999997168779373,0.00000003535578585456278,0.0006861621513962746,-0.0020893991459161043,0,0,56.505916595458984,56.50590133666992,-2.2788031101226807,0,6.9807538986206055
0.08187499642372131,0.09999997168779373,0.000000025088654709293223,0.0006861621513962746,-0.002053426345810294,0,0,49.48666000366211,49.48664855957031,-2.042356252670288,0,6.9807538986206055
0.08187999576330185,0.09999997168779373,0.00000001497904378311432,0.0006861621513962746,-0.002021922031417489,0,0,37.73780822753906,37.73780059814453,-1.583277702331543,0,6.9807538986206055
0.08188499510288239,0.09999997168779373,0.000000004989558100021441,0.0006861621513962746,-0.001997897168621421,0,0,22.26932144165039,22.269319534301758,-0.949770450592041,0,6.9807538986206055
0.08188999444246292,0.09999997168779373,-0.000000004929042063395173,0.0006861621513962746,-0.0019837201107293367,0,0,4.421065330505371,4.421065330505371,-0.20557406544685364,0,6.9807538986206055
0.08189500123262405,0.09999997168779373,-0.000000014833569927930057,0.0006861621513962746,-0.0019809056539088488,0,0,14.246933937072754,-14.246932029724121,0.5752404928207397,0,6.9807538986206055
0.08190000057220459,0.09999997168779373,-0.00000002478344640621799,0.0006861621513962746,-0.0019899753388017416,0,0,30.906309127807617,-30.90630531311035,1.2555245161056519,0,6.9807538986206055
0.08190499991178513,0.09999997168779373,-0.00000003483170019080717,0.0006861621513962746,-0.0020096509251743555,0,0,44.55226135253906,-44.5522575378418,1.7891265153884888,0,6.9807538986206055
0.08190999925136566,0.09999997168779373,-0.000000045021771200026706,0.0006861621513962746,-0.0020380138885229826,0,0,54.9135856628418,-54.91358184814453,2.16611385345459,0,6.9807538986206055
0.0819149985909462,0.09999997168779373,-0.00000005538663572224323,0.0006861621513962746,-0.002072972944006324,0,0,61.05961227416992,-61.059608459472656,2.3429532051086426,0,6.9807538986206055
0.08191999793052673,0.09999997168779373,-0.00000006594585499897221,0.0006861621513962746,-0.0021118444856256247,0,0,62.36967468261719,-62.36967086791992,2.290745973587036,0,6.9807538986206055
0.08192499727010727,0.09999997168779373,-0.00000007670360702149992,0.0006861621513962746,-0.0021515500266104937,0,0,58.437896728515625,-58.43789291381836,1.9903055429458618,0,6.9807538986206055
0.0819299966096878,0.09999997168779373,-0.00000008764737202682227,0.0006861621513962746,-0.0021887526381760836,0,0,49.024505615234375,-49.024497985839844,1.4296188354492188,0,6.9807538986206055
0.08193499594926834,0.09999997168779373,-0.00000009874718642777225,0.0006861621513962746,-0.00221996265463531,0,0,35.94782638549805,-35.94782257080078,0.6984093189239502,0,6.9807538986206055
0.08193999528884888,0.09999997168779373,-0.00000010996142663088904,0.0006861621513962746,-0.002242847578600049,0,0,19.10323143005371,-19.103227615356445,-0.2106417417526245,0,6.9807538986206055
0.08194499462842941,0.09999997168779373,-0.00000012123646797590482,0.0006861621513962746,-0.0022550092544406652,0,0,0.39488568902015686,0.39489227533340454,-1.2447432279586792,0,6.9807538986206055
0.08195000141859055,0.09999997168779373,-0.0000001325102516602783,0.0006861621513962746,-0.002254757797345519,0,0,21.226118087768555,21.22612762451172,-2.3413989543914795,0,6.9807538986206055
0.08195500075817108,0.09999997168779373,-0.00000014371647694133571,0.0006861621513962746,-0.0022412447724491358,0,0,41.96474075317383,41.964759826660156,-3.4331488609313965,0,6.9807538986206055
0.08196000009775162,0.09999997168779373,-0.00000015478912018807023,0.0006861621513962746,-0.0022145293187350035,0,0,61.18875503540039,61.188777923583984,-4.45270299911499,0,6.9807538986206055
0.08196499943733215,0.09999997168779373,-0.00000016566698946007818,0.0006861621513962746,-0.002175575355067849,0,0,77.58860778808594,77.58863830566406,-5.338057994842529,0,6.9807538986206055
0.08196999877691269,0.09999997168779373,-0.00000017629788828799065,0.0006861621513962746,-0.002126180799677968,0,0,90.06726837158203,90.06730651855469,-6.0372138023376465,0,6.9807538986206055
0.08197499811649323,0.09999997168779373,-0.00000018664209733287862,0.0006861621513962746,-0.002068842062726617,0,0,97.82371520996094,97.82377624511719,-6.51210355758667,0,6.9807538986206055
0.08197999745607376,0.09999997168779373,-0.0000001966749181292471,0.0006861621513962746,-0.0020065654534846544,0,0,100.17967987060547,100.17974853515625,-6.729691505432129,0,6.9807538986206055
0.0819849967956543,0.09999997168779373,-0.00000020638886155666114,0.0006861621513962746,-0.0019427890656515956,0,0,96.83409881591797,96.83418273925781,-6.674664497375488,0,6.9807538986206055
0.08198999613523483,0.09999997168779373,-0.00000021579457154530246,0.0006861621513962746,-0.0018811424961313605,0,0,88.22606658935547,88.22615814208984,-6.367577075958252,0,6.9807538986206055
0.08199499547481537,0.09999997168779373,-0.00000022491944662306196,0.0006861621513962746,-0.0018249760614708066,0,0,75.21458435058594,75.21469116210938,-5.848950386047363,0,6.9807538986206055
0.0819999948143959,0.09999997168779373,-0.00000023380491143143445,0.0006861621513962746,-0.0017770930426195264,0,0,59.0088996887207,59.0090217590332,-5.175963878631592,0,6.9807538986206055
0.08200500160455704,0.09999997168779373,-0.0000002425025513730361,0.0006861621513962746,-0.0017395267495885491,0,0,41.06601333618164,41.06614303588867,-4.417605400085449,0,6.9807538986206055
0.08201000094413757,0.09999997168779373,-0.00000025106947987296735,0.0006861621513962746,-0.0017133833607658744,0,0,22.96808624267578,22.96822738647461,-3.6488728523254395,0,6.9807538986206055
0.08201500028371811,0.09999997168779373,-0.00000025956327931453416,0.0006861621513962746,-0.0016987613635137677,0,0,6.817502021789551,6.817648887634277,-2.9709277153015137,0,6.9807538986206055
0.08201999962329865,0.09999997168779373,-0.00000026803539299180557,0.0006861621513962746,-0.001694421167485416,0,0,5.830895900726318,-5.83074426651001,-2.4580936431884766,0,6.9807538986206055
0.08202499896287918,0.09999997168779373,-0.00000027652606604533503,0.0006861621513962746,-0.0016981331864371896,0,0,14.849681854248047,-14.849527359008789,-2.1141116619110107,0,6.9807538986206055
0.08202999830245972,0.09999997168779373,-0.00000028506400440164725,0.0006861621513962746,-0.0017075868090614676,0,0,19.533796310424805,-19.533641815185547,-1.9724987745285034,0,6.9807538986206055
0.08203499764204025,0.09999997168779373,-0.0000002936641294581932,0.0006861621513962746,-0.0017200222937390208,0,0,19.52577018737793,-19.525619506835938,-2.050464391708374,0,6.9807538986206055
0.08203999698162079,0.09999997168779373,-0.000000302326384371554,0.0006861621513962746,-0.0017324528889730573,0,0,14.689006805419922,-14.688859939575195,-2.355299472808838,0,6.9807538986206055
0.08204499632120132,0.09999997168779373,-0.00000031103539299692784,0.0006861621513962746,-0.0017418042989447713,0,0,5.1952805519104,-5.1951422691345215,-2.879939079284668,0,6.9807538986206055
0.08204999566078186,0.09999997168779373,-0.00000031976094305719016,0.0006861621513962746,-0.0017451116582378745,0,0,8.162941932678223,8.163070678710938,-3.5872504711151123,0,6.9807538986206055
0.0820549950003624,0.09999997168779373,-0.0000003284605156750331,0.0006861621513962746,-0.0017399148782715201,0,0,24.2783260345459,24.2784423828125,-4.425149440765381,0,6.9807538986206055
0.08205999433994293,0.09999997168779373,-0.00000033708280966493476,0.0006861621513962746,-0.0017244588816538453,0,0,41.824745178222656,41.82484817504883,-5.3311357498168945,0,6.9807538986206055
0.08206500113010406,0.09999997168779373,-0.0000003455719763678644,0.0006861621513962746,-0.0016978323692455888,0,0,59.371070861816406,59.37116241455078,-6.237664222717285,0,6.9807538986206055
0.0820700004696846,0.09999997168779373,-0.0000003538721671247913,0.0006861621513962746,-0.0016600355738773942,0,0,73.67874145507813,73.67881774902344,-6.9866943359375,0,6.9807538986206055
0.08207499980926514,0.09999997168779373,-0.0000003619378219354985,0.0006861621513962746,-0.0016131302108988166,0,0,85.59797668457031,85.59803771972656,-7.623931407928467,0,6.9807538986206055
0.08207999914884567,0.09999997168779373,-0.0000003697309978178964,0.0006861621513962746,-0.0015586368972435594,0,0,94.38580322265625,94.38584899902344,-8.114729881286621,0,6.9807538986206055
0.08208499848842621,0.09999997168779373,-0.00000037722375623161497,0.0006861621513962746,-0.001498549128882587,0,0,99.4737319946289,99.47376251220703,-8.43228530883789,0,6.9807538986206055
0.08208999782800674,0.09999997168779373,-0.0000003843998683805694,0.0006861621513962746,-0.001435222220607102,0,0,100.59888458251953,100.59890747070313,-8.564051628112793,0,6.9807538986206055
0.08209499716758728,0.09999997168779373,-0.00000039125575312937144,0.0006861621513962746,-0.001371178892441094,0,0,97.74061584472656,97.74063110351563,-8.508488655090332,0,6.9807538986206055
0.08209999650716782,0.09999997168779373,-0.0000003978005338467483,0.0006861621513962746,-0.0013089553685858846,0,0,90.93022155761719,90.93023681640625,-8.265583038330078,0,6.9807538986206055
0.08210499584674835,0.09999997168779373,-0.0000004040558678752859,0.0006861621513962746,-0.001251067384146154,0,0,81.72088623046875,81.72090148925781,-7.910412788391113,0,6.9807538986206055
0.08210999518632889,0.09999997168779373,-0.00000041005108641911647,0.0006861621513962746,-0.0011990423081442714,0,0,70.56000518798828,70.56002044677734,-7.462084770202637,0,6.9807538986206055
0.08211499452590942,0.09999997168779373,-0.00000041582168819331855,0.0006861621513962746,-0.001154122524894774,0,0,58.372520446777344,58.3725471496582,-6.963089942932129,0,6.9807538986206055
0.08212000131607056,0.09999997168779373,-0.0000004214064972529741,0.0006861621513962746,-0.0011169613571837544,0,0,46.292259216308594,46.29229736328125,-6.466153144836426,0,6.9807538986206055
0.08212500065565109,0.09999997168779373,-0.00000042684393974923296,0.0006861621513962746,-0.001087490818463266,0,0,35.4364128112793,35.43647003173828,-6.023266792297363,0,6.9807538986206055
0.08212999999523163,0.09999997168779373,-0.000000432168604902472,0.0006861621513962746,-0.0010649313917383552,0,0,26.812793731689453,26.8128662109375,-5.681360244750977,0,6.9807538986206055
0.08213499933481216,0.09999997168779373,-0.00000043740791966229153,0.0006861621513962746,-0.001047861878760159,0,0,21.23622703552246,21.236316680908203,-5.478396892547607,0,6.9807538986206055
0.0821399986743927,0.09999997168779373,-0.00000044257961917537614,0.0006861621513962746,-0.001034342567436397,0,0,19.54421043395996,19.54432487487793,-5.4543867111206055,0,6.9807538986206055
0.08214499801397324,0.09999997168779373,-0.000000447689131988227,0.0006861621513962746,-0.001021900330670178,0,0,22.071086883544922,22.07122230529785,-5.625335216522217,0,6.9807538986206055
0.08214999735355377,0.09999997168779373,-0.00000045272838633536594,0.0006861621513962746,-0.0010078494669869542,0,0,28.662189483642578,28.662351608276367,-5.983912944793701,0,6.9807538986206055
0.08215499669313431,0.09999997168779373,-0.00000045767640699523326,0.0006861621513962746,-0.0009896025294438004,0,0,38.795040130615234,38.795223236083984,-6.5054850578308105,0,6.9807538986206055
0.08215999603271484,0.09999997168779373,-0.0000004625009353276255,0.0006861621513962746,-0.0009649047860875726,0,0,51.61990737915039,51.620113372802734,-7.150049209594727,0,6.9807538986206055
0.08216499537229538,0.09999997168779373,-0.00000046716115775780054,0.0006861621513962746,-0.0009320424869656563,0,0,66.03400421142578,66.03423309326172,-7.8657355308532715,0,6.9807538986206055
0.08216999471187592,0.09999997168779373,-0.0000004716111732250283,0.0006861621513962746,-0.0008900039829313755,0,0,80.77814483642578,80.77838897705078,-8.593363761901855,0,6.9807538986206055
0.08217500150203705,0.09999997168779373,-0.00000047580405748703924,0.0006861621513962746,-0.0008385790279135108,0,0,94.57273864746094,94.572998046875,-9.272727012634277,0,6.9807538986206055
0.08218000084161758,0.09999997168779373,-0.0000004796959274244728,0.0006861621513962746,-0.0007783721666783094,0,0,105.54161834716797,105.54188537597656,-9.813652992248535,0,6.9807538986206055
0.08218500018119812,0.09999997168779373,-0.0000004832518243347295,0.0006861621513962746,-0.0007111822487786412,0,0,113.32369995117188,113.323974609375,-10.201213836669922,0,6.9807538986206055
0.08218999952077866,0.09999997168779373,-0.0000004864469929088955,0.0006861621513962746,-0.000639038160443306,0,0,117.48393249511719,117.48420715332031,-10.416122436523438,0,6.9807538986206055
0.08219499886035919,0.09999997168779373,-0.0000004892682454737951,0.0006861621513962746,-0.000564245623536408,0,0,117.63127899169922,117.63154602050781,-10.440471649169922,0,6.9807538986206055
0.08219999819993973,0.09999997168779373,-0.0000004917150135952397,0.0006861621513962746,-0.0004893592558801174,0,0,113.48980712890625,113.49006652832031,-10.261162757873535,0,6.9807538986206055
0.08220499753952026,0.09999997168779373,-0.0000004938005417898239,0.0006861621513962746,-0.0004171094042249024,0,0,105.21826171875,105.21851348876953,-9.885815620422363,0,6.9807538986206055
0.0822099968791008,0.09999997168779373,-0.0000004955511485604802,0.0006861621513962746,-0.0003501253668218851,0,0,93.45721435546875,93.45745086669922,-9.345100402832031,0,6.9807538986206055
0.08221499621868134,0.09999997168779373,-0.0000004970042937202379,0.0006861621513962746,-0.00029062863904982805,0,0,79.15966796875,79.15988159179688,-8.684375762939453,0,6.9807538986206055
0.08221999555826187,0.09999997168779373,-0.0000004982054520041856,0.0006861621513962746,-0.00024023401783779263,0,0,63.513057708740234,63.513248443603516,-7.959996223449707,0,6.9807538986206055
0.08222499489784241,0.09999997168779373,-0.0000004992044750906643,0.0006861621513962746,-0.00019980035722255707,0,0,47.84035873413086,47.84052658081055,-7.234620094299316,0,6.9807538986206055
0.08222999423742294,0.09999997168779373,-0.0000005000512146580149,0.0006861621513962746,-0.0001693442463874817,0,0,33.48867416381836,33.48881530761719,-6.571943283081055,0,6.9807538986206055
0.08223500102758408,0.09999997168779373,-0.0000005007913159715827,0.0006861621513962746,-0.00014802470104768872,0,0,23.08555793762207,23.085676193237305,-6.099823474884033,0,6.9807538986206055
0.08224000036716461,0.09999997168779373,-0.0000005014579755879822,0.0006861621513962746,-0.00013332796515896916,0,0,16.027006149291992,16.027101516723633,-5.7852091789245605,0,6.9807538986206055
0.08224499970674515,0.09999997168779373,-0.0000005020735898142448,0.0006861621513962746,-0.0001231248606927693,0,0,12.77188777923584,12.77196216583252,-5.648844242095947,0,6.9807538986206055
0.08224999904632568,0.09999997168779373,-0.0000005026485609960218,0.0006861621513962746,-0.000114994021714665,0,0,13.64794635772705,13.648002624511719,-5.705702304840088,0,6.9807538986206055
0.08225499838590622,0.09999997168779373,-0.0000005031801038057893,0.0006861621513962746,-0.00010630546603351831,0,0,18.858036041259766,18.858078002929688,-5.9654083251953125,0,6.9807538986206055
0.08225999772548676,0.09999997168779373,-0.0000005036516199652397,0.0006861621513962746,-0.00009430006321053952,0,0,28.36449432373047,28.36452293395996,-6.4265265464782715,0,6.9807538986206055
0.08226499706506729,0.09999997168779373,-0.0000005040328119321202,0.0006861621513962746,-0.00007624266436323524,0,0,40.4024772644043,40.40250015258789,-7.0022292137146,0,6.9807538986206055
0.08226999640464783,0.09999997168779373,-0.0000005042854240855377,0.0006861621513962746,-0.00005052164488006383,0,0,54.69228744506836,54.69231033325195,-7.680641174316406,0,6.9807538986206055
0.08227499574422836,0.09999997168779373,-0.0000005043639248469844,0.0006861621513962746,-0.00001570345375512261,0,0,70.46620178222656,70.46622467041016,-8.426079750061035,0,6.9807538986206055
0.0822799950838089,0.09999997168779373,-0.0000005042181214776065,0.0006861621513962746,0.000029156721211620606,0,0,86.5690689086914,86.569091796875,-9.18389892578125,0,6.9807538986206055
0.08228499442338943,0.09999997168779373,-0.0000005037967980570102,0.0006861621513962746,0.00008426830027019605,0,0,101.80641174316406,101.80644989013672,-9.897639274597168,0,6.9807538986206055
0.08229000121355057,0.09999997168779373,-0.0000005030514103054884,0.0006861621513962746,0.000149080267874524,0,0,115.0358657836914,115.0359115600586,-10.513323783874512,0,6.9807538986206055
0.0822950005531311,0.09999997168779373,-0.0000005019398372496653,0.0006861621513962746,0.0002223143819719553,0,0,125.25482940673828,125.2549057006836,-10.98359489440918,0,6.9807538986206055
0.08229999989271164,0.09999997168779373,-0.0000005004295644539525,0.0006861621513962746,0.00030205410439521074,0,0,131.67784118652344,131.67794799804688,-11.271345138549805,0,6.9807538986206055
0.08230499923229218,0.09999997168779373,-0.0000004985001282875601,0.0006861621513962746,0.00038588279858231544,0,0,133.54249572753906,133.54261779785156,-11.339838027954102,0,6.9807538986206055
0.08230999857187271,0.09999997168779373,-0.0000004961456170349265,0.0006861621513962746,0.0004708985798060894,0,0,130.4549560546875,130.45509338378906,-11.169839859008789,0,6.9807538986206055
0.08231499791145325,0.09999997168779373,-0.0000004933758646075148,0.0006861621513962746,0.0005539488047361374,0,0,122.63777923583984,122.63794708251953,-10.77193832397461,0,6.9807538986206055
0.08231999725103378,0.09999997168779373,-0.0000004902157684227859,0.0006861621513962746,0.0006320223910734057,0,0,110.69327545166016,110.6934585571289,-10.174757957458496,0,6.9807538986206055
0.08232499659061432,0.09999997168779373,-0.0000004867032998845389,0.0006861621513962746,0.0007024919614195824,0,0,95.55351257324219,95.55371856689453,-9.42259407043457,0,6.9807538986206055
0.08232999593019485,0.09999997168779373,-0.0000004828866622119676,0.0006861621513962746,0.0007633231580257416,0,0,78.3875732421875,78.3877944946289,-8.57109260559082,0,6.9807538986206055
0.08233499526977539,0.09999997168779373,-0.0000004788205387740163,0.0006861621513962746,0.0008132262155413628,0,0,60.69114685058594,60.69138717651367,-7.6918840408325195,0,6.9807538986206055
0.08233999460935593,0.09999997168779373,-0.00000047456123297706654,0.0006861621513962746,0.000851863413117826,0,0,44.77178192138672,44.77203369140625,-6.897113800048828,0,6.9807538986206055
0.08234500139951706,0.09999997168779373,-0.0000004701593923073233,0.0006861621513962746,0.0008803659584373236,0,0,30.632139205932617,30.632394790649414,-6.18400764465332,0,6.9807538986206055
0.0823500007390976,0.09999997168779373,-0.00000046566006517423375,0.0006861621513962746,0.0008998670382425189,0,0,19.249977111816406,19.25023651123047,-5.598957061767578,0,6.9807538986206055
0.08235500007867813,0.09999997168779373,-0.00000046109946083561226,0.0006861621513962746,0.0009121219627559185,0,0,11.388859748840332,11.389118194580078,-5.178255558013916,0,6.9807538986206055
0.08235999941825867,0.09999997168779373,-0.0000004565025903957576,0.0006861621513962746,0.0009193723089993,0,0,7.541845321655273,7.542098045349121,-4.945438385009766,0,6.9807538986206055
0.0823649987578392,0.09999997168779373,-0.00000045188173203314363,0.0006861621513962746,0.0009241736261174083,0,0,7.89461612701416,7.894859313964844,-4.909544467926025,0,6.9807538986206055
0.08236999809741974,0.09999997168779373,-0.0000004472357204576838,0.0006861621513962746,0.0009291995083913207,0,0,12.516707420349121,12.516938209533691,-5.074726581573486,0,6.9807538986206055
0.08237499743700027,0.09999997168779373,-0.00000044254989006731194,0.0006861621513962746,0.0009371679043397307,0,0,21.024137496948242,21.02435302734375,-5.423363208770752,0,6.9807538986206055
0.08237999677658081,0.09999997168779373,-0.0000004377971265512315,0.0006861621513962746,0.0009505522903054953,0,0,32.6044921875,32.60468673706055,-5.917194843292236,0,6.9807538986206055
0.08238499611616135,0.09999997168779373,-0.00000043294059537402063,0.0006861621513962746,0.0009713089093565941,0,0,46.20356750488281,46.20374298095703,-6.506439685821533,0,6.9807538986206055
0.08238999545574188,0.09999997168779373,-0.00000042793698185050744,0.0006861621513962746,0.0010007231030613184,0,0,60.614376068115234,60.614532470703125,-7.133999824523926,0,6.9807538986206055
0.08239499479532242,0.09999997168779373,-0.00000042274041334167123,0.0006861621513962746,0.0010393115226179361,0,0,74.57598114013672,74.57611083984375,-7.7401533126831055,0,6.9807538986206055
0.08240000158548355,0.09999997168779373,-0.0000004173064667156723,0.0006861621513962746,0.0010867880191653967,0,0,86.87863159179688,86.87873840332031,-8.267535209655762,0,6.9807538986206055
0.08240500092506409,0.09999997168779373,-0.0000004115959768569155,0.0006861621513962746,0.0011420967057347298,0,0,95.48179626464844,95.48188781738281,-8.616765022277832,0,6.9807538986206055
0.08241000026464462,0.09999997168779373,-0.00000040558157365921943,0.0006861621513962746,0.0012028822675347328,0,0,100.63213348388672,100.63219451904297,-8.801976203918457,0,6.9807538986206055
0.08241499960422516,0.09999997168779373,-0.00000039924682937453326,0.0006861621513962746,0.0012669467832893133,0,0,102.27316284179688,102.27320861816406,-8.821276664733887,0,6.9807538986206055
0.0824199989438057,0.09999997168779373,-0.00000039258654283003125,0.0006861621513962746,0.0013320560101419687,0,0,100.29618835449219,100.29622650146484,-8.669259071350098,0,6.9807538986206055
0.08242499828338623,0.09999997168779373,-0.00000038560702364520694,0.0006861621513962746,0.0013959065545350313,0,0,94.61653900146484,94.61656188964844,-8.34081745147705,0,6.9807538986206055
0.08242999762296677,0.09999997168779373,-0.00000037832631960554863,0.0006861621513962746,0.0014561412390321493,0,0,85.57585144042969,85.57586669921875,-7.851291179656982,0,6.9807538986206055
0.0824349969625473,0.09999997168779373,-0.00000037077322190270934,0.0006861621513962746,0.0015106205828487873,0,0,75.06509399414063,75.06510925292969,-7.292742729187012,0,6.9807538986206055
0.08243999630212784,0.09999997168779373,-0.00000036298118288868864,0.0006861621513962746,0.0015584086067974567,0,0,62.987518310546875,62.98752975463867,-6.657458305358887,0,6.9807538986206055
0.08244499564170837,0.09999997168779373,-0.00000035498865713634586,0.0006861621513962746,0.0015985076315701008,0,0,50.236629486083984,50.23664474487305,-5.986958026885986,0,6.9807538986206055
0.08244999498128891,0.09999997168779373,-0.0000003468362024250382,0.0006861621513962746,0.0016304892487823963,0,0,37.785423278808594,37.78544616699219,-5.3267035484313965,0,6.9807538986206055
0.08245499432086945,0.09999997168779373,-0.0000003385634954611305,0.0006861621513962746,0.0016545441467314959,0,0,26.565540313720703,26.565568923950195,-4.720311164855957,0,6.9807538986206055
0.08246000111103058,0.09999997168779373,-0.00000033020620548995794,0.0006861621513962746,0.001671456266194582,0,0,17.386951446533203,17.386991500854492,-4.2058210372924805,0,6.9807538986206055
0.08246500045061111,0.09999997168779373,-0.00000032179357845052436,0.0006861621513962746,0.001682525034993887,0,0,10.868282318115234,10.86833381652832,-3.8124537467956543,0,6.9807538986206055
0.08246999979019165,0.09999997168779373,-0.000000313346362190714,0.0006861621513962746,0.001689444063231349,0,0,7.501155376434326,7.501219272613525,-3.5638628005981445,0,6.9807538986206055
0.08247499912977219,0.09999997168779373,-0.0000003048752716949821,0.0006861621513962746,0.0016942194197326899,0,0,7.670099258422852,7.670176029205322,-3.479219675064087,0,6.9807538986206055
0.08247999846935272,0.09999997168779373,-0.00000029637976695084944,0.0006861621513962746,0.0016991023439913988,0,0,11.187175750732422,11.187264442443848,-3.549989700317383,0,6.9807538986206055
0.08248499780893326,0.09999997168779373,-0.0000002878486498048005,0.0006861621513962746,0.001706224400550127,0,0,17.567134857177734,17.567235946655273,-3.7536299228668213,0,6.9807538986206055
0.0824899971485138,0.09999997168779373,-0.00000027926159873459255,0.0006861621513962746,0.0017174079548567533,0,0,26.068443298339844,26.068553924560547,-4.055530548095703,0,6.9807538986206055
0.08249499648809433,0.09999997168779373,-0.00000027059158469455724,0.0006861621513962746,0.0017340036574751139,0,0,35.76042938232422,35.76054763793945,-4.412172794342041,0,6.9807538986206055
0.08249999582767487,0.09999997168779373,-0.00000026180774170825316,0.0006861621513962746,0.001756769372150302,0,0,45.606868743896484,45.60699462890625,-4.775060176849365,0,6.9807538986206055
0.0825049951672554,0.09999997168779373,-0.0000002528787206301786,0.0006861621513962746,0.0017858035862445831,0,0,54.55867385864258,54.55880355834961,-5.0950822830200195,0,6.9807538986206055
0.08250999450683594,0.09999997168779373,-0.0000002437760429074842,0.0006861621513962746,0.00182053679600358,0,0,61.65806579589844,61.658199310302734,-5.327366828918457,0,6.9807538986206055
0.08251500129699707,0.09999997168779373,-0.00000023447709907031822,0.0006861621513962746,0.0018597894813865423,0,0,66.11906433105469,66.11919403076172,-5.435093402862549,0,6.9807538986206055
0.0825200006365776,0.09999997168779373,-0.00000022496769247482007,0.0006861621513962746,0.0019018822349607944,0,0,67.38645935058594,67.38658905029297,-5.392321586608887,0,6.9807538986206055
0.08252499997615814,0.09999997168779373,-0.00000021524378723825066,0.0006861621513962746,0.0019447817467153072,0,0,65.18485260009766,65.18497467041016,-5.186298847198486,0,6.9807538986206055
0.08252999931573868,0.09999997168779373,-0.0000002053123893119846,0.0006861621513962746,0.0019862796179950237,0,0,59.544944763183594,59.54505920410156,-4.81869649887085,0,6.9807538986206055
0.08253499865531921,0.09999997168779373,-0.00000019519144700552715,0.0006861621513962746,0.0020241872407495975,0,0,50.80801010131836,50.80811309814453,-4.305781841278076,0,6.9807538986206055
0.08253999799489975,0.09999997168779373,-0.00000018490878517241072,0.0006861621513962746,0.0020565325394272804,0,0,39.5974235534668,39.59751892089844,-3.6770741939544678,0,6.9807538986206055
0.08254499733448029,0.09999997168779373,-0.00000017450008726882515,0.0006861621513962746,0.002081741113215685,0,0,26.75585174560547,26.755931854248047,-2.972421884536743,0,6.9807538986206055
0.08254999667406082,0.09999997168779373,-0.00000016400620950207667,0.0006861621513962746,0.0020987745374441147,0,0,13.281364440917969,13.28143310546875,-2.2389442920684814,0,6.9807538986206055
0.08255499601364136,0.09999997168779373,-0.00000015347006865340518,0.0006861621513962746,0.0021072295494377613,0,0,0.24239420890808105,0.24245238304138184,-1.527014136314392,0,6.9807538986206055
0.0825599953532219,0.09999997168779373,-0.00000014293314620772435,0.0006861621513962746,0.00210738368332386,0,0,10.984363555908203,-10.9843168258667,-0.9024031758308411,0,6.9807538986206055
0.08256499469280243,0.09999997168779373,-0.00000013243119667549763,0.0006861621513962746,0.00210039084777236,0,0,18.85761070251465,-18.857572555541992,-0.43939846754074097,0,6.9807538986206055
0.08257000148296356,0.09999997168779373,-0.00000012198927379358793,0.0006861621513962746,0.002088385634124279,0,0,23.963356018066406,-23.96332550048828,-0.10651756823062897,0,6.9807538986206055
0.0825750008225441,0.09999997168779373,-0.00000011162362056893471,0.0006861621513962746,0.00207313010469079,0,0,25.934284210205078,-25.934263229370117,0.0794471800327301,0,6.9807538986206055
0.08258000016212463,0.09999997168779373,-0.00000010134052530474946,0.0006861621513962746,0.002056619618088007,0,0,24.64572525024414,-24.645709991455078,0.11310698091983795,0,6.9807538986206055
0.08258499950170517,0.09999997168779373,-0.00000009113587395859213,0.0006861621513962746,0.00204092962667346,0,0,20.174232482910156,-20.174222946166992,-0.001656118780374527,0,6.9807538986206055
0.0825899988412857,0.09999997168779373,-0.00000008099544146489279,0.0006861621513962746,0.0020280862227082253,0,0,12.61949634552002,-12.619488716125488,-0.2606108486652374,0,6.9807538986206055
0.08259499818086624,0.09999997168779373,-0.00000007089517595204597,0.0006861621513962746,0.002020052634179592,0,0,2.685281753540039,-2.6852774620056152,-0.6301199793815613,0,6.9807538986206055
0.08259999752044678,0.09999997168779373,-0.00000006080345826831035,0.0006861621513962746,0.0020183431915938854,0,0,7.5804643630981445,7.580467224121094,-1.0099985599517822,0,6.9807538986206055
0.08260499686002731,0.09999997168779373,-0.00000005068761410598199,0.0006861621513962746,0.0020231688395142555,0,0,18.410314559936523,18.410316467285156,-1.4144067764282227,0,6.9807538986206055
0.08260999619960785,0.09999997168779373,-0.00000004051316793152182,0.0006861621513962746,0.002034889068454504,0,0,28.866497039794922,28.866498947143555,-1.7992517948150635,0,6.9807538986206055
0.08261499553918839,0.09999997168779373,-0.00000003024683792318683,0.0006861621513962746,0.0020532659254968166,0,0,38.020633697509766,38.020633697509766,-2.1209511756896973,0,6.9807538986206055
0.08261999487876892,0.09999997168779373,-0.000000019859484723383503,0.0006861621513962746,0.0020774705335497856,0,0,45.0269660949707,45.0269660949707,-2.3398687839508057,0,6.9807538986206055
0.08262499421834946,0.09999997168779373,-0.000000009328806171993165,0.0006861621513962746,0.0021061357110738754,0,0,49.18982696533203,49.18982696533203,-2.4234778881073,0,6.9807538986206055
0.08263000100851059,0.09999997168779373,0.0000000013584484648276884,0.0006861621513962746,0.0021374509669840336,0,0,49.7402458190918,49.7402458190918,-2.3350131511688232,0,6.9807538986206055
0.08263500034809113,0.09999997168779373,0.000000012204029786744286,0.0006861621513962746,0.002169116400182247,0,0,46.31914138793945,46.31914138793945,-2.057462215423584,0,6.9807538986206055
0.08263999968767166,0.09999997168779373,0.000000023197049614509524,0.0006861621513962746,0.0021986039355397224,0,0,39.01692581176758,39.01692199707031,-1.595456600189209,0,6.9807538986206055
0.0826449990272522,0.09999997168779373,0.00000003431426165434459,0.0006861621513962746,0.0022234427742660046,0,0,28.244258880615234,28.244251251220703,-0.9688102006912231,0,6.9807538986206055
0.08264999836683273,0.09999997168779373,0.00000004552138221924906,0.0006861621513962746,0.0022414238192141056,0,0,14.70054817199707,14.700533866882324,-0.2110140323638916,0,6.9807538986206055
0.08265499770641327,0.09999997168779373,0.000000056775295576017015,0.0006861621513962746,0.0022507826797664165,0,0,0.5374407768249512,-0.5374619960784912,0.6261784434318542,0,6.9807538986206055
0.0826599970459938,0.09999997168779373,0.00000006802749652479179,0.0006861621513962746,0.0022504404187202454,0,0,15.659402847290039,-15.659431457519531,1.4546282291412354,0,6.9807538986206055
0.08266499638557434,0.09999997168779373,0.00000007922985645336666,0.0006861621513962746,0.0022404715418815613,0,0,30.480091094970703,-30.48012924194336,2.267545461654663,0,6.9807538986206055
0.08266999572515488,0.09999997168779373,0.0000000903351917713735,0.0006861621513962746,0.002221067436039448,0,0,44.02743911743164,-44.02748489379883,3.0187973976135254,0,6.9807538986206055
0.08267499506473541,0.09999997168779373,0.00000010130038674560637,0.0006861621513962746,0.0021930388174951077,0,0,55.41752243041992,-55.41758346557617,3.666457414627075,0,6.9807538986206055
0.08267999440431595,0.09999997168779373,0.00000011208918238025944,0.0006861621513962746,0.0021577589213848114,0,0,63.92086410522461,-63.920928955078125,4.17593240737915,0,6.9807538986206055
0.08268500119447708,0.09999997168779373,0.00000012267450699710025,0.0006861621513962746,0.0021170657128095627,0,0,69.01720428466797,-69.01727294921875,4.522550106048584,0,6.9807538986206055
0.08269000053405762,0.09999997168779373,0.00000013304014601089875,0.0006861621513962746,0.0020731277763843536,0,0,70.4347152709961,-70.43479919433594,4.693406581878662,0,6.9807538986206055
0.08269499987363815,0.09999997168779373,0.0000001431815803698555,0.0006861621513962746,0.0020282878540456295,0,0,67.99516296386719,-67.99524688720703,4.679569244384766,0,6.9807538986206055
0.08269999921321869,0.09999997168779373,0.00000015310658341149974,0.0006861621513962746,0.0019850009121000767,0,0,61.90342330932617,-61.90351104736328,4.490525722503662,0,6.9807538986206055
0.08270499855279922,0.09999997168779373,0.00000016283453874166298,0.0006861621513962746,0.0019455919973552227,0,0,52.7536506652832,-52.75373840332031,4.154519557952881,0,6.9807538986206055
0.08270999789237976,0.09999997168779373,0.0000001723945786125114,0.0006861621513962746,0.0019120080396533012,0,0,41.38280487060547,-41.38289260864258,3.7113428115844727,0,6.9807538986206055
0.0827149972319603,0.09999997168779373,0.0000001818228980710046,0.0006861621513962746,0.0018856630194932222,0,0,28.802003860473633,-28.802087783813477,3.209080934524536,0,6.9807538986206055
0.08271999657154083,0.09999997168779373,0.00000019115952909487532,0.0006861621513962746,0.0018673271406441927,0,0,16.113618850708008,-16.113698959350586,2.7001798152923584,0,6.9807538986206055
0.08272499591112137,0.09999997168779373,0.00000020044487314407888,0.0006861621513962746,0.0018570688553154469,0,0,4.421098709106445,-4.42117166519165,2.2371666431427,0,6.9807538986206055
0.0827299952507019,0.09999997168779373,0.0000002097161484471144,0.0006861621513962746,0.0018542543984949589,0,0,5.261041641235352,5.2609758377075195,1.8683786392211914,0,6.9807538986206055
0.08273499459028244,0.09999997168779373,0.0000002190041641370044,0.0006861621513962746,0.0018576036673039198,0,0,12.089509963989258,12.089452743530273,1.6340563297271729,0,6.9807538986206055
0.08274000138044357,0.09999997168779373,0.0000002283306628214632,0.0006861621513962746,0.001865300117060542,0,0,14.931658744812012,14.931609153747559,1.5895391702651978,0,6.9807538986206055
0.08274500072002411,0.09999997168779373,0.00000023770469681494433,0.0006861621513962746,0.0018748058937489986,0,0,14.177314758300781,14.177273750305176,1.7148571014404297,0,6.9807538986206055
0.08275000005960464,0.09999997168779373,0.00000024712386448300094,0.0006861621513962746,0.0018838313408195972,0,0,10.079971313476563,10.079938888549805,1.997625708580017,0,6.9807538986206055
0.08275499939918518,0.09999997168779373,0.00000025657510605014977,0.0006861621513962746,0.0018902483861893415,0,0,2.560297727584839,2.560272693634033,2.442814350128174,0,6.9807538986206055
0.08275999873876572,0.09999997168779373,0.0000002660345046479051,0.0006861621513962746,0.0018918784335255623,0,0,7.8201904296875,-7.820209503173828,3.0240285396575928,0,6.9807538986206055
0.08276499807834625,0.09999997168779373,0.00000027546900582819944,0.0006861621513962746,0.0018869000487029552,0,0,19.23816680908203,-19.238182067871094,3.6523170471191406,0,6.9807538986206055
0.08276999741792679,0.09999997168779373,0.00000028484225822467124,0.0006861621513962746,0.0018746526911854744,0,0,31.529815673828125,-31.529827117919922,4.321910858154297,0,6.9807538986206055
0.08277499675750732,0.09999997168779373,0.0000002941151535651443,0.0006861621513962746,0.0018545801285654306,0,0,44.13199234008789,-44.13200378417969,5.007168769836426,0,6.9807538986206055
0.08277999609708786,0.09999997168779373,0.00000030324758881761227,0.0006861621513962746,0.0018264849204570055,0,0,56.18598556518555,-56.18600082397461,5.6675944328308105,0,6.9807538986206055
0.0827849954366684,0.09999997168779373,0.0000003122011662526347,0.0006861621513962746,0.0017907158471643925,0,0,66.89473724365234,-66.89476013183594,6.265467166900635,0,6.9807538986206055
0.08278999477624893,0.09999997168779373,0.0000003209418082406046,0.0006861621513962746,0.0017481292597949505,0,0,75.58567810058594,-75.58570098876953,6.768791198730469,0,6.9807538986206055
0.08279500156641006,0.09999997168779373,0.0000003294418604582461,0.0006861621513962746,0.0017000099178403616,0,0,81.75331115722656,-81.75335693359375,7.153345108032227,0,6.9807538986206055
0.0828000009059906,0.09999997168779373,0.0000003376816835043428,0.0006861621513962746,0.0016479641199111938,0,0,85.03761291503906,-85.03765869140625,7.401509761810303,0,6.9807538986206055
0.08280500024557114,0.09999997168779373,0.00000034565081818982435,0.0006861621513962746,0.0015938275028020144,0,0,85.07856750488281,-85.07862854003906,7.494950771331787,0,6.9807538986206055
0.08280999958515167,0.09999997168779373,0.000000353349150827853,0.0006861621513962746,0.0015396648086607456,0,0,82.07949829101563,-82.07958984375,7.442765235900879,0,6.9807538986206055
0.08281499892473221,0.09999997168779373,0.00000036078620269108796,0.0006861621513962746,0.0014874113257974386,0,0,76.49732971191406,-76.4974365234375,7.266047477722168,0,6.9807538986206055
0.08281999826431274,0.09999997168779373,0.00000036797976576963265,0.0006861621513962746,0.0014387115370482206,0,0,68.99899291992188,-68.9991226196289,6.995856285095215,0,6.9807538986206055
0.08282499760389328,0.09999997168779373,0.00000037495368587769917,0.0006861621513962746,0.001394785474985838,0,0,60.400367736816406,-60.40052032470703,6.67034387588501,0,6.9807538986206055
0.08282999694347382,0.09999997168779373,0.00000038173536154317844,0.0006861621513962746,0.0013563334941864014,0,0,51.593017578125,-51.59318923950195,6.331309795379639,0,6.9807538986206055
0.08283499628305435,0.09999997168779373,0.00000038835281657156884,0.0006861621513962746,0.0013234883081167936,0,0,43.46511459350586,-43.465301513671875,6.020474910736084,0,6.9807538986206055
0.08283999562263489,0.09999997168779373,0.000000394831914718452,0.0006861621513962746,0.0012958175502717495,0,0,36.82352828979492,-36.823734283447266,5.775812149047852,0,6.9807538986206055
0.08284499496221542,0.09999997168779373,0.00000040119380173564423,0.0006861621513962746,0.0012723749969154596,0,0,32.32370376586914,-32.32392120361328,5.628233432769775,0,6.9807538986206055
0.08284999430179596,0.09999997168779373,0.00000040745277374298894,0.0006861621513962746,0.001251797191798687,0,0,30.41166114807129,-30.41189193725586,5.598863124847412,0,6.9807538986206055
0.08285500109195709,0.09999997168779373,0.0000004136149698297231,0.0006861621513962746,0.0012324366252869368,0,0,31.289411544799805,-31.28964614868164,5.69738245010376,0,6.9807538986206055
0.08286000043153763,0.09999997168779373,0.00000041967754782490374,0.0006861621513962746,0.0012125172652304173,0,0,34.899017333984375,-34.89925765991211,5.9212751388549805,0,6.9807538986206055
0.08286499977111816,0.09999997168779373,0.00000042562905377963034,0.0006861621513962746,0.001190299866721034,0,0,40.93244552612305,-40.93268585205078,6.256266117095947,0,6.9807538986206055
0.0828699991106987,0.09999997168779373,0.00000043145027461832797,0.0006861621513962746,0.001164241461083293,0,0,48.867401123046875,-48.867637634277344,6.677974224090576,0,6.9807538986206055
0.08287499845027924,0.09999997168779373,0.000000437115943441313,0.0006861621513962746,0.0011331315618008375,0,0,58.0067138671875,-58.006935119628906,7.153797149658203,0,6.9807538986206055
0.08287999778985977,0.09999997168779373,0.0000004425969564181287,0.0006861621513962746,0.0010962032247334719,0,0,67.54048156738281,-67.54069519042969,7.645840167999268,0,6.9807538986206055
0.08288499712944031,0.09999997168779373,0.0000004478629875848128,0.0006861621513962746,0.0010532056912779808,0,0,76.61811828613281,-76.6183090209961,8.11430549621582,0,6.9807538986206055
0.08288999646902084,0.09999997168779373,0.0000004528851320628746,0.0006861621513962746,0.001004429068416357,0,0,84.42396545410156,-84.42414093017578,8.521053314208984,0,6.9807538986206055
0.08289499580860138,0.09999997168779373,0.00000045763854927827197,0.0006861621513962746,0.0009506831411272287,0,0,90.25013732910156,-90.25029754638672,8.833035469055176,0,6.9807538986206055
0.08289999514818192,0.09999997168779373,0.0000004621046798547468,0.0006861621513962746,0.0008932281052693725,0,0,93.56024932861328,-93.56038665771484,9.025287628173828,0,6.9807538986206055
0.08290499448776245,0.09999997168779373,0.00000046627300775980984,0.0006861621513962746,0.0008336658356711268,0,0,94.03849029541016,-94.03860473632813,9.083235740661621,0,6.9807538986206055
0.08291000127792358,0.09999997168779373,0.0000004701419982211519,0.0006861621513962746,0.000773799023590982,0,0,91.47158813476563,-91.47168731689453,8.99669361114502,0,6.9807538986206055
0.08291500061750412,0.09999997168779373,0.00000047371983669108886,0.0006861621513962746,0.0007155664497986436,0,0,86.36759185791016,-86.36766815185547,8.790716171264648,0,6.9807538986206055
0.08291999995708466,0.09999997168779373,0.0000004770227519657055,0.0006861621513962746,0.0006605831440538168,0,0,79.0249252319336,-79.02497863769531,8.479126930236816,0,6.9807538986206055
0.08292499929666519,0.09999997168779373,0.0000004800741066901537,0.0006861621513962746,0.0006102742627263069,0,0,70.10243225097656,-70.10247802734375,8.093093872070313,0,6.9807538986206055
0.08292999863624573,0.09999997168779373,0.0000004829023509955732,0.0006861621513962746,0.0005656456341966987,0,0,60.823997497558594,-60.82402801513672,7.6915082931518555,0,6.9807538986206055
0.08293499797582626,0.09999997168779373,0.0000004855369866163528,0.0006861621513962746,0.0005269239190965891,0,0,52.260284423828125,-52.26030349731445,7.325325965881348,0,6.9807538986206055
0.0829399973154068,0.09999997168779373,0.0000004880052415501268,0.0006861621513962746,0.0004936539335176349,0,0,44.47188186645508,-44.471900939941406,6.994962215423584,0,6.9807538986206055
0.08294499665498734,0.09999997168779373,0.0000004903319563709374,0.0006861621513962746,0.00046534225111827254,0,0,38.17030715942383,-38.17033004760742,6.733456611633301,0,6.9807538986206055
0.08294999599456787,0.09999997168779373,0.0000004925371399622236,0.0006861621513962746,0.0004410422989167273,0,0,33.96227264404297,-33.96229934692383,6.568886756896973,0,6.9807538986206055
0.08295499533414841,0.09999997168779373,0.0000004946342642142554,0.0006861621513962746,0.0004194212378934026,0,0,32.33697509765625,-32.337013244628906,6.523909568786621,0,6.9807538986206055
0.08295999467372894,0.09999997168779373,0.0000004966284450347302,0.0006861621513962746,0.00039883487625047565,0,0,33.86848068237305,-33.8685302734375,6.626023292541504,0,6.9807538986206055
0.08296500146389008,0.09999997168779373,0.0000004985147938896262,0.0006861621513962746,0.00037727353628724813,0,0,38.556156158447266,-38.55622482299805,6.874728202819824,0,6.9807538986206055
0.08297000080347061,0.09999997168779373,0.0000005002784178032016,0.0006861621513962746,0.00035272794775664806,0,0,46.124595642089844,-46.12468338012695,7.256549835205078,0,6.9807538986206055
0.08297500014305115,0.09999997168779373,0.0000005018952151658596,0.0006861621513962746,0.0003233641036786139,0,0,56.04265594482422,-56.04277038574219,7.745963096618652,0,6.9807538986206055
0.08297999948263168,0.09999997168779373,0.0000005033336378801323,0.0006861621513962746,0.0002876862417906523,0,0,67.49945831298828,-67.49959564208984,8.304091453552246,0,6.9807538986206055
0.08298499882221222,0.09999997168779373,0.0000005045571924711112,0.0006861621513962746,0.00024471472715958953,0,0,79.07415008544922,-79.07431030273438,8.862041473388672,0,6.9807538986206055
0.08298999816179276,0.09999997168779373,0.0000005055290444033744,0.0006861621513962746,0.00019437455921433866,0,0,90.43636322021484,-90.43655395507813,9.40566635131836,0,6.9807538986206055
0.08299499750137329,0.09999997168779373,0.0000005062130412625265,0.0006861621513962746,0.0001368009834550321,0,0,100.71601867675781,-100.71622467041016,9.893928527832031,0,6.9807538986206055
0.08299999684095383,0.09999997168779373,0.0000005065764412393037,0.0006861621513962746,0.00007268317858688533,0,0,109.10735321044922,-109.10758972167969,10.288907051086426,0,6.9807538986206055
0.08300499618053436,0.09999997168779373,0.0000005065925847702601,0.0006861621513962746,0.0000032232783269137144,0,0,114.9327163696289,-114.93296813964844,10.5587797164917,0,6.9807538986206055
0.0830099955201149,0.09999997168779373,0.0000005062428840574285,0.0006861621513962746,-0.00006994516297709197,0,0,117.66587829589844,-117.66615295410156,10.678831100463867,0,6.9807538986206055
0.08301499485969543,0.09999997168779373,0.0000005055186420577229,0.0006861621513962746,-0.0001448535913368687,0,0,116.82284545898438,-116.8231201171875,10.625787734985352,0,6.9807538986206055
0.08301999419927597,0.09999997168779373,0.0000005044225304118299,0.0006861621513962746,-0.0002192253159591928,0,0,112.40946197509766,-112.40974426269531,10.400176048278809,0,6.9807538986206055
0.0830250009894371,0.09999997168779373,0.0000005029685894442082,0.0006861621513962746,-0.00029078740044496953,0,0,104.71429443359375,-104.7145767211914,10.01596736907959,0,6.9807538986206055
0.08303000032901764,0.09999997168779373,0.0000005011813186683867,0.0006861621513962746,-0.0003574505972210318,0,0,94.28734588623047,-94.28763580322266,9.499561309814453,0,6.9807538986206055
0.08303499966859818,0.09999997168779373,0.0000004990939146409801,0.0006861621513962746,-0.0004174757923465222,0,0,81.90093994140625,-81.9012222290039,8.887895584106445,0,6.9807538986206055
0.08303999900817871,0.09999997168779373,0.0000004967458266946778,0.0006861621513962746,-0.0004696155374404043,0,0,68.48811340332031,-68.48837280273438,8.22552490234375,0,6.9807538986206055
0.08304499834775925,0.09999997168779373,0.0000004941797442370444,0.0006861621513962746,-0.0005132164224050939,0,0,55.06744384765625,-55.06768798828125,7.561040878295898,0,6.9807538986206055
0.08304999768733978,0.09999997168779373,0.0000004914383566756442,0.0006861621513962746,-0.0005482734995894134,0,0,42.66061782836914,-42.66083908081055,6.9431633949279785,0,6.9807538986206055
0.08305499702692032,0.09999997168779373,0.0000004885611701865855,0.0006861621513962746,-0.0005754321464337409,0,0,32.209442138671875,-32.20964431762695,6.416796684265137,0,6.9807538986206055
0.08305999636650085,0.09999997168779373,0.0000004855814950133208,0.0006861621513962746,-0.0005959373083896935,0,0,24.72051239013672,-24.72068977355957,6.030458450317383,0,6.9807538986206055
0.08306499570608139,0.09999997168779373,0.0000004825231485483528,0.0006861621513962746,-0.0006116749136708677,0,0,21.153038024902344,-21.1531925201416,5.830862045288086,0,6.9807538986206055
0.08306999504566193,0.09999997168779373,0.0000004793974426320347,0.0006861621513962746,-0.0006251413724385202,0,0,20.80278778076172,-20.802915573120117,5.782275199890137,0,6.9807538986206055
0.08307499438524246,0.09999997168779373,0.0000004762055141327437,0.0006861621513962746,-0.0006383848958648741,0,0,23.63488006591797,-23.634984970092773,5.883086681365967,0,6.9807538986206055
0.0830800011754036,0.09999997168779373,0.00000047293835336859047,0.0006861621513962746,-0.0006534313433803618,0,0,29.49069595336914,-29.490779876708984,6.1261372566223145,0,6.9807538986206055
0.08308500051498413,0.09999997168779373,0.0000004695773156981886,0.0006861621513962746,-0.0006722057587467134,0,0,38.056026458740234,-38.05609130859375,6.497081279754639,0,6.9807538986206055
0.08308999985456467,0.09999997168779373,0.0000004660951447021944,0.0006861621513962746,-0.0006964329513721168,0,0,48.5944938659668,-48.594539642333984,6.960964679718018,0,6.9807538986206055
0.0830949991941452,0.09999997168779373,0.0000004624583027634799,0.0006861621513962746,-0.0007273691589944065,0,0,59.642154693603516,-59.642189025878906,7.44680118560791,0,6.9807538986206055
0.08309999853372574,0.09999997168779373,0.0000004586316038057703,0.0006861621513962746,-0.0007653384818695486,0,0,70.16028594970703,-70.16030883789063,7.904935836791992,0,6.9807538986206055
0.08310499787330627,0.09999997168779373,0.000000454581595477066,0.0006861621513962746,-0.0008100038976408541,0,0,80.09760284423828,-80.09761810302734,8.334955215454102,0,6.9807538986206055
0.08310999721288681,0.09999997168779373,0.00000045027661599306157,0.0006861621513962746,-0.0008609956130385399,0,0,88.70881652832031,-88.70883178710938,8.701523780822754,0,6.9807538986206055
0.08311499655246735,0.09999997168779373,0.00000044568926682586607,0.0006861621513962746,-0.0009174693841487169,0,0,95.3553695678711,-95.35538482666016,8.97428035736084,0,6.9807538986206055
0.08311999589204788,0.09999997168779373,0.0000004407984022236633,0.0006861621513962746,-0.0009781745029613376,0,0,99.55235290527344,-99.55238342285156,9.13004207611084,0,6.9807538986206055
0.08312499523162842,0.09999997168779373,0.0000004355906355613115,0.0006861621513962746,-0.0010415514698252082,0,0,100.9033432006836,-100.90338134765625,9.149456977844238,0,6.9807538986206055
0.08312999457120895,0.09999997168779373,0.00000043006170358239615,0.0006861621513962746,-0.0011057885130867362,0,0,99.06576538085938,-99.0658187866211,9.01522445678711,0,6.9807538986206055
0.08313500136137009,0.09999997168779373,0.00000042421743273735046,0.0006861621513962746,-0.0011688558151945472,0,0,94.21770477294922,-94.2177734375,8.735406875610352,0,6.9807538986206055
0.08314000070095062,0.09999997168779373,0.00000041807325601439516,0.0006861621513962746,-0.0012288367142900825,0,0,86.77825164794922,-86.77833557128906,8.32951545715332,0,6.9807538986206055
0.08314500004053116,0.09999997168779373,0.00000041165284869748575,0.0006861621513962746,-0.0012840813724324107,0,0,77.36870574951172,-77.36880493164063,7.826686382293701,0,6.9807538986206055
0.0831499993801117,0.09999997168779373,0.0000004049861672683619,0.0006861621513962746,-0.0013333357637748122,0,0,66.75165557861328,-66.75177764892578,7.262845039367676,0,6.9807538986206055
0.08315499871969223,0.09999997168779373,0.00000039810700513953634,0.0006861621513962746,-0.0013758310815319419,0,0,55.997657775878906,-55.997798919677734,6.689305782318115,0,6.9807538986206055
0.08315999805927277,0.09999997168779373,0.0000003910496104708727,0.0006861621513962746,-0.0014114802470430732,0,0,45.95753479003906,-45.95769119262695,6.146478652954102,0,6.9807538986206055
0.0831649973988533,0.09999997168779373,0.0000003838459292637708,0.0006861621513962746,-0.0014407377457246184,0,0,37.02348327636719,-37.023651123046875,5.6521100997924805,0,6.9807538986206055
0.08316999673843384,0.09999997168779373,0.000000376524383227661,0.0006861621513962746,-0.001464307657442987,0,0,29.784950256347656,-29.78512954711914,5.234182357788086,0,6.9807538986206055
0.08317499607801437,0.09999997168779373,0.0000003691080223688914,0.0006861621513962746,-0.001483269385062158,0,0,24.684017181396484,-24.684207916259766,4.913805961608887,0,6.9807538986206055
0.08317999541759491,0.09999997168779373,0.00000036161310390525614,0.0006861621513962746,-0.0014989838236942887,0,0,21.98421859741211,-21.984413146972656,4.703745365142822,0,6.9807538986206055
0.08318499475717545,0.09999997168779373,0.0000003540482111930032,0.0006861621513962746,-0.0015129795065149665,0,0,21.912353515625,-21.91254997253418,4.615548133850098,0,6.9807538986206055
0.08319000154733658,0.09999997168779373,0.0000003464135716058081,0.0006861621513962746,-0.0015269293216988444,0,0,24.300065994262695,-24.300262451171875,4.641651630401611,0,6.9807538986206055
0.08319500088691711,0.09999997168779373,0.0000003387015681255434,0.0006861621513962746,-0.0015423992881551385,0,0,28.764156341552734,-28.76434898376465,4.764354228973389,0,6.9807538986206055
0.08320000022649765,0.09999997168779373,0.0000003308980183192034,0.0006861621513962746,-0.0015607111854478717,0,0,34.74822235107422,-34.74840545654297,4.957740783691406,0,6.9807538986206055
0.08320499956607819,0.09999997168779373,0.00000032298385121976025,0.0006861621513962746,-0.0015828326577320695,0,0,41.57270812988281,-41.572879791259766,5.19003963470459,0,6.9807538986206055
0.08320999890565872,0.09999997168779373,0.00000031493735264120915,0.0006861621513962746,-0.0016092987498268485,0,0,48.49032974243164,-48.4904899597168,5.426255226135254,0,6.9807538986206055
0.08321499824523926,0.09999997168779373,0.00000030673652418045094,0.0006861621513962746,-0.0016401686007156968,0,0,54.75176239013672,-54.75190734863281,5.631263256072998,0,6.9807538986206055
0.0832199975848198,0.09999997168779373,0.0000002983614137974655,0.0006861621513962746,-0.001675024745054543,0,0,59.671199798583984,-59.671329498291016,5.772904872894287,0,6.9807538986206055
0.08322499692440033,0.09999997168779373,0.00000028979636113035667,0.0006861621513962746,-0.0017130126943811774,0,0,62.68632125854492,-62.68643569946289,5.824811935424805,0,6.9807538986206055
0.08322999626398087,0.09999997168779373,0.000000281031759641337,0.0006861621513962746,-0.0017529200995340943,0,0,63.41131591796875,-63.411415100097656,5.768893718719482,0,6.9807538986206055
0.0832349956035614,0.09999997168779373,0.00000027206530717194255,0.0006861621513962746,-0.0017932889750227332,0,0,61.67100143432617,-61.67108154296875,5.596940517425537,0,6.9807538986206055
0.08323999494314194,0.09999997168779373,0.0000002629025459555123,0.0006861621513962746,-0.001832550042308867,0,0,57.51604080200195,-57.516109466552734,5.311343669891357,0,6.9807538986206055
0.08324499428272247,0.09999997168779373,0.00000025355672050864086,0.0006861621513962746,-0.0018691659206524491,0,0,51.65047836303711,-51.65052795410156,4.946485996246338,0,6.9807538986206055
0.0832500010728836,0.09999997168779373,0.0000002440464754727145,0.0006861621513962746,-0.0019020476611331105,0,0,44.780303955078125,-44.780338287353516,4.536299228668213,0,6.9807538986206055
0.08325500041246414,0.09999997168779373,0.0000002343936955639947,0.0006861621513962746,-0.001930555677972734,0,0,36.811553955078125,-36.811580657958984,4.0743207931518555,0,6.9807538986206055
0.08325999975204468,0.09999997168779373,0.00000022462374715814803,0.0006861621513962746,-0.001953990664333105,0,0,28.32333755493164,-28.32335662841797,3.587409734725952,0,6.9807538986206055
0.08326499909162521,0.09999997168779373,0.00000021476363087913342,0.0006861621513962746,-0.0019720220007002354,0,0,19.942142486572266,-19.942155838012695,3.104628086090088,0,6.9807538986206055
0.08326999843120575,0.09999997168779373,0.000000204840034712106,0.0006861621513962746,-0.0019847177900373936,0,0,12.28925609588623,-12.289265632629395,2.654792308807373,0,6.9807538986206055
0.08327499777078629,0.09999997168779373,0.00000019487733027290233,0.0006861621513962746,-0.001992541365325451,0,0,5.928416728973389,-5.92842435836792,2.2640364170074463,0,6.9807538986206055
0.08327999711036682,0.09999997168779373,0.00000018489575381863688,0.0006861621513962746,-0.00199631555005908,0,0,1.3171435594558716,-1.3171510696411133,1.9535481929779053,0,6.9807538986206055
0.08328499644994736,0.09999997168779373,0.00000017490998516223044,0.0006861621513962746,-0.0019971542060375214,0,0,1.2418489456176758,1.24183988571167,1.7373563051223755,0,6.9807538986206055
0.0832899957895279,0.09999997168779373,0.00000016492816712343483,0.0006861621513962746,-0.001996363513171673,0,0,1.4515981674194336,1.4515862464904785,1.6297727823257446,0,6.9807538986206055
0.08329499512910843,0.09999997168779373,0.00000015495096761242166,0.0006861621513962746,-0.001995439175516367,0,0,0.7627089023590088,-0.7627243399620056,1.6346371173858643,0,6.9807538986206055
0.08329999446868896,0.09999997168779373,0.0000001449713380452522,0.0006861621513962746,-0.001995924860239029,0,0,5.112339019775391,-5.112358093261719,1.738256812095642,0,6.9807538986206055
0.0833050012588501,0.09999997168779373,0.00000013497543704943382,0.0006861621513962746,-0.0019991793669760227,0,0,11.113554000854492,-11.113577842712402,1.9177755117416382,0,6.9807538986206055
0.08331000059843063,0.09999997168779373,0.0000001249441652362293,0.0006861621513962746,-0.0020062546245753765,0,0,18.128202438354492,-18.128231048583984,2.143092393875122,0,6.9807538986206055
0.08331499993801117,0.09999997168779373,0.00000011485519024745372,0.0006861621513962746,-0.0020177955739200115,0,0,25.417898178100586,-25.41792869567871,2.3794257640838623,0,6.9807538986206055
0.0833199992775917,0.09999997168779373,0.00000010468530575735713,0.0006861621513962746,-0.0020339773036539555,0,0,32.20713806152344,-32.20717239379883,2.5902950763702393,0,6.9807538986206055
0.08332499861717224,0.09999997168779373,0.00000009441290416134507,0.0006861621513962746,-0.0020544808357954025,0,0,37.749813079833984,-37.74985122680664,2.740664005279541,0,6.9807538986206055
0.08332999795675278,0.09999997168779373,0.00000008402033557786126,0.0006861621513962746,-0.0020785131491720676,0,0,41.39461135864258,-41.394649505615234,2.800022602081299,0,6.9807538986206055
0.08333499729633331,0.09999997168779373,0.0000000734960039494581,0.0006861621513962746,-0.0021048658527433872,0,0,42.64189147949219,-42.64192581176758,2.7450718879699707,0,6.9807538986206055
0.08333999663591385,0.09999997168779373,0.00000006283594444767004,0.0006861621513962746,-0.0021320125088095665,0,0,41.1883544921875,-41.188385009765625,2.561826467514038,0,6.9807538986206055
0.08334499597549438,0.09999997168779373,0.000000052044775600279536,0.0006861621513962746,-0.0021582338958978653,0,0,36.95573806762695,-36.95576858520508,2.246957778930664,0,6.9807538986206055
0.08334999531507492,0.09999997168779373,0.000000041135972850270264,0.0006861621513962746,-0.002181760501116514,0,0,30.100605010986328,-30.100627899169922,1.8082441091537476,0,6.9807538986206055
0.08335499465465546,0.09999997168779373,0.0000000301313605177711,0.0006861621513962746,-0.002200922928750515,0,0,21.00433921813965,-21.004356384277344,1.2640841007232666,0,6.9807538986206055
0.08336000144481659,0.09999997168779373,0.00000001905988611383691,0.0006861621513962746,-0.002214294858276844,0,0,10.244178771972656,-10.24418830871582,0.6421117186546326,0,6.9807538986206055
0.08336500078439713,0.09999997168779373,0.00000000795580401558027,0.0006861621513962746,-0.002220816444605589,0,0,1.4525011777877808,1.4524986743927002,-0.022978665307164192,0,6.9807538986206055
0.08337000012397766,0.09999997168779373,-0.0000000031436542258234113,0.0006861621513962746,-0.0022198916412889957,0,0,13.266951560974121,13.266956329345703,-0.6922240257263184,0,6.9807538986206055
0.0833749994635582,0.09999997168779373,-0.000000014200881359727191,0.0006861621513962746,-0.002211445476859808,0,0,24.35598373413086,24.355993270874023,-1.3255683183670044,0,6.9807538986206055
0.08337999880313873,0.09999997168779373,-0.000000025180579399375347,0.0006861621513962746,-0.002195939887315035,0,0,33.921592712402344,33.921607971191406,-1.8851633071899414,0,6.9807538986206055
0.08338499814271927,0.09999997168779373,-0.00000003605230247671898,0.0006861621513962746,-0.0021743448451161385,0,0,41.27747344970703,41.27749252319336,-2.3385183811187744,0,6.9807538986206055
0.0833899974822998,0.09999997168779373,-0.00000004679263554407953,0.0006861621513962746,-0.002148066647350788,0,0,45.24776840209961,45.24778747558594,-2.6282825469970703,0,6.9807538986206055
0.08339499682188034,0.09999997168779373,-0.00000005738893804618783,0.0006861621513962746,-0.0021192608401179314,0,0,46.31819152832031,46.318214416503906,-2.7795908451080322,0,6.9807538986206055
0.08339999616146088,0.09999997168779373,-0.00000006783780293062591,0.0006861621513962746,-0.0020897737704217434,0,0,44.630794525146484,44.630821228027344,-2.799828290939331,0,6.9807538986206055
0.08340499550104141,0.09999997168779373,-0.00000007814460900590348,0.0006861621513962746,-0.0020613609813153744,0,0,40.38465881347656,40.384681701660156,-2.698647975921631,0,6.9807538986206055
0.08340999484062195,0.09999997168779373,-0.00000008832286368942732,0.0006861621513962746,-0.0020356513559818268,0,0,33.82417297363281,33.82419204711914,-2.487405300140381,0,6.9807538986206055
0.08341499418020248,0.09999997168779373,-0.0000000983934569376288,0.0006861621513962746,-0.0020141182467341423,0,0,25.479463577270508,25.479480743408203,-2.1912341117858887,0,6.9807538986206055
0.08342000097036362,0.09999997168779373,-0.00000010838294173254326,0.0006861621513962746,-0.0019978974014520645,0,0,16.107759475708008,16.10777473449707,-1.8462214469909668,0,6.9807538986206055
0.08342500030994415,0.09999997168779373,-0.00000011832115376364527,0.0006861621513962746,-0.001987643074244261,0,0,6.554749488830566,6.5547614097595215,-1.4926300048828125,0,6.9807538986206055
0.08342999964952469,0.09999997168779373,-0.00000012823851136545272,0.0006861621513962746,-0.001983470283448696,0,0,1.6701951026916504,-1.6701858043670654,-1.2038317918777466,0,6.9807538986206055
0.08343499898910522,0.09999997168779373,-0.00000013816118382692366,0.0006861621513962746,-0.0019845333881676197,0,0,8.218180656433105,-8.218173027038574,-0.9953666925430298,0,6.9807538986206055
0.08343999832868576,0.09999997168779373,-0.00000014811000426107057,0.0006861621513962746,-0.001989765092730522,0,0,12.94437313079834,-12.944367408752441,-0.872870147228241,0,6.9807538986206055
0.0834449976682663,0.09999997168779373,-0.00000015810003617389157,0.0006861621513962746,-0.0019980059005320072,0,0,15.406111717224121,-15.406105041503906,-0.8572378754615784,0,6.9807538986206055
0.08344999700784683,0.09999997168779373,-0.00000016813910974633473,0.0006861621513962746,-0.002007813658565283,0,0,15.25590705871582,-15.255899429321289,-0.9650733470916748,0,6.9807538986206055
0.08345499634742737,0.09999997168779373,-0.00000017822674180933973,0.0006861621513962746,-0.0020175259560346603,0,0,12.122389793395996,-12.122379302978516,-1.2147104740142822,0,6.9807538986206055
0.0834599956870079,0.09999997168779373,-0.0000001883529563428965,0.0006861621513962746,-0.0020252433605492115,0,0,6.151965141296387,-6.151949882507324,-1.599184513092041,0,6.9807538986206055
0.08346499502658844,0.09999997168779373,-0.00000019849875343425083,0.0006861621513962746,-0.002029160037636757,0,0,2.0891270637512207,2.089149236679077,-2.091094970703125,0,6.9807538986206055
0.08346999436616898,0.09999997168779373,-0.00000020863789984559844,0.0006861621513962746,-0.002027830109000206,0,0,11.839422225952148,11.83945369720459,-2.6537282466888428,0,6.9807538986206055
0.08347500115633011,0.09999997168779373,-0.00000021873935907024133,0.0006861621513962746,-0.002020292915403843,0,0,22.756759643554688,22.75680160522461,-3.2716195583343506,0,6.9807538986206055
0.08348000049591064,0.09999997168779373,-0.00000022876838556840084,0.0006861621513962746,-0.002005805727094412,0,0,34.144004821777344,34.14405822753906,-3.9116435050964355,0,6.9807538986206055
0.08348499983549118,0.09999997168779373,-0.0000002386887274496985,0.0006861621513962746,-0.001984069123864174,0,0,45.273990631103516,45.2740592956543,-4.539219856262207,0,6.9807538986206055
0.08348999917507172,0.09999997168779373,-0.000000248464971264184,0.0006861621513962746,-0.0019552470184862614,0,0,55.443511962890625,55.44359588623047,-5.120863437652588,0,6.9807538986206055
0.08349499851465225,0.09999997168779373,-0.0000002580647162631067,0.0006861621513962746,-0.0019199505914002657,0,0,64.02518463134766,64.0252914428711,-5.626643180847168,0,6.9807538986206055
0.08349999785423279,0.09999997168779373,-0.00000026746067760541337,0.0006861621513962746,-0.001879190793260932,0,0,70.51338958740234,70.51350402832031,-6.032354831695557,0,6.9807538986206055
0.08350499719381332,0.09999997168779373,-0.00000027663219270834816,0.0006861621513962746,-0.0018343005795031786,0,0,74.55517578125,74.55531311035156,-6.320973873138428,0,6.9807538986206055
0.08350999653339386,0.09999997168779373,-0.0000002855663865375391,0.0006861621513962746,-0.0017868373543024063,0,0,75.79202270507813,75.79217529296875,-6.47468900680542,0,6.9807538986206055
0.0835149958729744,0.09999997168779373,-0.0000002942593084753753,0.0006861621513962746,-0.0017385866958647966,0,0,74.28120422363281,74.28136444091797,-6.49592399597168,0,6.9807538986206055
0.08351999521255493,0.09999997168779373,-0.00000030271579021246,0.0006861621513962746,-0.001691297860816121,0,0,70.29671478271484,70.29688262939453,-6.3974175453186035,0,6.9807538986206055
0.08352499455213547,0.09999997168779373,-0.0000003109485078311991,0.0006861621513962746,-0.0016465454827994108,0,0,64.30560302734375,64.3057861328125,-6.201104640960693,0,6.9807538986206055
0.0835300013422966,0.09999997168779373,-0.00000031897653229862044,0.0006861621513962746,-0.0016056073363870382,0,0,56.92878341674805,56.9289665222168,-5.936257362365723,0,6.9807538986206055
0.08353500068187714,0.09999997168779373,-0.00000032682336836842296,0.0006861621513962746,-0.0015693653840571642,0,0,48.88759231567383,48.88777542114258,-5.636964797973633,0,6.9807538986206055
0.08354000002145767,0.09999997168779373,-0.000000334514595579094,0.0006861621513962746,-0.0015382426790893078,0,0,40.94187545776367,40.94205856323242,-5.339208126068115,0,6.9807538986206055
0.08354499936103821,0.09999997168779373,-0.00000034207548083031725,0.0006861621513962746,-0.0015121782198548317,0,0,33.826900482177734,33.82707977294922,-5.077869892120361,0,6.9807538986206055
0.08354999870061874,0.09999997168779373,-0.0000003495287046462181,0.0006861621513962746,-0.001490643247961998,0,0,28.193267822265625,28.193435668945313,-4.883882999420166,0,6.9807538986206055
0.08355499804019928,0.09999997168779373,-0.00000035689217270373774,0.0006861621513962746,-0.0014726947993040085,0,0,24.552642822265625,24.55280113220215,-4.781661510467529,0,6.9807538986206055
0.08355999737977982,0.09999997168779373,-0.00000036417748106032377,0.0006861621513962746,-0.0014570641797035933,0,0,23.236745834350586,23.23689079284668,-4.787149906158447,0,6.9807538986206055
0.08356499671936035,0.09999997168779373,-0.0000003713888361289719,0.0006861621513962746,-0.0014422712847590446,0,0,24.371965408325195,24.372095108032227,-4.906611919403076,0,6.9807538986206055
0.08356999605894089,0.09999997168779373,-0.00000037852262835258443,0.0006861621513962746,-0.0014267556834965944,0,0,27.871719360351563,27.8718318939209,-5.136256217956543,0,6.9807538986206055
0.08357499539852142,0.09999997168779373,-0.00000038556768799935526,0.0006861621513962746,-0.0014090118929743767,0,0,33.44707489013672,33.44717025756836,-5.462721824645996,0,6.9807538986206055
0.08357999473810196,0.09999997168779373,-0.0000003925062799225998,0.0006861621513962746,-0.0013877188321202993,0,0,40.63457107543945,40.63465118408203,-5.864380836486816,0,6.9807538986206055
0.08358500152826309,0.09999997168779373,-0.00000039931552464622655,0.0006861621513962746,-0.0013618499506264925,0,0,48.289642333984375,48.289703369140625,-6.285882472991943,0,6.9807538986206055
0.08359000086784363,0.09999997168779373,-0.0000004059710647652537,0.0006861621513962746,-0.0013311079237610102,0,0,55.733333587646484,55.73338317871094,-6.695252895355225,0,6.9807538986206055
0.08359500020742416,0.09999997168779373,-0.00000041244919657401624,0.0006861621513962746,-0.0012956270948052406,0,0,63.02175521850586,63.021793365478516,-7.097200393676758,0,6.9807538986206055
0.0835999995470047,0.09999997168779373,-0.000000418726727957619,0.0006861621513962746,-0.0012555061839520931,0,0,69.6304702758789,69.6304931640625,-7.467260837554932,0,6.9807538986206055
0.08360499888658524,0.09999997168779373,-0.0000004247826268510835,0.0006861621513962746,-0.0012111780233681202,0,0,75.10504913330078,75.10507202148438,-7.784148693084717,0,6.9807538986206055
0.08360999822616577,0.09999997168779373,-0.0000004305994423248194,0.0006861621513962746,-0.0011633646208792925,0,0,79.09234619140625,79.09236145019531,-8.031245231628418,0,6.9807538986206055
0.08361499756574631,0.09999997168779373,-0.0000004361644982964208,0.0006861621513962746,-0.0011130128987133503,0,0,81.3670883178711,81.36710357666016,-8.197853088378906,0,6.9807538986206055
0.08361999690532684,0.09999997168779373,-0.00000044147057565169234,0.0006861621513962746,-0.001061212969943881,0,0,81.79106903076172,81.79109191894531,-8.277106285095215,0,6.9807538986206055
0.08362499624490738,0.09999997168779373,-0.00000044651628172687197,0.0006861621513962746,-0.001009143190458417,0,0,80.23400115966797,80.23403930664063,-8.261985778808594,0,6.9807538986206055
0.08362999558448792,0.09999997168779373,-0.0000004513066187428194,0.0006861621513962746,-0.0009580646292306483,0,0,76.95957946777344,76.95962524414063,-8.164633750915527,0,6.9807538986206055
0.08363499492406845,0.09999997168779373,-0.00000045585196062347677,0.0006861621513962746,-0.0009090706589631736,0,0,72.38496398925781,72.38502502441406,-8.004400253295898,0,6.9807538986206055
0.08363999426364899,0.09999997168779373,-0.0000004601669161274913,0.0006861621513962746,-0.0008629889343865216,0,0,67.0418472290039,67.04192352294922,-7.806027889251709,0,6.9807538986206055
0.08364500105381012,0.09999997168779373,-0.0000004642684530153929,0.0006861621513962746,-0.0008203087490983307,0,0,61.52750778198242,61.52760696411133,-7.597343921661377,0,6.9807538986206055
0.08365000039339066,0.09999997168779373,-0.00000046817413590360957,0.0006861621513962746,-0.0007811390678398311,0,0,56.45014953613281,56.45027542114258,-7.406703472137451,0,6.9807538986206055
0.08365499973297119,0.09999997168779373,-0.00000047190013674480724,0.0006861621513962746,-0.0007452017744071782,0,0,52.37336349487305,52.373512268066406,-7.260369777679443,0,6.9807538986206055
0.08365999907255173,0.09999997168779373,-0.0000004754594442601956,0.0006861621513962746,-0.0007118598441593349,0,0,49.764583587646484,49.76476287841797,-7.1801018714904785,0,6.9807538986206055
0.08366499841213226,0.09999997168779373,-0.0000004788603291672189,0.0006861621513962746,-0.0006801786948926747,0,0,48.95213317871094,48.952327728271484,-7.181131362915039,0,6.9807538986206055
0.0836699977517128,0.09999997168779373,-0.0000004821054062631447,0.0006861621513962746,-0.0006490147789008915,0,0,50.09455108642578,50.09477233886719,-7.270730018615723,0,6.9807538986206055
0.08367499709129333,0.09999997168779373,-0.0000004851910375691659,0.0006861621513962746,-0.0006171236163936555,0,0,53.16507339477539,53.165313720703125,-7.447478771209717,0,6.9807538986206055
0.08367999643087387,0.09999997168779373,-0.0000004881074460172385,0.0006861621513962746,-0.0005832777242176235,0,0,57.95249938964844,57.952754974365234,-7.701319694519043,0,6.9807538986206055
0.0836849957704544,0.09999997168779373,-0.000000490839340727689,0.0006861621513962746,-0.0005463839625008404,0,0,64.08193969726563,64.08220672607422,-8.014519691467285,0,6.9807538986206055
0.08368999511003494,0.09999997168779373,-0.0000004933672812512668,0.0006861621513962746,-0.0005055880756117404,0,0,71.05233001708984,71.05260467529297,-8.363418579101563,0,6.9807538986206055
0.08369499444961548,0.09999997168779373,-0.0000004956690418111975,0.0006861621513962746,-0.000460354785900563,0,0,78.27130126953125,78.27159118652344,-8.720115661621094,0,6.9807538986206055
0.08370000123977661,0.09999997168779373,-0.0000004977216576662613,0.0006861621513962746,-0.00041052571032196283,0,0,85.10601043701172,85.1063003540039,-9.054865837097168,0,6.9807538986206055
0.08370500057935715,0.09999997168779373,-0.0000004995033577870345,0.0006861621513962746,-0.00035634555388242006,0,0,90.93789672851563,90.93817138671875,-9.33867073059082,0,6.9807538986206055
0.08370999991893768,0.09999997168779373,-0.0000005009956112189684,0.0006861621513962746,-0.0002984526799991727,0,0,95.2170181274414,95.21729278564453,-9.545839309692383,0,6.9807538986206055
0.08371499925851822,0.09999997168779373,-0.0000005021847755415365,0.0006861621513962746,-0.00023783562937751412,0,0,97.5112533569336,97.51150512695313,-9.656299591064453,0,6.9807538986206055
0.08371999859809875,0.09999997168779373,-0.0000005030635747971246,0.0006861621513962746,-0.00017575803212821484,0,0,97.54594421386719,97.54618072509766,-9.657464027404785,0,6.9807538986206055
0.08372499793767929,0.09999997168779373,-0.0000005036318384554761,0.0006861621513962746,-0.0001136583523475565,0,0,95.23090362548828,95.23110961914063,-9.545490264892578,0,6.9807538986206055
0.08372999727725983,0.09999997168779373,-0.0000005038970130044618,0.0006861621513962746,-0.00005303247962729074,0,0,90.67321014404297,90.67340087890625,-9.325862884521484,0,6.9807538986206055
0.08373499661684036,0.09999997168779373,-0.0000005038735366724723,0.0006861621513962746,0.0000046918758016545326,0,0,84.17461395263672,84.1747817993164,-9.013238906860352,0,6.9807538986206055
0.0837399959564209,0.09999997168779373,-0.0000005035821573073918,0.0006861621513962746,0.00005827909626532346,0,0,76.20968627929688,76.20983123779297,-8.630402565002441,0,6.9807538986206055
0.08374499529600143,0.09999997168779373,-0.0000005030481702306133,0.0006861621513962746,0.00010679569095373154,0,0,67.38885498046875,67.38897705078125,-8.206502914428711,0,6.9807538986206055
0.08374999463558197,0.09999997168779373,-0.0000005022997129344731,0.0006861621513962746,0.000149696774315089,0,0,58.42609786987305,58.42618942260742,-7.775558948516846,0,6.9807538986206055
0.0837550014257431,0.09999997168779373,-0.0000005013652639718202,0.0006861621513962746,0.00018689199350774288,0,0,51.165000915527344,51.16507339477539,-7.427908897399902,0,6.9807538986206055
0.08376000076532364,0.09999997168779373,-0.0000005002679586141312,0.0006861621513962746,0.00021946465130895376,0,0,44.92652893066406,44.926578521728516,-7.127911567687988,0,6.9807538986206055
0.08376500010490417,0.09999997168779373,-0.0000004990276352145884,0.0006861621513962746,0.0002480657713022083,0,0,40.19248580932617,40.19252395629883,-6.8980913162231445,0,6.9807538986206055
0.08376999944448471,0.09999997168779373,-0.0000004976593572791899,0.0006861621513962746,0.0002736531023401767,0,0,37.342315673828125,37.342342376708984,-6.756098747253418,0,6.9807538986206055
0.08377499878406525,0.09999997168779373,-0.0000004961722197549534,0.0006861621513962746,0.0002974259841721505,0,0,36.62190628051758,36.62192916870117,-6.713257789611816,0,6.9807538986206055
0.08377999812364578,0.09999997168779373,-0.0000004945684963786334,0.0006861621513962746,0.00032074018963612616,0,0,38.23524475097656,38.23526382446289,-6.7792229652404785,0,6.9807538986206055
0.08378499746322632,0.09999997168779373,-0.0000004928430712425325,0.0006861621513962746,0.0003450815274845809,0,0,42.29750061035156,42.297523498535156,-6.959692001342773,0,6.9807538986206055
0.08378999680280685,0.09999997168779373,-0.0000004909830408905691,0.0006861621513962746,0.00037200897349976003,0,0,48.36946487426758,48.36949157714844,-7.233150482177734,0,6.9807538986206055
0.08379499614238739,0.09999997168779373,-0.0000004889690217169118,0.0006861621513962746,0.00040280193206854165,0,0,55.788490295410156,55.78853225708008,-7.5673604011535645,0,6.9807538986206055
0.08379999548196793,0.09999997168779373,-0.0000004867774237027334,0.0006861621513962746,0.00043831797665916383,0,0,64.30138397216797,64.30143737792969,-7.950892925262451,0,6.9807538986206055
0.08380499482154846,0.09999997168779373,-0.0000004843811325372371,0.0006861621513962746,0.0004792535037267953,0,0,73.28456115722656,73.28463745117188,-8.354071617126465,0,6.9807538986206055
0.083809994161129,0.09999997168779373,-0.000000481751612824155,0.0006861621513962746,0.0005259079043753445,0,0,82.07003784179688,82.07012939453125,-8.74514389038086,0,6.9807538986206055
0.08381500095129013,0.09999997168779373,-0.0000004788608407579886,0.0006861621513962746,0.0005781553336419165,0,0,89.99525451660156,89.99536895751953,-9.092638969421387,0,6.9807538986206055
0.08382000029087067,0.09999997168779373,-0.0000004756836062824732,0.0006861621513962746,0.000635448086541146,0,0,96.45291900634766,96.45306396484375,-9.367712020874023,0,6.9807538986206055
0.0838249996304512,0.09999997168779373,-0.00000047219936050169053,0.0006861621513962746,0.0006968519301153719,0,0,100.88347625732422,100.88363647460938,-9.543649673461914,0,6.9807538986206055
0.08382999897003174,0.09999997168779373,-0.00000046839397782605374,0.0006861621513962746,0.0007610763423144817,0,0,102.75538635253906,102.75556945800781,-9.594769477844238,0,6.9807538986206055
0.08383499830961227,0.09999997168779373,-0.00000046426151811829186,0.0006861621513962746,0.000826492439955473,0,0,101.88462829589844,101.88483428955078,-9.512292861938477,0,6.9807538986206055
0.08383999764919281,0.09999997168779373,-0.00000045980473828421964,0.0006861621513962746,0.0008913541678339243,0,0,98.30036163330078,98.30058288574219,-9.297598838806152,0,6.9807538986206055
0.08384499698877335,0.09999997168779373,-0.0000004550350638510281,0.0006861621513962746,0.0009539341554045677,0,0,92.24229431152344,92.24252319335938,-8.962091445922852,0,6.9807538986206055
0.08384999632835388,0.09999997168779373,-0.00000044997176473771106,0.0006861621513962746,0.0010126575361937284,0,0,84.13060760498047,84.13084411621094,-8.525837898254395,0,6.9807538986206055
0.08385499566793442,0.09999997168779373,-0.00000044464067627814075,0.0006861621513962746,0.0010662167333066463,0,0,74.54230499267578,74.54255676269531,-8.016378402709961,0,6.9807538986206055
0.08385999500751495,0.09999997168779373,-0.0000004390723233882454,0.0006861621513962746,0.0011136718094348907,0,0,64.16519927978516,64.16545104980469,-7.466550827026367,0,6.9807538986206055
0.08386499434709549,0.09999997168779373,-0.0000004332997320943832,0.0006861621513962746,0.0011545205488801003,0,0,53.74288558959961,53.743133544921875,-6.911865234375,0,6.9807538986206055
0.08387000113725662,0.09999997168779373,-0.0000004273560705314594,0.0006861621513962746,0.0011887343134731054,0,0,44.01527404785156,44.01551055908203,-6.3876800537109375,0,6.9807538986206055
0.08387500047683716,0.09999997168779373,-0.0000004212722899410437,0.0006861621513962746,0.001216755248606205,0,0,35.65966033935547,35.65988540649414,-5.926400184631348,0,6.9807538986206055
0.0838799998164177,0.09999997168779373,-0.000000415074993043163,0.0006861621513962746,0.0012394569348543882,0,0,29.23697280883789,29.237186431884766,-5.5549163818359375,0,6.9807538986206055
0.08388499915599823,0.09999997168779373,-0.0000004087846434686071,0.0006861621513962746,0.0012580698821693659,0,0,25.145341873168945,25.145538330078125,-5.2924065589904785,0,6.9807538986206055
0.08388999849557877,0.09999997168779373,-0.0000004024142583602952,0.0006861621513962746,0.001274077920243144,0,0,23.58875846862793,23.58893585205078,-5.148846626281738,0,6.9807538986206055
0.0838949978351593,0.09999997168779373,-0.0000003959687830956682,0.0006861621513962746,0.0012890950310975313,0,0,24.726408004760742,24.726564407348633,-5.1324992179870605,0,6.9807538986206055
0.08389999717473984,0.09999997168779373,-0.0000003894446081176284,0.0006861621513962746,0.0013048362452536821,0,0,28.148469924926758,28.148605346679688,-5.223711013793945,0,6.9807538986206055
0.08390499651432037,0.09999997168779373,-0.0000003828308194897545,0.0006861621513962746,0.0013227560557425022,0,0,33.336299896240234,33.3364143371582,-5.397827625274658,0,6.9807538986206055
0.08390999585390091,0.09999997168779373,-0.00000037611093262057693,0.0006861621513962746,0.0013439785689115524,0,0,39.88557434082031,39.88566970825195,-5.636231899261475,0,6.9807538986206055
0.08391499519348145,0.09999997168779373,-0.00000036926408597537375,0.0006861621513962746,0.0013693706132471561,0,0,47.15140151977539,47.1514778137207,-5.9084858894348145,0,6.9807538986206055
0.08391999453306198,0.09999997168779373,-0.0000003622671442826686,0.0006861621513962746,0.0013993880711495876,0,0,54.442440032958984,54.44249725341797,-6.181887626647949,0,6.9807538986206055
0.08392500132322311,0.09999997168779373,-0.00000035509691542756627,0.0006861621513962746,0.0014340472407639027,0,0,61.079261779785156,61.07930374145508,-6.424226760864258,0,6.9807538986206055
0.08393000066280365,0.09999997168779373,-0.00000034773225365825056,0.0006861621513962746,0.0014729315880686045,0,0,66.4510269165039,66.45105743408203,-6.606474876403809,0,6.9807538986206055
0.08393500000238419,0.09999997168779373,-0.00000034015607752735377,0.0006861621513962746,0.0015152355190366507,0,0,70.06572723388672,70.06575775146484,-6.705162525177002,0,6.9807538986206055
0.08393999934196472,0.09999997168779373,-0.0000003323568762425566,0.0006861621513962746,0.0015598407480865717,0,0,71.34980773925781,71.34982299804688,-6.692265510559082,0,6.9807538986206055
0.08394499868154526,0.09999997168779373,-0.0000003243305570777011,0.0006861621513962746,0.0016052634455263615,0,0,70.63484954833984,70.63487243652344,-6.5844526290893555,0,6.9807538986206055
0.0839499980211258,0.09999997168779373,-0.00000031607939376954164,0.0006861621513962746,0.001650230959057808,0,0,67.7549819946289,67.75499725341797,-6.373000144958496,0,6.9807538986206055
0.08395499736070633,0.09999997168779373,-0.0000003076125665302243,0.0006861621513962746,0.0016933651641011238,0,0,62.92268371582031,62.92270278930664,-6.0675950050354,0,6.9807538986206055
0.08395999670028687,0.09999997168779373,-0.0000002989454515045509,0.0006861621513962746,0.0017334229778498411,0,0,56.81496810913086,56.81499099731445,-5.700718879699707,0,6.9807538986206055
0.0839649960398674,0.09999997168779373,-0.0000002900974891417718,0.0006861621513962746,0.0017695925198495388,0,0,49.78340148925781,49.78343200683594,-5.288297176361084,0,6.9807538986206055
0.08396999537944794,0.09999997168779373,-0.0000002810910473272088,0.0006861621513962746,0.0018012856598943472,0,0,42.22990036010742,42.22993850708008,-4.848611354827881,0,6.9807538986206055
0.08397499471902847,0.09999997168779373,-0.0000002719501992487494,0.0006861621513962746,0.0018281701486557722,0,0,34.70798873901367,34.70803451538086,-4.407493591308594,0,6.9807538986206055
0.0839800015091896,0.09999997168779373,-0.00000026269887598573405,0.0006861621513962746,0.001850266009569168,0,0,27.749256134033203,27.749313354492188,-3.9898509979248047,0,6.9807538986206055
0.08398500084877014,0.09999997168779373,-0.000000253359218049809,0.0006861621513962746,0.0018679318018257618,0,0,21.815397262573242,21.81546401977539,-3.6174397468566895,0,6.9807538986206055
0.08399000018835068,0.09999997168779373,-0.00000024395012587774545,0.0006861621513962746,0.0018818199168890715,0,0,17.320659637451172,17.320737838745117,-3.310000419616699,0,6.9807538986206055
0.08399499952793121,0.09999997168779373,-0.00000023448589558938693,0.0006861621513962746,0.001892846543341875,0,0,14.619438171386719,14.619524955749512,-3.084723949432373,0,6.9807538986206055
0.08399999886751175,0.09999997168779373,-0.00000022497512475183612,0.0006861621513962746,0.0019021534826606512,0,0,13.793953895568848,13.794046401977539,-2.9456939697265625,0,6.9807538986206055
0.08399999886751175,0.09999997168779373,-0.00000021542045658407005,0.0006861621513962746,0.0019109349232167006,0,0,14.755419731140137,14.755517959594727,-2.8889541625976563,0,6.9807538986206055
