Timestamp,X Position,Y Position,X Velocity,Y Velocity,Rotation,Rotation Velocity,Data1,Data2,Data3,Data4,FPS
0.10199999809265137,0.09999997168779373,0,0,0,0,0,0,0,0,0,119.97600555419922
0.1020049974322319,0.09999997168779373,0,0.0006861621513962746,0,0.00004999999873689376,10,12504.9345703125,12504.9345703125,-677.3300170898438,0,25.65418243408203
0.10200999677181244,0.09999997168779373,0,0.0006861621513962746,0,0.00009999999747378752,10,24441.205078125,24441.205078125,-1327.747314453125,0,25.65418243408203
0.10201499611139297,0.09999997168779373,0,0.0006861621513962746,0,0.00014999999257270247,10,35281.3125,35281.3125,-1926.2916259765625,0,25.65418243408203
0.10201999545097351,0.09999997168779373,0,0.0006861621513962746,0,0.00019999999494757503,10,44554.1171875,44554.1171875,-2450.618408203125,0,25.65418243408203
0.10202499479055405,0.09999997168779373,0,0.0006861621513962746,0,0.00024999998277053237,10,51875.3515625,51875.3515625,-2882.4404296875,0,25.65418243408203
0.10202999413013458,0.09999997168779373,0,0.0006861621513962746,0,0.00029999998514540493,10,56968.09375,56968.09375,-3208.48828125,0,25.65418243408203
0.10203500092029572,0.09999997168779373,0,0.0006861621513962746,0,0.0003499999875202775,10,59676.71875,59676.71484375,-3421.16796875,0,25.65418243408203
0.10204000025987625,0.09999997168779373,0,0.0006861621513962746,0,0.00039999998989515007,10,59973.515625,59973.51171875,-3518.876708984375,0,25.65418243408203
0.10204499959945679,0.09999997168779373,0,0.0006861621513962746,0,0.00044999999227002263,10,57949.46484375,57949.4609375,-3505.561279296875,0,25.65418243408203
0.10204999893903732,0.09999997168779373,0,0.0006861621513962746,0,0.0004999999655410647,10,53839.69140625,53839.6875,-3392.026611328125,0,25.65418243408203
0.10205499827861786,0.09999997168779373,0,0.0006861621513962746,0,0.0005499999388121068,10,47955.640625,47955.63671875,-3192.6142578125,0,25.65418243408203
0.1020599976181984,0.09999997168779373,0,0.0006861621513962746,0,0.000599999912083149,10,40699.44140625,40699.4375,-2926.00634765625,0,25.65418243408203
0.10206499695777893,0.09999997168779373,0,0.0006861621513962746,0,0.0006499998853541911,10,32529.482421875,32529.474609375,-2613.598388671875,0,25.65418243408203
0.10206999629735947,0.09999997168779373,0,0.0006861621513962746,0,0.0006999998586252332,10,23932.23046875,23932.228515625,-2278.19873046875,0,25.65418243408203
0.10207499563694,0.09999997168779373,0,0.0006861621513962746,0,0.0007499998318962753,10,15393.15625,15393.1533203125,-1942.6787109375,0,25.65418243408203
0.10207999497652054,0.09999997168779373,0,0.0006861621513962746,0,0.0007999998051673174,10,7368.96728515625,7368.96435546875,-1628.679443359375,0,25.65418243408203
0.10208499431610107,0.09999997168779373,0,0.0006861621513962746,0,0.0008499997784383595,10,262.34405517578125,262.3423767089844,-1355.432373046875,0,25.65418243408203
0.10209000110626221,0.09999997168779373,0,0.0006861621513962746,0,0.0008999997517094016,10,5598.92578125,-5598.92626953125,-1138.7777099609375,0,25.65418243408203
0.10209500044584274,0.09999997168779373,0,0.0006861621513962746,0,0.0009499997249804437,10,9977.5771484375,-9977.576171875,-990.4205322265625,0,25.65418243408203
0.10209999978542328,0.09999997168779373,0,0.0006861621513962746,0,0.0009999996982514858,10,12734.8369140625,-12734.8349609375,-917.5440063476563,0,25.65418243408203
0.10210499912500381,0.09999997168779373,0,0.0006861621513962746,0,0.0010499997297301888,10,13833.7255859375,-13833.7216796875,-922.626953125,0,25.65418243408203
0.10210999846458435,0.09999997168779373,0,0.0006861621513962746,0,0.0010999997612088919,10,13334.2431640625,-13334.23828125,-1003.6411743164063,0,25.65418243408203
0.10211499780416489,0.09999997168779373,0,0.0006861621513962746,0,0.0011499997926875949,10,11382.8076171875,-11382.802734375,-1154.5125732421875,0,25.65418243408203
0.10211999714374542,0.09999997168779373,0,0.0006861621513962746,0,0.001199999824166298,10,8196.478515625,-8196.4736328125,-1365.82373046875,0,25.65418243408203
0.10212499648332596,0.09999997168779373,0,0.0006861621513962746,0,0.001249999855645001,10,4043.24755859375,-4043.243408203125,-1625.7010498046875,0,25.65418243408203
0.1021299958229065,0.09999997168779373,0,0.0006861621513962746,0,0.001299999887123704,10,780.0846557617188,780.087158203125,-1920.81494140625,0,25.65418243408203
0.10213499516248703,0.09999997168779373,0,0.0006861621513962746,0,0.001349999918602407,10,5970.8603515625,5970.8603515625,-2237.42333984375,0,25.65418243408203
0.10213999450206757,0.09999997168779373,0,0.0006861621513962746,0,0.00139999995008111,10,11242.859375,11242.8564453125,-2562.3916015625,0,25.65418243408203
0.1021449938416481,0.09999997168779373,0,0.0006861621513962746,0,0.001449999981559813,10,16344.91796875,16344.9111328125,-2884.04052734375,0,25.65418243408203
0.10215000063180923,0.09999997168779373,0,0.0006861621513962746,0,0.001500000013038516,10,21077.736328125,21077.724609375,-3192.927001953125,0,25.65418243408203
0.10215499997138977,0.09999997168779373,0,0.0006861621513962746,0,0.001550000044517219,10,25304.55078125,25304.53515625,-3482.342529296875,0,25.65418243408203
0.1021599993109703,0.09999997168779373,0,0.0006861621513962746,0,0.001600000075995922,10,28956.658203125,28956.638671875,-3748.578857421875,0,25.65418243408203
0.10216499865055084,0.09999997168779373,0,0.0006861621513962746,0,0.0016500001074746251,10,32033.169921875,32033.146484375,-3990.93603515625,0,25.65418243408203
0.10216999799013138,0.09999997168779373,0,0.0006861621513962746,0,0.0017000001389533281,10,34595.19921875,34595.16796875,-4211.47509765625,0,25.65418243408203
0.10217499732971191,0.09999997168779373,0,0.0006861621513962746,0,0.0017500001704320312,10,36755.03515625,36755,-4414.54736328125,0,25.65418243408203
0.10217999666929245,0.09999997168779373,0,0.0006861621513962746,0,0.0018000002019107342,10,38661.34375,38661.30859375,-4606.14111328125,0,25.65418243408203
0.10218499600887299,0.09999997168779373,0,0.0006861621513962746,0,0.0018500002333894372,10,40481.53125,40481.4921875,-4793.09814453125,0,25.65418243408203
0.10218999534845352,0.09999997168779373,0,0.0006861621513962746,0,0.0019000002648681402,10,42382.8046875,42382.765625,-4982.2724609375,0,25.65418243408203
0.10219499468803406,0.09999997168779373,0,0.0006861621513962746,0,0.0019500002963468432,10,44513.42578125,44513.38671875,-5179.69921875,0,25.65418243408203
0.1021999940276146,0.09999997168779373,0,0.0006861621513962746,0,0.0020000003278255463,10,46985.703125,46985.66796875,-5389.8369140625,0,25.65418243408203
0.10220500081777573,0.09999997168779373,0,0.0006861621513962746,0,0.0020500002428889275,10,49862.1171875,49862.0859375,-5614.95361328125,0,25.65418243408203
0.10221000015735626,0.09999997168779373,0,0.0006861621513962746,0,0.0021000001579523087,10,53145.69140625,53145.6640625,-5854.705078125,0,25.65418243408203
0.1022149994969368,0.09999997168779373,0,0.0006861621513962746,0,0.00215000007301569,10,56775.49609375,56775.47265625,-6105.94580078125,0,25.65418243408203
0.10221999883651733,0.09999997168779373,0,0.0006861621513962746,0,0.002199999988079071,10,60627.671875,60627.65625,-6362.78271484375,0,25.65418243408203
0.10222499817609787,0.09999997168779373,0,0.0006861621513962746,0,0.0022499999031424522,10,64522.08984375,64522.0859375,-6616.8916015625,0,25.65418243408203
0.1022299975156784,0.09999997168779373,0,0.0006861621513962746,0,0.0022999998182058334,10,68234.140625,68234.140625,-6858.05859375,0,25.65418243408203
0.10223499685525894,0.09999997168779373,0,0.0006861621513962746,0,0.0023499997332692146,10,71511.25,71511.2578125,-7074.93359375,0,25.65418243408203
0.10223999619483948,0.09999997168779373,0,0.0006861621513962746,0,0.002399999648332596,10,74091.9140625,74091.9375,-7255.8974609375,0,25.65418243408203
0.10224499553442001,0.09999997168779373,0,0.0006861621513962746,0,0.002449999563395977,10,75726.3125,75726.34375,-7389.98828125,0,25.65418243408203
0.10224999487400055,0.09999997168779373,0,0.0006861621513962746,0,0.002499999478459358,10,76199.1875,76199.2265625,-7467.94384765625,0,25.65418243408203
0.10225499421358109,0.09999997168779373,0,0.0006861621513962746,0,0.0025499993935227394,10,75349.546875,75349.6015625,-7483.0810546875,0,25.65418243408203
0.10226000100374222,0.09999997168779373,0,0.0006861621513962746,0,0.0025999993085861206,10,73088,73088.0703125,-7432.06787109375,0,25.65418243408203
0.10226500034332275,0.09999997168779373,0,0.0006861621513962746,0,0.002649999223649502,10,69409.6875,69409.765625,-7315.49169921875,0,25.65418243408203
0.10226999968290329,0.09999997168779373,0,0.0006861621513962746,0,0.002699999138712883,10,64401.875,64401.9609375,-7138.18505859375,0,25.65418243408203
0.10227499902248383,0.09999997168779373,0,0.0006861621513962746,0,0.002749999053776264,10,58245.34765625,58245.44140625,-6909.25732421875,0,25.65418243408203
0.10227999836206436,0.09999997168779373,0,0.0006861621513962746,0,0.0027999989688396454,10,51209.28515625,51209.37890625,-6641.837890625,0,25.65418243408203
0.1022849977016449,0.09999997168779373,0,0.0006861621513962746,0,0.0028499988839030266,10,43639.7421875,43639.83984375,-6352.5224609375,0,25.65418243408203
0.10228999704122543,0.09999997168779373,0,0.0006861621513962746,0,0.0028999987989664078,10,35942.34765625,35942.4453125,-6060.55419921875,0,25.65418243408203
0.10229499638080597,0.09999997168779373,0,0.0006861621513962746,0,0.002949998714029789,10,28560.138671875,28560.23046875,-5786.78955078125,0,25.65418243408203
0.1022999957203865,0.09999997168779373,0,0.0006861621513962746,0,0.00299999862909317,10,21947.892578125,21947.9765625,-5552.50390625,0,25.65418243408203
0.10230499505996704,0.09999997168779373,0,0.0006861621513962746,0,0.0030499985441565514,10,16544.625,16544.703125,-5378.11572265625,0,25.65418243408203
0.10230999439954758,0.09999997168779373,0,0.0006861621513962746,0,0.0030999984592199326,10,12745.9658203125,12746.03515625,-5281.9140625,0,25.65418243408203
0.10231499373912811,0.09999997168779373,0,0.0006861621513962746,0,0.0031499983742833138,10,10878.2392578125,10878.298828125,-5278.86083984375,0,25.65418243408203
0.10232000052928925,0.09999997168779373,0,0.0006861621513962746,0,0.003199998289346695,10,11176.025390625,11176.076171875,-5379.568359375,0,25.65418243408203
0.10232499986886978,0.09999997168779373,0,0.0006861621513962746,0,0.003249998204410076,10,13764.7333984375,13764.775390625,-5589.4990234375,0,25.65418243408203
0.10232999920845032,0.09999997168779373,0,0.0006861621513962746,0,0.0032999981194734573,10,18649.40625,18649.44140625,-5908.46630859375,0,25.65418243408203
0.10233499854803085,0.09999997168779373,0,0.0006861621513962746,0,0.0033499980345368385,10,25710.6484375,25710.6796875,-6330.45703125,0,25.65418243408203
0.10233999788761139,0.09999997168779373,0,0.0006861621513962746,0,0.0033999979496002197,10,34708.05078125,34708.078125,-6843.8095703125,0,25.65418243408203
0.10234499722719193,0.09999997168779373,0,0.0006861621513962746,0,0.003449997864663601,10,45291.01953125,45291.046875,-7431.72705078125,0,25.65418243408203
0.10234999656677246,0.09999997168779373,0,0.0006861621513962746,0,0.003499997779726982,10,57016.4921875,57016.51953125,-8073.1142578125,0,25.65418243408203
0.102354995906353,0.09999997168779373,0,0.0006861621513962746,0,0.0035499976947903633,10,69372.4609375,69372.4921875,-8743.68359375,0,25.65418243408203
0.10235999524593353,0.09999997168779373,0,0.0006861621513962746,0,0.0035999976098537445,10,81805.953125,81805.9921875,-9417.2568359375,0,25.65418243408203
0.10236499458551407,0.09999997168779373,0,0.0006861621513962746,0,0.0036499975249171257,10,93753.765625,93753.8125,-10067.20703125,0,25.65418243408203
0.1023699939250946,0.09999997168779373,0,0.0006861621513962746,0,0.003699997439980507,10,104674.0390625,104674.1015625,-10667.9287109375,0,25.65418243408203
0.10237500071525574,0.09999997168779373,0,0.0006861621513962746,0,0.003749997355043888,10,114076.7890625,114076.8515625,-11196.259765625,0,25.65418243408203
0.10238000005483627,0.09999997168779373,0,0.0006861621513962746,0,0.0037999972701072693,10,121551.359375,121551.4453125,-11632.767578125,0,25.65418243408203
0.10238499939441681,0.09999997168779373,0,0.0006861621513962746,0,0.0038499971851706505,10,126789.390625,126789.484375,-11962.814453125,0,25.65418243408203
0.10238999873399734,0.09999997168779373,0,0.0006861621513962746,0,0.0038999971002340317,10,129601.4921875,129601.6015625,-12177.3447265625,0,25.65418243408203
0.10239499807357788,0.09999997168779373,0,0.0006861621513962746,0,0.003949997015297413,10,129927.03125,129927.1640625,-12273.33984375,0,25.65418243408203
0.10239999741315842,0.09999997168779373,0,0.0006861621513962746,0,0.003999996930360794,10,127836.1640625,127836.296875,-12253.9189453125,0,25.65418243408203
0.10240499675273895,0.09999997168779373,0,0.0006861621513962746,0,0.004049996845424175,10,123524.0859375,123524.25,-12128.0859375,0,25.65418243408203
0.10240999609231949,0.09999997168779373,0,0.0006861621513962746,0,0.0040999967604875565,10,117298.1953125,117298.3671875,-11910.1298828125,0,25.65418243408203
0.10241499543190002,0.09999997168779373,0,0.0006861621513962746,0,0.004149996675550938,10,109558.5390625,109558.734375,-11618.728515625,0,25.65418243408203
0.10241999477148056,0.09999997168779373,0,0.0006861621513962746,0,0.004199996590614319,10,100773.390625,100773.59375,-11275.8134765625,0,25.65418243408203
0.1024249941110611,0.09999997168779373,0,0.0006861621513962746,0,0.0042499965056777,10,91451.0546875,91451.2734375,-10905.2705078125,0,25.65418243408203
0.10243000090122223,0.09999997168779373,0,0.0006861621513962746,0,0.004299996420741081,10,82110.078125,82110.3203125,-10531.5439453125,0,25.65418243408203
0.10243500024080276,0.09999997168779373,0,0.0006861621513962746,0,0.004349996335804462,10,73249.5625,73249.828125,-10178.267578125,0,25.65418243408203
0.1024399995803833,0.09999997168779373,0,0.0006861621513962746,0,0.004399996250867844,10,65321.4609375,65321.734375,-9866.9580078125,0,25.65418243408203
0.10244499891996384,0.09999997168779373,0,0.0006861621513962746,0,0.004449996165931225,10,58706.55078125,58706.83984375,-9615.8984375,0,25.65418243408203
0.10244999825954437,0.09999997168779373,0,0.0006861621513962746,0,0.004499996080994606,10,53695.6171875,53695.92578125,-9439.24609375,0,25.65418243408203
0.10245499759912491,0.09999997168779373,0,0.0006861621513962746,0,0.004549995996057987,10,50476.76953125,50477.08984375,-9346.4189453125,0,25.65418243408203
0.10245999693870544,0.09999997168779373,0,0.0006861621513962746,0,0.004599995911121368,10,49129.546875,49129.890625,-9341.810546875,0,25.65418243408203
0.10246499627828598,0.09999997168779373,0,0.0006861621513962746,0,0.00464999582618475,10,49626.140625,49626.5,-9424.8125,0,25.65418243408203
0.10246999561786652,0.09999997168779373,0,0.0006861621513962746,0,0.004699995741248131,10,51839.21875,51839.5859375,-9590.1591796875,0,25.65418243408203
0.10247499495744705,0.09999997168779373,0,0.0006861621513962746,0,0.004749995656311512,10,55555.7890625,55556.16796875,-9828.5400390625,0,25.65418243408203
0.10247999429702759,0.09999997168779373,0,0.0006861621513962746,0,0.004799995571374893,10,60495.94140625,60496.33203125,-10127.447265625,0,25.65418243408203
0.10248500108718872,0.09999997168779373,0,0.0006861621513962746,0,0.004849995486438274,10,66335.0078125,66335.3984375,-10472.1787109375,0,25.65418243408203
0.10249000042676926,0.09999997168779373,0,0.0006861621513962746,0,0.004899995401501656,10,72727.5234375,72727.921875,-10846.935546875,0,25.65418243408203
0.10249499976634979,0.09999997168779373,0,0.0006861621513962746,0,0.004949995316565037,10,79331.3984375,79331.7890625,-11235.9208984375,0,25.65418243408203
0.10249999910593033,0.09999997168779373,0,0.0006861621513962746,0,0.004999995231628418,10,85830.40625,85830.7890625,-11624.3798828125,0,25.65418243408203
0.10249999910593033,0.09999997168779373,0,0.0006861621513962746,0,0.005049995146691799,10,91953.734375,91954.109375,-11999.505859375,0,25.65418243408203
0.10250499844551086,0.09999997168779373,0.00000014634890987963445,0.0005755103193223476,0.029269782826304436,0.005034716799855232,-3.0556490421295166,80439.8125,80440.1640625,-11430.5751953125,0,3.5135552883148193
0.1025099977850914,0.09999997168779373,0.0000005487456746777752,0.0003716426435858011,0.08047935366630554,0.004990330897271633,-8.877192497253418,60413.71875,60414.04296875,-10409.3955078125,0,3.5135552883148193
0.10251499712467194,0.09999997168779373,0.0000011434452744651935,0.00019172340398654342,0.11893992125988007,0.004919437691569328,-14.178653717041016,33895.88671875,33896.171875,-9036.2626953125,0,3.5135552883148193
0.10251999646425247,0.09999997168779373,0.0000018460387991581229,0.00004053354496136308,0.14051871001720428,0.0048255338333547115,-18.780784606933594,3546.139404296875,3546.386962890625,-7443.42626953125,0,3.5135552883148193
0.10252499580383301,0.09999997168779373,0.0000025599201762815937,-0.00007941455987747759,0.1427762657403946,0.004712675232440233,-22.57168960571289,27604.86328125,-27604.654296875,-5781.7744140625,0,3.5135552883148193
0.10252999514341354,0.09999997168779373,0.000003185932428095839,-0.00016825320199131966,0.1252024620771408,0.004585093818604946,-25.51632308959961,56460.94140625,-56460.765625,-4205.69287109375,0,3.5135552883148193
0.10253499448299408,0.09999997168779373,0.0000036322239793662447,-0.0002288826508447528,0.08925831317901611,0.004446802660822868,-27.65826416015625,80171.4765625,-80171.328125,-2857.625732421875,0,3.5135552883148193
0.10253999382257462,0.09999997168779373,0.000003823322003881913,-0.0002667638473212719,0.038219571113586426,0.0043012346141040325,-29.11363983154297,96416.875,-96416.7578125,-1853.9044189453125,0,3.5135552883148193
0.10254500061273575,0.09999997168779373,0.0000037075153613841394,-0.0002893494674935937,-0.02316131442785263,0.004150945693254471,-30.05782699584961,103639.5078125,-103639.390625,-1273.2685546875,0,3.5135552883148193
0.10254999995231628,0.09999997168779373,0.0000032618140721751843,-0.0003051951644010842,-0.08914027363061905,0.003997414372861385,-30.706298828125,101196.8359375,-101196.71875,-1149.2353515625,0,3.5135552883148193
0.10255499929189682,0.09999997168779373,0.0000024939931790868286,-0.00032287114299833775,-0.1535641849040985,0.0038409563712775707,-31.29159927368164,89421.53125,-89421.421875,-1467.0758056640625,0,3.5135552883148193
0.10255999863147736,0.09999997168779373,0.0000014415347777685383,-0.0003498534206300974,-0.21049168705940247,0.0036807626020163298,-32.03877639770508,69582.609375,-69582.5,-2165.695556640625,0,3.5135552883148193
0.10256499797105789,0.09999997168779373,0.00000016758804122218862,-0.00039159186417236924,-0.2547893524169922,0.0035150537732988596,-33.14175796508789,43751.75,-43751.62890625,-3144.2080078125,0,3.5135552883148193
0.10256999731063843,0.09999997168779373,-0.000001245624957846303,-0.00045092147774994373,-0.2826426029205322,0.00334133836440742,-34.74309158325195,14588.6240234375,-14588.5,-4272.52587890625,0,3.5135552883148193
0.10257499665021896,0.09999997168779373,-0.0000027052751647715922,-0.0005279121687635779,-0.29193001985549927,0.003156743012368679,-36.919071197509766,14932.5712890625,14932.6943359375,-5404.87158203125,0,3.5135552883148193
0.1025799959897995,0.09999997168779373,-0.0000041173934732796624,-0.0006201553624123335,-0.2824236750602722,0.0029583843424916267,-39.671749114990234,41827.734375,41827.8515625,-6394.83740234375,0,3.5135552883148193
0.10258499532938004,0.09999997168779373,-0.000005396369942900492,-0.0007233971264213324,-0.25579530000686646,0.002743741264566779,-42.92861557006836,63407.22265625,63407.328125,-7110.44091796875,0,3.5135552883148193
0.10258999466896057,0.09999996423721313,-0.00000647351498628268,-0.0008323662914335728,-0.21542900800704956,0.002510991645976901,-46.549930572509766,77549.2265625,77549.296875,-7447.658203125,0,3.5135552883148193
0.10259499400854111,0.09999995678663254,-0.000007303813163161976,-0.0009179117623716593,-0.16605964303016663,0.002259276807308197,-50.34299087524414,82914.0625,82914.09375,-7341.03955078125,0,3.5135552883148193
0.10260000079870224,0.09999994933605194,-0.000007870187801017892,-0.0009755386272445321,-0.11327490955591202,0.001988867996260524,-54.08175277709961,79077.953125,79077.9609375,-6770.349609375,0,3.5135552883148193
0.10260500013828278,0.09999994188547134,-0.000008184849320969079,-0.0010021583875641227,-0.0629323199391365,0.0017012186581268907,-57.52986526489258,66570.7890625,66570.7734375,-5762.45654296875,0,3.5135552883148193
0.10260999947786331,0.09999993443489075,-0.000008287609489343595,-0.0009940698510035872,-0.02055203914642334,0.001398895401507616,-60.464656829833984,46822.921875,46822.8984375,-4388.73388671875,0,3.5135552883148193
0.10261499881744385,0.09999992698431015,-0.000008241328032454476,-0.0009513631230220199,0.009256359189748764,0.0010853963904082775,-62.6998176574707,22009.88671875,22009.85546875,-2757.406494140625,0,3.5135552883148193
0.10261999815702438,0.09999991953372955,-0.000008124986379698385,-0.000875952304340899,0.023268286138772964,0.0007648756145499647,-64.10415649414063,5173.2734375,-5173.30126953125,-1002.4154663085938,0,3.5135552883148193
0.10262499749660492,0.09999991208314896,-0.000008025112038012594,-0.0007710134377703071,0.019974876195192337,0.0004418021999299526,-64.61468505859375,31791.50390625,-31791.5234375,730.37744140625,0,3.5135552883148193
0.10262999683618546,0.09999991208314896,-0.00000802643353381427,-0.0006405769381672144,-0.0002642236649990082,0.00012058866559527814,-64.24270629882813,54972.06640625,-54972.0703125,2298.118408203125,0,3.5135552883148193
0.10263499617576599,0.09999991208314896,-0.000008202736353268847,-0.0005151432706043124,-0.035260528326034546,-0.00019477272871881723,-63.07228088378906,72207.5703125,-72207.5625,3575.9306640625,0,3.5135552883148193
0.10263999551534653,0.09999991208314896,-0.000008608883035776671,-0.00039855134673416615,-0.0812292993068695,-0.0005010280874557793,-61.251075744628906,81610.1796875,-81610.15625,4469.46337890625,0,3.5135552883148193
0.10264499485492706,0.09999991208314896,-0.000009274803232983686,-0.00029360316693782806,-0.13318395614624023,-0.0007959021022543311,-58.97480010986328,82109.34375,-82109.3046875,4924.65869140625,0,3.5135552883148193
0.1026499941945076,0.09999991208314896,-0.000010202084922639187,-0.000201706076040864,-0.18545639514923096,-0.001078235567547381,-56.46669006347656,73550.1953125,-73550.1484375,4932.5986328125,0,3.5135552883148193
0.10265500098466873,0.09999991208314896,-0.000011363484190951567,-0.00012269517173990607,-0.23227989673614502,-0.0013480082852765918,-53.95453643798828,56766.6484375,-56766.59765625,4533.142578125,0,3.5135552883148193
0.10266000032424927,0.09999991208314896,-0.000012705577319138683,-0.000054918433306738734,-0.26841866970062256,-0.0016062373761087656,-51.64582824707031,33411.8828125,-33411.83203125,3806.493408203125,0,3.5135552883148193
0.1026649996638298,0.09999991208314896,-0.00001415402402926702,0.00000441126394434832,-0.2896893620491028,-0.0018547733779996634,-49.70719909667969,5848.3828125,-5848.32958984375,2867.788818359375,0,3.5135552883148193
0.10266999900341034,0.09999991208314896,-0.000015621086276951246,0.000058599889598554,-0.29341256618499756,-0.0020960066467523575,-48.24664306640625,23109.638671875,23109.689453125,1854.368896484375,0,3.5135552883148193
0.10267499834299088,0.09999991208314896,-0.000017014588593156077,0.00011069978791056201,-0.2787005305290222,-0.0023325178772211075,-47.302223205566406,50484.76171875,50484.81640625,911.51806640625,0,3.5135552883148193
0.10267999768257141,0.09999991208314896,-0.00001824739229050465,0.00016272641369141638,-0.2465609312057495,-0.0025667077861726284,-46.837989807128906,73442.9375,73442.9765625,177.32362365722656,0,3.5135552883148193
0.10268499702215195,0.09999991208314896,-0.00001924642128869891,0.00021503263269551098,-0.19980570673942566,-0.0028004462365061045,-46.7476806640625,89586.1484375,89586.1875,-231.77566528320313,0,3.5135552883148193
0.10268999636173248,0.09999991208314896,-0.00001996028731809929,0.00026623174198903143,-0.14277338981628418,-0.003034774912521243,-46.86572265625,97201.6328125,97201.65625,-233.27374267578125,0,3.5135552883148193
0.10269499570131302,0.09999991208314896,-0.000020364752344903536,0.0003137600142508745,-0.0808929055929184,-0.0032696975395083427,-46.984527587890625,95439.3046875,95439.3125,212.6624755859375,0,3.5135552883148193
0.10269999504089355,0.09999991208314896,-0.00002046542431344278,0.0003524505882523954,-0.02013435773551464,-0.0035040786024183035,-46.876220703125,84405.890625,84405.875,1098.5855712890625,0,3.5135552883148193
0.10270499438047409,0.09999991208314896,-0.00002029742427112069,0.0003763824934139848,0.0336000993847847,-0.003735662205144763,-46.31671905517578,65158.234375,65158.1953125,2370.146484375,0,3.5135552883148193
0.10270999372005463,0.09999991208314896,-0.000019922019419027492,0.0003797975950874388,0.07508111745119095,-0.003961210139095783,-45.10961151123047,39600.5390625,39600.47265625,3931.22607421875,0,3.5135552883148193
0.10271500051021576,0.09999991208314896,-0.000019420562239247374,0.00035798409953713417,0.10029160231351852,-0.004176747519522905,-43.107452392578125,10294.630859375,10294.525390625,5653.369140625,0,3.5135552883148193
0.1027199998497963,0.09999991208314896,-0.000018886335965362377,0.00030799838714301586,0.10684537142515182,-0.004377888515591621,-40.22821807861328,19797.45703125,-19797.59765625,7388.5595703125,0,3.5135552883148193
0.10272499918937683,0.09999991208314896,-0.000018415126760373823,0.00022913386055734009,0.0942419245839119,-0.0045602149330079556,-36.46525573730469,47612.5546875,-47612.73046875,8984.0517578125,0,3.5135552883148193
0.10272999852895737,0.09999991208314896,-0.000018095472114509903,0.0001231069181812927,0.06393083184957504,-0.0047196634113788605,-31.88971710205078,70296.8359375,-70297.046875,10297.75390625,0,3.5135552883148193
0.1027349978685379,0.09999991208314896,-0.000017999580450123176,-0.000006018832209520042,0.019178474321961403,-0.004852889105677605,-26.64511489868164,85496.1484375,-85496.3828125,11212.6083984375,0,3.5135552883148193
0.10273999720811844,0.09999991208314896,-0.000018175831428379752,-0.00015212375728879124,-0.035250063985586166,-0.0049575618468225,-20.934581756591797,91596.5859375,-91596.828125,11648.4951171875,0,3.5135552883148193
0.10274499654769897,0.09999991208314896,-0.000018643642761162482,-0.0003074913693126291,-0.09356226027011871,-0.005032571963965893,-15.002052307128906,87890.875,-87891.1328125,11570.453125,0,3.5135552883148193
0.10274999588727951,0.09999991208314896,-0.000019391220121178776,-0.0004634024517145008,-0.1495153307914734,-0.005078118294477463,-9.109270095825195,74653.59375,-74653.8515625,10992.3798828125,0,3.5135552883148193
0.10275499522686005,0.09999991208314896,-0.000020376426618895493,-0.0006108452216722071,-0.19704127311706543,-0.00509567279368639,-3.510896921157837,53117.20703125,-53117.453125,9975.814453125,0,3.5135552883148193
0.10275999456644058,0.09999991208314896,-0.000021530710000661202,-0.0007413190905936062,-0.2308567464351654,-0.005087824072688818,1.5697435140609741,25351.41796875,-25351.640625,8623.923828125,0,3.5135552883148193
0.10276499390602112,0.09999990463256836,-0.000022765689209336415,-0.0008476862567476928,-0.2469959557056427,-0.005058014765381813,5.96187162399292,5942.19287109375,5942.056640625,7071.29296875,0,3.5135552883148193
0.10277000069618225,0.09999989718198776,-0.000023981754566193558,-0.0009012723457999527,-0.24321302771568298,-0.005010198336094618,9.563251495361328,37699.7734375,37699.73046875,5470.537109375,0,3.5135552883148193
0.10277500003576279,0.09999988973140717,-0.000025077817554119974,-0.0009003346203826368,-0.2192125916481018,-0.004948451649397612,12.349372863769531,66801.421875,66801.4765625,3977.09033203125,0,3.5135552883148193
0.10277999937534332,0.09999988228082657,-0.000025961244318750687,-0.0008467001025564969,-0.17668548226356506,-0.004876577295362949,14.374887466430664,90384.3671875,90384.5078125,2733.659912109375,0,3.5135552883148193
0.10278499871492386,0.09999988228082657,-0.000026556968805380166,-0.0007446688250638545,-0.11914500594139099,-0.004797741770744324,15.767129898071289,106126.3984375,106126.5625,1856.1563720703125,0,3.5135552883148193
0.1027899980545044,0.09999988228082657,-0.000026814883312908933,-0.0006273284670896828,-0.05158284306526184,-0.004714179318398237,16.712461471557617,112483.0546875,112483.2265625,1421.9080810546875,0,3.5135552883148193
0.10279499739408493,0.09999988228082657,-0.000026714753403211944,-0.0005045959842391312,0.020026089623570442,-0.004626996349543333,17.43663215637207,108836.8984375,108837.046875,1462.2537841796875,0,3.5135552883148193
0.10279999673366547,0.09999988228082657,-0.000026268184228683822,-0.000386754865758121,0.089313805103302,-0.004536089487373829,18.181352615356445,95565.6953125,95565.8203125,1959.1407470703125,0,3.5135552883148193
0.102804996073246,0.09999988228082657,-0.000025517419999232516,-0.00028313358779996634,0.15015281736850739,-0.004440193995833397,19.179136276245117,73993.46875,73993.578125,2847.5478515625,0,3.5135552883148193
0.10280999541282654,0.09999988228082657,-0.00002453112756484188,-0.00020094597130082548,0.19725851714611053,-0.004337047226727009,20.62938117980957,46262.546875,46262.62109375,4021.814208984375,0,3.5135552883148193
0.10281499475240707,0.09999988228082657,-0.00002339757702429779,-0.0001444754598196596,0.22671015560626984,-0.004223658703267574,22.677675247192383,15115.4033203125,15115.451171875,5346.44970703125,0,3.5135552883148193
0.10281999409198761,0.09999988228082657,-0.000022215912395040505,-0.00011473238555481657,0.23633290827274323,-0.004096655640751123,25.400598526000977,16381.7626953125,-16381.7392578125,6669.8408203125,0,3.5135552883148193
0.10282500088214874,0.09999988228082657,-0.00002108639273501467,-0.0001096019332180731,0.2259039431810379,-0.00395266804844141,28.797521591186523,45147.49609375,-45147.4921875,7839.546875,0,3.5135552883148193
0.10283000022172928,0.09999988228082657,-0.000020100582332815975,-0.00012440240243449807,0.19716216623783112,-0.0037887170910835266,32.79016876220703,68394.203125,-68394.21875,8717.63671875,0,3.5135552883148193
0.10283499956130981,0.09999988228082657,-0.000019332477677380666,-0.0001527048589196056,0.15362106263637543,-0.003602566896006465,37.23002624511719,83906.875,-83906.890625,9194.52734375,0,3.5135552883148193
0.10283999890089035,0.09999988228082657,-0.0000188314570550574,-0.00018722296226769686,0.10020428150892258,-0.0033930030185729265,41.912757873535156,90263.015625,-90263.03125,9199.908203125,0,3.5135552883148193
0.10284499824047089,0.09999988228082657,-0.00001861775126599241,-0.00022060229093767703,0.042741063982248306,-0.0031600119546055794,46.598236083984375,86968.40625,-86968.40625,8709.5107421875,0,3.5135552883148193
0.10284999758005142,0.09999988228082657,-0.000018680875655263662,-0.000246108160354197,-0.012624740600585938,-0.0029048421420156956,51.03395080566406,74515.1328125,-74515.125,7748.02099609375,0,3.5135552883148193
0.10285499691963196,0.09999988228082657,-0.00001898118898679968,-0.00025811849627643824,-0.06006255000829697,-0.002629942260682583,54.97998809814453,54307.02734375,-54307.00390625,6385.41845703125,0,3.5135552883148193
0.1028599962592125,0.09999988228082657,-0.00001945436633832287,-0.000252407044172287,-0.0946354791522026,-0.002338781952857971,58.2320556640625,28524.9765625,-28524.94140625,4730.349609375,0,3.5135552883148193
0.10286499559879303,0.09999988228082657,-0.00002001834218390286,-0.00022626627469435334,-0.11279504746198654,-0.002035575918853283,60.641204833984375,101.86801147460938,101.91543579101563,2918.8193359375,0,3.5135552883148193
0.10286999493837357,0.09999988228082657,-0.000020581992430379614,-0.0001784888154361397,-0.11273019760847092,-0.0017249372322112322,62.12774658203125,28576.67578125,28576.732421875,1100.3236083984375,0,3.5135552883148193
0.1028749942779541,0.09999988228082657,-0.00002105468047375325,-0.0001092258607968688,-0.09453772753477097,-0.001411496545188129,62.688133239746094,53941.64453125,53941.703125,-577.3306274414063,0,3.5135552883148193
0.10288000106811523,0.09999988228082657,-0.00002135566683136858,-0.000019727678591152653,-0.06019740551710129,-0.001099526067264378,62.39410400390625,73579.6015625,73579.671875,-1982.958251953125,0,3.5135552883148193
0.10288500040769577,0.09999988228082657,-0.00002142244193237275,0.00008802532101981342,-0.013355175033211708,-0.0007926051039248705,61.384193420410156,85479.890625,85479.953125,-3015.16796875,0,3.5135552883148193
0.1028899997472763,0.09999988228082657,-0.000021217127141426317,0.00021177122835069895,0.041063010692596436,-0.0004933621967211366,59.84857940673828,88441.25,88441.3046875,-3612.42822265625,0,3.5135552883148193
0.10289499908685684,0.09999988228082657,-0.000020730294636450708,0.0003494328702799976,0.09736645221710205,-0.00020331828272901475,58.00878143310547,82171.5078125,82171.5625,-3758.025634765625,0,3.5135552883148193
0.10289999842643738,0.09999988228082657,-0.000019981902369181626,0.000499508751090616,0.14967845380306244,0.00007715588435530663,56.09483337402344,67390.953125,67390.9765625,-3485.251220703125,0,3.5135552883148193
0.10290499776601791,0.09999988228082657,-0.000019018998500541784,0.0006613042787648737,0.19258086383342743,0.00034875492565333843,54.31980895996094,45643.35546875,45643.3671875,-2868.037109375,0,3.5135552883148193
0.10290999710559845,0.09999988973140717,-0.000017910806491272524,0.0008348968694917858,0.22163833677768707,0.0006130505353212357,52.859130859375,19206.9453125,19206.92578125,-2016.6317138671875,0,3.5135552883148193
0.10291499644517899,0.09999989718198776,-0.000016741476429160684,0.0009947553044185042,0.2338658571243286,0.0008722108323127031,51.832069396972656,9165.1162109375,-9165.1533203125,-1064.7958984375,0,3.5135552883148193
0.10291999578475952,0.09999990463256836,-0.000015601321138092317,0.0011418486246839166,0.22803115844726563,0.0011286597000434995,51.289772033691406,36524.375,-36524.4296875,-156.0052490234375,0,3.5135552883148193
0.10292499512434006,0.09999991208314896,-0.00001457742564525688,0.0012769048335030675,0.2047790288925171,0.0013847113586962223,51.21031951904297,60034.04296875,-60034.109375,571.695556640625,0,3.5135552883148193
0.1029299944639206,0.09999991953372955,-0.000013744624993705656,0.0013997770147398114,0.16656017303466797,0.001642218790948391,51.50148010253906,77262.1640625,-77262.234375,1000.1620483398438,0,3.5135552883148193
0.10293499380350113,0.09999992698431015,-0.000013157757166482043,0.001508979476056993,0.11737355589866638,0.0019022730411961675,52.01085662841797,86433.09375,-86433.1484375,1043.558837890625,0,3.5135552883148193
0.10294000059366226,0.09999993443489075,-0.000012846014215028845,0.0016015112632885575,0.06234854459762573,0.0021649845875799656,52.542335510253906,86611.3359375,-86611.390625,657.4298706054688,0,3.5135552883148193
0.1029449999332428,0.09999994188547134,-0.00001280996366403997,0.0016730063362047076,0.007210053503513336,0.002429370302706957,52.877159118652344,77796.7578125,-77796.7890625,-156.61473083496094,0,3.5135552883148193
0.10294999927282333,0.09999994933605194,-0.000013021548511460423,0.001718181767500937,-0.042316898703575134,0.002693357178941369,52.797393798828125,60936.34765625,-60936.34375,-1350.3260498046875,0,3.5135552883148193
0.10295499861240387,0.09999995678663254,-0.000013427099474938586,0.0017327769892290235,-0.08111017942428589,0.002953905612230301,52.10968017578125,37806.75,-37806.71484375,-2834.64697265625,0,3.5135552883148193
0.1029599979519844,0.09999996423721313,-0.00001395299295836594,0.0017130045453086495,-0.10517869889736176,0.003207235597074032,50.66600799560547,10851.4423828125,-10851.3642578125,-4487.763671875,0,3.5135552883148193
0.10296499729156494,0.09999997168779373,-0.000014513427231577225,0.001654975931160152,-0.1120869368314743,0.0034491375554353,48.380409240722656,17077.87890625,17078.005859375,-6167.89453125,0,3.5135552883148193
0.10296999663114548,0.09999997913837433,-0.000015019501006463543,0.001556452363729477,-0.10121482610702515,0.003675333224236965,45.23912811279297,43013.76171875,43013.9453125,-7727.74853515625,0,3.5135552883148193
0.10297499597072601,0.09999998658895493,-0.00001538865762995556,0.0014171928633004427,-0.07383140921592712,0.003881850279867649,41.30342102050781,64179.09765625,64179.3359375,-9029.65234375,0,3.5135552883148193
0.10297999531030655,0.09999999403953552,-0.000015553525372524746,0.0012390976771712303,-0.03297372907400131,0.004065373446792364,36.70465850830078,78274.4765625,78274.7734375,-9959.736328125,0,3.5135552883148193
0.10298499464988708,0.10000000149011612,-0.00001546923886053264,0.0010261556599289179,0.016857348382472992,0.004223534371703863,31.6322078704834,83717.4609375,83717.8125,-10439.744140625,0,3.5135552883148193
0.10298999398946762,0.10000000894069672,-0.000015118471310415771,0.0007842070190235972,0.07015354186296463,0.004355110693722963,26.315290451049805,79809.0390625,79809.453125,-10435.2314453125,0,3.5135552883148193
0.10299500077962875,0.10000000894069672,-0.000014513663700199686,0.0005205260822549462,0.12096155434846878,0.004460114054381847,21.00067138671875,66810.3125,66810.7265625,-9959.3134765625,0,3.5135552883148193
0.10300000011920929,0.10000000894069672,-0.000013696191672352143,0.00026694557163864374,0.1634943187236786,0.00453975610435009,15.928435325622559,45920.93359375,45921.33984375,-9071.572265625,0,3.5135552883148193
0.10300499945878983,0.10000000894069672,-0.000012732549294014461,0.00003129796095890924,0.19272848963737488,0.00459629762917757,11.308321952819824,19161.896484375,19162.29296875,-7872.20166015625,0,3.5135552883148193
0.10300999879837036,0.10000000894069672,-0.00001170791256299708,-0.000179712864337489,0.20492732524871826,0.00463279290124774,7.299042701721191,10826.1845703125,-10825.810546875,-6491.99853515625,0,3.5135552883148193
0.1030149981379509,0.10000000894069672,-0.000010717736586229876,-0.0003613564476836473,0.19803515076637268,0.00465275626629591,3.9926950931549072,41048.703125,-41048.359375,-5079.18408203125,0,3.5135552883148193
0.10301999747753143,0.10000000894069672,-0.000009858223165792879,-0.0005115903913974762,0.17190274596214294,0.0046597858890891075,1.4058879613876343,68459.71875,-68459.40625,-3784.407958984375,0,3.5135552883148193
0.10302499681711197,0.10000000894069672,-0.000009216623766405974,-0.0006314982892945409,0.12831994891166687,0.004657178185880184,-0.5214951038360596,90270.984375,-90270.6953125,-2745.43994140625,0,3.5135552883148193
0.1030299961566925,0.10000000894069672,-0.000008862365575623699,-0.0007253305520862341,0.0708516538143158,0.00464757950976491,-1.9197361469268799,104235.8671875,-104235.609375,-2073.11572265625,0,3.5135552883148193
0.10303499549627304,0.10000000149011612,-0.000008839900146995205,-0.0008000900270417333,0.004493042826652527,0.0046327016316354275,-2.975565195083618,108879.375,-108879.1796875,-1839.96435546875,0,3.5135552883148193
0.10303999483585358,0.09999999403953552,-0.000009164008588413708,-0.0008409790461882949,-0.06482172012329102,0.004613138269633055,-3.912651300430298,103650.8359375,-103650.703125,-2072.66943359375,0,3.5135552883148193
0.10304499417543411,0.09999998658895493,-0.000009818048056331463,-0.0008580751018598676,-0.13080789148807526,0.004588297102600336,-4.968253135681152,88983.296875,-88983.21875,-2749.15771484375,0,3.5135552883148193
0.10305000096559525,0.09999997913837433,-0.000010755329640232958,-0.0008613667450845242,-0.187456414103508,0.004556455183774233,-6.368387222290039,66253.8125,-66253.765625,-3800.600341796875,0,3.5135552883148193
0.10305500030517578,0.09999997168779373,-0.000011903503946086857,-0.0008596113184466958,-0.22963489592075348,0.004514934960752726,-8.304017066955566,37648.23828125,-37648.20703125,-5118.1455078125,0,3.5135552883148193
0.10305999964475632,0.09999996423721313,-0.000013171516911825165,-0.0008594853570684791,-0.2536025047302246,0.004460381809622049,-10.910666465759277,5944.1181640625,-5944.103515625,-6563.71142578125,0,3.5135552883148193
0.10306499898433685,0.09999995678663254,-0.000014458450095844455,-0.00086514453869313,-0.25738662481307983,0.004389114212244749,-14.25353717803955,25766.8046875,25766.8125,-7983.771484375,0,3.5135552883148193
0.10306999832391739,0.09999994933605194,-0.000015663365047657862,-0.0008776746690273285,-0.24098297953605652,0.004297515843063593,-18.319639205932617,54387.109375,54387.10546875,-9224.6669921875,0,3.5135552883148193
0.10307499766349792,0.09999994188547134,-0.000016695159501978196,-0.000895889475941658,-0.20635905861854553,0.004182427190244198,-23.017724990844727,77123.2421875,77123.234375,-10147.9775390625,0,3.5135552883148193
0.10307999700307846,0.09999993443489075,-0.00001748146314639598,-0.000917996047064662,-0.15726086497306824,0.004041497129946947,-28.18604850769043,91767.015625,91767.0078125,-10644.484375,0,3.5135552883148193
0.103084996342659,0.09999992698431015,-0.000017975664377445355,-0.0009411969222128391,-0.09884017705917358,0.003873460926115513,-33.60723876953125,96915.7421875,96915.734375,-10645.10546875,0,3.5135552883148193
0.10308999568223953,0.09999991953372955,-0.000018161372281610966,-0.0009622614597901702,-0.037141699343919754,0.003678317181766033,-39.02874755859375,92107.4140625,92107.40625,-10127.5986328125,0,3.5135552883148193
0.10309499502182007,0.09999991208314896,-0.000018053893654723652,-0.0009779824176803231,0.021495699882507324,0.003457383718341589,-44.18669128417969,77885.484375,77885.46875,-9119.7919921875,0,3.5135552883148193
0.1030999943614006,0.09999990463256836,-0.00001769849768606946,-0.0009855135576799512,0.07107913494110107,0.003213226795196533,-48.83135986328125,55713.41015625,55713.38671875,-7695.3349609375,0,3.5135552883148193
0.10310499370098114,0.09999989718198776,-0.000017165761164505966,-0.0009825787274166942,0.10654740035533905,0.002949473913758993,-52.75056457519531,27846.140625,27846.115234375,-5967.34130859375,0,3.5135552883148193
0.10311000049114227,0.09999988973140717,-0.000016544387108297087,-0.0009675452020019293,0.12427480518817902,0.0026705253403633833,-55.789703369140625,2902.520263671875,-2902.548095703125,-4076.84423828125,0,3.5135552883148193
0.10311499983072281,0.09999988228082657,-0.000015932251699268818,-0.0009394532535225153,0.12242700159549713,0.0023811953142285347,-57.86602020263672,33443.51171875,-33443.54296875,-2178.72998046875,0,3.5135552883148193
0.10311999917030334,0.09999987483024597,-0.000015426570826093666,-0.0008979957783594728,0.1011362075805664,0.002086317166686058,-58.97563934326172,60723.20703125,-60723.2421875,-426.3208312988281,0,3.5135552883148193
0.10312499850988388,0.09999986737966537,-0.000015114177585928701,-0.0008433886105194688,0.06247861683368683,0.0017903533298522234,-59.19276428222656,82029.734375,-82029.78125,1043.8358154296875,0,3.5135552883148193
0.10312999784946442,0.09999985992908478,-0.000015062892998685129,-0.0007761090528219938,0.010256864130496979,0.0014970476040616632,-58.66114044189453,95263.9765625,-95264.0234375,2125.43017578125,0,3.5135552883148193
0.10313499718904495,0.09999985992908478,-0.00001531484303995967,-0.0006965131033211946,-0.05039006844162941,0.0012091542594134808,-57.57866668701172,99146.1953125,-99146.21875,2752.6669921875,0,3.5135552883148193
0.10313999652862549,0.09999985992908478,-0.000015882385923760012,-0.0006304760463535786,-0.11350849270820618,0.0009282705141231418,-56.17674255371094,93341.09375,-93341.109375,2906.514404296875,0,3.5135552883148193
0.10314499586820602,0.09999985992908478,-0.000016747042536735535,-0.0005763487424701452,-0.17293128371238708,0.0006547882221639156,-54.69646453857422,78503.3359375,-78503.34375,2617.00732421875,0,3.5135552883148193
0.10314999520778656,0.09999985992908478,-0.00001786158281902317,-0.0005308052059262991,-0.22290804982185364,0.00038797006709501147,-53.36363220214844,56175.21484375,-56175.21875,1958.208251953125,0,3.5135552883148193
0.1031549945473671,0.09999985992908478,-0.00001915493339765817,-0.0004888875409960747,-0.25867030024528503,0.00012613844592124224,-52.36632537841797,28647.630859375,-28647.630859375,1041.3878173828125,0,3.5135552883148193
0.10315999388694763,0.09999985992908478,-0.00002053947355307173,-0.0004443776560947299,-0.27690795063972473,-0.0001330413215328008,-51.83595275878906,1281.56689453125,1281.57568359375,3.0864994525909424,0,3.5135552883148193
0.10316500067710876,0.09999985992908478,-0.000021919933715253137,-0.0003904730547219515,-0.2760920822620392,-0.0003922132309526205,-51.834381103515625,30594.322265625,30594.34375,-1009.0574340820313,0,3.5135552883148193
0.1031700000166893,0.09999985992908478,-0.000023203008822747506,-0.00032065872801467776,-0.25661513209342957,-0.0006539546884596348,-52.348289489746094,56360.49609375,56360.5390625,-1851.5474853515625,0,3.5135552883148193
0.10317499935626984,0.09999985992908478,-0.000024306682462338358,-0.00022960994101595134,-0.22073492407798767,-0.0009204110829159617,-53.29127502441406,76036.625,76036.6875,-2399.807373046875,0,3.5135552883148193
0.10317999869585037,0.09999985992908478,-0.000025168325009872206,-0.0001139457308454439,-0.17232850193977356,-0.0011929785832762718,-54.51348876953125,87721.6953125,87721.7890625,-2560.861083984375,0,3.5135552883148193
0.10318499803543091,0.09999985992908478,-0.00002575073995103594,0.000027314756152918562,-0.11648314446210861,-0.0014720672043040395,-55.817726135253906,90349.015625,90349.140625,-2282.840576171875,0,3.5135552883148193
0.10318999737501144,0.09999985992908478,-0.00002604556539154146,0.0001926738186739385,-0.058965180069208145,-0.0017569690244272351,-56.980369567871094,83769.890625,83770.0625,-1559.1375732421875,0,3.5135552883148193
0.10319499671459198,0.09999985992908478,-0.000026073743356391788,0.0003784417640417814,-0.0056356098502874374,-0.0020458411891013384,-57.77442932128906,68847.78125,68847.9921875,-433.1339416503906,0,3.5135552883148193
0.10319999605417252,0.09999985992908478,-0.000025882771296892315,0.0005793524906039238,0.03819424659013748,-0.002335816388949752,-57.995025634765625,47244.6953125,47244.9453125,1012.3948364257813,0,3.5135552883148193
0.10320499539375305,0.09999986737966537,-0.000025541416107444093,0.0007892964640632272,0.06827115267515182,-0.002623213455080986,-57.47941589355469,21326.615234375,21326.86328125,2659.89111328125,0,3.5135552883148193
0.10320999473333359,0.09999987483024597,-0.00002513217623345554,0.0009760254761204123,0.08184809237718582,-0.0029038372449576855,-56.12474822998047,6107.4228515625,-6107.185546875,4370.39013671875,0,3.5135552883148193
0.10321499407291412,0.09999988228082657,-0.00002474237589922268,0.0011344774393364787,0.07795999199151993,-0.0031733319628983736,-53.89892578125,32109.87890625,-32109.6640625,5997.57275390625,0,3.5135552883148193
0.10322000086307526,0.09999988973140717,-0.000024454784579575062,0.0012612020364031196,0.05751820653676987,-0.0034275539219379425,-50.844390869140625,53891.74609375,-53891.55859375,7402.92578125,0,3.5135552883148193
0.10322500020265579,0.09999989718198776,-0.000024338736693607643,0.0013547021662816405,0.023209653794765472,-0.003662924515083432,-47.07411193847656,69111.0234375,-69110.875,8469.9912109375,0,3.5135552883148193
0.10322999954223633,0.09999990463256836,-0.000024442675567115657,0.0014155268436297774,-0.020787790417671204,-0.0038767263758927584,-42.76038360595703,76115.1015625,-76114.984375,9116.3359375,0,3.5135552883148193
0.10323499888181686,0.09999991208314896,-0.000024788896553218365,0.0014461149694398046,-0.06924416869878769,-0.0040673138573765755,-38.117469787597656,74102.9453125,-74102.8828125,9301.560546875,0,3.5135552883148193
0.1032399982213974,0.09999991953372955,-0.00002537099499022588,0.0014504374703392386,-0.11641956865787506,-0.0042342147789895535,-33.380226135253906,63248.40625,-63248.390625,9033.404296875,0,3.5135552883148193
0.10324499756097794,0.09999992698431015,-0.000026154419174417853,0.0014334152219817042,-0.1566847413778305,-0.004378112498670816,-28.779552459716797,44618.46875,-44618.49609375,8363.671875,0,3.5135552883148193
0.10324999690055847,0.09999993443489075,-0.000027079868232249282,0.0014002235839143395,-0.18508975207805634,-0.004500712268054485,-24.519969940185547,20109.29296875,-20109.365234375,7385.08447265625,0,3.5135552883148193
0.10325499624013901,0.09999994188547134,-0.00002806932752719149,0.0013579000951722264,-0.1978917270898819,-0.004604506306350231,-20.758777618408203,7755.30810546875,7755.19140625,6221.32373046875,0,3.5135552883148193
0.10325999557971954,0.09999994933605194,-0.000029034099497948773,0.0013101814547553658,-0.19295455515384674,-0.004692457616329193,-17.590282440185547,36087.5546875,36087.390625,5013.99560546875,0,3.5135552883148193
0.10326499491930008,0.09999995678663254,-0.000029884002287872136,0.0012581230839714408,-0.1699805110692978,-0.004767640959471464,-15.036675453186035,61932.18359375,61931.97265625,3907.984130859375,0,3.5135552883148193
0.10326999425888062,0.09999996423721313,-0.00003053676846320741,0.0012001037830486894,-0.1305532604455948,-0.0048328726552426815,-13.046355247497559,82571.078125,82570.8125,3036.40869140625,0,3.5135552883148193
0.10327500104904175,0.09999997168779373,-0.00003092670158366673,0.0011317619355395436,-0.07798688113689423,-0.004890372045338154,-11.499924659729004,95804.609375,95804.2734375,2506.7392578125,0,3.5135552883148193
0.10328000038862228,0.09999997913837433,-0.00003101168113062158,0.0010463843354955316,-0.01699577271938324,-0.004941488150507212,-10.223252296447754,100180.6640625,100180.2578125,2389.501708984375,0,3.5135552883148193
0.10328499972820282,0.09999998658895493,-0.000030777773645240813,0.0009357196977362037,0.04678121954202652,-0.004986519459635019,-9.0062894821167,95147.7734375,95147.2890625,2710.74609375,0,3.5135552883148193
0.10328999906778336,0.09999999403953552,-0.000030241002605180256,0.0007911041611805558,0.10735417157411575,-0.005024648271501064,-7.625718116760254,81116.46875,81115.90625,3449.052734375,0,3.5135552883148193
0.10329499840736389,0.09999999403953552,-0.00002944602965726517,0.0006047147326171398,0.15899452567100525,-0.005053993780165911,-5.8691301345825195,59422.3671875,59421.7734375,4537.39990234375,0,3.5135552883148193
0.10329999774694443,0.09999999403953552,-0.00002846190909622237,0.0003944559721276164,0.19682398438453674,-0.00507178483530879,-3.55825138092041,32194.759765625,32194.14453125,5869.7138671875,0,3.5135552883148193
0.10330499708652496,0.09999999403953552,-0.000027375310310162604,0.0001570496242493391,0.2173198163509369,-0.005074629094451666,-0.5688308477401733,2143.406005859375,2142.772216796875,7311.44970703125,0,3.5135552883148193
0.1033099964261055,0.09999999403953552,-0.000026281888494850136,-0.00010773856047308072,0.2186843454837799,-0.005058854818344116,3.1548595428466797,27714.53125,-27715.17578125,8713.130859375,0,3.5135552883148193
0.10331499576568604,0.09999999403953552,-0.000025276684027630836,-0.00039701603236608207,0.20104071497917175,-0.005020892713218927,7.59242057800293,54359.85546875,-54360.50390625,9925.484375,0,3.5135552883148193
0.10331999510526657,0.09999999403953552,-0.00002444451274641324,-0.000705069222021848,0.1664341688156128,-0.004957655444741249,12.647428512573242,75078.1171875,-75078.7578125,10814.625,0,3.5135552883148193
0.1033249944448471,0.09999998658895493,-0.000023851323931012303,-0.0010239602997899055,0.11863794922828674,-0.004866878967732191,18.155271530151367,87736.53125,-87737.09375,11275.763671875,0,3.5135552883148193
0.10332999378442764,0.09999997913837433,-0.00002353740819671657,-0.001320578157901764,0.0627831369638443,-0.004747388884425163,23.89797019958496,91002.6171875,-91003.1015625,11244.0146484375,0,3.5135552883148193
0.10333500057458878,0.09999997168779373,-0.000023513162886956707,-0.0015852800570428371,0.004849070683121681,-0.004599266219884157,29.62449836730957,84482.8046875,-84483.203125,10701.228515625,0,3.5135552883148193
0.10333999991416931,0.09999996423721313,-0.00002375783515162766,-0.0018089823424816132,-0.04893434792757034,-0.004423893056809902,35.074588775634766,68766.1328125,-68766.4296875,9678.1201171875,0,3.5135552883148193
0.10334499925374985,0.09999995678663254,-0.000024221395506174304,-0.001983902184292674,-0.09271223098039627,-0.004223874770104885,40.00361251831055,45368.76953125,-45368.97265625,8251.486328125,0,3.5135552883148193
0.10334999859333038,0.09999994933605194,-0.00002482936906744726,-0.002104206243529916,-0.1215948835015297,-0.004002844449132681,44.206058502197266,16584.71875,-16584.828125,6536.76123046875,0,3.5135552883148193
0.10335499793291092,0.09999994188547134,-0.000025490135158179328,-0.00216653966344893,-0.13215304911136627,-0.0037651683669537306,47.53520584106445,14742.33984375,14742.322265625,4676.6806640625,0,3.5135552883148193
0.10335999727249146,0.09999993443489075,-0.00002610397496027872,-0.0021703869570046663,-0.12276779115200043,-0.0035155832301825285,49.91701889038086,45504.55078125,45504.6171875,2827.0908203125,0,3.5135552883148193
0.10336499661207199,0.09999992698431015,-0.000026572968636173755,-0.0021163399796932936,-0.0937986969947815,-0.0032587989699095488,51.35684585571289,72637.7890625,72637.9375,1141.6619873046875,0,3.5135552883148193
0.10336999595165253,0.09999991953372955,-0.000026810748749994673,-0.0020082832779735327,-0.04755604267120361,-0.002999107586219907,51.938289642333984,93429.71875,93429.921875,-243.40664672851563,0,3.5135552883148193
0.10337499529123306,0.09999991208314896,-0.00002675113319128286,-0.0018540341407060623,0.011923164129257202,-0.0027400359977036715,51.814327239990234,105793.8359375,105794.078125,-1222.998046875,0,3.5135552883148193
0.1033799946308136,0.09999990463256836,-0.000026354764486313798,-0.0016630478203296661,0.07927361130714417,-0.0024840787518769503,51.19145584106445,108477.4765625,108477.734375,-1733.4034423828125,0,3.5135552883148193
0.10338499397039413,0.09999989718198776,-0.000025613102479837835,-0.0014454214833676815,0.14833252131938934,-0.002232535509392619,50.30864334106445,101161.4921875,101161.7734375,-1757.2708740234375,0,3.5135552883148193
0.10339000076055527,0.09999988973140717,-0.000024549432055209763,-0.001210854621604085,0.2127339243888855,-0.0019854670390486717,49.41366958618164,84591.1328125,84591.3984375,-1330.1458740234375,0,3.5135552883148193
0.1033950001001358,0.09999988228082657,-0.000023216500267153606,-0.0009676830959506333,0.2665863037109375,-0.0017417859053239226,48.73623275756836,60356.73046875,60356.98046875,-529.549560546875,0,3.5135552883148193
0.10339999943971634,0.09999988228082657,-0.000021691446818294935,-0.0007222719141282141,0.3050106167793274,-0.001499453210271895,48.46653366088867,30826.931640625,30827.12109375,528.2890625,0,3.5135552883148193
0.10340499877929688,0.09999988228082657,-0.000020068267986061983,-0.000504818803165108,0.3246356248855591,-0.0012557752197608352,48.735591888427734,1117.509521484375,-1117.37255859375,1701.633056640625,0,3.5135552883148193
0.10340999811887741,0.09999988228082657,-0.000018448647097102366,-0.0003169215051457286,0.32392418384552,-0.001007764134556055,49.602230072021484,32367.70703125,-32367.61328125,2837.32275390625,0,3.5135552883148193
0.10341499745845795,0.09999988228082657,-0.00001693205558694899,-0.0001582146214786917,0.3033182621002197,-0.0007525277906097472,51.04726791381836,59900.56640625,-59900.515625,3786.345703125,0,3.5135552883148193
0.10341999679803848,0.09999988228082657,-0.0000156061341840541,-0.000027111382223665714,0.2651844024658203,-0.0004876496095675975,52.97563552856445,81081.4765625,-81081.453125,4418.857421875,0,3.5135552883148193
0.10342499613761902,0.09999988228082657,-0.000014538302821165416,0.0000784522999310866,0.21356633305549622,-0.00021151892724446952,55.226139068603516,93926.9296875,-93926.921875,4637.21923828125,0,3.5135552883148193
0.10342999547719955,0.09999988228082657,-0.000013769449651590548,0.00016044160292949528,0.1537705957889557,0.0000764203432481736,57.58785629272461,97300.7578125,-97300.7578125,4385.7578125,0,3.5135552883148193
0.10343499481678009,0.09999988228082657,-0.000013310314898262732,0.00022041967895347625,0.09182700514793396,0.0003755278594326228,59.82150650024414,91019.65625,-91019.671875,3656.0244140625,0,3.5135552883148193
0.10343999415636063,0.09999988228082657,-0.00001314090422965819,0.0002595398109406233,0.03388209640979767,0.0006839453708380461,61.68350601196289,75887.9609375,-75887.96875,2488.562255859375,0,3.5135552883148193
0.10344500094652176,0.09999988228082657,-0.000013213052625360433,0.0002787801204249263,-0.014429680071771145,0.00099870003759861,62.950923919677734,53572.91015625,-53572.91015625,966.7490844726563,0,3.5135552883148193
0.1034500002861023,0.09999988228082657,-0.000013455728549160995,0.00028014491545036435,-0.04853525012731552,0.0013159164227545261,63.44328689575195,26461.5703125,-26461.560546875,-790.2460327148438,0,3.5135552883148193
0.10345499962568283,0.09999988228082657,-0.00001378263459628215,0.0002657477161847055,-0.06538120657205582,0.001631120452657342,63.04082107543945,2594.031005859375,2594.04931640625,-2640.06787109375,0,3.5135552883148193
0.10345999896526337,0.09999988228082657,-0.00001410128334100591,0.00023770530242472887,-0.06372980028390884,0.001939601730555296,61.69624710083008,30570.154296875,30570.177734375,-4431.68115234375,0,3.5135552883148193
0.1034649983048439,0.09999988228082657,-0.000014322624338092282,0.000199193658772856,-0.04426823556423187,0.002236797707155347,59.439212799072266,54579.3046875,54579.3359375,-6020.6162109375,0,3.5135552883148193
0.10346999764442444,0.09999988228082657,-0.000014370234566740692,0.00015452777734026313,-0.009521972388029099,0.002518662251532078,56.3729362487793,72163.765625,72163.796875,-7283.51123046875,0,3.5135552883148193
0.10347499698400497,0.09999988228082657,-0.000014188140085025225,0.00010910216224147007,0.03641890361905098,0.0027819795068353415,52.66347122192383,81544.3203125,81544.34375,-8130.44140625,0,3.5135552883148193
0.10347999632358551,0.09999988228082657,-0.000013746482181886677,0.00006920367741258815,0.08833162486553192,0.003024592762812972,48.52267074584961,81799.7265625,81799.7265625,-8513.833984375,0,3.5135552883148193
0.10348499566316605,0.09999988228082657,-0.000013044447769061662,0.00004278931737644598,0.14040695130825043,0.003245525760576129,44.18661117553711,72950.3828125,72950.3671875,-8432.6435546875,0,3.5135552883148193
0.10348999500274658,0.09999988228082657,-0.000012110204806958791,0.000037582445656880736,0.18684859573841095,0.0034449852537363768,39.891902923583984,55968.59765625,55968.546875,-7932.90087890625,0,3.5135552883148193
0.10349499434232712,0.09999988228082657,-0.000010997808203683235,0.00006022923480486497,0.22247929871082306,0.0036242438945919275,35.85171127319336,32656.48828125,32656.392578125,-7101.716796875,0,3.5135552883148193
0.10349999368190765,0.09999988228082657,-0.000009781462722457945,0.00011610176443355158,0.24326907098293304,0.003785418113693595,32.23483657836914,5466.8623046875,5466.71484375,-6058.4619140625,0,3.5135552883148193
0.10350500047206879,0.09999988228082657,-0.000008547715879103635,0.00020860298536717892,0.2467493861913681,0.003931164741516113,29.149288177490234,22753.318359375,-22753.5234375,-4942.11328125,0,3.5135552883148193
0.10350999981164932,0.09999988228082657,-0.000007386394827335607,0.0003385423915460706,0.2322641760110855,0.004064326174557209,26.63228988647461,49057.8359375,-49058.08984375,-3896.703369140625,0,3.5135552883148193
0.10351499915122986,0.09999988228082657,-0.000006381229923135834,0.000503642251715064,0.20103298127651215,0.004187564831227064,24.647716522216797,70705.6953125,-70706,-3056.289306640625,0,3.5135552883148193
0.1035199984908104,0.09999988228082657,-0.000005601128123089438,0.0006983564235270023,0.15602032840251923,0.004303020425140858,23.09115982055664,85444.328125,-85444.6640625,-2530.973388671875,0,3.5135552883148193
0.10352499783039093,0.09999988973140717,-0.0000050930043471453246,0.0009140899637714028,0.10162477940320969,0.004412031266838312,21.802146911621094,91740.2578125,-91740.578125,-2395.515869140625,0,3.5135552883148193
0.10352999716997147,0.09999989718198776,-0.000004876898856309708,0.0011137480614706874,0.0432211235165596,0.004514941945672035,20.58211898803711,88929,-88929.265625,-2681.939453125,0,3.5135552883148193
0.103534996509552,0.09999990463256836,-0.000004943863132211845,0.0012853489024564624,-0.013392835855484009,0.004611023236066103,19.216217041015625,77339.796875,-77340,-3373.342041015625,0,3.5135552883148193
0.10353999584913254,0.09999991208314896,-0.000005257007615000475,0.0014171627117320895,-0.06262888014316559,0.004698514007031918,17.498188018798828,58166.1953125,-58166.3125,-4410.359375,0,3.5135552883148193
0.10354499518871307,0.09999991953372955,-0.000005755300662713125,0.0014988762559369206,-0.09965862333774567,0.004774773959070444,15.252010345458984,33412.6015625,-33412.625,-5693.76806640625,0,3.5135552883148193
0.10354999452829361,0.09999992698431015,-0.000006359949566103751,0.0015230173012241721,-0.12092974781990051,0.004836535081267357,12.352197647094727,5668.60400390625,-5668.52783203125,-7095.65869140625,0,3.5135552883148193
0.10355499386787415,0.09999993443489075,-0.0000069826419348828495,0.0014881863025948405,-0.12453849613666534,0.004880227148532867,8.738409042358398,22150.857421875,22151.03125,-8472.267578125,0,3.5135552883148193
0.10356000065803528,0.09999994188547134,-0.000007534826181654353,0.0013933958252891898,-0.1104368269443512,0.004902344662696123,4.423519134521484,47112.984375,47113.25,-9679.1728515625,0,3.5135552883148193
0.10356499999761581,0.09999994933605194,-0.00000793704475654522,0.0012411043280735612,-0.08044376969337463,0.004899814259260893,-0.5060429573059082,66567.6953125,66568.0546875,-10586.138671875,0,3.5135552883148193
0.10356999933719635,0.09999995678663254,-0.000008127371984301135,0.001036886009387672,-0.03806546330451965,0.004870326723903418,-5.897519111633301,78422.375,78422.8046875,-11090.6728515625,0,3.5135552883148193
0.10357499867677689,0.09999996423721313,-0.00000806807292974554,0.0007888616528362036,0.011859769932925701,0.004812596831470728,-11.545952796936035,81360.0390625,81360.53125,-11128.7822265625,0,3.5135552883148193
0.10357999801635742,0.09999996423721313,-0.000007749797077849507,0.0005069718463346362,0.06365518271923065,0.004726527724415064,-17.213794708251953,74978.828125,74979.3203125,-10681.8310546875,0,3.5135552883148193
0.10358499735593796,0.09999996423721313,-0.000007192856173787732,0.00022587605053558946,0.1113881915807724,0.0046132574789226055,-22.654006958007813,59837.828125,59838.30859375,-9778.771484375,0,3.5135552883148193
0.1035899966955185,0.09999996423721313,-0.000006445445251301862,-0.0000437114795204252,0.1494821459054947,0.004475085996091366,-27.634292602539063,37405.0546875,37405.50390625,-8493.51953125,0,3.5135552883148193
0.10359499603509903,0.09999996423721313,-0.000005578970558417495,-0.00029214000096544623,0.17329494655132294,0.0043152859434485435,-31.960006713867188,9911.990234375,9912.3974609375,-6937.7216796875,0,3.5135552883148193
0.10359999537467957,0.09999996423721313,-0.000004680945039581275,-0.0005115774110890925,0.17960511147975922,0.004137819167226553,-35.49336242675781,19870.294921875,-19869.9375,-5249.6396484375,0,3.5135552883148193
0.1036049947142601,0.09999996423721313,-0.000003846168510790449,-0.0006966125802136958,0.16695527732372284,0.003946984186768532,-38.16698455810547,48910.94140625,-48910.64453125,-3580.276611328125,0,3.5135552883148193
0.10360999405384064,0.09999995678663254,-0.000003167080649291165,-0.0008446162100881338,0.13581760227680206,0.003747032256796956,-39.99040222167969,74226.6171875,-74226.421875,-2078.1513671875,0,3.5135552883148193
0.10361500084400177,0.09999994933605194,-0.000002724263367781532,-0.0009320678655058146,0.088563472032547,0.0035417883191257715,-41.048797607421875,93185.375,-93185.265625,-874.2556762695313,0,3.5135552883148193
0.1036200001835823,0.09999994188547134,-0.0000025780643682082882,-0.0009620483033359051,0.029239820316433907,0.0033343180548399687,-41.494049072265625,103775.5078125,-103775.4921875,-68.74161529541016,0,3.5135552883148193
0.10362499952316284,0.09999993443489075,-0.00000276219293482427,-0.000939859775826335,-0.036825720220804214,0.003126672701910138,-41.52906036376953,104813.1171875,-104813.1796875,279.3287048339844,0,3.5135552883148193
0.10362999886274338,0.09999992698431015,-0.0000032799521250126418,-0.0008717098971828818,-0.10355181992053986,0.00291973864659667,-41.386802673339844,96060.1875,-96060.3046875,157.81195068359375,0,3.5135552883148193
0.10363499820232391,0.09999991953372955,-0.00000410348002333194,-0.0007600939134135842,-0.16470561921596527,0.0027132064569741488,-41.306427001953125,78269.0234375,-78269.1796875,-396.3450012207031,0,3.5135552883148193
0.10363999754190445,0.09999991953372955,-0.000005176146260055248,-0.0006116497097536922,-0.2145332247018814,0.002505664946511388,-41.50828552246094,53095.87890625,-53096.0390625,-1301.423828125,0,3.5135552883148193
0.10364499688148499,0.09999991953372955,-0.000006417821623472264,-0.00045811213203705847,-0.2483351081609726,0.0022948095574975014,-42.17109680175781,22938.783203125,-22938.9296875,-2439.000244140625,0,3.5135552883148193
0.10364999622106552,0.09999991953372955,-0.000007732513040537015,-0.0003034255059901625,-0.26293838024139404,0.0020777431782335043,-43.41326904296875,9295.8525390625,9295.724609375,-3665.5390625,0,3.5135552883148193
0.10365499556064606,0.09999991953372955,-0.000009017615411721636,-0.00014997387188486755,-0.2570204734802246,0.0018513426184654236,-45.280113220214844,40485.30859375,40485.203125,-4826.8974609375,0,3.5135552883148193
0.10365999490022659,0.09999991953372955,-0.000010173848750127945,0.0000009568320820108056,-0.2312467396259308,0.0016126504633575678,-47.738433837890625,67603.1484375,67603.0625,-5773.83447265625,0,3.5135552883148193
0.10366499423980713,0.09999991953372955,-0.000011114894732600078,0.0001485847751609981,-0.18820923566818237,0.0013592552859336138,-50.67902374267578,88022.359375,88022.3046875,-6377.05712890625,0,3.5135552883148193
0.10367000102996826,0.09999991953372955,-0.000011775757229770534,0.0002920274855569005,-0.13217246532440186,0.001089621102437377,-53.92683410644531,99778.7265625,99778.703125,-6540.2822265625,0,3.5135552883148193
0.1036750003695488,0.09999991953372955,-0.000012119014172640163,0.00042985379695892334,-0.06865136325359344,0.0008033322519622743,-57.257774353027344,101767.59375,101767.578125,-6209.99853515625,0,3.5135552883148193
0.10367999970912933,0.09999991953372955,-0.000012138334568589926,0.000559894135221839,-0.003864102065563202,0.0005012297770008445,-60.420501708984375,93837.25,93837.25,-5380.09228515625,0,3.5135552883148193
0.10368499904870987,0.09999991953372955,-0.000011858961443067528,0.0006793217035010457,0.0558745451271534,0.00018542699399404228,-63.160560607910156,76873.578125,76873.59375,-4096.07470703125,0,3.5135552883148193
0.1036899983882904,0.09999992698431015,-0.000011334892406011932,0.0007849460234865546,0.10481378436088562,-0.00014080639812164009,-65.2466812133789,52603.44140625,52603.453125,-2445.280029296875,0,3.5135552883148193
0.10369499772787094,0.09999993443489075,-0.000010643381756381132,0.0008475345093756914,0.13830217719078064,-0.00047326667117886245,-66.49205780029297,23489.345703125,23489.353515625,-551.6719360351563,0,3.5135552883148193
0.10369999706745148,0.09999994188547134,-0.00000987710154731758,0.0008648624643683434,0.15325596928596497,-0.0008071317570284009,-66.77301788330078,7534.09521484375,-7534.1064453125,1437.2427978515625,0,3.5135552883148193
0.10370499640703201,0.09999994933605194,-0.000009134803804045077,0.0008384686661884189,0.14845961332321167,-0.0011373369488865137,-66.0410385131836,37352.21875,-37352.25,3364.905517578125,0,3.5135552883148193
0.10370999574661255,0.09999995678663254,-0.000008511401574651245,0.0007698668632656336,0.12468045949935913,-0.0014589735073968768,-64.32730865478516,62986.19921875,-62986.265625,5081.39111328125,0,3.5135552883148193
0.10371499508619308,0.09999995678663254,-0.00000808849017630564,0.0006607795367017388,0.08458219468593597,-0.0017676703864708543,-61.7393798828125,81892.328125,-81892.40625,6458.26953125,0,3.5135552883148193
0.10371999442577362,0.09999995678663254,-0.000007926250873424578,0.0005381780210882425,0.03244791924953461,-0.0020599213894456625,-58.45021057128906,92214.6484375,-92214.7421875,7401.16796875,0,3.5135552883148193
0.10372499376535416,0.09999995678663254,-0.000008057539162109606,0.0004064390086568892,-0.026257749646902084,-0.0023333255667239428,-54.680824279785156,92968.609375,-92968.71875,7858.908203125,0,3.5135552883148193
0.10373000055551529,0.09999995678663254,-0.000008484756108373404,0.000270939024630934,-0.0854434072971344,-0.002586717251688242,-50.678314208984375,84136.15625,-84136.28125,7828.26953125,0,3.5135552883148193
0.10373499989509583,0.09999995678663254,-0.000009179786502500065,0.0001378075685352087,-0.1390061378479004,-0.0028201742097735405,-46.69140625,66663.0546875,-66663.1796875,7353.89599609375,0,3.5135552883148193
0.10373999923467636,0.09999995678663254,-0.00001008701201499207,0.000013515134924091399,-0.1814451515674591,-0.0030349045991897583,-42.94609832763672,42357.99609375,-42358.12109375,6523.3505859375,0,3.5135552883148193
0.1037449985742569,0.09999995678663254,-0.000011129067388537806,-0.00009571723057888448,-0.2084110975265503,-0.003233023453503847,-39.62378692626953,13705.5732421875,-13705.6953125,5457.8857421875,0,3.5135552883148193
0.10374999791383743,0.09999995678663254,-0.000012214748494443484,-0.00018465222092345357,-0.21713632345199585,-0.0034172439482063055,-36.84410858154297,16388.85546875,16388.74609375,4299.83740234375,0,3.5135552883148193
0.10375499725341797,0.09999995678663254,-0.00001324826280324487,-0.0002497610403224826,-0.20670285820960999,-0.0035905151162296534,-34.65422058105469,44896.09375,44896,3197.9423828125,0,3.5135552883148193
0.1037599965929985,0.09999995678663254,-0.000014138868209556676,-0.0002898967359215021,-0.17812111973762512,-0.0037556427996605635,-33.02552032470703,68971.4921875,68971.4140625,2292.076171875,0,3.5135552883148193
0.10376499593257904,0.09999995678663254,-0.000014809930689807516,-0.0003067346988245845,-0.13421249389648438,-0.003914933651685715,-31.858177185058594,86243.4140625,86243.3515625,1698.9696044921875,0,3.5135552883148193
0.10376999527215958,0.09999995678663254,-0.000015206472198769916,-0.0003048382350243628,-0.07930822670459747,-0.004069898277521133,-30.992900848388672,95052.4453125,95052.390625,1500.350830078125,0,3.5135552883148193
0.10377499461174011,0.09999995678663254,-0.000015300451195798814,-0.00029128941241651773,-0.018795961514115334,-0.004221042152494192,-30.228778839111328,94617.1015625,94617.0546875,1734.722900390625,0,3.5135552883148193
0.10377999395132065,0.09999995678663254,-0.000015093255569809116,-0.000274914491456002,0.041439153254032135,-0.00436776876449585,-29.345291137695313,85109.40625,85109.3515625,2393.5908203125,0,3.5135552883148193
0.10378500074148178,0.09999995678663254,-0.000014615147847507615,-0.0002652199473232031,0.09562148153781891,-0.004508399870246649,-28.126243591308594,67632.6484375,67632.5703125,3422.52587890625,0,3.5135552883148193
0.10379000008106232,0.09999995678663254,-0.000013921759091317654,-0.0002712165005505085,0.13867776095867157,-0.004640315659344196,-26.383167266845703,44103.953125,44103.84375,4726.93994140625,0,3.5135552883148193
0.10379499942064285,0.09999995678663254,-0.000013087983461446129,-0.00030032359063625336,0.16675521433353424,-0.004760194569826126,-23.975757598876953,17053.806640625,17053.662109375,6181.96875,0,3.5135552883148193
0.10379999876022339,0.09999995678663254,-0.000012199923730804585,-0.00035752111580222845,0.17761199176311493,-0.0048643313348293304,-20.827308654785156,10636.8662109375,-10637.05078125,7645.4443359375,0,3.5135552883148193
0.10380499809980392,0.09999995678663254,-0.000011345721759425942,-0.0004448540275916457,0.1708403378725052,-0.004948998801410198,-16.933517456054688,36035.0625,-36035.28515625,8972.6259765625,0,3.5135552883148193
0.10380999743938446,0.09999995678663254,-0.000010606223440845497,-0.0005613232497125864,0.14789970219135284,-0.005010817665606737,-12.36379623413086,56458.84765625,-56459.109375,10031.16796875,0,3.5135552883148193
0.103814996778965,0.09999995678663254,-0.000010046439456345979,-0.0007031322456896305,0.1119568794965744,-0.00504709267988801,-7.254964828491211,69754.3203125,-69754.609375,10714.8017578125,0,3.5135552883148193
0.10381999611854553,0.09999994933605194,-0.000009708690413390286,-0.000864217639900744,0.06754989922046661,-0.005056082271039486,-1.7979612350463867,74517.9921875,-74518.25,10954.3173828125,0,3.5135552883148193
0.10382499545812607,0.09999994188547134,-0.000009608139407646377,-0.001013261149637401,0.020110271871089935,-0.005037177354097366,3.781026840209961,70241.6171875,-70241.8359375,10724.7197265625,0,3.5135552883148193
0.1038299947977066,0.09999993443489075,-0.000009731174031912815,-0.0011423398973420262,-0.02460692822933197,-0.004990961868315935,9.243082046508789,57365.12890625,-57365.30078125,10047.8369140625,0,3.5135552883148193
0.10383499413728714,0.09999992698431015,-0.000010036807907454204,-0.0012440815335139632,-0.0611267015337944,-0.004919159691780806,14.360403060913086,37231.73046875,-37231.84765625,8990.09765625,0,3.5135552883148193
0.10384000092744827,0.09999991953372955,-0.000010460953490110114,-0.0013124976539984345,-0.08482915908098221,-0.004824464675039053,18.939022064208984,11949.9716796875,-11950.0283203125,7655.71435546875,0,3.5135552883148193
0.10384500026702881,0.09999991208314896,-0.000010923136869678274,-0.0013437079032883048,-0.09243675321340561,-0.0047102742828428745,22.838043212890625,15823.1533203125,15823.1533203125,6175.9619140625,0,3.5135552883148193
0.10384999960660934,0.09999990463256836,-0.000011334954251651652,-0.0013364743208512664,-0.08236341923475266,-0.004580357111990452,25.983436584472656,43156.36328125,43156.41796875,4695.63037109375,0,3.5135552883148193
0.10385499894618988,0.09999989718198776,-0.000011609400644374546,-0.0012918413849547505,-0.05488922446966171,-0.004438482690602541,28.374900817871094,67145.5625,67145.6640625,3358.13671875,0,3.5135552883148193
0.10385999828577042,0.09999988973140717,-0.000011670115782180801,-0.0012136654695495963,-0.012143032625317574,-0.004288056865334511,30.085186004638672,85214.1328125,85214.2734375,2290.69287109375,0,3.5135552883148193
0.10386499762535095,0.09999988228082657,-0.000011459585948614404,-0.0011088490718975663,0.04210596904158592,-0.004131797701120377,31.251827239990234,95381.4375,95381.6015625,1591.05419921875,0,3.5135552883148193
0.10386999696493149,0.09999987483024597,-0.000010945447684207465,-0.0009858355624601245,0.10282767564058304,-0.003971486818045378,32.0621452331543,96469.2578125,96469.4453125,1317.3424072265625,0,3.5135552883148193
0.10387499630451202,0.09999986737966537,-0.000010124238542630337,-0.0008535420056432486,0.16424190998077393,-0.0038078215438872576,32.73305892944336,88217.40625,88217.5859375,1482.3726806640625,0,3.5135552883148193
0.10387999564409256,0.09999986737966537,-0.000009022223821375519,-0.0007202149135991931,0.22040286660194397,-0.0036403813865035772,33.4880256652832,71354.7265625,71354.8515625,2050.152099609375,0,3.5135552883148193
0.1038849949836731,0.09999986737966537,-0.000007693080078752246,-0.0006184524390846491,0.2658286988735199,-0.003467720467597246,34.532161712646484,47469.7734375,47469.85546875,2942.347412109375,0,3.5135552883148193
0.10388999432325363,0.09999986737966537,-0.0000062128356148605235,-0.0005518225952982903,0.2960489094257355,-0.0032875670585781336,36.03068923950195,18893.232421875,18893.26953125,4044.118896484375,0,3.5135552883148193
0.10389499366283417,0.09999986737966537,-0.000004672452178056119,-0.0005205202614888549,0.3080767095088959,-0.0030971153173595667,38.0903434753418,11546.0146484375,-11546.01171875,5216.220703125,0,3.5135552883148193
0.1039000004529953,0.09999986737966537,-0.0000031688209674030077,-0.000521486159414053,0.3007262647151947,-0.0028933805879205465,40.746944427490234,40807.84375,-40807.859375,6309.2177734375,0,3.5135552883148193
0.10390499979257584,0.09999986737966537,-0.0000017950851542991586,-0.0005482311826199293,0.27474716305732727,-0.0026735796127468348,43.960201263427734,65947.7109375,-65947.7421875,7178.677734375,0,3.5135552883148193
0.10390999913215637,0.09999986737966537,-0.000000631267425887927,-0.0005927934544160962,0.23276355862617493,-0.002435498172417283,47.616268157958984,84417.5,-84417.53125,7700.0537109375,0,3.5135552883148193
0.10391499847173691,0.09999986737966537,0.00000026384111606603255,-0.0006467079510912299,0.1790217161178589,-0.0021778088994324207,51.53787612915039,94326.6171875,-94326.640625,7781.599609375,0,3.5135552883148193
0.10391999781131744,0.09999986737966537,0.0000008586987405578839,-0.0007013455033302307,0.11897152662277222,-0.0019003038760274649,55.50101089477539,94636.6015625,-94636.625,7373.97119140625,0,3.5135552883148193
0.10392499715089798,0.09999985992908478,0.000001152318759523041,-0.0007485684473067522,0.058723997324705124,-0.0016040211776271462,59.25654220581055,85270.0625,-85270.0625,6475.576171875,0,3.5135552883148193
0.10392999649047852,0.09999985247850418,0.0000011745156598408357,-0.0007563406834378839,0.00443938747048378,-0.0012912485981360078,62.55452346801758,67121.7421875,-67121.7109375,5133.10205078125,0,3.5135552883148193
0.10393499583005905,0.09999985247850418,0.0000009830574754232657,-0.0007165316492319107,-0.03829164057970047,-0.0009654046734794974,65.16879272460938,41977.8984375,-41977.875,3437.466064453125,0,3.5135552883148193
0.10393999516963959,0.09999985247850418,0.0000006579795126526733,-0.0006509642116725445,-0.06501559913158417,-0.0006308072479441762,66.91947937011719,12329.8544921875,-12329.828125,1514.529052734375,0,3.5135552883148193
0.10394499450922012,0.09999985247850418,0.000000293654409233568,-0.0005567665211856365,-0.07286502420902252,-0.0002923531283158809,67.69082641601563,18867.20703125,18867.228515625,-486.8892517089844,0,3.5135552883148193
0.10394999384880066,0.09999985247850418,-0.000000010614542134135263,-0.00043243239633738995,-0.06085379049181938,0.000044861139031127095,67.44285583496094,48491.60546875,48491.61328125,-2409.785888671875,0,3.5135552883148193
0.10395500063896179,0.09999985247850418,-0.00000016052992179993453,-0.0002777260378934443,-0.029983077198266983,0.0003759389219339937,66.21556091308594,73568.1328125,73568.125,-4104.51513671875,0,3.5135552883148193
0.10395999997854233,0.09999985247850418,-0.00000007627067333260129,-0.00009350443724542856,0.016851849853992462,0.000696564675308764,64.12515258789063,91566.703125,91566.6640625,-5443.6171875,0,3.5135552883148193
0.10396499931812286,0.09999985247850418,0.00000029945442747703055,0.00011854866170324385,0.07514502108097076,0.0010033283615484834,61.35273742675781,100656.4375,100656.3671875,-6334.43017578125,0,3.5135552883148193
0.1039699986577034,0.09999985247850418,0.0000009955789437299245,0.00035625245072878897,0.13922490179538727,0.0012939615407958627,58.12664031982422,99850.0859375,99849.96875,-6726.2490234375,0,3.5135552883148193
0.10397499799728394,0.09999985247850418,0.00000200953627427225,0.0006172655848786235,0.20279143750667572,0.0015674664173275232,54.70098876953125,89258.046875,89257.890625,-6622.99755859375,0,3.5135552883148193
0.10397999733686447,0.09999985992908478,0.0000033076107683882583,0.0008993083611130714,0.25961488485336304,0.001824106089770794,51.32792663574219,69852.8046875,69852.609375,-6071.4580078125,0,3.5135552883148193
0.10398499667644501,0.09999986737966537,0.000004828033524972852,0.0011741439811885357,0.30408453941345215,0.002065284876152873,48.235755920410156,43511.890625,43511.65625,-5163.46875,0,3.5135552883148193
0.10398999601602554,0.09999987483024597,0.000006486959136964288,0.0014400235377252102,0.33178508281707764,0.002293315017595887,45.60602569580078,12799.09375,12798.8330078125,-4025.06396484375,0,3.5135552883148193
0.10399499535560608,0.09999988228082657,0.000008186625564121641,0.001695168437436223,0.33993321657180786,0.0025110954884439707,43.55607604980469,19295.06640625,-19295.341796875,-2803.606201171875,0,3.5135552883148193
0.10399999469518661,0.09999988973140717,0.000009824873814068269,0.0019371809903532267,0.3276495933532715,0.002721736440435052,42.128211975097656,49653.5625,-49653.83984375,-1652.8924560546875,0,3.5135552883148193
0.10400499403476715,0.09999989718198776,0.000011305070074740797,0.0021624702494591475,0.2960391640663147,0.002928168512880802,41.286399841308594,75345.234375,-75345.4921875,-717.6574096679688,0,3.5135552883148193
0.10401000082492828,0.09999991208314896,0.000012545434401545208,0.0023658627178519964,0.24807290732860565,0.003132773097604513,40.9208984375,93915.875,-93916.0625,-119.1226577758789,0,3.5135552883148193
0.10401500016450882,0.09999992698431015,0.000013486855095834471,0.0025144044775515795,0.18828420341014862,0.003337074303999543,40.8602294921875,103637.9609375,-103638.0390625,57.41109085083008,0,3.5135552883148193
0.10401999950408936,0.09999994188547134,0.000014098386600380763,0.002600292442366481,0.12230624258518219,0.003541521728038788,40.88946533203125,103679.6015625,-103679.5703125,-229.0310516357422,0,3.5135552883148193
0.10402499884366989,0.09999995678663254,0.000014379895219462924,0.0026209962088614702,0.05630176141858101,0.0037453859113156796,40.77281951904297,94173.8515625,-94173.6875,-971.634521484375,0,3.5135552883148193
0.10402999818325043,0.09999997168779373,0.000014361638932314236,0.00257032155059278,-0.003651171922683716,0.003946775570511818,40.27796936035156,76210.0859375,-76209.7734375,-2116.18115234375,0,3.5135552883148193
0.10403499752283096,0.09999998658895493,0.000014100798580329865,0.0024422735441476107,-0.05216801539063454,0.004142776597291231,39.20021057128906,51717.9375,-51717.46484375,-3566.763671875,0,3.5135552883148193
0.1040399968624115,0.09999999403953552,0.000013675335139851086,0.0022333574015647173,-0.08509267866611481,0.004329694900661707,37.38367462158203,23266.5703125,-23265.998046875,-5195.69921875,0,3.5135552883148193
0.10404499620199203,0.10000000149011612,0.000013175811545806937,0.0019670382607728243,-0.09990464150905609,0.004503382369875908,34.737525939941406,6198.728515625,6199.40234375,-6856.5654296875,0,3.5135552883148193
0.10404999554157257,0.10000000894069672,0.000012696019439317752,0.0016463110223412514,-0.095958411693573,0.004659609869122505,31.245506286621094,33657.57421875,33658.3359375,-8399.0869140625,0,3.5135552883148193
0.1040549948811531,0.10000001639127731,0.000012323363080213312,0.0012774046044796705,-0.07453133165836334,0.004794449079781771,26.96788787841797,56321.6484375,56322.484375,-9684.3515625,0,3.5135552883148193
0.10405999422073364,0.10000002384185791,0.000012129983588238247,0.0008694115094840527,-0.038675859570503235,0.004904627334326506,22.035686492919922,71917.2421875,71918.1328125,-10598.80859375,0,3.5135552883148193
0.10406500101089478,0.10000002384185791,0.000012165523912699427,0.0004336344136390835,0.007108081132173538,0.004987816326320171,16.63775634765625,78914.3046875,78915.171875,-11065.6318359375,0,3.5135552883148193
0.10407000035047531,0.10000002384185791,0.000012452256669348571,0.0000064582854975014925,0.057346489280462265,0.005042826756834984,11.002077102661133,76678.71875,76679.5390625,-11052.2939453125,0,3.5135552883148193
0.10407499969005585,0.10000002384185791,0.000012983065062144306,-0.000399411452235654,0.1061616763472557,0.0050696926191449165,5.373189926147461,65532.7890625,65533.56640625,-10573.5908203125,0,3.5135552883148193
0.10407999902963638,0.10000001639127731,0.00001372247061226517,-0.0007722097216174006,0.1478811502456665,0.005069633014500141,-0.01189565658569336,46717.78125,46718.4296875,-9689.826171875,0,3.5135552883148193
0.10408499836921692,0.10000000894069672,0.000014610584003094118,-0.0010783382458612323,0.17762261629104614,0.005044898483902216,-4.946883201599121,22262.1484375,22262.65625,-8500.3427734375,0,3.5135552883148193
0.10408999770879745,0.10000000149011612,0.000015569559764117002,-0.0013110182480886579,0.19179514050483704,0.004998518154025078,-9.27607250213623,5230.02685546875,-5229.6630859375,-7133.08642578125,0,3.5135552883148193
0.10409499704837799,0.09999999403953552,0.000016511887224623933,-0.001467231079004705,0.18846559524536133,0.004933973774313927,-12.908923149108887,32849.3671875,-32849.1484375,-5731.2666015625,0,3.5135552883148193
0.10409999638795853,0.09999998658895493,0.000017349651898257434,-0.0015480996808037162,0.16755303740501404,0.004854834638535976,-15.82783317565918,57682.2734375,-57682.1875,-4438.49755859375,0,3.5135552883148193
0.10410499572753906,0.09999997913837433,0.000018003807781497017,-0.0015589104732498527,0.13083136081695557,0.004764392971992493,-18.088342666625977,77111.84375,-77111.875,-3383.931640625,0,3.5135552883148193
0.1041099950671196,0.09999997168779373,0.00001841250923462212,-0.0015087247593328357,0.08174043893814087,0.004665334243327379,-19.811765670776367,89089.328125,-89089.46875,-2668.85400390625,0,3.5135552883148193
0.10411499440670013,0.09999996423721313,0.00001853763205872383,-0.0014077421510592103,0.025024408474564552,0.004559479188174009,-21.171003341674805,92342.359375,-92342.5859375,-2356.395263671875,0,3.5135552883148193
0.10411999374628067,0.09999995678663254,0.000018368818928138353,-0.0012683389941230416,-0.03376256301999092,0.004447623621672392,-22.37110710144043,86493.8984375,-86494.1640625,-2465.66357421875,0,3.5135552883148193
0.1041250005364418,0.09999994933605194,0.000017924687199410982,-0.001105617848224938,-0.08882628381252289,0.004329489544034004,-23.626859664916992,72151.046875,-72151.3359375,-2967.322021484375,0,3.5135552883148193
0.10412999987602234,0.09999994188547134,0.000017250891687581316,-0.0009339534444734454,-0.1347590684890747,0.004203799180686474,-25.138105392456055,50777.26953125,-50777.5625,-3789.945068359375,0,3.5135552883148193
0.10413499921560287,0.09999993443489075,0.000016415468053310178,-0.0007658522808924317,-0.16708487272262573,0.004068457521498203,-27.068307876586914,24579.8515625,-24580.126953125,-4825.55419921875,0,3.5135552883148193
0.10413999855518341,0.09999993443489075,0.000015501804227824323,-0.0006111153634265065,-0.18273288011550903,0.003920827992260456,-29.525941848754883,3723.557373046875,3723.358642578125,-5941.154296875,0,3.5135552883148193
0.10414499789476395,0.09999993443489075,0.00001459999202779727,-0.0005025113932788372,-0.18036240339279175,0.003758069360628724,-32.5517463684082,31190.76171875,31190.64453125,-6992.84716796875,0,3.5135552883148193
0.10414999723434448,0.09999993443489075,0.000013797462997899856,-0.00044314737897366285,-0.1605057418346405,0.0035775036085397005,-36.1131706237793,54952.8984375,54952.85546875,-7840.54248046875,0,3.5135552883148193
0.10415499657392502,0.09999993443489075,0.000013169855265005026,-0.00043290259782224894,-0.12552163004875183,0.0033769719302654266,-40.106327056884766,72513.109375,72513.1328125,-8362.697265625,0,3.5135552883148193
0.10415999591350555,0.09999993443489075,0.000012773063644999638,-0.0004690029891207814,-0.07935835421085358,0.003155144862830639,-44.365413665771484,82007.9765625,82008.046875,-8469.212890625,0,3.5135552883148193
0.10416499525308609,0.09999993443489075,0.00001263731155631831,-0.0005438753869384527,-0.027150453999638557,0.0029117511585354805,-48.67874526977539,82396.265625,82396.375,-8110.72509765625,0,3.5135552883148193
0.10416999459266663,0.09999993443489075,0.000012763835002260748,-0.0006508034421131015,0.025304635986685753,0.0026477035135030746,-52.809505462646484,73574.921875,73575.0546875,-7284.30126953125,0,3.5135552883148193
0.10417499393224716,0.09999992698431015,0.000013124554243404418,-0.0007831992115825415,0.07214388251304626,0.0023651067167520523,-56.51936721801758,56393.7734375,56393.90234375,-6034.12255859375,0,3.5135552883148193
0.1041800007224083,0.09999991953372955,0.000013664780453837011,-0.000910632312297821,0.10804527997970581,0.002067144028842449,-59.5925178527832,32572.53515625,32572.646484375,-4447.333984375,0,3.5135552883148193
0.10418500006198883,0.09999991208314896,0.000014308688150777016,-0.0010270221391692758,0.12878160178661346,0.0017578564584255219,-61.85752487182617,4529.0732421875,4529.1650390625,-2645.510009765625,0,3.5135552883148193
0.10418999940156937,0.09999990463256836,0.000014967012248234823,-0.0011271861148998141,0.13166488707065582,0.0014418321661651134,-63.20486831665039,24864.248046875,-24864.1796875,-772.5638427734375,0,3.5135552883148193
0.1041949987411499,0.09999989718198776,0.00001554619120724965,-0.0012069769436493516,0.11583581566810608,0.0011238404549658298,-63.598331451416016,52571.67578125,-52571.6328125,1019.6817016601563,0,3.5135552883148193
0.10419999808073044,0.09999988973140717,0.000015958028598106466,-0.0012632737634703517,0.08236764371395111,0.000808445387519896,-63.07901382446289,75702.890625,-75702.8671875,2586.7890625,0,3.5135552883148193
0.10420499742031097,0.09999988228082657,0.00001612889718671795,-0.001293814624659717,0.034173689782619476,0.0004996375646442175,-61.76156997680664,91808.1640625,-91808.1640625,3806.3193359375,0,3.5135552883148193
0.10420999675989151,0.09999987483024597,0.000016007530575734563,-0.0012968796072527766,-0.024273201823234558,0.0002005224523600191,-59.82302474975586,99130.78125,-99130.796875,4590.31494140625,0,3.5135552883148193
0.10421499609947205,0.09999986737966537,0.000015570622053928673,-0.0012696838239207864,-0.08738181740045547,-0.00008690351387485862,-57.48519515991211,96780.5234375,-96780.53125,4893.86572265625,0,3.5135552883148193
0.10421999543905258,0.09999985992908478,0.00001482565130572766,-0.0012078833533450961,-0.14899420738220215,-0.00036186736542731524,-54.99277114868164,84849.859375,-84849.8671875,4720.84521484375,0,3.5135552883148193
0.10422499477863312,0.09999985247850418,0.000013810595191898756,-0.0011088353348895907,-0.20301130414009094,-0.0006248097051866353,-52.58846664428711,64386.35546875,-64386.34375,4122.498046875,0,3.5135552883148193
0.10422999411821365,0.09999984502792358,0.000012590590813488234,-0.0009694579639472067,-0.24400094151496887,-0.0008772541768848896,-50.488895416259766,37302.27734375,-37302.23046875,3192.933837890625,0,3.5135552883148193
0.10423500090837479,0.09999983757734299,0.00001125184917327715,-0.0007864836952649057,-0.26774832606315613,-0.0011215679114684463,-48.86275100708008,6183.7978515625,-6183.70068359375,2059.639404296875,0,3.5135552883148193
0.10424000024795532,0.09999983757734299,0.000009893424248730298,-0.0005570015055127442,-0.27168503403663635,-0.001360636786557734,-47.813785552978516,25964.74609375,25964.892578125,870.779541015625,0,3.5135552883148193
0.10424499958753586,0.09999983757734299,0.000008617647836217657,-0.0003052839310839772,-0.2551553547382355,-0.0015974882990121841,-47.370304107666016,56026.82421875,56027.01953125,-219.9931182861328,0,3.5135552883148193
0.1042499989271164,0.09999983757734299,0.00000752020969230216,-0.0000309303286485374,-0.21948757767677307,-0.0018349000019952655,-47.48234939575195,81080.3515625,81080.59375,-1068.750732421875,0,3.5135552883148193
0.10425499826669693,0.09999983757734299,0.000006680858405161416,0.0002644064952619374,-0.16787022352218628,-0.002075033262372017,-48.02666091918945,98692.671875,98692.9609375,-1555.9228515625,0,3.5135552883148193
0.10425999760627747,0.09999983757734299,0.0000061556556829600595,0.0005766864051111042,-0.1050405204296112,-0.002319128718227148,-48.819087982177734,107164.84375,107165.171875,-1598.4114990234375,0,3.5135552883148193
0.104264996945858,0.09999984502792358,0.00000597156940784771,0.0008995530661195517,-0.036817267537117004,-0.002567294519394636,-49.63315200805664,105665.3125,105665.640625,-1156.2032470703125,0,3.5135552883148193
0.10426999628543854,0.09999985247850418,0.000006123826096882112,0.0011987087782472372,0.03045135736465454,-0.0028184044640511274,-50.22200393676758,94463.2109375,94463.5390625,-244.00254821777344,0,3.5135552883148193
0.10427499562501907,0.09999985992908478,0.000006576768555532908,0.0014654048718512058,0.09058850258588791,-0.003070135833695531,-50.34627151489258,74672.9921875,74673.2734375,1081.5391845703125,0,3.5135552883148193
0.10427999496459961,0.09999986737966537,0.000007267402452271199,0.001691246870905161,0.13812680542469025,-0.0033191130496561527,-49.79544448852539,48296.18359375,48296.421875,2719.6884765625,0,3.5135552883148193
0.10428499430418015,0.09999987483024597,0.000008111767783702817,0.0018691702280193567,0.1688731163740158,-0.00356116471812129,-48.41032028198242,17981.138671875,17981.322265625,4537.5732421875,0,3.5135552883148193
0.10428999364376068,0.09999988228082657,0.000009013368980959058,0.001994177931919694,0.18032027781009674,-0.0037916614674031734,-46.0993537902832,13243.28125,-13243.162109375,6383.3974609375,0,3.5135552883148193
0.10429500043392181,0.09999988973140717,0.000009872816008282825,0.002063797088339925,0.17188934981822968,-0.004005902912467718,-42.84831619262695,42271.78125,-42271.734375,8101.533203125,0,3.5135552883148193
0.10429999977350235,0.09999989718198776,0.000010597707841952797,0.0020782339852303267,0.14497829973697662,-0.004199514165520668,-38.72224044799805,66233.9140625,-66233.9453125,9547.9794921875,0,3.5135552883148193
0.10430499911308289,0.09999990463256836,0.000011111770618299488,0.0020402625668793917,0.10281248390674591,-0.004368811845779419,-33.859493255615234,82782.9609375,-82783.0546875,10604.7099609375,0,3.5135552883148193
0.10430999845266342,0.09999991208314896,0.00001136232640419621,0.0019573953468352556,0.05011121928691864,-0.004511104431003332,-28.45855712890625,90323.9921875,-90324.1484375,11191.0126953125,0,3.5135552883148193
0.10431499779224396,0.09999991953372955,0.000011325372724968474,0.0018369811587035656,-0.007390819489955902,-0.004624899476766586,-22.759021759033203,88175.3359375,-88175.546875,11271.5302734375,0,3.5135552883148193
0.1043199971318245,0.09999992698431015,0.000011007748071278911,0.0016868575476109982,-0.06352498382329941,-0.004709992092102766,-17.018478393554688,76632.5859375,-76632.8515625,10859.4765625,0,3.5135552883148193
0.10432499647140503,0.09999993443489075,0.000010446194210089743,0.0015153849963098764,-0.11231080442667007,-0.004767430946230888,-11.48779296875,56933.6484375,-56933.95703125,10014.9423828125,0,3.5135552883148193
0.10432999581098557,0.09999994188547134,0.000009703414434625302,0.0013307593762874603,-0.14855588972568512,-0.004799366928637028,-6.3872246742248535,31129.111328125,-31129.458984375,8838.5146484375,0,3.5135552883148193
0.1043349951505661,0.09999994933605194,0.000008861547939886805,0.0011402990203350782,-0.16837330162525177,-0.004808796104043722,-1.8858065605163574,1870.9490966796875,-1871.3272705078125,7460.83544921875,0,3.5135552883148193
0.10433999449014664,0.09999995678663254,0.000008013726073841099,0.000949762063100934,-0.1695643812417984,-0.004799226298928261,1.9139654636383057,27859.00390625,27858.603515625,6029.1796875,0,3.5135552883148193
0.10434499382972717,0.09999996423721313,0.000007254582214955008,0.0007627916056662798,-0.15182878077030182,-0.004774303175508976,4.984601020812988,55053.01171875,55052.59375,4692.4091796875,0,3.5135552883148193
0.1043500006198883,0.09999996423721313,0.00000667067752146977,0.000580592779442668,-0.11678095161914825,-0.004737431183457375,7.374424934387207,76982.796875,76982.4140625,3585.84765625,0,3.5135552883148193
0.10435499995946884,0.09999996423721313,0.00000633181662124116,0.00042565446346998215,-0.06777217984199524,-0.004691427573561668,9.200682640075684,91475.6015625,91475.2421875,2817.610107421875,0,3.5135552883148193
0.10435999929904938,0.09999996423721313,0.000006284131814027205,0.00029431970324367285,-0.009537003934383392,-0.004638249054551125,10.635680198669434,97132.3125,97131.984375,2457.767333984375,0,3.5135552883148193
0.10436499863862991,0.09999996423721313,0.000006545628366438905,0.0001812370028346777,0.05229934677481651,-0.004578812047839165,11.887410163879395,93466.2421875,93465.953125,2531.450439453125,0,3.5135552883148193
0.10436999797821045,0.09999996423721313,0.000007104637461452512,0.00008034361962927505,0.11180180311203003,-0.004512928891927004,13.176667213439941,80948.2578125,80948.0078125,3016.5791015625,0,3.5135552883148193
0.10437499731779099,0.09999996423721313,0.000007921312317193951,-0.000014073266356717795,0.16333505511283875,-0.004439363721758127,14.712998390197754,60953.90234375,60953.67578125,3846.432373046875,0,3.5135552883148193
0.10437999665737152,0.09999996423721313,0.00000893201013241196,-0.00010642864071996883,0.20213952660560608,-0.00435600383207202,16.67197036743164,35618.14453125,35617.94140625,4916.79638671875,0,3.5135552883148193
0.10438499599695206,0.09999996423721313,0.00001005608373816358,-0.00019917245663236827,0.2248147428035736,-0.0042601232416927814,19.176074981689453,7612.857421875,7612.681640625,6096.93212890625,0,3.5135552883148193
0.10438999533653259,0.09999996423721313,0.000011204389920749236,-0.0002925064181908965,0.229661226272583,-0.004148717038333416,22.28121566772461,20130.2109375,-20130.359375,7243.24658203125,0,3.5135552883148193
0.10439499467611313,0.09999996423721313,0.000012288619473110884,-0.0003845038008876145,0.21684592962265015,-0.004018865991383791,25.970169067382813,44722.4609375,-44722.578125,8214.2509765625,0,3.5135552883148193
0.10439999401569366,0.09999996423721313,0.00001323049309576163,-0.00047157087828963995,0.18837472796440125,-0.003868097672238946,30.15365219116211,63616.4609375,-63616.5546875,8885.2783203125,0,3.5135552883148193
0.1044050008058548,0.09999996423721313,0.000013969869542052038,-0.0005491324700415134,0.14787521958351135,-0.003694703336805105,34.678890228271484,74868.46875,-74868.5234375,9161.443359375,0,3.5135552883148193
0.10441000014543533,0.09999996423721313,0.000014470932001131587,-0.0006124046631157398,0.1002124696969986,-0.0034979793708771467,39.34477615356445,77338.40625,-77338.4375,8987.53125,0,3.5135552883148193
0.10441499948501587,0.09999996423721313,0.000014725818800798152,-0.0006571307312697172,0.050977304577827454,-0.003278368851169944,43.92208480834961,70806.0625,-70806.0625,8353.72265625,0,3.5135552883148193
0.1044199988245964,0.09999996423721313,0.000014755322808923665,-0.0006787743186578155,0.00590076670050621,-0.003037485759705305,48.17660140991211,55996.90625,-55996.8828125,7296.87548828125,0,3.5135552883148193
0.10442499816417694,0.09999996423721313,0.000014606583135901019,-0.0006759134121239185,-0.029747970402240753,-0.0027780213858932257,51.89287185668945,34503.80078125,-34503.7578125,5896.64990234375,0,3.5135552883148193
0.10442999750375748,0.09999996423721313,0.000014348014701681677,-0.0006491149542853236,-0.05171377211809158,-0.002503541298210621,54.8960075378418,8623.740234375,-8623.6884765625,4267.43798828125,0,3.5135552883148193
0.10443499684333801,0.09999996423721313,0.000014061995898373425,-0.0006008780328556895,-0.05720381438732147,-0.002218194305896759,57.069393157958984,18879.03125,18879.087890625,2546.6591796875,0,3.5135552883148193
0.10443999618291855,0.09999996423721313,0.000013836071047990117,-0.0005354997701942921,-0.04518505185842514,-0.001926362281665206,58.366397857666016,45058.37109375,45058.42578125,880.6602172851563,0,3.5135552883148193
0.10444499552249908,0.09999996423721313,0.000013753570783592295,-0.0004587497969623655,-0.016499999910593033,-0.0016322877490893006,58.81491470336914,67090.796875,67090.84375,-590.3265991210938,0,3.5135552883148193
0.10444999486207962,0.09999996423721313,0.00001388462715112837,-0.00037736116792075336,0.02621132880449295,-0.0013397163711488247,58.51426315307617,82568.0859375,82568.125,-1746.634521484375,0,3.5135552883148193
0.10445499420166016,0.09999996423721313,0.000014278506569098681,-0.00029837011243216693,0.0787758082151413,-0.0010515928734093904,57.62470626831055,89747.796875,89747.828125,-2501.521484375,0,3.5135552883148193
0.10446000099182129,0.09999996423721313,0.000014958061910874676,-0.00022837446886114776,0.1359110325574875,-0.0007698394474573433,56.35068893432617,87729.71875,87729.734375,-2809.8662109375,0,3.5135552883148193
0.10446500033140182,0.09999996423721313,0.000015916870324872434,-0.0001728095521684736,0.19176150858402252,-0.0004952412564307451,54.91963577270508,76580.1796875,76580.1875,-2674.29541015625,0,3.5135552883148193
0.10446999967098236,0.09999996423721313,0.00001711944059934467,-0.00013534934259951115,0.24051396548748016,-0.00022745312890037894,53.5576286315918,57286.7734375,57286.7734375,-2142.889892578125,0,3.5135552883148193
0.1044749990105629,0.09999996423721313,0.00001850435910455417,-0.00011762545182136819,0.2769838571548462,0.00003487820504233241,52.46626663208008,31692.12109375,31692.12109375,-1305.8887939453125,0,3.5135552883148193
0.10447999835014343,0.09999996423721313,0.000019990156943094917,-0.0001192896525026299,0.29715967178344727,0.0002938841062132269,51.80118179321289,2300.507568359375,2300.51318359375,-286.09429931640625,0,3.5135552883148193
0.10448499768972397,0.09999996423721313,0.00002148327803297434,-0.00013671431224793196,0.2986242175102234,0.0005521614803001285,51.65547561645508,27970.708984375,-27970.693359375,773.44677734375,0,3.5135552883148193
0.1044899970293045,0.09999996423721313,0.000022887365048518404,-0.00016697487444616854,0.28081750869750977,0.0008124083979055285,52.04938888549805,56090.25390625,-56090.22265625,1724.2601318359375,0,3.5135552883148193
0.10449499636888504,0.09999996423721313,0.00002411291097814683,-0.00020719971507787704,0.24510933458805084,0.0010770461522042751,52.927547454833984,79220.8125,-79220.765625,2427.674072265625,0,3.5135552883148193
0.10449999570846558,0.09999996423721313,0.00002508629040676169,-0.0002552650112193078,0.19467578828334808,0.0013478659093379974,54.1639518737793,95008.546875,-95008.4765625,2769.13818359375,0,3.5135552883148193
0.10450499504804611,0.09999996423721313,0.000025757248295121826,-0.00031029657111503184,0.13419146835803986,0.0016257371753454208,55.57426071166992,101824.9140625,-101824.8203125,2670.169921875,0,3.5135552883148193
0.10450999438762665,0.09999996423721313,0.00002610408773762174,-0.00037283336860127747,0.06936772167682648,0.0019104080274701118,56.93416976928711,98935.78125,-98935.671875,2096.6904296875,0,3.5135552883148193
0.10451499372720718,0.09999996423721313,0.000026136003725696355,-0.0004446358361747116,0.006383247673511505,0.0022004181519150734,58.00200271606445,86579.640625,-86579.5078125,1062.86083984375,0,3.5135552883148193
0.10452000051736832,0.09999996423721313,0.000025892328267218545,-0.000528206757735461,-0.048735059797763824,0.0024931346997618675,58.54331588745117,65948.21875,-65948.0625,-369.9269714355469,0,3.5135552883148193
0.10452499985694885,0.09999996423721313,0.00002543873415561393,-0.0006261523230932653,-0.09071899950504303,0.002784909214824438,58.354915618896484,39070.37109375,-39070.1875,-2098.845458984375,0,3.5135552883148193
0.10452999919652939,0.09999996423721313,0.00002486077391949948,-0.0007405294454656541,-0.11559197306632996,0.003071339102461934,57.28598403930664,8610.83203125,-8610.6279296875,-3989.6474609375,0,3.5135552883148193
0.10453499853610992,0.09999995678663254,0.0000242554051510524,-0.0008723048376850784,-0.12107379734516144,0.0033476094249635935,55.25407028198242,22395.765625,22395.951171875,-5889.88330078125,0,3.5135552883148193
0.10453999787569046,0.09999994933605194,0.000023721324396319687,-0.0009972865227609873,-0.10681620240211487,0.003608881263062358,52.25437545776367,50848.6796875,50848.84375,-7643.98974609375,0,3.5135552883148193
0.104544997215271,0.09999994188547134,0.000023349099137703888,-0.0011137435212731361,-0.07444493472576141,0.003850687760859728,48.361324310302734,73892.4453125,73892.5859375,-9108.7470703125,0,3.5135552883148193
0.10454999655485153,0.09999993443489075,0.000023212081941892393,-0.001218718709424138,-0.027403542771935463,0.004069298971444368,43.7222785949707,89203.8359375,89203.9375,-10167.517578125,0,3.5135552883148193
0.10455499589443207,0.09999992698431015,0.000023359008991974406,-0.0013082001823931932,0.029385382309556007,0.004262018948793411,38.544002532958984,95225.8984375,95225.9609375,-10741.8662109375,0,3.5135552883148193
0.1045599952340126,0.09999991953372955,0.000023809048798284493,-0.0013770479708909988,0.09000807255506516,0.004427385050803423,33.07321548461914,91321.1796875,91321.1875,-10799.15625,0,3.5135552883148193
0.10456499457359314,0.09999991208314896,0.00002454977402521763,-0.0014179183635860682,0.1481449455022812,0.004565251059830189,27.57324981689453,77846.2734375,77846.2109375,-10356.2568359375,0,3.5135552883148193
0.10456999391317368,0.09999990463256836,0.0000255382910836488,-0.001426133094355464,0.19770342111587524,0.004676745273172855,22.298851013183594,56105.37109375,56105.2578125,-9477.2353515625,0,3.5135552883148193
0.10457500070333481,0.09999989718198776,0.000026705396521720104,-0.0013978565111756325,0.2334212064743042,0.004764106124639511,17.47213363647461,28224.1484375,28223.970703125,-8267.1015625,0,3.5135552883148193
0.10458000004291534,0.09999988973140717,0.00002796234366542194,-0.0013307624030858278,0.2513892650604248,0.004830414894968271,13.261734008789063,3064.27099609375,-3064.51220703125,-6861.19482421875,0,3.5135552883148193
0.10458499938249588,0.09999988228082657,0.00002920953556895256,-0.0012247017584741116,0.24943847954273224,0.004879251588135958,9.767356872558594,34693.56640625,-34693.8671875,-5411.57373046875,0,3.5135552883148193
0.10458999872207642,0.09999987483024597,0.000030346294806804508,-0.0010822522453963757,0.2273518592119217,0.004914307966828346,7.011264801025391,63571.69140625,-63572.04296875,-4071.7587890625,0,3.5135552883148193
0.10459499806165695,0.09999986737966537,0.00003128069874946959,-0.0009090064559131861,0.18688087165355682,0.004938995465636253,4.937535285949707,86890.40625,-86890.78125,-2981.3671875,0,3.5135552883148193
0.10459999740123749,0.09999986737966537,0.000031938521715346724,-0.0007134742336347699,0.13156472146511078,0.004956091288477182,3.419137716293335,102403.796875,-102404.1171875,-2252.2841796875,0,3.5135552883148193
0.10460499674081802,0.09999986737966537,0.000032270385418087244,-0.0005326195387169719,0.06637243926525116,0.004967451561242342,2.2720587253570557,108656.8046875,-108657.0625,-1957.2923583984375,0,3.5135552883148193
0.10460999608039856,0.09999986737966537,0.00003225638283765875,-0.00037824001628905535,-0.0028006285429000854,0.004973827861249447,1.2752180099487305,105121.6640625,-105121.8203125,-2123.287841796875,0,3.5135552883148193
0.1046149954199791,0.09999986737966537,0.00003190776624251157,-0.000261775276158005,-0.06972315907478333,0.004974796902388334,0.19383645057678223,92255.1328125,-92255.1875,-2728.395263671875,0,3.5135552883148193
0.10461999475955963,0.09999986737966537,0.00003126549199805595,-0.0001904444652609527,-0.12845459580421448,0.00496881827712059,-1.1957237720489502,71433.0546875,-71433.0078125,-3705.182861328125,0,3.5135552883148193
0.10462499409914017,0.09999986737966537,0.00003039584044017829,-0.00017056046635843813,-0.17393028736114502,0.004953404422849417,-3.0827577114105225,44820.99609375,-44820.85546875,-4947.0322265625,0,3.5135552883148193
0.1046300008893013,0.09999986737966537,0.000029383520086412318,-0.00020525153377093375,-0.20246422290802002,0.004925393033772707,-5.602260589599609,15146.2548828125,-15146.0205078125,-6319.40625,0,3.5135552883148193
0.10463500022888184,0.09999986737966537,0.000028322987418505363,-0.000293397722998634,-0.2121066153049469,0.004881289321929216,-8.820707321166992,14580.4365234375,14580.7451171875,-7673.61669921875,0,3.5135552883148193
0.10463999956846237,0.09999986737966537,0.00002730886626522988,-0.000429684849223122,-0.2028244137763977,0.004817645065486431,-12.72884750366211,41371.2890625,41371.65234375,-8861.98828125,0,3.5135552883148193
0.10464499890804291,0.09999986737966537,0.000026426432668813504,-0.0006051298696547747,-0.17648664116859436,0.004731433931738138,-17.242219924926758,62564.421875,62564.81640625,-9752.8662109375,0,3.5135552883148193
0.10464999824762344,0.09999985992908478,0.00002574314748926554,-0.0008079576073214412,-0.13665688037872314,0.004620387218892574,-22.209314346313477,76092.59375,76092.9375,-10243.93359375,0,3.5135552883148193
0.10465499758720398,0.09999985247850418,0.00002530207348172553,-0.0010009427787736058,-0.08821482956409454,0.004483254626393318,-27.4265079498291,80690.1484375,80690.4296875,-10272.4912109375,0,3.5135552883148193
0.10465999692678452,0.09999984502792358,0.000025117844415945,-0.0011702933115884662,-0.03684588894248009,0.00431996351107955,-32.65824508666992,76017.9140625,76018.1171875,-9821.6611328125,0,3.5135552883148193
0.10466499626636505,0.09999983757734299,0.000025175588234560564,-0.0013029893161728978,0.011548615992069244,0.004131661728024483,-37.66037368774414,62692.82421875,62692.9375,-8921.8935546875,0,3.5135552883148193
0.10466999560594559,0.09999983012676239,0.000025432887923670933,-0.001387684023939073,0.051460109651088715,0.003920640330761671,-42.20425796508789,42219.609375,42219.62890625,-7647.62890625,0,3.5135552883148193
0.10467499494552612,0.0999998226761818,0.000025824578187894076,-0.0014150141505524516,0.07833794504404068,0.0036901445128023624,-46.09916305541992,16830.033203125,16829.951171875,-6109.3720703125,0,3.5135552883148193
0.10467999428510666,0.0999998152256012,0.00002626983950904105,-0.001374927000142634,0.08905228227376938,0.0034440914168953896,-49.21064376831055,10741.5458984375,-10741.728515625,-4442.6337890625,0,3.5135552883148193
0.10468500107526779,0.0999998077750206,0.00002668090928636957,-0.0012641925131902099,0.08221400529146194,0.003186725080013275,-51.4732551574707,37550.03125,-37550.30078125,-2793.512939453125,0,3.5135552883148193
0.10469000041484833,0.09999980032444,0.000026972453269991092,-0.0010828295489773154,0.058308910578489304,0.0029222453013062477,-52.89597702026367,60741.19921875,-60741.54296875,-1303.7994384765625,0,3.5135552883148193
0.10469499975442886,0.0999997928738594,0.00002707065323193092,-0.0008338236948475242,0.019639862701296806,0.002654445357620716,-53.559993743896484,77846.171875,-77846.578125,-96.42532348632813,0,3.5135552883148193
0.1046999990940094,0.0999997928738594,0.00002692106136237271,-0.0005225786007940769,-0.029918549582362175,0.0023863997776061296,-53.60910415649414,87033.9609375,-87034.359375,737.0142211914063,0,3.5135552883148193
0.10470499843358994,0.0999997928738594,0.000026494430130696855,-0.00018224853556603193,-0.08532609045505524,0.002120231045410037,-53.23374557495117,87305.359375,-87305.7578125,1145.8583984375,0,3.5135552883148193
0.10470999777317047,0.0999997928738594,0.00002578989733592607,0.0001797597506083548,-0.1409064084291458,0.0018569802632555366,-52.65016555786133,78541.28125,-78541.65625,1122.736328125,0,3.5135552883148193
0.10471499711275101,0.0999997928738594,0.00002483536081854254,0.0005564959719777107,-0.1909073442220688,0.0015965885249897838,-52.0783576965332,61709.51171875,-61709.8515625,713.911376953125,0,3.5135552883148193
0.10471999645233154,0.09999980032444,0.000023684397092438303,0.0009421646827831864,-0.23019284009933472,0.0013380147283896804,-51.71476364135742,38482.9609375,-38483.234375,0.24921190738677979,0,3.5135552883148193
0.10472499579191208,0.0999998077750206,0.000022410937162931077,0.0013063066871836782,-0.25469183921813965,0.0010794415138661861,-51.71463394165039,11246.5869140625,-11246.798828125,-902.3099975585938,0,3.5135552883148193
0.10472999513149261,0.0999998152256012,0.00002110167952196207,0.001646440359763801,-0.2618516683578491,0.0008185706101357937,-52.17417526245117,17187.966796875,17187.814453125,-1856.873046875,0,3.5135552883148193
0.10473499447107315,0.0999998226761818,0.00001984713162528351,0.0019616354256868362,-0.2509094476699829,0.0005529712652787566,-53.119869232177734,43874.390625,43874.29296875,-2720.009521484375,0,3.5135552883148193
0.10473999381065369,0.09999983757734299,0.00001873224027804099,0.0022519463673233986,-0.2229781448841095,0.00028044547070749104,-54.50516128540039,66034.3046875,66034.265625,-3356.686279296875,0,3.5135552883148193
0.10474500060081482,0.09999985247850418,0.000017827544070314616,0.0024916836991906166,-0.18093940615653992,-0.0000006280606612563133,-56.2147102355957,81350.6640625,81350.65625,-3654.743408203125,0,3.5135552883148193
0.10474999994039536,0.09999986737966537,0.00001718179373710882,0.0026814788579940796,-0.12914997339248657,-0.0002910083276219666,-58.076053619384766,88203,88203.0078125,-3536.49169921875,0,3.5135552883148193
0.10475499927997589,0.09999988228082657,0.000016816802599350922,0.002821812406182289,-0.07299819588661194,-0.0005903941346332431,-59.87717056274414,85827.6171875,85827.6328125,-2966.5830078125,0,3.5135552883148193
0.10475999861955643,0.09999989718198776,0.000016725009118090384,0.002912864089012146,-0.018358638510107994,-0.0008973343065008521,-61.38804244995117,74455.1640625,74455.171875,-1958.8045654296875,0,3.5135552883148193
0.10476499795913696,0.09999991208314896,0.00001687021358520724,0.0029545933939516544,0.0290409903973341,-0.0012092625256627798,-62.38565444946289,55195.20703125,55195.203125,-570.27734375,0,3.5135552883148193
0.1047699972987175,0.09999992698431015,0.00001719111060083378,0.0029485290870070457,0.06417934596538544,-0.0015226430259644985,-62.67609786987305,29999.52734375,29999.498046875,1100.3653564453125,0,3.5135552883148193
0.10477499663829803,0.09999994188547134,0.00001760749910317827,0.0028975876048207283,0.0832776427268982,-0.001833221409469843,-62.11568832397461,1449.1917724609375,1449.1319580078125,2923.5537109375,0,3.5135552883148193
0.10477999597787857,0.09999995678663254,0.00001802850056265015,0.0028022825717926025,0.08420023322105408,-0.002136355033144355,-60.62673568725586,27512.111328125,-27512.208984375,4752.0068359375,0,3.5135552883148193
0.1047849953174591,0.09999997168779373,0.00001836192859627772,0.0026639411225914955,0.06668548285961151,-0.002427387749776244,-58.20656204223633,53874.9296875,-53875.0703125,6435.43701171875,0,3.5135552883148193
0.10478999465703964,0.09999998658895493,0.000018523865946917795,0.0024849125184118748,0.032387636601924896,-0.0027020329143851995,-54.929019927978516,74871.09375,-74871.28125,7835.75244140625,0,3.5135552883148193
0.10479499399662018,0.10000000149011612,0.000018447482943884097,0.0022686910815536976,-0.015276781283318996,-0.0029567244928330183,-50.93830490112305,88257.2734375,-88257.5078125,8841.083984375,0,3.5135552883148193
0.10480000078678131,0.10000000894069672,0.000018090167941409163,0.0020199576392769814,-0.07146310806274414,-0.003188902512192726,-46.43558120727539,92546.2578125,-92546.515625,9377.21484375,0,3.5135552883148193
0.10480500012636185,0.10000001639127731,0.00001743826942401938,0.00176823022775352,-0.13037988543510437,-0.0033972016535699368,-41.65980529785156,87162.03125,-87162.3203125,9415.2392578125,0,3.5135552883148193
0.10480999946594238,0.10000002384185791,0.000016508924090885557,0.0015199335757642984,-0.18586894869804382,-0.00358152505941689,-36.864662170410156,72503.1171875,-72503.421875,8974.654296875,0,3.5135552883148193
0.10481499880552292,0.10000003129243851,0.000015348794477176853,0.0012817613314837217,-0.2320258617401123,-0.0037429945077747107,-32.293907165527344,49907.15234375,-49907.4609375,8121.57666015625,0,3.5135552883148193
0.10481999814510345,0.1000000387430191,0.000014029806152393576,0.001060115871950984,-0.26379773020744324,-0.0038837825413793325,-28.157623291015625,21520.24609375,-21520.5546875,6962.22802734375,0,3.5135552883148193
0.10482499748468399,0.1000000461935997,0.000012642316505662166,0.0008603747701272368,-0.27749791741371155,-0.0040068416856229305,-24.61178970336914,9915.8095703125,9915.5078125,5632.3603515625,0,3.5135552883148193
0.10482999682426453,0.1000000461935997,0.000011286389963061083,0.0006860714638605714,-0.2711853086948395,-0.004115557763725519,-21.74325180053711,41337.1953125,41336.9453125,4283.66650390625,0,3.5135552883148193
0.10483499616384506,0.1000000461935997,0.000010062043656944297,0.0005618440918624401,-0.24486924707889557,-0.004213365726172924,-19.561599731445313,69665.0078125,69664.8046875,3068.550048828125,0,3.5135552883148193
0.1048399955034256,0.1000000461935997,0.000009059447620529681,0.00048508006148040295,-0.2005191296339035,-0.004303359892219305,-17.998798370361328,92114.109375,92113.9609375,2124.7958984375,0,3.5135552883148193
0.10484499484300613,0.1000000461935997,0.000008350059943040833,0.0004494725144468248,-0.1418774574995041,-0.00438794307410717,-16.916648864746094,106473.2109375,106473.1171875,1561.683837890625,0,3.5135552883148193
0.10484999418258667,0.1000000461935997,0.00000797958728071535,0.00044533872278407216,-0.0740945041179657,-0.004468549508601427,-16.121288299560547,111327.4453125,111327.375,1448.9495849609375,0,3.5135552883148193
0.1048550009727478,0.1000000461935997,0.000007963481039041653,0.00046041252790018916,-0.00322125107049942,-0.0045454660430550575,-15.383344650268555,106200.921875,106200.8671875,1809.71630859375,0,3.5135552883148193
0.10486000031232834,0.1000000461935997,0.000008285423064080533,0.00048100604908540845,0.06438835710287094,-0.004617774393409491,-14.461664199829102,91605.09375,91605.03125,2618.106201171875,0,3.5135552883148193
0.10486499965190887,0.1000000461935997,0.00000889895272848662,0.0004933535237796605,0.12270596623420715,-0.004683415871113539,-13.128273010253906,68987.6640625,68987.5859375,3801.772705078125,0,3.5135552883148193
0.10486999899148941,0.1000000461935997,0.000009732077160151675,0.0004849152755923569,0.16662487387657166,-0.004739376250654459,-11.192047119140625,40587.43359375,40587.31640625,5249.1142578125,0,3.5135552883148193
0.10487499833106995,0.1000000461935997,0.000010694395314203575,0.0004454373265616596,0.19246363639831543,-0.004781969822943211,-8.518695831298828,9209.6328125,9209.4658203125,6820.41845703125,0,3.5135552883148193
0.10487999767065048,0.1000000461935997,0.00001168602830148302,0.00036762712989002466,0.19832667708396912,-0.004807195160537958,-5.0450849533081055,22055.48046875,-22055.703125,8361.830078125,0,3.5135552883148193
0.10488499701023102,0.1000000461935997,0.000012607457392732613,0.00024739798391237855,0.1842857301235199,-0.004811127204447985,-0.7864398956298828,50142.34375,-50142.62890625,9720.7255859375,0,3.5135552883148193
0.10488999634981155,0.1000000461935997,0.000013369278349273372,0.00008372167212655768,0.15236413478851318,-0.0047903056256473064,4.164284706115723,72316.859375,-72317.203125,10760.943359375,0,3.5135552883148193
0.10489499568939209,0.1000000461935997,0.000013900907106290106,-0.00012180648627690971,0.10632579773664474,-0.004742081742733717,9.644787788391113,86449.15625,-86449.546875,11376.33203125,0,3.5135552883148193
0.10489999502897263,0.1000000461935997,0.000014157360055833124,-0.0003655634936876595,0.05129055306315422,-0.004664888139814138,15.438706398010254,91224.859375,-91225.3046875,11501.25390625,0,3.5135552883148193
0.10490499436855316,0.1000000461935997,0.000014123434993962292,-0.0006425416213460267,-0.006784997880458832,-0.00455840677022934,21.296247482299805,86273.8046875,-86274.2890625,11117,0,3.5135552883148193
0.1049099937081337,0.1000000387430191,0.000013814891644869931,-0.0009469618089497089,-0.06170860677957535,-0.004423616454005241,26.95808982849121,72202.9921875,-72203.46875,10253.458984375,0,3.5135552883148193
0.10491500049829483,0.10000003129243851,0.000013276518984639551,-0.00124910450540483,-0.10767445713281631,-0.004262715578079224,32.18013381958008,50530.79296875,-50531.2578125,8985.8896484375,0,3.5135552883148193
0.10491999983787537,0.10000002384185791,0.00001257730218640063,-0.0015435891691595316,-0.13984335958957672,-0.004078932572156191,36.75661087036133,23529.533203125,-23529.978515625,7427.15283203125,0,3.5135552883148193
0.1049249991774559,0.10000001639127731,0.000011803188499470707,-0.0018260306678712368,-0.1548227220773697,-0.0038762365002185106,40.53922653198242,6007.81640625,6007.39404296875,5716.169921875,0,3.5135552883148193
0.10492999851703644,0.10000000894069672,0.000011048197848140262,-0.002093297429382801,-0.1509980410337448,-0.0036589843221008778,43.4504508972168,35052.77734375,35052.37890625,4003.81396484375,0,3.5135552883148193
0.10493499785661697,0.09999999403953552,0.00001040478400682332,-0.0023436155170202255,-0.12868274748325348,-0.003431536490097642,45.48957443237305,60649.2265625,60648.8984375,2437.658447265625,0,3.5135552883148193
0.10493999719619751,0.09999997913837433,0.000009954423148883507,-0.002552763093262911,-0.09007224440574646,-0.0031978811603039503,46.73106002807617,80213,80212.734375,1147.1361083984375,0,3.5135552883148193
0.10494499653577805,0.09999996423721313,0.000009759387467056513,-0.0027215699665248394,-0.03900706768035889,-0.0029613047372549772,47.31528854370117,91792.265625,91792.0625,230.6157684326172,0,3.5135552883148193
0.10494999587535858,0.09999994933605194,0.00000985653605312109,-0.002851680852472782,0.019429702311754227,-0.002724141115322709,47.432743072509766,94262.84375,94262.703125,-254.29925537109375,0,3.5135552883148193
0.10495499521493912,0.09999993443489075,0.000010253732398268767,-0.002944856882095337,0.07943928986787796,-0.0024876249954104424,47.303226470947266,87438.421875,87438.3359375,-296.2644958496094,0,3.5135552883148193
0.10495999455451965,0.09999991953372955,0.000010929254131042399,-0.0030022813007235527,0.13510431349277496,-0.002251863246783614,47.152339935302734,72085.0859375,72085.0546875,69.03855895996094,0,3.5135552883148193
0.10496499389410019,0.09999990463256836,0.000011834229553642217,-0.003024026285856962,0.18099509179592133,-0.0020159257110208273,47.187503814697266,49837.85546875,49837.859375,762.9852294921875,0,3.5135552883148193
0.10497000068426132,0.09999988973140717,0.000012897843589598779,-0.0030087842606008053,0.21272285282611847,-0.0017780452035367489,47.57609176635742,23025.40625,23025.447265625,1672.636474609375,0,3.5135552883148193
0.10497500002384186,0.09999987483024597,0.000014034750165592413,-0.002949145622551441,0.22738127410411835,-0.0015359054086729884,48.42795944213867,5560.83984375,-5560.775390625,2662.1181640625,0,3.5135552883148193
0.1049799993634224,0.09999985992908478,0.000015153956155700143,-0.0028413482941687107,0.22384114563465118,-0.0012869866332039237,49.78376388549805,32966.125,-32966.046875,3587.40087890625,0,3.5135552883148193
0.10498499870300293,0.09999984502792358,0.00001616822737560142,-0.002681792713701725,0.20285426080226898,-0.0010289326310157776,51.61081314086914,56373.984375,-56373.91796875,4311.19140625,0,3.5135552883148193
0.10498999804258347,0.09999983012676239,0.000017003054381348193,-0.002467579208314419,0.16696546971797943,-0.0007599001983180642,53.80648422241211,73396.1953125,-73396.1328125,4717.2490234375,0,3.5135552883148193
0.104994997382164,0.0999998226761818,0.000017604254026082344,-0.002197215799242258,0.1202399954199791,-0.0004788554215338081,56.20895767211914,82316.78125,-82316.7734375,4722.43896484375,0,3.5135552883148193
0.10499999672174454,0.0999998152256012,0.000017943431885214522,-0.001897216308861971,0.0678355023264885,-0.00018578502931632102,58.614078521728516,82266.34375,-82266.375,4285.34521484375,0,3.5135552883148193
0.10499999672174454,0.0999998077750206,0.00001802074802981224,-0.001569691812619567,0.015463121235370636,0.0001181979023385793,60.79658889770508,73287.4765625,-73287.5546875,3409.489990234375,0,3.5135552883148193
