Timestamp,X Position,Y Position,X Velocity,Y Velocity,Rotation,Rotation Velocity,Data1,Data2,Data3,Data4,FPS
0.11400000005960464,0.09999997168779373,0,0,0,0,0,0,0,0,0,119.60292053222656
0.11400499939918518,0.09999997913837433,0.000000004999999969612645,0.0010000000474974513,0.0010000000474974513,0,0,27.499996185302734,-27.5,1.375,0,25.412315368652344
0.11400999873876572,0.09999998658895493,0.00000000999999993922529,0.0010000000474974513,0.0010000000474974513,0,0,50.1096076965332,-50.10961151123047,2.5091278553009033,0,25.412315368652344
0.11401499807834625,0.09999999403953552,0.000000014999999464748726,0.0010000000474974513,0.0010000000474974513,0,0,69.99368286132813,-69.99368286132813,3.5135414600372314,0,25.412315368652344
0.11401999741792679,0.10000000149011612,0.00000001999999987845058,0.0010000000474974513,0.0010000000474974513,0,0,88.00489807128906,-88.00489044189453,4.433281898498535,0,25.412315368652344
0.11402499675750732,0.10000000894069672,0.000000025000000292152436,0.0010000000474974513,0.0010000000474974513,0,0,101.91838073730469,-101.91836547851563,5.159113883972168,0,25.412315368652344
0.11402999609708786,0.10000001639127731,0.00000002999999892949745,0.0010000000474974513,0.0010000000474974513,0,0,111.16151428222656,-111.16148376464844,5.663649559020996,0,25.412315368652344
0.1140349954366684,0.10000002384185791,0.000000034999999343199306,0.0010000000474974513,0.0010000000474974513,0,0,115.41989135742188,-115.41985321044922,5.931560039520264,0,25.412315368652344
0.11403999477624893,0.10000003129243851,0.00000003999999975690116,0.0010000000474974513,0.0010000000474974513,0,0,114.65022277832031,-114.6501693725586,5.960204124450684,0,25.412315368652344
0.11404499411582947,0.1000000387430191,0.000000045000000170603016,0.0010000000474974513,0.0010000000474974513,0,0,109.07740020751953,-109.07733154296875,5.759512424468994,0,25.412315368652344
0.11404999345541,0.1000000461935997,0.00000005000000058430487,0.0010000000474974513,0.0010000000474974513,0,0,99.1756820678711,-99.17559814453125,5.351138591766357,0,25.412315368652344
0.11405500024557114,0.1000000536441803,0.000000055000000998006726,0.0010000000474974513,0.0010000000474974513,0,0,85.63519287109375,-85.63510131835938,4.766923904418945,0,25.412315368652344
0.11405999958515167,0.1000000610947609,0.0000000599999978589949,0.0010000000474974513,0.0010000000474974513,0,0,69.31625366210938,-69.31614685058594,4.0467987060546875,0,25.412315368652344
0.11406499892473221,0.10000006854534149,0.00000006499999471998308,0.0010000000474974513,0.0010000000474974513,0,0,51.19444274902344,-51.19432830810547,3.2362496852874756,0,25.412315368652344
0.11406999826431274,0.10000007599592209,0.00000006999999158097125,0.0010000000474974513,0.0010000000474974513,0,0,32.30025863647461,-32.30013656616211,2.3835277557373047,0,25.412315368652344
0.11407499760389328,0.10000008344650269,0.00000007499998844195943,0.0010000000474974513,0.0010000000474974513,0,0,13.657078742980957,-13.656952857971191,1.5367738008499146,0,25.412315368652344
0.11407999694347382,0.10000009089708328,0.00000007999998530294761,0.0010000000474974513,0.0010000000474974513,0,0,3.778352975845337,3.778484344482422,0.741250216960907,0,25.412315368652344
0.11408499628305435,0.10000009834766388,0.00000008499998216393578,0.0010000000474974513,0.0010000000474974513,0,0,19.169363021850586,19.16950035095215,0.036847904324531555,0,25.412315368652344
0.11408999562263489,0.10000010579824448,0.00000008999997902492396,0.0010000000474974513,0.0010000000474974513,0,0,31.84328269958496,31.843421936035156,-0.5439768433570862,0,25.412315368652344
0.11409499496221542,0.10000011324882507,0.00000009499997588591214,0.0010000000474974513,0.0010000000474974513,0,0,41.3233528137207,41.32349395751953,-0.9777171611785889,0,25.412315368652344
0.11409999430179596,0.10000012069940567,0.00000009999997274690031,0.0010000000474974513,0.0010000000474974513,0,0,47.34684753417969,47.346988677978516,-1.2506974935531616,0,25.412315368652344
0.1141049936413765,0.10000012814998627,0.00000010499996960788849,0.0010000000474974513,0.0010000000474974513,0,0,49.868621826171875,49.86876678466797,-1.3592898845672607,0,25.412315368652344
0.11411000043153763,0.10000013560056686,0.00000010999996646887666,0.0010000000474974513,0.0010000000474974513,0,0,49.050357818603516,49.050506591796875,-1.3094688653945923,0,25.412315368652344
0.11411499977111816,0.10000014305114746,0.00000011499996332986484,0.0010000000474974513,0.0010000000474974513,0,0,45.236595153808594,45.23674774169922,-1.115760326385498,0,25.412315368652344
0.1141199991106987,0.10000015050172806,0.00000011999996729628037,0.0010000000474974513,0.0010000000474974513,0,0,38.9196891784668,38.91984939575195,-0.7996746897697449,0,25.412315368652344
0.11412499845027924,0.10000015795230865,0.0000001249999712626959,0.0010000000474974513,0.0010000000474974513,0,0,30.696455001831055,30.696624755859375,-0.3877536654472351,0,25.412315368652344
0.11412999778985977,0.10000016540288925,0.00000012999997522911144,0.0010000000474974513,0.0010000000474974513,0,0,21.219758987426758,21.219942092895508,0.09062287211418152,0,25.412315368652344
0.11413499712944031,0.10000017285346985,0.00000013499997919552698,0.0010000000474974513,0.0010000000474974513,0,0,11.148659706115723,11.148858070373535,0.6055044531822205,0,25.412315368652344
0.11413999646902084,0.10000018030405045,0.0000001399999831619425,0.0010000000474974513,0.0010000000474974513,0,0,1.1006559133529663,1.100873589515686,1.1285505294799805,0,25.412315368652344
0.11414499580860138,0.10000018775463104,0.00000014499998712835804,0.0010000000474974513,0.0010000000474974513,0,0,8.390546798706055,-8.390305519104004,1.6349674463272095,0,25.412315368652344
0.11414999514818192,0.10000019520521164,0.00000014999999109477358,0.0010000000474974513,0.0010000000474974513,0,0,16.90888786315918,-16.908618927001953,2.1050710678100586,0,25.412315368652344
0.11415499448776245,0.10000020265579224,0.0000001549999950611891,0.0010000000474974513,0.0010000000474974513,0,0,24.17916488647461,-24.178863525390625,2.525369167327881,0,25.412315368652344
0.11415999382734299,0.10000021010637283,0.00000015999999902760464,0.0010000000474974513,0.0010000000474974513,0,0,30.078184127807617,-30.07784652709961,2.889101505279541,0,25.412315368652344
0.11416500061750412,0.10000021755695343,0.00000016500000299402018,0.0010000000474974513,0.0010000000474974513,0,0,34.633331298828125,-34.63295364379883,3.19620943069458,0,25.412315368652344
0.11416999995708466,0.10000022500753403,0.0000001700000069604357,0.0010000000474974513,0.0010000000474974513,0,0,38.00898742675781,-38.0085563659668,3.452754497528076,0,25.412315368652344
0.11417499929666519,0.10000023245811462,0.00000017500001092685125,0.0010000000474974513,0.0010000000474974513,0,0,40.48200988769531,-40.48152542114258,3.6698431968688965,0,25.412315368652344
0.11417999863624573,0.10000023990869522,0.00000018000001489326678,0.0010000000474974513,0.0010000000474974513,0,0,42.408607482910156,-42.40806579589844,3.862156867980957,0,25.412315368652344
0.11418499797582626,0.10000024735927582,0.00000018500001885968231,0.0010000000474974513,0.0010000000474974513,0,0,44.1850700378418,-44.18446350097656,4.046205997467041,0,25.412315368652344
0.1141899973154068,0.10000025480985641,0.00000019000002282609785,0.0010000000474974513,0.0010000000474974513,0,0,46.2056999206543,-46.20503234863281,4.2384538650512695,0,25.412315368652344
0.11419499665498734,0.10000026226043701,0.00000019500002679251338,0.0010000000474974513,0.0010000000474974513,0,0,48.821311950683594,-48.820579528808594,4.453465938568115,0,25.412315368652344
0.11419999599456787,0.10000026971101761,0.00000020000003075892892,0.0010000000474974513,0.0010000000474974513,0,0,52.301509857177734,-52.30071258544922,4.702228546142578,0,25.412315368652344
0.11420499533414841,0.1000002771615982,0.00000020500003472534445,0.0010000000474974513,0.0010000000474974513,0,0,56.80390930175781,-56.80304718017578,4.990782260894775,0,25.412315368652344
0.11420999467372894,0.1000002846121788,0.00000021000003869175998,0.0010000000474974513,0.0010000000474974513,0,0,62.352699279785156,-62.351776123046875,5.319277763366699,0,25.412315368652344
0.11421499401330948,0.1000002920627594,0.00000021500004265817552,0.0010000000474974513,0.0010000000474974513,0,0,68.82844543457031,-68.82746124267578,5.681537628173828,0,25.412315368652344
0.11422000080347061,0.10000029951334,0.00000022000004662459105,0.0010000000474974513,0.0010000000474974513,0,0,75.97005462646484,-75.9690170288086,6.065169334411621,0,25.412315368652344
0.11422500014305115,0.1000003069639206,0.00000022500005059100658,0.0010000000474974513,0.0010000000474974513,0,0,83.38898468017578,-83.38789367675781,6.452229976654053,0,25.412315368652344
0.11422999948263168,0.10000031441450119,0.00000023000005455742212,0.0010000000474974513,0.0010000000474974513,0,0,90.5948257446289,-90.59369659423828,6.820404052734375,0,25.412315368652344
0.11423499882221222,0.10000032186508179,0.00000023500005852383765,0.0010000000474974513,0.0010000000474974513,0,0,97.03060913085938,-97.0294418334961,7.144614219665527,0,25.412315368652344
0.11423999816179276,0.10000032931566238,0.00000024000004827939847,0.0010000000474974513,0.0010000000474974513,0,0,102.11518096923828,-102.11398315429688,7.398951530456543,0,25.412315368652344
0.11424499750137329,0.10000033676624298,0.000000245000052245814,0.0010000000474974513,0.0010000000474974513,0,0,105.28978729248047,-105.28856658935547,7.5587873458862305,0,25.412315368652344
0.11424999684095383,0.10000034421682358,0.00000025000005621222954,0.0010000000474974513,0.0010000000474974513,0,0,106.06536865234375,-106.06412506103516,7.602907180786133,0,25.412315368652344
0.11425499618053436,0.10000035166740417,0.00000025500006017864507,0.0010000000474974513,0.0010000000474974513,0,0,104.06693267822266,-104.06568145751953,7.515508651733398,0,25.412315368652344
0.1142599955201149,0.10000035911798477,0.0000002600000641450606,0.0010000000474974513,0.0010000000474974513,0,0,99.07185363769531,-99.07059478759766,7.287912845611572,0,25.412315368652344
0.11426499485969543,0.10000036656856537,0.00000026500006811147614,0.0010000000474974513,0.0010000000474974513,0,0,91.03873443603516,-91.03746795654297,6.919837474822998,0,25.412315368652344
0.11426999419927597,0.10000037401914597,0.00000027000007207789167,0.0010000000474974513,0.0010000000474974513,0,0,80.12468719482422,-80.1234130859375,6.42013692855835,0,25.412315368652344
0.1142749935388565,0.10000038146972656,0.0000002750000760443072,0.0010000000474974513,0.0010000000474974513,0,0,66.6892318725586,-66.68795013427734,5.8069305419921875,0,25.412315368652344
0.11428000032901764,0.10000038892030716,0.00000028000008001072274,0.0010000000474974513,0.0010000000474974513,0,0,51.28413391113281,-51.28284454345703,5.107084274291992,0,25.412315368652344
0.11428499966859818,0.10000039637088776,0.0000002850000839771383,0.0010000000474974513,0.0010000000474974513,0,0,34.6294059753418,-34.62810516357422,4.3550567626953125,0,25.412315368652344
0.11428999900817871,0.10000040382146835,0.0000002900000879435538,0.0010000000474974513,0.0010000000474974513,0,0,17.576635360717773,-17.575315475463867,3.5911777019500732,0,25.412315368652344
0.11429499834775925,0.10000041127204895,0.00000029500009190996934,0.0010000000474974513,0.0010000000474974513,0,0,1.0618338584899902,-1.0604928731918335,2.8594417572021484,0,25.412315368652344
0.11429999768733978,0.10000041872262955,0.0000003000000958763849,0.0010000000474974513,0.0010000000474974513,0,0,13.949362754821777,13.950730323791504,2.204962968826294,0,25.412315368652344
0.11430499702692032,0.10000042617321014,0.0000003050000998428004,0.0010000000474974513,0.0010000000474974513,0,0,26.520660400390625,26.522062301635742,1.6712450981140137,0,25.412315368652344
0.11430999636650085,0.10000043362379074,0.00000031000010380921594,0.0010000000474974513,0.0010000000474974513,0,0,35.804439544677734,35.80588150024414,1.2974437475204468,0,25.412315368652344
0.11431499570608139,0.10000044107437134,0.0000003150001077756315,0.0010000000474974513,0.0010000000474974513,0,0,41.09745788574219,41.09894943237305,1.1158021688461304,0,25.412315368652344
0.11431999504566193,0.10000044852495193,0.000000320000111742047,0.0010000000474974513,0.0010000000474974513,0,0,41.889251708984375,41.890804290771484,1.1494346857070923,0,25.412315368652344
0.11432499438524246,0.10000045597553253,0.00000032500011570846254,0.0010000000474974513,0.0010000000474974513,0,0,37.899879455566406,37.9015007019043,1.4106040000915527,0,25.412315368652344
0.114329993724823,0.10000046342611313,0.0000003300001196748781,0.0010000000474974513,0.0010000000474974513,0,0,29.10426139831543,29.105960845947266,1.8996237516403198,0,25.412315368652344
0.11433500051498413,0.10000047087669373,0.0000003350001236412936,0.0010000000474974513,0.0010000000474974513,0,0,15.74137020111084,15.743157386779785,2.6044652462005615,0,25.412315368652344
0.11433999985456467,0.10000047832727432,0.00000034000012760770915,0.0010000000474974513,0.0010000000474974513,0,0,1.6926621198654175,-1.690778374671936,3.5011065006256104,0,25.412315368652344
0.1143449991941452,0.10000048577785492,0.0000003450001315741247,0.0010000000474974513,0.0010000000474974513,0,0,22.467330932617188,-22.465341567993164,4.554617404937744,0,25.412315368652344
0.11434999853372574,0.10000049322843552,0.0000003500001355405402,0.0010000000474974513,0.0010000000474974513,0,0,45.65522384643555,-45.65312194824219,5.720923900604248,0,25.412315368652344
0.11435499787330627,0.10000050067901611,0.00000035500013950695575,0.0010000000474974513,0.0010000000474974513,0,0,70.18201446533203,-70.17979431152344,6.949148178100586,0,25.412315368652344
0.11435999721288681,0.10000050812959671,0.0000003600001434733713,0.0010000000474974513,0.0010000000474974513,0,0,94.88595581054688,-94.88361358642578,8.184388160705566,0,25.412315368652344
0.11436499655246735,0.10000051558017731,0.0000003650001474397868,0.0010000000474974513,0.0010000000474974513,0,0,118.583251953125,-118.5807876586914,9.370767593383789,0,25.412315368652344
0.11436999589204788,0.1000005230307579,0.00000037000015140620235,0.0010000000474974513,0.0010000000474974513,0,0,140.13525390625,-140.13267517089844,10.45456314086914,0,25.412315368652344
0.11437499523162842,0.1000005304813385,0.0000003750001553726179,0.0010000000474974513,0.0010000000474974513,0,0,158.5133514404297,-158.51063537597656,11.38723373413086,0,25.412315368652344
0.11437999457120895,0.1000005379319191,0.0000003800001593390334,0.0010000000474974513,0.0010000000474974513,0,0,172.85736083984375,-172.8545379638672,12.128135681152344,0,25.412315368652344
0.11438499391078949,0.1000005453824997,0.00000038500016330544895,0.0010000000474974513,0.0010000000474974513,0,0,182.524169921875,-182.52122497558594,12.646794319152832,0,25.412315368652344
0.11439000070095062,0.10000055283308029,0.0000003900001672718645,0.0010000000474974513,0.0010000000474974513,0,0,187.12298583984375,-187.11993408203125,12.92455005645752,0,25.412315368652344
0.11439500004053116,0.10000056028366089,0.00000039500017123828,0.0010000000474974513,0.0010000000474974513,0,0,186.53573608398438,-186.5325927734375,12.95551586151123,0,25.412315368652344
0.1143999993801117,0.10000056773424149,0.00000040000017520469555,0.0010000000474974513,0.0010000000474974513,0,0,180.9209747314453,-180.91773986816406,12.746774673461914,0,25.412315368652344
0.11440499871969223,0.10000057518482208,0.0000004050001791711111,0.0010000000474974513,0.0010000000474974513,0,0,170.70126342773438,-170.6979522705078,12.317806243896484,0,25.412315368652344
0.11440999805927277,0.10000058263540268,0.0000004100001831375266,0.0010000000474974513,0.0010000000474974513,0,0,156.53504943847656,-156.53167724609375,11.699189186096191,0,25.412315368652344
0.1144149973988533,0.10000059008598328,0.00000041500018710394215,0.0010000000474974513,0.0010000000474974513,0,0,139.27481079101563,-139.27137756347656,10.930679321289063,0,25.412315368652344
0.11441999673843384,0.10000059753656387,0.0000004200001910703577,0.0010000000474974513,0.0010000000474974513,0,0,119.91436004638672,-119.910888671875,10.05876350402832,0,25.412315368652344
0.11442499607801437,0.10000060498714447,0.0000004250001950367732,0.0010000000474974513,0.0010000000474974513,0,0,99.52867126464844,-99.5251693725586,9.133879661560059,0,25.412315368652344
0.11442999541759491,0.10000061243772507,0.00000043000019900318875,0.0010000000474974513,0.0010000000474974513,0,0,79.21012878417969,-79.20659637451172,8.207448959350586,0,25.412315368652344
0.11443499475717545,0.10000061988830566,0.0000004350002029696043,0.0010000000474974513,0.0010000000474974513,0,0,60.00527572631836,-60.00172805786133,7.328945636749268,0,25.412315368652344
0.11443999409675598,0.10000062733888626,0.0000004400002069360198,0.0010000000474974513,0.0010000000474974513,0,0,42.85606002807617,-42.852500915527344,6.543142795562744,0,25.412315368652344
0.11444499343633652,0.10000063478946686,0.00000044500021090243536,0.0010000000474974513,0.0010000000474974513,0,0,28.549152374267578,-28.545576095581055,5.887747764587402,0,25.412315368652344
0.11445000022649765,0.10000064224004745,0.0000004500002148688509,0.0010000000474974513,0.0010000000474974513,0,0,17.67638397216797,-17.672800064086914,5.391533851623535,0,25.412315368652344
0.11445499956607819,0.10000064969062805,0.0000004550002188352664,0.0010000000474974513,0.0010000000474974513,0,0,10.608654975891113,-10.605058670043945,5.073090553283691,0,25.412315368652344
0.11445999890565872,0.10000065714120865,0.00000046000022280168196,0.0010000000474974513,0.0010000000474974513,0,0,7.48449182510376,-7.480877876281738,4.940249443054199,0,25.412315368652344
0.11446499824523926,0.10000066459178925,0.0000004650002267680975,0.0010000000474974513,0.0010000000474974513,0,0,8.213730812072754,-8.21009349822998,4.990206718444824,0,25.412315368652344
0.1144699975848198,0.10000067204236984,0.000000470000230734513,0.0010000000474974513,0.0010000000474974513,0,0,12.495566368103027,-12.49189567565918,5.210306644439697,0,25.412315368652344
0.11447499692440033,0.10000067949295044,0.00000047500023470092856,0.0010000000474974513,0.0010000000474974513,0,0,19.849382400512695,-19.845670700073242,5.5794196128845215,0,25.412315368652344
0.11447999626398087,0.10000068694353104,0.0000004800002102456347,0.0010000000474974513,0.0010000000474974513,0,0,29.65591049194336,-29.65214729309082,6.06980037689209,0,25.412315368652344
0.1144849956035614,0.10000069439411163,0.0000004850002142120502,0.0010000000474974513,0.0010000000474974513,0,0,41.205631256103516,-41.20180130004883,6.649283409118652,0,25.412315368652344
0.11448999494314194,0.10000070184469223,0.0000004900002181784657,0.0010000000474974513,0.0010000000474974513,0,0,53.7508430480957,-53.74693298339844,7.283662796020508,0,25.412315368652344
0.11449499428272247,0.10000070929527283,0.0000004950002221448813,0.0010000000474974513,0.0010000000474974513,0,0,66.55782318115234,-66.55381774902344,7.939075469970703,0,25.412315368652344
0.11449999362230301,0.10000071674585342,0.0000005000002261112968,0.0010000000474974513,0.0010000000474974513,0,0,78.955322265625,-78.95121002197266,8.584236145019531,0,25.412315368652344
0.11449999362230301,0.10000072419643402,0.0000005050002300777123,0.0010000000474974513,0.0010000000474974513,0,0,90.37625122070313,-90.37201690673828,9.192361831665039,0,25.412315368652344
0.11450500041246414,0.10000072419643402,0.0000005048564162279945,-0.0005558753618970513,-0.000028767653930117376,0.000000011704078595187184,0.0023408157285302877,71.74441528320313,-71.74022674560547,8.2982177734375,0,4.042984962463379
0.11450999975204468,0.10000071674585342,0.0000005044842055212939,-0.0016592212487012148,-0.00007444156653946266,0.00000004453939084214653,0.006567062810063362,46.36615753173828,-46.36209487915039,7.053423881530762,0,4.042984962463379
0.11451499909162521,0.10000070184469223,0.0000005039644292992307,-0.0027323157992213964,-0.00010395918070571497,0.00000009533609812706345,0.010159341618418694,16.903894424438477,-16.900033950805664,5.5891337394714355,0,4.042984962463379
0.11451999843120575,0.10000067949295044,0.0000005033908223595063,-0.0037538984324783087,-0.00011472054029582068,0.00000016036541694575135,0.01300586387515068,13.543526649475098,13.54711627960205,4.0580291748046875,0,4.042984962463379
0.11452499777078629,0.10000065714120865,0.0000005028603027312784,-0.004703592974692583,-0.00010609845776343718,0.00000023572842167141062,0.015072600916028023,41.760501861572266,41.76384353637695,2.618521213531494,0,4.042984962463379
0.11452999711036682,0.10000062733888626,0.0000005024627398597659,-0.005585895385593176,-0.00007951289444463328,0.00000031775942943568225,0.01640620268881321,64.74722290039063,64.75025177001953,1.418344497680664,0,4.042984962463379
0.11453499644994736,0.10000059753656387,0.0000005022712912250427,-0.0063825976103544235,-0.0000382935322704725,0.0000004034022254018055,0.017128558829426765,80.03006744384766,80.03282165527344,0.5792155861854553,0,4.042984962463379
0.1145399957895279,0.10000056028366089,0.0000005023345579502347,-0.00710042379796505,0.000012655190403165761,0.000000490519994400529,0.01742354966700077,85.91938018798828,85.92180633544922,0.184137761592865,0,4.042984962463379
0.11454499512910843,0.1000005230307579,0.0000005026712983635662,-0.0077233826741576195,0.00006735316856065765,0.0000005781066647614352,0.01751733012497425,81.6866455078125,81.68875885009766,0.2686573565006256,0,4.042984962463379
0.11454999446868896,0.10000047832727432,0.0000005032680974181858,-0.008260331116616726,0.00011935650400118902,0.0000006663774456683313,0.01765415631234646,67.64419555664063,67.64594268798828,0.8169729709625244,0,4.042984962463379
0.1145549938082695,0.10000043362379074,0.0000005040802193434502,-0.008697259239852428,0.00016242013953160495,0.0000007567286388621142,0.018070237711071968,45.117794036865234,45.11920928955078,1.7633188962936401,0,4.042984962463379
0.11456000059843063,0.10000038892030716,0.0000005050359277447569,-0.009044795297086239,0.00019114302995149046,0.0000008515700642419688,0.018968289718031883,16.3159122467041,16.317033767700195,2.9984755516052246,0,4.042984962463379
0.11456499993801117,0.10000034421682358,0.0000005060435910309025,-0.00931414496153593,0.0002015300706261769,0.0000009540470955471392,0.020495401695370674,15.892162322998047,-15.891301155090332,4.380775451660156,0,4.042984962463379
0.1145699992775917,0.10000029951334,0.0000005070006636742619,-0.009516741149127483,0.00019141279335599393,0.000001067679704647162,0.0227265115827322,48.26646423339844,-48.26582336425781,5.750477313995361,0,4.042984962463379
0.11457499861717224,0.10000025480985641,0.0000005078040885564405,-0.009663873352110386,0.00016068540571723133,0.0000011959557468799176,0.02565520443022251,77.52534484863281,-77.52488708496094,6.9460577964782715,0,4.042984962463379
0.11457999795675278,0.10000020265579224,0.0000005083607561573444,-0.009766335599124432,0.00011133124644402415,0.0000013419197557595908,0.02919280342757702,100.67981719970703,-100.67961883544922,7.8207597732543945,0,4.042984962463379
0.11458499729633331,0.10000015050172806,0.0000005085969405627111,-0.009810361079871655,0.000047236488171620294,0.0000015077991974976612,0.03317588195204735,115.75178527832031,-115.7518081665039,8.2783203125,0,4.042984962463379
0.11458999663591385,0.10000009834766388,0.000000508464665927022,-0.009804590605199337,-0.000026453384634805843,0.0000016947591348071,0.03739199414849281,120.7905044555664,-120.7907485961914,8.22365951538086,0,4.042984962463379
0.11459499597549438,0.1000000461935997,0.0000005079479024061584,-0.009753535501658916,-0.00010335100523661822,0.0000019026605286853737,0.04158027097582817,114.10440063476563,-114.10482025146484,7.574347019195557,0,4.042984962463379
0.11459999531507492,0.10000000149011612,0.0000005070679662821931,-0.009664715267717838,-0.00017599212878849357,0.0000021298496903909836,0.045437853783369064,96.34835052490234,-96.34880828857422,6.364892482757568,0,4.042984962463379
0.11460499465465546,0.09999995678663254,0.0000005058813030700549,-0.009570091031491756,-0.00023732938279863447,0.0000023732470708637265,0.04867946729063988,69.40235137939453,-69.40281677246094,4.690667629241943,0,4.042984962463379
0.11460999399423599,0.09999991208314896,0.0000005044737463322235,-0.009473240934312344,-0.00028151230071671307,0.000002628589072628529,0.05106840655207634,36.182125091552734,-36.18260955810547,2.6983556747436523,0,4.042984962463379
0.11461500078439713,0.09999986737966537,0.0000005029510248277802,-0.009375273250043392,-0.0003045465564355254,0.0000028908023068652255,0.05244266614317894,3.2050700187683105,-3.2055726051330566,0.7143961787223816,0,4.042984962463379
0.11462000012397766,0.0999998226761818,0.0000005014180715079419,-0.00927459355443716,-0.0003065869677811861,0.0000031548347578791436,0.05280650779604912,29.01246452331543,29.011920928955078,-1.2350269556045532,0,4.042984962463379
0.1146249994635582,0.09999977797269821,0.0000004999774887437525,-0.009166964329779148,-0.00028811703668907285,0.0000034157224035880063,0.052177514880895615,57.585205078125,57.58458709716797,-3.005357503890991,0,4.042984962463379
0.11462999880313873,0.09999973326921463,0.0000004987202260053891,-0.009045648388564587,-0.0002514571533538401,0.0000036689568787551252,0.05064689740538597,79.79357147216797,79.79281616210938,-4.460259437561035,0,4.042984962463379
0.11463499814271927,0.09999968856573105,0.0000004977169396624959,-0.00890164915472269,-0.00020065897842869163,0.000003910833584086504,0.04837530478835106,92.25973510742188,92.25879669189453,-5.430298328399658,0,4.042984962463379
0.1146399974822998,0.09999964386224747,0.0000004970073064214375,-0.008724023588001728,-0.00014192459639161825,0.000004138882104598451,0.04560967907309532,93.1346664428711,93.13346862792969,-5.822193145751953,0,4.042984962463379
0.11464499682188034,0.09999959915876389,0.0000004965941684531572,-0.008500265888869762,-0.00008263322524726391,0.000004352104497229448,0.04264445975422859,82.27547454833984,82.27391815185547,-5.627630233764648,0,4.042984962463379
0.11464999616146088,0.0999995544552803,0.0000004964429081155686,-0.008216745220124722,-0.00003025503428943921,0.000004550995981844608,0.03977833315730095,60.822418212890625,60.8204231262207,-4.9021148681640625,0,4.042984962463379
0.11465499550104141,0.09999951720237732,0.0000004964852564626199,-0.0078591825440526,0.00000846571765578119,0.0000047374046516779345,0.03728170320391655,31.073163986206055,31.070770263671875,-3.7587294578552246,0,4.042984962463379
0.11465999484062195,0.09999947994947433,0.000000496626512358489,-0.007439238950610161,0.000028247508453205228,0.000004914241799269803,0.03536739572882652,3.770559549331665,-3.773452043533325,-2.3555452823638916,0,4.042984962463379
0.11466499418020248,0.09999944269657135,0.0000004967557742929785,-0.006942389532923698,0.000025847097276709974,0.000005085080374556128,0.03416772559285164,39.9568977355957,-39.960391998291016,-0.8780719041824341,0,4.042984962463379
0.11466999351978302,0.09999941289424896,0.0000004967578206560574,-0.006354517303407192,0.0000004097473720321432,0.000005253682957118144,0.03372052684426308,73.59786987304688,-73.6019058227539,0.48129481077194214,0,4.042984962463379
0.11467500030994415,0.09999938309192657,0.000000496525615290011,-0.005688495934009552,-0.00004644411092158407,0.0000054235110837908,0.03396565094590187,101.0974349975586,-101.10209655761719,1.544552206993103,0,4.042984962463379
0.11467999964952469,0.09999936074018478,0.0000004959716193297936,-0.004932022653520107,-0.0001108047435991466,0.000005597272320301272,0.03475228324532509,119.54759979248047,-119.55281066894531,2.167736530303955,0,4.042984962463379
0.11468499898910522,0.099999338388443,0.0000004950370566803031,-0.004100221209228039,-0.00018691111472435296,0.000005776553734904155,0.035856302827596664,127.04615783691406,-127.05199432373047,2.2567458152770996,0,4.042984962463379
0.11468999832868576,0.0999993234872818,0.0000004936981099490367,-0.003183395601809025,-0.0002677912125363946,0.0000059615817917801905,0.037005651742219925,122.9035873413086,-122.90989685058594,1.7776048183441162,0,4.042984962463379
0.1146949976682663,0.0999993160367012,0.0000004919679668091703,-0.0021995441056787968,-0.0003460340667515993,0.000006151136858534301,0.037910979241132736,107.71359252929688,-107.72028350830078,0.7600328922271729,0,4.042984962463379
0.11469999700784683,0.0999993085861206,0.0000004898949441667355,-0.0011680989991873503,-0.00041460664942860603,0.000006342627330013784,0.03829805925488472,83.2818832397461,-83.28898620605469,-0.7060641050338745,0,4.042984962463379
0.11470499634742737,0.0999993085861206,0.0000004875568038187339,-0.00008361414074897766,-0.00046762556303292513,0.0000065323197304678615,0.03793846443295479,52.42068099975586,-52.428009033203125,-2.480768918991089,0,4.042984962463379
0.1147099956870079,0.0999993160367012,0.0000004850518280363758,0.0010318683926016092,-0.0005009975866414607,0.000006715694780723425,0.036675017327070236,18.631080627441406,-18.638492584228516,-4.389851093292236,0,4.042984962463379
0.11471499502658844,0.0999993234872818,0.000000482487507724727,0.0021552210673689842,-0.0005128584452904761,0.000006887891231599497,0.03443928435444832,14.289566993713379,14.282065391540527,-6.244226932525635,0,4.042984962463379
0.11471999436616898,0.099999338388443,0.0000004799687189915858,0.0032886723056435585,-0.0005037614027969539,0.000007044186986604473,0.03125912323594093,42.67156982421875,42.664146423339844,-7.8609938621521,0,4.042984962463379
0.11472499370574951,0.09999936074018478,0.000000477585729186103,0.004407551605254412,-0.0004765958583448082,0.000007180464763223426,0.027255553752183914,63.3820915222168,63.374916076660156,-9.083702087402344,0,4.042984962463379
0.11473000049591064,0.09999939054250717,0.0000004754045050958666,0.005486785899847746,-0.00043624555110000074,0.0000072936109063448384,0.022629261016845703,74.17224884033203,74.16549682617188,-9.799591064453125,0,4.042984962463379
0.11473499983549118,0.09999942034482956,0.00000047345938014586864,0.006501320283859968,-0.00038902604137547314,0.000007381802788586356,0.017638370394706726,73.92461395263672,73.91826629638672,-9.95187759399414,0,4.042984962463379
0.11473999917507172,0.09999945759773254,0.00000047174955852824496,0.007452625315636396,-0.0003419641579966992,0.000007444652510457672,0.012569921091198921,62.77251434326172,62.76673126220703,-9.545743942260742,0,4.042984962463379
0.11474499851465225,0.09999950230121613,0.00000047023954152791703,0.008316472172737122,-0.0003020019212272018,0.0000074831941674347036,0.007708313409239054,42.07979202270508,42.07474136352539,-8.647347450256348,0,4.042984962463379
0.11474999785423279,0.09999954700469971,0.0000004688634760441346,0.009069409221410751,-0.00027521306765265763,0.00000749971559343976,0.003304255660623312,14.282129287719727,14.277786254882813,-7.376011371612549,0,4.042984962463379
0.11475499719381332,0.09999959915876389,0.0000004675328852954408,0.009715216234326363,-0.00026612079818733037,0.000007497454134863801,-0.00045231590047478676,17.392141342163086,-17.395627975463867,-5.890462398529053,0,4.042984962463379
0.11475999653339386,0.09999965131282806,0.00000046614692905677657,0.010232597589492798,-0.0002771930012386292,0.000007480192834918853,-0.003452303586527705,49.28837585449219,-49.29104232788086,-4.370689868927002,0,4.042984962463379
0.1147649958729744,0.09999970346689224,0.0000004646040849820565,0.010627642273902893,-0.0003085709467995912,0.000007451801593560958,-0.005678277462720871,77.74040222167969,-77.74227905273438,-2.997457265853882,0,4.042984962463379
0.11476999521255493,0.09999975562095642,0.00000046281377308332594,0.010907527059316635,-0.00035806201049126685,0.000007415777417918434,-0.007204869762063026,99.48494720458984,-99.48611450195313,-1.9317939281463623,0,4.042984962463379
0.11477499455213547,0.0999998077750206,0.0000004607067864981218,0.011080263182520866,-0.00042139607830904424,0.000007374833785434021,-0.008188724517822266,110.16810607910156,-110.1686019897461,-1.3898670673370361,0,4.042984962463379
0.114779993891716,0.09999985992908478,0.00000045824913286196534,0.01115441881120205,-0.0004915312747471035,0.000007330350854317658,-0.00889657810330391,106.785400390625,-106.78530883789063,-1.5211138725280762,0,4.042984962463379
0.11478500068187714,0.09999991208314896,0.00000045545155558102124,0.011140232905745506,-0.0005595129332505167,0.000007281994385266444,-0.009671274572610855,99.50517272949219,-99.50459289550781,-1.8171552419662476,0,4.042984962463379
0.11479000002145767,0.09999996423721313,0.0000004523372467701847,0.011052394285798073,-0.0006228598649613559,0.00000722901086191996,-0.01059674471616745,83.79314422607422,-83.79212951660156,-2.5055642127990723,0,4.042984962463379
0.11479499936103821,0.10000001639127731,0.0000004489562286380533,0.010898407548666,-0.0006762042758055031,0.000007169646778493188,-0.011872818693518639,61.295249938964844,-61.293861389160156,-3.50566029548645,0,4.042984962463379
0.11479999870061874,0.10000006854534149,0.00000044538009547068214,0.010685078799724579,-0.0007152259931899607,0.0000071013555498211645,-0.013658236712217331,34.329833984375,-34.328121185302734,-4.7034382820129395,0,4.042984962463379
0.11480499804019928,0.10000012069940567,0.0000004416946808305511,0.010418292135000229,-0.0007370809908024967,0.000007021087185421493,-0.01605367846786976,5.571834087371826,-5.569835186004639,-5.966571807861328,0,4.042984962463379
0.11480999737977982,0.10000017285346985,0.00000043799153104373545,0.010102812200784683,-0.0007406281656585634,0.000006925625257281354,-0.01909242756664753,21.99888801574707,22.001140594482422,-7.148701190948486,0,4.042984962463379
0.11481499671936035,0.10000022500753403,0.00000043435841234895634,0.009742265567183495,-0.0007266232860274613,0.0000068119588831905276,-0.022733232006430626,45.47083282470703,45.47331237792969,-8.107358932495117,0,4.042984962463379
0.11481999605894089,0.10000026971101761,0.00000043087004542030627,0.009339068084955215,-0.0006976756849326193,0.000006677647434116807,-0.02686227671802044,62.340370178222656,62.342926025390625,-8.720426559448242,0,4.042984962463379
0.11482499539852142,0.10000031441450119,0.00000042758009044518985,0.008918069303035736,-0.000657988537568599,0.000006521129762404598,-0.03130355477333069,70.77271270751953,70.77533721923828,-8.899019241333008,0,4.042984962463379
0.11482999473810196,0.10000035911798477,0.00000042451543436072825,0.00847870483994484,-0.000612933246884495,0.000006341950665955665,-0.035835787653923035,69.7957763671875,69.7984848022461,-8.597002029418945,0,4.042984962463379
0.1148349940776825,0.10000039637088776,0.0000004216729223571747,0.008018730208277702,-0.0005684998468495905,0.000006140879577287706,-0.04021420329809189,59.4058952331543,59.4085693359375,-7.816159725189209,0,4.042984962463379
0.11483999341726303,0.10000043362379074,0.00000041901952840817103,0.007558006793260574,-0.0005306809325702488,0.000005919904651818797,-0.04419494420289993,40.57404708862305,40.57672119140625,-6.606472969055176,0,4.042984962463379
0.11484500020742416,0.10000047087669373,0.0000004164952827068191,0.007090818136930466,-0.0005048507009632885,0.0000056821068028511945,-0.047559596598148346,15.1531400680542,15.15584945678711,-5.061454772949219,0,4.042984962463379
0.1148499995470047,0.10000050067901611,0.0000004140192686463706,0.006609765812754631,-0.0004952039453200996,0.000005431420049717417,-0.05013737082481384,14.305869102478027,-14.303208351135254,-3.309002637863159,0,4.042984962463379
0.11485499888658524,0.1000005304813385,0.0000004114977230074146,0.006129720248281956,-0.0005043113487772644,0.000005172306828171713,-0.05182263255119324,44.81044387817383,-44.807777404785156,-1.4986881017684937,0,4.042984962463379
0.11485999822616577,0.10000056028366089,0.0000004088335288088274,0.0056402962654829025,-0.0005328385741449893,0.00000490937736685737,-0.0525859072804451,73.2283706665039,-73.22564697265625,0.21323250234127045,0,4.042984962463379
0.11486499756574631,0.10000058263540268,0.00000040593624817120144,0.00512989517301321,-0.0005794572061859071,0.000004646990873879986,-0.05247730761766434,96.60584259033203,-96.6031265258789,1.6795767545700073,0,4.042984962463379
0.11486999690532684,0.10000060498714447,0.0000004027314446375385,0.004609794355928898,-0.0006409583729691803,0.000004388881279737689,-0.05162190645933151,112.46910095214844,-112.4663314819336,2.777148723602295,0,4.042984962463379
0.11487499624490738,0.10000062733888626,0.0000003991686412518902,0.004066728986799717,-0.0007125584525056183,0.000004137843461649027,-0.05020751804113388,119.0780258178711,-119.07514953613281,3.4192991256713867,0,4.042984962463379
0.11487999558448792,0.10000064224004745,0.00000039522680594927806,0.003487035632133484,-0.0007883658981882036,0.000003895513145835139,-0.04846608638763428,115.60680389404297,-115.60389709472656,3.5648446083068848,0,4.042984962463379
0.11488499492406845,0.10000065714120865,0.00000039091699477467046,0.002880798652768135,-0.0008619634318165481,0.0000036622604966396466,-0.04665052890777588,102.233154296875,-102.23014831542969,3.2224314212799072,0,4.042984962463379
0.11488999426364899,0.10000066459178925,0.00000038628175502708473,0.0022344766184687614,-0.0009270470472984016,0.0000034372137633909006,-0.04500935971736908,80.12549591064453,-80.12246704101563,2.4498820304870605,0,4.042984962463379
0.11489499360322952,0.10000067204236984,0.00000038139145885907055,0.0015587657690048218,-0.0009780565742403269,0.0000032184054816752905,-0.04376164823770523,51.33109664916992,-51.32801055908203,1.3485822677612305,0,4.042984962463379
0.11490000039339066,0.10000067949295044,0.0000003763377947052504,0.0008412038441747427,-0.0010107350535690784,0.000003003031451953575,-0.043074823915958405,18.57438850402832,-18.571216583251953,0.053462397307157516,0,4.042984962463379
0.11490499973297119,0.10000067949295044,0.0000003712249849741056,0.00007028353866189718,-0.0010225598234683275,0.0000027877933916897746,-0.04304759204387665,15.01315975189209,15.016347885131836,-1.280432939529419,0,4.042984962463379
0.11490999907255173,0.10000067949295044,0.00000036615998055822274,-0.0007404655916616321,-0.0010130021255463362,0.000002569294792920118,-0.043699711561203,46.204463958740234,46.20769500732422,-2.4934284687042236,0,4.042984962463379
0.11491499841213226,0.10000067204236984,0.0000003612420300669328,-0.0015999618917703629,-0.0009835874661803246,0.0000023444467842637096,-0.044969603419303894,71.99923706054688,72.00242614746094,-3.4372098445892334,0,4.042984962463379
0.1149199977517128,0.10000065714120865,0.0000003565532722404896,-0.0024918564595282078,-0.0009377513779327273,0.0000021108460259711137,-0.04672016203403473,89.92328643798828,89.92638397216797,-3.989698886871338,0,4.042984962463379
0.11492499709129333,0.10000064224004745,0.00000035215074944972,-0.003398391418159008,-0.0008805044926702976,0.000001867085529738688,-0.04875209927558899,98.27584075927734,98.27886199951172,-4.06732702255249,0,4.042984962463379
0.11492999643087387,0.10000061988830566,0.00000034806103599294147,-0.0043243044055998325,-0.000817940104752779,0.000001612967707842472,-0.05082356929779053,96.2994613647461,96.3023452758789,-3.6334588527679443,0,4.042984962463379
0.1149349957704544,0.10000059008598328,0.00000034427787909407925,-0.005249244626611471,-0.0007566339336335659,0.0000013495973689714447,-0.052674077451229095,84.25497436523438,84.25767517089844,-2.702127456665039,0,4.042984962463379
0.11493999511003494,0.10000056028366089,0.00000034076290944540233,-0.006151760462671518,-0.0007029955741018057,0.0000010793460205604788,-0.0540502592921257,63.39451217651367,63.39704895019531,-1.3366926908493042,0,4.042984962463379
0.11494499444961548,0.1000005230307579,0.00000033744973393368127,-0.007033319678157568,-0.0006626374088227749,0.0000008056908882281277,-0.054731033742427826,35.83534240722656,35.83766555786133,0.35642632842063904,0,4.042984962463379
0.11494999378919601,0.10000048577785492,0.00000033425061474190443,-0.007870831526815891,-0.0006398239638656378,0.0000005329433179213083,-0.054549507796764374,4.346641540527344,4.348764419555664,2.2383217811584473,0,4.042984962463379
0.11495500057935715,0.10000044107437134,0.0000003310653369226202,-0.00866443756967783,-0.0006370567716658115,0.00000026589563617562817,-0.05340953916311264,27.928199768066406,-27.926326751708984,4.151393890380859,0,4.042984962463379
0.11495999991893768,0.10000039637088776,0.00000032779115599623765,-0.009390070103108883,-0.000654836418107152,0.000000009419380830877344,-0.05129525065422058,57.78678512573242,-57.78514862060547,5.934991836547852,0,4.042984962463379
0.11496499925851822,0.10000034421682358,0.00000032433302976642153,-0.010047280229628086,-0.000691624591127038,-0.00000023194354525912786,-0.04827258735895157,82.28746032714844,-82.28610229492188,7.44130802154541,0,4.042984962463379
0.11496999859809875,0.1000002920627594,0.0000003206129690624948,-0.010611814446747303,-0.0007440104382112622,-0.0000004543573481896601,-0.0444827601313591,99.04241943359375,-99.04132843017578,8.549938201904297,0,4.042984962463379
0.11497499793767929,0.10000023990869522,0.00000031657765475756605,-0.011083443649113178,-0.0008070628391578794,-0.0000006549989279847068,-0.04012831300497055,106.45372009277344,-106.452880859375,9.179636001586914,0,4.042984962463379
0.11497999727725983,0.10000018030405045,0.000000312203496832808,-0.011462253518402576,-0.0008748334366828203,-0.0000008322647317982046,-0.03545316308736801,103.86907958984375,-103.86852264404297,9.296082496643066,0,4.042984962463379
0.11498499661684036,0.10000012069940567,0.0000003074987091622461,-0.011724925599992275,-0.0009409585036337376,-0.0000009858582643573754,-0.03071870654821396,91.64191436767578,-91.64161682128906,8.914918899536133,0,4.042984962463379
0.1149899959564209,0.1000000610947609,0.0000003025022010660905,-0.011872534640133381,-0.0009992995765060186,-0.0000011167501270392677,-0.026178374886512756,71.08936309814453,-71.08929443359375,8.099719047546387,0,4.042984962463379
0.11499499529600143,0.10000000149011612,0.00000029727942774115945,-0.011906799860298634,-0.0010445564985275269,-0.000001227016241500678,-0.022053223103284836,46.97435760498047,-46.974510192871094,7.086212158203125,0,4.042984962463379
0.11499999463558197,0.09999994188547134,0.00000029190712780291506,-0.011822349391877651,-0.0010744612663984299,-0.0000013192374126447248,-0.0184442438185215,13.506735801696777,-13.507075309753418,5.582476615905762,0,4.042984962463379
0.1150049939751625,0.09999988228082657,0.00000028649182581830246,-0.011618995107710361,-0.001083059934899211,-0.0000013972429542263853,-0.015601112507283688,20.299570083618164,20.299072265625,4.036961555480957,0,4.042984962463379
0.11501000076532364,0.0999998226761818,0.0000002811411548009346,-0.011300626210868359,-0.0010701369028538465,-0.0000014649684771939064,-0.013545104302465916,50.666927337646484,50.66630172729492,2.6362316608428955,0,4.042984962463379
0.11501500010490417,0.09999977052211761,0.00000027595174856287485,-0.010871539823710918,-0.0010378812439739704,-0.0000015259809060808038,-0.012202481739223003,74.27975463867188,74.27906036376953,1.5446138381958008,0,4.042984962463379
0.11501999944448471,0.09999971836805344,0.00000027099878252556664,-0.010362344793975353,-0.0009905933402478695,-0.0000015830599977562088,-0.0114158159121871,88.61198425292969,88.61123657226563,0.8876616954803467,0,4.042984962463379
0.11502499878406525,0.09999966621398926,0.00000026632787353264575,-0.00977716688066721,-0.0009341811528429389,-0.0000016378786540371948,-0.010963733308017254,92.20497131347656,92.20417785644531,0.7383467555046082,0,4.042984962463379
0.11502999812364578,0.09999962151050568,0.00000026195047553301265,-0.009119597263634205,-0.0008754816371947527,-0.0000016908171573959407,-0.01058769691735506,84.82456970214844,84.82376861572266,1.109228491783142,0,4.042984962463379
0.11503499746322632,0.0999995768070221,0.0000002578430837729684,-0.008418652229011059,-0.0008214806439355016,-0.0000017409309975846554,-0.010022771544754505,67.48008728027344,67.4792709350586,1.9514647722244263,0,4.042984962463379
0.11503999680280685,0.09999953955411911,0.0000002539504748710897,-0.007676039822399616,-0.0007785215275362134,-0.0000017860754724097205,-0.009028899483382702,42.303123474121094,42.30232238769531,3.1607489585876465,0,4.042984962463379
0.11504499614238739,0.09999950230121613,0.00000025019252802849223,-0.006918272934854031,-0.0007515904726460576,-0.0000018231711464977707,-0.007419143803417683,12.3005952835083,12.299798011779785,4.589487075805664,0,4.042984962463379
0.11504999548196793,0.09999947249889374,0.00000024647371787978045,-0.006144024431705475,-0.000743759679608047,-0.0000018485798136680387,-0.0050817374140024185,18.990354537963867,-18.991130828857422,6.0638298988342285,0,4.042984962463379
0.11505499482154846,0.09999944269657135,0.00000024269448317681963,-0.005376347340643406,-0.0007558492943644524,-0.000001858547079791606,-0.0019934545271098614,47.906211853027344,-47.906978607177734,7.403625011444092,0,4.042984962463379
0.115059994161129,0.09999942034482956,0.00000023876273758105526,-0.00461015198379755,-0.0007863473147153854,-0.0000018496612028684467,0.0017771804705262184,71.074462890625,-71.0751953125,8.443037986755371,0,4.042984962463379
0.11506499350070953,0.09999939799308777,0.0000002346047693890796,-0.003864556783810258,-0.0008315946906805038,-0.0000018192753259427263,0.006077184341847897,85.79711151123047,-85.79783630371094,9.049511909484863,0,4.042984962463379
0.11507000029087067,0.09999938309192657,0.00000023017369699118717,-0.003130500903353095,-0.0008862147806212306,-0.0000017658450133239967,0.010686063207685947,90.3575439453125,-90.35823059082031,9.138933181762695,0,4.042984962463379
0.1150749996304512,0.09999936819076538,0.00000022545501110471378,-0.002423236845061183,-0.0009437381522729993,-0.0000016891425502763013,0.015340483747422695,84.21563720703125,-84.21630859375,8.685275077819824,0,4.042984962463379
0.11507999897003174,0.09999936074018478,0.0000002204682516548928,-0.0017300781328231096,-0.0009973514825105667,-0.0000015903232224445674,0.019763857126235962,68.0698013305664,-68.0704345703125,7.7236528396606445,0,4.042984962463379
0.11508499830961227,0.09999935328960419,0.00000021526481930322916,-0.0010630183387547731,-0.0010406861547380686,-0.0000014718358443133184,0.02369748055934906,43.7781982421875,-43.77882385253906,6.346431255340576,0,4.042984962463379
0.11508999764919281,0.09999935328960419,0.00000020992203531022824,-0.0004065933171659708,-0.0010685562156140804,-0.0000013371874274525908,0.026929691433906555,14.148752212524414,-14.149357795715332,4.692821502685547,0,4.042984962463379
0.11509499698877335,0.09999935328960419,0.00000020453421711863484,0.00022940273629501462,-0.001077563501894474,-0.0000011905888186447555,0.029319725930690765,17.379222869873047,17.378620147705078,2.933142900466919,0,4.042984962463379
0.11509999632835388,0.09999936074018478,0.00000019920172178444773,0.0008619786240160465,-0.0010664996225386858,-0.00000103652098459861,0.030813563615083694,47.12533950805664,47.12474822998047,1.249511957168579,0,4.042984962463379
0.11510499566793442,0.09999936819076538,0.00000019401922202177957,0.0014821751974523067,-0.0010364986956119537,-0.0000008792712833383121,0.03144993633031845,71.58694458007813,71.58634185791016,-0.18485474586486816,0,4.042984962463379
0.11510999500751495,0.09999937564134598,0.00000018906459331446968,0.002107097767293453,-0.0009909251239150763,-0.0000007224923592730192,0.03135579079389572,87.83890533447266,87.8382568359375,-1.225399374961853,0,4.042984962463379
0.11511499434709549,0.09999939054250717,0.00000018438956317368138,0.002753229346126318,-0.0009350051404908299,-0.0000005688338546860905,0.030731700360774994,93.86943054199219,93.86874389648438,-1.7728044986724854,0,4.042984962463379
0.11511999368667603,0.09999940544366837,0.00000018001333046413492,0.003409766126424074,-0.000875246012583375,-0.0000004196897691599588,0.029828816652297974,88.81411743164063,88.81336975097656,-1.7845205068588257,0,4.042984962463379
0.11512500047683716,0.09999942779541016,0.0000001759198084982927,0.004090713802725077,-0.0008187051862478256,-0.0000002750899170678167,0.028919968754053116,73.06117248535156,73.06037902832031,-1.2799286842346191,0,4.042984962463379
0.1151299998164177,0.09999945014715195,0.00000017205884716986475,0.004782222677022219,-0.0007721929578110576,-0.00000013374939555887977,0.028268106281757355,48.21615982055664,48.215293884277344,-0.33852672576904297,0,4.042984962463379
0.11513499915599823,0.09999947994947433,0.00000016835136307236098,0.005494790617376566,-0.0007414976134896278,0.000000006729081292178307,0.02809569612145424,16.92922592163086,16.928300857543945,0.9086703658103943,0,4.042984962463379
0.11513999849557877,0.09999950975179672,0.00000016469776653593726,0.006210720632225275,-0.0007307201158255339,0.00000014952146898394858,0.028558477759361267,17.39556121826172,-17.39655303955078,2.2935805320739746,0,4.042984962463379
0.1151449978351593,0.09999954700469971,0.0000001609887902986884,0.0069364579394459724,-0.0007417944725602865,0.00000029815441848768387,0.029726587235927582,50.977210998535156,-50.978233337402344,3.6297552585601807,0,4.042984962463379
0.11514999717473984,0.09999958425760269,0.00000015711755452230136,0.007650190964341164,-0.0007742475718259811,0.0000004560304489586997,0.03157520666718483,80.07852172851563,-80.07957458496094,4.733243942260742,0,4.042984962463379
0.11515499651432037,0.09999962896108627,0.00000015299141864488774,0.00835433229804039,-0.000825227121822536,0.0000006259596148083801,0.03398582711815834,101.42422485351563,-101.4252700805664,5.443305969238281,0,4.042984962463379
0.11515999585390091,0.09999967366456985,0.00000014854244057005417,0.009023258462548256,-0.0008897958323359489,0.0000008097499630821403,0.03675807639956474,112.56918334960938,-112.57020568847656,5.6406402587890625,0,4.042984962463379
0.11516499519348145,0.09999971836805344,0.0000001437351500044315,0.009655926376581192,-0.0009614595910534263,0.000001007904074867838,0.03963083401322365,112.17584228515625,-112.17681884765625,5.261094093322754,0,4.042984962463379
0.11516999453306198,0.09999977052211761,0.00000013857078329237993,0.010249821469187737,-0.0010328729404136539,0.000001219455498358002,0.042310286313295364,100.16949462890625,-100.17037963867188,4.3033127784729,0,4.042984962463379
0.11517499387264252,0.0999998226761818,0.00000013308756763308338,0.010774962604045868,-0.0010966429254040122,0.0000014419651961361524,0.04450194537639618,77.75361633300781,-77.75437927246094,2.8294408321380615,0,4.042984962463379
0.11518000066280365,0.09999988228082657,0.00000012735685572806688,0.011226661503314972,-0.0011461424874141812,0.0000016716800246285857,0.045942969620227814,47.283531188964844,-47.284122467041016,0.9587897658348083,0,4.042984962463379
0.11518500000238419,0.09999994188547134,0.00000012147563666076167,0.011573521420359612,-0.0011762442300096154,0.0000019038363916479284,0.0464312806725502,11.909891128540039,-11.910297393798828,-1.1491721868515015,0,4.042984962463379
0.11518999934196472,0.10000000149011612,0.0000001155565030330763,0.011810246855020523,-0.0011838263599202037,0.0000021330665731511544,0.045846015214920044,24.626279830932617,24.626070022583008,-3.3060436248779297,0,4.042984962463379
0.11519499868154526,0.1000000610947609,0.00000010971575647999998,0.011931831017136574,-0.0011681487085297704,0.000002353877789573744,0.04416225850582123,51.56205749511719,51.56205368041992,-4.972995281219482,0,4.042984962463379
0.1151999980211258,0.10000012069940567,0.00000010403913819345689,0.011933797970414162,-0.0011353233130648732,0.0000025620254291425226,0.04162953048944473,76.8927001953125,76.89289093017578,-6.549238204956055,0,4.042984962463379
0.11520499736070633,0.10000018030405045,0.00000009860728056310109,0.011823384091258049,-0.0010863718343898654,0.000002753495664364891,0.03829403221607208,94.62650299072266,94.62689971923828,-7.734673976898193,0,4.042984962463379
0.11520999670028687,0.10000023990869522,0.00000009347662910386134,0.01159786619246006,-0.001026130630634725,0.0000029252696549519897,0.0343547984957695,102.83949279785156,102.84010314941406,-8.432533264160156,0,4.042984962463379
0.1152149960398674,0.10000029951334,0.00000008867332468298628,0.011254988610744476,-0.0009606609819456935,0.0000030755704756302293,0.030060144141316414,100.68233489990234,100.68318176269531,-8.599654197692871,0,4.042984962463379
0.11521999537944794,0.10000035166740417,0.00000008419050345764845,0.010793207213282585,-0.0008965645683929324,0.000003203972255505505,0.02568037621676922,88.3263931274414,88.32743835449219,-8.243748664855957,0,4.042984962463379
0.11522499471902847,0.10000040382146835,0.00000007998882978199617,0.010235462337732315,-0.0008403342217206955,0.000003311381533421809,0.021481869742274284,66.94764709472656,66.94889831542969,-7.422598838806152,0,4.042984962463379
0.11522999405860901,0.10000044852495193,0.00000007600026208365307,0.009581390768289566,-0.0007977139903232455,0.0000033998894650721923,0.01770157180726528,38.61030960083008,38.61174392700195,-6.238271713256836,0,4.042984962463379
0.11523499339818954,0.10000049322843552,0.00000007213458985688703,0.008854767307639122,-0.0007731339428573847,0.000003472511707514059,0.014524446800351143,6.061214923858643,6.062832832336426,-4.826907634735107,0,4.042984962463379
0.11524000018835068,0.1000005304813385,0.00000006828821597082424,0.00805569626390934,-0.0007692752406001091,0.0000035328423564351397,0.012066122144460678,27.54376983642578,-27.54201316833496,-3.345127582550049,0,4.042984962463379
0.11524499952793121,0.10000056773424149,0.00000006435416821659601,0.007208040915429592,-0.0007868101820349693,0.0000035846546779794153,0.01036246307194233,58.954254150390625,-58.952354431152344,-1.9544153213500977,0,4.042984962463379
0.11524999886751175,0.10000059753656387,0.00000006023245902042618,0.0063116056844592094,-0.0008243416668847203,0.000003631490017141914,0.009367087855935097,85.14842224121094,-85.14643859863281,-0.8050523996353149,0,4.042984962463379
0.11525499820709229,0.10000062733888626,0.000000055839713297700655,0.005389577709138393,-0.0008785488316789269,0.0000036762753552466165,0.00895707868039608,103.63299560546875,-103.63092803955078,-0.021217534318566322,0,4.042984962463379
0.11525999754667282,0.10000064969062805,0.00000005111709455718483,0.00444073136895895,-0.0009445236064493656,0.000003721006805790239,0.008946273475885391,112.68891906738281,-112.68683624267578,0.31125038862228394,0,4.042984962463379
0.11526499688625336,0.10000066459178925,0.00000004603577608008891,0.003486903151497245,-0.0010162636172026396,0.000003766530653592781,0.009104792028665543,111.53913879394531,-111.53709411621094,0.15321113169193268,0,4.042984962463379
0.11526999622583389,0.10000067949295044,0.00000004059941716150206,0.002548954216763377,-0.0010872716084122658,0.000003812444674622384,0.009182821959257126,100.42095184326172,-100.41896057128906,-0.4841432571411133,0,4.042984962463379
0.11527499556541443,0.10000068694353104,0.000000034843409935092495,0.0016227697487920523,-0.0011512015480548143,0.000003857126102957409,0.00893625058233738,80.5561294555664,-80.55423736572266,-1.5407133102416992,0,4.042984962463379
0.11527999490499496,0.10000068694353104,0.000000028830985598915504,0.0007268215995281935,-0.0012024850584566593,0.00000389788374377531,0.008151572197675705,54.02231216430664,-54.02056884765625,-2.9138309955596924,0,4.042984962463379
0.1152849942445755,0.10000068694353104,0.00000002264660281525721,-0.0001217582612298429,-0.001236876705661416,0.0000039312217268161476,0.00666757021099329,23.538747787475586,-23.53713607788086,-4.468847274780273,0,4.042984962463379
0.11528999358415604,0.10000067949295044,0.000000016387293300113015,-0.0009310617460869253,-0.0012518619187176228,0.000003953179657401051,0.004391605034470558,7.811911106109619,7.813358783721924,-6.052884101867676,0,4.042984962463379
0.11529500037431717,0.10000067204236984,0.000000010152850116185164,-0.0016867148224264383,-0.001246888656169176,0.0000039597239265276585,0.001308896578848362,36.89670944213867,36.898014068603516,-7.510351657867432,0,4.042984962463379
0.1152999997138977,0.10000065714120865,0.000000004035852541051099,-0.0023993898648768663,-0.0012233995366841555,0.0000039471433410653844,-0.002516093896701932,60.849395751953125,60.85054397583008,-8.698649406433105,0,4.042984962463379
0.11530499905347824,0.10000064224004745,-0.0000000018874555252068603,-0.003057033522054553,-0.001184661639854312,0.000003912412012141431,-0.006946279667317867,77.35836029052734,77.35938262939453,-9.502460479736328,0,4.042984962463379
0.11530999839305878,0.10000062733888626,-0.000000007564524118208737,-0.003672305727377534,-0.0011354137677699327,0.0000038534826671821065,-0.011785843409597874,84.89712524414063,84.89804077148438,-9.845198631286621,0,4.042984962463379
0.11531499773263931,0.10000060498714447,-0.000000012971357321589494,-0.004258459899574518,-0.0010813665576279163,0.000003769482873394736,-0.016799962148070335,82.8735122680664,82.87432098388672,-9.696441650390625,0,4.042984962463379
0.11531999707221985,0.10000058263540268,-0.000000018114395317070375,-0.0048052058555185795,-0.0010286075994372368,0.0000036607912079489324,-0.021738318726420403,71.6829605102539,71.68368530273438,-9.074637413024902,0,4.042984962463379
0.11532499641180038,0.10000055283308029,-0.000000023029258500173455,-0.005326090846210718,-0.0009829727932810783,0.0000035289913284941576,-0.02635999210178852,52.66086959838867,52.6614990234375,-8.044795036315918,0,4.042984962463379
0.11532999575138092,0.1000005230307579,-0.00000002777649754648337,-0.0058106365613639355,-0.0009494478581473231,0.0000033767055356292985,-0.03045717254281044,27.938871383666992,27.939428329467773,-6.7114458084106445,0,4.042984962463379
0.11533499509096146,0.10000049322843552,-0.00000003243480506398555,-0.006271729711443186,-0.0009316614596173167,0.000003207329200449749,-0.03387528285384178,0.22047053277492523,0.220973938703537,-5.207587242126465,0,4.042984962463379
0.11533999443054199,0.10000045597553253,-0.00000003709240914417933,-0.00672149145975709,-0.0009315210627391934,0.0000030246917503973236,-0.03652748838067055,27.50119400024414,-27.500757217407227,-3.680769920349121,0,4.042984962463379
0.11534499377012253,0.10000041872262955,-0.00000004183755208941875,-0.007147178519517183,-0.000949028879404068,0.000002832681275322102,-0.03840209171175957,52.254268646240234,-52.25387954711914,-2.2777609825134277,0,4.042984962463379
0.11535000056028366,0.10000038146972656,-0.000000046749025983672254,-0.007558643352240324,-0.000982295023277402,0.0000026348704977863235,-0.03956214711070061,71.39576721191406,-71.39542388916016,-1.1293511390686035,0,4.042984962463379
0.1153549998998642,0.10000034421682358,-0.00000005188775986653127,-0.0079643027856946,-0.001027747057378292,0.000002434183898003539,-0.04013732448220253,82.88439178466797,-82.88409423828125,-0.3368806838989258,0,4.042984962463379
0.11535999923944473,0.10000029951334,-0.000000057290325372605366,-0.008370871655642986,-0.0010805130004882813,0.0000022326394173433073,-0.04030889645218849,85.49070739746094,-85.490478515625,0.0381498783826828,0,4.042984962463379
0.11536499857902527,0.10000025480985641,-0.00000006296501453562087,-0.008759432472288609,-0.0011349380947649479,0.0000020311920252424898,-0.040289465337991714,78.923095703125,-78.92292785644531,-0.01969221420586109,0,4.042984962463379
0.1153699979186058,0.10000021010637283,-0.00000006889092674100539,-0.009133093990385532,-0.0011851820163428783,0.0000018296946109330747,-0.040299493819475174,63.85654830932617,-63.85643768310547,-0.47832950949668884,0,4.042984962463379
0.11537499725818634,0.10000016540288925,-0.00000007502009680138144,-0.009493171237409115,-0.001225834246724844,0.0000016269790421574726,-0.04054310545325279,41.86161804199219,-41.86156463623047,-1.2616709470748901,0,4.042984962463379
0.11537999659776688,0.10000011324882507,-0.00000008128251494099459,-0.009839150123298168,-0.0012524842750281096,0.0000014210506833478576,-0.041185665875673294,15.24073600769043,-15.24073600769043,-2.2576792240142822,0,4.042984962463379
0.11538499593734741,0.1000000610947609,-0.00000008759344893860543,-0.010144981555640697,-0.0012621867936104536,0.0000012093731811546604,-0.04233549162745476,13.21120834350586,13.21116828918457,-3.330173969268799,0,4.042984962463379
0.11538999527692795,0.10000000894069672,-0.000000093862333017114,-0.010406971909105778,-0.0012537762522697449,0.0000009892155503621325,-0.0440315343439579,40.43682861328125,40.43675994873047,-4.330636024475098,0,4.042984962463379
0.11539499461650848,0.09999995678663254,-0.00000010000250227903962,-0.010620099492371082,-0.0012280333321541548,0.0000007580300120935135,-0.04623710736632347,63.53908920288086,63.53901290893555,-5.118256568908691,0,4.042984962463379
0.11539999395608902,0.09999990463256836,-0.00000010594041555123113,-0.010778072290122509,-0.0011875831987708807,0.0000005138109600011376,-0.04884381219744682,80.04557037353516,80.0455093383789,-5.573246955871582,0,4.042984962463379
0.11540500074625015,0.09999985247850418,-0.00000011162353530380642,-0.010873534716665745,-0.0011366247199475765,0.00000025539975467836484,-0.0516822449862957,88.17001342773438,88.16999053955078,-5.609702110290527,0,4.042984962463379
0.11541000008583069,0.09999980032444,-0.00000011702600488661119,-0.010898313485085964,-0.0010804939083755016,-0.000000017296457599513815,-0.05453924462199211,87.02666473388672,87.02672576904297,-5.186143398284912,0,4.042984962463379
0.11541499942541122,0.09999974817037582,-0.00000012215146227845253,-0.010838230140507221,-0.0010250909253954887,-0.000000303199101381324,-0.05718052759766579,75.59388732910156,75.59404754638672,-4.253580093383789,0,4.042984962463379
0.11541999876499176,0.09999969601631165,-0.00000012703628726740135,-0.010681035928428173,-0.0009769664611667395,-0.0000005999334007356083,-0.05934685841202736,55.26812744140625,55.26844787597656,-2.8831660747528076,0,4.042984962463379
0.1154249981045723,0.09999964386224747,-0.00000013174519608583068,-0.01041716244071722,-0.0009417816763743758,-0.0000009040095960699546,-0.0608152411878109,28.33901023864746,28.339529037475586,-1.18997061252594,0,4.042984962463379
0.11542999744415283,0.09999959170818329,-0.00000013636389439852792,-0.01003758143633604,-0.0009237404447048903,-0.0000012111160003769328,-0.061421286314725876,2.1240358352661133,-2.123283863067627,0.6725994348526001,0,4.042984962463379
0.11543499678373337,0.09999954700469971,-0.0000001409893570780696,-0.009534117765724659,-0.0009250926086679101,-0.000001516509655630216,-0.06107873097062111,32.61475372314453,-32.6137580871582,2.529803991317749,0,4.042984962463379
0.1154399961233139,0.09999950230121613,-0.0000001457186300513058,-0.00892582256346941,-0.0009458557469770312,-0.0000018154612462240038,-0.05979030951857567,59.58409881591797,-59.582820892333984,4.205086708068848,0,4.042984962463379
0.11544499546289444,0.09999945759773254,-0.00000015063757530242583,-0.008206593804061413,-0.0009837881661951542,-0.0000021037046735727927,-0.0576486773788929,79.84076690673828,-79.83915710449219,5.53990364074707,0,4.042984962463379
0.11544999480247498,0.09999942034482956,-0.0000001558106532684178,-0.0073714712634682655,-0.0010346162598580122,-0.000002377840701228706,-0.05482722446322441,90.91373443603516,-90.91178894042969,6.411656379699707,0,4.042984962463379
0.11545499414205551,0.09999939054250717,-0.00000016127312107983016,-0.006442899815738201,-0.0010924937669187784,-0.0000026356497073720675,-0.05156179144978523,91.3358383178711,-91.33357238769531,6.747688293457031,0,4.042984962463379
0.11545999348163605,0.09999936074018478,-0.00000016702631455700612,-0.00544431246817112,-0.0011506399605423212,-0.0000028762758574885083,-0.04812522232532501,80.8162841796875,-80.81367492675781,6.533779144287109,0,4.042984962463379
0.11546500027179718,0.099999338388443,-0.00000017303676713709137,-0.004373680800199509,-0.0012020892463624477,-0.0000031002639389043907,-0.04479759931564331,60.282264709472656,-60.27935028076172,5.816144943237305,0,4.042984962463379
0.11546999961137772,0.0999993234872818,-0.0000001792390946775413,-0.003255758434534073,-0.001240466022863984,-0.0000033094413538492518,-0.04183546453714371,31.784969329833984,-31.781787872314453,4.696707725524902,0,4.042984962463379
0.11547499895095825,0.0999993160367012,-0.00000018554260350356344,-0.002115584909915924,-0.0012607008684426546,-0.0000035066586860921234,-0.039443448185920715,1.7203798294067383,1.7237558364868164,3.3221311569213867,0,4.042984962463379
0.11547999829053879,0.0999993085861206,-0.00000019184062693966553,-0.000978065188974142,-0.0012596056330949068,-0.0000036954161259927787,-0.03775150328874588,36.69599151611328,36.699562072753906,1.867821455001831,0,4.042984962463379
0.11548499763011932,0.0999993085861206,-0.00000019802185136086337,0.00015853240620344877,-0.0012362443376332521,-0.0000038794173633505125,-0.03680022805929184,69.40958404541016,69.41326141357422,0.5186507105827332,0,4.042984962463379
0.11548999696969986,0.0999993160367012,-0.00000020398213962380396,0.0012703411048278213,-0.0011920568067580462,-0.000004062097559653921,-0.0365360826253891,96.3450927734375,96.3487777709961,-0.5514489412307739,0,4.042984962463379
0.1154949963092804,0.0999993309378624,-0.00000020963574343113578,0.0023343623615801334,-0.0011307215318083763,-0.000004246182015776867,-0.03681693226099014,114.59133911132813,114.59490966796875,-1.1987770795822144,0,4.042984962463379
0.11549999564886093,0.09999934583902359,-0.0000002149245972304925,0.003328814171254635,-0.001057770336046815,-0.000004433319190866314,-0.03742746263742447,122.16476440429688,122.1682357788086,-1.325879454612732,0,4.042984962463379
0.11550499498844147,0.09999936819076538,-0.00000021982458520142245,0.004259523935616016,-0.0009799979161471128,-0.000004623832865036093,-0.038102731108665466,118.23115539550781,118.23441314697266,-0.8925178050994873,0,4.042984962463379
0.115509994328022,0.09999939054250717,-0.0000002243482271069297,0.005107550881803036,-0.0009047295898199081,-0.000004816619366465602,-0.03855728358030319,103.20011901855469,103.20316314697266,0.07964065670967102,0,4.042984962463379
0.11551499366760254,0.09999942034482956,-0.00000022854338510569505,0.005881565622985363,-0.0008390303701162338,-0.000005009203050576616,-0.03851672261953354,78.68342590332031,78.68617248535156,1.5091432332992554,0,4.042984962463379
0.11552000045776367,0.09999945014715195,-0.00000023248807679010497,0.00656537339091301,-0.0007889389526098967,-0.000005197943664825289,-0.03774812072515488,47.32005310058594,47.32251739501953,3.263444662094116,0,4.042984962463379
0.11552499979734421,0.09999948740005493,-0.00000023628214762538846,0.007170198485255241,-0.0007588140433654189,-0.000005378373771236511,-0.0360860601067543,12.488630294799805,12.490747451782227,5.173241138458252,0,4.042984962463379
0.11552999913692474,0.09999952465295792,-0.0000002400364564891788,0.007682116702198982,-0.0007508635753765702,-0.000005545630301639903,-0.033451348543167114,22.06229591369629,-22.06048583984375,7.0508341789245605,0,4.042984962463379
0.11553499847650528,0.0999995619058609,-0.0000002438609953969717,0.00811425969004631,-0.0007649088511243463,-0.0000056949320423882455,-0.02986038662493229,52.623939514160156,-52.62239074707031,8.710527420043945,0,4.042984962463379
0.11553999781608582,0.09999960660934448,-0.0000002478530518601474,0.008480269461870193,-0.0007984102703630924,-0.000005822053026349749,-0.025424150750041008,75.93251037597656,-75.93126678466797,9.988777160644531,0,4.042984962463379
0.11554499715566635,0.09999965131282806,-0.00000025208680654031923,0.008767731487751007,-0.000846750452183187,-0.000005923737717239419,-0.020336909219622612,89.39231872558594,-89.391357421875,10.755258560180664,0,4.042984962463379
0.11554999649524689,0.09999969601631165,-0.00000025660509095359885,0.008990330621600151,-0.0009036593837663531,-0.0000059980343394272495,-0.014859301969408989,87.97291564941406,-87.97216796875,10.757669448852539,0,4.042984962463379
0.11555499583482742,0.09999974071979523,-0.00000026140341446989623,0.009161282330751419,-0.0009596646996214986,-0.0000060449365264503285,-0.009380465373396873,77.55108642578125,-77.55049896240234,10.288838386535645,0,4.042984962463379
0.11555999517440796,0.09999978542327881,-0.0000002664485805325967,0.00929286889731884,-0.0010090352734550834,-0.000006065638444852084,-0.004140403121709824,59.13698196411133,-59.13651657104492,9.398070335388184,0,4.042984962463379
0.1155649945139885,0.09999983012676239,-0.0000002716819835768547,0.009396011009812355,-0.0010466830572113395,-0.000006062408374418737,0.0006459945579990745,33.55430603027344,-33.553924560546875,8.12524700164795,0,4.042984962463379
0.11556999385356903,0.09999987483024597,-0.00000027702219540515216,0.009479885920882225,-0.0010680443374440074,-0.000006038487754267408,0.0047841486521065235,3.265476703643799,-3.2651443481445313,6.592211723327637,0,4.042984962463379
0.11557500064373016,0.09999991953372955,-0.00000028237280957910116,0.009551603347063065,-0.0010701232822611928,-0.000005997780135658104,0.0081415344029665,28.385948181152344,28.38625144958496,4.96503210067749,0,4.042984962463379
0.1155799999833107,0.09999996423721313,-0.0000002876330711387709,0.009615961462259293,-0.0010520521318539977,-0.000005944429176452104,0.01067020371556282,57.940101623535156,57.94038391113281,3.4159083366394043,0,4.042984962463379
0.11558499932289124,0.10000000894069672,-0.00000029270890422594675,0.009675271809101105,-0.0010151664027944207,-0.000005882379809918348,0.012409910559654236,80.53663635253906,80.53689575195313,2.1871984004974365,0,4.042984962463379
0.11558999866247177,0.1000000610947609,-0.00000029752837349406036,0.009729286655783653,-0.0009638952324166894,-0.000005814760697830934,0.01352384127676487,93.05224609375,93.0523452758789,1.4349404573440552,0,4.042984962463379
0.11559499800205231,0.10000011324882507,-0.00000030205166012819973,0.009749282151460648,-0.000904656364582479,-0.000005743487236031797,0.014254650101065636,98.34886932373047,98.34878540039063,1.0169636011123657,0,4.042984962463379
0.11559999734163284,0.10000016540288925,-0.0000003062618816329632,0.009732527658343315,-0.0008420455269515514,-0.000005669624442816712,0.014772584661841393,96.46344757080078,96.46317291259766,0.9329947233200073,0,4.042984962463379
0.11560499668121338,0.10000021010637283,-0.00000031016506341075,0.009675335139036179,-0.0007806350477039814,-0.000005593385594693245,0.015247754752635956,86.3278579711914,86.32746124267578,1.2386083602905273,0,4.042984962463379
0.11560999602079391,0.10000025480985641,-0.00000031379343568005424,0.009594559669494629,-0.000725677004083991,-0.00000551399261894403,0.015878573060035706,69.14248657226563,69.14193725585938,1.8764722347259521,0,4.042984962463379
0.11561499536037445,0.10000029951334,-0.00000031720173865323886,0.009481826797127724,-0.0006816595559939742,-0.0000054298211580317,0.016834251582622528,46.818267822265625,46.81752014160156,2.7540946006774902,0,4.042984962463379
0.11561999469995499,0.10000034421682358,-0.00000032046099818217044,0.009327514097094536,-0.0006518540903925896,-0.000005338636583473999,0.018236901611089706,21.774612426757813,21.77362060546875,3.753767251968384,0,4.042984962463379
0.11562499403953552,0.10000038892030716,-0.0000003236509655835107,0.009121058508753777,-0.0006379919359460473,-0.0000052378932196006645,0.020148679614067078,3.3139235973358154,-3.315208911895752,4.745043754577637,0,4.042984962463379
0.11562999337911606,0.10000043362379074,-0.00000032685147743904963,0.008851289749145508,-0.000640101614408195,-0.000005125066763866926,0.022565308958292007,25.79606056213379,-25.797687530517578,5.598464488983154,0,4.042984962463379
0.11563500016927719,0.10000047832727432,-0.000000330134099613133,0.008506791666150093,-0.0006565238581970334,-0.000004997983978682896,0.025416582822799683,43.31861877441406,-43.32062911987305,6.199119567871094,0,4.042984962463379
0.11563999950885773,0.10000051558017731,-0.00000033355459549966326,0.00807625986635685,-0.0006841013673692942,-0.000004855115093960194,0.028573770076036453,54.06971740722656,-54.07204818725586,6.458646774291992,0,4.042984962463379
0.11564499884843826,0.10000055283308029,-0.00000033714721325850405,0.00757257966324687,-0.0007185231661424041,-0.000004695799361797981,0.03186313062906265,56.96488571166992,-56.96757125854492,6.324440956115723,0,4.042984962463379
0.1156499981880188,0.10000059008598328,-0.0000003409211615235108,0.0069853621535003185,-0.0007547881687059999,-0.000004520378752204124,0.03508414328098297,51.758060455322266,-51.761138916015625,5.785125255584717,0,4.042984962463379
0.11565499752759933,0.10000061988830566,-0.0000003448598420163762,0.006304990965873003,-0.0007877383613958955,-0.000004330226147430949,0.038030482828617096,39.06526565551758,-39.068660736083984,4.871729850769043,0,4.042984962463379
0.11565999686717987,0.10000064969062805,-0.00000034892289590970904,0.005546642001718283,-0.0008126080501824617,-0.000004127668034925591,0.040511637926101685,20.298599243164063,-20.302339553833008,3.654463291168213,0,4.042984962463379
0.1156649962067604,0.10000067204236984,-0.0000003530505523485772,0.0047027491964399815,-0.000825530500151217,-0.000003915803972631693,0.04237283766269684,2.4815351963043213,2.4775404930114746,2.235402822494507,0,4.042984962463379
0.11566999554634094,0.10000069439411163,-0.0000003571703075522237,0.003790674265474081,-0.0008239507442340255,-0.000003698247382999398,0.04351131618022919,26.782428741455078,26.77816390991211,0.737872302532196,0,4.042984962463379
0.11567499488592148,0.10000070929527283,-0.00000036120479762757896,0.0028051016852259636,-0.0008069005561992526,-0.00000347881177731324,0.04388710856437683,49.93918228149414,49.93473434448242,-0.706406831741333,0,4.042984962463379
0.11567999422550201,0.10000071674585342,-0.00000036508032508209,0.0017656385898590088,-0.0007751082303002477,-0.0000032611751521471888,0.04352733492851257,69.3938217163086,69.3893051147461,-1.9710599184036255,0,4.042984962463379
0.11568499356508255,0.10000071674585342,-0.00000036873498743261734,0.0006928530056029558,-0.0007309307111427188,-0.000003048557800866547,0.04252348095178604,82.9636459350586,82.95915222167969,-2.9482836723327637,0,4.042984962463379
0.11569000035524368,0.10000071674585342,-0.0000003721255552591174,-0.00039200426544994116,-0.0006781143601983786,-0.0000028434481009753654,0.041021935641765594,89.07145690917969,89.06697845458984,-3.56017804145813,0,4.042984962463379
0.11569499969482422,0.10000070929527283,-0.00000037523261653404916,-0.001491013914346695,-0.0006214097375050187,-0.0000026474042442714563,0.039208754897117615,86.9135971069336,86.90924072265625,-3.7670223712921143,0,4.042984962463379
0.11569999903440475,0.10000069439411163,-0.00000037806302088938537,-0.002582089975476265,-0.0005660788156092167,-0.0000024609530555608217,0.03729022294282913,76.54916381835938,76.54501342773438,-3.57161808013916,0,4.042984962463379
0.11570499837398529,0.10000067949295044,-0.0000003806497375080653,-0.003643022384494543,-0.0005173460813239217,-0.000002283597041241592,0.03547121584415436,58.90011978149414,58.89616012573242,-3.0192532539367676,0,4.042984962463379
0.11570999771356583,0.10000065714120865,-0.0000003830489845313423,-0.004675521049648523,-0.0004798490845132619,-0.0000021139294403837994,0.03393352031707764,35.662052154541016,35.65837860107422,-2.1932601928710938,0,4.042984962463379
0.11571499705314636,0.10000062733888626,-0.00000038533471524715424,-0.005657729227095842,-0.00045714594307355583,-0.0000019498470464895945,0.03281649947166443,9.135398864746094,9.132068634033203,-1.206621527671814,0,4.042984962463379
0.1157199963927269,0.10000059753656387,-0.0000003875913705542189,-0.00656826002523303,-0.00045133018284104764,-0.000001788837153071654,0.03220197558403015,18.006967544555664,-18.009979248046875,-0.19045794010162354,0,4.042984962463379
0.11572499573230743,0.10000056028366089,-0.00000038990535244920466,-0.007410213816910982,-0.00046279377420432866,-0.000001628312247703434,0.0321049764752388,42.99187088012695,-42.9945068359375,0.7194284200668335,0,4.042984962463379
0.11572999507188797,0.1000005230307579,-0.0000003923561564533884,-0.00816364772617817,-0.0004901632200926542,-0.0000014659553926321678,0.03247138112783432,63.22933578491211,-63.23163604736328,1.3965873718261719,0,4.042984962463379
0.1157349944114685,0.10000047832727432,-0.00000039500824300375825,-0.0088332649320364,-0.0005304162623360753,-0.0000013000420722164563,0.03318265825510025,76.5797348022461,-76.58164978027344,1.7370963096618652,0,4.042984962463379
0.11573999375104904,0.10000043362379074,-0.00000039790407413420326,-0.009400835260748863,-0.0005791684379801154,-0.0000011297053106318344,0.03406735509634018,81.5759506225586,-81.57752227783203,1.6705313920974731,0,4.042984962463379
0.11574500054121017,0.10000038146972656,-0.00000040105959442371386,-0.00987282581627369,-0.000631101313047111,-0.0000009551145012665074,0.034918151795864105,77.57894897460938,-77.58013916015625,1.1675974130630493,0,4.042984962463379
0.11574999988079071,0.10000032931566238,-0.0000004044620425247558,-0.010232767090201378,-0.0006804895820096135,-0.0000007775504968776659,0.03551280498504639,64.8494873046875,-64.85032653808594,0.24362856149673462,0,4.042984962463379
0.11575499922037125,0.1000002771615982,-0.0000004080709175013908,-0.010488828644156456,-0.0007217740640044212,-0.0000005993660465719586,0.035636886954307556,44.52941131591797,-44.529937744140625,-1.0424138307571411,0,4.042984962463379
0.11575999855995178,0.10000022500753403,-0.0000004118215315429552,-0.010649845004081726,-0.0007501223590224981,-0.00000042383612708363216,0.03510598838329315,18.533329010009766,-18.5335750579834,-2.5933761596679688,0,4.042984962463379
0.11576499789953232,0.10000017285346985,-0.0000004156311490532971,-0.010725034400820732,-0.000761921051889658,-0.0000002549101623117167,0.03378519415855408,10.742926597595215,10.742932319641113,-4.288464546203613,0,4.042984962463379
0.11576999723911285,0.10000012069940567,-0.00000041940654682548484,-0.010723570361733437,-0.0007550818845629692,-0.0000000969046993759548,0.03160109370946884,43.19110107421875,43.19134521484375,-6.121632099151611,0,4.042984962463379
0.11577499657869339,0.10000006854534149,-0.0000004230444687891577,-0.010647948831319809,-0.0007275856332853436,0.00000004551215226911154,0.028483372181653976,72.50465393066406,72.50511169433594,-7.777201175689697,0,4.042984962463379
0.11577999591827393,0.10000001639127731,-0.00000042645160647225566,-0.010507754981517792,-0.0006814277730882168,0.00000016812452940939693,0.02452247589826584,95.50726318359375,95.50789642333984,-9.096195220947266,0,4.042984962463379
0.11578499525785446,0.09999996423721313,-0.00000042955474555128603,-0.010311827063560486,-0.000620625913143158,0.0000002675736254786898,0.019889820367097855,109.68830108642578,109.68909454345703,-9.953011512756348,0,4.042984962463379
0.115789994597435,0.09999991208314896,-0.0000004323087239299639,-0.010067958384752274,-0.0005507961614057422,0.0000003416775768982916,0.014820792712271214,113.47900390625,113.47991943359375,-10.269143104553223,0,4.042984962463379
0.11579499393701553,0.09999985992908478,-0.00000043470149080349074,-0.009782640263438225,-0.0004785532073583454,0.000000389631395592005,0.009590760804712772,106.42782592773438,106.42886352539063,-10.021879196166992,0,4.042984962463379
0.11580000072717667,0.0999998152256012,-0.0000004367554993223166,-0.00946083664894104,-0.00041079914080910385,0.00000041206470768884174,0.004486659541726112,89.24107360839844,89.24213409423828,-9.246378898620605,0,4.042984962463379
0.1158050000667572,0.09999977052211761,-0.0000004385254328553856,-0.00913168489933014,-0.0003539864846970886,0.0000004109522819817357,-0.00022248271852731705,63.71859359741211,63.71966552734375,-8.032395362854004,0,4.042984962463379
0.11580999940633774,0.09999972581863403,-0.0000004400925490699592,-0.00879574567079544,-0.00031342197326011956,0.000000389385547805432,-0.004313347861170769,32.55885314941406,32.55994415283203,-6.514557361602783,0,4.042984962463379
0.11581499874591827,0.09999968111515045,-0.00000044155601131024014,-0.008451081812381744,-0.00029269434162415564,0.00000035122963026879006,-0.007631184533238411,0.9350333213806152,-0.9339077472686768,-4.8577470779418945,0,4.042984962463379
0.11581999808549881,0.09999964386224747,-0.00000044302245783001126,-0.008093319833278656,-0.00029328963137231767,0.0000003007035616064968,-0.010105215013027191,33.21526336669922,-33.21416473388672,-3.2391865253448486,0,4.042984962463379
0.11582499742507935,0.09999960660934448,-0.0000004445946331088635,-0.007741892244666815,-0.00031443513580597937,0.00000024192897285502113,-0.011754918843507767,60.8760871887207,-60.87498474121094,-1.8292045593261719,0,4.042984962463379
0.11582999676465988,0.0999995693564415,-0.0000004463605876026122,-0.007387637626379728,-0.0003531900292728096,0.00000017849635014499654,-0.012686524540185928,81.02372741699219,-81.02259063720703,-0.7728135585784912,0,4.042984962463379
0.11583499610424042,0.09999953210353851,-0.0000004483844406877324,-0.0070192101411521435,-0.0004047713300678879,0.00000011309577985230135,-0.013080114498734474,91.58956146240234,-91.58832550048828,-0.17411211133003235,0,4.042984962463379
0.11583999544382095,0.09999950230121613,-0.0000004506998436681897,-0.006623478140681982,-0.00046307904995046556,0.00000004725183089249185,-0.013168789446353912,91.55140686035156,-91.55010223388672,-0.08523789048194885,0,4.042984962463379
0.11584499478340149,0.09999947249889374,-0.00000045330665443543694,-0.006212069187313318,-0.0005213624681346118,-0.00000001880916755681028,-0.013212200254201889,81.03936767578125,-81.03793334960938,-0.5010672211647034,0,4.042984962463379
0.11584999412298203,0.09999944269657135,-0.0000004561714206374745,-0.0057692439295351505,-0.0005729537806473672,-0.00000008614612312385361,-0.013467391952872276,61.31395721435547,-61.31234359741211,-1.3602313995361328,0,4.042984962463379
0.11585499346256256,0.09999941289424896,-0.00000045923135871817067,-0.0052785384468734264,-0.000611987488809973,-0.00000015694688215717179,-0.014160152524709702,34.620079040527344,-34.618202209472656,-2.5523202419281006,0,4.042984962463379
0.1158600002527237,0.09999939054250717,-0.0000004624014877663285,-0.004723337013274431,-0.0006340273539535701,-0.00000023424706796504324,-0.015460038557648659,3.9328956604003906,-3.930778980255127,-3.93044114112854,0,4.042984962463379
0.11586499959230423,0.09999936819076538,-0.00000046558415078834514,-0.0041135442443192005,-0.000636531098280102,-0.0000003215560582248145,-0.01746179722249508,27.375120162963867,27.377548217773438,-5.327732086181641,0,4.042984962463379
0.11586999893188477,0.09999935328960419,-0.00000046867967284924816,-0.003433516249060631,-0.000619103608187288,-0.0000004224320093726419,-0.020175188779830933,55.90990447998047,55.912620544433594,-6.575969696044922,0,4.042984962463379
0.1158749982714653,0.099999338388443,-0.000000471597218165698,-0.002694787923246622,-0.0005835102056153119,-0.0000005400535201260936,-0.02352430298924446,78.63088989257813,78.63395690917969,-7.5242109298706055,0,4.042984962463379
0.11587999761104584,0.0999993309378624,-0.0000004742644819089037,-0.001883947174064815,-0.000533452199306339,-0.0000006768352704966674,-0.027356352657079697,93.18524169921875,93.18862915039063,-8.055375099182129,0,4.042984962463379
0.11588499695062637,0.0999993234872818,-0.0000004766351366924937,-0.0010152814211323857,-0.0004741286102216691,-0.0000008341298780578654,-0.03145892173051834,98.16268157958984,98.16641998291016,-8.098952293395996,0,4.042984962463379
0.11588999629020691,0.0999993234872818,-0.0000004786933232026058,-0.00007855880539864302,-0.00041163628338836133,-0.0000010120483011633041,-0.03558368235826492,93.2442855834961,93.24832153320313,-7.638426780700684,0,4.042984962463379
0.11589499562978745,0.0999993309378624,-0.0000004804546733794268,0.0009084391640499234,-0.00035227512125857174,-0.0000012094177463950473,-0.03947389870882034,79.22769927978516,79.23197937011719,-6.712613105773926,0,4.042984962463379
0.11589999496936798,0.099999338388443,-0.0000004819638661501813,0.0019261703127995133,-0.0003018371935468167,-0.0000014238808034860995,-0.04289260506629944,57.92747116088867,57.932003021240234,-5.410790920257568,0,4.042984962463379
0.11590499430894852,0.09999935328960419,-0.0000004832886588701513,0.0029796473681926727,-0.00026495943893678486,-0.0000016521222505616606,-0.045648299157619476,31.9619140625,31.966602325439453,-3.86220645904541,0,4.042984962463379
0.11590999364852905,0.09999937564134598,-0.0000004845117018703604,0.0040460871532559395,-0.000244611845118925,-0.0000018901987459685188,-0.047615304589271545,4.450286865234375,4.455026149749756,-2.2211480140686035,0,4.042984962463379
0.11591500043869019,0.09999939799308777,-0.0000004857205908592732,0.0051013389602303505,-0.00024177870363928378,-0.000002133931275238865,-0.04874652624130249,21.344694137573242,-21.33989906311035,-0.6492941975593567,0,4.042984962463379
0.11591999977827072,0.09999942779541016,-0.0000004869974077337247,0.00614636205136776,-0.0002553671656642109,-0.0000023793172658770345,-0.04907720535993576,42.38850784301758,-42.38378143310547,0.702674388885498,0,4.042984962463379
0.11592499911785126,0.09999946504831314,-0.0000004884091708845517,0.007155015133321285,-0.00028235252830199897,-0.000002622914053063141,-0.048719339072704315,56.21979522705078,-56.21526336669922,1.7121177911758423,0,4.042984962463379
0.1159299984574318,0.09999950230121613,-0.0000004899998771179526,0.008100604638457298,-0.00031814313842915,-0.000002862150950022624,-0.04784736782312393,61.22871017456055,-61.224388122558594,2.298211097717285,0,4.042984962463379
0.11593499779701233,0.09999954700469971,-0.0000004917854994346271,0.008982447907328606,-0.0003571225388441235,-0.0000030955354759498732,-0.04667689651250839,56.83747863769531,-56.83351516723633,2.430911064147949,0,4.042984962463379
0.11593999713659286,0.09999959915876389,-0.0000004937520543535356,0.009773723781108856,-0.0003933063999284059,-0.0000033227297535631806,-0.04543884098529816,43.564002990722656,-43.56053924560547,2.1341042518615723,0,4.042984962463379
0.1159449964761734,0.09999965131282806,-0.0000004958572503710457,0.010448040440678596,-0.0004210400802548975,-0.0000035444895729597192,-0.04435195028781891,22.960311889648438,-22.957380294799805,1.4825905561447144,0,4.042984962463379
0.11594999581575394,0.09999970346689224,-0.0000004980355470252107,0.01100599579513073,-0.0004356570716481656,-0.000003762473852475523,-0.04359687119722366,2.5668492317199707,2.5692310333251953,0.5932524800300598,0,4.042984962463379
0.11595499515533447,0.09999976307153702,-0.0000005002056582270598,0.011449061334133148,-0.0004340229497756809,-0.000003978947461291682,-0.04329472780227661,30.032594680786133,30.034269332885742,-0.38858798146247864,0,4.042984962463379
0.11595999449491501,0.0999998226761818,-0.0000005022801587983849,0.011753447353839874,-0.0004149035958107561,-0.000004196410827717045,-0.0434926375746727,56.21598815917969,56.21693420410156,-1.3060712814331055,0,4.042984962463379
0.11596499383449554,0.09999988228082657,-0.0000005041757162871363,0.011922653764486313,-0.0003791153721977025,-0.000004417199761519441,-0.044157810509204865,74.56529998779297,74.56552124023438,-1.8358001708984375,0,4.042984962463379
0.11597000062465668,0.09999994188547134,-0.0000005058339525021438,0.011961260810494423,-0.00033164562773890793,-0.00000464266349808895,-0.04509277641773224,85.63780212402344,85.63734436035156,-2.009597063064575,0,4.042984962463379
0.11597499996423721,0.10000000149011612,-0.0000005072195676802949,0.011882631108164787,-0.00027712693554349244,-0.0000048732449613453355,-0.04611625522375107,92.18093872070313,92.1798324584961,-1.9683501720428467,0,4.042984962463379
0.11597999930381775,0.1000000610947609,-0.0000005083117571302864,0.011695807799696922,-0.00021844272851012647,-0.000005108838649903191,-0.04711873084306717,90.6570816040039,90.65533447265625,-1.5380945205688477,0,4.042984962463379
0.11598499864339828,0.10000012069940567,-0.0000005091154093861405,0.01140662096440792,-0.0001607286394573748,-0.000005348349077394232,-0.047902077436447144,81.13873291015625,81.13636016845703,-0.7246541976928711,0,4.042984962463379
0.11598999798297882,0.10000017285346985,-0.0000005096607651466911,0.011020997539162636,-0.00010907411342486739,-0.00000558970486963517,-0.048271141946315765,64.46029663085938,64.45748138427734,0.4280647337436676,0,4.042984962463379
0.11599499732255936,0.10000022500753403,-0.0000005100009730085731,0.010568512603640556,-0.00006803740689065307,-0.000005829970632476034,-0.04805313050746918,42.30864334106445,42.305397033691406,1.8349984884262085,0,4.042984962463379
0.11599999666213989,0.1000002771615982,-0.0000005102064619677549,0.010054510086774826,-0.00004110288864467293,-0.000006065563411539188,-0.047118574380874634,16.969526290893555,16.965877532958984,3.3818204402923584,0,4.042984962463379
0.11600499600172043,0.10000032186508179,-0.0000005103579496790189,0.00948365032672882,-0.00003029975232493598,-0.000006292544640018605,-0.04539623111486435,8.904708862304688,-8.908592224121094,4.936452865600586,0,4.042984962463379
0.11600999534130096,0.10000036656856537,-0.0000005105378022562945,0.008883476257324219,-0.00003596866736188531,-0.000006506955287477467,-0.04288211464881897,32.566314697265625,-32.5704231262207,6.362503528594971,0,4.042984962463379
0.1160149946808815,0.10000041127204895,-0.0000005108212803861534,0.008256485685706139,-0.000056701028370298445,-0.000006705163741571596,-0.039641715586185455,51.455875396728516,-51.460205078125,7.533263206481934,0,4.042984962463379
0.11601999402046204,0.10000044852495193,-0.0000005112685812491691,0.007603762671351433,-0.0000894588592927903,-0.00000688418913341593,-0.035805054008960724,63.46815490722656,-63.47255325317383,8.344828605651855,0,4.042984962463379
0.11602499336004257,0.10000048577785492,-0.0000005119179036228161,0.006948662921786308,-0.00012986393994651735,-0.0000070419646363006905,-0.03155507147312164,67.17280578613281,-67.17729187011719,8.726995468139648,0,4.042984962463379
0.1160300001502037,0.10000051558017731,-0.0000005127810140947986,0.006289014592766762,-0.00017262747860513628,-0.00000717751709089498,-0.027110449969768524,61.96872329711914,-61.97316360473633,8.65080451965332,0,4.042984962463379
0.11603499948978424,0.1000005453824997,-0.000000513841428073647,0.005644618533551693,-0.00021207798272371292,-0.000007291040219570277,-0.022704631090164185,48.153564453125,-48.15800094604492,8.131945610046387,0,4.042984962463379
0.11603999882936478,0.10000056773424149,-0.0000005150550919097441,0.005009565502405167,-0.00024273348390124738,-0.000007383855518128257,-0.01856306567788124,26.903541564941406,-26.90785789489746,7.229643821716309,0,4.042984962463379
0.11604499816894531,0.10000059008598328,-0.0000005163544187780644,0.0043998537585139275,-0.0002598607970867306,-0.00000745826082493295,-0.01488103810697794,0.1625116765499115,-0.1667686253786087,6.041130542755127,0,4.042984962463379
0.11604999750852585,0.10000061243772507,-0.0000005176542572371545,0.003805827582255006,-0.00025996423210017383,-0.000007517282483604504,-0.011804315261542797,29.546295166015625,29.542020797729492,4.692220687866211,0,4.042984962463379
0.11605499684810638,0.10000062733888626,-0.00000051886001983803,0.003216199344024062,-0.00024115448468364775,-0.000007564355200884165,-0.00941458623856306,59.36884307861328,59.36463928222656,3.3249428272247314,0,4.042984962463379
0.11605999618768692,0.10000064224004745,-0.0000005198768349146121,0.0026421251241117716,-0.00020335911540314555,-0.0000076029614319850225,-0.007721207104623318,86.40423583984375,86.40000915527344,2.0834474563598633,0,4.042984962463379
0.11606499552726746,0.10000064969062805,-0.0000005206185846873268,0.0020697948057204485,-0.00014835246838629246,-0.000007636262125743087,-0.006660115905106068,107.99378204345703,107.98960876464844,1.099622368812561,0,4.042984962463379
0.11606999486684799,0.10000065714120865,-0.0000005210166023061902,0.0015083039179444313,-0.00007960149378050119,-0.000007666762940061744,-0.006100082769989967,121.98851013183594,121.98428344726563,0.47984981536865234,0,4.042984962463379
0.11607499420642853,0.10000066459178925,-0.0000005210263225308154,0.0009423095616512001,-0.0000019411963876336813,-0.000007696041393501218,-0.0058556972071528435,126.96562957763672,126.96124267578125,0.2942534387111664,0,4.042984962463379
0.11607999354600906,0.10000066459178925,-0.0000005206318860473402,0.00035623463918454945,0.00007888762775110081,-0.000007724570423306432,-0.005705835297703743,122.37355041503906,122.36907958984375,0.5695200562477112,0,4.042984962463379
0.1160850003361702,0.10000066459178925,-0.000000519847901614412,-0.00024152026162482798,0.00015679304488003254,-0.000007751649718557019,-0.0054157814010977745,108.59086608886719,108.58621978759766,1.286027193069458,0,4.042984962463379
0.11608999967575073,0.10000065714120865,-0.00000051871830919481,-0.0008658985607326031,0.00022592413006350398,-0.000007775453923386522,-0.004760812968015671,86.89132690429688,86.88656616210938,2.3795809745788574,0,4.042984962463379
0.11609499901533127,0.10000064969062805,-0.0000005173121166990313,-0.001507280394434929,0.0002812408492900431,-0.000007793198165018111,-0.0035489024594426155,59.32076644897461,59.315818786621094,3.747587203979492,0,4.042984962463379
0.1160999983549118,0.10000064224004745,-0.000000515717090365797,-0.0021788431331515312,0.0003190056304447353,-0.000007801399078743998,-0.0016402718611061573,28.495845794677734,28.490633010864258,5.25905704498291,0,4.042984962463379
0.11610499769449234,0.10000062733888626,-0.0000005140313419360609,-0.0028924262151122093,0.00033714663004502654,-0.00000779620859248098,0.001038143876940012,2.653809070587158,-2.6591782569885254,6.7674407958984375,0,4.042984962463379
0.11610999703407288,0.10000061243772507,-0.0000005123540631757351,-0.0036344374530017376,0.00033545715268701315,-0.000007773785000608768,0.004484773147851229,31.174055099487305,-31.17963409423828,8.12501335144043,0,4.042984962463379
0.11611499637365341,0.10000059008598328,-0.0000005107760330247402,-0.004413341637700796,0.0003156111342832446,-0.000007730671313765924,0.008622808381915092,54.3780403137207,-54.38370132446289,9.197361946105957,0,4.042984962463379
0.11611999571323395,0.10000056773424149,-0.0000005093710910841764,-0.005211958196014166,0.00028099300106987357,-0.000007664136319363024,0.013306986540555954,70.10962677001953,-70.11540222167969,9.876541137695313,0,4.042984962463379
0.11612499505281448,0.1000005379319191,-0.0000005081893164060602,-0.0060350620187819,0.00023635983234271407,-0.000007572451067971997,0.01833706721663475,76.95471954345703,-76.96046447753906,10.091571807861328,0,4.042984962463379
0.11612999439239502,0.10000050067901611,-0.0000005072524800198153,-0.006861800793558359,0.00018736894708126783,-0.000007455067589035025,0.02347666397690773,74.37687683105469,-74.38243865966797,9.815247535705566,0,4.042984962463379
0.11613499373197556,0.10000046342611313,-0.0000005065523964731256,-0.00766969658434391,0.0001400191686116159,-0.00000731268983145128,0.028475526720285416,62.76544952392578,-62.77083206176758,9.06656265258789,0,4.042984962463379
0.11614000052213669,0.10000041872262955,-0.0000005060521175437316,-0.008458700031042099,0.0001000614429358393,-0.0000071472245508630294,0.03309308737516403,43.39159393310547,-43.396636962890625,7.90855598449707,0,4.042984962463379
0.11614499986171722,0.10000037401914597,-0.0000005056899112787505,-0.009203759953379631,0.00007243749860208482,-0.000006961620329093421,0.03712087869644165,18.275287628173828,-18.279977798461914,6.441774845123291,0,4.042984962463379
0.11614999920129776,0.10000032186508179,-0.0000005053859126746829,-0.009902674704790115,0.00006080308594391681,-0.000006759612006135285,0.0404016450047493,10.020651817321777,10.016485214233398,4.794057369232178,0,4.042984962463379
0.1161549985408783,0.10000026971101761,-0.0000005050500249126344,-0.01052873209118843,0.00006718243093928322,-0.000006545395990542602,0.04284323751926422,38.65100860595703,38.647377014160156,3.107654094696045,0,4.042984962463379
0.11615999788045883,0.10000021755695343,-0.0000005045910711487522,-0.011078611016273499,0.00009178842446999624,-0.0000063232664615497924,0.044425949454307556,64.77428436279297,64.77120971679688,1.5250115394592285,0,4.042984962463379
0.11616499722003937,0.10000015795230865,-0.0000005039259463046619,-0.011548774316906929,0.00013302502338774502,-0.000006097253390180413,0.045202627778053284,85.83710479736328,85.83475494384766,0.1746503859758377,0,4.042984962463379
0.1161699965596199,0.10000009834766388,-0.0000005029875751461077,-0.011911865323781967,0.00018767060828395188,-0.000005870795575901866,0.04529157280921936,99.82817840576172,99.8265609741211,-0.8414444923400879,0,4.042984962463379
0.11617499589920044,0.1000000387430191,-0.0000005017314492761216,-0.012164628133177757,0.00025122318766079843,-0.000005646480531140696,0.044863030314445496,105.47483825683594,105.47395324707031,-1.4576454162597656,0,4.042984962463379
0.11617999523878098,0.09999997913837433,-0.0000005001396061743435,-0.012304302304983139,0.0003183705557603389,-0.000005425877134257462,0.044120654463768005,102.3641128540039,102.36396026611328,-1.6507455110549927,0,4.042984962463379
0.11618499457836151,0.09999991953372955,-0.0000004982219365956553,-0.012328706681728363,0.0003835375828202814,-0.000005209477421885822,0.04327993839979172,92.6921615600586,92.69277954101563,-1.526750922203064,0,4.042984962463379
0.11618999391794205,0.09999985992908478,-0.0000004960091928296606,-0.012226944789290428,0.00044254722888581455,-0.0000049969653446169104,0.042502373456954956,72.531982421875,72.53337860107422,-0.8857941031455994,0,4.042984962463379
0.11619500070810318,0.09999980032444,-0.0000004935656079396722,-0.011995570734143257,0.000488722522277385,-0.000004786709268955747,0.04205124080181122,47.04305648803711,47.045188903808594,0.01787518709897995,0,4.042984962463379
0.11620000004768372,0.09999974071979523,-0.0000004909722406409855,-0.011634467169642448,0.0005186710623092949,-0.000004576407718559494,0.04206034541130066,19.188255310058594,19.191078186035156,1.0398410558700562,0,4.042984962463379
0.11620499938726425,0.09999968856573105,-0.0000004883178235104424,-0.011144401505589485,0.000530886638443917,-0.00000436345817433903,0.042589932680130005,7.84859561920166,-7.845271110534668,2.024437189102173,0,4.042984962463379
0.11620999872684479,0.09999963641166687,-0.0000004856883606407791,-0.010553093627095222,0.000525890092831105,-0.000004145353159401566,0.043620966374874115,31.024808883666992,-31.021018981933594,2.8226208686828613,0,4.042984962463379
0.11621499806642532,0.09999958425760269,-0.000000483157691633096,-0.009862519800662994,0.0005061390693299472,-0.00000392006040783599,0.04505851864814758,47.781917572021484,-47.77770233154297,3.3089678287506104,0,4.042984962463379
0.11621999740600586,0.09999953955411911,-0.0000004807790787708655,-0.009074939414858818,0.000475720182294026,-0.0000036863416426058393,0.046743765473365784,56.332435607910156,-56.327972412109375,3.395871162414551,0,4.042984962463379
0.1162249967455864,0.09999949485063553,-0.0000004785798068951408,-0.008218897506594658,0.0004398578603286296,-0.0000034439754017512314,0.04847326874732971,55.85818862915039,-55.85350036621094,3.0433590412139893,0,4.042984962463379
0.11622999608516693,0.09999945759773254,-0.0000004765583128119033,-0.0072965072467923164,0.00040429746150039136,-0.0000031938593565428164,0.05002323538064957,46.596710205078125,-46.591949462890625,2.2634336948394775,0,4.042984962463379
0.11623499542474747,0.09999942779541016,-0.0000004746851516301831,-0.006335552781820297,0.00037463309126906097,-0.0000029379793886619154,0.05117598921060562,29.80830955505371,-29.80360984802246,1.1184639930725098,0,4.042984962463379
0.116239994764328,0.09999939799308777,-0.0000004729068621145416,-0.005362885072827339,0.0003556565206963569,-0.0000026792513381224126,0.051745615899562836,7.626328945159912,-7.621686935424805,-0.2861737310886383,0,4.042984962463379
0.11624499410390854,0.09999937564134598,-0.00000047115284473875363,-0.004377851262688637,0.00035080144880339503,-0.0000024212520202127052,0.05159986764192581,17.192127227783203,17.196598052978516,-1.814355731010437,0,4.042984962463379
0.11624999344348907,0.09999936074018478,-0.00000046934411557231215,-0.0034044915810227394,0.0003617462934926152,-0.0000021678729353880044,0.05067582428455353,41.585479736328125,41.589683532714844,-3.3149728775024414,0,4.042984962463379
0.11625500023365021,0.09999934583902359,-0.0000004674030265050533,-0.002465067431330681,0.0003882204182446003,-0.000001922935325637809,0.04898752272129059,62.54193115234375,62.545902252197266,-4.639400482177734,0,4.042984962463379
0.11625999957323074,0.099999338388443,-0.0000004652628433632344,-0.001553651294670999,0.0004280358552932739,-0.0000016898118246899685,0.046624697744846344,77.44837951660156,77.4520492553711,-5.658688545227051,0,4.042984962463379
0.11626499891281128,0.099999338388443,-0.00000046287613031381625,-0.0006885085022076964,0.000477341003715992,-0.000001471098016736505,0.04374275356531143,84.39340209960938,84.39671325683594,-6.278514385223389,0,4.042984962463379
0.11626999825239182,0.099999338388443,-0.0000004602208036885713,0.00011417199857532978,0.0005310674896463752,-0.0000012683723298323457,0.040545135736465454,82.39096069335938,82.39397430419922,-6.450196743011475,0,4.042984962463379
0.11627499759197235,0.09999934583902359,-0.00000045730320152870263,0.0008664758643135428,0.0005835192278027534,-0.0000010820720035553677,0.03726007789373398,71.49919128417969,71.50186920166016,-6.176509857177734,0,4.042984962463379
0.11627999693155289,0.09999935328960419,-0.0000004541580267414247,0.0015561651671305299,0.0006290370365604758,-0.000000911499967060081,0.03411440551280975,52.819671630859375,52.82209396362305,-5.511627674102783,0,4.042984962463379
0.11628499627113342,0.09999936074018478,-0.0000004508447091211565,0.002198825590312481,0.0006626631366088986,-0.0000007549631959591352,0.03130735456943512,28.378334045410156,28.380569458007813,-4.555177688598633,0,4.042984962463379
0.11628999561071396,0.09999937564134598,-0.00000044744106730831845,0.00281123211607337,0.000680729397572577,-0.0000006100260634411825,0.028987422585487366,0.9000811576843262,0.9021124839782715,-3.441070318222046,0,4.042984962463379
0.1162949949502945,0.09999939054250717,-0.00000044403455490282795,0.0033846753649413586,0.0006813023937866092,-0.0000004738515713142988,0.02723490074276924,26.49759864807129,-26.495697021484375,-2.3223443031311035,0,4.042984962463379
0.11629999428987503,0.09999941289424896,-0.0000004407123981309269,0.003936984110623598,0.0006644334644079208,-0.00000034359086953372753,0.026052139699459076,50.656898498535156,-50.6551513671875,-1.3537228107452393,0,4.042984962463379
0.11630499362945557,0.09999943524599075,-0.0000004375514777166245,0.00445972615852952,0.000632184324786067,-0.00000021677740846826055,0.025362692773342133,68.7395248413086,-68.73786163330078,-0.6738525629043579,0,4.042984962463379
0.1163100004196167,0.09999945759773254,-0.00000043460934762151737,0.004970221314579248,0.0005884233396500349,-0.00000009167989389879949,0.025019504129886627,78.55226135253906,-78.55061340332031,-0.38922351598739624,0,4.042984962463379
0.11631499975919724,0.09999948740005493,-0.00000043191727172597894,0.00548484968021512,0.0005384153919294477,0.000000032426470397695084,0.024821273982524872,78.80226135253906,-78.80067443847656,-0.5615962147712708,0,4.042984962463379
0.11631999909877777,0.09999951720237732,-0.0000004294760174161638,0.0059923878870904446,0.000488248304463923,0.00000015510273954078002,0.024535253643989563,69.25315856933594,-69.25157165527344,-1.2003679275512695,0,4.042984962463379
0.1163249984383583,0.09999954700469971,-0.0000004272552018846909,0.006506121251732111,0.0004441603668965399,0.00000027472231067804387,0.023923911154270172,50.7629508972168,-50.761322021484375,-2.2607717514038086,0,4.042984962463379
0.11632999777793884,0.09999958425760269,-0.0000004251959921930393,0.007037291768938303,0.00041184364818036556,0.00000038858485140735866,0.02277250960469246,25.199901580810547,-25.198287963867188,-3.6481387615203857,0,4.042984962463379
0.11633499711751938,0.09999962151050568,-0.00000042321698856540024,0.0075686159543693066,0.000395800918340683,0.0000004931574721922516,0.020914528518915176,4.7549662590026855,4.756592273712158,-5.227787017822266,0,4.042984962463379
0.11633999645709991,0.09999965876340866,-0.0000004212228361666348,0.008106609806418419,0.00039882800774648786,0.0000005844176484970376,0.018252037465572357,35.897911071777344,35.899559020996094,-6.83945369720459,0,4.042984962463379
0.11634499579668045,0.09999970346689224,-0.00000041911442849595915,0.00865527056157589,0.0004216813249513507,0.0000006582612854799663,0.014768731780350208,64.85240173339844,64.85400390625,-8.314711570739746,0,4.042984962463379
0.11634999513626099,0.09999974817037582,-0.00000041679959394969046,0.009189853444695473,0.00046296766959130764,0.0000007109317152753647,0.010534084402024746,88.44026184082031,88.44181060791016,-9.495410919189453,0,4.042984962463379
0.11635499447584152,0.09999980032444,-0.0000004142032423715136,0.009709451347589493,0.0005192705430090427,0.0000007394222620860091,0.005698111839592457,104.03357696533203,104.03498840332031,-10.251142501831055,0,4.042984962463379
0.11635999381542206,0.09999985247850418,-0.00000041127574945676315,0.01018485613167286,0.0005855003837496042,0.000000741808491966367,0.00047724833711981773,109.84712219238281,109.84837341308594,-10.493749618530273,0,4.042984962463379
0.11636500060558319,0.09999990463256836,-0.0000004079985842508904,0.010611295700073242,0.0006554311839863658,0.000000717472630640259,-0.004867174196988344,105.15077209472656,105.15186309814453,-10.187749862670898,0,4.042984962463379
0.11636999994516373,0.09999995678663254,-0.00000040438672499476525,0.010982517153024673,0.000722372205927968,0.0000006671938876934291,-0.010055752471089363,90.42591094970703,90.42680358886719,-9.357560157775879,0,4.042984962463379
0.11637499928474426,0.10000001639127731,-0.00000040048703908723837,0.01129109412431717,0.0007799391169101,0.0000005930862698733108,-0.014821518212556839,67.14282989501953,67.14344024658203,-8.077659606933594,0,4.042984962463379
0.1163799986243248,0.10000007599592209,-0.00000039637362192479486,0.01150270365178585,0.0008226835634559393,0.0000004984091219739639,-0.0189354345202446,37.69154739379883,37.69184494018555,-6.468484878540039,0,4.042984962463379
0.11638499796390533,0.10000013560056686,-0.0000003921402367268456,0.011609025299549103,0.0008466787403449416,0.0000003872600871090981,-0.02222980558872223,11.459609031677246,11.459590911865234,-5.000341892242432,0,4.042984962463379
0.11638999730348587,0.10000019520521164,-0.00000038787035805398773,0.011602584272623062,0.0008539741393178701,0.0000002633777853588981,-0.024776458740234375,18.501367568969727,-18.501686096191406,-3.3267784118652344,0,4.042984962463379
0.1163949966430664,0.10000025480985641,-0.00000038365936916306964,0.011486079543828964,0.00084219581913203,0.0000001310239241547606,-0.026470772922039032,45.98554611206055,-45.98617935180664,-1.759131669998169,0,4.042984962463379
0.11639999598264694,0.10000031441450119,-0.00000037959478049742756,0.011253027245402336,0.0008129205089062452,-0.000000005809525305267016,-0.02736669033765793,68.40381622314453,-68.40477752685547,-0.42803117632865906,0,4.042984962463379
0.11640499532222748,0.10000036656856537,-0.0000003757479021260224,0.01089763455092907,0.0007693732623010874,-0.00000014373293311109592,-0.027584683150053024,83.6640853881836,-83.66532135009766,0.560573935508728,0,4.042984962463379
0.11640999466180801,0.10000041872262955,-0.0000003721673351719801,0.010438701137900352,0.00071611104067415,-0.00000028022884634992806,-0.0272991843521595,90.37484741210938,-90.37638092041016,1.1355843544006348,0,4.042984962463379
0.11641499400138855,0.10000047087669373,-0.00000036887445276079234,0.009871961548924446,0.0006585766095668077,-0.0000004138330211844732,-0.026720836758613586,87.97905731201172,-87.98091125488281,1.267435908317566,0,4.042984962463379
0.11641999334096909,0.10000051558017731,-0.00000036586160945262236,0.009193941950798035,0.000602567452006042,-0.0000005442096835395205,-0.0260753370821476,76.804443359375,-76.80657958984375,0.9706524610519409,0,4.042984962463379
0.11642500013113022,0.10000056028366089,-0.0000003630932496889727,0.00842578336596489,0.0005536722019314766,-0.0000006721146519339527,-0.025580987334251404,58.02547073364258,-58.02791213989258,0.30200937390327454,0,4.042984962463379
0.11642999947071075,0.10000059753656387,-0.00000036050960261491127,0.007565514650195837,0.0005167319905012846,-0.0000007992505288711982,-0.02542717382311821,33.541629791259766,-33.54432678222656,-0.6454777717590332,0,4.042984962463379
0.11643499881029129,0.10000062733888626,-0.0000003580327074814704,0.006635548546910286,0.0004953787429258227,-0.0000009280300901082228,-0.02575591206550598,5.783692359924316,-5.78660249710083,-1.7521283626556396,0,4.042984962463379
0.11643999814987183,0.10000065714120865,-0.0000003555742296157405,0.005658629350364208,0.0004916967591270804,-0.00000106127140497847,-0.02664826437830925,22.531686782836914,22.528547286987305,-2.883758783340454,0,4.042984962463379
0.11644499748945236,0.10000067949295044,-0.0000003530440153554082,0.004633770324289799,0.0005060408730059862,-0.0000012018560937576694,-0.028116948902606964,48.67420196533203,48.6708869934082,-3.905198812484741,0,4.042984962463379
0.1164499968290329,0.10000069439411163,-0.00000035035887435697077,0.0035837169270962477,0.0005370278377085924,-0.0000013523853112928919,-0.030105851590633392,70.17188262939453,70.16846466064453,-4.693792819976807,0,4.042984962463379
0.11645499616861343,0.10000070929527283,-0.0000003474503671441198,0.0025308832991868258,0.0005817005876451731,-0.0000015148672218856518,-0.032496377825737,85.05508422851563,85.05156707763672,-5.151537895202637,0,4.042984962463379
0.11645999550819397,0.10000071674585342,-0.0000003442711147272348,0.0014733022544533014,0.000635848380625248,-0.0000016904673429962713,-0.03512003272771835,92.04772186279297,92.0441665649414,-5.2146315574646,0,4.042984962463379
0.1164649948477745,0.10000071674585342,-0.0000003407988629078318,0.00043211784213781357,0.000694447779096663,-0.0000018793464278132888,-0.03777582198381424,90.68743133544922,90.6839370727539,-4.859489917755127,0,4.042984962463379
0.11646999418735504,0.10000071674585342,-0.0000003370379602074536,-0.0005724247312173247,0.0007521811639890075,-0.0000020806000975426286,-0.0402507409453392,81.36239624023438,81.35894012451172,-4.104648590087891,0,4.042984962463379
0.11647499352693558,0.10000070929527283,-0.00000033301807889074553,-0.001544962520711124,0.0008039780659601092,-0.000002292306135132094,-0.04234122484922409,65.2612075805664,65.25787353515625,-3.0083794593811035,0,4.042984962463379
0.11648000031709671,0.10000069439411163,-0.00000032879046329981065,-0.0024674355518072844,0.0008455245988443494,-0.000002511673073968268,-0.0438733771443367,44.24237060546875,44.239234924316406,-1.6622892618179321,0,4.042984962463379
0.11648499965667725,0.10000067949295044,-0.00000032442201813864813,-0.003323000157251954,0.000873690121807158,-0.0000027352730285201687,-0.04471997171640396,20.636245727539063,20.633281707763672,-0.18158762156963348,0,4.042984962463379
0.11648999899625778,0.10000065714120865,-0.00000031998789040699194,-0.004119902849197388,0.0008868275908753276,-0.0000029593352337542456,-0.04481245577335358,2.9999992847442627,-3.0027263164520264,1.3069734573364258,0,4.042984962463379
0.11649499833583832,0.10000063478946686,-0.00000031556331236970436,-0.004843787290155888,0.0008849176811054349,-0.00000318006937050086,-0.0441468209028244,24.148157119750977,-24.150676727294922,2.6782307624816895,0,4.042984962463379
0.11649999767541885,0.10000060498714447,-0.0000003112155866347166,-0.005505204200744629,0.000869544455781579,-0.0000033939834338525543,-0.04278280586004257,40.58964538574219,-40.59190368652344,3.8214685916900635,0,4.042984962463379
0.11650499701499939,0.10000057518482208,-0.00000030699706599079946,-0.006091846153140068,0.0008437043288722634,-0.000003598166131268954,-0.040836550295352936,50.632850646972656,-50.634891510009766,4.651680946350098,0,4.042984962463379
0.11650999635457993,0.1000005453824997,-0.00000030293972486106213,-0.006615989841520786,0.0008114704396575689,-0.0000037905033423157874,-0.038467466831207275,53.28528594970703,-53.28715515136719,5.118087291717529,0,4.042984962463379
0.11651499569416046,0.10000050812959671,-0.00000029905197607149603,-0.007090392522513866,0.0007775479461997747,-0.000003969807494286215,-0.03586084395647049,48.352210998535156,-48.353851318359375,5.209041595458984,0,4.042984962463379
0.116519995033741,0.10000047087669373,-0.000000295318159260205,-0.007504168897867203,0.0007467659888789058,-0.000004135847120778635,-0.03320790082216263,36.451690673828125,-36.453163146972656,4.952836513519287,0,4.042984962463379
0.11652499437332153,0.10000043362379074,-0.00000029170035986680887,-0.00787019170820713,0.0007235601078718901,-0.000004289274329494219,-0.030685441568493843,18.945768356323242,-18.947113037109375,4.414336681365967,0,4.042984962463379
0.11652999371290207,0.10000038892030716,-0.00000028814287134082406,-0.00820096768438816,0.0007114988984540105,-0.000004431460638443241,-0.028437240049242973,2.206028461456299,2.204864740371704,3.6877973079681396,0,4.042984962463379
0.1165350005030632,0.10000034421682358,-0.00000028457836265260994,-0.008484520018100739,0.0007129033328965306,-0.000004564255959849106,-0.02655906043946743,24.655305862426758,24.654281616210938,2.88663387298584,0,4.042984962463379
0.11653999984264374,0.10000029951334,-0.00000028093535320294905,-0.00873183086514473,0.0007285993779078126,-0.000004689700290327892,-0.02508891001343727,45.91328430175781,45.91236114501953,2.131190776824951,0,4.042984962463379
0.11654499918222427,0.10000025480985641,-0.000000277146199323397,-0.008952764794230461,0.0007578287040814757,-0.000004809717665921198,-0.02400350198149681,63.61421203613281,63.61336135864258,1.5357948541641235,0,4.042984962463379
0.11654999852180481,0.10000021010637283,-0.0000002731545691858628,-0.009155767038464546,0.0007983268005773425,-0.000004925824214296881,-0.023221328854560852,75.76599884033203,75.76519775390625,1.1964362859725952,0,4.042984962463379
0.11655499786138535,0.10000016540288925,-0.00000026892175242210214,-0.009347585961222649,0.0008465609280392528,-0.000005038883955421625,-0.022611990571022034,80.9623031616211,80.9615249633789,1.1803500652313232,0,4.042984962463379
0.11655999720096588,0.10000012069940567,-0.00000026443123601893603,-0.00953306257724762,0.0008981031132861972,-0.00000514893827130436,-0.022010844200849533,78.53384399414063,78.5330810546875,1.5185976028442383,0,4.042984962463379
0.11656499654054642,0.10000006854534149,-0.0000002596907506813295,-0.009714974090456963,0.0009480993030592799,-0.000005255125415715156,-0.021237429231405258,68.6233139038086,68.6226577758789,2.202418088912964,0,4.042984962463379
0.11656999588012695,0.10000001639127731,-0.0000002547318160850409,-0.009870229288935661,0.00099178624805063,-0.00000535570416104747,-0.020115748047828674,52.176246643066406,52.17570877075195,3.183738946914673,0,4.042984962463379
0.11657499521970749,0.09999996423721313,-0.00000024960681344055047,-0.009997662156820297,0.001025002566166222,-0.00000544817567060818,-0.01849428191781044,30.78091049194336,30.780506134033203,4.382592678070068,0,4.042984962463379
0.11657999455928802,0.09999991208314896,-0.000000244383812741944,-0.010094258934259415,0.0010445982916280627,-0.000005529486770683434,-0.016262244433164597,6.662941932678223,6.662688255310059,5.688621997833252,0,4.042984962463379
0.11658499389886856,0.09999985992908478,-0.0000002391396094481024,-0.010155130177736282,0.001048840000294149,-0.0000055963118938962,-0.01336505264043808,17.623300552368164,-17.623376846313477,6.975711345672607,0,4.042984962463379
0.1165900006890297,0.0999998077750206,-0.00000023395151060867647,-0.010173674672842026,0.0010376205900684,-0.000005645373676088639,-0.009812351316213608,41.964515686035156,-41.96437072753906,8.240297317504883,0,4.042984962463379
0.11659500002861023,0.09999975562095642,-0.0000002288969795927187,-0.010138612240552902,0.0010109051363542676,-0.0000056734515965217724,-0.005615602247416973,60.385108947753906,-60.38469696044922,9.185996055603027,0,4.042984962463379
0.11659999936819077,0.09999970346689224,-0.00000022403466459763877,-0.010037897154688835,0.0009724627598188818,-0.0000056781377679726575,-0.0009372131898999214,70.92508697509766,-70.92436218261719,9.717277526855469,0,4.042984962463379
0.1166049987077713,0.09999965131282806,-0.00000021939811745141924,-0.009860441088676453,0.000927310495171696,-0.0000056580788623250555,0.004011755343526602,72.16529846191406,-72.16422271728516,9.765521049499512,0,4.042984962463379
0.11660999804735184,0.09999960660934448,-0.00000021499127456081624,-0.009594645351171494,0.000881368585396558,-0.000005613152552541578,0.00898529402911663,63.71827697753906,-63.716915130615234,9.313401222229004,0,4.042984962463379
0.11661499738693237,0.0999995619058609,-0.0000002107872489887086,-0.009254895150661469,0.0008408042485825717,-0.000005544509804167319,0.013728570193052292,46.285030364990234,-46.28333282470703,8.397577285766602,0,4.042984962463379
0.11661999672651291,0.09999951720237732,-0.00000020673056155828817,-0.008829338476061821,0.0008113382500596344,-0.000005454482561617624,0.01800541952252388,21.589319229125977,-21.587249755859375,7.105358123779297,0,4.042984962463379
0.11662499606609344,0.09999947249889374,-0.00000020274259782127046,-0.008306385949254036,0.0007975940243341029,-0.000005346361831470858,0.02162414789199829,7.802666664123535,7.805145263671875,5.565666675567627,0,4.042984962463379
0.11662999540567398,0.09999943524599075,-0.00000019872979351021058,-0.007675116881728172,0.0008025613497011364,-0.000005224068445386365,0.024458717554807663,38.75846481323242,38.76127624511719,3.935274362564087,0,4.042984962463379
0.11663499474525452,0.09999939799308777,-0.00000019459361055851332,-0.006951753981411457,0.0008272358099929988,-0.000005091753791930387,0.026462934911251068,67.9203109741211,67.92347717285156,2.3818185329437256,0,4.042984962463379
0.11663999408483505,0.09999936819076538,-0.00000019024123787403369,-0.006127370521426201,0.0008704752544872463,-0.000004953373718308285,0.027675986289978027,92.07441711425781,92.07783508300781,1.0654716491699219,0,4.042984962463379
0.11664499342441559,0.099999338388443,-0.00000018559578052190773,-0.005220381543040276,0.000929091649595648,-0.000004812280621990794,0.028218626976013184,108.50601196289063,108.50965881347656,0.12129473686218262,0,4.042984962463379
0.11665000021457672,0.0999993160367012,-0.0000001806049425567835,-0.004224181175231934,0.0009981687180697918,-0.000004670878752222052,0.028280403465032578,115.30231475830078,115.30613708496094,-0.3557714521884918,0,4.042984962463379
0.11665499955415726,0.09999930113554001,-0.00000017524708084692975,-0.003159546758979559,0.0010715725366026163,-0.000004530382739176275,0.02809920907020569,111.56828308105469,111.57212829589844,-0.3215884864330292,0,4.042984962463379
0.11665999889373779,0.09999929368495941,-0.0000001695340898777431,-0.002048281952738762,0.0011425991542637348,-0.000004390705726109445,0.02793542668223381,97.53154754638672,97.53533172607422,0.21200621128082275,0,4.042984962463379
0.11666499823331833,0.09999928623437881,-0.00000016351063436559343,-0.0009129096288233995,0.0012046897318214178,-0.000004250488927937113,0.02804340049624443,74.52457427978516,74.52828979492188,1.178141713142395,0,4.042984962463379
0.11666999757289886,0.09999928623437881,-0.00000015724997126653761,0.00024974753614515066,0.0012521336320787668,-0.0000041072717067436315,0.028643421828746796,44.84573745727539,44.84926986694336,2.461883068084717,0,4.042984962463379
0.1166749969124794,0.09999929368495941,-0.0000001508465601318676,0.0014162802835926414,0.0012806833256036043,-0.0000039577853385708295,0.02989725023508072,11.513683319091797,11.516963958740234,3.9124746322631836,0,4.042984962463379
0.11667999625205994,0.0999993085861206,-0.00000014440649920288706,0.002563144313171506,0.0012880130670964718,-0.0000037983361380611314,0.03188985586166382,22.0572566986084,-22.054288864135742,5.359525680541992,0,4.042984962463379
0.11668499559164047,0.0999993234872818,-0.00000013803663989619963,0.003667026525363326,0.001273971050977707,-0.0000036252388326829532,0.034619443118572235,52.425537109375,-52.42285919189453,6.631368160247803,0,4.042984962463379
0.11668999493122101,0.09999934583902359,-0.00000013183365865643282,0.004731293767690659,0.001240595942363143,-0.000003435254939176957,0.037996768951416016,76.49375915527344,-76.49140167236328,7.5735650062561035,0,4.042984962463379
0.11669499427080154,0.09999937564134598,-0.00000012587416620135627,0.005733698606491089,0.0011918984819203615,-0.000003225985210519866,0.04185395687818527,91.84268188476563,-91.84068298339844,8.065546035766602,0,4.042984962463379
0.11669999361038208,0.09999940544366837,-0.00000012020701944948087,0.006652789190411568,0.0011334295850247145,-0.0000029961765903863125,0.04596170783042908,96.99078369140625,-96.98908233642578,8.033551216125488,0,4.042984962463379
0.11670500040054321,0.09999944269657135,-0.00000011484860351629322,0.007494291290640831,0.0010716833639889956,-0.0000027459107059257803,0.05005316436290741,91.55055236816406,-91.54915618896484,7.458446979522705,0,4.042984962463379
0.11670999974012375,0.09999948740005493,-0.00000010978160247532287,0.008238734677433968,0.001013400498777628,-0.0000024766520709817996,0.05385172367095947,76.26532745361328,-76.26424407958984,6.377594470977783,0,4.042984962463379
0.11671499907970428,0.09999953210353851,-0.00000010495735836002495,0.008867761120200157,0.0009648484992794693,-0.0000021911530438956106,0.057099804282188416,52.92232894897461,-52.92148971557617,4.88055944442749,0,4.042984962463379
0.11671999841928482,0.0999995768070221,-0.00000010030156971652104,0.00939040444791317,0.0009311570902355015,-0.0000018932257717096945,0.05958545207977295,24.151639938354492,-24.151010513305664,3.0991621017456055,0,4.042984962463379
0.11672499775886536,0.09999962896108627,-0.00000009572266179702638,0.00981668010354042,0.0009157816530205309,-0.0000015874065866228193,0.06116384267807007,6.865795135498047,6.866219520568848,1.1929798126220703,0,4.042984962463379
0.11672999709844589,0.09999968111515045,-0.00000009112189758297973,0.010131150484085083,0.000920152582693845,-0.000001278549461858347,0.06177142262458801,36.748924255371094,36.74918746948242,-0.6680800318717957,0,4.042984962463379
0.11673499643802643,0.09999973326921463,-0.00000008640415671834489,0.010345185175538063,0.0009435476385988295,-0.0000009713936606203788,0.061431169509887695,62.28727340698242,62.28741455078125,-2.3222079277038574,0,4.042984962463379
0.11673999577760696,0.09999978542327881,-0.00000008148815311415092,0.010470470413565636,0.0009832009673118591,-0.0000006701512802465004,0.0602484792470932,75.57100677490234,75.57106018066406,-3.3721234798431396,0,4.042984962463379
0.1167449951171875,0.09999983757734299,-0.00000007633159526676536,0.010518604889512062,0.0010313109960407019,-0.00000037749595094282995,0.05853106826543808,81.3475112915039,81.34749603271484,-4.052867412567139,0,4.042984962463379
0.11674999445676804,0.09999988973140717,-0.00000007091610143561411,0.010502319782972336,0.0010830983519554138,-0.00000009516116961094667,0.0564669594168663,82.52051544189453,82.52046966552734,-4.50678825378418,0,4.042984962463379
0.11675499379634857,0.09999994188547134,-0.00000006523794127133442,0.010435255244374275,0.0011356326285749674,0.00000017569718124832434,0.05417167395353317,75.71470642089844,75.71464538574219,-4.5618438720703125,0,4.042984962463379
0.1167600005865097,0.09999999403953552,-0.000000059318772116512264,0.010325465351343155,0.001183834159746766,0.0000004349388973423629,0.05184834450483322,61.795738220214844,61.79568099975586,-4.257722854614258,0,4.042984962463379
0.11676499992609024,0.1000000461935997,-0.00000005320289986343596,0.01017952524125576,0.0012231746222823858,0.0000006833383849880192,0.04967990517616272,42.333534240722656,42.333492279052734,-3.669158935546875,0,4.042984962463379
0.11676999926567078,0.10000009834766388,-0.00000004695227318052275,0.010002311319112778,0.0012501250021159649,0.0000009223944630321057,0.04781121760606766,19.493350982666016,19.493337631225586,-2.9001522064208984,0,4.042984962463379
0.11677499860525131,0.10000015050172806,-0.000000040639598353209294,0.00979684293270111,0.0012625348754227161,0.0000011540653304109583,0.04633418470621109,4.320906639099121,-4.320882320404053,-2.0673911571502686,0,4.042984962463379
0.11677999794483185,0.10000019520521164,-0.00000003434067608054647,0.009564373642206192,0.0012597842141985893,0.000001380471644552017,0.045281268656253815,26.668399810791016,-26.6683349609375,-1.2899378538131714,0,4.042984962463379
0.11678499728441238,0.10000023990869522,-0.00000002812664234852491,0.009328095242381096,0.0012428066693246365,0.0000016035932048907853,0.04462430626153946,45.308990478515625,-45.30888366699219,-0.6773880124092102,0,4.042984962463379
0.11678999662399292,0.1000002846121788,-0.000000022056832804651094,0.009085334837436676,0.0012139619793742895,0.0000018249897948408034,0.0442793145775795,58.43206787109375,-58.431915283203125,-0.3185534179210663,0,4.042984962463379
0.11679499596357346,0.10000032931566238,-0.00000001617301848000352,0.008831365033984184,0.0011767628602683544,0.0000020455752292036777,0.04411707818508148,64.83924102783203,-64.83903503417969,-0.27240997552871704,0,4.042984962463379
0.11679999530315399,0.10000037401914597,-0.000000010495593727455343,0.00855954922735691,0.0011354850139468908,0.000002265466946482775,0.04397834092378616,64.06234741210938,-64.06208038330078,-0.5622261166572571,0,4.042984962463379
0.11680499464273453,0.10000041872262955,-0.0000000050220854141969085,0.008261555805802345,0.001094701699912548,0.000002483926891727606,0.04369200021028519,56.404998779296875,-56.40464401245117,-1.1734604835510254,0,4.042984962463379
0.11680999398231506,0.10000045597553253,0.00000000027188029605440533,0.00792761892080307,0.0010587931610643864,0.000002699398692129762,0.04309435933828354,42.90354537963867,-42.903114318847656,-2.0556275844573975,0,4.042984962463379
0.1168150007724762,0.10000049322843552,0.000000005429280136581838,0.007570568472146988,0.0010314800310879946,0.000002909635895775864,0.04204743355512619,25.212148666381836,-25.211618423461914,-3.1279163360595703,0,4.042984962463379
0.11682000011205673,0.1000005304813385,0.000000010506426839640426,0.007178368046879768,0.0010154293850064278,0.000003111907972197514,0.040454402565956116,5.423609256744385,-5.4229631423950195,-4.287969589233398,0,4.042984962463379
0.11682499945163727,0.10000056773424149,0.000000015566309130576883,0.006738213822245598,0.0010119765065610409,0.0000033032606552296784,0.038270555436611176,14.154823303222656,14.155619621276855,-5.422893524169922,0,4.042984962463379
0.1168299987912178,0.10000059753656387,0.000000020671247824566308,0.006236938759684563,0.0010209877509623766,0.000003480804252831149,0.03550869971513748,31.247865676879883,31.248807907104492,-6.421360969543457,0,4.042984962463379
0.11683499813079834,0.10000062733888626,0.00000002587565184342111,0.005685151554644108,0.0010408808011561632,0.0000036419958178157685,0.03223832696676254,43.85464096069336,43.85576248168945,-7.1855292320251465,0,4.042984962463379
0.11683999747037888,0.10000064969062805,0.00000003121964908814334,0.00506984256207943,0.0010687995236366987,0.0000037848897136427695,0.02857876569032669,50.462650299072266,50.46393585205078,-7.641542434692383,0,4.042984962463379
0.11684499680995941,0.10000067204236984,0.00000003672427340006834,0.004402230493724346,0.0011009250301867723,0.000003908324288204312,0.024686958640813828,50.2103271484375,50.21181869506836,-7.747518062591553,0,4.042984962463379
0.11684999614953995,0.10000068694353104,0.00000004238872364226154,0.0036703499499708414,0.0011328898835927248,0.000004012030331068672,0.020741179585456848,42.98198699951172,42.98365783691406,-7.498178482055664,0,4.042984962463379
0.11685499548912048,0.10000070184469223,0.000000048189988888225344,0.0028868659865111113,0.0011602530721575022,0.000004096642442164011,0.01692238822579384,29.424341201782227,29.426227569580078,-6.925640106201172,0,4.042984962463379
0.11685999482870102,0.10000070929527283,0.000000054084914324903366,0.002041614381596446,0.0011789852287620306,0.0000041636185414972715,0.013395188376307487,10.883620262145996,10.885690689086914,-6.096268653869629,0,4.042984962463379
0.11686499416828156,0.10000071674585342,0.00000006001448582537705,0.0011493584606796503,0.001185914035886526,0.00000421507047576597,0.010290384292602539,10.73139476776123,-10.729120254516602,-5.103909015655518,0,4.042984962463379
0.11686999350786209,0.10000071674585342,0.00000006590989443111539,0.00020226414198987186,0.0011790823191404343,0.000004253525275998982,0.007690984755754471,33.145565032958984,-33.14312744140625,-4.0601806640625,0,4.042984962463379
0.11687500029802322,0.10000070929527283,0.00000007169980165144807,-0.0007824180647730827,0.0011579811107367277,0.000004281640940462239,0.005623151548206806,53.95359420776367,-53.951045989990234,-3.0828285217285156,0,4.042984962463379
0.11687999963760376,0.10000070184469223,0.00000007731797069254753,-0.0017862417735159397,0.001123633235692978,0.0000043019063014071435,0.004053080454468727,70.87144470214844,-70.86878967285156,-2.2833375930786133,0,4.042984962463379
0.1168849989771843,0.10000068694353104,0.00000008271054241504316,-0.002813489641994238,0.0010785150807350874,0.0000043163572627236135,0.002890186384320259,81.97708129882813,-81.97438049316406,-1.755072832107544,0,4.042984962463379
0.11688999831676483,0.10000066459178925,0.00000008784217442325826,-0.003843605052679777,0.0010263267904520035,0.000004326338967075571,0.001996335107833147,85.9161148071289,-85.91343688964844,-1.5631933212280273,0,4.042984962463379
0.11689499765634537,0.10000064224004745,0.00000009270032563790664,-0.004855185281485319,0.0009716309141367674,0.000004332339813117869,0.0012002072762697935,82.05057525634766,-82.04792785644531,-1.7373769283294678,0,4.042984962463379
0.1168999969959259,0.10000061243772507,0.00000009729730265917169,-0.0058500017039477825,0.0009193959413096309,0.0000043339168769307435,0.0003153685247525573,70.53501892089844,-70.53247833251953,-2.268139362335205,0,4.042984962463379
0.11690499633550644,0.10000057518482208,0.00000010166976238679126,-0.006805510725826025,0.0008744919905439019,0.000004329717739892658,-0.0008397853234782815,52.31239700317383,-52.310028076171875,-3.107142448425293,0,4.042984962463379
0.11690999567508698,0.1000005379319191,0.00000010587570642428545,-0.007698909845203161,0.0008411889430135489,0.000004317606453696499,-0.0024222400970757008,29.02887535095215,-29.026683807373047,-4.171500205993652,0,4.042984962463379
0.11691499501466751,0.10000049322843552,0.0000001099892514844214,-0.00853120256215334,0.0008227085927501321,0.0000042948727241309825,-0.004546767566353083,2.8759684562683105,-2.8740131855010986,-5.3516669273376465,0,4.042984962463379
0.11691999435424805,0.10000044852495193,0.0000001140936376486934,-0.009279734455049038,0.0008208777289837599,0.000004258511125954101,-0.007272349204868078,23.623964309692383,23.625688552856445,-6.52213716506958,0,4.042984962463379
0.11692499369382858,0.10000039637088776,0.0000001182732205506909,-0.009945967234671116,0.0008359171915799379,0.000004205540790280793,-0.010594045743346214,47.868186950683594,47.86962890625,-7.553882598876953,0,4.042984962463379
0.11693000048398972,0.10000034421682358,0.00000012260517223694478,-0.010508003644645214,0.000866390997543931,0.0000041333346416649874,-0.01444120705127716,67.43394470214844,67.43511962890625,-8.327291488647461,0,4.042984962463379
0.11693499982357025,0.1000002920627594,0.0000001271517788836718,-0.010968334041535854,0.0009093207772821188,0.000004039923169329995,-0.018682260066270828,80.32330322265625,80.32421875,-8.744288444519043,0,4.042984962463379
0.11693999916315079,0.10000023245811462,0.00000013195405301758,-0.01133004855364561,0.0009604562073945999,0.0000039242445382114965,-0.02313568815588951,85.16693878173828,85.16754913330078,-8.738420486450195,0,4.042984962463379
0.11694499850273132,0.10000017285346985,0.00000013702742762689013,-0.011573013849556446,0.0010146752465516329,0.000003786313982345746,-0.027586128562688828,81.36629486083984,81.36661529541016,-8.28187370300293,0,4.042984962463379
0.11694999784231186,0.10000011324882507,0.0000001423597950633848,-0.011701575480401516,0.0010664747096598148,0.000003627293835961609,-0.031804051250219345,69.15989685058594,69.15994262695313,-7.388700485229492,0,4.042984962463379
0.1169549971818924,0.1000000536441803,0.0000001479123170611274,-0.01172069925814867,0.0011105032172054052,0.0000034494582905608695,-0.035567086189985275,51.08770751953125,51.08747482299805,-6.187979221343994,0,4.042984962463379
0.11695999652147293,0.09999999403953552,0.00000015362745386937604,-0.011627326719462872,0.0011430266313254833,0.000003255865294704563,-0.03871859982609749,23.298952102661133,23.298442840576172,-4.489180088043213,0,4.042984962463379
0.11696499586105347,0.09999993443489075,0.0000001594167429175286,-0.011425989679992199,0.001157859107479453,0.000003050840632567997,-0.04100492224097252,7.925606727600098,-7.926374912261963,-2.6082661151885986,0,4.042984962463379
0.116969995200634,0.09999988228082657,0.0000001651808076985617,-0.011123416014015675,0.00115281343460083,0.000002839174157998059,-0.04233330115675926,39.36491775512695,-39.36586380004883,-0.7081524133682251,0,4.042984962463379
0.11697499454021454,0.09999983012676239,0.00000017081957537357084,-0.010752485133707523,0.0011277529411017895,0.0000026257043828081805,-0.042693961411714554,67.77869415283203,-67.77979278564453,1.0472220182418823,0,4.042984962463379
0.11697999387979507,0.09999977797269821,0.0000001762425938522938,-0.010319332592189312,0.001084603602066636,0.0000024149012460839003,-0.04216061905026436,90.2258529663086,-90.22710418701172,2.5089964866638184,0,4.042984962463379
0.11698500066995621,0.09999972581863403,0.00000018137841095722251,-0.009829078800976276,0.0010271640494465828,0.000002210487309639575,-0.04088279977440834,104.39595031738281,-104.39730834960938,3.559805154800415,0,4.042984962463379
0.11699000000953674,0.09999968111515045,0.00000018618192143549095,-0.009285644628107548,0.0009607034735381603,0.0000020151383068878204,-0.039069805294275284,108.85636901855469,-108.85777282714844,4.126120567321777,0,4.042984962463379
0.11699499934911728,0.09999963641166687,0.00000019063894285409333,-0.008717703633010387,0.0008914034115150571,0.0000018302963553651352,-0.03696839138865471,103.20382690429688,-103.20526123046875,4.185833930969238,0,4.042984962463379
0.11699999868869781,0.09999959915876389,0.00000019476745194424439,-0.008125959895551205,0.0008257018635049462,0.0000016561135680603911,-0.03483656421303749,88.10364532470703,-88.10504150390625,3.7702507972717285,0,4.042984962463379
0.11699999868869781,0.0999995619058609,0.00000019861552402744564,-0.007535296492278576,0.0007696133106946945,0.0000014915316342012375,-0.032916393131017685,65.21247100830078,-65.21382904052734,2.9602890014648438,0,4.042984962463379
