Timestamp,X Position,Y Position,X Velocity,Y Velocity,Rotation,Rotation Velocity,Data1,Data2,Data3,Data4,FPS
0.08699999749660492,0.09999997168779373,0,0,0,0,0,0,0,0,0,115.22064971923828
0.08700499683618546,0.09999997168779373,0.000000004999999969612645,0.0006861621513962746,0.0010000000474974513,0,0,27.4999942779541,-27.5,1.375,0,22.994848251342773
0.08700999617576599,0.09999997168779373,0.00000000999999993922529,0.0006861621513962746,0.0010000000474974513,0,0,53.55564880371094,-53.5556640625,2.6814305782318115,0,22.994848251342773
0.08701499551534653,0.09999997168779373,0.000000014999999464748726,0.0006861621513962746,0.0010000000474974513,0,0,75.04336547851563,-75.04338073730469,3.7664835453033447,0,22.994848251342773
0.08701999485492706,0.09999997168779373,0.00000001999999987845058,0.0006861621513962746,0.0010000000474974513,0,0,92.66463470458984,-92.66465759277344,4.667843818664551,0,22.994848251342773
0.0870249941945076,0.09999997168779373,0.000000025000000292152436,0.0006861621513962746,0.0010000000474974513,0,0,105.89049530029297,-105.89051818847656,5.360954284667969,0,22.994848251342773
0.08703000098466873,0.09999997168779373,0.00000002999999892949745,0.0006861621513962746,0.0010000000474974513,0,0,114.19038391113281,-114.19041442871094,5.8203911781311035,0,22.994848251342773
0.08703500032424927,0.09999997168779373,0.000000034999999343199306,0.0006861621513962746,0.0010000000474974513,0,0,117.3086166381836,-117.30865478515625,6.033578872680664,0,22.994848251342773
0.0870399996638298,0.09999997168779373,0.00000003999999975690116,0.0006861621513962746,0.0010000000474974513,0,0,115.27397918701172,-115.27401733398438,6.0012617111206055,0,22.994848251342773
0.08704499900341034,0.09999997168779373,0.000000045000000170603016,0.0006861621513962746,0.0010000000474974513,0,0,108.09904479980469,-108.09908294677734,5.722516059875488,0,22.994848251342773
0.08704999834299088,0.09999997168779373,0.00000005000000058430487,0.0006861621513962746,0.0010000000474974513,0,0,96.2723617553711,-96.27239227294922,5.219433784484863,0,22.994848251342773
0.08705499768257141,0.09999997168779373,0.000000055000000998006726,0.0006861621513962746,0.0010000000474974513,0,0,80.66149139404297,-80.6615219116211,4.532426834106445,0,22.994848251342773
0.08705999702215195,0.09999997168779373,0.0000000599999978589949,0.0006861621513962746,0.0010000000474974513,0,0,62.32487869262695,-62.32490158081055,3.7110347747802734,0,22.994848251342773
0.08706499636173248,0.09999997168779373,0.00000006499999471998308,0.0006861621513962746,0.0010000000474974513,0,0,42.439002990722656,-42.43902587890625,2.810540199279785,0,22.994848251342773
0.08706999570131302,0.09999997168779373,0.00000006999999158097125,0.0006861621513962746,0.0010000000474974513,0,0,24.2835693359375,-24.283588409423828,1.9915086030960083,0,22.994848251342773
0.08707499504089355,0.09999997168779373,0.00000007499998844195943,0.0006861621513962746,0.0010000000474974513,0,0,6.969728469848633,-6.969743251800537,1.2067339420318604,0,22.994848251342773
0.08707999438047409,0.09999997168779373,0.00000007999998530294761,0.0006861621513962746,0.0010000000474974513,0,0,8.866658210754395,8.866647720336914,0.48585045337677,0,22.994848251342773
0.08708500117063522,0.09999997168779373,0.00000008499998216393578,0.0006861621513962746,0.0010000000474974513,0,0,22.517093658447266,22.517086029052734,-0.13715046644210815,0,22.994848251342773
0.08709000051021576,0.09999997168779373,0.00000008999997902492396,0.0006861621513962746,0.0010000000474974513,0,0,33.44660949707031,33.44660568237305,-0.6361314654350281,0,22.994848251342773
0.0870949998497963,0.09999997168779373,0.00000009499997588591214,0.0006861621513962746,0.0010000000474974513,0,0,41.31529998779297,41.3152961730957,-0.9938478469848633,0,22.994848251342773
0.08709999918937683,0.09999997168779373,0.00000009999997274690031,0.0006861621513962746,0.0010000000474974513,0,0,45.98575210571289,45.985748291015625,-1.2023448944091797,0,22.994848251342773
0.08710499852895737,0.09999997168779373,0.00000010499996960788849,0.0006861621513962746,0.0010000000474974513,0,0,47.51639938354492,47.516395568847656,-1.2627084255218506,0,22.994848251342773
0.0871099978685379,0.09999997168779373,0.00000010999996646887666,0.0006861621513962746,0.0010000000474974513,0,0,45.89303970336914,45.893035888671875,-1.1718660593032837,0,22.994848251342773
0.08711499720811844,0.09999997168779373,0.00000011499996332986484,0.0006861621513962746,0.0010000000474974513,0,0,41.369834899902344,41.36982727050781,-0.9398697018623352,0,22.994848251342773
0.08711999654769897,0.09999997168779373,0.00000011999996729628037,0.0006861621513962746,0.0010000000474974513,0,0,34.48979568481445,34.48978805541992,-0.5909254550933838,0,22.994848251342773
0.08712499588727951,0.09999997168779373,0.0000001249999712626959,0.0006861621513962746,0.0010000000474974513,0,0,26.291275024414063,26.291263580322266,-0.17392565310001373,0,22.994848251342773
0.08712999522686005,0.09999997168779373,0.00000012999997522911144,0.0006861621513962746,0.0010000000474974513,0,0,17.134794235229492,17.134777069091797,0.2959400415420532,0,22.994848251342773
0.08713499456644058,0.09999997168779373,0.00000013499997919552698,0.0006861621513962746,0.0010000000474974513,0,0,7.5504913330078125,7.550467491149902,0.7946500182151794,0,22.994848251342773
0.08714000135660172,0.09999997168779373,0.0000001399999831619425,0.0006861621513962746,0.0010000000474974513,0,0,1.917917251586914,-1.9179480075836182,1.2969895601272583,0,22.994848251342773
0.08714500069618225,0.09999997168779373,0.00000014499998712835804,0.0006861621513962746,0.0010000000474974513,0,0,10.813393592834473,-10.813432693481445,1.7814282178878784,0,22.994848251342773
0.08715000003576279,0.09999997168779373,0.00000014999999109477358,0.0006861621513962746,0.0010000000474974513,0,0,18.792461395263672,-18.792509078979492,2.231372117996216,0,22.994848251342773
0.08715499937534332,0.09999997168779373,0.0000001549999950611891,0.0006861621513962746,0.0010000000474974513,0,0,25.645803451538086,-25.645858764648438,2.6361217498779297,0,22.994848251342773
0.08715999871492386,0.09999997168779373,0.00000015999999902760464,0.0006861621513962746,0.0010000000474974513,0,0,31.30646324157715,-31.306529998779297,2.991272449493408,0,22.994848251342773
0.0871649980545044,0.09999997168779373,0.00000016500000299402018,0.0006861621513962746,0.0010000000474974513,0,0,35.84244155883789,-35.84252166748047,3.2984213829040527,0,22.994848251342773
0.08716999739408493,0.09999997168779373,0.0000001700000069604357,0.0006861621513962746,0.0010000000474974513,0,0,39.417152404785156,-39.417240142822266,3.5634984970092773,0,22.994848251342773
0.08717499673366547,0.09999997168779373,0.00000017500001092685125,0.0006861621513962746,0.0010000000474974513,0,0,42.26896667480469,-42.269065856933594,3.7958602905273438,0,22.994848251342773
0.087179996073246,0.09999997168779373,0.00000018000001489326678,0.0006861621513962746,0.0010000000474974513,0,0,44.694557189941406,-44.694664001464844,4.007523536682129,0,22.994848251342773
0.08718499541282654,0.09999997168779373,0.00000018500001885968231,0.0006861621513962746,0.0010000000474974513,0,0,47.014854431152344,-47.01496887207031,4.2116546630859375,0,22.994848251342773
0.08718999475240707,0.09999997168779373,0.00000019000002282609785,0.0006861621513962746,0.0010000000474974513,0,0,49.539512634277344,-49.53962707519531,4.420990943908691,0,22.994848251342773
0.08719499409198761,0.09999997168779373,0.00000019500002679251338,0.0006861621513962746,0.0010000000474974513,0,0,52.53269577026367,-52.532814025878906,4.646318435668945,0,22.994848251342773
0.08720000088214874,0.09999997168779373,0.00000020000003075892892,0.0006861621513962746,0.0010000000474974513,0,0,56.18302536010742,-56.183143615722656,4.895134449005127,0,22.994848251342773
0.08720500022172928,0.09999997168779373,0.00000020500003472534445,0.0006861621513962746,0.0010000000474974513,0,0,60.580108642578125,-60.58022689819336,5.1706132888793945,0,22.994848251342773
0.08720999956130981,0.09999997168779373,0.00000021000003869175998,0.0006861621513962746,0.0010000000474974513,0,0,65.69957733154297,-65.69969177246094,5.470945835113525,0,22.994848251342773
0.08721499890089035,0.09999997168779373,0.00000021500004265817552,0.0006861621513962746,0.0010000000474974513,0,0,71.39549255371094,-71.39559173583984,5.789023399353027,0,22.994848251342773
0.08721999824047089,0.09999997168779373,0.00000022000004662459105,0.0006861621513962746,0.0010000000474974513,0,0,77.40010070800781,-77.40019226074219,6.112468242645264,0,22.994848251342773
0.08722499758005142,0.09999997168779373,0.00000022500005059100658,0.0006861621513962746,0.0010000000474974513,0,0,83.3409652709961,-83.34104919433594,6.424415588378906,0,22.994848251342773
0.08722999691963196,0.09999997168779373,0.00000023000005455742212,0.0006861621513962746,0.0010000000474974513,0,0,88.76846313476563,-88.76853942871094,6.704763889312744,0,22.994848251342773
0.0872349962592125,0.09999997168779373,0.00000023500005852383765,0.0006861621513962746,0.0010000000474974513,0,0,93.1916275024414,-93.19168853759766,6.931798458099365,0,22.994848251342773
0.08723999559879303,0.09999997168779373,0.00000024000004827939847,0.0006861621513962746,0.0010000000474974513,0,0,96.13277435302734,-96.13282012939453,7.084603786468506,0,22.994848251342773
0.08724499493837357,0.09999997168779373,0.000000245000052245814,0.0006861621513962746,0.0010000000474974513,0,0,97.16659545898438,-97.16664123535156,7.144835472106934,0,22.994848251342773
0.0872499942779541,0.09999997168779373,0.00000025000005621222954,0.0006861621513962746,0.0010000000474974513,0,0,95.95207977294922,-95.95210266113281,7.0981669425964355,0,22.994848251342773
0.08725500106811523,0.09999997168779373,0.00000025500006017864507,0.0006861621513962746,0.0010000000474974513,0,0,92.20178985595703,-92.2018051147461,6.932575225830078,0,22.994848251342773
0.08726000040769577,0.09999997168779373,0.0000002600000641450606,0.0006861621513962746,0.0010000000474974513,0,0,85.57447052001953,-85.5744857788086,6.632791519165039,0,22.994848251342773
0.0872649997472763,0.09999997168779373,0.00000026500006811147614,0.0006861621513962746,0.0010000000474974513,0,0,76.58857727050781,-76.58858489990234,6.225822925567627,0,22.994848251342773
0.08726999908685684,0.09999997168779373,0.00000027000007207789167,0.0006861621513962746,0.0010000000474974513,0,0,65.84440612792969,-65.84441375732422,5.742038249969482,0,22.994848251342773
0.08727499842643738,0.09999997168779373,0.0000002750000760443072,0.0006861621513962746,0.0010000000474974513,0,0,53.1898193359375,-53.18983459472656,5.1734724044799805,0,22.994848251342773
0.08727999776601791,0.09999997168779373,0.00000028000008001072274,0.0006861621513962746,0.0010000000474974513,0,0,39.20469284057617,-39.204708099365234,4.54799747467041,0,22.994848251342773
0.08728499710559845,0.09999997168779373,0.0000002850000839771383,0.0006861621513962746,0.0010000000474974513,0,0,24.60256004333496,-24.602581024169922,3.899482250213623,0,22.994848251342773
0.08728999644517899,0.09999997168779373,0.0000002900000879435538,0.0006861621513962746,0.0010000000474974513,0,0,10.19152545928955,-10.191555976867676,3.2659661769866943,0,22.994848251342773
0.08729499578475952,0.09999997168779373,0.00000029500009190996934,0.0006861621513962746,0.0010000000474974513,0,0,3.173079490661621,3.1730384826660156,2.6874537467956543,0,22.994848251342773
0.08729999512434006,0.09999997168779373,0.0000003000000958763849,0.0006861621513962746,0.0010000000474974513,0,0,14.63861083984375,14.638556480407715,2.2035930156707764,0,22.994848251342773
0.0873049944639206,0.09999997168779373,0.0000003050000998428004,0.0006861621513962746,0.0010000000474974513,0,0,23.410140991210938,23.410072326660156,1.8511364459991455,0,22.994848251342773
0.08731000125408173,0.09999997168779373,0.00000031000010380921594,0.0006861621513962746,0.0010000000474974513,0,0,28.804197311401367,28.804113388061523,1.6614707708358765,0,22.994848251342773
0.08731500059366226,0.09999997168779373,0.0000003150001077756315,0.0006861621513962746,0.0010000000474974513,0,0,29.94463348388672,29.94453239440918,1.6760272979736328,0,22.994848251342773
0.0873199999332428,0.09999997168779373,0.000000320000111742047,0.0006861621513962746,0.0010000000474974513,0,0,26.46750259399414,26.46738624572754,1.911258339881897,0,22.994848251342773
0.08732499927282333,0.09999997168779373,0.00000032500011570846254,0.0006861621513962746,0.0010000000474974513,0,0,18.322721481323242,18.322587966918945,2.3686916828155518,0,22.994848251342773
0.08732999861240387,0.09999997168779373,0.0000003300001196748781,0.0006861621513962746,0.0010000000474974513,0,0,5.742644309997559,5.742493152618408,3.0365757942199707,0,22.994848251342773
0.0873349979519844,0.09999997168779373,0.0000003350001236412936,0.0006861621513962746,0.0010000000474974513,0,0,10.764653205871582,-10.764820098876953,3.890225410461426,0,22.994848251342773
0.08733999729156494,0.09999997168779373,0.00000034000012760770915,0.0006861621513962746,0.0010000000474974513,0,0,30.432815551757813,-30.432994842529297,4.892899990081787,0,22.994848251342773
0.08734499663114548,0.09999997168779373,0.0000003450001315741247,0.0006861621513962746,0.0010000000474974513,0,0,52.288536071777344,-52.28873062133789,5.998191833496094,0,22.994848251342773
0.08734999597072601,0.09999997168779373,0.0000003500001355405402,0.0006861621513962746,0.0010000000474974513,0,0,73.60591888427734,-73.60611724853516,7.072547912597656,0,22.994848251342773
0.08735499531030655,0.09999997168779373,0.00000035500013950695575,0.0006861621513962746,0.0010000000474974513,0,0,94.42787170410156,-94.42808532714844,8.120922088623047,0,22.994848251342773
0.08735999464988708,0.09999997168779373,0.0000003600001434733713,0.0006861621513962746,0.0010000000474974513,0,0,114.12925720214844,-114.12947082519531,9.114880561828613,0,22.994848251342773
0.08736500144004822,0.09999997168779373,0.0000003650001474397868,0.0006861621513962746,0.0010000000474974513,0,0,131.76612854003906,-131.76634216308594,10.00993537902832,0,22.994848251342773
0.08737000077962875,0.09999997168779373,0.00000037000015140620235,0.0006861621513962746,0.0010000000474974513,0,0,146.50315856933594,-146.50335693359375,10.766715049743652,0,22.994848251342773
0.08737500011920929,0.09999997168779373,0.0000003750001553726179,0.0006861621513962746,0.0010000000474974513,0,0,157.66177368164063,-157.66197204589844,11.353209495544434,0,22.994848251342773
0.08737999945878983,0.09999997168779373,0.0000003800001593390334,0.0006861621513962746,0.0010000000474974513,0,0,164.75888061523438,-164.75906372070313,11.746567726135254,0,22.994848251342773
0.08738499879837036,0.09999997168779373,0.00000038500016330544895,0.0006861621513962746,0.0010000000474974513,0,0,167.533447265625,-167.5336151123047,11.93433666229248,0,22.994848251342773
0.0873899981379509,0.09999997168779373,0.0000003900001672718645,0.0006861621513962746,0.0010000000474974513,0,0,165.9596405029297,-165.9597930908203,11.91508674621582,0,22.994848251342773
0.08739499747753143,0.09999997168779373,0.00000039500017123828,0.0006861621513962746,0.0010000000474974513,0,0,160.17288208007813,-160.17300415039063,11.694710731506348,0,22.994848251342773
0.08739999681711197,0.09999997168779373,0.00000040000017520469555,0.0006861621513962746,0.0010000000474974513,0,0,150.30625915527344,-150.30638122558594,11.278318405151367,0,22.994848251342773
0.0874049961566925,0.09999997168779373,0.0000004050001791711111,0.0006861621513962746,0.0010000000474974513,0,0,137.04281616210938,-137.0428924560547,10.697911262512207,0,22.994848251342773
0.08740999549627304,0.09999997168779373,0.0000004100001831375266,0.0006861621513962746,0.0010000000474974513,0,0,121.2464599609375,-121.24653625488281,9.994098663330078,0,22.994848251342773
0.08741499483585358,0.09999997168779373,0.00000041500018710394215,0.0006861621513962746,0.0010000000474974513,0,0,105.08191680908203,-105.08197021484375,9.272284507751465,0,22.994848251342773
0.08741999417543411,0.09999997168779373,0.0000004200001910703577,0.0006861621513962746,0.0010000000474974513,0,0,89.11567687988281,-89.11572265625,8.558085441589355,0,22.994848251342773
0.08742500096559525,0.09999997168779373,0.0000004250001950367732,0.0006861621513962746,0.0010000000474974513,0,0,73.42435455322266,-73.42437744140625,7.852901935577393,0,22.994848251342773
0.08743000030517578,0.09999997168779373,0.00000043000019900318875,0.0006861621513962746,0.0010000000474974513,0,0,58.8001708984375,-58.80018997192383,7.1942548751831055,0,22.994848251342773
0.08743499964475632,0.09999997168779373,0.0000004350002029696043,0.0006861621513962746,0.0010000000474974513,0,0,45.941131591796875,-45.9411506652832,6.615444183349609,0,22.994848251342773
0.08743999898433685,0.09999997168779373,0.0000004400002069360198,0.0006861621513962746,0.0010000000474974513,0,0,35.41465759277344,-35.414676666259766,6.143837928771973,0,22.994848251342773
0.08744499832391739,0.09999997168779373,0.00000044500021090243536,0.0006861621513962746,0.0010000000474974513,0,0,27.630918502807617,-27.630939483642578,5.799610137939453,0,22.994848251342773
0.08744999766349792,0.09999997168779373,0.0000004500002148688509,0.0006861621513962746,0.0010000000474974513,0,0,22.82718276977539,-22.827211380004883,5.594974994659424,0,22.994848251342773
0.08745499700307846,0.09999997168779373,0.0000004550002188352664,0.0006861621513962746,0.0010000000474974513,0,0,21.15608024597168,-21.1561222076416,5.538572788238525,0,22.994848251342773
0.087459996342659,0.09999997168779373,0.00000046000022280168196,0.0006861621513962746,0.0010000000474974513,0,0,22.779273986816406,-22.77933120727539,5.640087604522705,0,22.994848251342773
0.08746499568223953,0.09999997168779373,0.0000004650002267680975,0.0006861621513962746,0.0010000000474974513,0,0,27.401119232177734,-27.401195526123047,5.886655807495117,0,22.994848251342773
0.08746999502182007,0.09999997168779373,0.000000470000230734513,0.0006861621513962746,0.0010000000474974513,0,0,34.57291793823242,-34.57301330566406,6.258096218109131,0,22.994848251342773
0.0874749943614006,0.09999997168779373,0.00000047500023470092856,0.0006861621513962746,0.0010000000474974513,0,0,43.72764587402344,-43.72776412963867,6.728519439697266,0,22.994848251342773
0.08748000115156174,0.09999997168779373,0.0000004800002102456347,0.0006861621513962746,0.0010000000474974513,0,0,54.22462844848633,-54.224769592285156,7.26838493347168,0,22.994848251342773
0.08748500049114227,0.09999997168779373,0.0000004850002142120502,0.0006861621513962746,0.0010000000474974513,0,0,65.39710998535156,-65.39727783203125,7.846701145172119,0,22.994848251342773
0.08748999983072281,0.09999997168779373,0.0000004900002181784657,0.0006861621513962746,0.0010000000474974513,0,0,76.07241821289063,-76.0726089477539,8.406865119934082,0,22.994848251342773
0.08749499917030334,0.09999997168779373,0.0000004950002221448813,0.0006861621513962746,0.0010000000474974513,0,0,86.18228149414063,-86.1824951171875,8.946968078613281,0,22.994848251342773
0.08749999850988388,0.09999997168779373,0.0000005000002261112968,0.0006861621513962746,0.0010000000474974513,0,0,95.35745239257813,-95.35769653320313,9.44947624206543,0,22.994848251342773
0.08749999850988388,0.09999997168779373,0.0000005050002300777123,0.0006861621513962746,0.0010000000474974513,0,0,103.2874984741211,-103.28775787353516,9.899147033691406,0,22.994848251342773
0.08750499784946442,0.09999997168779373,0.0000005048358389103669,0.0007197317900136113,-0.00003287742947577499,0,0,81.79276275634766,-81.79303741455078,8.886580467224121,0,4.325091361999512
0.08750999718904495,0.09999997913837433,0.0000005044111048846389,0.0007900247583165765,-0.00008494831854477525,0,0,58.80046844482422,-58.8006477355957,7.803380489349365,0,4.325091361999512
0.08751499652862549,0.09999998658895493,0.0000005037991854806023,0.0008362927474081516,-0.0001223818544531241,0,0,36.24046325683594,-36.24054718017578,6.740923881530762,0,4.325091361999512
0.08751999586820602,0.09999999403953552,0.0000005030719307796971,0.0008578289998695254,-0.00014545324665959924,0,0,19.167020797729492,-19.167009353637695,5.946740627288818,0,4.325091361999512
0.08752499520778656,0.10000000149011612,0.0000005022836262469355,0.0008546537719666958,-0.00015765534772071987,0,0,4.307668209075928,-4.307569980621338,5.252803325653076,0,4.325091361999512
0.0875299945473671,0.10000000894069672,0.0000005014816224502283,0.0008288309909403324,-0.00016039768524933606,0,0,5.828204154968262,5.8283867835998535,4.780688285827637,0,4.325091361999512
0.08753500133752823,0.10000001639127731,0.0000005006982064514887,0.0007808085065335035,-0.00015668732521589845,0,0,10.385595321655273,10.385859489440918,4.570237636566162,0,4.325091361999512
0.08754000067710876,0.10000001639127731,0.0000004999478164791071,0.0007113609462976456,-0.00015007566253188998,0,0,8.930100440979004,8.930352210998535,4.64146089553833,0,4.325091361999512
0.0875450000166893,0.10000001639127731,0.000000499225848216156,0.0006452823290601373,-0.00014439057849813253,0,0,1.4852442741394043,1.4854798316955566,4.992786884307861,0,4.325091361999512
0.08754999935626984,0.10000001639127731,0.0000004985085979569703,0.0005835437914356589,-0.00014344505325425416,0,0,11.46452808380127,-11.464311599731445,5.60095739364624,0,4.325091361999512
0.08755499869585037,0.10000001639127731,0.000000497754854222876,0.0005269780522212386,-0.00015074359544087201,0,0,29.007545471191406,-29.00735092163086,6.422624588012695,0,4.325091361999512
0.08755999803543091,0.10000001639127731,0.0000004969087967765518,0.00047625324805267155,-0.00016921038331929594,0,0,49.87165069580078,-49.87147903442383,7.397507667541504,0,4.325091361999512
0.08756499737501144,0.10000001639127731,0.0000004959039756613493,0.00043185168760828674,-0.00020095966465305537,0,0,72.51903533935547,-72.51889038085938,8.452866554260254,0,4.325091361999512
0.08756999671459198,0.10000001639127731,0.0000004946683702655719,0.00039405436837114394,-0.00024712670710869133,0,0,95.26195526123047,-95.26183319091797,9.508959770202637,0,4.325091361999512
0.08757499605417252,0.10000001639127731,0.0000004931295052301721,0.0003629319544415921,-0.0003077723376918584,0,0,116.39042663574219,-116.39032745361328,10.485058784484863,0,4.325091361999512
0.08757999539375305,0.10000001639127731,0.0000004912201347906375,0.00033834276837296784,-0.0003818687691818923,0,0,134.30218505859375,-134.30210876464844,11.305567741394043,0,4.325091361999512
0.08758499473333359,0.10000001639127731,0.0000004888833018412697,0.00031993715674616396,-0.00046736819786019623,0,0,147.62477111816406,-147.62472534179688,11.905778884887695,0,4.325091361999512
0.08758999407291412,0.10000001639127731,0.0000004860765443481796,0.000307168549625203,-0.0005613490357063711,0,0,155.32054138183594,-155.3205108642578,12.236804008483887,0,4.325091361999512
0.08759500086307526,0.10000001639127731,0.000000482775419641257,0.00029931103927083313,-0.000660229183267802,0,0,156.76620483398438,-156.7661895751953,12.269326210021973,0,4.325091361999512
0.08760000020265579,0.10000001639127731,0.0000004789752665601554,0.0002954823721665889,-0.0007600295939482749,0,0,151.80104064941406,-151.80104064941406,11.995862007141113,0,4.325091361999512
0.08760499954223633,0.10000001639127731,0.00000047469191599702754,0.0002946720051113516,-0.0008566690958105028,0,0,140.6533966064453,-140.6533966064453,11.427047729492188,0,4.325091361999512
0.08760999888181686,0.10000001639127731,0.0000004699608666669519,0.0002958834811579436,-0.0009462118032388389,0,0,124.21051025390625,-124.21051788330078,10.605181694030762,0,4.325091361999512
0.0876149982213974,0.10000001639127731,0.00000046483444293698994,0.0002979117853101343,-0.0010252866195514798,0,0,103.7029800415039,-103.70298767089844,9.588628768920898,0,4.325091361999512
0.08761999756097794,0.10000001639127731,0.00000045937790105199383,0.0002994434616994113,-0.0010913059813901782,0,0,80.57612609863281,-80.57612609863281,8.44565200805664,0,4.325091361999512
0.08762499690055847,0.10000001639127731,0.00000045366488166109775,0.000299205508781597,-0.0011426022974774241,0,0,56.302528381347656,-56.30251693725586,7.245355129241943,0,4.325091361999512
0.08762999624013901,0.10000001639127731,0.000000447772663392243,0.0002962123544421047,-0.0011784456437453628,0,0,32.724422454833984,-32.72439956665039,6.075138092041016,0,4.325091361999512
0.08763499557971954,0.10000001639127731,0.00000044177627955832577,0.00028942691278643906,-0.00119927863124758,0,0,11.513914108276367,-11.513875007629395,5.01409912109375,0,4.325091361999512
0.08763999491930008,0.10000001639127731,0.00000043574323171924334,0.0002779328206088394,-0.0012066086055710912,0,0,5.843661785125732,5.8437180519104,4.132564067840576,0,4.325091361999512
0.08764499425888062,0.10000001639127731,0.00000042972880009983783,0.00026096354122273624,-0.0012028884375467896,0,0,18.161149978637695,18.161224365234375,3.4868323802948,0,4.325091361999512
0.08765000104904175,0.10000001639127731,0.00000042377217823741375,0.0002379268844379112,-0.0011913267662748694,0,0,24.637928009033203,24.63802146911621,3.115004777908325,0,4.325091361999512
0.08765500038862228,0.10000001639127731,0.00000041789397187130817,0.00020842374942731112,-0.0011756416643038392,0,0,24.918424606323242,24.91853904724121,3.0342202186584473,0,4.325091361999512
0.08765999972820282,0.10000001639127731,0.00000041209509049622284,0.00017226090130861849,-0.00115977821405977,0,0,19.116487503051758,19.116621017456055,3.2394919395446777,0,4.325091361999512
0.08766499906778336,0.10000001639127731,0.000000406357060001028,0.00012945702474098653,-0.001147608389146626,0,0,7.803683280944824,7.803833961486816,3.7042460441589355,0,4.325091361999512
0.08766999840736389,0.10000001639127731,0.00000040064387007987534,0.00008024227281566709,-0.0011426404817029834,0,0,8.037301063537598,-8.037134170532227,4.382501125335693,0,4.325091361999512
0.08767499774694443,0.10000001639127731,0.0000003949050721985259,0.000025050823751371354,-0.0011477571679279208,0,0,27.090559005737305,-27.090377807617188,5.212521076202393,0,4.325091361999512
0.08767999708652496,0.10000001639127731,0.0000003890800428507646,-0.000035492903407430276,-0.001165003632195294,0,0,47.809974670410156,-47.80978012084961,6.121653079986572,0,4.325091361999512
0.0876849964261055,0.10000001639127731,0.0000003831028436707129,-0.00010059409396490082,-0.001195440418086946,0,0,68.5393295288086,-68.53913116455078,7.031970977783203,0,4.325091361999512
0.08768999576568604,0.10000001639127731,0.00000037690747944907343,-0.0001693129015620798,-0.0012390738120302558,0,0,87.64021301269531,-87.64000701904297,7.8662896156311035,0,4.325091361999512
0.08769499510526657,0.10000001639127731,0.00000037043315614937455,-0.00024059429415501654,-0.0012948672519996762,0,0,103.61746978759766,-103.61726379394531,8.554072380065918,0,4.325091361999512
0.0876999944448471,0.10000001639127731,0.00000036362899891173583,-0.0003133014834020287,-0.0013608321314677596,0,0,115.23165893554688,-115.23145294189453,9.036726951599121,0,4.325091361999512
0.08770500123500824,0.10000001639127731,0.0000003564580310921883,-0.00038625000161118805,-0.0014341907808557153,0,0,121.595458984375,-121.59526062011719,9.27214241027832,0,4.325091361999512
0.08771000057458878,0.10000001639127731,0.00000034890001643361757,-0.00045824734843336046,-0.001511600916273892,0,0,122.24124145507813,-122.24105072021484,9.237861633300781,0,4.325091361999512
0.08771499991416931,0.10000001639127731,0.0000003409529085729446,-0.00052813277579844,-0.0015894219977781177,0,0,117.14523315429688,-117.14505767822266,8.93228530883789,0,4.325091361999512
0.08771999925374985,0.10000001639127731,0.0000003326329078845447,-0.0005948141915723681,-0.001663999049924314,0,0,106.73060607910156,-106.73043823242188,8.374801635742188,0,4.325091361999512
0.08772499859333038,0.10000001639127731,0.0000003239731825033232,-0.0006573012797161937,-0.0017319457838311791,0,0,91.82913208007813,-91.82898712158203,7.6040191650390625,0,4.325091361999512
0.08772999793291092,0.10000001639127731,0.00000031502113984061,-0.0007147375727072358,-0.001790406065993011,0,0,73.61229705810547,-73.61216735839844,6.674540996551514,0,4.325091361999512
0.08773499727249146,0.10000000894069672,0.0000003058347886053525,-0.0007664270233362913,-0.0018372690537944436,0,0,53.49609375,-53.49604034423828,5.6525187492370605,0,4.325091361999512
0.08773999661207199,0.10000000149011612,0.0000002964781629088975,-0.0007881408091634512,-0.0018713256577029824,0,0,32.38368225097656,-32.38370132446289,4.578134536743164,0,4.325091361999512
0.08774499595165253,0.09999999403953552,0.0000002870184516723384,-0.0007791228126734495,-0.0018919416470453143,0,0,11.235885620117188,-11.235978126525879,3.494432210922241,0,4.325091361999512
0.08774999529123306,0.09999999403953552,0.0000002775229859253159,-0.0007379183080047369,-0.0018990946700796485,0,0,5.900238990783691,5.900138854980469,2.5990495681762695,0,4.325091361999512
0.0877549946308136,0.09999999403953552,0.00000026804630692822684,-0.0006919919978827238,-0.0018953384133055806,0,0,18.508012771606445,18.507909774780273,1.9140924215316772,0,4.325091361999512
0.08776000142097473,0.09999999403953552,0.0000002586285177130776,-0.0006428788183256984,-0.0018835557857528329,0,0,26.082050323486328,26.081947326660156,1.4622788429260254,0,4.325091361999512
0.08776500076055527,0.09999999403953552,0.00000024929374831117457,-0.0005922203417867422,-0.0018669514684006572,0,0,28.157451629638672,28.157352447509766,1.2656359672546387,0,4.325091361999512
0.0877700001001358,0.09999999403953552,0.00000024004862098081503,-0.0005417095962911844,-0.0018490258371457458,0,0,24.52106285095215,24.520971298217773,1.3350379467010498,0,4.325091361999512
0.08777499943971634,0.09999999403953552,0.00000023088153966455138,-0.0004930348368361592,-0.0018334152409806848,0,0,15.443365097045898,15.443284034729004,1.6586267948150635,0,4.325091361999512
0.08777999877929688,0.09999999403953552,0.00000022176362790560233,-0.0004478229093365371,-0.0018235837342217565,0,0,1.8905494213104248,1.8904802799224854,2.1911094188690186,0,4.325091361999512
0.08778499811887741,0.09999999403953552,0.00000021265172733819782,-0.00040758494287729263,-0.0018223802326247096,0,0,14.779038429260254,-14.779093742370605,2.868696689605713,0,4.325091361999512
0.08778999745845795,0.09999999403953552,0.00000020349278884168598,-0.0003736657672561705,-0.0018317889189347625,0,0,32.875152587890625,-32.87519073486328,3.611786127090454,0,4.325091361999512
0.08779499679803848,0.09999999403953552,0.0000001942292016110514,-0.00034719903487712145,-0.0018527178326621652,0,0,48.53037643432617,-48.53040313720703,4.232297420501709,0,4.325091361999512
0.08779999613761902,0.09999999403953552,0.00000018481114238966256,-0.0003290693275630474,-0.0018836132949218154,0,0,62.44265365600586,-62.44266891479492,4.7700958251953125,0,4.325091361999512
0.08780499547719955,0.09999999403953552,0.0000001751943159433722,-0.0003198826452717185,-0.0019233656348660588,0,0,73.32667541503906,-73.32667541503906,5.165469169616699,0,4.325091361999512
0.08780999481678009,0.09999999403953552,0.00000016534407620838465,-0.00031994027085602283,-0.0019700468983501196,0,0,80.78528594970703,-80.7852783203125,5.4023613929748535,0,4.325091361999512
0.08781499415636063,0.09999999403953552,0.00000015523669105732552,-0.00032840511994436383,-0.0020214763935655355,0,0,83.3673324584961,-83.3673095703125,5.4111504554748535,0,4.325091361999512
0.08782000094652176,0.09999999403953552,0.00000014486394661616941,-0.00034499424509704113,-0.002074549673125148,0,0,80.6741714477539,-80.67414093017578,5.173562526702881,0,4.325091361999512
0.0878250002861023,0.09999999403953552,0.0000001342343978194549,-0.00036915321834385395,-0.002125908387824893,0,0,72.7420654296875,-72.74203491210938,4.6916327476501465,0,4.325091361999512
0.08782999962568283,0.09999999403953552,0.0000001233733115668656,-0.0004000746412202716,-0.002172217471525073,0,0,60.04193878173828,-60.04190444946289,3.987687110900879,0,4.325091361999512
0.08783499896526337,0.09999999403953552,0.00000011232110352921154,-0.0004367249784991145,-0.002210441278293729,0,0,43.44359588623047,-43.44356155395508,3.1026546955108643,0,4.325091361999512
0.0878399983048439,0.09999999403953552,0.00000010113060966432386,-0.0004778793081641197,-0.0022380982991307974,0,0,24.147260665893555,-24.147228240966797,2.0928566455841064,0,4.325091361999512
0.08784499764442444,0.09999999403953552,0.000000089863256391709,-0.000522162183187902,-0.0022534707095474005,0,0,3.58785080909729,-3.5878210067749023,1.0255204439163208,0,4.325091361999512
0.08784999698400497,0.09999999403953552,0.00000007858448469733048,-0.0005680934991687536,-0.002255754778161645,0,0,16.69523048400879,16.695255279541016,-0.027240708470344543,0,4.325091361999512
0.08785499632358551,0.09999999403953552,0.00000006735885449415946,-0.0006141382036730647,-0.002245126059278846,0,0,35.17994689941406,35.17996597290039,-0.9941430687904358,0,4.325091361999512
0.08785999566316605,0.09999999403953552,0.00000005624520582614423,-0.0006587572861462831,-0.0022227296140044928,0,0,50.47246170043945,50.472476959228516,-1.8099818229675293,0,4.325091361999512
0.08786499500274658,0.09999999403953552,0.000000045292217976111715,-0.0007004594663158059,-0.002190598053857684,0,0,61.41831970214844,61.418331146240234,-2.4208414554595947,0,4.325091361999512
0.08786999434232712,0.09999999403953552,0.000000034534728854396235,-0.0007378510199487209,-0.002151497872546315,0,0,67.19522094726563,67.19522857666016,-2.7884416580200195,0,4.325091361999512
0.08787500113248825,0.09999998658895493,0.00000002399113085971294,-0.0007696821121498942,-0.0021087198983877897,0,0,67.3801498413086,67.3801498413086,-2.893275737762451,0,4.325091361999512
0.08788000047206879,0.09999997913837433,0.00000001366200841346199,-0.0007711730431765318,-0.0020658245775848627,0,0,60.79008483886719,60.79008102416992,-2.676523208618164,0,4.325091361999512
0.08788499981164932,0.09999997913837433,0.00000000352638629408375,-0.0007389272795990109,-0.002027124399319291,0,0,49.296409606933594,49.296409606933594,-2.230595350265503,0,4.325091361999512
0.08788999915122986,0.09999997913837433,-0.00000000645231956752923,-0.0006990989204496145,-0.001995741156861186,0,0,33.597999572753906,33.59800338745117,-1.5880656242370605,0,4.325091361999512
0.0878949984908104,0.09999997913837433,-0.000000016324079865626118,-0.0006521691102534533,-0.0019743519369512796,0,0,15.666346549987793,15.666353225708008,-0.8440921902656555,0,4.325091361999512
0.08789999783039093,0.09999997913837433,-0.000000026145972498170522,-0.0005988675402477384,-0.0019643784034997225,0,0,3.6422462463378906,-3.6422362327575684,-0.037401095032691956,0,4.325091361999512
0.08790499716997147,0.09999997913837433,-0.00000003597945763544885,-0.0005401454400271177,-0.0019666969310492277,0,0,22.753589630126953,-22.75357437133789,0.7577838897705078,0,4.325091361999512
0.087909996509552,0.09999997913837433,-0.00000004588536839378321,-0.0004771349485963583,-0.0019811822567135096,0,0,40.09317398071289,-40.09315490722656,1.467317819595337,0,4.325091361999512
0.08791499584913254,0.09999997913837433,-0.00000005591889973288744,-0.0004111116868443787,-0.0020067065488547087,0,0,54.20749282836914,-54.20746612548828,2.022843360900879,0,4.325091361999512
0.08791999518871307,0.09999997913837433,-0.00000006612498282265733,-0.000343451916705817,-0.002041216241195798,0,0,63.8767204284668,-63.87668991088867,2.3670897483825684,0,4.325091361999512
0.08792499452829361,0.09999997913837433,-0.00000007653439126897865,-0.0002755865571089089,-0.002081881510093808,0,0,68.20986938476563,-68.20983123779297,2.458341598510742,0,4.325091361999512
0.08793000131845474,0.09999997913837433,-0.00000008716092025906619,-0.00020895354100503027,-0.0021253053564578295,0,0,66.71504211425781,-66.71500396728516,2.273739814758301,0,4.325091361999512
0.08793500065803528,0.09999997913837433,-0.00000009799980915659035,-0.0001449494739063084,-0.0021677773911505938,0,0,58.911067962646484,-58.91102600097656,1.7897288799285889,0,4.325091361999512
0.08793999999761581,0.09999997913837433,-0.00000010902621738750895,-0.00008488315506838262,-0.0022052812855690718,0,0,45.19229507446289,-45.19225311279297,1.0252162218093872,0,4.325091361999512
0.08794499933719635,0.09999997913837433,-0.0000001201964749952822,-0.00002993176349264104,-0.002234051702544093,0,0,26.49595069885254,-26.495906829833984,0.025003409013152122,0,4.325091361999512
0.08794999867677689,0.09999997913837433,-0.00000013145107402579015,0.000018898486814578064,-0.0022509193513542414,0,0,4.174585819244385,-4.174543857574463,-1.1464359760284424,0,4.325091361999512
0.08795499801635742,0.09999997913837433,-0.00000014271896020545682,0.00006081126775825396,-0.0022535768803209066,0,0,19.248493194580078,19.248531341552734,-2.3669159412384033,0,4.325091361999512
0.08795999735593796,0.09999997913837433,-0.00000015392556917959155,0.0000952524715103209,-0.0022413230035454035,0,0,40.955902099609375,40.9559326171875,-3.4998862743377686,0,4.325091361999512
0.0879649966955185,0.09999997913837433,-0.00000016500182198342372,0.00012192959547974169,-0.0022152496967464685,0,0,61.34000778198242,61.340030670166016,-4.569114685058594,0,4.325091361999512
0.08796999603509903,0.09999997913837433,-0.00000017588281764346902,0.0001408219977747649,-0.0021761993411928415,0,0,79.01141357421875,79.01142883300781,-5.509026050567627,0,4.325091361999512
0.08797499537467957,0.09999997913837433,-0.00000018651230959676468,0.000152181601151824,-0.002125899074599147,0,0,92.78147888183594,92.78148651123047,-6.263518810272217,0,4.325091361999512
0.0879799947142601,0.09999997913837433,-0.000000196846471567369,0.00015652409638278186,-0.002066832734271884,0,0,101.88916778564453,101.88916778564453,-6.797039031982422,0,4.325091361999512
0.08798499405384064,0.09999997913837433,-0.000000206856313411663,0.00015478479326702654,-0.002001967979595065,0,0,105.89055633544922,105.89054870605469,-7.088871955871582,0,4.325091361999512
0.08799000084400177,0.09999997913837433,-0.0000002165290879929671,0.0001482469670008868,-0.001934556057676673,0,0,104.30265808105469,104.30264282226563,-7.115204811096191,0,4.325091361999512
0.0879950001835823,0.09999997913837433,-0.00000022586986858641467,0.0001379595196340233,-0.0018681548535823822,0,0,97.37515258789063,97.37512969970703,-6.887633800506592,0,4.325091361999512
0.08799999952316284,0.09999997913837433,-0.00000023490068201681424,0.00012509667431004345,-0.001806163927540183,0,0,85.75975036621094,85.75971984863281,-6.436699867248535,0,4.325091361999512
0.08800499886274338,0.09999997913837433,-0.0000002436585191389895,0.00011091871419921517,-0.0017515674699097872,0,0,70.45841979980469,70.45838928222656,-5.809462070465088,0,4.325091361999512
0.08800999820232391,0.09999997913837433,-0.00000025219208055204945,0.0000967298838077113,-0.0017067121807485819,0,0,52.7444953918457,52.744468688964844,-5.0657958984375,0,4.325091361999512
0.08801499754190445,0.09999997913837433,-0.000000260557754927504,0.00008383479143958539,-0.0016731340438127518,0,0,34.06294631958008,34.062923431396484,-4.273709774017334,0,4.325091361999512
0.08801999688148499,0.09999997913837433,-0.00000026881500048148155,0.0000734948116587475,-0.0016514488961547613,0,0,15.91772174835205,15.917708396911621,-3.504054546356201,0,4.325091361999512
0.08802499622106552,0.09999997913837433,-0.0000002770215701275447,0.00006688592839054763,-0.001641315408051014,0,0,0.24493137001991272,-0.2449352741241455,-2.825040340423584,0,4.325091361999512
0.08802999556064606,0.09999997913837433,-0.0000002852289355814719,0.00006505938654299825,-0.001641471404582262,0,0,13.4501314163208,-13.450122833251953,-2.2818853855133057,0,4.325091361999512
0.08803499490022659,0.09999997913837433,-0.00000029347910412980127,0.00006929135997779667,-0.0016500339843332767,0,0,22.56429100036621,-22.564266204833984,-1.9285647869110107,0,4.325091361999512
0.08803999423980713,0.09999997913837433,-0.0000003018010943378613,0.00008052973134908825,-0.0016643989365547895,0,0,26.553733825683594,-26.553691864013672,-1.815115213394165,0,4.325091361999512
0.08804500102996826,0.09999997913837433,-0.0000003102076107097673,0.00009929442603606731,-0.0016813036054372787,0,0,24.733474731445313,-24.73341178894043,-1.9753767251968384,0,4.325091361999512
0.0880500003695488,0.09999997913837433,-0.0000003186928552167956,0.00012584183423314244,-0.0016970494762063026,0,0,17.2714786529541,-17.27139663696289,-2.4018659591674805,0,4.325091361999512
0.08805499970912933,0.09999997913837433,-0.00000032723306730986224,0.00016015584697015584,-0.0017080449033528566,0,0,4.801814079284668,-4.801710605621338,-3.064997673034668,0,4.325091361999512
0.08805999904870987,0.09999997913837433,-0.00000033578857028260245,0.0002019484236370772,-0.0017111017368733883,0,0,11.651226997375488,11.651350975036621,-3.9165656566619873,0,4.325091361999512
0.0880649983882904,0.09999997913837433,-0.000000344306982924536,0.00025066963280551136,-0.001703684451058507,0,0,30.613882064819336,30.614025115966797,-4.886693477630615,0,4.325091361999512
0.08806999772787094,0.09999997913837433,-0.0000003527279659465421,0.0003055269771721214,-0.0016841951292008162,0,0,49.32202911376953,49.32218933105469,-5.841488361358643,0,4.325091361999512
0.08807499706745148,0.09999997913837433,-0.00000036099194744565466,0.0003655173350125551,-0.001652795821428299,0,0,67.53759765625,67.53777313232422,-6.773343086242676,0,4.325091361999512
0.08807999640703201,0.09999997913837433,-0.00000036904094713463564,0.00042946607572957873,-0.0016098001506179571,0,0,83.90713500976563,83.90731811523438,-7.61864709854126,0,4.325091361999512
0.08808499574661255,0.09999997913837433,-0.0000003768228680200991,0.0004960662336088717,-0.0015563832130283117,0,0,97.23826599121094,97.23846435546875,-8.321296691894531,0,4.325091361999512
0.08808999508619308,0.09999997913837433,-0.0000003842952764898655,0.0005639222799800336,-0.0014944793656468391,0,0,106.59249877929688,106.59269714355469,-8.83704948425293,0,4.325091361999512
0.08809499442577362,0.09999997913837433,-0.0000003914283865924517,0.0006315966020338237,-0.0014266204088926315,0,0,111.35735321044922,111.35755157470703,-9.136920928955078,0,4.325091361999512
0.08810000121593475,0.09999997913837433,-0.00000039820702113502193,0.000697657756973058,-0.0013557281345129013,0,0,111.29267120361328,111.29286193847656,-9.209368705749512,0,4.325091361999512
0.08810500055551529,0.09999998658895493,-0.0000004046314074912516,0.0007607282022945583,-0.0012848770711570978,0,0,104.68460845947266,104.6847152709961,-8.96794319152832,0,4.325091361999512
0.08810999989509583,0.09999999403953552,-0.0000004107225777261192,0.0007934427703730762,-0.0012182327918708324,0,0,94.07038116455078,94.07038879394531,-8.537346839904785,0,4.325091361999512
0.08811499923467636,0.10000000149011612,-0.00000041651429683042807,0.000795123225543648,-0.0011583457235246897,0,0,82.5439224243164,82.54383850097656,-8.06911563873291,0,4.325091361999512
0.0881199985742569,0.10000000894069672,-0.0000004220432856527623,0.0007683870499022305,-0.0011057965457439423,0,0,69.18793487548828,69.18775939941406,-7.513723373413086,0,4.325091361999512
0.08812499791383743,0.10000000894069672,-0.0000004273520346487203,0.0007138653309084475,-0.0010617501102387905,0,0,55.087066650390625,55.086875915527344,-6.921277046203613,0,4.325091361999512
0.08812999725341797,0.10000000894069672,-0.00000043248545011920214,0.0006562659400515258,-0.0010266806930303574,0,0,41.499595642089844,41.49939727783203,-6.3504109382629395,0,4.325091361999512
0.0881349965929985,0.10000000894069672,-0.0000004374867614842515,0.0005966835306026042,-0.0010002611670643091,0,0,29.635347366333008,29.635143280029297,-5.857515335083008,0,4.325091361999512
0.08813999593257904,0.10000000894069672,-0.0000004423937411957013,0.0005362789961509407,-0.0009813946671783924,0,0,20.55792808532715,20.557722091674805,-5.492160320281982,0,4.325091361999512
0.08814499527215958,0.10000000894069672,-0.0000004472352657103329,0.0004762409080285579,-0.0009683071402832866,0,0,15.098731994628906,15.098528861999512,-5.293069362640381,0,4.325091361999512
0.08814999461174011,0.10000000894069672,-0.0000004520287291143177,0.0004177454102318734,-0.0009586949599906802,0,0,13.78957462310791,13.789379119873047,-5.284964561462402,0,4.325091361999512
0.08815500140190125,0.10000000894069672,-0.00000045677830939894193,0.0003619172202888876,-0.0009499161969870329,0,0,16.819345474243164,16.81916046142578,-5.476541996002197,0,4.325091361999512
0.08816000074148178,0.10000000894069672,-0.0000004614743431829993,0.00030979179427959025,-0.0009392086649313569,0,0,24.01808738708496,24.01791763305664,-5.859726905822754,0,4.325091361999512
0.08816500008106232,0.10000000894069672,-0.00000046609392256868887,0.00026228089700452983,-0.0009239183273166418,0,0,34.869625091552734,34.86947250366211,-6.410271167755127,0,4.325091361999512
0.08816999942064285,0.10000000894069672,-0.0000004706025151790527,0.00022014204296283424,-0.0009017196716740727,0,0,48.559322357177734,48.55918884277344,-7.089956283569336,0,4.325091361999512
0.08817499876022339,0.10000000894069672,-0.00000047495655053353403,0.0001839616452343762,-0.0008708058157935739,0,0,64.03196716308594,64.0318603515625,-7.849343299865723,0,4.325091361999512
0.08817999809980392,0.10000000894069672,-0.0000004791067453879805,0.0001541364472359419,-0.0008300418267026544,0,0,80.0753402709961,80.07525634765625,-8.63169002532959,0,4.325091361999512
0.08818499743938446,0.10000000894069672,-0.0000004830020543522551,0.0001308608625549823,-0.0007790642557665706,0,0,95.41648864746094,95.41642761230469,-9.37746810913086,0,4.325091361999512
0.088189996778965,0.10000000894069672,-0.0000004865936489295564,0.0001141208631452173,-0.0007183202542364597,0,0,108.8232650756836,108.82322692871094,-10.029121398925781,0,4.325091361999512
0.08819499611854553,0.10000000894069672,-0.0000004898388397123199,0.00010369437222834677,-0.0006490412633866072,0,0,119.20319366455078,119.20317840576172,-10.535696029663086,0,4.325091361999512
0.08819999545812607,0.10000000894069672,-0.0000004927046006741875,0.00009915835107676685,-0.0005731541896238923,0,0,125.7501220703125,125.7501220703125,-10.859892845153809,0,4.325091361999512
0.0882049947977066,0.10000000894069672,-0.0000004951700702804374,0.00009997663437388837,-0.0004930992145091295,0,0,127.98030853271484,127.98033142089844,-10.979653358459473,0,4.325091361999512
0.08820999413728714,0.10000000894069672,-0.0000004972281999471306,0.00010574507177807391,-0.00041162443812936544,0,0,125.04771423339844,125.0477523803711,-10.853764533996582,0,4.325091361999512
0.08821500092744827,0.10000000894069672,-0.0000004988882551515417,0.0001154404308181256,-0.0003320166142657399,0,0,117.13418579101563,117.13423156738281,-10.491218566894531,0,4.325091361999512
0.08822000026702881,0.10000000894069672,-0.0000005001754743716447,0.00012790824985131621,-0.000257446663454175,0,0,105.690185546875,105.69023132324219,-9.963260650634766,0,4.325091361999512
0.08822499960660934,0.10000000894069672,-0.0000005011262942389294,0.00014190140063874424,-0.0001901622163131833,0,0,91.37120056152344,91.37126159667969,-9.300430297851563,0,4.325091361999512
0.08822999894618988,0.10000000894069672,-0.0000005017862463319034,0.00015612176503054798,-0.000131993496324867,0,0,75.09417724609375,75.09423065185547,-8.545539855957031,0,4.325091361999512
0.08823499828577042,0.10000000894069672,-0.0000005022071718485677,0.000169263657880947,-0.00008418706420343369,0,0,58.10544204711914,58.10548400878906,-7.75728702545166,0,4.325091361999512
0.08823999762535095,0.10000000894069672,-0.0000005024431288802589,0.00018005739548243582,-0.000047195993829518557,0,0,41.71969985961914,41.719730377197266,-6.997488975524902,0,4.325091361999512
0.08824499696493149,0.10000000894069672,-0.0000005025462996854912,0.00018731181626208127,-0.000020636405679397285,0,0,27.218280792236328,27.218290328979492,-6.326298236846924,0,4.325091361999512
0.08824999630451202,0.10000000894069672,-0.0000005025628411203797,0.0001899540366139263,-0.0000033087108022300526,0,0,15.543086051940918,15.543075561523438,-5.78720760345459,0,4.325091361999512
0.08825499564409256,0.10000000894069672,-0.0000005025299287808593,0.0001873279397841543,0.000006586325071111787,0,0,7.59738302230835,7.59735107421875,-5.422334671020508,0,4.325091361999512
0.0882599949836731,0.10000000894069672,-0.0000005024728011449042,0.00017900241073220968,0.000011422968782426324,0,0,4.240716457366943,4.240660667419434,-5.272400379180908,0,4.325091361999512
0.08826499432325363,0.10000000894069672,-0.0000005024022016186791,0.00016448748647235334,0.000014122692846285645,0,0,5.7974371910095215,5.797356605529785,-5.352348804473877,0,4.325091361999512
0.08827000111341476,0.10000000894069672,-0.0000005023131279813242,0.00014349029515869915,0.000017813455997384153,0,0,12.21767520904541,12.217569351196289,-5.659494400024414,0,4.325091361999512
0.0882750004529953,0.10000000894069672,-0.0000005021851734454685,0.0001159242819994688,0.000025591469238861464,0,0,23.078401565551758,23.078269958496094,-6.173582553863525,0,4.325091361999512
0.08827999979257584,0.10000000894069672,-0.0000005019837772124447,0.0000819119595689699,0.00004028363764518872,0,0,37.61324691772461,37.61309051513672,-6.8582072257995605,0,4.325091361999512
0.08828499913215637,0.10000000894069672,-0.0000005016626118958811,0.00004178106246399693,0.00006422897422453389,0,0,54.76887893676758,54.768699645996094,-7.663471698760986,0,4.325091361999512
0.08828999847173691,0.10000000894069672,-0.0000005011671078136715,-0.000003945944627048448,0.00009909592336043715,0,0,73.28367614746094,73.28347778320313,-8.529705047607422,0,4.325091361999512
0.08829499781131744,0.10000000894069672,-0.0000005004383751838759,-0.00005456844883156009,0.00014574977103620768,0,0,91.77871704101563,91.77850341796875,-9.391769409179688,0,4.325091361999512
0.08829999715089798,0.10000000894069672,-0.0000004994174673811358,-0.00010922494402620941,0.0002041779225692153,0,0,108.86517333984375,108.86494445800781,-10.184104919433594,0,4.325091361999512
0.08830499649047852,0.10000000894069672,-0.0000004980500420970202,-0.0001669190969550982,0.00027348363073542714,0,0,123.252197265625,123.25196075439453,-10.845799446105957,0,4.325091361999512
0.08830999583005905,0.10000000894069672,-0.0000004962902835359273,-0.0002265530201839283,0.0003519484307616949,0,0,133.84536743164063,133.8451385498047,-11.32522201538086,0,4.325091361999512
0.08831499516963959,0.10000000894069672,-0.0000004941044835504727,-0.00028696403023786843,0.0004371570539660752,0,0,139.8302459716797,139.83001708984375,-11.583955764770508,0,4.325091361999512
0.08831999450922012,0.10000000894069672,-0.0000004914735995953379,-0.0003469634975772351,0.0005261757760308683,0,0,140.73446655273438,140.73423767089844,-11.599722862243652,0,4.325091361999512
0.08832500129938126,0.10000000894069672,-0.0000004883947326561611,-0.0004053764569107443,0.0006157701718620956,0,0,136.4637451171875,136.46353149414063,-11.368078231811523,0,4.325091361999512
0.08833000063896179,0.10000000894069672,-0.0000004848815251534688,-0.0004610810719896108,0.0007026456878520548,0,0,127.30950164794922,127.3093032836914,-10.9027681350708,0,4.325091361999512
0.08833499997854233,0.10000000894069672,-0.0000004809630809177179,-0.0005130459321662784,0.0007836934528313577,0,0,113.92823028564453,113.92805480957031,-10.234748840332031,0,4.325091361999512
0.08833999931812286,0.10000000894069672,-0.000000476681975669635,-0.0005603646859526634,0.0008562224102206528,0,0,97.28225708007813,97.28209686279297,-9.409445762634277,0,4.325091361999512
0.0883449986577034,0.10000000894069672,-0.00000047209121589730785,-0.0006022860761731863,0.0009181541972793639,0,0,78.5693588256836,78.56922912597656,-8.483428955078125,0,4.325091361999512
0.08834999799728394,0.10000000894069672,-0.00000046725034508199315,-0.0006382305873557925,0.000968172971624881,0,0,59.13414764404297,59.13404083251953,-7.520217418670654,0,4.325091361999512
0.08835499733686447,0.10000000894069672,-0.0000004622212372851209,-0.0006678090430796146,0.0010058189509436488,0,0,40.365989685058594,40.36590576171875,-6.585481643676758,0,4.325091361999512
0.08835999667644501,0.10000000894069672,-0.0000004570636633616232,-0.0006908348295837641,0.00103151670191437,0,0,23.593915939331055,23.59385871887207,-5.742084980010986,0,4.325091361999512
0.08836499601602554,0.10000000894069672,-0.00000045183097086010093,-0.0007073299493640661,0.0010465370723977685,0,0,9.986433982849121,9.986398696899414,-5.04536247253418,0,4.325091361999512
0.08836999535560608,0.10000000894069672,-0.0000004465665028874355,-0.0007175242062658072,0.001052894745953381,0,0,0.46393173933029175,0.4639170169830322,-4.538991451263428,0,4.325091361999512
0.08837499469518661,0.10000000894069672,-0.00000044130055698587967,-0.0007218481041491032,0.0010531902080401778,0,0,4.442551612854004,-4.442547798156738,-4.2481184005737305,0,4.325091361999512
0.08838000148534775,0.10000000894069672,-0.00000043604873667391075,-0.0007208259776234627,0.0010503620142117143,0,0,4.3281402587890625,-4.328121185302734,-4.192627906799316,0,4.325091361999512
0.08838500082492828,0.10000000894069672,-0.0000004308107008910156,-0.0007148899603635073,0.0010476066963747144,0,0,1.070937156677246,1.0709693431854248,-4.386447429656982,0,4.325091361999512
0.08839000016450882,0.10000000894069672,-0.00000042556925450298877,-0.0007050689309835434,0.001048288424499333,0,0,10.72372817993164,10.723769187927246,-4.779871940612793,0,4.325091361999512
0.08839499950408936,0.10000000894069672,-0.00000042029367364193604,-0.0006925215711817145,0.001055115251801908,0,0,23.444849014282227,23.44489288330078,-5.316371917724609,0,4.325091361999512
0.08839999884366989,0.10000000894069672,-0.00000041494345737191907,-0.0006784975994378328,0.0010700406273826957,0,0,38.42717742919922,38.427223205566406,-5.958971977233887,0,4.325091361999512
0.08840499818325043,0.10000000894069672,-0.00000040947094248622307,-0.0006642962107434869,0.0010945041431114078,0,0,54.4311408996582,54.431182861328125,-6.649494647979736,0,4.325091361999512
0.08840999752283096,0.10000000894069672,-0.0000004038251688598393,-0.0006512224208563566,0.0011291560949757695,0,0,70.15457916259766,70.15461730957031,-7.326755046844482,0,4.325091361999512
0.0884149968624115,0.10000000894069672,-0.0000003979560858624609,-0.0006405435269698501,0.0011738179018720984,0,0,84.33377075195313,84.33379364013672,-7.931312561035156,0,4.325091361999512
0.08841999620199203,0.10000000894069672,-0.0000003918185598195123,-0.0006334469653666019,0.001227506552822888,0,0,95.84088134765625,95.84088897705078,-8.410048484802246,0,4.325091361999512
0.08842499554157257,0.10000000894069672,-0.00000038537595514753775,-0.0006310002645477653,0.001288520754314959,0,0,103.99259185791016,103.99258422851563,-8.731348037719727,0,4.325091361999512
0.0884299948811531,0.10000000894069672,-0.0000003786023228258273,-0.0006338324164971709,0.0013547245180234313,0,0,108.16348266601563,108.16345977783203,-8.865594863891602,0,4.325091361999512
0.08843499422073364,0.10000000894069672,-0.00000037148441833778634,-0.0006423857994377613,0.0014235834823921323,0,0,107.85657501220703,107.85652923583984,-8.78857135772705,0,4.325091361999512
0.08844000101089478,0.10000000894069672,-0.0000003640231795998261,-0.0006571430712938309,0.0014922471018508077,0,0,103.10323333740234,103.1031723022461,-8.50137996673584,0,4.325091361999512
0.08844500035047531,0.10000000894069672,-0.000000356233755383073,-0.0006783893331885338,0.0015578846214339137,0,0,94.28277587890625,94.28269958496094,-8.021455764770508,0,4.325091361999512
0.08844999969005585,0.10000000894069672,-0.00000034814422633644426,-0.000706203281879425,0.0016179069643840194,0,0,82.0895004272461,82.08940887451172,-7.381028175354004,0,4.325091361999512
0.08845499902963638,0.10000000894069672,-0.0000003397933880933124,-0.0007404545322060585,0.001670166733674705,0,0,67.47515869140625,67.47505187988281,-6.624443531036377,0,4.325091361999512
0.08845999836921692,0.10000000149011612,-0.00000033122776699201495,-0.0007808076916262507,0.0017131228232756257,0,0,51.57145690917969,51.5713996887207,-5.80453634262085,0,4.325091361999512
0.08846499770879745,0.09999999403953552,-0.0000003224979820970475,-0.0008030171738937497,0.0017459542723372579,0,0,35.59907150268555,35.599063873291016,-4.9783616065979,0,4.325091361999512
0.08846999704837799,0.09999998658895493,-0.00000031365490826829046,-0.000806753640063107,0.0017686173086985946,0,0,19.607162475585938,19.607202529907227,-4.144449710845947,0,4.325091361999512
0.08847499638795853,0.09999997913837433,-0.00000030474942036562425,-0.0007904060184955597,0.0017810995923355222,0,0,5.867483139038086,5.867569923400879,-3.4126839637756348,0,4.325091361999512
0.08847999572753906,0.09999997168779373,-0.00000029582525939986226,-0.0007537163328379393,0.0017848348943516612,0,0,4.213571548461914,-4.213440895080566,-2.850346088409424,0,4.325091361999512
0.0884849950671196,0.09999997168779373,-0.000000286914485059242,-0.0006970558315515518,0.001782152452506125,0,0,9.59081745147705,-9.590705871582031,-2.507615327835083,0,4.325091361999512
0.08848999440670013,0.09999997168779373,-0.0000002780342640562594,-0.0006471257656812668,0.001776046701706946,0,0,9.891221046447754,-9.891128540039063,-2.402247428894043,0,4.325091361999512
0.08849500119686127,0.09999997168779373,-0.0000002691855058856163,-0.0006043043686076999,0.001769749796949327,0,0,5.937307357788086,-5.937232971191406,-2.4935238361358643,0,4.325091361999512
0.0885000005364418,0.09999997168779373,-0.0000002603556481517444,-0.0005687207449227571,0.00176597002428025,0,0,2.0217185020446777,2.0217761993408203,-2.770568609237671,0,4.325091361999512
0.08850499987602234,0.09999997168779373,-0.0000002515193671115412,-0.0005402507958933711,0.0017672571120783687,0,0,13.304176330566406,13.304220199584961,-3.20196533203125,0,4.325091361999512
0.08850999921560287,0.09999997168779373,-0.00000024264073772428674,-0.0005185211775824428,0.0017757267924025655,0,0,26.755569458007813,26.755599975585938,-3.733541488647461,0,4.325091361999512
0.08851499855518341,0.09999997168779373,-0.00000023367694268472405,-0.0005029225721955299,0.0017927599838003516,0,0,40.029876708984375,40.02989196777344,-4.25214147567749,0,4.325091361999512
0.08851999789476395,0.09999997168779373,-0.00000022458571891093015,-0.0004926309920847416,0.001818243763409555,0,0,52.1987419128418,52.198753356933594,-4.715609073638916,0,4.325091361999512
0.08852499723434448,0.09999997168779373,-0.0000002153283418238061,-0.00048663673806004226,0.0018514745170250535,0,0,62.791900634765625,62.791908264160156,-5.104513645172119,0,4.325091361999512
0.08852999657392502,0.09999997168779373,-0.00000020587110327596747,-0.0004837794986087829,0.0018914489774033427,0,0,70.78052520751953,70.78052520751953,-5.371092796325684,0,4.325091361999512
0.08853499591350555,0.09999997168779373,-0.0000001961885516266193,-0.00048278921167366207,0.0019365091575309634,0,0,75.3451919555664,75.3451919555664,-5.477357864379883,0,4.325091361999512
0.08853999525308609,0.09999997168779373,-0.00000018626617759309738,-0.0004823303606826812,0.00198447541333735,0,0,75.94525146484375,75.94525146484375,-5.3982954025268555,0,4.325091361999512
0.08854499459266663,0.09999997168779373,-0.00000017610206271001516,-0.0004810489190276712,0.0020328236278146505,0,0,71.89045715332031,71.89046478271484,-5.100335121154785,0,4.325091361999512
0.08855000138282776,0.09999997168779373,-0.00000016570911043345404,-0.0004776196146849543,0.0020785906817764044,0,0,63.81855010986328,63.81856155395508,-4.615124702453613,0,4.325091361999512
0.0885550007224083,0.09999997168779373,-0.0000001551130139887391,-0.0004707923799287528,0.00211921869777143,0,0,52.056034088134766,52.05604553222656,-3.9576292037963867,0,4.325091361999512
0.08856000006198883,0.09999997168779373,-0.00000014435121897804493,-0.0004594360652845353,0.00215235841460526,0,0,37.41904830932617,37.4190673828125,-3.166260242462158,0,4.325091361999512
0.08856499940156937,0.09999997168779373,-0.00000013347032279398263,-0.0004425782535690814,0.002176180249080062,0,0,20.969873428344727,20.969898223876953,-2.290903329849243,0,4.325091361999512
0.0885699987411499,0.09999997168779373,-0.00000012252267822532303,-0.00041943902033381164,0.0021895302925258875,0,0,3.931858777999878,3.9318859577178955,-1.388925313949585,0,4.325091361999512
0.08857499808073044,0.09999997168779373,-0.00000011156251389365934,-0.0003894584078807384,0.0021920332219451666,0,0,12.409222602844238,-12.409192085266113,-0.5205565690994263,0,4.325091361999512
0.08857999742031097,0.09999997168779373,-0.00000010064184863267656,-0.00035231601214036345,0.002184133278205991,0,0,26.809446334838867,-26.80941390991211,0.2559937834739685,0,4.325091361999512
0.08858499675989151,0.09999997168779373,-0.00000008980651955425856,-0.00030794221675023437,0.0021670658607035875,0,0,38.17085266113281,-38.17081832885742,0.8893970847129822,0,4.325091361999512
0.08858999609947205,0.09999997168779373,-0.00000007909269328365554,-0.00025652057956904173,0.002142765326425433,0,0,45.65339279174805,-45.653358459472656,1.3403306007385254,0,4.325091361999512
0.08859499543905258,0.09999997168779373,-0.00000006852418721337017,-0.0001984814298339188,0.002113701542839408,0,0,48.55369186401367,-48.55365753173828,1.5754328966140747,0,4.325091361999512
0.08859999477863312,0.09999997168779373,-0.00000005811023129353998,-0.0001344868214800954,0.0020827914122492075,0,0,46.451820373535156,-46.45178985595703,1.574481725692749,0,4.325091361999512
0.08860499411821365,0.09999997168779373,-0.000000047844135764307794,-0.00006540730828419328,0.002053219126537442,0,0,39.57728576660156,-39.5772590637207,1.3486027717590332,0,4.325091361999512
0.08861000090837479,0.09999997168779373,-0.00000003770401946212587,0.000007708496923441999,0.0020280235912650824,0,0,28.56386947631836,-28.563846588134766,0.9280439615249634,0,4.325091361999512
0.08861500024795532,0.09999997168779373,-0.00000002765482420841181,0.00008367065311176702,0.002009839052334428,0,0,14.399073600769043,-14.399055480957031,0.3597716689109802,0,4.325091361999512
0.08861999958753586,0.09999997168779373,-0.000000017651462513867955,0.0001611895568203181,0.002000672509893775,0,0,1.6542181968688965,1.654231071472168,-0.2962585985660553,0,4.325091361999512
0.0886249989271164,0.09999997168779373,-0.000000007642833921295278,0.00023892108583822846,0.002001725835725665,0,0,18.165637969970703,18.165647506713867,-0.9721993207931519,0,4.325091361999512
0.08862999826669693,0.09999997168779373,0.000000002423618639113556,0.00031551369465887547,0.002013290533795953,0,0,33.64942932128906,33.64943313598633,-1.5976548194885254,0,4.325091361999512
0.08863499760627747,0.09999997168779373,0.000000012597180187867707,0.0003896557027474046,0.0020347123499959707,0,0,46.68765640258789,46.687652587890625,-2.105520248413086,0,4.325091361999512
0.088639996945858,0.09999997168779373,0.000000022919351749806083,0.00046012125676497817,0.002064434578642249,0,0,55.63728332519531,55.63727569580078,-2.4170241355895996,0,4.325091361999512
0.08864499628543854,0.09999997168779373,0.000000033418622535918985,0.0005258132587186992,0.0020998541731387377,0,0,59.56663131713867,59.566619873046875,-2.4882190227508545,0,4.325091361999512
0.08864999562501907,0.09999997168779373,0.00000004410749809835579,0.0005858016083948314,0.0021377753000706434,0,0,58.80314636230469,58.80312728881836,-2.3371431827545166,0,4.325091361999512
0.08865499496459961,0.09999997168779373,0.00000005498355193367388,0.0006393560324795544,0.002175210742279887,0,0,53.23894119262695,53.238922119140625,-1.9590543508529663,0,4.325091361999512
0.08865999430418015,0.09999997168779373,0.00000006602907376418443,0.0006859716377221048,0.002209103899076581,0,0,42.721397399902344,42.72138214111328,-1.345912218093872,0,4.325091361999512
0.08866500109434128,0.09999997168779373,0.00000007721057926346475,0.0007253862568177283,0.002236301312223077,0,0,27.937599182128906,27.937580108642578,-0.5305867791175842,0,4.325091361999512
0.08867000043392181,0.09999997913837433,0.0000000884810162915528,0.0007575899944640696,0.0022540867794305086,0,0,10.549446105957031,10.549447059631348,0.4062460958957672,0,4.325091361999512
0.08867499977350235,0.09999998658895493,0.00000009978502646390552,0.0007568153669126332,0.002260802546516061,0,0,7.596917629241943,-7.596894264221191,1.375340223312378,0,4.325091361999512
0.08867999911308289,0.09999998658895493,0.00000011106485686696033,0.0007268462213687599,0.0022559661883860826,0,0,26.290042877197266,-26.29001235961914,2.3694753646850586,0,4.325091361999512
0.08868499845266342,0.09999998658895493,0.0000001222609995465973,0.0006928153452463448,0.002239229390397668,0,0,44.25533676147461,-44.25530242919922,3.328420400619507,0,4.325091361999512
0.08868999779224396,0.09999998658895493,0.00000013331627712886984,0.0006562753696925938,0.0022110554855316877,0,0,60.270748138427734,-60.27070617675781,4.194430351257324,0,4.325091361999512
0.0886949971318245,0.09999998658895493,0.00000014417970817248715,0.0006188627448864281,0.0021726859267801046,0,0,73.26065826416016,-73.26061248779297,4.916661739349365,0,4.325091361999512
0.08869999647140503,0.09999998658895493,0.000000154809939090228,0.0005822430248372257,0.0021260466892272234,0,0,82.37842559814453,-82.37837982177734,5.455055236816406,0,4.325091361999512
0.08870499581098557,0.09999998658895493,0.00000016517795131676394,0.0005480553372763097,0.002073602983728051,0,0,87.07974243164063,-87.07970428466797,5.7837419509887695,0,4.325091361999512
0.0887099951505661,0.09999998658895493,0.00000017526878082207986,0.0005178575520403683,0.002018166473135352,0,0,87.15448760986328,-87.15444946289063,5.8925909996032715,0,4.325091361999512
0.08871499449014664,0.09999998658895493,0.0000001850821860216456,0.0004930741270072758,0.0019626819994300604,0,0,82.73966979980469,-82.73963928222656,5.787840366363525,0,4.325091361999512
0.08872000128030777,0.09999998658895493,0.00000019463222145077452,0.00047494861064478755,0.0019100082572549582,0,0,74.30725860595703,-74.30724334716797,5.491527557373047,0,4.325091361999512
0.0887250006198883,0.09999998658895493,0.0000002039457314140236,0.00046450196532532573,0.0018627028912305832,0,0,62.626338958740234,-62.62633514404297,5.039717197418213,0,4.325091361999512
0.08872999995946884,0.09999998658895493,0.00000021305990571818256,0.000462498574052006,0.0018228336703032255,0,0,48.1589469909668,-48.158958435058594,4.452479839324951,0,4.325091361999512
0.08873499929904938,0.09999998658895493,0.00000022202077332167391,0.0004701127181760967,0.0017921747639775276,0,0,32.476402282714844,-32.47643280029297,3.804871082305908,0,4.325091361999512
0.08873999863862991,0.09999998658895493,0.00000023087827116796689,0.0004877348546870053,0.0017714996356517076,0,0,17.036252975463867,-17.03630256652832,3.166106700897217,0,4.325091361999512
0.08874499797821045,0.09999998658895493,0.00000023968152618181193,0.0005152046796865761,0.001760653918609023,0,0,3.1036722660064697,-3.1037404537200928,2.5959558486938477,0,4.325091361999512
0.08874999731779099,0.09999998658895493,0.00000024847491886248463,0.0005520192789845169,0.0017586781177669764,0,0,8.196480751037598,8.196393966674805,2.147688388824463,0,4.325091361999512
0.08875499665737152,0.09999998658895493,0.00000025729440267241444,0.0005973633960820735,0.0017638960853219032,0,0,15.953909873962402,15.953805923461914,1.864518404006958,0,4.325091361999512
0.08875999599695206,0.09999998658895493,0.0000002661646760770964,0.0006501367897726595,0.0017740526236593723,0,0,19.421836853027344,19.42171859741211,1.7823419570922852,0,4.325091361999512
0.08876499533653259,0.09999998658895493,0.00000027509676669978944,0.0007089906721375883,0.0017864168621599674,0,0,18.102500915527344,18.10236930847168,1.9255967140197754,0,4.325091361999512
0.08876999467611313,0.09999999403953552,0.00000028408646812749794,0.0007723732851445675,0.001797941280528903,0,0,11.539127349853516,11.539041519165039,2.3177266120910645,0,4.325091361999512
0.08877500146627426,0.10000000149011612,0.00000029311291882549995,0.0008124938467517495,0.0018052873201668262,0,0,0.5287859439849854,0.5287514925003052,2.9205775260925293,0,4.325091361999512
0.0887800008058548,0.10000000894069672,0.00000030214104640435835,0.0008280114270746708,0.0018056239932775497,0,0,12.816402435302734,-12.816381454467773,3.631152868270874,0,4.325091361999512
0.08878500014543533,0.10000001639127731,0.0000003111283604084747,0.0008189030922949314,0.0017974649090319872,0,0,27.050012588500977,-27.04993438720703,4.380277156829834,0,4.325091361999512
0.08878999948501587,0.10000002384185791,0.00000032002958505472634,0.0007861144840717316,0.0017802442889660597,0,0,42.21895217895508,-42.218814849853516,5.173673629760742,0,4.325091361999512
0.0887949988245964,0.10000002384185791,0.00000032879643185879104,0.0007295568939298391,0.0017533667851239443,0,0,57.20208740234375,-57.20194625854492,5.958780288696289,0,4.325091361999512
0.08879999816417694,0.10000002384185791,0.00000033738118077053514,0.0006732367910444736,0.0017169509083032608,0,0,70.9068603515625,-70.9067153930664,6.684300899505615,0,4.325091361999512
0.08880499750375748,0.10000002384185791,0.0000003457402328876924,0.0006174370646476746,0.0016718101687729359,0,0,82.35478210449219,-82.3546371459961,7.304226875305176,0,4.325091361999512
0.08880999684333801,0.10000002384185791,0.00000035383715157877305,0.0005624240729957819,0.0016193815972656012,0,0,90.75767517089844,-90.75753021240234,7.781412601470947,0,4.325091361999512
0.08881499618291855,0.10000002384185791,0.00000036164516359349363,0.0005084390286356211,0.0015616035088896751,0,0,95.57839965820313,-95.57825469970703,8.090438842773438,0,4.325091361999512
0.08881999552249908,0.10000002384185791,0.0000003691489496304712,0.00045569060603156686,0.0015007564797997475,0,0,96.57140350341797,-96.57125854492188,8.219513893127441,0,4.325091361999512
0.08882499486207962,0.10000002384185791,0.0000003763453264582495,0.0004043480148538947,0.0014392773155122995,0,0,93.80004119873047,-93.79989624023438,8.171306610107422,0,4.325091361999512
0.08882999420166016,0.10000002384185791,0.0000003832431332284614,0.0003545357030816376,0.001379562309011817,0,0,87.62931060791016,-87.62916564941406,7.9626054763793945,0,4.325091361999512
0.08883500099182129,0.10000002384185791,0.0000003898620093423233,0.000306329398881644,0.0013237758539617062,0,0,78.69473266601563,-78.69459533691406,7.6228766441345215,0,4.325091361999512
0.08884000033140182,0.10000002384185791,0.00000039623040493097506,0.0002597537823021412,0.0012736772187054157,0,0,67.849853515625,-67.84971618652344,7.191806316375732,0,4.325091361999512
0.08884499967098236,0.10000002384185791,0.0000004023828239496652,0.00021478155395016074,0.0012304827105253935,0,0,56.096553802490234,-56.09641647338867,6.716044902801514,0,4.325091361999512
0.0888499990105629,0.10000002384185791,0.0000004083566693680041,0.0001713343954179436,0.001194770447909832,0,0,44.50376510620117,-44.503631591796875,6.245400905609131,0,4.325091361999512
0.08885499835014343,0.10000002384185791,0.00000041418886098654184,0.0001292854722123593,0.0011664384510368109,0,0,34.121063232421875,-34.120933532714844,5.828797817230225,0,4.325091361999512
0.08885999768972397,0.10000002384185791,0.00000041991245325334603,0.00008846342097967863,0.0011447162833064795,0,0,25.893911361694336,-25.893781661987305,5.5103044509887695,0,4.325091361999512
0.0888649970293045,0.10000002384185791,0.00000042555362256280205,0.00004865782102569938,0.0011282316409051418,0,0,20.587324142456055,-20.587194442749023,5.325562953948975,0,4.325091361999512
0.08886999636888504,0.10000002384185791,0.00000043112925141031155,0.000009625902748666704,0.0011151253711432219,0,0,18.724016189575195,-18.723886489868164,5.298892974853516,0,4.325091361999512
0.08887499570846558,0.10000002384185791,0.0000004366452799331455,-0.000028899728931719437,0.0011032053735107183,0,0,20.54191017150879,-20.541780471801758,5.441300392150879,0,4.325091361999512
0.08887999504804611,0.10000002384185791,0.0000004420959101025801,-0.0000672025780659169,0.0010901279747486115,0,0,25.974376678466797,-25.974245071411133,5.7495598793029785,0,4.325091361999512
0.08888499438762665,0.10000002384185791,0.00000044746386151928164,-0.00010557325731497258,0.00107359210960567,0,0,34.654808044433594,-34.6546745300293,6.2064290046691895,0,4.325091361999512
0.08889000117778778,0.10000002384185791,0.0000004527215082816838,-0.00014430021110456437,0.0010515302419662476,0,0,45.94521713256836,-45.9450798034668,6.781991958618164,0,4.325091361999512
0.08889500051736832,0.10000002384185791,0.0000004578329253490665,-0.00018366053700447083,0.0010222806595265865,0,0,58.98655319213867,-58.98640823364258,7.436021327972412,0,4.325091361999512
0.08889999985694885,0.10000002384185791,0.00000046275656018224254,-0.00022391119273379445,0.0009847285691648722,0,0,72.76688385009766,-72.76673126220703,8.121174812316895,0,4.325091361999512
0.08890499919652939,0.10000002384185791,0.0000004674485865052702,-0.00026528077432885766,0.0009384037693962455,0,0,86.20199584960938,-86.20184326171875,8.786774635314941,0,4.325091361999512
0.08890999853610992,0.10000002384185791,0.00000047186620122374734,-0.0003079622983932495,0.0008835258195176721,0,0,98.22217559814453,-98.22201538085938,9.382867813110352,0,4.325091361999512
0.08891499787569046,0.10000002384185791,0.00000047597117713849,-0.0003521069302223623,0.0008209956577047706,0,0,107.858154296875,-107.85798645019531,9.864262580871582,0,4.325091361999512
0.088919997215271,0.10000002384185791,0.0000004797328188033134,-0.0003978193853981793,0.0007523309905081987,0,0,114.319580078125,-114.31940460205078,10.19419002532959,0,4.325091361999512
0.08892499655485153,0.10000002384185791,0.0000004831305773222994,-0.0004451544373296201,0.000679552904330194,0,0,117.0597152709961,-117.05953216552734,10.347335815429688,0,4.325091361999512
0.08892999589443207,0.10000002384185791,0.0000004861557272306527,-0.0004941151710227132,0.0006050303345546126,0,0,115.82118225097656,-115.82099151611328,10.311969757080078,0,4.325091361999512
0.0889349952340126,0.10000002384185791,0.0000004888121907242748,-0.0005446529248729348,0.0005312962457537651,0,0,110.65911102294922,-110.6589126586914,10.091023445129395,0,4.325091361999512
0.08893999457359314,0.10000002384185791,0.0000004911164523946354,-0.0005966689204797149,0.0004608484450727701,0,0,101.93975830078125,-101.9395523071289,9.702009201049805,0,4.325091361999512
0.08894500136375427,0.10000002384185791,0.0000004930961949867196,-0.0006500171730294824,0.00039595155976712704,0,0,90.31454467773438,-90.31433868408203,9.175787925720215,0,4.325091361999512
0.08895000070333481,0.10000002384185791,0.0000004947884804096248,-0.0007045094389468431,0.0003384555457159877,0,0,76.67155456542969,-76.67134094238281,8.554279327392578,0,4.325091361999512
0.08895500004291534,0.10000001639127731,0.0000004962366801919416,-0.0007599210366606712,0.00028964492958039045,0,0,62.067893981933594,-62.067771911621094,7.887284755706787,0,4.325091361999512
0.08895999938249588,0.10000000894069672,0.0000004974873490937171,-0.0007922820514068007,0.00025013129925355315,0,0,47.648826599121094,-47.6487922668457,7.228664875030518,0,4.325091361999512
0.08896499872207642,0.10000000149011612,0.0000004985863597539719,-0.0008016946958377957,0.00021979710436426103,0,0,33.531471252441406,-33.531524658203125,6.580806732177734,0,4.325091361999512
0.08896999806165695,0.09999999403953552,0.0000004995786184736062,-0.0007873063441365957,0.00019845031783916056,0,0,21.826290130615234,-21.826435089111328,6.0458245277404785,0,4.325091361999512
0.08897499740123749,0.09999998658895493,0.0000005005014145353925,-0.0007490718271583319,0.0001845552760642022,0,0,13.8543701171875,-13.854602813720703,5.68682336807251,0,4.325091361999512
0.08897999674081802,0.09999998658895493,0.0000005013801001041429,-0.0006882690358906984,0.00017573530203662813,0,0,10.354559898376465,-10.354772567749023,5.538525581359863,0,4.325091361999512
0.08898499608039856,0.09999998658895493,0.000000502225816489954,-0.0006326026050373912,0.0001691433717496693,0,0,11.700929641723633,-11.701118469238281,5.6183390617370605,0,4.325091361999512
0.0889899954199791,0.09999998658895493,0.0000005030343004364113,-0.0005835177144035697,0.0001616943336557597,0,0,17.869104385375977,-17.869264602661133,5.924760818481445,0,4.325091361999512
0.08899499475955963,0.09999998658895493,0.0000005037858841205889,-0.0005422398680821061,0.0001503185194451362,0,0,28.43507194519043,-28.435197830200195,6.4373369216918945,0,4.325091361999512
0.08899999409914017,0.09999998658895493,0.0000005044469730819401,-0.0005097334505990148,0.00013221619883552194,0,0,42.6071662902832,-42.60725402832031,7.118194580078125,0,4.325091361999512
0.0890050008893013,0.09999998658895493,0.0000005049724336458894,-0.0004866698000114411,0.00010509163257665932,0,0,58.918418884277344,-58.9184684753418,7.896536827087402,0,4.325091361999512
0.08901000022888184,0.09999998658895493,0.0000005053103677710169,-0.00047339973389171064,0.00006758300878573209,0,0,74.4787826538086,-74.47879791259766,8.631000518798828,0,4.325091361999512
0.08901499956846237,0.09999998658895493,0.000000505411207996076,-0.00046993119758553803,0.000020168343326076865,0,0,90.43305969238281,-90.43303680419922,9.38204288482666,0,4.325091361999512
0.08901999890804291,0.09999998658895493,0.0000005052241931480239,-0.0004753837420139462,-0.000037403129681479186,0,0,105.38423156738281,-105.3841781616211,10.08315658569336,0,4.325091361999512
0.08902499824762344,0.09999998658895493,0.0000005047017452852742,-0.0004888445837423205,-0.00010449281398905441,0,0,117.9615478515625,-117.96146392822266,10.668968200683594,0,4.325091361999512
0.08902999758720398,0.09999998658895493,0.00000050380378979753,-0.0005094486987218261,-0.00017958946409635246,0,0,127.21363067626953,-127.2135238647461,11.094602584838867,0,4.325091361999512
0.08903499692678452,0.09999998658895493,0.0000005025008817938215,-0.0005360923241823912,-0.0002605761692393571,0,0,132.434326171875,-132.4342041015625,11.326761245727539,0,4.325091361999512
0.08903999626636505,0.09999998658895493,0.0000005007764229958411,-0.0005674697458744049,-0.00034488647361285985,0,0,133.21730041503906,-133.2171630859375,11.346282005310059,0,4.325091361999512
0.08904499560594559,0.09999998658895493,0.000000498627969136578,-0.0006021170411258936,-0.00042969523929059505,0,0,129.4874267578125,-129.48728942871094,11.149620056152344,0,4.325091361999512
0.08904999494552612,0.09999998658895493,0.0000004960673436471552,-0.0006384612061083317,-0.0005121295107528567,0,0,121.50655364990234,-121.50640869140625,10.749113082885742,0,4.325091361999512
0.08905499428510666,0.09999998658895493,0.0000004931199555358035,-0.0006748721934854984,-0.0005894829519093037,0,0,109.8530044555664,-109.85286712646484,10.172028541564941,0,4.325091361999512
0.08906000107526779,0.09999998658895493,0.00000048982286671162,-0.000709717976860702,-0.0006594175938516855,0,0,95.37677764892578,-95.37665557861328,9.45844841003418,0,4.325091361999512
0.08906500041484833,0.09999998658895493,0.000000486222177187301,-0.0007414186839014292,-0.0007201363332569599,0,0,79.13362884521484,-79.13352966308594,8.658177375793457,0,4.325091361999512
0.08906999975442886,0.09999997913837433,0.0000004823696144740097,-0.0007684996817260981,-0.000770514365285635,0,0,62.10115051269531,-62.10116195678711,7.816791534423828,0,4.325091361999512
0.0890749990940094,0.09999997168779373,0.0000004783193503499206,-0.0007656672969460487,-0.0008100492414087057,0,0,44.2906608581543,-44.29079818725586,6.931469440460205,0,4.325091361999512
0.08907999843358994,0.09999997168779373,0.0000004741281145470566,-0.0007293991511687636,-0.0008382454980164766,0,0,28.693492889404297,-28.69365119934082,6.148425102233887,0,4.325091361999512
0.08908499777317047,0.09999997168779373,0.00000046984555979179277,-0.0006856826366856694,-0.0008565123425796628,0,0,16.84876251220703,-16.848947525024414,5.5418195724487305,0,4.325091361999512
0.08908999711275101,0.09999997168779373,0.00000046550937327083375,-0.0006346781738102436,-0.0008672386175021529,0,0,8.79813003540039,-8.79833698272705,5.111776351928711,0,4.325091361999512
0.08909499645233154,0.09999997168779373,0.00000046114516294437635,-0.000576801598072052,-0.0008728397078812122,0,0,5.165881156921387,-5.166106700897217,4.888453483581543,0,4.325091361999512
0.08909999579191208,0.09999997168779373,0.0000004567645248698682,-0.0005127092590555549,-0.0008761284407228231,0,0,6.384342193603516,-6.384584426879883,4.893426418304443,0,4.325091361999512
0.08910499513149261,0.09999997168779373,0.0000004523635652731173,-0.00044327526120468974,-0.0008801928488537669,0,0,12.21576976776123,-12.216024398803711,5.1158270835876465,0,4.325091361999512
0.08910999447107315,0.09999997168779373,0.00000044792372477786557,-0.0003695605555549264,-0.0008879696251824498,0,0,22.0413761138916,-22.041637420654297,5.526717185974121,0,4.325091361999512
0.08911500126123428,0.09999997168779373,0.0000004434137110820302,-0.0002927760942839086,-0.0009020016295835376,0,0,34.92856979370117,-34.928836822509766,6.082195281982422,0,4.325091361999512
0.08912000060081482,0.09999997168779373,0.0000004387925116589031,-0.0002142402809113264,-0.0009242378873750567,0,0,49.70523452758789,-49.70549774169922,6.726937770843506,0,4.325091361999512
0.08912499994039536,0.09999997168779373,0.00000043401311700108636,-0.00013533246237784624,-0.0009558812016621232,0,0,65.05381774902344,-65.0540771484375,7.39866828918457,0,4.325091361999512
0.08912999927997589,0.09999997168779373,0.0000004290266417683597,-0.000057444325648248196,-0.0009972957195714116,0,0,79.62345886230469,-79.62371063232422,8.033463478088379,0,4.325091361999512
0.08913499861955643,0.09999997168779373,0.0000004237867017309327,0.00001806704131013248,-0.0010479855118319392,0,0,92.14076232910156,-92.14099884033203,8.571006774902344,0,4.325091361999512
0.08913999795913696,0.09999997168779373,0.00000041825347807389335,0.00008992780931293964,-0.0011066441657021642,0,0,101.5166015625,-101.5168228149414,8.95964241027832,0,4.325091361999512
0.0891449972987175,0.09999997168779373,0.00000041239712800233974,0.00015699194045737386,-0.0011712716659530997,0,0,106.52476501464844,-106.52495574951172,9.140063285827637,0,4.325091361999512
0.08914999663829803,0.09999997168779373,0.000000406201678515572,0.0002182814059779048,-0.0012390874326229095,0,0,106.99378204345703,-106.99395751953125,9.10464096069336,0,4.325091361999512
0.08915499597787857,0.09999997168779373,0.00000039966568010640913,0.00027302029775455594,-0.0013072018045932055,0,0,103.3910140991211,-103.39116668701172,8.876585006713867,0,4.325091361999512
0.0891599953174591,0.09999997168779373,0.0000003928005583020422,0.00032066210405901074,-0.001373022561892867,0,0,95.8613052368164,-95.8614273071289,8.461953163146973,0,4.325091361999512
0.08916499465703964,0.09999997168779373,0.00000038563030102523044,0.00036090885987505317,-0.0014340498019009829,0,0,84.85800170898438,-84.85810089111328,7.8812785148620605,0,4.325091361999512
0.08917000144720078,0.09999997168779373,0.00000037818995224370155,0.00039372144965454936,-0.0014880720991641283,0,0,71.32469177246094,-71.32476806640625,7.178808689117432,0,4.325091361999512
0.08917500078678131,0.09999997168779373,0.0000003705225708472426,0.0004193210625089705,-0.001533478731289506,0,0,56.41392517089844,-56.413978576660156,6.408687114715576,0,4.325091361999512
0.08918000012636185,0.09999997168779373,0.00000036267562109060236,0.0004381815087981522,-0.0015693928580731153,0,0,42.692726135253906,-42.69276428222656,5.695623874664307,0,4.325091361999512
0.08918499946594238,0.09999997168779373,0.00000035469275871946593,0.0004510125727392733,-0.0015965718775987625,0,0,30.31100845336914,-30.3110294342041,5.043708324432373,0,4.325091361999512
0.08918999880552292,0.09999997168779373,0.00000034661340464481327,0.00045873509952798486,-0.001615868415683508,0,0,19.71226692199707,-19.712276458740234,4.472086429595947,0,4.325091361999512
0.08919499814510345,0.09999997168779373,0.0000003384713238574477,0.000462448806501925,-0.0016284175217151642,0,0,11.663946151733398,-11.663948059082031,4.016647815704346,0,4.325091361999512
0.08919999748468399,0.09999997168779373,0.0000003302920958958566,0.00046339380787685513,-0.0016358429566025734,0,0,6.6840105056762695,-6.684009552001953,3.7015480995178223,0,4.325091361999512
0.08920499682426453,0.09999997168779373,0.0000003220916084956116,0.00046295137144625187,-0.0016400981694459915,0,0,5.135258674621582,-5.135257244110107,3.5440566539764404,0,4.325091361999512
0.08920999616384506,0.09999997168779373,0.00000031387477861244406,0.0004624677821993828,-0.0016433673445135355,0,0,7.156122207641602,-7.156124114990234,3.551178216934204,0,4.325091361999512
0.0892149955034256,0.09999997168779373,0.00000030563515451831336,0.00046327844029292464,-0.0016479231417179108,0,0,12.538630485534668,-12.538639068603516,3.7135770320892334,0,4.325091361999512
0.08921999484300613,0.09999997168779373,0.00000029735562634414237,0.0004667735192924738,-0.00165590550750494,0,0,20.6748104095459,-20.67482566833496,4.002840995788574,0,4.325091361999512
0.08922499418258667,0.09999997168779373,0.00000028901030191264,0.0004742007586173713,-0.0016690674237906933,0,0,30.761695861816406,-30.761722564697266,4.381570339202881,0,4.325091361999512
0.0892300009727478,0.09999997168779373,0.00000028056703627044044,0.00048667017836123705,-0.001688651042059064,0,0,41.82979965209961,-41.82984161376953,4.804584980010986,0,4.325091361999512
0.08923500031232834,0.09999997168779373,0.0000002719906433412689,0.0005051153711974621,-0.0017152808140963316,0,0,52.82320022583008,-52.8232536315918,5.222667217254639,0,4.325091361999512
0.08923999965190887,0.09999997168779373,0.00000026324610757910705,0.0005302606150507927,-0.0017489090096205473,0,0,62.68678283691406,-62.68684768676758,5.586642742156982,0,4.325091361999512
0.08924499899148941,0.09999997168779373,0.00000025430202299503435,0.0005625956691801548,-0.0017888166476041079,0,0,70.45353698730469,-70.45361328125,5.851459980010986,0,4.325091361999512
0.08924999833106995,0.09999997168779373,0.00000024513369112355576,0.0006023583700880408,-0.001833668677136302,0,0,75.23027038574219,-75.23036193847656,5.975214004516602,0,4.325091361999512
0.08925499767065048,0.09999997168779373,0.0000002357258779284166,0.0006495265988633037,-0.0018815617077052593,0,0,76.23063659667969,-76.23074340820313,5.92056941986084,0,4.325091361999512
0.08925999701023102,0.09999997168779373,0.00000022607541438901535,0.0007038190960884094,-0.00193009153008461,0,0,73.19389343261719,-73.19400024414063,5.675510406494141,0,4.325091361999512
0.08926499634981155,0.09999997913837433,0.00000021619197809741308,0.0007647048914805055,-0.0019766883924603462,0,0,66.21651458740234,-66.2165756225586,5.244842529296875,0,4.325091361999512
0.08926999568939209,0.09999998658895493,0.00000020609776640867494,0.0008053346537053585,-0.002018843311816454,0,0,55.662254333496094,-55.66228485107422,4.6457085609436035,0,4.325091361999512
0.08927499502897263,0.09999999403953552,0.00000019582637378334766,0.0008251992985606194,-0.0020542792044579983,0,0,42.247291564941406,-42.247291564941406,3.911921977996826,0,4.325091361999512
0.08927999436855316,0.10000000149011612,0.00000018542050383985043,0.0008241635514423251,-0.0020811748690903187,0,0,28.69034194946289,-28.6903133392334,3.17677640914917,0,4.325091361999512
0.0892850011587143,0.10000000894069672,0.00000017492330073309859,0.0008040679385885596,-0.00209943950176239,0,0,14.536493301391602,-14.536441802978516,2.41458797454834,0,4.325091361999512
0.08929000049829483,0.10000001639127731,0.00000016437982708339405,0.0007651746273040771,-0.002108693588525057,0,0,0.8111841082572937,-0.8111135363578796,1.673425316810608,0,4.325091361999512
0.08929499983787537,0.10000001639127731,0.00000015383378126898606,0.0007079666247591376,-0.002109210006892681,0,0,11.480527877807617,11.480587005615234,1.0003371238708496,0,4.325091361999512
0.0892999991774559,0.10000001639127731,0.00000014332427156205085,0.0006568486569449306,-0.002101901452988386,0,0,21.43392562866211,21.43397331237793,0.4375988841056824,0,4.325091361999512
0.08930499851703644,0.10000001639127731,0.00000013288298816860333,0.0006123154889792204,-0.0020882561802864075,0,0,28.317378997802734,28.31741714477539,0.019310276955366135,0,4.325091361999512
0.08930999785661697,0.10000001639127731,0.00000012253184422661434,0.0005746522219851613,-0.0020702285692095757,0,0,31.631908416748047,31.63193702697754,-0.23139208555221558,0,4.325091361999512
0.08931499719619751,0.10000001639127731,0.00000011228139129570991,0.0005439254455268383,-0.0020500910468399525,0,0,31.152910232543945,31.152931213378906,-0.30428197979927063,0,4.325091361999512
0.08931999653577805,0.10000001639127731,0.00000010213010170900816,0.0005199807928875089,-0.002030258532613516,0,0,26.95065689086914,26.95067024230957,-0.2029915452003479,0,4.325091361999512
0.08932499587535858,0.10000001639127731,0.00000009206459594679473,0.0005024480633437634,-0.002013101242482662,0,0,19.38787269592285,19.387880325317383,0.05511637032032013,0,4.325091361999512
0.08932999521493912,0.10000001639127731,0.00000008206080792660941,0.0004907530965283513,-0.0020007584244012833,0,0,9.094466209411621,9.094470024108887,0.44014954566955566,0,4.325091361999512
0.08933499455451965,0.10000001639127731,0.00000007208596741747897,0.00048413575859740376,-0.001994968857616186,0,0,3.07873797416687,-3.0787365436553955,0.911873459815979,0,4.325091361999512
0.08934000134468079,0.10000001639127731,0.00000006210132141859503,0.00048167427303269506,-0.0019969288259744644,0,0,16.174118041992188,-16.174118041992188,1.425236463546753,0,4.325091361999512
0.08934500068426132,0.10000001639127731,0.0000000520651930457916,0.00048237876035273075,-0.002007225528359413,0,0,29.152273178100586,-29.15227508544922,1.9314064979553223,0,4.325091361999512
0.08935000002384186,0.10000001639127731,0.00000004193627134441158,0.00048522622091695666,-0.002025784458965063,0,0,40.71914291381836,-40.71914291381836,2.368889093399048,0,4.325091361999512
0.0893549993634224,0.10000001639127731,0.00000003167773598988788,0.0004888758412562311,-0.0020517068915069103,0,0,49.87021255493164,-49.87021255493164,2.690464735031128,0,4.325091361999512
0.08935999870300293,0.10000001639127731,0.000000021260460059124853,0.0004919601487927139,-0.0020834552124142647,0,0,55.77496337890625,-55.77496337890625,2.8571763038635254,0,4.325091361999512
0.08936499804258347,0.10000001639127731,0.000000010665646144047969,0.0004931303556077182,-0.0021189628168940544,0,0,57.98650360107422,-57.98650360107422,2.8486177921295166,0,4.325091361999512
0.089369997382164,0.10000001639127731,-0.00000000011374456931889654,0.0004912862204946578,-0.0021558781154453754,0,0,56.21231460571289,-56.21231460571289,2.6513423919677734,0,4.325091361999512
0.08937499672174454,0.10000001639127731,-0.00000001107206504258329,0.0004854604776483029,-0.002191664185374975,0,0,50.3437385559082,-50.3437385559082,2.260256290435791,0,4.325091361999512
0.08937999606132507,0.10000001639127731,-0.00000002219063333086524,0.0004747062048409134,-0.0022237137891352177,0,0,40.66263198852539,-40.662635803222656,1.6889209747314453,0,4.325091361999512
0.08938499540090561,0.10000001639127731,-0.00000003343863497207167,0.0004582333785947412,-0.002249600365757942,0,0,27.738113403320313,-27.73811912536621,0.9644380807876587,0,4.325091361999512
0.08938999474048615,0.10000001639127731,-0.00000004477492865362365,0.0004354340198915452,-0.0022672591730952263,0,0,12.38488483428955,-12.384894371032715,0.1254810243844986,0,4.325091361999512
0.08939499408006668,0.10000001639127731,-0.000000056150646798869275,0.0004059014900121838,-0.002275143750011921,0,0,4.3973069190979,4.39729118347168,-0.7805634140968323,0,4.325091361999512
0.08940000087022781,0.10000001639127731,-0.00000006751236725222043,0.00036944347084499896,-0.002272344194352627,0,0,21.498491287231445,21.49846839904785,-1.7011239528656006,0,4.325091361999512
0.08940500020980835,0.10000001639127731,-0.00000007880565533469053,0.0003260880766902119,-0.002258657943457365,0,0,37.78181076049805,37.78178024291992,-2.5823750495910645,0,4.325091361999512
0.08940999954938889,0.10000001639127731,-0.00000008997868405913323,0.0002760830393526703,-0.0022346051409840584,0,0,52.169002532958984,52.16896057128906,-3.3732657432556152,0,4.325091361999512
0.08941499888896942,0.10000001639127731,-0.00000010098565184080144,0.00021988767548464239,-0.002201393246650696,0,0,63.7215576171875,63.72150421142578,-4.029346466064453,0,4.325091361999512
0.08941999822854996,0.10000001639127731,-0.00000011178978809311957,0.00015815842198207974,-0.002160826697945595,0,0,71.7112045288086,71.71114349365234,-4.516092777252197,0,4.325091361999512
0.0894249975681305,0.10000001639127731,-0.00000012236566249157477,0.00009172782301902771,-0.0021151737309992313,0,0,75.67444610595703,75.67437744140625,-4.81147575378418,0,4.325091361999512
0.08942999690771103,0.10000001639127731,-0.00000013270064869175258,0.000021578074665740132,-0.0020669978111982346,0,0,75.44696807861328,75.44689178466797,-4.907588005065918,0,4.325091361999512
0.08943499624729156,0.10000001639127731,-0.0000001427954856580982,-0.00005119023990118876,-0.0020189667120575905,0,0,71.17340087890625,71.1733169555664,-4.811116695404053,0,4.325091361999512
0.0894399955868721,0.10000001639127731,-0.00000015266377317857405,-0.00012539062299765646,-0.0019736564718186855,0,0,63.301509857177734,63.30141830444336,-4.5430402755737305,0,4.325091361999512
0.08944499492645264,0.10000001639127731,-0.00000016233056499004306,-0.00019978868658654392,-0.0019333575619384646,0,0,52.544002532958984,52.543907165527344,-4.1368536949157715,0,4.325091361999512
0.08944999426603317,0.10000001639127731,-0.00000017183009504151414,-0.00027314346516504884,-0.0018999070161953568,0,0,39.817657470703125,39.817562103271484,-3.635735034942627,0,4.325091361999512
0.0894550010561943,0.10000001639127731,-0.00000018120289269063505,-0.00034424883779138327,-0.0018745582783594728,0,0,26.1763916015625,26.176294326782227,-3.0893778800964355,0,4.325091361999512
0.08946000039577484,0.10000001639127731,-0.00000019049235788770602,-0.0004119738005101681,-0.0018578938907012343,0,0,12.735161781311035,12.735068321228027,-2.550386667251587,0,4.325091361999512
0.08946499973535538,0.10000001639127731,-0.00000019974129372712923,-0.0004752950044348836,-0.001849786494858563,0,0,0.5825170278549194,0.5824276208877563,-2.070171594619751,0,4.325091361999512
0.08946999907493591,0.10000001639127731,-0.00000020898836794458475,-0.0005333292065188289,-0.0018494155956432223,0,0,9.301680564880371,-9.301763534545898,-1.6950714588165283,0,4.325091361999512
0.08947499841451645,0.10000001639127731,-0.00000021826505758326675,-0.0005853613838553429,-0.0018553371774032712,0,0,16.119766235351563,-16.119842529296875,-1.462887167930603,0,4.325091361999512
0.08947999775409698,0.10000001639127731,-0.00000022759304840747063,-0.0006308677839115262,-0.0018655994208529592,0,0,19.315439224243164,-19.315505981445313,-1.4000874757766724,0,4.325091361999512
0.08948499709367752,0.10000001639127731,-0.0000002369825296000272,-0.0006695322226732969,-0.001877895905636251,0,0,18.614028930664063,-18.614086151123047,-1.5199029445648193,0,4.325091361999512
0.08948999643325806,0.10000001639127731,-0.00000024643125584589143,-0.0007012563291937113,-0.0018897460540756583,0,0,14.040916442871094,-14.040963172912598,-1.8214465379714966,0,4.325091361999512
0.08949499577283859,0.10000001639127731,-0.000000255924675229835,-0.0007261625723913312,-0.0018986848881468177,0,0,5.916730880737305,-5.91676664352417,-2.289926052093506,0,4.325091361999512
0.08949999511241913,0.10000001639127731,-0.0000002654369382071309,-0.0007445906521752477,-0.00190245162229985,0,0,5.170149326324463,5.170124053955078,-2.897923231124878,0,4.325091361999512
0.08950499445199966,0.10000000894069672,-0.0000002749327450146666,-0.0007570862071588635,-0.0018991600954905152,0,0,19.652124404907227,19.65216064453125,-3.669668436050415,0,4.325091361999512
0.0895100012421608,0.10000000894069672,-0.00000028436599563974596,-0.0007390262326225638,-0.0018866491736844182,0,0,34.360618591308594,34.36066818237305,-4.44990348815918,0,4.325091361999512
0.08951500058174133,0.10000000894069672,-0.00000029368987952693715,-0.0007166826399043202,-0.0018647745018824935,0,0,48.960723876953125,48.960777282714844,-5.225098133087158,0,4.325091361999512
0.08951999992132187,0.10000000894069672,-0.000000302857898759612,-0.0006916326237842441,-0.0018336052307859063,0,0,62.455467224121094,62.45552444458008,-5.948494911193848,0,4.325091361999512
0.0895249992609024,0.10000000894069672,-0.0000003118271365565306,-0.0006655437173321843,-0.001793844741769135,0,0,73.90098571777344,73.90103912353516,-6.5756354331970215,0,4.325091361999512
0.08952999860048294,0.10000000894069672,-0.00000032056112786449376,-0.0006401183782145381,-0.0017467978177592158,0,0,82.52835845947266,82.52841186523438,-7.070230960845947,0,4.325091361999512
0.08953499794006348,0.10000000894069672,-0.0000003290324173121917,-0.0006170368287712336,-0.0016942586516961455,0,0,87.80242919921875,87.80247497558594,-7.406932830810547,0,4.325091361999512
0.08953999727964401,0.10000000894069672,-0.00000033722423609106045,-0.0005979008274152875,-0.0016383618349209428,0,0,89.46175384521484,89.4617919921875,-7.573213577270508,0,4.325091361999512
0.08954499661922455,0.10000000894069672,-0.00000034513126934143656,-0.0005841804668307304,-0.0015814086655154824,0,0,87.53687286376953,87.5368881225586,-7.570237636566162,0,4.325091361999512
0.08954999595880508,0.10000000894069672,-0.00000035275968457426643,-0.0005771645810455084,-0.0015256808837875724,0,0,82.39916229248047,82.39916229248047,-7.415319442749023,0,4.325091361999512
0.08955499529838562,0.10000000894069672,-0.0000003601257958507631,-0.0005778496852144599,-0.001473223906941712,0,0,75.12682342529297,75.12680053710938,-7.160329341888428,0,4.325091361999512
0.08955999463796616,0.10000000894069672,-0.00000036725276686411235,-0.0005863310070708394,-0.0014253967674449086,0,0,65.9481430053711,65.9480972290039,-6.814075946807861,0,4.325091361999512
0.08956500142812729,0.10000000894069672,-0.00000037416984355331806,-0.0006030935328453779,-0.0013834129786118865,0,0,55.738521575927734,55.73844909667969,-6.4172821044921875,0,4.325091361999512
0.08957000076770782,0.10000000894069672,-0.00000038090948351054976,-0.0006283585680648685,-0.0013479286571964622,0,0,45.44825744628906,45.448158264160156,-6.0142107009887695,0,4.325091361999512
0.08957500010728836,0.10000000894069672,-0.0000003875044569667807,-0.0006620768690481782,-0.0013189954916015267,0,0,36.025611877441406,36.02548599243164,-5.649057388305664,0,4.325091361999512
0.0895799994468689,0.10000000894069672,-0.00000039398474882546,-0.0007039300398901105,-0.0012960609747096896,0,0,28.340234756469727,28.340084075927734,-5.362370014190674,0,4.325091361999512
0.08958499878644943,0.10000000149011612,-0.00000040037483017840714,-0.0007533407770097256,-0.0012780189281329513,0,0,23.115510940551758,23.11540985107422,-5.187867164611816,0,4.325091361999512
0.08958999812602997,0.09999999403953552,-0.0000004066913561473484,-0.0007857721066102386,-0.001263303100131452,0,0,20.872554779052734,20.872507095336914,-5.149798393249512,0,4.325091361999512
0.0895949974656105,0.09999998658895493,-0.0000004129414321596414,-0.0008005553390830755,-0.001250015222467482,0,0,22.142587661743164,22.142601013183594,-5.273781776428223,0,4.325091361999512
0.08959999680519104,0.09999997913837433,-0.000000419121022332547,-0.0007968605495989323,-0.0012359187239781022,0,0,26.795913696289063,26.795989990234375,-5.55335807800293,0,4.325091361999512
0.08960499614477158,0.09999997168779373,-0.00000042521531895545195,-0.0007728820201009512,-0.0012188599212095141,0,0,34.655574798583984,34.655723571777344,-5.98065185546875,0,4.325091361999512
0.08960999548435211,0.09999997168779373,-0.0000004311993109240575,-0.000728545943275094,-0.0011967975879088044,0,0,45.08723068237305,45.08736038208008,-6.525804042816162,0,4.325091361999512
0.08961499482393265,0.09999997168779373,-0.0000004370397732600395,-0.0006901220185682178,-0.0011680942261591554,0,0,56.088233947753906,56.08834457397461,-7.091274738311768,0,4.325091361999512
0.08961999416351318,0.09999997168779373,-0.00000044270171883908915,-0.000657585565932095,-0.001132387318648398,0,0,67.38694763183594,67.38703918457031,-7.6664323806762695,0,4.325091361999512
0.08962500095367432,0.09999997168779373,-0.00000044814916577706754,-0.0006307057337835431,-0.0010894874576479197,0,0,78.48016357421875,78.48023986816406,-8.229267120361328,0,4.325091361999512
0.08963000029325485,0.09999997168779373,-0.00000045334678588915267,-0.0006090535316616297,-0.001039525493979454,0,0,88.48967742919922,88.48973846435547,-8.73892593383789,0,4.325091361999512
0.08963499963283539,0.09999997168779373,-0.0000004582627468607825,-0.0005920170806348324,-0.0009831911884248257,0,0,96.61734771728516,96.61740112304688,-9.158315658569336,0,4.325091361999512
0.08963999897241592,0.09999997168779373,-0.00000046287115651466593,-0.0005788226844742894,-0.0009216826874762774,0,0,102.20943450927734,102.20947265625,-9.457109451293945,0,4.325091361999512
0.08964499831199646,0.09999997168779373,-0.0000004671542228606995,-0.0005685621872544289,-0.0008566140895709395,0,0,104.8105697631836,104.81060028076172,-9.614274978637695,0,4.325091361999512
0.089649997651577,0.09999997168779373,-0.00000047110367518143903,-0.0005602247547358274,-0.0007898896001279354,0,0,104.20215606689453,104.20217895507813,-9.619850158691406,0,4.325091361999512
0.08965499699115753,0.09999997168779373,-0.0000004747214461531257,-0.0005527322646230459,-0.0007235524244606495,0,0,100.02320098876953,100.02323150634766,-9.455924987792969,0,4.325091361999512
0.08965999633073807,0.09999997168779373,-0.0000004780208087140636,-0.0005449769087135792,-0.0006598756881430745,0,0,92.61937713623047,92.6194076538086,-9.139021873474121,0,4.325091361999512
0.0896649956703186,0.09999997168779373,-0.0000004810253813047893,-0.0005358600756153464,-0.0006009123753756285,0,0,83.23211669921875,83.23216247558594,-8.729605674743652,0,4.325091361999512
0.08966999500989914,0.09999997168779373,-0.0000004837650067202048,-0.0005243308842182159,-0.0005479251267388463,0,0,72.31307983398438,72.31314086914063,-8.248015403747559,0,4.325091361999512
0.08967499434947968,0.09999997168779373,-0.0000004862744731326529,-0.0005094229709357023,-0.0005018891533836722,0,0,60.62897872924805,60.629051208496094,-7.72984504699707,0,4.325091361999512
0.08968000113964081,0.09999997168779373,-0.0000004885909561380686,-0.0004902881337329745,-0.00046329153701663017,0,0,49.154266357421875,49.15435791015625,-7.220785617828369,0,4.325091361999512
0.08968500047922134,0.09999997168779373,-0.0000004907509492113604,-0.00046622625086456537,-0.00043199898209422827,0,0,38.860103607177734,38.86021423339844,-6.766312599182129,0,4.325091361999512
0.08968999981880188,0.09999997168779373,-0.0000004927872510052111,-0.0004367097280919552,-0.0004072598530910909,0,0,30.63585090637207,30.635984420776367,-6.4080119132995605,0,4.325091361999512
0.08969499915838242,0.09999997168779373,-0.0000004947260094922967,-0.0004014019505120814,-0.00038775644497945905,0,0,25.216571807861328,25.21673011779785,-6.180185317993164,0,4.325091361999512
0.08969999849796295,0.09999997168779373,-0.0000004965845050719508,-0.000360169040504843,-0.0003717030631378293,0,0,23.37246322631836,23.372644424438477,-6.119516849517822,0,4.325091361999512
0.08970499783754349,0.09999997168779373,-0.000000498368649459735,-0.00031308463076129556,-0.0003568236716091633,0,0,25.433673858642578,25.433876037597656,-6.241494655609131,0,4.325091361999512
0.08970999717712402,0.09999997168779373,-0.0000005000717919756426,-0.00026042724493891,-0.00034063210478052497,0,0,31.321496963500977,31.321718215942383,-6.542058944702148,0,4.325091361999512
0.08971499651670456,0.09999997168779373,-0.0000005016752311348682,-0.00020267051877453923,-0.000320692197419703,0,0,40.62839889526367,40.628639221191406,-7.00161075592041,0,4.325091361999512
0.0897199958562851,0.09999997168779373,-0.0000005031493515161856,-0.00014046661090105772,-0.0002948273322544992,0,0,52.649505615234375,52.64976119995117,-7.586512565612793,0,4.325091361999512
0.08972499519586563,0.09999997168779373,-0.0000005044558974987012,-0.00007462342910002917,-0.00026130961487069726,0,0,66.43955993652344,66.43982696533203,-8.25179386138916,0,4.325091361999512
0.08972999453544617,0.09999997168779373,-0.0000005055509859630547,-0.000006076297722756863,-0.00021901287254877388,0,0,80.89065551757813,80.89093017578125,-8.944836616516113,0,4.325091361999512
0.0897350013256073,0.09999997168779373,-0.0000005063885737399687,0.00006414478411898017,-0.00016751629300415516,0,0,94.834716796875,94.83499145507813,-9.610179901123047,0,4.325091361999512
0.08974000066518784,0.09999997168779373,-0.000000506924266119313,0.00013495120219886303,-0.00010714263771660626,0,0,107.13225555419922,107.13253784179688,-10.193765640258789,0,4.325091361999512
0.08974500000476837,0.09999997168779373,-0.0000005071189548289112,0.00020523383864201605,-0.000038940124795772135,0,0,116.28793334960938,116.2882080078125,-10.623492240905762,0,4.325091361999512
0.08974999934434891,0.09999997168779373,-0.0000005069434791948879,0.0002739019400905818,0.00003509107045829296,0,0,121.71966552734375,121.71992492675781,-10.872386932373047,0,4.325091361999512
0.08975499868392944,0.09999997168779373,-0.0000005063805588179093,0.00033992124372161925,0.00011258022277615964,0,0,123.50172424316406,123.50196838378906,-10.9456148147583,0,4.325091361999512
0.08975999802350998,0.09999997168779373,-0.0000005054245661995083,0.00040235029882751405,0.00019120387150906026,0,0,121.46131896972656,121.4615478515625,-10.83525562286377,0,4.325091361999512
0.08976499736309052,0.09999997168779373,-0.000000504081924646016,0.00046037326683290303,0.00026852855808101594,0,0,115.53524780273438,115.53545379638672,-10.53806209564209,0,4.325091361999512
0.08976999670267105,0.09999997168779373,-0.0000005023715061724943,0.0005133286467753351,0.00034208057331852615,0,0,106.01254272460938,106.01273345947266,-10.067572593688965,0,4.325091361999512
0.08977499604225159,0.09999997168779373,-0.0000005003236651646148,0.0005607323837466538,0.0004095702606718987,0,0,93.61817932128906,93.61833953857422,-9.45836353302002,0,4.325091361999512
0.08977999538183212,0.09999997168779373,-0.0000004979777941116481,0.0006022947491146624,0.0004691694339271635,0,0,79.31216430664063,79.31230163574219,-8.75615119934082,0,4.325091361999512
0.08978499472141266,0.09999997168779373,-0.0000004953794814355206,0.0006379306432791054,0.0005196611164137721,0,0,64.21107482910156,64.21119689941406,-8.01406478881836,0,4.325091361999512
0.0897899940609932,0.09999997168779373,-0.0000004925767598251696,0.000667762418743223,0.000560539192520082,0,0,50.15694808959961,50.157039642333984,-7.321334362030029,0,4.325091361999512
0.08979500085115433,0.09999997168779373,-0.0000004896144218946574,0.0006921156891621649,0.000592470052652061,0,0,38.487667083740234,38.48773956298828,-6.742146015167236,0,4.325091361999512
0.08980000019073486,0.09999997168779373,-0.0000004865295863965002,0.0007115078042261302,0.0006169721018522978,0,0,28.955703735351563,28.955759048461914,-6.261847496032715,0,4.325091361999512
0.0898049995303154,0.09999997168779373,-0.0000004833525508729508,0.0007266299217008054,0.0006354058859869838,0,0,22.21922492980957,22.219268798828125,-5.911545276641846,0,4.325091361999512
0.08980999886989594,0.09999997168779373,-0.0000004801048021363385,0.0007383225602097809,0.0006495510460808873,0,0,18.72397804260254,18.72401237487793,-5.712349891662598,0,4.325091361999512
0.08981499820947647,0.09999997913837433,-0.0000004767974530750507,0.0007475464954040945,0.0006614710437133908,0,0,19.227075576782227,19.227014541625977,-5.701655864715576,0,4.325091361999512
0.089819997549057,0.09999997913837433,-0.0000004734288836516498,0.0007309236680157483,0.0006737114163115621,0,0,22.495338439941406,22.49527931213379,-5.818191051483154,0,4.325091361999512
0.08982499688863754,0.09999997913837433,-0.0000004699887199421937,0.0007143945549614727,0.0006880323635414243,0,0,28.877849578857422,28.877796173095703,-6.080435752868652,0,4.325091361999512
0.08982999622821808,0.09999997913837433,-0.0000004664566404244397,0.0006993418210186064,0.000706416554749012,0,0,37.83074188232422,37.8306999206543,-6.462887287139893,0,4.325091361999512
0.08983499556779861,0.09999997913837433,-0.00000046280413812382903,0.0006870990036986768,0.0007305003236979246,0,0,48.6191291809082,48.61909866333008,-6.93101692199707,0,4.325091361999512
0.08983999490737915,0.09999997913837433,-0.00000045899687961536983,0.0006789056933484972,0.0007614522473886609,0,0,60.37493896484375,60.37492752075195,-7.4439849853515625,0,4.325091361999512
0.08984499424695969,0.09999997913837433,-0.00000045499743350774224,0.0006758660892955959,0.0007998881628736854,0,0,72.40404510498047,72.40406036376953,-7.969788551330566,0,4.325091361999512
0.08985000103712082,0.09999997913837433,-0.0000004507675157583435,0.0006792166386730969,0.0008459819946438074,0,0,83.8214340209961,83.82147216796875,-8.466833114624023,0,4.325091361999512
0.08985500037670135,0.09999997913837433,-0.00000044627080342252157,0.0006900574662722647,0.000899344333447516,0,0,93.48920440673828,93.48927307128906,-8.880627632141113,0,4.325091361999512
0.08985999971628189,0.09999997913837433,-0.00000044147648736725387,0.0007089224527589977,0.0009588614339008927,0,0,100.6512222290039,100.65131378173828,-9.17528247833252,0,4.325091361999512
0.08986499905586243,0.09999997913837433,-0.00000043636180180328665,0.0007360644522123039,0.0010229380568489432,0,0,104.51445770263672,104.51457214355469,-9.312418937683105,0,4.325091361999512
0.08986999839544296,0.09999998658895493,-0.00000043091444013043656,0.0007714464445598423,0.0010894740698859096,0,0,103.62825012207031,103.62830352783203,-9.219990730285645,0,4.325091361999512
0.0898749977350235,0.09999999403953552,-0.0000004251372160979372,0.0007886554230935872,0.0011554459342733026,0,0,99.30657196044922,99.30657196044922,-8.96320915222168,0,4.325091361999512
0.08987999707460403,0.10000000149011612,-0.0000004190438858131529,0.0007876464514993131,0.0012186664389446378,0,0,93.27372741699219,93.27366638183594,-8.627063751220703,0,4.325091361999512
0.08988499641418457,0.10000000894069672,-0.00000041265366235165857,0.0007700176793150604,0.0012780464021489024,0,0,84.76518249511719,84.76507568359375,-8.171679496765137,0,4.325091361999512
0.0898899957537651,0.10000000894069672,-0.000000405993603180832,0.0007359528099186718,0.0013320095604285598,0,0,74.42868041992188,74.42859649658203,-7.627273082733154,0,4.325091361999512
0.08989499509334564,0.10000000894069672,-0.000000399096649061903,0.0007094971952028573,0.0013793922262266278,0,0,63.0419807434082,63.04192352294922,-7.030216217041016,0,4.325091361999512
0.08989999443292618,0.10000000894069672,-0.00000039199900925268594,0.0006907379138283432,0.0014195259427651763,0,0,51.45051193237305,51.450477600097656,-6.420116901397705,0,4.325091361999512
0.08990500122308731,0.10000000894069672,-0.0000003847376035537309,0.000679517223034054,0.001452280324883759,0,0,40.50046157836914,40.500450134277344,-5.836684703826904,0,4.325091361999512
0.08991000056266785,0.10000000894069672,-0.0000003773472769807995,0.0006754374480806291,0.0014780637575313449,0,0,31.163576126098633,31.163583755493164,-5.326168060302734,0,4.325091361999512
0.08991499990224838,0.10000000894069672,-0.000000369857758641956,0.0006781170959584415,0.0014979030238464475,0,0,22.952360153198242,22.9523868560791,-4.862329959869385,0,4.325091361999512
0.08991999924182892,0.10000000894069672,-0.0000003622951965098764,0.0006870441720820963,0.001512515009380877,0,0,17.628459930419922,17.62849998474121,-4.531861305236816,0,4.325091361999512
0.08992499858140945,0.10000000894069672,-0.00000035467650150167174,0.0007010897970758379,0.0015237376792356372,0,0,15.431344985961914,15.43139362335205,-4.346092700958252,0,4.325091361999512
0.08992999792098999,0.10000000894069672,-0.00000034700869377957133,0.0007189543102867901,0.001533561502583325,0,0,16.442485809326172,16.44253921508789,-4.309256076812744,0,4.325091361999512
0.08993499726057053,0.10000000894069672,-0.00000033928856169040955,0.0007392101106233895,0.0015440291026607156,0,0,20.42155647277832,20.421611785888672,-4.410288333892822,0,4.325091361999512
0.08993999660015106,0.10000001639127731,-0.000000331503400730071,0.0007603497942909598,0.0015570299001410604,0,0,27.031883239746094,27.031869888305664,-4.634035110473633,0,4.325091361999512
0.0899449959397316,0.10000002384185791,-0.00000032363220725528663,0.0007552581373602152,0.0015742388786748052,0,0,34.477664947509766,34.47758865356445,-4.893009662628174,0,4.325091361999512
0.08994999527931213,0.10000002384185791,-0.00000031565127756039146,0.0007248865440487862,0.001596188056282699,0,0,42.76873779296875,42.76865768432617,-5.190301895141602,0,4.325091361999512
0.08995499461889267,0.10000002384185791,-0.00000030753420787732466,0.0006924079498276114,0.0016234155045822263,0,0,51.09928512573242,51.09920120239258,-5.488412380218506,0,4.325091361999512
0.0899600014090538,0.10000002384185791,-0.00000029925448075118766,0.0006573463324457407,0.0016559463692829013,0,0,58.662086486816406,58.6619987487793,-5.749764442443848,0,4.325091361999512
0.08996500074863434,0.10000002384185791,-0.0000002907880229940929,0.0006193079752847552,0.001693291706033051,0,0,64.71403503417969,64.71394348144531,-5.9397664070129395,0,4.325091361999512
0.08997000008821487,0.10000002384185791,-0.00000028211556468704657,0.0005779938073828816,0.001734489924274385,0,0,68.63638305664063,68.63628387451172,-6.0296311378479,0,4.325091361999512
0.08997499942779541,0.10000002384185791,-0.00000027322462869960873,0.0005332090659067035,0.0017781852511689067,0,0,69.98497772216797,69.98487854003906,-5.998729228973389,0,4.325091361999512
0.08997999876737595,0.10000002384185791,-0.0000002641109233536554,0.00048486958257853985,0.0018227390246465802,0,0,68.52657318115234,68.5264663696289,-5.836282253265381,0,4.325091361999512
0.08998499810695648,0.10000002384185791,-0.0000002547791098095331,0.00043300417019054294,0.0018663645023480058,0,0,64.25810241699219,64.25799560546875,-5.542269229888916,0,4.325091361999512
0.08998999744653702,0.10000002384185791,-0.0000002452427452226402,0.000377753924112767,0.0019072723807767034,0,0,57.407718658447266,57.40760803222656,-5.127466678619385,0,4.325091361999512
0.08999499678611755,0.10000002384185791,-0.00000023552364325496455,0.00031936774030327797,0.001943819341249764,0,0,48.41714096069336,48.417030334472656,-4.612621784210205,0,4.325091361999512
0.08999999612569809,0.10000002384185791,-0.00000022565042456790252,0.00025819428265094757,0.0019746427424252033,0,0,37.90692138671875,37.90681076049805,-4.026821613311768,0,4.325091361999512
0.08999999612569809,0.10000002384185791,-0.0000002156565415134537,0.0001946709817275405,0.0019987751729786396,0,0,26.627222061157227,26.62711524963379,-3.4051854610443115,0,4.325091361999512
