Timestamp,X Position,Y Position,X Velocity,Y Velocity,Rotation,Rotation Velocity,Data1,Data2,Data3,Data4,FPS
0.35249999165534973,0.09999995678663254,0,0,0,0,0,0,0,0,0,120.32246398925781
0.35250499844551086,0.09999996423721313,0.000000004999999969612645,0.0010000000474974513,0.0010000000474974513,0,0,208.06434631347656,-27.5,1.375,0,18.388099670410156
0.352510005235672,0.09999997168779373,0.00000000999999993922529,0.0010000000474974513,0.0010000000474974513,0.000000003501408718520338,0.0007002817583270371,166.96788024902344,-52.592777252197266,2.629638910293579,0,18.388099670410156
0.35251498222351074,0.09999997913837433,0.000000014999999464748726,0.0010000000474974513,0.0010000000474974513,0.000000013699136935940714,0.0020395456813275814,121.89175415039063,-73.09204864501953,3.6545348167419434,0,18.388099670410156
0.3525199890136719,0.09999998658895493,0.00000001999999987845058,0.0010000000474974513,0.0010000000474974513,0.000000033203061633457764,0.0039007849991321564,73.80894470214844,-83.4029541015625,4.169751167297363,0,18.388099670410156
0.352524995803833,0.09999999403953552,0.000000025000000292152436,0.0010000000474974513,0.0010000000474974513,0.00000006332517443752295,0.006024422124028206,23.79283905029297,-86.92808532714844,4.345057010650635,0,18.388099670410156
0.35253000259399414,0.10000000149011612,0.00000002999999892949745,0.0010000000474974513,0.0010000000474974513,0.00000010451188359184016,0.008237341418862343,30.020536422729492,-85.15231323242188,4.2541656494140625,0,18.388099670410156
0.3525349795818329,0.10000000894069672,0.000000034999999343199306,0.0010000000474974513,0.0010000000474974513,0.0000001565317404583766,0.010403970256447792,86.11487579345703,-78.1783447265625,3.9015274047851563,0,18.388099670410156
0.352539986371994,0.10000001639127731,0.00000003999999975690116,0.0010000000474974513,0.0010000000474974513,0.0000002184867469168239,0.012391000986099243,140.6354217529297,-65.36148071289063,3.2540438175201416,0,18.388099670410156
0.35254499316215515,0.10000002384185791,0.000000045000000170603016,0.0010000000474974513,0.0010000000474974513,0.0000002887281027597055,0.014048270881175995,192.41212463378906,-47.85413360595703,2.368419885635376,0,18.388099670410156
0.3525499999523163,0.10000003129243851,0.00000005000000058430487,0.0010000000474974513,0.0010000000474974513,0.00000036500057376542827,0.015254497528076172,240.36669921875,-27.181461334228516,1.3200353384017944,0,18.388099670410156
0.35255497694015503,0.1000000387430191,0.000000055000000998006726,0.0010000000474974513,0.0010000000474974513,0.00000044463450876719435,0.0159267857670784,283.5485534667969,-5.107665061950684,0.1963575780391693,0,18.388099670410156
0.35255998373031616,0.1000000461935997,0.0000000599999978589949,0.0010000000474974513,0.0010000000474974513,0.0000005247684384812601,0.01602679118514061,321.1665954589844,16.51706886291504,-0.9106113314628601,0,18.388099670410156
0.3525649905204773,0.1000000536441803,0.00000006499999471998308,0.0010000000474974513,0.0010000000474974513,0.0000006025835546097369,0.015563021413981915,352.61578369140625,35.91545486450195,-1.9121876955032349,0,18.388099670410156
0.3525699973106384,0.1000000610947609,0.00000006999999158097125,0.0010000000474974513,0.0010000000474974513,0.0000006755292929483403,0.014589152298867702,377.4971618652344,51.5339469909668,-2.7304775714874268,0,18.388099670410156
0.35257500410079956,0.10000006854534149,0.00000007499998844195943,0.0010000000474974513,0.0010000000474974513,0.0000007415219442918897,0.013198531232774258,395.6313171386719,62.17237854003906,-3.3048157691955566,0,18.388099670410156
0.3525799810886383,0.10000007599592209,0.00000007999998530294761,0.0010000000474974513,0.0010000000474974513,0.0000007990989274730964,0.011515402235090733,407.0643005371094,67.08345794677734,-3.5967159271240234,0,18.388099670410156
0.35258498787879944,0.10000008344650269,0.00000008499998216393578,0.0010000000474974513,0.0010000000474974513,0.0000008475169579469366,0.009683609940111637,412.0619812011719,66.02890014648438,-3.592710018157959,0,18.388099670410156
0.35258999466896057,0.10000009089708328,0.00000008999997902492396,0.0010000000474974513,0.0010000000474974513,0.0000008867862675288052,0.00785385724157095,411.05810546875,59.26690673828125,-3.3039932250976563,0,18.388099670410156
0.3525950014591217,0.10000009834766388,0.00000009499997588591214,0.0010000000474974513,0.0010000000474974513,0.000000917642012154829,0.0061711473390460014,404.677490234375,47.539756774902344,-2.7657387256622314,0,18.388099670410156
0.35259997844696045,0.10000010579824448,0.00000009999997274690031,0.0010000000474974513,0.0010000000474974513,0.0000009414548571839987,0.004762568511068821,393.7161865234375,32.00123596191406,-2.0335843563079834,0,18.388099670410156
0.3526049852371216,0.10000011324882507,0.00000010499996960788849,0.0010000000474974513,0.0010000000474974513,0.00000096008920991153,0.0037268726155161858,379.115966796875,14.1089448928833,-1.1783835887908936,0,18.388099670410156
0.3526099920272827,0.10000012069940567,0.00000010999996646887666,0.0010000000474974513,0.0010000000474974513,0.000000975722855400818,0.0031267269514501095,361.9345397949219,-4.508770942687988,-0.27969303727149963,0,18.388099670410156
0.35261499881744385,0.10000012814998627,0.00000011499996332986484,0.0010000000474974513,0.0010000000474974513,0.00000099064425285178,0.0029842806980013847,343.31158447265625,-22.199312210083008,0.5814111828804016,0,18.388099670410156
0.352620005607605,0.10000013560056686,0.00000011999996729628037,0.0010000000474974513,0.0010000000474974513,0.0000010070461939903907,0.0032803909853100777,324.43292236328125,-37.432735443115234,1.329553246498108,0,18.388099670410156
0.3526249825954437,0.10000014305114746,0.0000001249999712626959,0.0010000000474974513,0.0010000000474974513,0.000001026833842843189,0.003957526758313179,306.49224853515625,-48.93605041503906,1.9016714096069336,0,18.388099670410156
0.35262998938560486,0.10000015050172806,0.00000012999997522911144,0.0010000000474974513,0.0010000000474974513,0.000001051464096235577,0.0049260398373007774,283.6736755371094,-56.54515838623047,2.281970977783203,0,18.388099670410156
0.352634996175766,0.10000015795230865,0.00000013499997919552698,0.0010000000474974513,0.0010000000474974513,0.0000010819053386512678,0.006088238209486008,256.3402404785156,-59.6545524597168,2.440178155899048,0,18.388099670410156
0.3526400029659271,0.10000016540288925,0.0000001399999831619425,0.0010000000474974513,0.0010000000474974513,0.000001118560362556309,0.007331010885536671,224.927001953125,-58.016788482666016,2.363905429840088,0,18.388099670410156
0.35264497995376587,0.10000017285346985,0.00000014499998712835804,0.0010000000474974513,0.0010000000474974513,0.0000011612351045187097,0.008534937165677547,189.9340057373047,-51.7621955871582,2.0596396923065186,0,18.388099670410156
0.352649986743927,0.10000018030405045,0.00000014999999109477358,0.0010000000474974513,0.0010000000474974513,0.0000012091545613657217,0.009583902545273304,151.91807556152344,-41.38850021362305,1.5522226095199585,0,18.388099670410156
0.35265499353408813,0.10000018775463104,0.0000001549999950611891,0.0010000000474974513,0.0010000000474974513,0.0000012610267958734767,0.010374442674219608,111.48430633544922,-27.721214294433594,0.8828697204589844,0,18.388099670410156
0.35266000032424927,0.10000019520521164,0.00000015999999902760464,0.0010000000474974513,0.0010000000474974513,0.0000013151471875971765,0.010824085213243961,69.27623748779297,-11.847944259643555,0.10588723421096802,0,18.388099670410156
0.352664977312088,0.10000020265579224,0.00000016500000299402018,0.0010000000474974513,0.0010000000474974513,0.000001369537244499952,0.010878012515604496,25.965543746948242,4.968155384063721,-0.7156556844711304,0,18.388099670410156
0.35266998410224915,0.10000021010637283,0.0000001700000069604357,0.0010000000474974513,0.0010000000474974513,0.00000142210490139405,0.010513531975448132,15.982558250427246,21.709148406982422,-1.5309646129608154,0,18.388099670410156
0.3526749908924103,0.10000021755695343,0.00000017500001092685125,0.0010000000474974513,0.0010000000474974513,0.0000014707740092489985,0.009733817540109158,55.054256439208984,37.87165451049805,-2.314985513687134,0,18.388099670410156
0.3526799976825714,0.10000022500753403,0.00000018000001489326678,0.0010000000474974513,0.0010000000474974513,0.0000015135479998207302,0.00855480507016182,93.1621322631836,50.71904754638672,-2.9310152530670166,0,18.388099670410156
0.35268500447273254,0.10000023245811462,0.00000018500001885968231,0.0010000000474974513,0.0010000000474974513,0.0000015488582221223623,0.007062051445245743,129.6390380859375,59.126747131347656,-3.3229641914367676,0,18.388099670410156
0.3526899814605713,0.10000023990869522,0.00000019000002282609785,0.0010000000474974513,0.0010000000474974513,0.000001575706619405537,0.005369680002331734,163.84628295898438,62.3587646484375,-3.4541842937469482,0,18.388099670410156
0.3526949882507324,0.10000024735927582,0.00000019500002679251338,0.0010000000474974513,0.0010000000474974513,0.00000159375906605419,0.003610478714108467,195.1851806640625,60.13219451904297,-3.3106911182403564,0,18.388099670410156
0.35269999504089355,0.10000025480985641,0.00000020000003075892892,0.0010000000474974513,0.0010000000474974513,0.0000016033808378779213,0.0019243578426539898,223.1068572998047,52.641937255859375,-2.902400493621826,0,18.388099670410156
0.3527050018310547,0.10000026226043701,0.00000020500003472534445,0.0010000000474974513,0.0010000000474974513,0.0000016056117146945326,0.0004461774951778352,247.12269592285156,40.54365921020508,-2.2622745037078857,0,18.388099670410156
0.35270997881889343,0.10000026971101761,0.00000021000003869175998,0.0010000000474974513,0.0010000000474974513,0.0000016020817383832764,-0.0007059893687255681,266.8121643066406,24.89638328552246,-1.4434515237808228,0,18.388099670410156
0.35271498560905457,0.1000002771615982,0.00000021500004265817552,0.0010000000474974513,0.0010000000474974513,0.000001594876039234805,-0.0014411332085728645,281.83050537109375,7.069795608520508,-0.5146092772483826,0,18.388099670410156
0.3527199923992157,0.1000002846121788,0.00000022000004662459105,0.0010000000474974513,0.0010000000474974513,0.0000015863599855947541,-0.001703221583738923,291.9148254394531,-11.37564754486084,0.44603055715560913,0,18.388099670410156
0.35272499918937683,0.1000002920627594,0.00000022500005059100658,0.0010000000474974513,0.0010000000474974513,0.0000015789796634635422,-0.0014760601334273815,296.8884582519531,-28.825321197509766,1.3575332164764404,0,18.388099670410156
0.35273000597953796,0.10000029951334,0.00000023000005455742212,0.0010000000474974513,0.0010000000474974513,0.0000015750563306937693,-0.0007846741937100887,296.66448974609375,-43.751766204833984,2.1433186531066895,0,18.388099670410156
0.3527349829673767,0.1000003069639206,0.00000023500005852383765,0.0010000000474974513,0.0010000000474974513,0.0000015765908756293356,0.0003069089725613594,291.2468566894531,-54.848392486572266,2.7378478050231934,0,18.388099670410156
0.35273998975753784,0.10000031441450119,0.00000024000004827939847,0.0010000000474974513,0.0010000000474974513,0.0000015850972658881801,0.0017012832686305046,280.73028564453125,-61.14385223388672,3.0923430919647217,0,18.388099670410156
0.352744996547699,0.10000032186508179,0.000000245000052245814,0.0010000000474974513,0.0010000000474974513,0.00000160147828864865,0.0032762004993855953,265.2990417480469,-62.08707046508789,3.179039478302002,0,18.388099670410156
0.3527500033378601,0.10000032931566238,0.00000025000005621222954,0.0010000000474974513,0.0010000000474974513,0.000001625954610062763,0.004895272199064493,245.22317504882813,-57.595481872558594,2.9935996532440186,0,18.388099670410156
0.35275498032569885,0.10000033676624298,0.00000025500006017864507,0.0010000000474974513,0.0010000000474974513,0.0000016580540886934614,0.006419899873435497,220.85415649414063,-48.062259674072266,2.555474281311035,0,18.388099670410156
0.35275998711586,0.10000034421682358,0.0000002600000641450606,0.0010000000474974513,0.0010000000474974513,0.000001696661001915345,0.007721392437815666,192.61866760253906,-34.3218994140625,1.9061834812164307,0,18.388099670410156
0.3527649939060211,0.10000035166740417,0.00000026500006811147614,0.0010000000474974513,0.0010000000474974513,0.0000017401220020474284,0.008692203089594841,161.01089477539063,-17.57715606689453,1.1056653261184692,0,18.388099670410156
0.35277000069618225,0.10000035911798477,0.00000027000007207789167,0.0010000000474974513,0.0010000000474974513,0.0000017863985704025254,0.009255314245820045,126.58438873291016,0.7062042951583862,0.22701293230056763,0,18.388099670410156
0.352774977684021,0.10000036656856537,0.0000002750000760443072,0.0010000000474974513,0.0010000000474974513,0.0000018332532363274368,0.00937093049287796,89.9417953491211,18.927749633789063,-0.6499403119087219,0,18.388099670410156
0.35277998447418213,0.10000037401914597,0.00000028000008001072274,0.0010000000474974513,0.0010000000474974513,0.0000018784528492687969,0.009039917960762978,51.72453689575195,35.49245071411133,-1.4456242322921753,0,18.388099670410156
0.35278499126434326,0.10000038146972656,0.0000002850000839771383,0.0010000000474974513,0.0010000000474974513,0.000001919971282404731,0.008303668349981308,12.601755142211914,46.85369110107422,-1.9828803539276123,0,18.388099670410156
0.3527899980545044,0.10000038892030716,0.0000002900000879435538,0.0010000000474974513,0.0010000000474974513,0.000001956440200956422,0.007293796166777611,29.71294593811035,54.659523010253906,-2.3442747592926025,0,18.388099670410156
0.3527950048446655,0.10000039637088776,0.00000029500009190996934,0.0010000000474974513,0.0010000000474974513,0.0000019869394236593507,0.0060998667031526566,72.95491027832031,58.8157844543457,-2.5252528190612793,0,18.388099670410156
0.3527999818325043,0.10000040382146835,0.0000003000000958763849,0.0010000000474974513,0.0010000000474974513,0.0000020110082914470695,0.004813766106963158,115.03584289550781,58.2916374206543,-2.4744150638580322,0,18.388099670410156
0.3528049886226654,0.10000041127204895,0.0000003050000998428004,0.0010000000474974513,0.0010000000474974513,0.0000020287761799409054,0.0035535572096705437,155.28587341308594,53.128787994384766,-2.1939773559570313,0,18.388099670410156
0.35280999541282654,0.10000041872262955,0.00000031000010380921594,0.0010000000474974513,0.0010000000474974513,0.0000020409570424817502,0.002436173614114523,193.064453125,43.73808670043945,-1.70460045337677,0,18.388099670410156
0.35281500220298767,0.10000042617321014,0.0000003150001077756315,0.0010000000474974513,0.0010000000474974513,0.0000020487971141847083,0.0015680277720093727,227.77041625976563,30.8668212890625,-1.0437538623809814,0,18.388099670410156
0.3528199791908264,0.10000043362379074,0.000000320000111742047,0.0010000000474974513,0.0010000000474974513,0.0000020539794149954105,0.0010364484041929245,258.8511657714844,15.539253234863281,-0.2627427279949188,0,18.388099670410156
0.35282498598098755,0.10000044107437134,0.00000032500011570846254,0.0010000000474974513,0.0010000000474974513,0.000002058492555079283,0.0009026345796883106,285.8121643066406,-1.0248873233795166,0.5773690938949585,0,18.388099670410156
0.3528299927711487,0.10000044852495193,0.0000003300001196748781,0.0010000000474974513,0.0010000000474974513,0.000002064475893348572,0.001196686178445816,308.2244567871094,-17.50746726989746,1.410611629486084,0,18.388099670410156
0.3528349995613098,0.10000045597553253,0.0000003350001236412936,0.0010000000474974513,0.0010000000474974513,0.000002074051508316188,0.0019151046872138977,325.7311706542969,-32.59684753417969,2.1713547706604004,0,18.388099670410156
0.35283997654914856,0.10000046342611313,0.00000034000012760770915,0.0010000000474974513,0.0010000000474974513,0.000002089156396323233,0.003020966425538063,338.0537109375,-45.092254638671875,2.7995262145996094,0,18.388099670410156
0.3528449833393097,0.10000047087669373,0.0000003450001315741247,0.0010000000474974513,0.0010000000474974513,0.0000021113901311764494,0.004446753300726414,344.9958801269531,-53.999332427978516,3.2453906536102295,0,18.388099670410156
0.3528499901294708,0.10000047832727432,0.0000003500001355405402,0.0010000000474974513,0.0010000000474974513,0.000002141888217011001,0.00609961710870266,346.44732666015625,-58.60927963256836,3.4735047817230225,0,18.388099670410156
0.35285499691963196,0.10000048577785492,0.00000035500013950695575,0.0010000000474974513,0.0010000000474974513,0.000002181231593567645,0.007868658751249313,342.3848876953125,-58.55525207519531,3.4655394554138184,0,18.388099670410156
0.3528600037097931,0.10000049322843552,0.0000003600001434733713,0.0010000000474974513,0.0010000000474974513,0.000002229399797215592,0.009633643552660942,332.8731689453125,-53.84154510498047,3.2217371463775635,0,18.388099670410156
0.35286498069763184,0.10000050067901611,0.0000003650001474397868,0.0010000000474974513,0.0010000000474974513,0.0000022857720978208818,0.011274460703134537,318.06365966796875,-44.84326171875,2.7608957290649414,0,18.388099670410156
0.35286998748779297,0.10000050812959671,0.00000037000015140620235,0.0010000000474974513,0.0010000000474974513,0.0000023491750198445516,0.012680573388934135,298.1921081542969,-32.27646255493164,2.1188769340515137,0,18.388099670410156
0.3528749942779541,0.10000051558017731,0.0000003750001553726179,0.0010000000474974513,0.0010000000474974513,0.0000024179735191864893,0.013759708032011986,273.5745544433594,-17.141185760498047,1.345754623413086,0,18.388099670410156
0.35288000106811523,0.1000005230307579,0.0000003800001593390334,0.0010000000474974513,0.0010000000474974513,0.0000024901989945647074,0.014445094391703606,244.60305786132813,-0.6418614983558655,0.501837432384491,0,18.388099670410156
0.352884978055954,0.1000005304813385,0.00000038500016330544895,0.0010000000474974513,0.0010000000474974513,0.0000025637023099989165,0.014700677245855331,211.73851013183594,15.908539772033691,-0.34712570905685425,0,18.388099670410156
0.3528899848461151,0.1000005379319191,0.0000003900001672718645,0.0010000000474974513,0.0010000000474974513,0.0000026363218239566777,0.014523888006806374,175.50401306152344,31.192975997924805,-1.1351689100265503,0,18.388099670410156
0.35289499163627625,0.1000005453824997,0.00000039500017123828,0.0010000000474974513,0.0010000000474974513,0.0000027060505090048537,0.013945750892162323,136.4761962890625,43.995155334472656,-1.8013510704040527,0,18.388099670410156
0.3528999984264374,0.10000055283308029,0.00000040000017520469555,0.0010000000474974513,0.0010000000474974513,0.000002771192157524638,0.013028331100940704,95.27642059326172,53.29631042480469,-2.294595956802368,0,18.388099670410156
0.3529050052165985,0.10000056028366089,0.0000004050001791711111,0.0010000000474974513,0.0010000000474974513,0.000002830490757332882,0.011859703809022903,52.56034469604492,58.35628128051758,-2.577745199203491,0,18.388099670410156
0.35290998220443726,0.10000056773424149,0.0000004100001831375266,0.0010000000474974513,0.0010000000474974513,0.00000288322507913108,0.010546868667006493,9.007540702819824,58.77240753173828,-2.6305065155029297,0,18.388099670410156
0.3529149889945984,0.10000057518482208,0.00000041500018710394215,0.0010000000474974513,0.0010000000474974513,0.00000292926097245072,0.009207163006067276,31.219655990600586,54.78558349609375,-2.4647552967071533,0,18.388099670410156
0.3529199957847595,0.10000058263540268,0.0000004200001910703577,0.0010000000474974513,0.0010000000474974513,0.0000029690204428334255,0.007951874285936356,69.99946594238281,45.30299377441406,-2.0256714820861816,0,18.388099670410156
0.35292500257492065,0.10000059008598328,0.0000004250001950367732,0.0010000000474974513,0.0010000000474974513,0.00000300362148664135,0.006920208223164082,107.55374908447266,31.854799270629883,-1.3895784616470337,0,18.388099670410156
0.3529299795627594,0.10000059753656387,0.00000043000019900318875,0.0010000000474974513,0.0010000000474974513,0.000003034683913938352,0.006212501786649227,143.22511291503906,15.618181228637695,-0.6151419878005981,0,18.388099670410156
0.35293498635292053,0.10000060498714447,0.0000004350002029696043,0.0010000000474974513,0.0010000000474974513,0.000003064179963985225,0.005899212323129177,176.38919067382813,-1.985576868057251,0.22677215933799744,0,18.388099670410156
0.35293999314308167,0.10000061243772507,0.0000004400002069360198,0.0010000000474974513,0.0010000000474974513,0.0000030942535431677243,0.006014706566929817,206.46502685546875,-19.415531158447266,1.0593197345733643,0,18.388099670410156
0.3529449999332428,0.10000061988830566,0.00000044500021090243536,0.0010000000474974513,0.0010000000474974513,0.000003127024683635682,0.006554213352501392,232.92649841308594,-35.14594268798828,1.8064205646514893,0,18.388099670410156
0.35294997692108154,0.10000062733888626,0.0000004500002148688509,0.0010000000474974513,0.0010000000474974513,0.0000031643958209315315,0.00747421570122242,255.31007385253906,-47.799842834472656,2.399435043334961,0,18.388099670410156
0.3529549837112427,0.10000063478946686,0.0000004550002188352664,0.0010000000474974513,0.0010000000474974513,0.0000032078769436338916,0.008696237578988075,273.223876953125,-56.26958084106445,2.783191442489624,0,18.388099670410156
0.3529599905014038,0.10000064224004745,0.00000046000022280168196,0.0010000000474974513,0.0010000000474974513,0.0000032584455311734928,0.010113704949617386,286.35430908203125,-59.81374740600586,2.920830011367798,0,18.388099670410156
0.35296499729156494,0.10000064969062805,0.0000004650002267680975,0.0010000000474974513,0.0010000000474974513,0.000003316451966384193,0.011601271107792854,294.4714050292969,-58.12210464477539,2.797048330307007,0,18.388099670410156
0.3529700040817261,0.10000065714120865,0.000000470000230734513,0.0010000000474974513,0.0010000000474974513,0.0000033815808819781523,0.013025796040892601,297.4332275390625,-51.34273147583008,2.419459104537964,0,18.388099670410156
0.3529749810695648,0.10000066459178925,0.00000047500023470092856,0.0010000000474974513,0.0010000000474974513,0.000003452870942055597,0.014258015900850296,295.1880187988281,-40.069061279296875,1.8179384469985962,0,18.388099670410156
0.35297998785972595,0.10000067204236984,0.0000004800002102456347,0.0010000000474974513,0.0010000000474974513,0.000003528790330165066,0.015183884650468826,287.7747802734375,-25.28793716430664,1.0420290231704712,0,18.388099670410156
0.3529849946498871,0.10000067949295044,0.0000004850002142120502,0.0010000000474974513,0.0010000000474974513,0.000003607363169066957,0.015714585781097412,275.3236083984375,-8.293222427368164,0.1566198766231537,0,18.388099670410156
0.3529900014400482,0.10000068694353104,0.0000004900002181784657,0.0010000000474974513,0.0010000000474974513,0.000003686334821395576,0.01579435169696808,258.05230712890625,9.427444458007813,-0.7637178897857666,0,18.388099670410156
0.35299497842788696,0.10000069439411163,0.0000004950002221448813,0.0010000000474974513,0.0010000000474974513,0.000003763361746678129,0.01540539413690567,236.2633514404297,26.3228816986084,-1.6412432193756104,0,18.388099670410156
0.3529999852180481,0.10000070184469223,0.0000005000002261112968,0.0010000000474974513,0.0010000000474974513,0.000003836209543806035,0.014569515362381935,210.33790588378906,40.91413879394531,-2.401834487915039,0,18.388099670410156
0.35300499200820923,0.10000070929527283,0.0000005050002300777123,0.0010000000474974513,0.0010000000474974513,0.000003902940989064518,0.013346271589398384,180.7300567626953,51.92396926879883,-2.9814658164978027,0,18.388099670410156
0.35300999879837036,0.10000071674585342,0.0000005100002340441279,0.0010000000474974513,0.0010000000474974513,0.000003962079972552601,0.011827822774648666,147.95826721191406,58.38862609863281,-3.331794261932373,0,18.388099670410156
0.3530150055885315,0.10000072419643402,0.0000005150002380105434,0.0010000000474974513,0.0010000000474974513,0.000004012734734715195,0.010130953043699265,112.5962905883789,59.742225646972656,-3.424381971359253,0,18.388099670410156
0.35301998257637024,0.10000073164701462,0.0000005200002419769589,0.0010000000474974513,0.0010000000474974513,0.000004054669261677191,0.008386930450797081,75.26288604736328,55.866275787353516,-3.2531723976135254,0,18.388099670410156
0.35302498936653137,0.10000073909759521,0.0000005250002459433745,0.0010000000474974513,0.0010000000474974513,0.000004088319656148087,0.006730103865265846,36.611881256103516,47.100067138671875,-2.835010528564453,0,18.388099670410156
0.3530299961566925,0.10000074654817581,0.00000053000024990979,0.0010000000474974513,0.0010000000474974513,0.000004114750936423661,0.005286244675517082,2.977950096130371,35.80735397338867,-2.2879767417907715,0,18.388099670410156
0.35303500294685364,0.10000075399875641,0.0000005350002538762055,0.0010000000474974513,0.0010000000474974513,0.000004135355993639678,0.004120987839996815,46.58830261230469,21.240510940551758,-1.5745965242385864,0,18.388099670410156
0.3530399799346924,0.100000761449337,0.0000005400002578426211,0.0010000000474974513,0.0010000000474974513,0.0000041519510887155775,0.0033190525136888027,89.45713806152344,4.983406066894531,-0.7739840149879456,0,18.388099670410156
0.3530449867248535,0.1000007688999176,0.0000005450002618090366,0.0010000000474974513,0.0010000000474974513,0.000004166575308772735,0.0029248655773699284,130.90232849121094,-11.67026424407959,0.04924100264906883,0,18.388099670410156
0.35304999351501465,0.1000007763504982,0.0000005500002657754521,0.0010000000474974513,0.0010000000474974513,0.000004181325039098738,0.0029499437659978867,170.26393127441406,-27.395240783691406,0.8288657665252686,0,18.388099670410156
0.3530550003051758,0.1000007838010788,0.0000005550002697418677,0.0010000000474974513,0.0010000000474974513,0.000004198185251880204,0.0033720815554261208,206.915771484375,-40.94017028808594,1.5023576021194458,0,18.388099670410156
0.3530599772930145,0.1000007912516594,0.0000005600002737082832,0.0010000000474974513,0.0010000000474974513,0.000004218871254124679,0.004137225914746523,240.27444458007813,-51.2271842956543,2.015843152999878,0,18.388099670410156
0.35306498408317566,0.10000079870223999,0.0000005650002776746987,0.0010000000474974513,0.0010000000474974513,0.00000424469089921331,0.005163886118680239,269.8089294433594,-57.43766784667969,2.3283963203430176,0,18.388099670410156
0.3530699908733368,0.10000080615282059,0.0000005700002816411143,0.0010000000474974513,0.0010000000474974513,0.0000042764395402628,0.006349728908389807,295.0494689941406,-59.0774040222168,2.4152956008911133,0,18.388099670410156
0.3530749976634979,0.10000081360340118,0.0000005750002856075298,0.0010000000474974513,0.0010000000474974513,0.0000043143386392330285,0.007579829078167677,315.59417724609375,-56.01591110229492,2.2699904441833496,0,18.388099670410156
0.35308000445365906,0.10000082105398178,0.0000005800002895739453,0.0010000000474974513,0.0010000000474974513,0.000004358018486527726,0.008735925890505314,331.11590576171875,-48.49681091308594,1.9046210050582886,0,18.388099670410156
0.3530849814414978,0.10000082850456238,0.0000005850002935403609,0.0010000000474974513,0.0010000000474974513,0.000004406548214319628,0.009705941192805767,341.36767578125,-37.11845779418945,1.3490486145019531,0,18.388099670410156
0.35308998823165894,0.10000083595514297,0.0000005900002975067764,0.0010000000474974513,0.0010000000474974513,0.000004458513103600126,0.010393005795776844,346.1866455078125,-22.786312103271484,0.6484756469726563,0,18.388099670410156
0.35309499502182007,0.10000084340572357,0.0000005950003014731919,0.0010000000474974513,0.0010000000474974513,0.0000045121296352590434,0.010723271407186985,345.49578857421875,-6.640886306762695,-0.14015723764896393,0,18.388099670410156
0.3531000018119812,0.10000085085630417,0.0000006000003054396075,0.0010000000474974513,0.0010000000474974513,0.000004565389190247515,0.010651889257133007,339.3061828613281,10.033002853393555,-0.9527082443237305,0,18.388099670410156
0.35310497879981995,0.10000085830688477,0.000000605000309406023,0.0010000000474974513,0.0010000000474974513,0.000004616222668119008,0.010166679508984089,327.7164306640625,25.908489227294922,-1.722946047782898,0,18.388099670410156
0.3531099855899811,0.10000086575746536,0.0000006100003133724385,0.0010000000474974513,0.0010000000474974513,0.000004662668743549148,0.009289191104471684,310.9107666015625,39.72224807739258,-2.387829542160034,0,18.388099670410156
0.3531149923801422,0.10000087320804596,0.0000006150003173388541,0.0010000000474974513,0.0010000000474974513,0.000004703033937403234,0.008073079399764538,289.1568298339844,50.3750114440918,-2.8925321102142334,0,18.388099670410156
0.35311999917030334,0.10000088065862656,0.0000006200003213052696,0.0010000000474974513,0.0010000000474974513,0.000004736033588415012,0.006599924527108669,262.8009033203125,57.01905822753906,-3.1948156356811523,0,18.388099670410156
0.3531250059604645,0.10000088810920715,0.0000006250003252716851,0.0010000000474974513,0.0010000000474974513,0.000004760897809319431,0.004972818307578564,232.26243591308594,59.125667572021484,-3.2684030532836914,0,18.388099670410156
0.3531299829483032,0.10000089555978775,0.0000006300003292381007,0.0010000000474974513,0.0010000000474974513,0.000004777438789460575,0.003308234503492713,198.0274200439453,56.52720642089844,-3.105081558227539,0,18.388099670410156
0.35313498973846436,0.10000090301036835,0.0000006350003332045162,0.0010000000474974513,0.0010000000474974513,0.0000047860730774118565,0.0017268296796828508,160.6407470703125,49.43045425415039,-2.7153663635253906,0,18.388099670410156
0.3531399965286255,0.10000091046094894,0.0000006400003371709317,0.0010000000474974513,0.0010000000474974513,0.000004787792477145558,0.00034390506334602833,120.69725799560547,38.400150299072266,-2.1276800632476807,0,18.388099670410156
0.3531450033187866,0.10000091791152954,0.0000006450003411373473,0.0010000000474974513,0.0010000000474974513,0.000004784094016940799,-0.0007397134322673082,78.83274841308594,24.31406021118164,-1.3861026763916016,0,18.388099670410156
0.35314998030662537,0.10000092536211014,0.0000006500003451037628,0.0010000000474974513,0.0010000000474974513,0.000004776865807798458,-0.0014456496573984623,35.71369934082031,8.29311466217041,-0.5468786358833313,0,18.388099670410156
0.3531549870967865,0.10000093281269073,0.0000006550003490701783,0.0010000000474974513,0.0010000000474974513,0.0000047682451622677036,-0.0017241726163774729,7.176400184631348,-8.786466598510742,0.34597867727279663,0,18.388099670410156
0.35315999388694763,0.10000094026327133,0.0000006600003530365939,0.0010000000474974513,0.0010000000474974513,0.000004760505362355616,-0.0015479670837521553,46.369537353515625,-26.366321563720703,1.2643450498580933,0,18.388099670410156
0.35316500067710876,0.10000094771385193,0.0000006650003570030094,0.0010000000474974513,0.0010000000474974513,0.0000047559851736878045,-0.00090404151706025,84.75102996826172,-41.63819885253906,2.067598581314087,0,18.388099670410156
0.3531699776649475,0.10000095516443253,0.0000006700003609694249,0.0010000000474974513,0.0010000000474974513,0.0000047567300498485565,0.00014897770597599447,121.64839935302734,-53.26526641845703,2.688687801361084,0,18.388099670410156
0.35317498445510864,0.10000096261501312,0.0000006750003649358405,0.0010000000474974513,0.0010000000474974513,0.000004764321602124255,0.0015183151699602604,156.416015625,-60.22975158691406,3.0765128135681152,0,18.388099670410156
0.3531799912452698,0.10000097006559372,0.000000680000368902256,0.0010000000474974513,0.0010000000474974513,0.000004779747541761026,0.003085169941186905,188.44561767578125,-61.92201614379883,3.2003819942474365,0,18.388099670410156
0.3531849980354309,0.10000097751617432,0.0000006850003728686715,0.0010000000474974513,0.0010000000474974513,0.000004803323008673033,0.00471511110663414,217.17596435546875,-58.19392013549805,3.052680015563965,0,18.388099670410156
0.35319000482559204,0.10000098496675491,0.0000006900003768350871,0.0010000000474974513,0.0010000000474974513,0.000004834671926801093,0.006269828416407108,242.10414123535156,-49.371803283691406,2.6495182514190674,0,18.388099670410156
0.3531949818134308,0.10000099241733551,0.0000006950003808015026,0.0010000000474974513,0.0010000000474974513,0.0000048727679313742556,0.007619217038154602,262.7938537597656,-36.22792053222656,2.029308319091797,0,18.388099670410156
0.3531999886035919,0.10000099986791611,0.0000007000003847679181,0.0010000000474974513,0.0010000000474974513,0.000004916031684842892,0.008652735501527786,278.8828125,-19.912813186645508,1.2493810653686523,0,18.388099670410156
0.35320499539375305,0.1000010073184967,0.0000007050003887343337,0.0010000000474974513,0.0010000000474974513,0.00000496247685077833,0.009289039298892021,290.0891418457031,-1.854634404182434,0.3809543251991272,0,18.388099670410156
0.3532100021839142,0.1000010147690773,0.0000007100003927007492,0.0010000000474974513,0.0010000000474974513,0.000005009891992813209,0.009483058005571365,296.21685791015625,16.36589241027832,-0.49711906909942627,0,18.388099670410156
0.35321497917175293,0.1000010222196579,0.0000007150003966671648,0.0010000000474974513,0.0010000000474974513,0.000005056041572970571,0.009229877963662148,297.1591796875,33.15382766723633,-1.3052666187286377,0,18.388099670410156
0.35321998596191406,0.1000010296702385,0.0000007200004006335803,0.0010000000474974513,0.0010000000474974513,0.000005098866949992953,0.008565111085772514,292.8990783691406,47.039634704589844,-1.9701775312423706,0,18.388099670410156
0.3532249927520752,0.10000103712081909,0.0000007250004045999958,0.0010000000474974513,0.0010000000474974513,0.000005136675554240355,0.007561707869172096,283.5107727050781,56.80781555175781,-2.4312326908111572,0,18.388099670410156
0.35322999954223633,0.10000104457139969,0.0000007300004085664114,0.0010000000474974513,0.0010000000474974513,0.000005168293228052789,0.006323491223156452,269.1590881347656,61.60331726074219,-2.645824432373047,0,18.388099670410156
0.3532349765300751,0.10000105202198029,0.0000007350004125328269,0.0010000000474974513,0.0010000000474974513,0.0000051931733651144896,0.004975983873009682,250.0955810546875,61.00636291503906,-2.593097686767578,0,18.388099670410156
0.3532399833202362,0.10000105947256088,0.0000007400004164992424,0.0010000000474974513,0.0010000000474974513,0.0000052114501158939674,0.003655330277979374,226.6533660888672,55.0692024230957,-2.2757861614227295,0,18.388099670410156
0.35324499011039734,0.10000106692314148,0.000000745000420465658,0.0010000000474974513,0.0010000000474974513,0.000005223931566433748,0.0024962821044027805,199.2432403564453,44.311546325683594,-1.7199841737747192,0,18.388099670410156
0.35324999690055847,0.10000107437372208,0.0000007500004244320735,0.0010000000474974513,0.0010000000474974513,0.000005232032890489791,0.0016203015111386776,168.34510803222656,29.675077438354492,-0.9728706479072571,0,18.388099670410156
0.3532550036907196,0.10000108182430267,0.000000755000428398489,0.0010000000474974513,0.0010000000474974513,0.000005237657205725554,0.0011248225346207619,134.49969482421875,12.440995216369629,-0.09858676791191101,0,18.388099670410156
0.35325998067855835,0.10000108927488327,0.0000007600004323649046,0.0010000000474974513,0.0010000000474974513,0.000005243030045676278,0.0010746126063168049,98.29942321777344,-5.882110118865967,0.8273712396621704,0,18.388099670410156
0.3532649874687195,0.10000109672546387,0.0000007650004363313201,0.0010000000474974513,0.0010000000474974513,0.000005250510184851009,0.0014959892723709345,60.37816619873047,-23.690319061279297,1.7247554063796997,0,18.388099670410156
0.3532699942588806,0.10000110417604446,0.0000007700004402977356,0.0010000000474974513,0.0010000000474974513,0.000005262382273940602,0.002374399919062853,21.39995765686035,-37.429683685302734,2.4158313274383545,0,18.388099670410156
0.35327500104904175,0.10000111162662506,0.0000007750004442641512,0.0010000000474974513,0.0010000000474974513,0.000005280406185192987,0.003604772500693798,19.947479248046875,-47.56630325317383,2.923882007598877,0,18.388099670410156
0.3532799780368805,0.10000111907720566,0.0000007800004482305667,0.0010000000474974513,0.0010000000474974513,0.000005305875674821436,0.0050938930362463,63.355499267578125,-55.106597900390625,3.299221992492676,0,18.388099670410156
0.3532849848270416,0.10000112652778625,0.0000007850004521969822,0.0010000000474974513,0.0010000000474974513,0.000005339746621757513,0.006774173118174076,105.75511932373047,-58.26164245605469,3.4524142742156982,0,18.388099670410156
0.35328999161720276,0.10000113397836685,0.0000007900004561633978,0.0010000000474974513,0.0010000000474974513,0.0000053824091992282774,0.008532472886145115,146.47158813476563,-56.78037643432617,3.370929718017578,0,18.388099670410156
0.3532949984073639,0.10000114142894745,0.0000007950004601298133,0.0010000000474974513,0.0010000000474974513,0.000005433655587694375,0.010249272920191288,184.85691833496094,-50.780670166015625,3.060701370239258,0,18.388099670410156
0.353300005197525,0.10000114887952805,0.0000008000004640962288,0.0010000000474974513,0.0010000000474974513,0.000005492695891007315,0.011808075942099094,220.3000030517578,-40.73996353149414,2.5456552505493164,0,18.388099670410156
0.35330498218536377,0.10000115633010864,0.0000008050004680626444,0.0010000000474974513,0.0010000000474974513,0.0000055582186178071424,0.013104568235576153,252.2370147705078,-27.4572696685791,1.8658113479614258,0,18.388099670410156
0.3533099889755249,0.10000116378068924,0.0000008100004720290599,0.0010000000474974513,0.0010000000474974513,0.000005628492544929031,0.014054818078875542,280.1597595214844,-11.989592552185059,1.0741031169891357,0,18.388099670410156
0.35331499576568604,0.10000117123126984,0.0000008150004759954754,0.0010000000474974513,0.0010000000474974513,0.000005701501777366502,0.014601854607462883,303.6236267089844,4.432185173034668,0.2321719527244568,0,18.388099670410156
0.35332000255584717,0.10000117868185043,0.000000820000479961891,0.0010000000474974513,0.0010000000474974513,0.0000057751021813601255,0.014720099046826363,322.2547302246094,20.501262664794922,-0.5945315957069397,0,18.388099670410156
0.3533249795436859,0.10000118613243103,0.0000008250004839283065,0.0010000000474974513,0.0010000000474974513,0.000005847188731422648,0.014417307451367378,335.7574157714844,34.93890380859375,-1.3419474363327026,0,18.388099670410156
0.35332998633384705,0.10000119358301163,0.000000830000487894722,0.0010000000474974513,0.0010000000474974513,0.000005915857855143258,0.013733860105276108,343.916259765625,46.59619903564453,-1.9524943828582764,0,18.388099670410156
0.3533349931240082,0.10000120103359222,0.0000008350004918611376,0.0010000000474974513,0.0010000000474974513,0.000005979555226076627,0.012739462777972221,346.60162353515625,54.54548645019531,-2.379642963409424,0,18.388099670410156
0.3533399999141693,0.10000120848417282,0.0000008400004958275531,0.0010000000474974513,0.0010000000474974513,0.000006037192633812083,0.011527519673109055,343.7703552246094,58.15418243408203,-2.5916059017181396,0,18.388099670410156
0.35334497690200806,0.10000121593475342,0.0000008450004997939686,0.0010000000474974513,0.0010000000474974513,0.000006088230747991474,0.010207625105977058,335.4679260253906,57.13511276245117,-2.573857545852661,0,18.388099670410156
0.3533499836921692,0.10000122338533401,0.0000008500005037603842,0.0010000000474974513,0.0010000000474974513,0.000006132714588602539,0.00889676995575428,321.8262023925781,51.56937789916992,-2.3302769660949707,0,18.388099670410156
0.3533549904823303,0.10000123083591461,0.0000008550005077267997,0.0010000000474974513,0.0010000000474974513,0.0000061712644310318865,0.00770996930077672,303.06231689453125,41.89988327026367,-1.8828250169754028,0,18.388099670410156
0.35335999727249146,0.10000123828649521,0.0000008600005116932152,0.0010000000474974513,0.0010000000474974513,0.000006205019872140838,0.006751054432243109,279.4752502441406,28.896100997924805,-1.2697840929031372,0,18.388099670410156
0.3533650040626526,0.1000012457370758,0.0000008650005156596308,0.0010000000474974513,0.0010000000474974513,0.0000062355416048376355,0.006104358937591314,251.44021606445313,13.592838287353516,-0.5426977276802063,0,18.388099670410156
0.35336998105049133,0.1000012531876564,0.0000008700005196260463,0.0010000000474974513,0.0010000000474974513,0.000006264681360335089,0.005827965680509806,219.40342712402344,-2.792107582092285,0.2377462089061737,0,18.388099670410156
0.35337498784065247,0.100001260638237,0.0000008750005235924618,0.0010000000474974513,0.0010000000474974513,0.000006294426384556573,0.005949048791080713,183.87469482421875,-18.954866409301758,1.006560206413269,0,18.388099670410156
0.3533799946308136,0.1000012680888176,0.0000008800005275588774,0.0010000000474974513,0.0010000000474974513,0.0000063267348195950035,0.006461685989052057,145.41969299316406,-33.6092414855957,1.6996428966522217,0,18.388099670410156
0.35338500142097473,0.1000012755393982,0.0000008850005315252929,0.0010000000474974513,0.0010000000474974513,0.0000063633715399191715,0.007327307015657425,104.6500244140625,-45.589080810546875,2.258897066116333,0,18.388099670410156
0.3533899784088135,0.10000128298997879,0.0000008900005354917084,0.0010000000474974513,0.0010000000474974513,0.000006405760359484702,0.008477753028273582,62.2148323059082,-53.94105911254883,2.6368672847747803,0,18.388099670410156
0.3533949851989746,0.10000129044055939,0.000000895000539458124,0.0010000000474974513,0.0010000000474974513,0.000006454863978433423,0.009820697829127312,18.789430618286133,-58.000545501708984,2.800532102584839,0,18.388099670410156
0.35339999198913574,0.10000129789113998,0.0000009000005434245395,0.0010000000474974513,0.0010000000474974513,0.000006511098945338745,0.011246997863054276,22.441478729248047,-58.57777404785156,2.790611982345581,0,18.388099670410156
0.3534049987792969,0.10000130534172058,0.000000905000547390955,0.0010000000474974513,0.0010000000474974513,0.000006574440249096369,0.012668244540691376,61.40054702758789,-52.8385009765625,2.4656004905700684,0,18.388099670410156
0.353410005569458,0.10000131279230118,0.0000009100005513573706,0.0010000000474974513,0.0010000000474974513,0.0000066440602495276835,0.013923965394496918,99.2847671508789,-42.473995208740234,1.9102625846862793,0,18.388099670410156
0.35341498255729675,0.10000132024288177,0.0000009150005553237861,0.0010000000474974513,0.0010000000474974513,0.00000671854468237143,0.014896854758262634,135.43060302734375,-28.391523361206055,1.170158863067627,0,18.388099670410156
0.3534199893474579,0.10000132769346237,0.0000009200005592902016,0.0010000000474974513,0.0010000000474974513,0.000006796008619858185,0.015492811799049377,169.2057342529297,-11.823789596557617,0.3071151077747345,0,18.388099670410156
0.353424996137619,0.10000133514404297,0.0000009250005632566172,0.0010000000474974513,0.0010000000474974513,0.000006874254722788464,0.01564922370016575,200.0182342529297,5.778938293457031,-0.6061713099479675,0,18.388099670410156
0.35343000292778015,0.10000134259462357,0.0000009300005672230327,0.0010000000474974513,0.0010000000474974513,0.000006950957413209835,0.015340503305196762,227.32891845703125,22.87580680847168,-1.4924817085266113,0,18.388099670410156
0.3534349799156189,0.10000135004520416,0.0000009350005711894482,0.0010000000474974513,0.0010000000474974513,0.000007023859325272497,0.014580389484763145,250.659912109375,37.97024154663086,-2.276820659637451,0,18.388099670410156
0.35343998670578003,0.10000135749578476,0.0000009400005751558638,0.0010000000474974513,0.0010000000474974513,0.000007090963208611356,0.013420814648270607,269.60247802734375,49.74094009399414,-2.892965793609619,0,18.388099670410156
0.35344499349594116,0.10000136494636536,0.0000009450005791222793,0.0010000000474974513,0.0010000000474974513,0.000007150700184865855,0.01194743998348713,283.8251037597656,57.157554626464844,-3.2892534732818604,0,18.388099670410156
0.3534500002861023,0.10000137239694595,0.0000009500005830886948,0.0010000000474974513,0.0010000000474974513,0.0000072020611696643755,0.010272236540913582,293.07916259765625,59.57087326049805,-3.4330873489379883,0,18.388099670410156
0.35345497727394104,0.10000137984752655,0.0000009550005870551104,0.0010000000474974513,0.0010000000474974513,0.000007244680091389455,0.00852377898991108,297.2019958496094,56.76964569091797,-3.3137826919555664,0,18.388099670410156
0.3534599840641022,0.10000138729810715,0.000000960000534178107,0.0010000000474974513,0.0010000000474974513,0.000007278860721271485,0.006836083717644215,296.1218566894531,48.99907684326172,-2.9434895515441895,0,18.388099670410156
0.3534649908542633,0.10000139474868774,0.0000009650004813011037,0.0010000000474974513,0.0010000000474974513,0.000007305545750568854,0.005336976610124111,289.8573303222656,36.939361572265625,-2.3561203479766846,0,18.388099670410156
0.35346999764442444,0.10000140219926834,0.0000009700004284241004,0.0010000000474974513,0.0010000000474974513,0.000007326230843318626,0.004137014038860798,278.518310546875,21.646150588989258,-1.6043757200241089,0,18.388099670410156
0.35347500443458557,0.10000140964984894,0.000000975000375547097,0.0010000000474974513,0.0010000000474974513,0.000007342830485868035,0.003319912124425173,262.30328369140625,4.458141803741455,-0.7551214098930359,0,18.388099670410156
0.3534799814224243,0.10000141710042953,0.0000009800003226700937,0.0010000000474974513,0.0010000000474974513,0.000007357507001870545,0.002935331780463457,241.49624633789063,-13.120109558105469,0.11646862328052521,0,18.388099670410156
0.35348498821258545,0.10000142455101013,0.0000009850002697930904,0.0010000000474974513,0.0010000000474974513,0.000007372480467893183,0.0029946486465632915,216.46141052246094,-29.549890518188477,0.933497428894043,0,18.388099670410156
0.3534899950027466,0.10000143200159073,0.000000990000216916087,0.0010000000474974513,0.0010000000474974513,0.000007389830898318905,0.003470074851065874,187.63670349121094,-43.393009185791016,1.6240791082382202,0,18.388099670410156
0.3534950017929077,0.10000143945217133,0.0000009950001640390838,0.0010000000474974513,0.0010000000474974513,0.000007411316801153589,0.004297211300581694,155.527099609375,-53.43770980834961,2.127634286880493,0,18.388099670410156
0.35349997878074646,0.10000144690275192,0.0000010000001111620804,0.0010000000474974513,0.0010000000474974513,0.000007438221018674085,0.005380806513130665,120.6948013305664,-58.804725646972656,2.4001924991607666,0,18.388099670410156
0.3535049855709076,0.10000145435333252,0.000001005000058285077,0.0010000000474974513,0.0010000000474974513,0.000007471237040590495,0.006603214889764786,83.74913024902344,-59.024253845214844,2.418241262435913,0,18.388099670410156
0.3535099923610687,0.10000146180391312,0.0000010100000054080738,0.0010000000474974513,0.0010000000474974513,0.000007510411251132609,0.007834815420210361,45.33724594116211,-54.07707595825195,2.1807823181152344,0,18.388099670410156
0.35351499915122986,0.10000146925449371,0.0000010149999525310704,0.0010000000474974513,0.0010000000474974513,0.000007555138836323749,0.008945479057729244,6.1318864822387695,-44.3962516784668,1.7094160318374634,0,18.388099670410156
0.353520005941391,0.10000147670507431,0.0000010199998996540671,0.0010000000474974513,0.0010000000474974513,0.0000076042192631575745,0.009816077537834644,36.86766815185547,-32.218505859375,1.1159113645553589,0,18.388099670410156
0.35352498292922974,0.10000148415565491,0.0000010249998467770638,0.0010000000474974513,0.0010000000474974513,0.000007656140951439738,0.010384405963122845,79.96190643310547,-17.320940017700195,0.389041930437088,0,18.388099670410156
0.35352998971939087,0.1000014916062355,0.0000010299997939000605,0.0010000000474974513,0.0010000000474974513,0.000007709053534199484,0.010582542978227139,121.78343963623047,-1.0450166463851929,-0.4042148292064667,0,18.388099670410156
0.353534996509552,0.1000014990568161,0.0000010349997410230571,0.0010000000474974513,0.0010000000474974513,0.000007760936568956822,0.010376677848398685,161.66659545898438,15.314069747924805,-1.19920814037323,0,18.388099670410156
0.35354000329971313,0.1000015065073967,0.0000010399996881460538,0.0010000000474974513,0.0010000000474974513,0.000007809766430000309,0.0097659258171916,198.97703552246094,30.45450210571289,-1.9309688806533813,0,18.388099670410156
0.3535449802875519,0.1000015139579773,0.0000010449996352690505,0.0010000000474974513,0.0010000000474974513,0.00000785367865319131,0.008782492019236088,233.12014770507813,43.17144775390625,-2.5393896102905273,0,18.388099670410156
0.353549987077713,0.10000152140855789,0.0000010499995823920472,0.0010000000474974513,0.0010000000474974513,0.000007891124369052704,0.007489191833883524,263.5531005859375,52.45292282104492,-2.9740161895751953,0,18.388099670410156
0.35355499386787415,0.10000152885913849,0.0000010549995295150438,0.0010000000474974513,0.0010000000474974513,0.000007920996722532436,0.005974538158625364,289.7915954589844,57.560325622558594,-3.198075294494629,0,18.388099670410156
0.3535600006580353,0.10000153630971909,0.0000010599994766380405,0.0010000000474974513,0.0010000000474974513,0.000007942725460452493,0.004345771856606007,311.4178161621094,58.08722686767578,-3.1914114952087402,0,18.388099670410156
0.353564977645874,0.10000154376029968,0.0000010649994237610372,0.0010000000474974513,0.0010000000474974513,0.00000795632786321221,0.0027203992940485477,328.0878601074219,53.991695404052734,-2.9521028995513916,0,18.388099670410156
0.35356998443603516,0.10000155121088028,0.0000010699993708840339,0.0010000000474974513,0.0010000000474974513,0.00000796241238276707,0.0012169056572020054,339.5362854003906,45.599639892578125,-2.496628761291504,0,18.388099670410156
0.3535749912261963,0.10000155866146088,0.0000010749993180070305,0.0010000000474974513,0.0010000000474974513,0.000007962139534356538,-0.0000546168303117156,345.5805969238281,33.57888412475586,-1.8585699796676636,0,18.388099670410156
0.3535799980163574,0.10000156611204147,0.0000010799992651300272,0.0010000000474974513,0.0010000000474974513,0.00000795713367551798,-0.001001178752630949,346.124755859375,18.88600730895996,-1.0859522819519043,0,18.388099670410156
0.35358500480651855,0.10000157356262207,0.0000010849992122530239,0.0010000000474974513,0.0010000000474974513,0.00000794936204329133,-0.0015542497858405113,341.1602478027344,2.6902291774749756,-0.2374381273984909,0,18.388099670410156
0.3535899817943573,0.10000158101320267,0.0000010899991593760205,0.0010000000474974513,0.0010000000474974513,0.000007940986506582703,-0.0016751759685575962,330.7659912109375,-13.719630241394043,0.6223261952400208,0,18.388099670410156
0.35359498858451843,0.10000158846378326,0.0000010949991064990172,0.0010000000474974513,0.0010000000474974513,0.000007934195309644565,-0.0013582278043031693,315.1075134277344,-29.0377140045166,1.4278393983840942,0,18.388099670410156
0.35359999537467957,0.10000159591436386,0.0000010999990536220139,0.0010000000474974513,0.0010000000474974513,0.000007931040272524115,-0.0006310352473519742,294.4342956542969,-42.04505157470703,2.117943048477173,0,18.388099670410156
0.3536050021648407,0.10000160336494446,0.0000011049990007450106,0.0010000000474974513,0.0010000000474974513,0.000007933278538985178,0.000447624217486009,269.0749206542969,-51.7065544128418,2.640671730041504,0,18.388099670410156
0.35360997915267944,0.10000161081552505,0.0000011099989478680072,0.0010000000474974513,0.0010000000474974513,0.000007942240699776448,0.0017925071297213435,239.4329376220703,-57.253379821777344,2.9573726654052734,0,18.388099670410156
0.3536149859428406,0.10000161826610565,0.000001114998894991004,0.0010000000474974513,0.0010000000474974513,0.0000079587343861931,0.003298684488981962,205.9801483154297,-58.24412536621094,3.045767307281494,0,18.388099670410156
0.3536199927330017,0.10000162571668625,0.0000011199988421140006,0.0010000000474974513,0.0010000000474974513,0.000007982984243426472,0.004849881399422884,169.2492218017578,-54.599952697753906,2.901707410812378,0,18.388099670410156
0.35362499952316284,0.10000163316726685,0.0000011249987892369973,0.0010000000474974513,0.0010000000474974513,0.000008014622835617047,0.006327708717435598,129.824462890625,-46.61085510253906,2.5394904613494873,0,18.388099670410156
0.3536299765110016,0.10000164061784744,0.000001129998736359994,0.0010000000474974513,0.0010000000474974513,0.000008052727935137227,0.007621060591191053,88.33345794677734,-34.91258239746094,1.990706205368042,0,18.388099670410156
0.3536349833011627,0.10000164806842804,0.0000011349986834829906,0.0010000000474974513,0.0010000000474974513,0.00000809590255812509,0.008634919300675392,45.43669891357422,-20.43605613708496,1.3017089366912842,0,18.388099670410156
0.35363999009132385,0.10000165551900864,0.0000011399986306059873,0.0010000000474974513,0.0010000000474974513,0.000008142392289300915,0.009297873824834824,1.8168907165527344,-4.333281993865967,0.5299144983291626,0,18.388099670410156
0.353644996881485,0.10000166296958923,0.000001144998577728984,0.0010000000474974513,0.0010000000474974513,0.000008190230801119469,0.009567756205797195,37.64871597290039,13.915030479431152,-0.3508186936378479,0,18.388099670410156
0.3536500036716461,0.10000167042016983,0.0000011499985248519806,0.0010000000474974513,0.0010000000474974513,0.000008237176189140882,0.009389085695147514,76.2737045288086,30.78934097290039,-1.1646816730499268,0,18.388099670410156
0.35365498065948486,0.10000167787075043,0.0000011549984719749773,0.0010000000474974513,0.0010000000474974513,0.000008281155714939814,0.00879591889679432,113.56343078613281,44.968502044677734,-1.8457754850387573,0,18.388099670410156
0.353659987449646,0.10000168532133102,0.000001159998419097974,0.0010000000474974513,0.0010000000474974513,0.000008320434972119983,0.007855873554944992,148.8646240234375,55.211334228515625,-2.3321890830993652,0,18.388099670410156
0.35366499423980713,0.10000169277191162,0.0000011649983662209706,0.0010000000474974513,0.0010000000474974513,0.000008353775228897575,0.0066680992022156715,181.55972290039063,60.6212272644043,-2.579228401184082,0,18.388099670410156
0.35367000102996826,0.10000170022249222,0.0000011699983133439673,0.0010000000474974513,0.0010000000474974513,0.000008380548024433665,0.0053545087575912476,211.07635498046875,60.72462844848633,-2.563339948654175,0,18.388099670410156
0.353674978017807,0.10000170767307281,0.000001174998260466964,0.0010000000474974513,0.0010000000474974513,0.00000840079337649513,0.0040490105748176575,236.897705078125,55.512489318847656,-2.2841835021972656,0,18.388099670410156
0.35367998480796814,0.10000171512365341,0.0000011799982075899607,0.0010000000474974513,0.0010000000474974513,0.000008415221600444056,0.00288568576797843,258.57159423828125,45.4410514831543,-1.7646689414978027,0,18.388099670410156
0.3536849915981293,0.10000172257423401,0.0000011849981547129573,0.0010000000474974513,0.0010000000474974513,0.000008425156011071522,0.001986947376281023,275.71844482421875,31.391918182373047,-1.0489616394042969,0,18.388099670410156
0.3536899983882904,0.1000017300248146,0.000001189998101835954,0.0010000000474974513,0.0010000000474974513,0.00000843241923575988,0.00145271560177207,288.03839111328125,14.594890594482422,-0.19862151145935059,0,18.388099670410156
0.35369500517845154,0.1000017374753952,0.0000011949980489589507,0.0010000000474974513,0.0010000000474974513,0.000008439176781394053,0.0013515586033463478,295.31561279296875,-3.479706287384033,0.7127793431282043,0,18.388099670410156
0.3536999821662903,0.1000017449259758,0.0000011999979960819473,0.0010000000474974513,0.0010000000474974513,0.000008447749678452965,0.001714574173092842,297.42266845703125,-21.249706268310547,1.6060919761657715,0,18.388099670410156
0.3537049889564514,0.1000017523765564,0.000001204997943204944,0.0010000000474974513,0.0010000000474974513,0.00000846041257318575,0.002532550133764744,294.32275390625,-37.15960693359375,2.403515577316284,0,18.388099670410156
0.35370999574661255,0.100001759827137,0.0000012099978903279407,0.0010000000474974513,0.0010000000474974513,0.000008479195457766764,0.003756650723516941,286.07012939453125,-49.81673049926758,3.0354065895080566,0,18.388099670410156
0.3537150025367737,0.10000176727771759,0.0000012149978374509374,0.0010000000474974513,0.0010000000474974513,0.000008505708137818146,0.0053025707602500916,272.8095703125,-58.11313247680664,3.4463720321655273,0,18.388099670410156
0.3537199795246124,0.10000177472829819,0.000001219997784573934,0.0010000000474974513,0.0010000000474974513,0.000008540997441741638,0.007057793438434601,254.7727508544922,-61.32258987426758,3.6001217365264893,0,18.388099670410156
0.35372498631477356,0.10000178217887878,0.0000012249977316969307,0.0010000000474974513,0.0010000000474974513,0.000008585454452259,0.00889131985604763,232.27542114257813,-59.164154052734375,3.4826440811157227,0,18.388099670410156
0.3537299931049347,0.10000178962945938,0.0000012299976788199274,0.0010000000474974513,0.0010000000474974513,0.00000863877994561335,0.010665016248822212,205.71194458007813,-51.82677459716797,3.1034369468688965,0,18.388099670410156
0.3537349998950958,0.10000179708003998,0.000001234997625942924,0.0010000000474974513,0.0010000000474974513,0.000008700008038431406,0.012245584279298782,175.54690551757813,-39.95272445678711,2.4946792125701904,0,18.388099670410156
0.35373997688293457,0.10000180453062057,0.0000012399975730659207,0.0010000000474974513,0.0010000000474974513,0.000008767588951741345,0.01351611316204071,142.3087158203125,-24.58139991760254,1.7084211111068726,0,18.388099670410156
0.3537449836730957,0.10000181198120117,0.0000012449975201889174,0.0010000000474974513,0.0010000000474974513,0.000008839519978209864,0.01438620500266552,106.57908630371094,-7.058333873748779,0.8120329976081848,0,18.388099670410156
0.35374999046325684,0.10000181943178177,0.000001249997467311914,0.0010000000474974513,0.0010000000474974513,0.000008913519195630215,0.014799769967794418,68.98368835449219,11.082586288452148,-0.11768360435962677,0,18.388099670410156
0.35375499725341797,0.10000182688236237,0.0000012549974144349108,0.0010000000474974513,0.0010000000474974513,0.00000898721827979898,0.014739833772182465,30.18042755126953,26.825889587402344,-0.92983478307724,0,18.388099670410156
0.3537600040435791,0.10000183433294296,0.0000012599973615579074,0.0010000000474974513,0.0010000000474974513,0.000009058549949259032,0.014266273006796837,10.168120384216309,38.62428665161133,-1.5469233989715576,0,18.388099670410156
0.35376498103141785,0.10000184178352356,0.000001264997308680904,0.0010000000474974513,0.0010000000474974513,0.000009125941687671002,0.013478431850671768,53.70805740356445,49.0257568359375,-2.0962047576904297,0,18.388099670410156
0.353769987821579,0.10000184923410416,0.0000012699972558039008,0.0010000000474974513,0.0010000000474974513,0.000009187995601678267,0.012410843744874,96.39306640625,55.525882720947266,-2.4523022174835205,0,18.388099670410156
0.3537749946117401,0.10000185668468475,0.0000012749972029268974,0.0010000000474974513,0.0010000000474974513,0.00000924380492506316,0.011161897331476212,137.5438995361328,57.60740280151367,-2.58918833732605,0,18.388099670410156
0.35378000140190125,0.10000186413526535,0.0000012799971500498941,0.0010000000474974513,0.0010000000474974513,0.0000092930213213549,0.009843233972787857,176.5056915283203,55.104671478271484,-2.4984066486358643,0,18.388099670410156
0.35378497838974,0.10000187158584595,0.0000012849970971728908,0.0010000000474974513,0.0010000000474974513,0.000009335875802207738,0.008570805191993713,212.6582794189453,48.216854095458984,-2.1897332668304443,0,18.388099670410156
0.3537899851799011,0.10000187903642654,0.0000012899970442958875,0.0010000000474974513,0.0010000000474974513,0.000009373154171044007,0.0074555836617946625,245.4264373779297,37.4920654296875,-1.6903843879699707,0,18.388099670410156
0.35379499197006226,0.10000188648700714,0.0000012949969914188841,0.0010000000474974513,0.0010000000474974513,0.000009406127901456784,0.00659467838704586,274.28887939453125,23.78375244140625,-1.0428365468978882,0,18.388099670410156
0.3537999987602234,0.10000189393758774,0.0000012999969385418808,0.0010000000474974513,0.0010000000474974513,0.000009436445907340385,0.006063566543161869,298.7857360839844,8.182792663574219,-0.30143269896507263,0,18.388099670410156
0.3538050055503845,0.10000190138816833,0.0000013049968856648775,0.0010000000474974513,0.0010000000474974513,0.00000946599629969569,0.005910048261284828,318.527099609375,-8.06933307647705,0.4719580411911011,0,18.388099670410156
0.35380998253822327,0.10000190883874893,0.0000013099968327878742,0.0010000000474974513,0.0010000000474974513,0.000009496748134552035,0.006150414235889912,333.1991882324219,-23.679323196411133,1.2128785848617554,0,18.388099670410156
0.3538149893283844,0.10000191628932953,0.0000013149967799108708,0.0010000000474974513,0.0010000000474974513,0.000009530588613415603,0.006768127903342247,342.5683288574219,-37.40496826171875,1.8594285249710083,0,18.388099670410156
0.35381999611854553,0.10000192373991013,0.0000013199967270338675,0.0010000000474974513,0.0010000000474974513,0.0000095691639216966,0.007715127430856228,346.4850158691406,-48.154022216796875,2.357206344604492,0,18.388099670410156
0.35382500290870667,0.10000193119049072,0.0000013249966741568642,0.0010000000474974513,0.0010000000474974513,0.000009613741895009298,0.008915643207728863,344.8872985839844,-55.07109832763672,2.6636531352996826,0,18.388099670410156
0.3538299798965454,0.10000193864107132,0.0000013299966212798608,0.0010000000474974513,0.0010000000474974513,0.000009665102879807819,0.01027223002165556,337.80029296875,-57.60575485229492,2.7514560222625732,0,18.388099670410156
0.35383498668670654,0.10000194609165192,0.0000013349965684028575,0.0010000000474974513,0.0010000000474974513,0.000009723470611788798,0.011673535220324993,325.3370056152344,-55.55628967285156,2.610736131668091,0,18.388099670410156
0.3538399934768677,0.10000195354223251,0.0000013399965155258542,0.0010000000474974513,0.0010000000474974513,0.000009788486750039738,0.013003171421587467,307.6957702636719,-49.08579635620117,2.2498509883880615,0,18.388099670410156
0.3538450002670288,0.10000196099281311,0.0000013449964626488509,0.0010000000474974513,0.0010000000474974513,0.000009859231795417145,0.014149011112749577,285.15753173828125,-38.70917892456055,1.69474458694458,0,18.388099670410156
0.35384997725486755,0.10000196844339371,0.0000013499964097718475,0.0010000000474974513,0.0010000000474974513,0.000009934292393154465,0.015012136660516262,258.0809020996094,-25.25218391418457,0.9868961572647095,0,18.388099670410156
0.3538549840450287,0.1000019758939743,0.0000013549963568948442,0.0010000000474974513,0.0010000000474974513,0.000010011865924752783,0.015514758415520191,226.896728515625,-9.785687446594238,0.18003539741039276,0,18.388099670410156
0.3538599908351898,0.1000019833445549,0.0000013599963040178409,0.0010000000474974513,0.0010000000474974513,0.000010089897841680795,0.015606448985636234,192.10189819335938,6.459529399871826,-0.6641206741333008,0,18.388099670410156
0.35386499762535095,0.1000019907951355,0.0000013649962511408376,0.0010000000474974513,0.0010000000474974513,0.000010166239007958211,0.015268214978277683,154.24888610839844,22.19071388244629,-1.4807653427124023,0,18.388099670410156
0.3538700044155121,0.1000019982457161,0.0000013699961982638342,0.0010000000474974513,0.0010000000474974513,0.000010238809409202076,0.014514067210257053,113.94136047363281,36.1560173034668,-2.207146644592285,0,18.388099670410156
0.35387498140335083,0.10000200569629669,0.000001374996145386831,0.0010000000474974513,0.0010000000474974513,0.000010305759133188985,0.01338997669517994,71.82054901123047,47.24411392211914,-2.787548780441284,0,18.388099670410156
0.35387998819351196,0.10000201314687729,0.0000013799960925098276,0.0010000000474974513,0.0010000000474974513,0.000010365610251028556,0.011970289051532745,28.55605125427246,54.5726432800293,-3.1777162551879883,0,18.388099670410156
0.3538849949836731,0.10000202059745789,0.0000013849960396328242,0.0010000000474974513,0.0010000000474974513,0.000010417369594506454,0.010351890698075294,13.64583683013916,58.31652069091797,-3.386268377304077,0,18.388099670410156
0.35389000177383423,0.10000202804803848,0.000001389995986755821,0.0010000000474974513,0.0010000000474974513,0.000010460506018716842,0.008627278730273247,52.75371170043945,56.496124267578125,-3.3141112327575684,0,18.388099670410156
0.353894978761673,0.10000203549861908,0.0000013949959338788176,0.0010000000474974513,0.0010000000474974513,0.000010495203241589479,0.006939415819942951,90.9376449584961,49.730323791503906,-2.9920880794525146,0,18.388099670410156
0.3538999855518341,0.10000204294919968,0.0000013999958810018143,0.0010000000474974513,0.0010000000474974513,0.000010522280717850663,0.005415557883679867,127.52950286865234,38.61137008666992,-2.4497249126434326,0,18.388099670410156
0.35390499234199524,0.10000205039978027,0.000001404995828124811,0.0010000000474974513,0.0010000000474974513,0.000010543119969952386,0.004167923703789711,161.8887481689453,24.11256217956543,-1.7356150150299072,0,18.388099670410156
0.35390999913215637,0.10000205785036087,0.0000014099957752478076,0.0010000000474974513,0.0010000000474974513,0.000010559539987298194,0.003283982165157795,193.41380310058594,7.503050804138184,-0.913158118724823,0,18.388099670410156
0.3539150059223175,0.10000206530094147,0.0000014149957223708043,0.0010000000474974513,0.0010000000474974513,0.00001057363442669157,0.002818914595991373,221.5531463623047,-9.763240814208984,-0.055008143186569214,0,18.388099670410156
0.35391998291015625,0.10000207275152206,0.000001419995669493801,0.0010000000474974513,0.0010000000474974513,0.000010587588803900871,0.0027908990159630775,245.8135986328125,-26.17490577697754,0.7632921934127808,0,18.388099670410156
0.3539249897003174,0.10000208020210266,0.0000014249956166167976,0.0010000000474974513,0.0010000000474974513,0.000010603486771287862,0.003179640509188175,265.77056884765625,-40.29534149169922,1.4699249267578125,0,18.388099670410156
0.3539299964904785,0.10000208765268326,0.0000014299955637397943,0.0010000000474974513,0.0010000000474974513,0.00001062312821886735,0.003928266931325197,281.07513427734375,-50.888519287109375,2.003085136413574,0,18.388099670410156
0.35393500328063965,0.10000209510326385,0.000001434995510862791,0.0010000000474974513,0.0010000000474974513,0.000010647870112734381,0.004948429763317108,291.45819091796875,-57.02716064453125,2.3163902759552,0,18.388099670410156
0.3539399802684784,0.10000210255384445,0.0000014399954579857877,0.0010000000474974513,0.0010000000474974513,0.000010678510989237111,0.006128157489001751,296.7386474609375,-58.173912048339844,2.382939100265503,0,18.388099670410156
0.3539449870586395,0.10000211000442505,0.0000014449954051087843,0.0010000000474974513,0.0010000000474974513,0.00001071522001439007,0.0073417779058218,296.8244323730469,-54.22840118408203,2.197664260864258,0,18.388099670410156
0.35394999384880066,0.10000211745500565,0.000001449995352231781,0.0010000000474974513,0.0010000000474974513,0.000010757525160443038,0.008461039513349533,291.7135009765625,-45.53599548339844,1.777769684791565,0,18.388099670410156
0.3539550006389618,0.10000212490558624,0.0000014549952993547777,0.0010000000474974513,0.0010000000474974513,0.000010804357771121431,0.00936645083129406,281.495849609375,-32.857582092285156,1.1612225770950317,0,18.388099670410156
0.35395997762680054,0.10000213235616684,0.0000014599952464777743,0.0010000000474974513,0.0010000000474974513,0.000010854147149075288,0.009957857429981232,266.34954833984375,-17.30297088623047,0.4034208059310913,0,18.388099670410156
0.35396498441696167,0.10000213980674744,0.000001464995193600771,0.0010000000474974513,0.0010000000474974513,0.000010904963346547447,0.010163318365812302,246.54058837890625,-0.2337346076965332,-0.4276626408100128,0,18.388099670410156
0.3539699912071228,0.10000214725732803,0.0000014699951407237677,0.0010000000474974513,0.0010000000474974513,0.000010954690878861584,0.009945511817932129,222.4158935546875,16.855960845947266,-1.2574381828308105,0,18.388099670410156
0.35397499799728394,0.10000215470790863,0.0000014749950878467644,0.0010000000474974513,0.0010000000474974513,0.000011001216080330778,0.009305104613304138,194.3969268798828,32.47016525268555,-2.011239767074585,0,18.388099670410156
0.35398000478744507,0.10000216215848923,0.000001479995034969761,0.0010000000474974513,0.0010000000474974513,0.000011042619917134289,0.008280789479613304,162.974853515625,45.242095947265625,-2.6208701133728027,0,18.388099670410156
0.3539849817752838,0.10000216960906982,0.0000014849949820927577,0.0010000000474974513,0.0010000000474974513,0.00001107734988181619,0.0069459909573197365,128.69912719726563,54.05375289916992,-3.0305840969085693,0,18.388099670410156
0.35398998856544495,0.10000217705965042,0.0000014899949292157544,0.0010000000474974513,0.0010000000474974513,0.000011104362783953547,0.005402526818215847,92.17036437988281,58.13380432128906,-3.2019777297973633,0,18.388099670410156
0.3539949953556061,0.10000218451023102,0.000001494994876338751,0.0010000000474974513,0.0010000000474974513,0.000011123222066089511,0.0037717733066529036,54.02802276611328,57.12510299682617,-3.1173672676086426,0,18.388099670410156
0.3540000021457672,0.10000219196081161,0.0000014999948234617477,0.0010000000474974513,0.0010000000474974513,0.000011134142368973698,0.0021841113921254873,14.940251350402832,51.11594772338867,-2.7813494205474854,0,18.388099670410156
0.35400497913360596,0.10000219941139221,0.0000015049947705847444,0.0010000000474974513,0.0010000000474974513,0.00001113798043661518,0.0007675818633288145,27.121627807617188,41.481895446777344,-2.2628893852233887,0,18.388099670410156
0.3540099859237671,0.10000220686197281,0.000001509994717707741,0.0010000000474974513,0.0010000000474974513,0.000011136055945826229,-0.00038489815779030323,70.41152954101563,28.650327682495117,-1.583552360534668,0,18.388099670410156
0.3540149927139282,0.1000022143125534,0.0000015149946648307377,0.0010000000474974513,0.0010000000474974513,0.000011130098755529616,-0.0011913947528228164,112.58161926269531,13.53884506225586,-0.7894182205200195,0,18.388099670410156
0.35401999950408936,0.100002221763134,0.0000015199946119537344,0.0010000000474974513,0.0010000000474974513,0.000011122131581942085,-0.0015934420516714454,152.96002197265625,-2.6500253677368164,0.05918201804161072,0,18.388099670410156
0.3540249764919281,0.1000022292137146,0.000001524994559076731,0.0010000000474974513,0.0010000000474974513,0.000011114315384475049,-0.0015633009606972337,190.9032440185547,-18.628007888793945,0.8976268172264099,0,18.388099670410156
0.35402998328208923,0.1000022366642952,0.0000015299945061997278,0.0010000000474974513,0.0010000000474974513,0.000011108784747193567,-0.0011061433469876647,225.80874633789063,-33.12362289428711,1.6621325016021729,0,18.388099670410156
0.35403499007225037,0.1000022441148758,0.0000015349944533227244,0.0010000000474974513,0.0010000000474974513,0.000011107486898254137,-0.00025962627842091024,257.12060546875,-44.98333740234375,2.294811487197876,0,18.388099670410156
0.3540399968624115,0.10000225156545639,0.0000015399944004457211,0.0010000000474974513,0.0010000000474974513,0.000011112032552773599,0.0009091115789487958,284.3397216796875,-53.263389587402344,2.748265266418457,0,18.388099670410156
0.35404500365257263,0.10000225901603699,0.0000015449943475687178,0.0010000000474974513,0.0010000000474974513,0.000011123576769023202,0.0023087915033102036,307.032958984375,-57.304874420166016,2.9893388748168945,0,18.388099670410156
0.3540499806404114,0.10000226646661758,0.0000015499942946917145,0.0010000000474974513,0.0010000000474974513,0.000011142733455926646,0.0038312491960823536,324.8399353027344,-56.78618240356445,3.0017459392547607,0,18.388099670410156
0.3540549874305725,0.10000227391719818,0.0000015549942418147111,0.0010000000474974513,0.0010000000474974513,0.000011169533536303788,0.005360025446861982,337.47760009765625,-51.74858856201172,2.7873458862304688,0,18.388099670410156
0.35405999422073364,0.10000228136777878,0.0000015599941889377078,0.0010000000474974513,0.0010000000474974513,0.000011203431313333567,0.006779608782380819,344.7434997558594,-42.59296798706055,2.365983724594116,0,18.388099670410156
0.3540650010108948,0.10000228881835938,0.0000015649941360607045,0.0010000000474974513,0.0010000000474974513,0.000011243354492762592,0.007984594441950321,346.52288818359375,-30.047908782958984,1.7738959789276123,0,18.388099670410156
0.3540699779987335,0.10000229626893997,0.0000015699940831837012,0.0010000000474974513,0.0010000000474974513,0.00001128779422288062,0.008888031356036663,342.7873229980469,-15.111714363098145,1.0608110427856445,0,18.388099670410156
0.35407498478889465,0.10000230371952057,0.0000015749940303066978,0.0010000000474974513,0.0010000000474974513,0.000011334936061757617,0.00942829716950655,333.5959167480469,1.027034044265747,0.2859792411327362,0,18.388099670410156
0.3540799915790558,0.10000231117010117,0.0000015799939774296945,0.0010000000474974513,0.0010000000474974513,0.000011382805496396031,0.009573944844305515,319.0953063964844,17.08405113220215,-0.4865556061267853,0,18.388099670410156
0.3540849983692169,0.10000231862068176,0.0000015849939245526912,0.0010000000474974513,0.0010000000474974513,0.000011429436199250631,0.009326144121587276,299.516357421875,31.781566619873047,-1.1930657625198364,0,18.388099670410156
0.35409000515937805,0.10000232607126236,0.0000015899938716756878,0.0010000000474974513,0.0010000000474974513,0.00001147302918980131,0.0087185213342309,275.1705017089844,43.94998550415039,-1.7752220630645752,0,18.388099670410156
0.3540949821472168,0.10000233352184296,0.0000015949938187986845,0.0010000000474974513,0.0010000000474974513,0.000011512101082189474,0.007814408279955387,246.44432067871094,52.620975494384766,-2.1847472190856934,0,18.388099670410156
0.35409998893737793,0.10000234097242355,0.0000015999937659216812,0.0010000000474974513,0.0010000000474974513,0.000011545609595486894,0.006701725535094738,213.7958984375,57.10451889038086,-2.387267589569092,0,18.388099670410156
0.35410499572753906,0.10000234842300415,0.0000016049937130446779,0.0010000000474974513,0.0010000000474974513,0.000011573039046197664,0.005485900677740574,177.74488830566406,57.043827056884766,-2.3650588989257813,0,18.388099670410156
0.3541100025177002,0.10000235587358475,0.0000016099936601676745,0.0010000000474974513,0.0010000000474974513,0.000011594445822993293,0.00428138580173254,138.8653564453125,52.44373321533203,-2.118464231491089,0,18.388099670410156
0.35411497950553894,0.10000236332416534,0.0000016149936072906712,0.0010000000474974513,0.0010000000474974513,0.000011610458386712708,0.0032024607062339783,97.7757568359375,43.67029571533203,-1.66587495803833,0,18.388099670410156
0.3541199862957001,0.10000237077474594,0.0000016199935544136679,0.0010000000474974513,0.0010000000474974513,0.000011622228157648351,0.00235403748229146,55.12980270385742,31.421688079833984,-1.0422731637954712,0,18.388099670410156
0.3541249930858612,0.10000237822532654,0.0000016249935015366646,0.0010000000474974513,0.0010000000474974513,0.000011631344023044221,0.001823212020099163,11.606185913085938,16.67262077331543,-0.29645389318466187,0,18.388099670410156
0.35412999987602234,0.10000238567590714,0.0000016299934486596612,0.0010000000474974513,0.0010000000474974513,0.00001163970500783762,0.0016722292639315128,28.891441345214844,-0.9072941541671753,0.5880579948425293,0,18.388099670410156
0.3541349768638611,0.10000239312648773,0.000001634993395782658,0.0010000000474974513,0.0010000000474974513,0.000011649563930404838,0.0019717246759682894,67.72299194335938,-18.511293411254883,1.4708948135375977,0,18.388099670410156
0.3541399836540222,0.10000240057706833,0.0000016399933429056546,0.0010000000474974513,0.0010000000474974513,0.000011663168152153958,0.002720845164731145,105.3686752319336,-34.494903564453125,2.269819736480713,0,18.388099670410156
0.35414499044418335,0.10000240802764893,0.0000016449932900286512,0.0010000000474974513,0.0010000000474974513,0.000011682552212732844,0.0038768548984080553,141.16957092285156,-47.45899963378906,2.9148762226104736,0,18.388099670410156
0.3541499972343445,0.10000241547822952,0.000001649993237151648,0.0010000000474974513,0.0010000000474974513,0.000011709359569067601,0.005361389368772507,174.49949645996094,-56.26875686645508,3.349341630935669,0,18.388099670410156
0.3541550040245056,0.10000242292881012,0.0000016549931842746446,0.0010000000474974513,0.0010000000474974513,0.000011744695257220883,0.007067195139825344,204.7742156982422,-60.15302276611328,3.53468918800354,0,18.388099670410156
0.35415998101234436,0.10000243037939072,0.0000016599931313976413,0.0010000000474974513,0.0010000000474974513,0.000011789032214437611,0.008867396973073483,231.46372985839844,-58.77178192138672,3.453965187072754,0,18.388099670410156
0.3541649878025055,0.10000243782997131,0.000001664993078520638,0.0010000000474974513,0.0010000000474974513,0.000011842164894915186,0.010626486502587795,254.10140991210938,-52.24593734741211,3.113276958465576,0,18.388099670410156
0.3541699945926666,0.10000244528055191,0.0000016699930256436346,0.0010000000474974513,0.0010000000474974513,0.000011903225640708115,0.012212065048515797,272.2903137207031,-41.14673614501953,2.5412633419036865,0,18.388099670410156
0.35417500138282776,0.10000245273113251,0.0000016749929727666313,0.0010000000474974513,0.0010000000474974513,0.000011970757441304158,0.013506320305168629,285.7122497558594,-26.44574546813965,1.7865924835205078,0,18.388099670410156
0.3541799783706665,0.1000024601817131,0.000001679992919889628,0.0010000000474974513,0.0010000000474974513,0.00001204283853439847,0.0144162243232131,294.1318664550781,-9.429821014404297,0.9137120246887207,0,18.388099670410156
0.35418498516082764,0.1000024676322937,0.0000016849928670126246,0.0010000000474974513,0.0010000000474974513,0.000012117246114939917,0.014881574548780918,297.40277099609375,8.411544799804688,-0.0027866438031196594,0,18.388099670410156
0.35418999195098877,0.1000024750828743,0.0000016899928141356213,0.0010000000474974513,0.0010000000474974513,0.000012191647329018451,0.014880155213177204,295.46673583984375,25.5166072845459,-0.8846865892410278,0,18.388099670410156
0.3541949987411499,0.1000024825334549,0.000001694992761258618,0.0010000000474974513,0.0010000000474974513,0.000012263795724720694,0.014429588802158833,288.3575134277344,40.38806915283203,-1.6569814682006836,0,18.388099670410156
0.35420000553131104,0.10000248998403549,0.0000016999927083816146,0.0010000000474974513,0.0010000000474974513,0.00001233172406500671,0.013585695065557957,276.19989013671875,51.724151611328125,-2.2544302940368652,0,18.388099670410156
0.3542049825191498,0.10000249743461609,0.0000017049926555046113,0.0010000000474974513,0.0010000000474974513,0.000012393911674735136,0.01243752334266901,259.20770263671875,58.53255081176758,-2.6272549629211426,0,18.388099670410156
0.3542099893093109,0.10000250488519669,0.000001709992602627608,0.0010000000474974513,0.0010000000474974513,0.00001244940904143732,0.01109947357326746,237.67674255371094,60.21729278564453,-2.7454848289489746,0,18.388099670410156
0.35421499609947205,0.10000251233577728,0.0000017149925497506047,0.0010000000474974513,0.0010000000474974513,0.000012497915122366976,0.00970121007412672,211.98544311523438,56.630897521972656,-2.6015663146972656,0,18.388099670410156
0.3542200028896332,0.10000251978635788,0.0000017199924968736013,0.0010000000474974513,0.0010000000474974513,0.000012539796443888918,0.008376243524253368,182.58306884765625,48.087310791015625,-2.211007595062256,0,18.388099670410156
0.3542249798774719,0.10000252723693848,0.000001724992443996598,0.0010000000474974513,0.0010000000474974513,0.000012576047083712183,0.007250186987221241,149.98324584960938,35.33439254760742,-1.6110085248947144,0,18.388099670410156
0.35422998666763306,0.10000253468751907,0.0000017299923911195947,0.0010000000474974513,0.0010000000474974513,0.000012608195902430452,0.006429706700146198,114.75792694091797,19.488473892211914,-0.8571851253509521,0,18.388099670410156
0.3542349934577942,0.10000254213809967,0.0000017349923382425914,0.0010000000474974513,0.0010000000474974513,0.000012638161933864467,0.005993145518004894,77.52410888671875,1.9366267919540405,-0.01868748664855957,0,18.388099670410156
0.3542400002479553,0.10000254958868027,0.000001739992285365588,0.0010000000474974513,0.0010000000474974513,0.000012668079762079287,0.005983628332614899,38.932533264160156,-15.091085433959961,0.7931888699531555,0,18.388099670410156
0.35424497723579407,0.10000255703926086,0.0000017449922324885847,0.0010000000474974513,0.0010000000474974513,0.000012700017578026745,0.006387596018612385,0.3783227205276489,-27.837589263916016,1.3907997608184814,0,18.388099670410156
0.3542499840259552,0.10000256448984146,0.0000017499921796115814,0.0010000000474974513,0.0010000000474974513,0.000012735496966342907,0.007095924578607082,44.00932312011719,-40.531761169433594,1.98580002784729,0,18.388099670410156
0.35425499081611633,0.10000257194042206,0.000001754992126734578,0.0010000000474974513,0.0010000000474974513,0.000012776033145200927,0.00810728408396244,86.94001007080078,-50.00051498413086,2.419745445251465,0,18.388099670410156
0.35425999760627747,0.10000257939100266,0.0000017599920738575747,0.0010000000474974513,0.0010000000474974513,0.000012822731150663458,0.009339651092886925,128.48597717285156,-55.490352630615234,2.6551711559295654,0,18.388099670410156
0.3542650043964386,0.10000258684158325,0.0000017649920209805714,0.0010000000474974513,0.0010000000474974513,0.000012876190339738969,0.010691918432712555,167.9878387451172,-56.56440734863281,2.670440673828125,0,18.388099670410156
0.35426998138427734,0.10000259429216385,0.000001769991968103568,0.0010000000474974513,0.0010000000474974513,0.000012936449820699636,0.012051962316036224,204.8157958984375,-53.137210845947266,2.461484909057617,0,18.388099670410156
0.3542749881744385,0.10000260174274445,0.0000017749919152265647,0.0010000000474974513,0.0010000000474974513,0.000013002977539144922,0.013305585831403732,238.38430786132813,-45.48149108886719,2.0421395301818848,0,18.388099670410156
0.3542799949645996,0.10000260919332504,0.0000017799918623495614,0.0010000000474974513,0.0010000000474974513,0.000013074705748294946,0.014345638453960419,268.15911865234375,-34.20646667480469,1.4430592060089111,0,18.388099670410156
0.35428500175476074,0.10000261664390564,0.000001784991809472558,0.0010000000474974513,0.0010000000474974513,0.000013150108316040132,0.015080582350492477,293.6649475097656,-20.209375381469727,0.70929354429245,0,18.388099670410156
0.3542899787425995,0.10000262409448624,0.0000017899917565955548,0.0010000000474974513,0.0010000000474974513,0.00001322731714026304,0.01544182188808918,314.49713134765625,-4.604074478149414,-0.10328495502471924,0,18.388099670410156
0.3542949855327606,0.10000263154506683,0.0000017949917037185514,0.0010000000474974513,0.0010000000474974513,0.000013304263120517135,0.015389218926429749,330.3247985839844,11.367608070373535,-0.9324132800102234,0,18.388099670410156
0.35429999232292175,0.10000263899564743,0.0000017999916508415481,0.0010000000474974513,0.0010000000474974513,0.0000133788344101049,0.014914344996213913,340.89447021484375,26.4346866607666,-1.7143800258636475,0,18.388099670410156
0.3543049991130829,0.10000264644622803,0.0000018049915979645448,0.0010000000474974513,0.0010000000474974513,0.000013449040125124156,0.014041218906641006,346.03900146484375,39.398162841796875,-2.3890838623046875,0,18.388099670410156
0.354310005903244,0.10000265389680862,0.0000018099915450875415,0.0010000000474974513,0.0010000000474974513,0.000013513162230083253,0.012824468314647675,345.6765441894531,49.22643280029297,-2.9048032760620117,0,18.388099670410156
0.35431498289108276,0.10000266134738922,0.0000018149914922105381,0.0010000000474974513,0.0010000000474974513,0.00001356988741463283,0.011345064267516136,339.81170654296875,55.137386322021484,-3.222304344177246,0,18.388099670410156
0.3543199896812439,0.10000266879796982,0.0000018199914393335348,0.0010000000474974513,0.0010000000474974513,0.000013618407137983013,0.00970395840704441,328.53875732421875,56.660648345947266,-3.3179514408111572,0,18.388099670410156
0.35432499647140503,0.10000267624855042,0.0000018249913864565315,0.0010000000474974513,0.0010000000474974513,0.000013658477655553725,0.008014140650629997,312.037353515625,53.67500305175781,-3.1855807304382324,0,18.388099670410156
0.35433000326156616,0.10000268369913101,0.0000018299913335795281,0.0010000000474974513,0.0010000000474974513,0.000013690436389879324,0.0063917376101017,290.5690002441406,46.41803741455078,-2.836981773376465,0,18.388099670410156
0.3543349802494049,0.10000269114971161,0.0000018349912807025248,0.0010000000474974513,0.0010000000474974513,0.00001371517100778874,0.0049468744546175,264.4770202636719,35.46723937988281,-2.3009531497955322,0,18.388099670410156
0.35433998703956604,0.1000026986002922,0.0000018399912278255215,0.0010000000474974513,0.0010000000474974513,0.000013734045751334634,0.0037750089541077614,234.17520141601563,21.694047927856445,-1.621005892753601,0,18.388099670410156
0.3543449938297272,0.1000027060508728,0.0000018449911749485182,0.0010000000474974513,0.0010000000474974513,0.000013748793207923882,0.002949437592178583,200.14674377441406,6.194494724273682,-0.8518954515457153,0,18.388099670410156
0.3543500006198883,0.1000027135014534,0.0000018499911220715148,0.0010000000474974513,0.0010000000474974513,0.0000137613706101547,0.0025155707262456417,162.9327850341797,-9.797999382019043,-0.05526160076260567,0,18.388099670410156
0.35435497760772705,0.100002720952034,0.0000018549910691945115,0.0010000000474974513,0.0010000000474974513,0.000013773807950201444,0.002487426158040762,123.12562561035156,-25.010793685913086,0.7052794098854065,0,18.388099670410156
0.3543599843978882,0.1000027284026146,0.0000018599910163175082,0.0010000000474974513,0.0010000000474974513,0.000013788040632789489,0.002846621908247471,81.35850524902344,-38.23329544067383,1.3691985607147217,0,18.388099670410156
0.3543649911880493,0.10000273585319519,0.0000018649909634405049,0.0010000000474974513,0.0010000000474974513,0.00001380576031806413,0.003543949220329523,38.29648208618164,-48.41328811645508,1.8838701248168945,0,18.388099670410156
0.35436999797821045,0.10000274330377579,0.0000018699909105635015,0.0010000000474974513,0.0010000000474974513,0.000013828277587890625,0.0045033968053758144,4.83742094039917,-55.009422302246094,2.222196340560913,0,18.388099670410156
0.3543750047683716,0.10000275075435638,0.0000018749908576864982,0.0010000000474974513,0.0010000000474974513,0.00001385645373375155,0.005635152105242014,44.0567626953125,-57.15428924560547,2.34076189994812,0,18.388099670410156
0.3543799817562103,0.10000275820493698,0.0000018799908048094949,0.0010000000474974513,0.0010000000474974513,0.000013890589798393194,0.006827292498201132,82.50463104248047,-54.296142578125,2.2119193077087402,0,18.388099670410156
0.35438498854637146,0.10000276565551758,0.0000018849907519324915,0.0010000000474974513,0.0010000000474974513,0.000013930359273217618,0.007953813299536705,119.5088119506836,-46.68517303466797,1.848103404045105,0,18.388099670410156
0.3543899953365326,0.10000277310609818,0.0000018899906990554882,0.0010000000474974513,0.0010000000474974513,0.000013974834473629016,0.008895045146346092,154.42059326171875,-34.987606048583984,1.2825369834899902,0,18.388099670410156
0.3543950021266937,0.10000278055667877,0.000001894990646178485,0.0010000000474974513,0.0010000000474974513,0.000014022575669514481,0.009548235684633255,186.6291046142578,-20.227392196655273,0.5663148164749146,0,18.388099670410156
0.35439997911453247,0.10000278800725937,0.0000018999905933014816,0.0010000000474974513,0.0010000000474974513,0.000014071759323996957,0.009836656972765923,215.56959533691406,-3.696572780609131,-0.23607654869556427,0,18.388099670410156
0.3544049859046936,0.10000279545783997,0.0000019049905404244782,0.0010000000474974513,0.0010000000474974513,0.000014120341802481562,0.009716425091028214,240.73663330078125,13.157832145690918,-1.0524142980575562,0,18.388099670410156
0.35440999269485474,0.10000280290842056,0.000001909990487547475,0.0010000000474974513,0.0010000000474974513,0.000014166244000080042,0.009180434048175812,261.68914794921875,28.860464096069336,-1.809070348739624,0,18.388099670410156
0.35441499948501587,0.10000281035900116,0.0000019149904346704716,0.0010000000474974513,0.0010000000474974513,0.000014207539607014041,0.008259082213044167,278.0598449707031,42.03678894042969,-2.437469005584717,0,18.388099670410156
0.3544199764728546,0.10000281780958176,0.0000019199903817934683,0.0010000000474974513,0.0010000000474974513,0.000014242627912608441,0.007017689757049084,289.5622253417969,51.53341293334961,-2.8801021575927734,0,18.388099670410156
0.35442498326301575,0.10000282526016235,0.000001924990328916465,0.0010000000474974513,0.0010000000474974513,0.000014270382052927744,0.005550866015255451,295.9957580566406,56.51905822753906,-3.095576286315918,0,18.388099670410156
0.3544299900531769,0.10000283271074295,0.0000019299902760394616,0.0010000000474974513,0.0010000000474974513,0.00001429025360266678,0.003974301740527153,297.24688720703125,56.557289123535156,-3.0622496604919434,0,18.388099670410156
0.354434996843338,0.10000284016132355,0.0000019349902231624583,0.0010000000474974513,0.0010000000474974513,0.000014302327144832816,0.002414710819721222,293.2940979003906,51.64476776123047,-2.780142068862915,0,18.388099670410156
0.35444000363349915,0.10000284761190414,0.000001939990170285455,0.0010000000474974513,0.0010000000474974513,0.000014307321180240251,0.000998796196654439,284.2069396972656,42.211509704589844,-2.2709476947784424,0,18.388099670410156
0.3544449806213379,0.10000285506248474,0.0000019449901174084516,0.0010000000474974513,0.0010000000474974513,0.000014306532648333814,-0.00015778793022036552,270.14410400390625,29.083267211914063,-1.576153039932251,0,18.388099670410156
0.354449987411499,0.10000286251306534,0.0000019499900645314483,0.0010000000474974513,0.0010000000474974513,0.000014301730516308453,-0.000960516044870019,251.35208129882813,13.40921401977539,-0.7534207105636597,0,18.388099670410156
0.35445499420166016,0.10000286996364594,0.000001954990011654445,0.0010000000474974513,0.0010000000474974513,0.000014295009350462351,-0.0013442300260066986,228.15933227539063,-3.4386143684387207,0.1284404844045639,0,18.388099670410156
0.3544600009918213,0.10000287741422653,0.0000019599899587774416,0.0010000000474974513,0.0010000000474974513,0.000014288615602708887,-0.0012788157910108566,200.9721221923828,-19.985443115234375,0.9954823851585388,0,18.388099670410156
0.35446497797966003,0.10000288486480713,0.0000019649899059004383,0.0010000000474974513,0.0010000000474974513,0.000014284756616689265,-0.0007718207780271769,170.26617431640625,-34.7828369140625,1.775072693824768,0,18.388099670410156
0.35446998476982117,0.10000289231538773,0.000001969989853023435,0.0010000000474974513,0.0010000000474974513,0.000014285417819337454,0.00013221631525084376,136.57969665527344,-46.53550338745117,2.402235984802246,0,18.388099670410156
0.3544749915599823,0.10000289976596832,0.0000019749898001464317,0.0010000000474974513,0.0010000000474974513,0.000014292196283349767,0.001355665037408471,100.50206756591797,-54.21467208862305,2.825324058532715,0,18.388099670410156
0.35447999835014343,0.10000290721654892,0.0000019799897472694283,0.0010000000474974513,0.0010000000474974513,0.000014306168850453105,0.0027945905458182096,62.66558074951172,-57.14814758300781,3.010519504547119,0,18.388099670410156
0.35448500514030457,0.10000291466712952,0.000001984989694392425,0.0010000000474974513,0.0010000000474974513,0.000014327808457892388,0.004327835515141487,23.731243133544922,-55.07914352416992,2.9447786808013916,0,18.388099670410156
0.3544899821281433,0.10000292211771011,0.0000019899896415154217,0.0010000000474974513,0.0010000000474974513,0.00001435694684914779,0.0058275992050766945,17.353883743286133,-48.54008102416992,2.6545228958129883,0,18.388099670410156
0.35449498891830444,0.10000292956829071,0.0000019949895886384184,0.0010000000474974513,0.0010000000474974513,0.000014392844605026767,0.007179536856710911,60.7995491027832,-38.41340255737305,2.1836788654327393,0,18.388099670410156
0.3544999957084656,0.10000293701887131,0.000001999989535761415,0.0010000000474974513,0.0010000000474974513,0.000014434303011512384,0.008291675709187984,103.27772521972656,-25.229883193969727,1.5585976839065552,0,18.388099670410156
0.3545050024986267,0.1000029444694519,0.0000020049894828844117,0.0010000000474974513,0.0010000000474974513,0.000014479730452876538,0.009085462428629398,144.1119842529297,-10.0386323928833,0.8315537571907043,0,18.388099670410156
0.35450997948646545,0.1000029519200325,0.0000020099894300074084,0.0010000000474974513,0.0010000000474974513,0.00001452727519790642,0.009508969262242317,182.65203857421875,5.9514665603637695,0.0628187358379364,0,18.388099670410156
0.3545149862766266,0.1000029593706131,0.000002014989377130405,0.0010000000474974513,0.0010000000474974513,0.000014574980014003813,0.009540962055325508,218.28514099121094,21.467966079711914,-0.6841483116149902,0,18.388099670410156
0.3545199930667877,0.1000029668211937,0.0000020199893242534017,0.0010000000474974513,0.0010000000474974513,0.00001462094223825261,0.009192528203129768,250.44509887695313,35.276100158691406,-1.3477619886398315,0,18.388099670410156
0.35452499985694885,0.10000297427177429,0.0000020249892713763984,0.0010000000474974513,0.0010000000474974513,0.000014663472938991617,0.00850611925125122,278.6180725097656,46.27705383300781,-1.8732240200042725,0,18.388099670410156
0.3545299768447876,0.10000298172235489,0.000002029989218499395,0.0010000000474974513,0.0010000000474974513,0.000014701233340019826,0.007552094291895628,302.3572692871094,53.59539794921875,-2.216893196105957,0,18.388099670410156
0.35453498363494873,0.10000298917293549,0.0000020349891656223917,0.0010000000474974513,0.0010000000474974513,0.00001473334850743413,0.006423039827495813,321.28411865234375,56.64875793457031,-2.34976863861084,0,18.388099670410156
0.35453999042510986,0.10000299662351608,0.0000020399891127453884,0.0010000000474974513,0.0010000000474974513,0.00001475948010920547,0.005226312670856714,335.09735107421875,55.19415283203125,-2.2598063945770264,0,18.388099670410156
0.354544997215271,0.10000300407409668,0.000002044989059868385,0.0010000000474974513,0.0010000000474974513,0.000014779857337998692,0.004075402859598398,343.5775451660156,49.34733963012695,-1.9528857469558716,0,18.388099670410156
0.35455000400543213,0.10000301152467728,0.0000020499890069913818,0.0010000000474974513,0.0010000000474974513,0.00001479526144976262,0.003080806229263544,346.5894470214844,39.57359313964844,-1.4523481130599976,0,18.388099670410156
0.3545549809932709,0.10000301897525787,0.0000020549889541143784,0.0010000000474974513,0.0010000000474974513,0.00001480696755606914,0.0023411312140524387,344.085205078125,26.650676727294922,-0.7971440553665161,0,18.388099670410156
0.354559987783432,0.10000302642583847,0.000002059988901237375,0.0010000000474974513,0.0010000000474974513,0.000014816643670201302,0.0019351490773260593,336.1047058105469,11.60697078704834,-0.03874094784259796,0,18.388099670410156
0.35456499457359314,0.10000303387641907,0.0000020649888483603718,0.0010000000474974513,0.0010000000474974513,0.00001482622064941097,0.0019154185429215431,322.7752685546875,-4.360389232635498,0.7629715800285339,0,18.388099670410156
0.3545700013637543,0.10000304132699966,0.0000020699887954833684,0.0010000000474974513,0.0010000000474974513,0.000014837740309303626,0.0023039965890347958,304.30828857421875,-19.980758666992188,1.5444434881210327,0,18.388099670410156
0.354574978351593,0.10000304877758026,0.000002074988742606365,0.0010000000474974513,0.0010000000474974513,0.00001485319353378145,0.003090575337409973,280.9982604980469,-34.011112213134766,2.243521213531494,0,18.388099670410156
0.35457998514175415,0.10000305622816086,0.000002079988689729362,0.0010000000474974513,0.0010000000474974513,0.00001487435929448111,0.004233191255480051,253.2157745361328,-45.3349494934082,2.8043925762176514,0,18.388099670410156
0.3545849919319153,0.10000306367874146,0.0000020849886368523585,0.0010000000474974513,0.0010000000474974513,0.00001490266640757909,0.0056614563800394535,221.403076171875,-53.0511474609375,3.1820294857025146,0,18.388099670410156
0.3545899987220764,0.10000307112932205,0.000002089988583975355,0.0010000000474974513,0.0010000000474974513,0.000014939076208975166,0.007282050792127848,186.06724548339844,-56.54566955566406,3.3457741737365723,0,18.388099670410156
0.35459500551223755,0.10000307857990265,0.000002094988531098352,0.0010000000474974513,0.0010000000474974513,0.00001498400615673745,0.008986039087176323,147.76983642578125,-55.54043197631836,3.2817797660827637,0,18.388099670410156
0.3545999825000763,0.10000308603048325,0.0000020999884782213485,0.0010000000474974513,0.0010000000474974513,0.000015037293451314326,0.010657435283064842,107.1202392578125,-50.11542892456055,2.994119167327881,0,18.388099670410156
0.3546049892902374,0.10000309348106384,0.000002104988425344345,0.0010000000474974513,0.0010000000474974513,0.000015098205039976165,0.01218232698738575,64.76646423339844,-40.702369689941406,2.504465341567993,0,18.388099670410156
0.35460999608039856,0.10000310093164444,0.000002109988372467342,0.0010000000474974513,0.0010000000474974513,0.000015165494005486835,0.01345784030854702,21.38153648376465,-28.050317764282227,1.8503717184066772,0,18.388099670410156
0.3546150028705597,0.10000310838222504,0.0000021149883195903385,0.0010000000474974513,0.0010000000474974513,0.00001523749506304739,0.01440022699534893,20.108989715576172,-12.048927307128906,1.0264352560043335,0,18.388099670410156
0.35461997985839844,0.10000311583280563,0.000002119988266713335,0.0010000000474974513,0.0010000000474974513,0.00001531210909888614,0.014922985807061195,59.10938262939453,5.378420352935791,0.12895159423351288,0,18.388099670410156
0.35462498664855957,0.10000312328338623,0.000002124988213836332,0.0010000000474974513,0.0010000000474974513,0.000015387053281301633,0.01498866081237793,97.07535552978516,22.334970474243164,-0.7471029162406921,0,18.388099670410156
0.3546299934387207,0.10000313073396683,0.0000021299881609593285,0.0010000000474974513,0.0010000000474974513,0.000015460094800801016,0.014608165249228477,133.34181213378906,37.33642578125,-1.5273637771606445,0,18.388099670410156
0.35463500022888184,0.10000313818454742,0.000002134988108082325,0.0010000000474974513,0.0010000000474974513,0.000015529245501966216,0.013830285519361496,167.27334594726563,49.06962203979492,-2.146012544631958,0,18.388099670410156
0.3546399772167206,0.10000314563512802,0.000002139988055205322,0.0010000000474974513,0.0010000000474974513,0.000015592931958963163,0.012737330049276352,198.27651977539063,56.50749969482422,-2.5515265464782715,0,18.388099670410156
0.3546449840068817,0.10000315308570862,0.0000021449880023283185,0.0010000000474974513,0.0010000000474974513,0.000015650120985810645,0.011437848210334778,225.80905151367188,58.998985290527344,-2.7111735343933105,0,18.388099670410156
0.35464999079704285,0.10000316053628922,0.0000021499879494513152,0.0010000000474974513,0.0010000000474974513,0.00001570040694787167,0.010057058185338974,249.38800048828125,56.32597351074219,-2.613862991333008,0,18.388099670410156
0.354654997587204,0.10000316798686981,0.000002154987896574312,0.0010000000474974513,0.0010000000474974513,0.000015744035408715717,0.008725829422473907,268.6010437011719,48.72246170043945,-2.2711007595062256,0,18.388099670410156
0.3546600043773651,0.10000317543745041,0.0000021599878436973086,0.0010000000474974513,0.0010000000474974513,0.000015781881302245893,0.007569167762994766,283.1114807128906,36.85401916503906,-1.7159676551818848,0,18.388099670410156
0.35466498136520386,0.100003182888031,0.0000021649877908203052,0.0010000000474974513,0.0010000000474974513,0.00001581535798322875,0.006695232354104519,292.6656494140625,21.759550094604492,-1.0002057552337646,0,18.388099670410156
0.354669988155365,0.1000031903386116,0.000002169987737943302,0.0010000000474974513,0.0010000000474974513,0.00001584628626005724,0.006185831502079964,297.09576416015625,4.760355472564697,-0.18967296183109283,0,18.388099670410156
0.3546749949455261,0.1000031977891922,0.0000021749876850662986,0.0010000000474974513,0.0010000000474974513,0.00001587673250469379,0.006089231930673122,296.3249816894531,-12.655538558959961,0.6414382457733154,0,18.388099670410156
0.35468000173568726,0.1000032052397728,0.0000021799876321892953,0.0010000000474974513,0.0010000000474974513,0.000015908812201814726,0.006415913812816143,290.3656921386719,-28.963624954223633,1.417112946510315,0,18.388099670410156
0.354684978723526,0.1000032126903534,0.000002184987579312292,0.0010000000474974513,0.0010000000474974513,0.000015944500773912296,0.007137643173336983,279.32318115234375,-42.73637008666992,2.066185712814331,0,18.388099670410156
0.35468998551368713,0.10000322014093399,0.0000021899875264352886,0.0010000000474974513,0.0010000000474974513,0.00001598544986336492,0.008189942687749863,263.39093017578125,-52.768184661865234,2.5285866260528564,0,18.388099670410156
0.35469499230384827,0.10000322759151459,0.0000021949874735582853,0.0010000000474974513,0.0010000000474974513,0.000016032838175306097,0.00947774201631546,242.84722900390625,-58.1809196472168,2.760615825653076,0,18.388099670410156
0.3546999990940094,0.10000323504209518,0.000002199987420681282,0.0010000000474974513,0.0010000000474974513,0.000016087256881291978,0.010883711278438568,218.0522003173828,-58.500770568847656,2.738788604736328,0,18.388099670410156
0.35470500588417053,0.10000324249267578,0.0000022049873678042786,0.0010000000474974513,0.0010000000474974513,0.000016148649592651054,0.012278564274311066,189.439697265625,-53.69974899291992,2.4619059562683105,0,18.388099670410156
0.3547099828720093,0.10000324994325638,0.0000022099873149272753,0.0010000000474974513,0.0010000000474974513,0.000016216312360484153,0.013532401993870735,157.51107788085938,-44.19810104370117,1.9511752128601074,0,18.388099670410156
0.3547149896621704,0.10000325739383698,0.000002214987262050272,0.0010000000474974513,0.0010000000474974513,0.000016288942788378336,0.01452612690627575,122.82395935058594,-30.827560424804688,1.2483724355697632,0,18.388099670410156
0.35471999645233154,0.10000326484441757,0.0000022199872091732686,0.0010000000474974513,0.0010000000474974513,0.000016364752809749916,0.015161918476223946,85.9871597290039,-14.758522033691406,0.41219937801361084,0,18.388099670410156
0.3547250032424927,0.10000327229499817,0.0000022249871562962653,0.0010000000474974513,0.0010000000474974513,0.000016441612388007343,0.01537184976041317,47.64525604248047,2.602412223815918,-0.48684051632881165,0,18.388099670410156
0.3547299802303314,0.10000327974557877,0.000002229987103419262,0.0010000000474974513,0.0010000000474974513,0.00001651723141549155,0.015123903751373291,8.468435287475586,16.199350357055664,-1.1957881450653076,0,18.388099670410156
0.35473498702049255,0.10000328719615936,0.0000022349870505422587,0.0010000000474974513,0.0010000000474974513,0.000016589805454714224,0.014514893293380737,34.2852783203125,30.015356063842773,-1.9136422872543335,0,18.388099670410156
0.3547399938106537,0.10000329464673996,0.0000022399869976652553,0.0010000000474974513,0.0010000000474974513,0.000016657506421324797,0.013540282845497131,77.43424987792969,41.91328430175781,-2.53340220451355,0,18.388099670410156
0.3547450006008148,0.10000330209732056,0.000002244986944788252,0.0010000000474974513,0.0010000000474974513,0.000016718757251510397,0.012250032275915146,119.35084533691406,50.47586441040039,-2.98407244682312,0,18.388099670410156
0.35474997758865356,0.10000330954790115,0.0000022499868919112487,0.0010000000474974513,0.0010000000474974513,0.00001677240834396798,0.010730257257819176,159.36778259277344,55.021705627441406,-3.231463670730591,0,18.388099670410156
0.3547549843788147,0.10000331699848175,0.0000022549868390342453,0.0010000000474974513,0.0010000000474974513,0.000016817830328363925,0.009084487333893776,196.84835815429688,55.18906021118164,-3.257382392883301,0,18.388099670410156
0.35475999116897583,0.10000332444906235,0.000002259986786157242,0.0010000000474974513,0.0010000000474974513,0.0000168549577210797,0.007425516378134489,231.1957244873047,50.96461486816406,-3.0610694885253906,0,18.388099670410156
0.35476499795913696,0.10000333189964294,0.0000022649867332802387,0.0010000000474974513,0.0010000000474974513,0.00001688429074420128,0.005866526160389185,261.86309814453125,42.68453598022461,-2.6592538356781006,0,18.388099670410156
0.3547700047492981,0.10000333935022354,0.0000022699866804032354,0.0010000000474974513,0.0010000000474974513,0.00001690685166977346,0.004512179177254438,288.3627014160156,31.007732391357422,-2.0848169326782227,0,18.388099670410156
0.35477498173713684,0.10000334680080414,0.000002274986627526232,0.0010000000474974513,0.0010000000474974513,0.00001692410296527669,0.0034503904171288013,310.27276611328125,16.863412857055664,-1.3841688632965088,0,18.388099670410156
0.354779988527298,0.10000335425138474,0.0000022799865746492287,0.0010000000474974513,0.0010000000474974513,0.00001693783087830525,0.0027454388327896595,327.2454528808594,1.3771439790725708,-0.6135532855987549,0,18.388099670410156
0.3547849953174591,0.10000336170196533,0.0000022849865217722254,0.0010000000474974513,0.0010000000474974513,0.000016949996279436164,0.0024329586885869503,339.00897216796875,-14.218711853027344,0.16543136537075043,0,18.388099670410156
0.35479000210762024,0.10000336915254593,0.000002289986468895222,0.0010000000474974513,0.0010000000474974513,0.000016962581867119297,0.0025172121822834015,345.3780517578125,-28.683076858520508,0.8907355666160583,0,18.388099670410156
0.354794979095459,0.10000337660312653,0.0000022949864160182187,0.0010000000474974513,0.0010000000474974513,0.000016977435734588653,0.0029708598740398884,346.2492370605469,-40.86491775512695,1.5047963857650757,0,18.388099670410156
0.3547999858856201,0.10000338405370712,0.0000022999863631412154,0.0010000000474974513,0.0010000000474974513,0.00001699612221273128,0.0037372461520135403,341.61004638671875,-49.794830322265625,1.9591172933578491,0,18.388099670410156
0.35480499267578125,0.10000339150428772,0.000002304986310264212,0.0010000000474974513,0.0010000000474974513,0.000017019798178807832,0.004735016729682684,331.5343017578125,-54.7621955871582,2.218125820159912,0,18.388099670410156
0.3548099994659424,0.10000339895486832,0.0000023099862573872088,0.0010000000474974513,0.0010000000474974513,0.000017049122106982395,0.005864698905497789,316.1823425292969,-55.37172317504883,2.2620012760162354,0,18.388099670410156
0.35481497645378113,0.10000340640544891,0.0000023149862045102054,0.0010000000474974513,0.0010000000474974513,0.000017084204955608584,0.007016726303845644,295.7974548339844,-51.57490539550781,2.088247060775757,0,18.388099670410156
0.35481998324394226,0.10000341385602951,0.000002319986151633202,0.0010000000474974513,0.0010000000474974513,0.00001712460652925074,0.008080261759459972,270.70477294921875,-43.673892974853516,1.7118849754333496,0,18.388099670410156
0.3548249900341034,0.10000342130661011,0.0000023249860987561988,0.0010000000474974513,0.0010000000474974513,0.000017169366401503794,0.008952117525041103,241.3044891357422,-32.297420501708984,1.1642531156539917,0,18.388099670410156
0.3548299968242645,0.1000034287571907,0.0000023299860458791954,0.0010000000474974513,0.0010000000474974513,0.000017217091226484627,0.009545066393911839,208.062744140625,-18.35080337524414,0.49050456285476685,0,18.388099670410156
0.35483500361442566,0.1000034362077713,0.000002334985993002192,0.0010000000474974513,0.0010000000474974513,0.000017266065697185695,0.009794878773391247,171.51039123535156,-2.9438741207122803,-0.25399407744407654,0,18.388099670410156
0.3548399806022644,0.1000034436583519,0.000002339985940125189,0.0010000000474974513,0.0010000000474974513,0.0000173143926076591,0.009665519930422306,132.2284393310547,12.697319984436035,-1.008077621459961,0,18.388099670410156
0.35484498739242554,0.1000034511089325,0.0000023449858872481855,0.0010000000474974513,0.0010000000474974513,0.000017360152924084105,0.009152109734714031,90.84102630615234,27.32809066772461,-1.7096599340438843,0,18.388099670410156
0.35484999418258667,0.10000345855951309,0.000002349985834371182,0.0010000000474974513,0.0010000000474974513,0.000017401560398866422,0.008281386457383633,48.00864028930664,39.78416061401367,-2.3006863594055176,0,18.388099670410156
0.3548550009727478,0.10000346601009369,0.000002354985781494179,0.0010000000474974513,0.0010000000474974513,0.00001743710890877992,0.007109656929969788,4.412294864654541,49.07430648803711,-2.7317638397216797,0,18.388099670410156
0.35485997796058655,0.10000347346067429,0.0000023599857286171755,0.0010000000474974513,0.0010000000474974513,0.000017465701603214256,0.005718381144106388,35.32906723022461,55.468204498291016,-3.016554117202759,0,18.388099670410156
0.3548649847507477,0.10000348091125488,0.000002364985675740172,0.0010000000474974513,0.0010000000474974513,0.00001748661270539742,0.004182063043117523,74.01119232177734,56.53621292114258,-3.033759832382202,0,18.388099670410156
0.3548699915409088,0.10000348836183548,0.000002369985622863169,0.0010000000474974513,0.0010000000474974513,0.00001749979674059432,0.0026369821280241013,111.39691925048828,52.65531539916992,-2.802422523498535,0,18.388099670410156
0.35487499833106995,0.10000349581241608,0.0000023749855699861655,0.0010000000474974513,0.0010000000474974513,0.00001750584488036111,0.0012097200378775597,146.83245849609375,44.16521453857422,-2.3397247791290283,0,18.388099670410156
0.3548800051212311,0.10000350326299667,0.000002379985517109162,0.0010000000474974513,0.0010000000474974513,0.000017505935829831287,0.00001810805406421423,179.69775390625,31.809104919433594,-1.683029294013977,0,18.388099670410156
0.3548849821090698,0.10000351071357727,0.000002384985464232159,0.0010000000474974513,0.0010000000474974513,0.00001750174124026671,-0.0008390516741201282,209.41676330566406,16.66857147216797,-0.8866214752197266,0,18.388099670410156
0.35488998889923096,0.10000351816415787,0.0000023899854113551555,0.0010000000474974513,0.0010000000474974513,0.00001749528746586293,-0.0012906042393296957,235.46969604492188,0.06895828247070313,-0.016977444291114807,0,18.388099670410156
0.3548949956893921,0.10000352561473846,0.000002394985358478152,0.0010000000474974513,0.0010000000474974513,0.000017488791854702868,-0.0012992508709430695,257.40020751953125,-16.536693572998047,0.8530402183532715,0,18.388099670410156
0.3549000024795532,0.10000353306531906,0.000002399985305601149,0.0010000000474974513,0.0010000000474974513,0.00001748446811689064,-0.0008648010552860796,274.8246765136719,-31.69480323791504,1.6505420207977295,0,18.388099670410156
0.35490497946739197,0.10000354051589966,0.0000024049852527241455,0.0010000000474974513,0.0010000000474974513,0.000017484348063590005,-0.000024186912924051285,287.4371032714844,-44.07849884033203,2.308973789215088,0,18.388099670410156
0.3549099862575531,0.10000354796648026,0.0000024099851998471422,0.0010000000474974513,0.0010000000474974513,0.00001749010698404163,0.0011517637176439166,295.0175476074219,-52.60377883911133,2.7739274501800537,0,18.388099670410156
0.35491499304771423,0.10000355541706085,0.000002414985146970139,0.0010000000474974513,0.0010000000474974513,0.000017502929040347226,0.0025645133573561907,297.4329528808594,-56.52436828613281,3.0078842639923096,0,18.388099670410156
0.35491999983787537,0.10000356286764145,0.0000024199850940931356,0.0010000000474974513,0.0010000000474974513,0.000017523410861031152,0.00409641582518816,294.64141845703125,-55.49708938598633,2.993483781814575,0,18.388099670410156
0.3549249768257141,0.10000357031822205,0.0000024249850412161322,0.0010000000474974513,0.0010000000474974513,0.00001755151606630534,0.005620984360575676,286.69207763671875,-49.61185836791992,2.735025644302368,0,18.388099670410156
0.35492998361587524,0.10000357776880264,0.000002429984988339129,0.0010000000474974513,0.0010000000474974513,0.000017586586182005703,0.0070139216259121895,273.72296142578125,-39.38384246826172,2.2580785751342773,0,18.388099670410156
0.3549349904060364,0.10000358521938324,0.0000024349849354621256,0.0010000000474974513,0.0010000000474974513,0.000017627406123210676,0.008163951337337494,255.9623260498047,-25.708351135253906,1.6072251796722412,0,18.388099670410156
0.3549399971961975,0.10000359266996384,0.0000024399848825851223,0.0010000000474974513,0.0010000000474974513,0.000017672318790573627,0.008982503786683083,233.72015380859375,-9.782469749450684,0.8421451449394226,0,18.388099670410156
0.35494500398635864,0.10000360012054443,0.000002444984829708119,0.0010000000474974513,0.0010000000474974513,0.000017719376046443358,0.0094114039093256,207.3863067626953,6.999719619750977,0.03237679600715637,0,18.388099670410156
0.3549499809741974,0.10000360757112503,0.0000024499847768311156,0.0010000000474974513,0.0010000000474974513,0.00001776651515683625,0.009427893906831741,177.4221649169922,23.169187545776367,-0.748784065246582,0,18.388099670410156
0.3549549877643585,0.10000361502170563,0.0000024549847239541123,0.0010000000474974513,0.0010000000474974513,0.000017811747966334224,0.009046541526913643,144.35165405273438,37.310543060302734,-1.4307124614715576,0,18.388099670410156
0.35495999455451965,0.10000362247228622,0.000002459984671077109,0.0010000000474974513,0.0010000000474974513,0.000017853337340056896,0.008317885920405388,108.75389862060547,48.1859130859375,-1.951648473739624,0,18.388099670410156
0.3549650013446808,0.10000362992286682,0.0000024649846182001056,0.0010000000474974513,0.0010000000474974513,0.00001788995723472908,0.007323919329792261,71.25196838378906,54.84331512451172,-2.2641141414642334,0,18.388099670410156
0.35496997833251953,0.10000363737344742,0.0000024699845653231023,0.0010000000474974513,0.0010000000474974513,0.000017920810932992026,0.006170815322548151,32.502769470214844,56.70000076293945,-2.339080333709717,0,18.388099670410156
0.35497498512268066,0.10000364482402802,0.000002474984512446099,0.0010000000474974513,0.0010000000474974513,0.000017945709259947762,0.004979531746357679,7.572595119476318,52.75491714477539,-2.1265883445739746,0,18.388099670410156
0.3549799919128418,0.10000365227460861,0.0000024799844595690956,0.0010000000474974513,0.0010000000474974513,0.00001796519245544914,0.003896469483152032,51.13888168334961,45.7326774597168,-1.7629506587982178,0,18.388099670410156
0.35498499870300293,0.10000365972518921,0.0000024849844066920923,0.0010000000474974513,0.0010000000474974513,0.00001798018638510257,0.0029986060690134764,93.89119720458984,35.07114791870117,-1.2201266288757324,0,18.388099670410156
0.35499000549316406,0.1000036671757698,0.000002489984353815089,0.0010000000474974513,0.0010000000474974513,0.00001799207166186534,0.0023772006388753653,135.14967346191406,21.618743896484375,-0.540588915348053,0,18.388099670410156
0.3549949824810028,0.1000036746263504,0.0000024949843009380857,0.0010000000474974513,0.0010000000474974513,0.000018002581782639027,0.0021018809638917446,174.25718688964844,6.445979118347168,0.22210028767585754,0,18.388099670410156
0.35499998927116394,0.100003682076931,0.0000024999842480610823,0.0010000000474974513,0.0010000000474974513,0.000018013657609117217,0.002214995678514242,210.5907440185547,-9.239740371704102,1.0075490474700928,0,18.388099670410156
