Timestamp,X Position,Y Position,X Velocity,Y Velocity,Rotation,Rotation Velocity,Data1,Data2,Data3,Data4,FPS
0.3449999988079071,0.09999995678663254,0,0,0,0,0,0,0,0,0,120.17786407470703
0.34500500559806824,0.09999995678663254,0,0,0,0.00000004999999703159119,0.009999999776482582,241.5919647216797,13.75,-0.7395833134651184,0,31.75813102722168
0.345009982585907,0.09999995678663254,0.000000000043767607593725444,0,0.000008753521797189023,0.00000009999999406318238,0.009999999776482582,233.4361572265625,26.573585510253906,-1.4345314502716064,0,31.75813102722168
0.3450149893760681,0.09999995678663254,0.0000000001721215669991949,0,0.00002567079172877129,0.00000014999999109477358,0.009999999776482582,220.14634704589844,37.61482620239258,-2.043576955795288,0,31.75813102722168
0.34501999616622925,0.09999995678663254,0.0000000004202072301229265,0,0.00004961713420925662,0.00000019999998812636477,0.009999999776482582,202.16677856445313,46.153167724609375,-2.531921625137329,0,31.75813102722168
0.3450250029563904,0.09999995678663254,0.0000000008152030162023038,0,0.00007899915362941101,0.00000024999997094710125,0.009999999776482582,180.0982666015625,51.657535552978516,-2.873826026916504,0,31.75813102722168
0.3450299799442291,0.09999995678663254,0.0000000013746297433669952,0,0.00011188536154804751,0.0000002999999537678377,0.009999999776482582,154.67849731445313,53.82544708251953,-3.0544819831848145,0,31.75813102722168
0.34503498673439026,0.09999995678663254,0.00000000210538830813789,0,0.0001461517094867304,0.0000003499999365885742,0.009999999776482582,126.77765655517578,52.6074333190918,-3.0711748600006104,0,31.75813102722168
0.3450399935245514,0.09999995678663254,0.000000003003601589668392,0,0.00017964265134651214,0.0000003999999194093107,0.009999999776482582,97.37262725830078,48.20511245727539,-2.9332151412963867,0,31.75813102722168
0.3450450003147125,0.09999995678663254,0.000000004055256574986288,0,0.0002103309816448018,0.00000044999990223004716,0.009999999776482582,67.4930419921875,41.05205154418945,-2.661046266555786,0,31.75813102722168
0.34504997730255127,0.09999995678663254,0.00000000523758414416875,0,0.0002364655229030177,0.0000004999998850507836,0.009999999776482582,38.185096740722656,31.009098052978516,-2.2461130619049072,0,31.75813102722168
0.3450549840927124,0.09999995678663254,0.000000006518616757489326,0,0.0002562065201345831,0.0000005499998678715201,0.009999999776482582,10.474992752075195,19.85723876953125,-1.7755391597747803,0,31.75813102722168
0.34505999088287354,0.09999995678663254,0.000000007862857032137072,0,0.00026884805993176997,0.0000005999998506922566,0.009999999776482582,16.29671287536621,9.288996696472168,-1.3319934606552124,0,31.75813102722168
0.34506499767303467,0.09999995678663254,0.000000009236664766376634,0,0.0002747616090346128,0.0000006499998335129931,0.009999999776482582,40.426692962646484,-0.3240047097206116,-0.9323477149009705,0,31.75813102722168
0.3450700044631958,0.09999995678663254,0.000000010609441325470925,0,0.00027455532108433545,0.0000006999998163337295,0.009999999776482582,59.944576263427734,-8.90559196472168,-0.5790426135063171,0,31.75813102722168
0.34507498145103455,0.09999995678663254,0.000000011953870782122067,0,0.0002688858367037028,0.000000749999799154466,0.009999999776482582,74.1980209350586,-15.895949363708496,-0.2990821599960327,0,31.75813102722168
0.3450799882411957,0.09999995678663254,0.000000013247701602381312,0,0.00025876614381559193,0.0000007999997819752025,0.009999999776482582,82.71062469482422,-20.8713436126709,-0.11313426494598389,0,31.75813102722168
0.3450849950313568,0.09999995678663254,0.000000014475096676846988,0,0.0002454790228512138,0.000000849999764795939,0.009999999776482582,85.1978988647461,-23.570648193359375,-0.034253768622875214,0,31.75813102722168
0.34509000182151794,0.09999995678663254,0.000000015627463767486915,0,0.00023047346621751785,0.0000008999997476166754,0.009999999776482582,81.57671356201172,-23.908798217773438,-0.0672186017036438,0,31.75813102722168
0.3450949788093567,0.09999995678663254,0.000000016703726402056418,0,0.00021525262854993343,0.0000009499997304374119,0.009999999776482582,71.96808624267578,-21.976388931274414,-0.20851489901542664,0,31.75813102722168
0.3450999855995178,0.09999995678663254,0.00000001771003610429034,0,0.00020126200979575515,0.0000009999997701015673,0.009999999776482582,56.69315719604492,-18.025760650634766,-0.4469584822654724,0,31.75813102722168
0.34510499238967896,0.09999995678663254,0.000000018658967704254792,0,0.00018978642765432596,0.0000010499998097657226,0.009999999776482582,36.26246643066406,-12.444947242736816,-0.7648880481719971,0,31.75813102722168
0.3451099991798401,0.09999995678663254,0.00000001956828654670062,0,0.000181863724719733,0.000001099999849429878,0.009999999776482582,11.35885238647461,-5.721823215484619,-1.1398234367370605,0,31.75813102722168
0.3451150059700012,0.09999995678663254,0.000000020459392402472076,0,0.0001782210892997682,0.0000011499998890940333,0.009999999776482582,15.466814994812012,2.457751512527466,-1.5894068479537964,0,31.75813102722168
0.34511998295783997,0.09999995678663254,0.000000021358321333764252,0,0.00017978574032895267,0.0000011999999287581886,0.009999999776482582,43.54988479614258,10.49453353881836,-2.035592794418335,0,31.75813102722168
0.3451249897480011,0.09999995678663254,0.00000002229065465542135,0,0.00018646678654477,0.000001249999968422344,0.009999999776482582,73.04295349121094,17.893619537353516,-2.455249309539795,0,31.75813102722168
0.34512999653816223,0.09999995678663254,0.000000023279945082776976,0,0.00019785825861617923,0.0000013000000080864993,0.009999999776482582,102.91332244873047,24.147558212280273,-2.824028968811035,0,31.75813102722168
0.34513500332832336,0.09999995678663254,0.00000002434610024693029,0,0.00021323110559023917,0.0000013500000477506546,0.009999999776482582,132.1151123046875,28.890426635742188,-3.124079465866089,0,31.75813102722168
0.3451399803161621,0.09999995678663254,0.000000025504217404659357,0,0.00023162338766269386,0.00000140000008741481,0.009999999776482582,159.62588500976563,31.911056518554688,-3.344750165939331,0,31.75813102722168
0.34514498710632324,0.09999995678663254,0.00000002676391019917901,0,0.0002519386471249163,0.0000014500001270789653,0.009999999776482582,184.4823455810547,33.163875579833984,-3.4831371307373047,0,31.75813102722168
0.3451499938964844,0.09999995678663254,0.000000028129168327950538,0,0.00027305149706080556,0.0000015000001667431206,0.009999999776482582,205.84097290039063,32.748779296875,-3.543243646621704,0,31.75813102722168
0.3451550006866455,0.09999995678663254,0.000000029598668405128592,0,0.00029390008421614766,0.000001550000206407276,0.009999999776482582,222.98788452148438,30.907508850097656,-3.5357818603515625,0,31.75813102722168
0.34515997767448425,0.09999995678663254,0.00000003116655022949999,0,0.00031357648549601436,0.0000016000002460714313,0.009999999776482582,235.3500518798828,28.004777908325195,-3.477266788482666,0,31.75813102722168
0.3451649844646454,0.09999995678663254,0.00000003282357496914301,0,0.0003314049681648612,0.0000016500002857355867,0.009999999776482582,242.51426696777344,24.491147994995117,-3.3882904052734375,0,31.75813102722168
0.3451699912548065,0.09999995678663254,0.00000003455855690503995,0,0.0003469966468401253,0.000001700000325399742,0.009999999776482582,244.24107360839844,20.858867645263672,-3.2914552688598633,0,31.75813102722168
0.34517499804496765,0.09999995678663254,0.00000003635993550687999,0,0.0003602759097702801,0.0000017500003650638973,0.009999999776482582,240.47276306152344,17.59453773498535,-3.209162473678589,0,31.75813102722168
0.3451800048351288,0.09999995678663254,0.000000038217319087152646,0,0.0003714770427905023,0.0000018000004047280527,0.009999999776482582,231.33526611328125,15.132869720458984,-3.1614434719085693,0,31.75813102722168
0.34518498182296753,0.09999995678663254,0.000000040122873912196155,0,0.0003811110509559512,0.000001850000444392208,0.009999999776482582,217.13400268554688,13.815535545349121,-3.1640353202819824,0,31.75813102722168
0.34518998861312866,0.09999995678663254,0.00000004207240422715586,0,0.0003899064031429589,0.0000019000004840563633,0.009999999776482582,198.34364318847656,13.85880184173584,-3.2268617153167725,0,31.75813102722168
0.3451949954032898,0.09999995678663254,0.000000044066052140578904,0,0.0003987292875535786,0.0000019500005237205187,0.009999999776482582,175.59214782714844,15.332731246948242,-3.3530614376068115,0,31.75813102722168
0.3452000021934509,0.09999995678663254,0.00000004610850368180763,0,0.00040849047945812345,0.0000020000004496978363,0.009999999776482582,149.6399688720703,18.15382957458496,-3.5386464595794678,0,31.75813102722168
0.3452049791812897,0.09999995678663254,0.00000004820874011102205,0,0.0004200476687401533,0.000002050000375675154,0.009999999776482582,121.38311767578125,22.07815933227539,-3.7722437381744385,0,31.75813102722168
0.3452099859714508,0.09999995678663254,0.000000050379256322230503,0,0.0004341031308285892,0.0000021000003016524715,0.009999999776482582,91.81100463867188,26.7410888671875,-4.036882400512695,0,31.75813102722168
0.34521499276161194,0.09999995678663254,0.000000052634892000469335,0,0.0004511270672082901,0.000002150000227629789,0.009999999776482582,61.95905303955078,31.60932159423828,-4.307551383972168,0,31.75813102722168
0.34521999955177307,0.09999995678663254,0.000000054991144082805477,0,0.00047125021228566766,0.0000022000001536071068,0.009999999776482582,32.87249755859375,34.28045654296875,-4.466030597686768,0,31.75813102722168
0.3452249765396118,0.09999995678663254,0.000000057456514213072296,0,0.0004930738359689713,0.0000022500000795844244,0.009999999776482582,5.5697832107543945,36.507598876953125,-4.601716995239258,0,31.75813102722168
0.34522998332977295,0.09999995678663254,0.000000060038090055059,0,0.000516315340064466,0.000002300000005561742,0.009999999776482582,21.10345458984375,39.084346771240234,-4.75601863861084,0,31.75813102722168
0.3452349901199341,0.09999995678663254,0.00000006274407837736362,0,0.0005411972524598241,0.0000023499999315390596,0.009999999776482582,44.42927169799805,40.78194808959961,-4.869225025177002,0,31.75813102722168
0.3452399969100952,0.09999995678663254,0.00000006557987575206425,0,0.0005671598482877016,0.0000023999998575163772,0.009999999776482582,63.00921630859375,41.03391647338867,-4.914490699768066,0,31.75813102722168
0.34524500370025635,0.09999995678663254,0.00000006854629219787967,0,0.0005932828644290566,0.000002449999783493695,0.009999999776482582,76.2223129272461,39.70329666137695,-4.886044979095459,0,31.75813102722168
0.3452499806880951,0.09999995678663254,0.00000007163908577467737,0,0.0006185587262734771,0.0000024999997094710125,0.009999999776482582,83.62691497802734,36.7900276184082,-4.784477710723877,0,31.75813102722168
0.3452549874782562,0.09999995678663254,0.0000000748489838997557,0,0.0006419799756258726,0.00000254999963544833,0.009999999776482582,84.97555541992188,32.43632888793945,-4.616970062255859,0,31.75813102722168
0.34525999426841736,0.09999995678663254,0.00000007816213098976732,0,0.0006626294925808907,0.0000025999995614256477,0.009999999776482582,80.2231674194336,26.920007705688477,-4.396957874298096,0,31.75813102722168
0.3452650010585785,0.09999995678663254,0.00000008156096953371161,0,0.0006797672249376774,0.0000026499994874029653,0.009999999776482582,69.52857208251953,20.636001586914063,-4.143249034881592,0,31.75813102722168
0.34526997804641724,0.09999995678663254,0.00000008502549064814957,0,0.0006929044611752033,0.000002699999413380283,0.009999999776482582,53.24921798706055,14.067551612854004,-3.878662109375,0,31.75813102722168
0.34527498483657837,0.09999995678663254,0.00000008853479016579513,0,0.0007018600590527058,0.0000027499993393576005,0.009999999776482582,31.929224014282227,7.749134063720703,-3.6282808780670166,0,31.75813102722168
0.3452799916267395,0.09999995678663254,0.00000009206875972722628,0,0.000706793274730444,0.000002799999265334918,0.009999999776482582,6.281136989593506,2.2240958213806152,-3.417468547821045,0,31.75813102722168
0.34528499841690063,0.09999995678663254,0.0000000956098062943056,0,0.0007082091178745031,0.0000028499991913122358,0.009999999776482582,20.554046630859375,-2.1125869750976563,-3.264148473739624,0,31.75813102722168
0.34529000520706177,0.09999995678663254,0.00000009914412402167727,0,0.0007068641716614366,0.0000028999991172895534,0.009999999776482582,48.97627258300781,-4.846541404724121,-3.187321662902832,0,31.75813102722168
0.3452949821949005,0.09999995678663254,0.00000010266301586625559,0,0.0007037788163870573,0.000002949999043266871,0.009999999776482582,78.61846923828125,-5.305784702301025,-3.2191076278686523,0,31.75813102722168
0.34529998898506165,0.09999995678663254,0.0000001061650181100049,0,0.0007004011422395706,0.0000029999989692441886,0.009999999776482582,108.44276428222656,-3.303246259689331,-3.3677783012390137,0,31.75813102722168
0.3453049957752228,0.09999995678663254,0.0000001096565114266923,0,0.0006982983322814107,0.0000030499988952215062,0.009999999776482582,137.4048614501953,1.169782280921936,-3.6330254077911377,0,31.75813102722168
0.3453100025653839,0.09999995678663254,0.0000001131517279873151,0,0.0006990431575104594,0.000003099998821198824,0.009999999776482582,164.49070739746094,7.919865608215332,-4.004945755004883,0,31.75813102722168
0.34531497955322266,0.09999995678663254,0.00000011667215460420266,0,0.0007040852215141058,0.0000031499987471761415,0.009999999776482582,188.75189208984375,16.55846405029297,-4.464413642883301,0,31.75813102722168
0.3453199863433838,0.09999995678663254,0.0000001202452892812289,0,0.0007146268617361784,0.000003199998673153459,0.009999999776482582,209.37254333496094,26.506336212158203,-4.983426094055176,0,31.75813102722168
0.3453249931335449,0.09999995678663254,0.0000001239027938026993,0,0.0007315014954656363,0.0000032499985991307767,0.009999999776482582,225.66346740722656,37.05691909790039,-5.528027057647705,0,31.75813102722168
0.34532999992370605,0.09999995678663254,0.0000001276782626291606,0,0.0007550929440185428,0.0000032999985251080943,0.009999999776482582,237.08021545410156,47.433834075927734,-6.061033248901367,0,31.75813102722168
0.3453349769115448,0.09999995678663254,0.0000001316047217869709,0,0.0007852904964238405,0.000003349998451085412,0.009999999776482582,243.24111938476563,56.85188293457031,-6.544940948486328,0,31.75813102722168
0.34533998370170593,0.09999995678663254,0.0000001357121419687246,0,0.0008214837871491909,0.0000033999983770627296,0.009999999776482582,243.9403533935547,64.57965087890625,-6.944904327392578,0,31.75813102722168
0.34534499049186707,0.09999995678663254,0.0000001400251221639337,0,0.0008625967893749475,0.000003449998303040047,0.009999999776482582,239.15447998046875,69.99861145019531,-7.231542110443115,0,31.75813102722168
0.3453499972820282,0.09999995678663254,0.00000014456091435022245,0,0.0009071595268324018,0.000003499998229017365,0.009999999776482582,229.04351806640625,72.6539077758789,-7.383345603942871,0,31.75813102722168
0.34535500407218933,0.09999995678663254,0.0000001493279739861464,0,0.0009534127311781049,0.0000035499981549946824,0.009999999776482582,213.9453582763672,72.29254150390625,-7.388487815856934,0,31.75813102722168
0.3453599810600281,0.09999995678663254,0.0000001543251499924736,0,0.000999435898847878,0.000003599998080972,0.009999999776482582,194.3646697998047,68.88594055175781,-7.245886325836182,0,31.75813102722168
0.3453649878501892,0.09999995678663254,0.00000015954159948705637,0,0.0010432902490720153,0.0000036499980069493176,0.009999999776482582,170.95582580566406,62.63473892211914,-6.965417385101318,0,31.75813102722168
0.34536999464035034,0.09999995678663254,0.00000016495742727329343,0,0.0010831650579348207,0.0000036999979329266353,0.009999999776482582,144.50123596191406,53.9554557800293,-6.567269802093506,0,31.75813102722168
0.3453750014305115,0.09999995678663254,0.0000001705449932387637,0,0.0011175143299624324,0.000003749997858903953,0.009999999776482582,115.9218978881836,43.44496154785156,-6.080271244049072,0,31.75813102722168
0.3453799784183502,0.09999995678663254,0.00000017627085924232233,0,0.0011451725149527192,0.0000037999977848812705,0.009999999776482582,86.21849822998047,31.844730377197266,-5.540126323699951,0,31.75813102722168
0.34538498520851135,0.09999995678663254,0.0000001820980912725645,0,0.001165445544756949,0.0000038499979382322636,0.009999999776482582,56.431060791015625,19.9810791015625,-4.986578941345215,0,31.75813102722168
0.3453899919986725,0.09999995678663254,0.00000018798891687765718,0,0.0011781660141423345,0.000003899997864209581,0.009999999776482582,27.602581024169922,8.701438903808594,-4.46037483215332,0,31.75813102722168
0.3453949987888336,0.09999995678663254,0.0000001939074394385898,0,0.0011837055208161473,0.000003949997790186899,0.009999999776482582,0.7424540519714355,-1.1910643577575684,-4.00013542175293,0,31.75813102722168
0.34540000557899475,0.09999995678663254,0.00000019982218191216816,0,0.0011829471914097667,0.000003999997716164216,0.009999999776482582,0,0,0,0,31.75813102722168
0.3454049825668335,0.09999995678663254,0.00000020573692438574653,0,0.0011829471914097667,0.000004049997642141534,0.009999999776482582,0,0,0,0,31.75813102722168
0.34540998935699463,0.09999995678663254,0.0000002116516668593249,0,0.0011829471914097667,0.000004099997568118852,0.009999999776482582,0,0,0,0,31.75813102722168
0.34541499614715576,0.09999995678663254,0.00000021756640933290328,0,0.0011829471914097667,0.000004149997494096169,0.009999999776482582,0,0,0,0,31.75813102722168
0.3454200029373169,0.09999995678663254,0.00000022348115180648165,0,0.0011829471914097667,0.000004199997420073487,0.009999999776482582,0,0,0,0,31.75813102722168
0.34542497992515564,0.09999995678663254,0.00000022939589428006002,0,0.0011829471914097667,0.0000042499973460508045,0.009999999776482582,0,0,0,0,31.75813102722168
0.3454299867153168,0.09999995678663254,0.0000002353106367536384,0,0.0011829471914097667,0.000004299997272028122,0.009999999776482582,0,0,0,0,31.75813102722168
0.3454349935054779,0.09999995678663254,0.00000024122536501636205,0,0.0011829471914097667,0.00000434999719800544,0.009999999776482582,0,0,0,0,31.75813102722168
0.34544000029563904,0.09999995678663254,0.0000002471400932790857,0,0.0011829471914097667,0.000004399997123982757,0.009999999776482582,0,0,0,0,31.75813102722168
0.3454449772834778,0.09999995678663254,0.00000025305482154180936,0,0.0011829471914097667,0.000004449997049960075,0.009999999776482582,0,0,0,0,31.75813102722168
0.3454499840736389,0.09999995678663254,0.000000258969549804533,0,0.0011829471914097667,0.0000044999969759373926,0.009999999776482582,0,0,0,0,31.75813102722168
0.34545499086380005,0.09999995678663254,0.00000026488427806725667,0,0.0011829471914097667,0.00000454999690191471,0.009999999776482582,0,0,0,0,31.75813102722168
0.3454599976539612,0.09999995678663254,0.00000027079900632998033,0,0.0011829471914097667,0.000004599996827892028,0.009999999776482582,3.974034070968628,-0.9260540008544922,0.04630270227789879,0,31.75813102722168
0.3454650044441223,0.09999995678663254,0.00000027671080715663265,0,0.001182357664220035,0.000004649996753869345,0.009999999776482582,6.972626686096191,-1.7774534225463867,0.08887267112731934,0,31.75813102722168
0.34546998143196106,0.09999995678663254,0.0000002826169236413989,0,0.0011812261072918773,0.000004699996679846663,0.009999999776482582,10.22935962677002,-2.546433925628662,0.12732170522212982,0,31.75813102722168
0.3454749882221222,0.09999995678663254,0.0000002885149399389775,0,0.0011796049075201154,0.000004749996605823981,0.009999999776482582,13.682036399841309,-3.231977701187134,0.16159889101982117,0,31.75813102722168
0.3454799950122833,0.09999995678663254,0.00000029440266757774225,0,0.0011775473831221461,0.000004799996531801298,0.009999999776482582,17.264713287353516,-3.8376522064208984,0.19188261032104492,0,31.75813102722168
0.34548500180244446,0.09999995678663254,0.0000003002782023031614,0,0.001175104291178286,0.000004849996457778616,0.009999999776482582,20.90896987915039,-4.3711934089660645,0.21855966746807098,0,31.75813102722168
0.3454899787902832,0.09999995678663254,0.0000003061398103909596,0,0.001172321499325335,0.0000048999963837559335,0.009999999776482582,24.545202255249023,-4.84387731552124,0.24219386279582977,0,31.75813102722168
0.34549498558044434,0.09999995678663254,0.00000031198601391224656,0,0.0011692378902807832,0.000004949996309733251,0.009999999776482582,28.107458114624023,-5.267964839935303,0.26339825987815857,0,31.75813102722168
0.34549999237060547,0.09999995678663254,0.0000003178154486249696,0,0.0011658841976895928,0.000004999996235710569,0.009999999776482582,31.533367156982422,-5.656525611877441,0.2828262746334076,0,31.75813102722168
0.3455049991607666,0.09999995678663254,0.0000003236268639739137,0,0.001162283238954842,0.000005049996161687886,0.009999999776482582,34.76295852661133,-6.023772716522217,0.3011886477470398,0,31.75813102722168
0.34551000595092773,0.09999995678663254,0.00000032941909466899233,0,0.0011584485182538629,0.000005099996087665204,0.009999999776482582,37.739688873291016,-6.384197235107422,0.31920987367630005,0,31.75813102722168
0.3455149829387665,0.09999995678663254,0.0000003351910038418282,0,0.001154384226538241,0.0000051499960136425216,0.009999999776482582,40.411441802978516,-6.751697063446045,0.33758485317230225,0,31.75813102722168
0.3455199897289276,0.09999995678663254,0.0000003409414262023347,0,0.0011500859400257468,0.000005199995939619839,0.009999999776482582,42.7314453125,-7.138737678527832,0.35693690180778503,0,31.75813102722168
0.34552499651908875,0.09999995678663254,0.0000003466691396170063,0,0.001145541318692267,0.000005249995865597157,0.009999999776482582,44.65908432006836,-7.555592060089111,0.37777960300445557,0,31.75813102722168
0.3455300033092499,0.09999995678663254,0.00000035237280826549977,0,0.0011407312704250216,0.0000052999957915744744,0.009999999776482582,46.160606384277344,-8.009699821472168,0.40048500895500183,0,31.75813102722168
0.3455349802970886,0.09999995678663254,0.0000003580509826406342,0,0.001135632279329002,0.000005349995717551792,0.009999999776482582,47.20973205566406,-8.50517463684082,0.42525872588157654,0,31.75813102722168
0.34553998708724976,0.09999995678663254,0.0000003637020711266814,0,0.0011302178027108312,0.00000539999564352911,0.009999999776482582,47.7880859375,-9.042490005493164,0.4521245062351227,0,31.75813102722168
0.3455449938774109,0.09999995678663254,0.00000036932436842107563,0,0.001124461297877133,0.000005449995569506427,0.009999999776482582,47.88554763793945,-9.618354797363281,0.480917751789093,0,31.75813102722168
0.345550000667572,0.09999995678663254,0.0000003749160555344133,0,0.0011183380847796798,0.000005499995495483745,0.009999999776482582,47.50040817260742,-10.225790977478027,0.5112895369529724,0,31.75813102722168
0.34555497765541077,0.09999995678663254,0.0000003804751997904532,0,0.0011118281399831176,0.0000055499954214610625,0.009999999776482582,46.63941192626953,-10.854405403137207,0.5427202582359314,0,31.75813102722168
0.3455599844455719,0.09999995678663254,0.0000003859997832478257,0,0.001104918192140758,0.00000559999534743838,0.009999999776482582,45.317626953125,-11.490845680236816,0.5745422840118408,0,31.75813102722168
0.34556499123573303,0.09999995678663254,0.00000039148778796516126,0,0.001097602886147797,0.000005649995273415698,0.009999999776482582,43.55820083618164,-12.119414329528809,0.6059707403182983,0,31.75813102722168
0.34556999802589417,0.09999995678663254,0.00000039693722442279977,0,0.0010898875771090388,0.000005699995199393015,0.009999999776482582,41.391937255859375,-12.72281551361084,0.636140763759613,0,31.75813102722168
0.3455750048160553,0.09999995678663254,0.00000040234615994449996,0,0.0010817880975082517,0.000005749995125370333,0.009999999776482582,38.856754302978516,-13.282991409301758,0.6641495823860168,0,31.75813102722168
0.34557998180389404,0.09999995678663254,0.00000040771283238427714,0,0.0010733319213613868,0.000005799995051347651,0.009999999776482582,35.997039794921875,-13.782012939453125,0.6891006827354431,0,31.75813102722168
0.3455849885940552,0.09999995678663254,0.00000041303562170469377,0,0.001064558164216578,0.000005849994977324968,0.009999999776482582,32.86285400390625,-14.202973365783691,0.7101486921310425,0,31.75813102722168
0.3455899953842163,0.09999995678663254,0.00000041831319208540663,0,0.0010555164190009236,0.000005899994903302286,0.009999999776482582,29.509071350097656,-14.530843734741211,0.7265421748161316,0,31.75813102722168
0.34559500217437744,0.09999995678663254,0.0000004235445203448762,0,0.0010462658246979117,0.0000059499948292796034,0.009999999776482582,25.99440574645996,-12.99720287322998,0.649860143661499,0,31.75813102722168
0.3455999791622162,0.09999995678663254,0.00000042873446659541514,0,0.0010379917221143842,0.000005999994755256921,0.009999999776482582,22.380386352539063,-11.190193176269531,0.5595096945762634,0,31.75813102722168
0.3456049859523773,0.09999995678663254,0.00000043388880044403777,0,0.0010308678029105067,0.000006049994681234239,0.009999999776482582,18.73028564453125,-9.365142822265625,0.4682571589946747,0,31.75813102722168
0.34560999274253845,0.09999995678663254,0.0000004390133199194679,0,0.001024905708618462,0.000006099994607211556,0.009999999776482582,15.113767623901367,-7.556883811950684,0.3778441846370697,0,31.75813102722168
0.3456149995326996,0.09999995678663254,0.0000004441137946287199,0,0.0010200949618592858,0.000006149994533188874,0.009999999776482582,11.599905014038086,-5.799952507019043,0.2899976372718811,0,31.75813102722168
0.34561997652053833,0.09999995678663254,0.00000044919579522684216,0,0.0010164027335122228,0.0000061999944591661915,0.009999999776482582,8.255805969238281,-4.127902984619141,0.20639514923095703,0,31.75813102722168
0.34562498331069946,0.09999995678663254,0.00000045426466499520757,0,0.0010137747740373015,0.000006249994385143509,0.009999999776482582,5.145338535308838,-2.572669267654419,0.12863346934318542,0,31.75813102722168
0.3456299901008606,0.09999995678663254,0.000000459325349311257,0,0.0010121370432898402,0.000006299994311120827,0.009999999776482582,2.327907085418701,-1.1639535427093506,0.05819767713546753,0,31.75813102722168
0.34563499689102173,0.09999995678663254,0.0000004643823388050805,0,0.00101139594335109,0.000006349994237098144,0.009999999776482582,0,0,0,0,31.75813102722168
0.34564000368118286,0.09999995678663254,0.000000469439328298904,0,0.00101139594335109,0.000006399994163075462,0.009999999776482582,0,0,0,0,31.75813102722168
0.3456449806690216,0.09999995678663254,0.0000004744963177927275,0,0.00101139594335109,0.00000644999408905278,0.009999999776482582,0,0,0,0,31.75813102722168
0.34564998745918274,0.09999995678663254,0.000000479553307286551,0,0.00101139594335109,0.000006499994015030097,0.009999999776482582,0,0,0,0,31.75813102722168
0.34565499424934387,0.09999995678663254,0.000000484610268358665,0,0.00101139594335109,0.000006549993941007415,0.009999999776482582,0,0,0,0,31.75813102722168
0.345660001039505,0.09999995678663254,0.0000004896672294307791,0,0.00101139594335109,0.0000065999938669847324,0.009999999776482582,0,0,0,0,31.75813102722168
0.34566497802734375,0.09999995678663254,0.0000004947241905028932,0,0.00101139594335109,0.00000664999379296205,0.009999999776482582,0,0,0,0,31.75813102722168
0.3456699848175049,0.09999995678663254,0.0000004997811515750072,0,0.00101139594335109,0.000006699993718939368,0.009999999776482582,0,0,0,0,31.75813102722168
0.345674991607666,0.09999995678663254,0.0000005048381126471213,0,0.00101139594335109,0.000006749993644916685,0.009999999776482582,0,0,0,0,31.75813102722168
0.34567999839782715,0.09999995678663254,0.0000005098950737192354,0,0.00101139594335109,0.000006799993570894003,0.009999999776482582,0,0,0,0,31.75813102722168
0.3456850051879883,0.09999995678663254,0.0000005149520347913494,0,0.00101139594335109,0.0000068499934968713205,0.009999999776482582,0,0,0,0,31.75813102722168
0.345689982175827,0.09999995678663254,0.0000005200089958634635,0,0.00101139594335109,0.000006899993422848638,0.009999999776482582,2.676943778991699,-0.6898931264877319,0.034494657069444656,0,31.75813102722168
0.34569498896598816,0.09999995678663254,0.0000005250637968856608,0,0.0010109568247571588,0.000006949993348825956,0.009999999776482582,5.536013126373291,-1.4693855047225952,0.07346927374601364,0,31.75813102722168
0.3456999957561493,0.09999995678663254,0.0000005301138799040928,0,0.0010100213112309575,0.000006999993274803273,0.009999999776482582,8.680656433105469,-2.3222968578338623,0.11611484736204147,0,31.75813102722168
0.3457050025463104,0.09999995678663254,0.0000005351565732780728,0,0.0010085428366437554,0.000007049993200780591,0.009999999776482582,12.050813674926758,-3.2302544116973877,0.16151271760463715,0,31.75813102722168
0.34570997953414917,0.09999995678663254,0.000000540188977993239,0,0.0010064864763990045,0.000007099993126757909,0.009999999776482582,15.582120895385742,-4.1735734939575195,0.20867867767810822,0,31.75813102722168
0.3457149863243103,0.09999995678663254,0.0000005452081381918106,0,0.0010038296459242702,0.000007149993052735226,0.009999999776482582,19.207134246826172,-5.132201194763184,0.25661006569862366,0,31.75813102722168
0.34571999311447144,0.09999995678663254,0.0000005502109274857503,0,0.0010005623335018754,0.000007199992978712544,0.009999999776482582,22.856618881225586,-6.086666107177734,0.30433329939842224,0,31.75813102722168
0.34572499990463257,0.09999995678663254,0.0000005551943900172773,0,0.0009966875659301877,0.0000072499929046898615,0.009999999776482582,26.461685180664063,-7.0192389488220215,0.35096195340156555,0,31.75813102722168
0.3457299768924713,0.09999995678663254,0.0000005601555130851921,0,0.0009922190802171826,0.000007299992830667179,0.009999999776482582,29.959209442138672,-7.915097236633301,0.395754873752594,0,31.75813102722168
0.34573498368263245,0.09999995678663254,0.0000005650913976751326,0,0.0009871801594272256,0.000007349992756644497,0.009999999776482582,33.287967681884766,-8.762120246887207,0.4381060302257538,0,31.75813102722168
0.3457399904727936,0.09999995678663254,0.0000005699994289898314,0,0.0009816022356972098,0.000007399992682621814,0.009999999776482582,36.38968276977539,-9.551335334777832,0.47756677865982056,0,31.75813102722168
0.3457449972629547,0.09999995678663254,0.0000005748770490754396,0,0.0009755218052305281,0.000007449992608599132,0.009999999776482582,39.21004867553711,-10.277198791503906,0.5138599276542664,0,31.75813102722168
0.34575000405311584,0.09999995678663254,0.000000579721927351784,0,0.0009689792641438544,0.0000074999925345764495,0.009999999776482582,41.69969177246094,-10.937702178955078,0.5468851327896118,0,31.75813102722168
0.3457549810409546,0.09999995678663254,0.0000005845320174557855,0,0.0009620162309147418,0.000007549992460553767,0.009999999776482582,43.815025329589844,-11.534296989440918,0.5767148733139038,0,31.75813102722168
0.3457599878311157,0.09999995678663254,0.000000589305386711203,0,0.0009546734509058297,0.000007599992386531085,0.009999999776482582,45.519012451171875,-12.07164478302002,0.6035822629928589,0,31.75813102722168
0.34576499462127686,0.09999995678663254,0.0000005940403298154706,0,0.0009469885262660682,0.000007649992767255753,0.009999999776482582,46.781829833984375,-12.55720329284668,0.6278601884841919,0,31.75813102722168
0.345770001411438,0.09999995678663254,0.000000598735311996279,0,0.0009389945189468563,0.000007699993147980422,0.009999999776482582,47.581356048583984,-13.000676155090332,0.6500338315963745,0,31.75813102722168
0.34577497839927673,0.09999995678663254,0.0000006033889121681568,0,0.000930718204472214,0.00000774999352870509,0.009999999776482582,47.90360641479492,-13.413349151611328,0.6706674695014954,0,31.75813102722168
0.34577998518943787,0.09999995678663254,0.0000006079998229324701,0,0.0009221791406162083,0.000007799993909429759,0.009999999776482582,47.7429313659668,-13.80734920501709,0.6903674602508545,0,31.75813102722168
0.345784991979599,0.09999995678663254,0.000000612566793734004,0,0.0009133893181569874,0.000007849994290154427,0.009999999776482582,47.10214614868164,-14.194864273071289,0.7097432017326355,0,31.75813102722168
0.34578999876976013,0.09999995678663254,0.0000006170885740175436,0,0.0009043526952154934,0.000007899994670879096,0.009999999776482582,45.99246597290039,-14.587368965148926,0.7293684482574463,0,31.75813102722168
0.34579500555992126,0.09999995678663254,0.0000006215639132278739,0,0.0008950662449933589,0.000007949995051603764,0.009999999776482582,44.43332290649414,-14.994887351989746,0.7497443556785583,0,31.75813102722168
0.34579998254776,0.09999995678663254,0.000000625991503966361,0,0.000885520305018872,0.000007999995432328433,0.009999999776482582,42.45201110839844,-15.425337791442871,0.7712668776512146,0,31.75813102722168
0.34580498933792114,0.09999995678663254,0.0000006303699819909525,0,0.0008757003233768046,0.000008049995813053101,0.009999999776482582,40.08321762084961,-15.883991241455078,0.7941995859146118,0,31.75813102722168
0.3458099961280823,0.09999995678663254,0.0000006346979262161767,0,0.0008655883721075952,0.00000809999619377777,0.009999999776482582,37.368412017822266,-16.373071670532227,0.8186535835266113,0,31.75813102722168
0.3458150029182434,0.09999995678663254,0.0000006389737450263056,0,0.0008551651262678206,0.000008149996574502438,0.009999999776482582,34.35512161254883,-16.891515731811523,0.844575822353363,0,31.75813102722168
0.34581997990608215,0.09999995678663254,0.0000006431957899621921,0,0.0008444117265753448,0.000008199996955227107,0.009999999776482582,31.096099853515625,-15.548049926757813,0.7774025201797485,0,31.75813102722168
0.3458249866962433,0.09999995678663254,0.0000006473683811236697,0,0.0008345136302523315,0.000008249997335951775,0.009999999776482582,27.648406982421875,-13.824203491210938,0.6912102103233337,0,31.75813102722168
0.3458299934864044,0.09999995678663254,0.0000006514969186355302,0,0.0008257129811681807,0.000008299997716676444,0.009999999776482582,24.0723934173584,-12.0361967086792,0.6018098592758179,0,31.75813102722168
0.34583500027656555,0.09999995678663254,0.0000006555871436830785,0,0.0008180506411008537,0.000008349998097401112,0.009999999776482582,20.43067169189453,-10.215335845947266,0.5107668042182922,0,31.75813102722168
0.3458399772644043,0.09999995678663254,0.0000006596448542950384,0,0.0008115474483929574,0.00000839999847812578,0.009999999776482582,16.790050506591797,-8.395025253295898,0.41975125670433044,0,31.75813102722168
0.34584498405456543,0.09999995678663254,0.0000006636758485001337,0,0.0008062030537985265,0.00000844999885885045,0.009999999776482582,13.220061302185059,-6.610030651092529,0.330501526594162,0,31.75813102722168
0.34584999084472656,0.09999995678663254,0.0000006676858106402506,0,0.0008019949891604483,0.000008499999239575118,0.009999999776482582,9.788884162902832,-4.894442081451416,0.24472211301326752,0,31.75813102722168
0.3458549976348877,0.09999995678663254,0.0000006716801976835995,0,0.0007988791330717504,0.000008549999620299786,0.009999999776482582,6.562049865722656,-3.281024932861328,0.16405124962329865,0,31.75813102722168
0.34586000442504883,0.09999995678663254,0.0000006756641255378781,0,0.0007967904093675315,0.000008600000001024455,0.009999999776482582,3.601187229156494,-1.800593614578247,0.09002967923879623,0,31.75813102722168
0.3458649814128876,0.09999995678663254,0.0000006796423690502706,0,0.0007956441841088235,0.000008650000381749123,0.009999999776482582,0,0,0,0,31.75813102722168
0.3458699882030487,0.09999995678663254,0.0000006836206125626632,0,0.0007956441841088235,0.000008700000762473792,0.009999999776482582,0,0,0,0,31.75813102722168
0.34587499499320984,0.09999995678663254,0.0000006875988560750557,0,0.0007956441841088235,0.00000875000114319846,0.009999999776482582,0,0,0,0,31.75813102722168
0.34588000178337097,0.09999995678663254,0.0000006915770995874482,0,0.0007956441841088235,0.000008800001523923129,0.009999999776482582,0,0,0,0,31.75813102722168
0.3458849787712097,0.09999995678663254,0.0000006955553430998407,0,0.0007956441841088235,0.000008850001904647797,0.009999999776482582,0,0,0,0,31.75813102722168
0.34588998556137085,0.09999995678663254,0.0000006995335866122332,0,0.0007956441841088235,0.000008900002285372466,0.009999999776482582,0,0,0,0,31.75813102722168
0.345894992351532,0.09999995678663254,0.0000007035118301246257,0,0.0007956441841088235,0.000008950002666097134,0.009999999776482582,0,0,0,0,31.75813102722168
0.3458999991416931,0.09999995678663254,0.0000007074900736370182,0,0.0007956441841088235,0.000009000003046821803,0.009999999776482582,0,0,0,0,31.75813102722168
0.34590500593185425,0.09999995678663254,0.0000007114683171494107,0,0.0007956441841088235,0.000009050003427546471,0.009999999776482582,0,0,0,0,31.75813102722168
0.345909982919693,0.09999995678663254,0.0000007154465606618032,0,0.0007956441841088235,0.00000910000380827114,0.009999999776482582,0,0,0,0,31.75813102722168
0.3459149897098541,0.09999995678663254,0.0000007194248041741957,0,0.0007956441841088235,0.000009150004188995808,0.009999999776482582,0,0,0,0,31.75813102722168
0.34591999650001526,0.09999995678663254,0.0000007234030476865883,0,0.0007956441841088235,0.000009200004569720477,0.009999999776482582,0,0,0,0,31.75813102722168
0.3459250032901764,0.09999995678663254,0.0000007273812911989808,0,0.0007956441841088235,0.000009250004950445145,0.009999999776482582,4.175921440124512,-1.0517791509628296,0.05258895829319954,0,31.75813102722168
0.34592998027801514,0.09999995678663254,0.0000007313561809496605,0,0.000794974563177675,0.000009300005331169814,0.009999999776482582,7.196066856384277,-2.190208911895752,0.10951044410467148,0,31.75813102722168
0.34593498706817627,0.09999995678663254,0.0000007353240789598203,0,0.0007935802568681538,0.000009350005711894482,0.009999999776482582,10.470070838928223,-3.420379877090454,0.17101900279521942,0,31.75813102722168
0.3459399938583374,0.09999995678663254,0.0000007392811198769778,0,0.0007914028246887028,0.000009400006092619151,0.009999999776482582,13.935405731201172,-4.744354724884033,0.2372177392244339,0,31.75813102722168
0.34594500064849854,0.09999995678663254,0.0000007432230404447182,0,0.0007883825455792248,0.00000945000647334382,0.009999999776482582,17.52588653564453,-6.16063117980957,0.3080315589904785,0,31.75813102722168
0.3459499776363373,0.09999995678663254,0.0000007471453500329517,0,0.0007844606298021972,0.000009500006854068488,0.009999999776482582,21.172941207885742,-7.663789749145508,0.38318949937820435,0,31.75813102722168
0.3459549844264984,0.09999995678663254,0.0000007510432737944939,0,0.0007795817800797522,0.000009550007234793156,0.009999999776482582,24.80691146850586,-9.242871284484863,0.46214357018470764,0,31.75813102722168
0.34595999121665955,0.09999995678663254,0.0000007549117526650662,0,0.0007736976840533316,0.000009600007615517825,0.009999999776482582,28.3623104095459,-10.883744239807129,0.5441872477531433,0,31.75813102722168
0.3459649980068207,0.09999995678663254,0.0000007587456138935522,0,0.0007667689933441579,0.000009650007996242493,0.009999999776482582,31.776887893676758,-12.569914817810059,0.6284957528114319,0,31.75813102722168
0.3459700047969818,0.09999995678663254,0.0000007625394573551603,0,0.0007587668369524181,0.000009700008376967162,0.009999999776482582,34.99086380004883,-14.282011985778809,0.7141005992889404,0,31.75813102722168
0.34597498178482056,0.09999995678663254,0.0000007662878260816797,0,0.0007496748003177345,0.00000975000875769183,0.009999999776482582,37.94797897338867,-15.998359680175781,0.799917995929718,0,31.75813102722168
0.3459799885749817,0.09999995678663254,0.0000007699852631048998,0,0.0007394900894723833,0.000009800009138416499,0.009999999776482582,40.59645080566406,-17.6956729888916,0.8847836852073669,0,31.75813102722168
0.3459849953651428,0.09999995678663254,0.0000007736263683000288,0,0.0007282248116098344,0.000009850009519141167,0.009999999776482582,42.88991928100586,-19.349838256835938,0.9674919247627258,0,31.75813102722168
0.34599000215530396,0.09999995678663254,0.0000007772059120725316,0,0.000715906557161361,0.000009900009899865836,0.009999999776482582,44.788230895996094,-20.936752319335938,1.0468376874923706,0,31.75813102722168
0.3459949791431427,0.09999995678663254,0.0000007807187785147107,0,0.0007025780505500734,0.000009950010280590504,0.009999999776482582,46.258148193359375,-22.433164596557617,1.121658205986023,0,31.75813102722168
0.34599998593330383,0.09999995678663254,0.0000007841602496228006,0,0.000688296917360276,0.000010000010661315173,0.009999999776482582,47.27394485473633,-23.636972427368164,1.1818486452102661,0,31.75813102722168
0.34600499272346497,0.09999995678663254,0.0000007875265168877377,0,0.0006732494221068919,0.000010050011042039841,0.009999999776482582,47.81782913208008,-23.90891456604004,1.1954457759857178,0,31.75813102722168
0.3460099995136261,0.09999995678663254,0.0000007908166708148201,0,0.0006580287008546293,0.00001010001142276451,0.009999999776482582,47.88028335571289,-23.940141677856445,1.1970070600509644,0,31.75813102722168
0.34601497650146484,0.09999995678663254,0.0000007940305977172102,0,0.0006427881889976561,0.000010150011803489178,0.009999999776482582,47.4602165222168,-23.7301082611084,1.1865054368972778,0,31.75813102722168
0.346019983291626,0.09999995678663254,0.0000007971689797159343,0,0.0006276813219301403,0.000010200012184213847,0.009999999776482582,46.56497573852539,-23.282487869262695,1.1641243696212769,0,31.75813102722168
0.3460249900817871,0.09999995678663254,0.0000008002332947398827,0,0.0006128594395704567,0.000010250012564938515,0.009999999776482582,45.210235595703125,-22.605117797851563,1.130255937576294,0,31.75813102722168
0.34602999687194824,0.09999995678663254,0.0000008032256459955534,0,0.0005984687595628202,0.000010300012945663184,0.009999999776482582,43.419715881347656,-21.709857940673828,1.0854929685592651,0,31.75813102722168
0.3460350036621094,0.09999995678663254,0.0000008061488756538893,0,0.0005846480489708483,0.000010350013326387852,0.009999999776482582,41.224761962890625,-20.612380981445313,1.0306190252304077,0,31.75813102722168
0.3460399806499481,0.09999995678663254,0.0000008090065080068598,0,0.0005715259467251599,0.000010400013707112521,0.009999999776482582,38.66380310058594,-19.33190155029297,0.9665951132774353,0,31.75813102722168
0.34604498744010925,0.09999995678663254,0.0000008118025789372041,0,0.0005592191009782255,0.00001045001408783719,0.009999999776482582,35.78166961669922,-17.89083480834961,0.8945417404174805,0,31.75813102722168
0.3460499942302704,0.09999995678663254,0.0000008145417496052687,0,0.0005478296079672873,0.000010500014468561858,0.009999999776482582,32.628822326660156,-16.314411163330078,0.8157205581665039,0,31.75813102722168
0.3460550010204315,0.09999995678663254,0.0000008172289653884945,0,0.0005374437314458191,0.000010550014849286526,0.009999999776482582,29.260456085205078,-14.630228042602539,0.7315114140510559,0,31.75813102722168
0.34605997800827026,0.09999995678663254,0.0000008198696264116734,0,0.0005281299818307161,0.000010600015230011195,0.009999999776482582,25.73554039001465,-12.867770195007324,0.6433885097503662,0,31.75813102722168
0.3460649847984314,0.09999995678663254,0.0000008224693033298536,0,0.0005199381848797202,0.000010650015610735863,0.009999999776482582,22.115787506103516,-11.057893753051758,0.5528947114944458,0,31.75813102722168
0.34606999158859253,0.09999995678663254,0.0000008250337941717589,0,0.0005128986667841673,0.000010700015991460532,0.009999999776482582,18.464942932128906,-9.232471466064453,0.46162357926368713,0,31.75813102722168
0.34607499837875366,0.09999995678663254,0.0000008275688969661132,0,0.0005070212064310908,0.0000107500163721852,0.009999999776482582,14.852729797363281,-7.426364898681641,0.3713182508945465,0,31.75813102722168
0.3460800051689148,0.09999995678663254,0.0000008300803528982215,0,0.0005022934637963772,0.000010800016752909869,0.009999999776482582,11.348138809204102,-5.674069404602051,0.283703476190567,0,31.75813102722168
0.34608498215675354,0.09999995678663254,0.0000008325737326231319,0,0.000498681329190731,0.000010850017133634537,0.009999999776482582,8.018097877502441,-4.009048938751221,0.20045244693756104,0,31.75813102722168
0.3460899889469147,0.09999995678663254,0.0000008350543794222176,0,0.0004961291560903192,0.000010900017514359206,0.009999999776482582,4.926210880279541,-2.4631054401397705,0.12315527349710464,0,31.75813102722168
0.3460949957370758,0.09999995678663254,0.0000008375271818295005,0,0.0004945611581206322,0.000010950017895083874,0.009999999776482582,2.131525993347168,-1.065762996673584,0.05328815057873726,0,31.75813102722168
0.34610000252723694,0.09999995678663254,0.0000008399965736316517,0,0.0004938826896250248,0.000011000018275808543,0.009999999776482582,0,0,0,0,31.75813102722168
0.3461049795150757,0.09999995678663254,0.0000008424659654338029,0,0.0004938826896250248,0.000011050018656533211,0.009999999776482582,0,0,0,0,31.75813102722168
0.3461099863052368,0.09999995678663254,0.0000008449353572359541,0,0.0004938826896250248,0.00001110001903725788,0.009999999776482582,0,0,0,0,31.75813102722168
0.34611499309539795,0.09999995678663254,0.0000008474047490381054,0,0.0004938826896250248,0.000011150019417982548,0.009999999776482582,0,0,0,0,31.75813102722168
0.3461199998855591,0.09999995678663254,0.0000008498741408402566,0,0.0004938826896250248,0.000011200019798707217,0.009999999776482582,0,0,0,0,31.75813102722168
0.3461249768733978,0.09999995678663254,0.0000008523435326424078,0,0.0004938826896250248,0.000011250020179431885,0.009999999776482582,0,0,0,0,31.75813102722168
0.34612998366355896,0.09999995678663254,0.000000854812924444559,0,0.0004938826896250248,0.000011300020560156554,0.009999999776482582,0,0,0,0,31.75813102722168
0.3461349904537201,0.09999995678663254,0.0000008572823162467103,0,0.0004938826896250248,0.000011350020940881222,0.009999999776482582,0,0,0,0,31.75813102722168
0.3461399972438812,0.09999995678663254,0.0000008597517080488615,0,0.0004938826896250248,0.000011400021321605891,0.009999999776482582,0,0,0,0,31.75813102722168
0.34614500403404236,0.09999995678663254,0.0000008622210998510127,0,0.0004938826896250248,0.00001145002170233056,0.009999999776482582,0,0,0,0,31.75813102722168
0.3461499810218811,0.09999995678663254,0.0000008646904916531639,0,0.0004938826896250248,0.000011500022083055228,0.009999999776482582,0,0,0,0,31.75813102722168
0.34615498781204224,0.09999995678663254,0.0000008671598834553151,0,0.0004938826896250248,0.000011550022463779896,0.009999999776482582,2.8669233322143555,-0.8058792948722839,0.040293965488672256,0,31.75813102722168
0.34615999460220337,0.09999995678663254,0.0000008696267173036176,0,0.0004933696473017335,0.000011600022844504565,0.009999999776482582,5.749337673187256,-1.5812267065048218,0.07906133681535721,0,31.75813102722168
0.3461650013923645,0.09999995678663254,0.0000008720885489310604,0,0.000492363004013896,0.000011650023225229234,0.009999999776482582,8.913229942321777,-2.3251357078552246,0.11625678837299347,0,31.75813102722168
0.34616997838020325,0.09999995678663254,0.0000008745429909140512,0,0.0004908827831968665,0.000011700023605953902,0.009999999776482582,12.298175811767578,-3.0401268005371094,0.1520063430070877,0,31.75813102722168
0.3461749851703644,0.09999995678663254,0.0000008769877126724168,0,0.0004889474948868155,0.00001175002398667857,0.009999999776482582,15.83952522277832,-3.731722354888916,0.18658612668514252,0,31.75813102722168
0.3461799919605255,0.09999995678663254,0.0000008794205541562405,0,0.0004865718656219542,0.000011800024367403239,0.009999999776482582,19.46964454650879,-4.407864093780518,0.22039321064949036,0,31.75813102722168
0.34618499875068665,0.09999995678663254,0.0000008818393553156056,0,0.0004837658489122987,0.000011850024748127908,0.009999999776482582,23.11920166015625,-5.079774379730225,0.25398871302604675,0,31.75813102722168
0.3461900055408478,0.09999995678663254,0.0000008842420129440143,0,0.0004805320641025901,0.000011900025128852576,0.009999999776482582,26.71971893310547,-5.758741855621338,0.28793710470199585,0,31.75813102722168
0.3461949825286865,0.09999995678663254,0.0000008866263669915497,0,0.000476866087410599,0.000011950025509577245,0.009999999776482582,30.208166122436523,-6.453555583953857,0.3226777911186218,0,31.75813102722168
0.34619998931884766,0.09999995678663254,0.0000008889901437214576,0,0.00047275779070332646,0.000012000025890301913,0.009999999776482582,33.523468017578125,-7.172072410583496,0.3586036264896393,0,31.75813102722168
0.3462049961090088,0.09999995678663254,0.0000008913311262404022,0,0.0004681920981965959,0.000012050026271026582,0.009999999776482582,36.607582092285156,-7.920540809631348,0.3960270583629608,0,31.75813102722168
0.3462100028991699,0.09999995678663254,0.0000008936468702813727,0,0.0004631499177776277,0.00001210002665175125,0.009999999776482582,39.406517028808594,-8.70300579071045,0.43515029549598694,0,31.75813102722168
0.34621497988700867,0.09999995678663254,0.0000008959349315773579,0,0.00045760965440422297,0.000012150027032475919,0.009999999776482582,41.87126922607422,-9.520829200744629,0.4760414659976959,0,31.75813102722168
0.3462199866771698,0.09999995678663254,0.0000008981926953310904,0,0.00045154872350394726,0.000012200027413200587,0.009999999776482582,43.95868682861328,-10.372352600097656,0.5186176300048828,0,31.75813102722168
0.34622499346733093,0.09999995678663254,0.0000009004174330584647,0,0.00044494570465758443,0.000012250027793925256,0.009999999776482582,45.63222885131836,-11.252715110778809,0.5626357793807983,0,31.75813102722168
0.34623000025749207,0.09999995678663254,0.0000009026063594319567,0,0.00043778226245194674,0.000012300028174649924,0.009999999776482582,46.86259460449219,-12.153844833374023,0.6076922416687012,0,31.75813102722168
0.3462349772453308,0.09999995678663254,0.0000009047565754372044,0,0.0004300451255403459,0.000012350028555374593,0.009999999776482582,47.62824630737305,-13.06462287902832,0.653231143951416,0,31.75813102722168
0.34623998403549194,0.09999995678663254,0.000000906865238903265,0,0.00042172818211838603,0.000012400028936099261,0.009999999776482582,47.915775299072266,-13.971208572387695,0.6985604166984558,0,31.75813102722168
0.3462449908256531,0.09999995678663254,0.0000009089293939723575,0,0.0004128341097384691,0.00001245002931682393,0.009999999776482582,47.720149993896484,-14.85752010345459,0.7428759932518005,0,31.75813102722168
0.3462499976158142,0.09999995678663254,0.0000009109462553169578,0,0.00040337577229365706,0.000012500029697548598,0.009999999776482582,47.04479217529297,-15.705839157104492,0.7852919697761536,0,31.75813102722168
0.34625500440597534,0.09999995678663254,0.0000009129131512963795,0,0.00039337738417088985,0.000012550030078273267,0.009999999776482582,45.90153121948242,-16.497516632080078,0.8248758316040039,0,31.75813102722168
0.3462599813938141,0.09999995678663254,0.0000009148275239567738,0,0.00038287497591227293,0.000012600030458997935,0.009999999776482582,44.31037521362305,-17.213741302490234,0.8606870770454407,0,31.75813102722168
0.3462649881839752,0.09999995678663254,0.0000009166870995613863,0,0.0003719166270457208,0.000012650030839722604,0.009999999776482582,42.2991828918457,-17.836334228515625,0.8918167352676392,0,31.75813102722168
0.34626999497413635,0.09999995678663254,0.0000009184898885905568,0,0.000360561884008348,0.000012700031220447272,0.009999999776482582,39.90316390991211,-18.348535537719727,0.9174267649650574,0,31.75813102722168
0.3462750017642975,0.09999995678663254,0.0000009202342994285573,0,0.0003488810616545379,0.00001275003160117194,0.009999999776482582,37.16426467895508,-18.58213233947754,0.9291066527366638,0,31.75813102722168
0.34627997875213623,0.09999995678663254,0.0000009219195362675237,0,0.00033705151872709394,0.000012800031981896609,0.009999999776482582,34.13043975830078,-17.06521987915039,0.8532609939575195,0,31.75813102722168
0.34628498554229736,0.09999995678663254,0.000000923550487641478,0,0.0003261876408942044,0.000012850032362621278,0.009999999776482582,30.854799270629883,-15.427399635314941,0.771369993686676,0,31.75813102722168
0.3462899923324585,0.09999995678663254,0.0000009251323263015365,0,0.00031636643689125776,0.000012900032743345946,0.009999999776482582,27.394685745239258,-13.697342872619629,0.6848671436309814,0,31.75813102722168
0.34629499912261963,0.09999995678663254,0.0000009266705660593288,0,0.00030764658004045486,0.000012950033124070615,0.009999999776482582,23.810680389404297,-11.905340194702148,0.5952669978141785,0,31.75813102722168
0.34630000591278076,0.09999995678663254,0.000000928170891256741,0,0.000300067535135895,0.000013000033504795283,0.009999999776482582,20.165523529052734,-10.082761764526367,0.5041381120681763,0,31.75813102722168
0.3463049829006195,0.09999995678663254,0.0000009296391567659157,0,0.0002936487435363233,0.000013050033885519952,0.009999999776482582,16.52651596069336,-8.26325798034668,0.4131629168987274,0,31.75813102722168
0.34630998969078064,0.09999995678663254,0.0000009310811037721578,0,0.0002883882843889296,0.00001310003426624462,0.009999999776482582,12.96314811706543,-6.481574058532715,0.3240787088871002,0,31.75813102722168
0.3463149964809418,0.09999995678663254,0.0000009325024166173534,0,0.00028426205972209573,0.000013150034646969289,0.009999999776482582,9.543479919433594,-4.771739959716797,0.23858700692653656,0,31.75813102722168
0.3463200032711029,0.09999995678663254,0.0000009339085522697133,0,0.0002812243183143437,0.000013200035027693957,0.009999999776482582,6.332819938659668,-3.166409969329834,0.15832050144672394,0,31.75813102722168
0.34632498025894165,0.09999995678663254,0.0000009353045697935158,0,0.0002792085288092494,0.000013250035408418626,0.009999999776482582,3.392488718032837,-1.6962443590164185,0.0848122164607048,0,31.75813102722168
0.3463299870491028,0.09999995678663254,0.0000009366951871925266,0,0.00027812866028398275,0.000013300035789143294,0.009999999776482582,0,0,0,0,31.75813102722168
0.3463349938392639,0.09999995678663254,0.0000009380858045915375,0,0.00027812866028398275,0.000013350036169867963,0.009999999776482582,0,0,0,0,31.75813102722168
0.34634000062942505,0.09999995678663254,0.0000009394764219905483,0,0.00027812866028398275,0.000013400036550592631,0.009999999776482582,0,0,0,0,31.75813102722168
0.3463449776172638,0.09999995678663254,0.0000009408670393895591,0,0.00027812866028398275,0.0000134500369313173,0.009999999776482582,0,0,0,0,31.75813102722168
0.3463499844074249,0.09999995678663254,0.0000009422576567885699,0,0.00027812866028398275,0.000013500037312041968,0.009999999776482582,0,0,0,0,31.75813102722168
0.34635499119758606,0.09999995678663254,0.0000009436482741875807,0,0.00027812866028398275,0.000013550037692766637,0.009999999776482582,0,0,0,0,31.75813102722168
0.3463599979877472,0.09999995678663254,0.0000009450388915865915,0,0.00027812866028398275,0.000013600038073491305,0.009999999776482582,0,0,0,0,31.75813102722168
0.3463650047779083,0.09999995678663254,0.0000009464295089856023,0,0.00027812866028398275,0.000013650038454215974,0.009999999776482582,0,0,0,0,31.75813102722168
0.34636998176574707,0.09999995678663254,0.0000009478201263846131,0,0.00027812866028398275,0.000013700038834940642,0.009999999776482582,0,0,0,0,31.75813102722168
0.3463749885559082,0.09999995678663254,0.0000009492107437836239,0,0.00027812866028398275,0.00001375003921566531,0.009999999776482582,0,0,0,0,31.75813102722168
0.34637999534606934,0.09999995678663254,0.0000009506013611826347,0,0.00027812866028398275,0.000013800039596389979,0.009999999776482582,0,0,0,0,31.75813102722168
0.34638500213623047,0.09999995678663254,0.0000009519919785816455,0,0.00027812866028398275,0.000013850039977114648,0.009999999776482582,0,0,0,0,31.75813102722168
0.3463899791240692,0.09999995678663254,0.0000009533825959806563,0,0.00027812866028398275,0.000013900040357839316,0.009999999776482582,4.375776767730713,-0.16668161749839783,0.008334080688655376,0,31.75813102722168
0.34639498591423035,0.09999995678663254,0.0000009547727586323163,0,0.0002780225477181375,0.000013950040738563985,0.009999999776482582,7.417539596557617,-0.33923181891441345,0.016961591318249702,0,31.75813102722168
0.3463999927043915,0.09999995678663254,0.000000956161784415599,0,0.00027780665550380945,0.000014000041119288653,0.009999999776482582,10.708911895751953,-0.5036635398864746,0.0251831766217947,0,31.75813102722168
0.3464049994945526,0.09999995678663254,0.0000009575492185831536,0,0.000277486105915159,0.000014050041500013322,0.009999999776482582,14.187032699584961,-0.6469788551330566,0.03234894201159477,0,31.75813102722168
0.34640997648239136,0.09999995678663254,0.0000009589346063876292,0,0.0002770742867141962,0.00001410004188073799,0.009999999776482582,17.785476684570313,-0.7578831315040588,0.03789415583014488,0,31.75813102722168
0.3464149832725525,0.09999995678663254,0.0000009603176067685126,0,0.0002765919198282063,0.000014150042261462659,0.009999999776482582,21.435514450073242,-0.8274030685424805,0.04137015342712402,0,31.75813102722168
0.3464199900627136,0.09999995678663254,0.0000009616978786652908,0,0.00027606531511992216,0.000014200042642187327,0.009999999776482582,25.06743812561035,-0.8506841659545898,0.04253420978784561,0,31.75813102722168
0.34642499685287476,0.09999995678663254,0.0000009630755357648013,0,0.000275523925665766,0.000014250043022911996,0.009999999776482582,28.616207122802734,-0.8255243897438049,0.041276220232248306,0,31.75813102722168
0.3464300036430359,0.09999995678663254,0.0000009644505780670443,0,0.00027499854331836104,0.000014300043403636664,0.009999999776482582,32.01969528198242,-0.7519100308418274,0.03759550303220749,0,31.75813102722168
0.34643498063087463,0.09999995678663254,0.000000965823232945695,0,0.00027452007634565234,0.000014350043784361333,0.009999999776482582,35.21831512451172,-0.6327283382415771,0.03163641691207886,0,31.75813102722168
0.34643998742103577,0.09999995678663254,0.0000009671938414612669,0,0.0002741175121627748,0.000014400044165086001,0.009999999776482582,38.15606689453125,-0.4736035168170929,0.023680176585912704,0,31.75813102722168
0.3464449942111969,0.09999995678663254,0.0000009685629720479483,0,0.0002738162293098867,0.00001445004454581067,0.009999999776482582,40.78152084350586,-0.2825931906700134,0.014129660092294216,0,31.75813102722168
0.34645000100135803,0.09999995678663254,0.000000969931193139928,0,0.00027363660046830773,0.000014500044926535338,0.009999999776482582,43.0487174987793,-0.06976010650396347,0.0034880053717643023,0,31.75813102722168
0.3464549779891968,0.09999995678663254,0.0000009712991868582321,0,0.0002735924790613353,0.000014550045307260007,0.009999999776482582,44.9179573059082,0.15336118638515472,-0.007668059319257736,0,31.75813102722168
0.3464599847793579,0.09999995678663254,0.0000009726676353238872,0,0.0002736903843469918,0.000014600045687984675,0.009999999776482582,46.35651779174805,0.3743721842765808,-0.01871860958635807,0,31.75813102722168
0.34646499156951904,0.09999995678663254,0.0000009740373343447573,0,0.0002739289775490761,0.000014650046068709344,0.009999999776482582,47.33921432495117,0.5806645154953003,-0.029033226892352104,0,31.75813102722168
0.3464699983596802,0.09999995678663254,0.0000009754088523550308,0,0.0002742989454418421,0.000014700046449434012,0.009999999776482582,47.84884262084961,0.7600870132446289,-0.038004349917173386,0,31.75813102722168
0.3464750051498413,0.09999995678663254,0.0000009767827577888966,0,0.0002747831167653203,0.00001475004683015868,0.009999999776482582,47.87648391723633,0.9015918374061584,-0.04507959261536598,0,31.75813102722168
0.34647998213768005,0.09999995678663254,0.0000009781595053937053,0,0.00027535739354789257,0.00001480004721088335,0.009999999776482582,47.42164611816406,0.9958255887031555,-0.049791280180215836,0,31.75813102722168
0.3464849889278412,0.09999995678663254,0.0000009795394362299703,0,0.0002759916242212057,0.000014850047591608018,0.009999999776482582,46.49230194091797,1.0356377363204956,-0.05178188905119896,0,31.75813102722168
0.3464899957180023,0.09999995678663254,0.0000009809226639845292,0,0.0002766512334346771,0.000014900047972332686,0.009999999776482582,45.10471725463867,1.016479253768921,-0.050823964178562164,0,31.75813102722168
0.34649500250816345,0.09999995678663254,0.000000982309188657382,0,0.0002772986190393567,0.000014950048353057355,0.009999999776482582,43.283180236816406,0.9366717338562012,-0.046833585947752,0,31.75813102722168
0.3464999794960022,0.09999995678663254,0.0000009836986691880156,0,0.00027789518935605884,0.000015000048733782023,0.009999999776482582,41.05958557128906,0.7975319623947144,-0.03987659886479378,0,31.75813102722168
0.34650498628616333,0.09999995678663254,0.000000985090650829079,0,0.00027840316761285067,0.000015050049114506692,0.009999999776482582,38.47285461425781,0.6033470034599304,-0.03016735054552555,0,31.75813102722168
0.34650999307632446,0.09999995678663254,0.0000009864845651463838,0,0.0002787875127978623,0.00001510004949523136,0.009999999776482582,35.56828308105469,0.3612004220485687,-0.018060021102428436,0,31.75813102722168
0.3465149998664856,0.09999995678663254,0.0000009878796163320658,0,0.00027901766588911414,0.000015150049875956029,0.009999999776482582,32.3967170715332,0.08065728098154068,-0.004032864235341549,0,31.75813102722168
0.34651997685432434,0.09999995678663254,0.000000989275008578261,0,0.0002790692378766835,0.000015200050256680697,0.009999999776482582,29.01367950439453,-0.2266758233308792,0.01133379153907299,0,31.75813102722168
0.3465249836444855,0.09999995678663254,0.000000990669605016592,0,0.00027892511570826173,0.000015250050637405366,0.009999999776482582,25.478397369384766,-0.5476937294006348,0.027384687215089798,0,31.75813102722168
0.3465299904346466,0.09999995678663254,0.0000009920624961523572,0,0.0002785766264423728,0.000015300051018130034,0.009999999776482582,21.852764129638672,-0.8684120774269104,0.04342060536146164,0,31.75813102722168
0.34653499722480774,0.09999995678663254,0.0000009934526588040171,0,0.0002780239447019994,0.000015350051398854703,0.009999999776482582,18.2010440826416,-1.1742371320724487,0.058711856603622437,0,31.75813102722168
0.34654000401496887,0.09999995678663254,0.0000009948390697900322,0,0.0002772765001282096,0.00001540005177957937,0.009999999776482582,14.592977523803711,-1.450475811958313,0.07252379506826401,0,31.75813102722168
0.3465449810028076,0.09999995678663254,0.0000009962208196157007,0,0.00027635321021080017,0.00001545005216030404,0.009999999776482582,11.0974760055542,-1.6837239265441895,0.08418619632720947,0,31.75813102722168
0.34654998779296875,0.09999995678663254,0.0000009975972261599964,0,0.0002752813743427396,0.000015500052541028708,0.009999999776482582,7.781296730041504,-1.8625646829605103,0.09312823414802551,0,31.75813102722168
0.3465549945831299,0.09999995678663254,0.0000009989677209887304,0,0.00027409568428993225,0.000015550052921753377,0.009999999776482582,4.7077741622924805,-1.9781620502471924,0.09890810400247574,0,31.75813102722168
0.346560001373291,0.09999995678663254,0.000001000331849354552,0,0.0002728363615460694,0.000015600053302478045,0.009999999776482582,1.9356087446212769,-0.9678043723106384,0.0483902208507061,0,31.75813102722168
0.34656497836112976,0.09999995678663254,0.0000010016929081757553,0,0.00027222023345530033,0.000015650053683202714,0.009999999776482582,0,0,0,0,31.75813102722168
0.3465699851512909,0.09999995678663254,0.0000010030539669969585,0,0.00027222023345530033,0.000015700054063927382,0.009999999776482582,0,0,0,0,31.75813102722168
0.346574991941452,0.09999995678663254,0.0000010044150258181617,0,0.00027222023345530033,0.00001575005444465205,0.009999999776482582,0,0,0,0,31.75813102722168
0.34657999873161316,0.09999995678663254,0.0000010057760846393649,0,0.00027222023345530033,0.00001580005482537672,0.009999999776482582,0,0,0,0,31.75813102722168
0.3465850055217743,0.09999995678663254,0.000001007137143460568,0,0.00027222023345530033,0.000015850055206101388,0.009999999776482582,0,0,0,0,31.75813102722168
0.34658998250961304,0.09999995678663254,0.0000010084982022817712,0,0.00027222023345530033,0.000015900055586826056,0.009999999776482582,0,0,0,0,31.75813102722168
0.34659498929977417,0.09999995678663254,0.0000010098592611029744,0,0.00027222023345530033,0.000015950055967550725,0.009999999776482582,0,0,0,0,31.75813102722168
0.3465999960899353,0.09999995678663254,0.0000010112203199241776,0,0.00027222023345530033,0.000016000056348275393,0.009999999776482582,0,0,0,0,31.75813102722168
0.34660500288009644,0.09999995678663254,0.0000010125813787453808,0,0.00027222023345530033,0.000016050056729000062,0.009999999776482582,0,0,0,0,31.75813102722168
0.3466099798679352,0.09999995678663254,0.000001013942437566584,0,0.00027222023345530033,0.00001610005710972473,0.009999999776482582,0,0,0,0,31.75813102722168
0.3466149866580963,0.09999995678663254,0.0000010153034963877872,0,0.00027222023345530033,0.0000161500574904494,0.009999999776482582,0,0,0,0,31.75813102722168
0.34661999344825745,0.09999995678663254,0.0000010166645552089904,0,0.00027222023345530033,0.000016200057871174067,0.009999999776482582,3.055302381515503,0.18855150043964386,-0.009427575394511223,0,31.75813102722168
0.3466250002384186,0.09999995678663254,0.0000010180262961512199,0,0.0002723403158597648,0.000016250058251898736,0.009999999776482582,5.9610514640808105,0.3366130590438843,-0.016830652952194214,0,31.75813102722168
0.3466299772262573,0.09999995678663254,0.0000010193890602749889,0,0.0002725546364672482,0.000016300058632623404,0.009999999776482582,9.144220352172852,0.44071921706199646,-0.022035961970686913,0,31.75813102722168
0.34663498401641846,0.09999995678663254,0.0000010207531886408105,0,0.00027283525560051203,0.000016350059013348073,0.009999999776482582,12.544013977050781,0.5005643963813782,-0.02502821944653988,0,31.75813102722168
0.3466399908065796,0.09999995678663254,0.0000010221189086223603,0,0.0002731540007516742,0.00001640005939407274,0.009999999776482582,16.095500946044922,0.5190104842185974,-0.02595052495598793,0,31.75813102722168
0.3466449975967407,0.09999995678663254,0.000001023486333906476,0,0.00027348450385034084,0.00001645005977479741,0.009999999776482582,19.730852127075195,0.5019153952598572,-0.02509577013552189,0,31.75813102722168
0.34665000438690186,0.09999995678663254,0.0000010248553508063196,0,0.0002738041803240776,0.000016500060155522078,0.009999999776482582,23.380638122558594,0.4594133794307709,-0.022970668971538544,0,31.75813102722168
0.3466549813747406,0.09999995678663254,0.0000010262258456350537,0,0.0002740967902354896,0.000016550060536246747,0.009999999776482582,26.97679328918457,0.40335848927497864,-0.020167924463748932,0,31.75813102722168
0.34665998816490173,0.09999995678663254,0.0000010275975910190027,0,0.00027435377705842257,0.000016600060916971415,0.009999999776482582,30.456363677978516,0.34478306770324707,-0.017239153385162354,0,31.75813102722168
0.34666499495506287,0.09999995678663254,0.000001028970473271329,0,0.00027457345277071,0.000016650061297696084,0.009999999776482582,33.758426666259766,0.2953968644142151,-0.0147698437795043,0,31.75813102722168
0.346670001745224,0.09999995678663254,0.000001030344265018357,0,0.00027476175455376506,0.000016700061678420752,0.009999999776482582,36.82516860961914,0.26696571707725525,-0.013348286040127277,0,31.75813102722168
0.34667497873306274,0.09999995678663254,0.0000010317189662600867,0,0.00027493195375427604,0.00001675006205914542,0.009999999776482582,39.6029167175293,0.2706838548183441,-0.01353419292718172,0,31.75813102722168
0.3466799855232239,0.09999995678663254,0.0000010330944633096806,0,0.00027510453946888447,0.00001680006243987009,0.009999999776482582,42.04302215576172,0.3165714740753174,-0.0158285740762949,0,31.75813102722168
0.346684992313385,0.09999995678663254,0.000001034470983540814,0,0.00027530634542927146,0.000016850062820594758,0.009999999776482582,44.10277557373047,0.41292834281921387,-0.020646417513489723,0,31.75813102722168
0.34668999910354614,0.09999995678663254,0.0000010358488680139999,0,0.00027556950226426125,0.000016900063201319426,0.009999999776482582,45.74612045288086,0.5658717155456543,-0.028293585404753685,0,31.75813102722168
0.3466950058937073,0.09999995678663254,0.0000010372285714765894,0,0.00027593004051595926,0.000016950063582044095,0.009999999776482582,46.944271087646484,0.7789807915687561,-0.038949038833379745,0,31.75813102722168
0.346699982881546,0.09999995678663254,0.0000010386106623627711,0,0.00027642626082524657,0.000017000063962768763,0.009999999776482582,47.676265716552734,1.0530667304992676,-0.05265333876013756,0,31.75813102722168
0.34670498967170715,0.09999995678663254,0.0000010399961638540844,0,0.00027709698770195246,0.000017050064343493432,0.009999999776482582,47.929283142089844,1.386080265045166,-0.06930401176214218,0,31.75813102722168
0.3467099964618683,0.09999995678663254,0.000001041386099132069,0,0.0002779797068797052,0.0000171000647242181,0.009999999776482582,47.69889831542969,1.7731612920761108,-0.08865806460380554,0,31.75813102722168
0.3467150032520294,0.09999995678663254,0.0000010427816050651018,0,0.00027910887729376554,0.00001715006510494277,0.009999999776482582,46.9891357421875,2.2068288326263428,-0.11034144461154938,0,31.75813102722168
0.34671998023986816,0.09999995678663254,0.0000010441841595820733,0,0.0002805141266435385,0.000017200065485667437,0.009999999776482582,45.81242752075195,2.6773014068603516,-0.13386507332324982,0,31.75813102722168
0.3467249870300293,0.09999995678663254,0.000001045595240611874,0,0.0002822188544087112,0.000017250065866392106,0.009999999776482582,44.18937301635742,3.172933340072632,-0.15864667296409607,0,31.75813102722168
0.34672999382019043,0.09999995678663254,0.000001047016439770232,0,0.0002842391259036958,0.000017300066247116774,0.009999999776482582,42.14838790893555,3.6807432174682617,-0.18403716385364532,0,31.75813102722168
0.34673500061035156,0.09999995678663254,0.0000010484493486728752,0,0.00028658262453973293,0.000017350066627841443,0.009999999776482582,39.72520065307617,4.187010765075684,-0.20935054123401642,0,31.75813102722168
0.3467399775981903,0.09999995678663254,0.0000010498955589355319,0,0.0002892484189942479,0.00001740006700856611,0.009999999776482582,36.96223831176758,4.67791223526001,-0.23389561474323273,0,31.75813102722168
0.34674498438835144,0.09999995678663254,0.00000105135666217393,0,0.0002922267303802073,0.00001745006738929078,0.009999999776482582,33.907867431640625,5.140158653259277,-0.2570079267024994,0,31.75813102722168
0.3467499911785126,0.09999995678663254,0.0000010528341363169602,0,0.00029549928149208426,0.00001750006777001545,0.009999999776482582,30.61556625366211,5.561614036560059,-0.27808070182800293,0,31.75813102722168
0.3467549979686737,0.09999995678663254,0.000001054329345606675,0,0.0002990401117131114,0.000017550068150740117,0.009999999776482582,27.142969131469727,5.931850433349609,-0.2965925335884094,0,31.75813102722168
0.34676000475883484,0.09999995678663254,0.0000010558434269114514,0,0.00030281662475317717,0.000017600068531464785,0.009999999776482582,23.550870895385742,6.242625713348389,-0.31213128566741943,0,31.75813102722168
0.3467649817466736,0.09999995678663254,0.0000010573774034128292,0,0.0003067909856326878,0.000017650068912189454,0.009999999776482582,19.902162551879883,6.488248825073242,-0.32441243529319763,0,31.75813102722168
0.3467699885368347,0.09999995678663254,0.0000010589319572318345,0,0.000310921692289412,0.000017700069292914122,0.009999999776482582,16.264610290527344,6.663874626159668,-0.33319374918937683,0,31.75813102722168
0.34677499532699585,0.09999995678663254,0.0000010605077704894939,0,0.0003151641576550901,0.00001775006967363879,0.009999999776482582,12.707690238952637,6.353845119476318,-0.31769225001335144,0,31.75813102722168
0.346780002117157,0.09999995678663254,0.0000010621038200042676,0,0.0003192092408426106,0.00001780007005436346,0.009999999776482582,9.299331665039063,4.649665832519531,-0.23248329758644104,0,31.75813102722168
0.3467849791049957,0.09999995678663254,0.0000010637146488079452,0,0.000322169391438365,0.000017850070435088128,0.009999999776482582,6.104631423950195,3.0523157119750977,-0.15261578559875488,0,31.75813102722168
0.34678998589515686,0.09999995678663254,0.0000010653352546796668,0,0.0003241125959903002,0.000017900070815812796,0.009999999776482582,3.184601306915283,1.5923006534576416,-0.0796150341629982,0,31.75813102722168
0.346794992685318,0.09999995678663254,0.0000010669608627722482,0,0.0003251262824051082,0.000017950071196537465,0.009999999776482582,0,0,0,0,31.75813102722168
0.3467999994754791,0.09999995678663254,0.0000010685864708648296,0,0.0003251262824051082,0.000018000071577262133,0.009999999776482582,0,0,0,0,31.75813102722168
0.34680497646331787,0.09999995678663254,0.000001070212078957411,0,0.0003251262824051082,0.000018050071957986802,0.009999999776482582,0,0,0,0,31.75813102722168
0.346809983253479,0.09999995678663254,0.0000010718376870499924,0,0.0003251262824051082,0.00001810007233871147,0.009999999776482582,0,0,0,0,31.75813102722168
0.34681499004364014,0.09999995678663254,0.0000010734632951425738,0,0.0003251262824051082,0.00001815007271943614,0.009999999776482582,0,0,0,0,31.75813102722168
0.34681999683380127,0.09999995678663254,0.0000010750889032351552,0,0.0003251262824051082,0.000018200073100160807,0.009999999776482582,0,0,0,0,31.75813102722168
0.3468250036239624,0.09999995678663254,0.0000010767145113277365,0,0.0003251262824051082,0.000018250073480885476,0.009999999776482582,0,0,0,0,31.75813102722168
0.34682998061180115,0.09999995678663254,0.000001078340119420318,0,0.0003251262824051082,0.000018300073861610144,0.009999999776482582,0,0,0,0,31.75813102722168
0.3468349874019623,0.09999995678663254,0.0000010799657275128993,0,0.0003251262824051082,0.000018350074242334813,0.009999999776482582,0,0,0,0,31.75813102722168
0.3468399941921234,0.09999995678663254,0.0000010815913356054807,0,0.0003251262824051082,0.00001840007462305948,0.009999999776482582,0,0,0,0,31.75813102722168
0.34684500098228455,0.09999995678663254,0.000001083216943698062,0,0.0003251262824051082,0.00001845007500378415,0.009999999776482582,0,0,0,0,31.75813102722168
0.3468499779701233,0.09999995678663254,0.0000010848425517906435,0,0.0003251262824051082,0.00001850007538450882,0.009999999776482582,0,0,0,0,31.75813102722168
0.3468549847602844,0.09999995678663254,0.0000010864681598832249,0,0.0003251262824051082,0.000018550075765233487,0.009999999776482582,4.573999404907227,0.592013418674469,-0.02960067056119442,0,31.75813102722168
0.34685999155044556,0.09999995678663254,0.0000010880957006520475,0,0.0003255031770095229,0.000018600076145958155,0.009999999776482582,7.637355804443359,1.224297285079956,-0.0612148642539978,0,31.75813102722168
0.3468649983406067,0.09999995678663254,0.0000010897271067733527,0,0.00032628263579681516,0.000018650076526682824,0.009999999776482582,10.946106910705566,1.882131814956665,-0.09410659223794937,0,31.75813102722168
0.3468700051307678,0.09999995678663254,0.0000010913645382970572,0,0.0003274808987043798,0.000018700076907407492,0.009999999776482582,14.437063217163086,2.5500242710113525,-0.1275012195110321,0,31.75813102722168
0.34687498211860657,0.09999995678663254,0.0000010930100415862398,0,0.0003291043685749173,0.00001875007728813216,0.009999999776482582,18.043548583984375,3.212444543838501,-0.1606222242116928,0,31.75813102722168
0.3468799889087677,0.09999995678663254,0.0000010946657766908174,0,0.0003311496111564338,0.00001880007766885683,0.009999999776482582,21.696687698364258,3.8545594215393066,-0.1927279680967331,0,31.75813102722168
0.34688499569892883,0.09999995678663254,0.000001096333789973869,0,0.0003336036461405456,0.000018850078049581498,0.009999999776482582,25.32670783996582,4.463104248046875,-0.223155215382576,0,31.75813102722168
0.34689000248908997,0.09999995678663254,0.0000010980160141116357,0,0.00033644511131569743,0.000018900078430306166,0.009999999776482582,28.869020462036133,5.027767658233643,-0.25138840079307556,0,31.75813102722168
0.3468949794769287,0.09999995678663254,0.0000010997142680935212,0,0.00033964606700465083,0.000018950078811030835,0.009999999776482582,32.26161193847656,5.5399675369262695,-0.276998370885849,0,31.75813102722168
0.34689998626708984,0.09999995678663254,0.0000011014301435352536,0,0.0003431731602177024,0.000019000079191755503,0.009999999776482582,35.44508743286133,5.993687152862549,-0.2996843755245209,0,31.75813102722168
0.346904993057251,0.09999995678663254,0.0000011031651183657232,0,0.0003469891380518675,0.000019050079572480172,0.009999999776482582,38.36371612548828,6.3856658935546875,-0.31928330659866333,0,31.75813102722168
0.3469099998474121,0.09999995678663254,0.000001104920443140145,0,0.0003510546521283686,0.00001910007995320484,0.009999999776482582,40.96639633178711,6.715451717376709,-0.3357726037502289,0,31.75813102722168
0.34691497683525085,0.09999995678663254,0.0000011066971410400583,0,0.0003553301212377846,0.00001915008033392951,0.009999999776482582,43.20756149291992,6.985313415527344,-0.3492656648159027,0,31.75813102722168
0.346919983625412,0.09999995678663254,0.0000011084960078733275,0,0.0003597774193622172,0.000019200080714654177,0.009999999776482582,45.047977447509766,7.200019359588623,-0.36000096797943115,0,31.75813102722168
0.3469249904155731,0.09999995678663254,0.0000011103178394478164,0,0.0003643614472821355,0.000019250081095378846,0.009999999776482582,46.45542526245117,7.366492748260498,-0.3683246374130249,0,31.75813102722168
0.34692999720573425,0.09999995678663254,0.000001112163090510876,0,0.0003690514131449163,0.000019300081476103514,0.009999999776482582,47.40526580810547,7.4933624267578125,-0.3746681213378906,0,31.75813102722168
0.3469350039958954,0.09999995678663254,0.000001114032215809857,0,0.000373822171241045,0.000019350081856828183,0.009999999776482582,47.88086700439453,7.5904340744018555,-0.3795216977596283,0,31.75813102722168
0.34693998098373413,0.09999995678663254,0.000001115925442718435,0,0.0003786547458730638,0.00001940008223755285,0.009999999776482582,47.873905181884766,7.6681036949157715,-0.3834051787853241,0,31.75813102722168
0.34694498777389526,0.09999995678663254,0.0000011178431122971233,0,0.00038353673880919814,0.00001945008261827752,0.009999999776482582,47.38449478149414,7.736750602722168,-0.38683754205703735,0,31.75813102722168
0.3469499945640564,0.09999995678663254,0.0000011197854519195971,0,0.0003884624456986785,0.00001950008299900219,0.009999999776482582,46.42121124267578,7.806134223937988,-0.3903067111968994,0,31.75813102722168
0.34695500135421753,0.09999995678663254,0.0000011217525752726942,0,0.00039343233220279217,0.000019550083379726857,0.009999999776482582,45.00091552734375,7.884829998016357,-0.3942415118217468,0,31.75813102722168
0.3469599783420563,0.09999995678663254,0.0000011237448234169278,0,0.0003984522772952914,0.000019600083760451525,0.009999999776482582,43.148475646972656,7.979732036590576,-0.3989866077899933,0,31.75813102722168
0.3469649851322174,0.09999995678663254,0.000001125762537412811,0,0.00040353264193981886,0.000019650084141176194,0.009999999776482582,40.89631652832031,8.095646858215332,-0.40478235483169556,0,31.75813102722168
0.34696999192237854,0.09999995678663254,0.0000011278059446340194,0,0.00040868681389838457,0.000019700084521900862,0.009999999776482582,38.283870697021484,8.234999656677246,-0.4117499887943268,0,31.75813102722168
0.3469749987125397,0.09999995678663254,0.0000011298756135147414,0,0.0004139296361245215,0.00001975008490262553,0.009999999776482582,35.35687255859375,8.397668838500977,-0.41988345980644226,0,31.75813102722168
0.3469800055027008,0.09999995678663254,0.000001131971998802328,0,0.0004192760097794235,0.0000198000852833502,0.009999999776482582,32.166568756103516,8.580958366394043,-0.42904791235923767,0,31.75813102722168
0.34698498249053955,0.09999995678663254,0.0000011340956689309678,0,0.00042473903158679605,0.000019850085664074868,0.009999999776482582,28.76880645751953,8.779702186584473,-0.43898510932922363,0,31.75813102722168
0.3469899892807007,0.09999995678663254,0.0000011362473060216871,0,0.0004303285968489945,0.000019900086044799536,0.009999999776482582,25.223072052001953,8.986509323120117,-0.44932547211647034,0,31.75813102722168
0.3469949960708618,0.09999995678663254,0.0000011384275921955123,0,0.0004360497696325183,0.000019950086425524205,0.009999999776482582,21.591440200805664,9.192124366760254,-0.45960623025894165,0,31.75813102722168
0.34700000286102295,0.09999995678663254,0.0000011406370958866319,0,0.00044190179323777556,0.000020000086806248873,0.009999999776482582,17.938695907592773,8.969347953796387,-0.4484674036502838,0,31.75813102722168
0.3470049798488617,0.09999995678663254,0.0000011428751349740196,0,0.0004476119647733867,0.000020050087186973542,0.009999999776482582,14.334602355957031,7.167301177978516,-0.3583650588989258,0,31.75813102722168
0.3470099866390228,0.09999995678663254,0.0000011451360251157894,0,0.00045217492152005434,0.00002010008756769821,0.009999999776482582,10.847990036010742,5.423995018005371,-0.2711997628211975,0,31.75813102722168
0.34701499342918396,0.09999995678663254,0.0000011474141956568928,0,0.0004556280327960849,0.00002015008794842288,0.009999999776482582,7.5454487800598145,3.7727243900299072,-0.18863622844219208,0,31.75813102722168
0.3470200002193451,0.09999995678663254,0.000001149704303315957,0,0.0004580298555083573,0.000020200088329147547,0.009999999776482582,4.490052223205566,2.245026111602783,-0.11225130409002304,0,31.75813102722168
0.34702497720718384,0.09999995678663254,0.0000011520015732457978,0,0.0004594591446220875,0.000020250088709872216,0.009999999776482582,0,0,0,0,31.75813102722168
0.34702998399734497,0.09999995678663254,0.0000011542988431756385,0,0.0004594591446220875,0.000020300089090596884,0.009999999776482582,0,0,0,0,31.75813102722168
0.3470349907875061,0.09999995678663254,0.0000011565961131054792,0,0.0004594591446220875,0.000020350089471321553,0.009999999776482582,0,0,0,0,31.75813102722168
0.34703999757766724,0.09999995678663254,0.0000011588933830353199,0,0.0004594591446220875,0.00002040008985204622,0.009999999776482582,0,0,0,0,31.75813102722168
0.34704500436782837,0.09999995678663254,0.0000011611906529651606,0,0.0004594591446220875,0.00002045009023277089,0.009999999776482582,0,0,0,0,31.75813102722168
0.3470499813556671,0.09999995678663254,0.0000011634879228950012,0,0.0004594591446220875,0.00002050009061349556,0.009999999776482582,0,0,0,0,31.75813102722168
0.34705498814582825,0.09999995678663254,0.000001165785192824842,0,0.0004594591446220875,0.000020550090994220227,0.009999999776482582,0,0,0,0,31.75813102722168
0.3470599949359894,0.09999995678663254,0.0000011680824627546826,0,0.0004594591446220875,0.000020600091374944896,0.009999999776482582,0,0,0,0,31.75813102722168
0.3470650017261505,0.09999995678663254,0.0000011703797326845233,0,0.0004594591446220875,0.000020650091755669564,0.009999999776482582,0,0,0,0,31.75813102722168
0.34706997871398926,0.09999995678663254,0.000001172677002614364,0,0.0004594591446220875,0.000020700092136394233,0.009999999776482582,0,0,0,0,31.75813102722168
0.3470749855041504,0.09999995678663254,0.0000011749742725442047,0,0.0004594591446220875,0.0000207500925171189,0.009999999776482582,0,0,0,0,31.75813102722168
0.3470799922943115,0.09999995678663254,0.0000011772715424740454,0,0.0004594591446220875,0.00002080009289784357,0.009999999776482582,0,0,0,0,31.75813102722168
0.34708499908447266,0.09999995678663254,0.0000011795688124038861,0,0.0004594591446220875,0.000020850093278568238,0.009999999776482582,3.2627627849578857,0.03552824631333351,-0.0017764123622328043,0,31.75813102722168
0.3470900058746338,0.09999995678663254,0.0000011818661960205645,0,0.0004594817874021828,0.000020900093659292907,0.009999999776482582,6.191539287567139,0.12090139836072922,-0.006045070011168718,0,31.75813102722168
0.34709498286247253,0.09999995678663254,0.0000011841640343845938,0,0.00045955879613757133,0.000020950094040017575,0.009999999776482582,9.393314361572266,0.26399004459381104,-0.013199502602219582,0,31.75813102722168
0.34709998965263367,0.09999995678663254,0.0000011864626685564872,0,0.00045972695806995034,0.000021000094420742244,0.009999999776482582,12.806939125061035,0.47035840153694153,-0.023517919704318047,0,31.75813102722168
0.3471049964427948,0.09999995678663254,0.000001188762780657271,0,0.00046002649469301105,0.000021050094801466912,0.009999999776482582,16.367218017578125,0.7428755164146423,-0.037143778055906296,0,31.75813102722168
0.34711000323295593,0.09999995678663254,0.0000011910652801816468,0,0.0004604995483532548,0.00002110009518219158,0.009999999776482582,20.006153106689453,1.081467866897583,-0.05407339334487915,0,31.75813102722168
0.3471149802207947,0.09999995678663254,0.0000011933711903111544,0,0.00046118820318952203,0.00002115009556291625,0.009999999776482582,23.65424919128418,1.4830312728881836,-0.07415156811475754,0,31.75813102722168
0.3471199870109558,0.09999995678663254,0.0000011956818752878462,0,0.0004621325060725212,0.000021200095943640918,0.009999999776482582,27.243906021118164,1.940433382987976,-0.0970216691493988,0,31.75813102722168
0.34712499380111694,0.09999995678663254,0.000001197998699353775,0,0.00046336802188307047,0.000021250096324365586,0.009999999776482582,30.712282180786133,2.4454052448272705,-0.12227026373147964,0,31.75813102722168
0.3471300005912781,0.09999995678663254,0.0000012003233678115066,0,0.0004649250768125057,0.000021300096705090255,0.009999999776482582,33.998661041259766,2.9875314235687256,-0.14937657117843628,0,31.75813102722168
0.3471349775791168,0.09999995678663254,0.0000012026574722767691,0,0.0004668272449634969,0.000021350097085814923,0.009999999776482582,37.04549789428711,3.5546791553497314,-0.17773395776748657,0,31.75813102722168
0.34713998436927795,0.09999995678663254,0.0000012050029454258038,0,0.0004690905334427953,0.00002140009746653959,0.009999999776482582,39.79945755004883,4.133512496948242,-0.20667563378810883,0,31.75813102722168
0.3471449911594391,0.09999995678663254,0.0000012073616062480141,0,0.0004717223346233368,0.00002145009784726426,0.009999999776482582,42.21232604980469,4.710065841674805,-0.23550330102443695,0,31.75813102722168
0.3471499979496002,0.09999995678663254,0.000001209735160045966,0,0.00047472119331359863,0.00002150009822798893,0.009999999776482582,44.241859436035156,5.270349502563477,-0.26351746916770935,0,31.75813102722168
0.34715500473976135,0.09999995678663254,0.0000012121255394959007,0,0.0004780767485499382,0.000021550098608713597,0.009999999776482582,45.8525276184082,5.800956726074219,-0.29004785418510437,0,31.75813102722168
0.3471599817276001,0.09999995678663254,0.0000012145343362135463,0,0.00048177014105021954,0.000021600098989438266,0.009999999776482582,47.01612854003906,6.28964376449585,-0.314482182264328,0,31.75813102722168
0.34716498851776123,0.09999995678663254,0.0000012169632555014687,0,0.00048577459529042244,0.000021650099370162934,0.009999999776482582,47.71229934692383,6.725851058959961,-0.336292564868927,0,31.75813102722168
0.34716999530792236,0.09999995678663254,0.0000012194135479148827,0,0.0004900567582808435,0.000021700099750887603,0.009999999776482582,47.9288444519043,7.101144313812256,-0.3550572097301483,0,31.75813102722168
0.3471750020980835,0.09999995678663254,0.0000012218864640090032,0,0.0004945778637193143,0.00002175010013161227,0.009999999776482582,47.66197204589844,7.409552097320557,-0.3704776167869568,0,31.75813102722168
0.34717997908592224,0.09999995678663254,0.0000012243829132785322,0,0.0004992953618057072,0.00002180010051233694,0.009999999776482582,46.91636276245117,7.647780895233154,-0.38238903880119324,0,31.75813102722168
0.3471849858760834,0.09999995678663254,0.0000012269036915313336,0,0.0005041644326411188,0.000021850100893061608,0.009999999776482582,45.70506286621094,7.815301895141602,-0.39076510071754456,0,31.75813102722168
0.3471899926662445,0.09999995678663254,0.000001229449367201596,0,0.0005091401399113238,0.000021900101273786277,0.009999999776482582,44.04927444458008,7.914302349090576,-0.3957151174545288,0,31.75813102722168
0.34719499945640564,0.09999995678663254,0.0000012320202813498327,0,0.000514178944285959,0.000021950101654510945,0.009999999776482582,41.97799301147461,7.94950532913208,-0.3974752724170685,0,31.75813102722168
0.3471999764442444,0.09999995678663254,0.0000012346164339760435,0,0.000519240100402385,0.000022000102035235614,0.009999999776482582,39.52748107910156,7.927868843078613,-0.39639344811439514,0,31.75813102722168
0.3472049832344055,0.09999995678663254,0.0000012372378250802285,0,0.0005242874030955136,0.000022050102415960282,0.009999999776482582,36.74063491821289,7.85817813873291,-0.39290890097618103,0,31.75813102722168
0.34720999002456665,0.09999995678663254,0.0000012398842272887123,0,0.0005292903515510261,0.00002210010279668495,0.009999999776482582,33.66624450683594,7.750550270080566,-0.3875275254249573,0,31.75813102722168
0.3472149968147278,0.09999995678663254,0.0000012425552995409817,0,0.0005342247313819826,0.00002215010317740962,0.009999999776482582,30.358129501342773,7.61588191986084,-0.38079410791397095,0,31.75813102722168
0.3472200036048889,0.09999995678663254,0.0000012452507007765234,0,0.0005390734295360744,0.000022200103558134288,0.009999999776482582,26.874210357666016,7.465262413024902,-0.3732631206512451,0,31.75813102722168
0.34722498059272766,0.09999995678663254,0.000001247969862561149,0,0.0005438262014649808,0.000022250103938858956,0.009999999776482582,23.275480270385742,7.309385299682617,-0.3654692769050598,0,31.75813102722168
0.3472299873828888,0.09999995678663254,0.0000012507122164606699,0,0.0005484796711243689,0.000022300104319583625,0.009999999776482582,19.624940872192383,7.157986640930176,-0.35789933800697327,0,31.75813102722168
0.3472349941730499,0.09999995678663254,0.0000012534774214145727,0,0.0005530367488972843,0.000022350104700308293,0.009999999776482582,15.990833282470703,7.021340847015381,-0.35106703639030457,0,31.75813102722168
0.34724000096321106,0.09999995678663254,0.000001256264908988669,0,0.0005575067480094731,0.00002240010508103296,0.009999999776482582,12.442564964294434,6.221282482147217,-0.31106412410736084,0,31.75813102722168
0.3472449779510498,0.09999995678663254,0.0000012590722917593666,0,0.0005614674300886691,0.00002245010546175763,0.009999999776482582,9.04790210723877,4.523951053619385,-0.22619755566120148,0,31.75813102722168
0.34724998474121094,0.09999995678663254,0.0000012618939990716171,0,0.0005643475451506674,0.0000225001058424823,0.009999999776482582,5.871678829193115,2.9358394145965576,-0.1467919796705246,0,31.75813102722168
0.34725499153137207,0.09999995678663254,0.0000012647250287045608,0,0.0005662165931425989,0.000022550106223206967,0.009999999776482582,2.974555253982544,1.487277626991272,-0.07436387985944748,0,31.75813102722168
0.3472599983215332,0.09999995678663254,0.0000012675608331846888,0,0.0005671633989550173,0.000022600106603931636,0.009999999776482582,0,0,0,0,31.75813102722168
0.34726500511169434,0.09999995678663254,0.0000012703966376648168,0,0.0005671633989550173,0.000022650106984656304,0.009999999776482582,0,0,0,0,31.75813102722168
0.3472699820995331,0.09999995678663254,0.0000012732324421449448,0,0.0005671633989550173,0.000022700107365380973,0.009999999776482582,0,0,0,0,31.75813102722168
0.3472749888896942,0.09999995678663254,0.0000012760682466250728,0,0.0005671633989550173,0.00002275010774610564,0.009999999776482582,0,0,0,0,31.75813102722168
0.34727999567985535,0.09999995678663254,0.0000012789040511052008,0,0.0005671633989550173,0.00002280010812683031,0.009999999776482582,0,0,0,0,31.75813102722168
0.3472850024700165,0.09999995678663254,0.0000012817398555853288,0,0.0005671633989550173,0.000022850108507554978,0.009999999776482582,0,0,0,0,31.75813102722168
0.3472899794578552,0.09999995678663254,0.0000012845756600654568,0,0.0005671633989550173,0.000022900108888279647,0.009999999776482582,0,0,0,0,31.75813102722168
0.34729498624801636,0.09999995678663254,0.0000012874114645455847,0,0.0005671633989550173,0.000022950109269004315,0.009999999776482582,0,0,0,0,31.75813102722168
0.3472999930381775,0.09999995678663254,0.0000012902472690257127,0,0.0005671633989550173,0.000023000109649728984,0.009999999776482582,0,0,0,0,31.75813102722168
0.3473049998283386,0.09999995678663254,0.0000012930830735058407,0,0.0005671633989550173,0.000023050110030453652,0.009999999776482582,0,0,0,0,31.75813102722168
0.34730997681617737,0.09999995678663254,0.0000012959188779859687,0,0.0005671633989550173,0.00002310011041117832,0.009999999776482582,0,0,0,0,31.75813102722168
0.3473149836063385,0.09999995678663254,0.0000012987546824660967,0,0.0005671633989550173,0.00002315011079190299,0.009999999776482582,2.0069892406463623,0.10216838121414185,-0.005108419340103865,0,31.75813102722168
0.34731999039649963,0.09999995678663254,0.0000013015908280067379,0,0.0005672284751199186,0.000023200111172627658,0.009999999776482582,4.788670063018799,0.16612689197063446,-0.008306344971060753,0,31.75813102722168
0.34732499718666077,0.09999995678663254,0.0000013044275419815676,0,0.0005673342966474593,0.000023250111553352326,0.009999999776482582,7.870131015777588,0.19448409974575043,-0.009724205359816551,0,31.75813102722168
0.3473300039768219,0.09999995678663254,0.000001307264824390586,0,0.0005674581625498831,0.000023300111934076995,0.009999999776482582,11.192520141601563,0.19274871051311493,-0.009637435898184776,0,31.75813102722168
0.34733498096466064,0.09999995678663254,0.000001310102675233793,0,0.0005675809807144105,0.000023350112314801663,0.009999999776482582,14.692383766174316,0.1689731776714325,-0.00844865944236517,0,31.75813102722168
0.3473399877548218,0.09999995678663254,0.0000013129410945111886,0,0.0005676886648871005,0.00002340011269552633,0.009999999776482582,18.302881240844727,0.1332504153251648,-0.006662521045655012,0,31.75813102722168
0.3473449945449829,0.09999995678663254,0.000001315779968535935,0,0.0005677736480720341,0.000023450113076251,0.009999999776482582,21.955053329467773,0.09709344804286957,-0.004854672588407993,0,31.75813102722168
0.34735000133514404,0.09999995678663254,0.0000013186191836211947,0,0.0005678356974385679,0.00002350011345697567,0.009999999776482582,25.579151153564453,0.0738491490483284,-0.00369245745241642,0,31.75813102722168
0.3473549783229828,0.09999995678663254,0.0000013214586260801298,0,0.0005678829620592296,0.000023550113837700337,0.009999999776482582,29.111101150512695,0.07492861896753311,-0.0037464310880750418,0,31.75813102722168
0.3473599851131439,0.09999995678663254,0.0000013242982959127403,0,0.0005679309251718223,0.000023600114218425006,0.009999999776482582,32.489070892333984,0.11068079620599747,-0.005534039810299873,0,31.75813102722168
0.34736499190330505,0.09999995678663254,0.000001327138306805864,0,0.0005680017056874931,0.000023650114599149674,0.009999999776482582,35.6539192199707,0.1901092529296875,-0.00950546283274889,0,31.75813102722168
0.3473699986934662,0.09999995678663254,0.0000013299788861331763,0,0.0005681230104528368,0.000023700114979874343,0.009999999776482582,38.55023956298828,0.32034263014793396,-0.016017131507396698,0,31.75813102722168
0.3473750054836273,0.09999995678663254,0.000001332820488642028,0,0.000568327319342643,0.00002375011536059901,0.009999999776482582,41.1273307800293,0.5061966180801392,-0.025309830904006958,0,31.75813102722168
0.34737998247146606,0.09999995678663254,0.000001335663682766608,0,0.0005686499061994255,0.00002380011574132368,0.009999999776482582,43.340065002441406,0.7498502731323242,-0.03749251365661621,0,31.75813102722168
0.3473849892616272,0.09999995678663254,0.00000133850926431478,0,0.0005691276746802032,0.000023850116122048348,0.009999999776482582,45.14971160888672,1.0506538152694702,-0.05253269150853157,0,31.75813102722168
0.34738999605178833,0.09999995678663254,0.0000013413582564680837,0,0.0005697969463653862,0.000023900116502773017,0.009999999776482582,46.52458572387695,1.4050790071487427,-0.07025395333766937,0,31.75813102722168
0.34739500284194946,0.09999995678663254,0.0000013442116824080586,0,0.0005706918309442699,0.000023950116883497685,0.009999999776482582,47.44062042236328,1.8068119287490845,-0.09034059941768646,0,31.75813102722168
0.3473999798297882,0.09999995678663254,0.0000013470709063767572,0,0.0005718424799852073,0.000024000117264222354,0.009999999776482582,47.881771087646484,2.246987819671631,-0.11234939098358154,0,31.75813102722168
0.34740498661994934,0.09999995678663254,0.0000013499372926162323,0,0.0005732733407057822,0.000024050117644947022,0.009999999776482582,47.8403205871582,2.714554786682129,-0.13572774827480316,0,31.75813102722168
0.3474099934101105,0.09999995678663254,0.0000013528123190553742,0,0.0005750018754042685,0.00002410011802567169,0.009999999776482582,47.31698989868164,3.1967480182647705,-0.15983740985393524,0,31.75813102722168
0.3474150002002716,0.09999995678663254,0.0000013556974636230734,0,0.0005770373973064125,0.00002415011840639636,0.009999999776482582,46.32094955444336,3.6796531677246094,-0.18398265540599823,0,31.75813102722168
0.34741997718811035,0.09999995678663254,0.000001358594317935058,0,0.0005793803720735013,0.000024200118787121028,0.009999999776482582,44.869625091552734,4.148828983306885,-0.20744144916534424,0,31.75813102722168
0.3474249839782715,0.09999995678663254,0.0000013615044736070558,0,0.0005820219521410763,0.000024250119167845696,0.009999999776482582,42.98843765258789,4.589961528778076,-0.22949807345867157,0,31.75813102722168
0.3474299907684326,0.09999995678663254,0.0000013644291811942821,0,0.0005849444423802197,0.000024300119548570365,0.009999999776482582,40.71030807495117,4.989511489868164,-0.24947558343410492,0,31.75813102722168
0.34743499755859375,0.09999995678663254,0.0000013673698049387895,0,0.0005881211836822331,0.000024350119929295033,0.009999999776482582,38.075130462646484,5.335330009460449,-0.2667665183544159,0,31.75813102722168
0.3474400043487549,0.09999995678663254,0.0000013703273680221173,0,0.0005915180663578212,0.000024400120310019702,0.009999999776482582,35.1290283203125,5.617208480834961,-0.28086042404174805,0,31.75813102722168
0.34744498133659363,0.09999995678663254,0.0000013733028936258052,0,0.0005950943450443447,0.00002445012069074437,0.009999999776482582,31.923587799072266,5.827332973480225,-0.29136666655540466,0,31.75813102722168
0.34744998812675476,0.09999995678663254,0.0000013762969501840416,0,0.0005988043849356472,0.00002450012107146904,0.009999999776482582,28.514921188354492,5.96062707901001,-0.29803135991096497,0,31.75813102722168
0.3474549949169159,0.09999995678663254,0.0000013793099924441776,0,0.0006025992915965617,0.000024550121452193707,0.009999999776482582,24.962709426879883,6.014960289001465,-0.3007480204105377,0,31.75813102722168
0.347460001707077,0.09999995678663254,0.0000013823421340930508,0,0.0006064287736080587,0.000024600121832918376,0.009999999776482582,21.329133987426758,5.991213798522949,-0.29956069588661194,0,31.75813102722168
0.34746497869491577,0.09999995678663254,0.0000013853933751306613,0,0.0006102431216277182,0.000024650122213643044,0.009999999776482582,17.679431915283203,5.893258571624756,-0.2946629226207733,0,31.75813102722168
0.3474699854850769,0.09999995678663254,0.0000013884633744964958,0,0.0006139950710348785,0.000024700122594367713,0.009999999776482582,14.083304405212402,5.728186130523682,-0.28640931844711304,0,31.75813102722168
0.34747499227523804,0.09999995678663254,0.0000013915515637563658,0,0.000617641897406429,0.00002475012297509238,0.009999999776482582,10.609435081481934,5.304717540740967,-0.26523587107658386,0,31.75813102722168
0.34747999906539917,0.09999995678663254,0.0000013946566923550563,0,0.0006210191058926284,0.00002480012335581705,0.009999999776482582,7.324167728424072,3.662083864212036,-0.18310420215129852,0,31.75813102722168
0.3474850058555603,0.09999995678663254,0.0000013977734170111944,0,0.0006233505555428565,0.000024850123736541718,0.009999999776482582,4.290246486663818,2.145123243331909,-0.10725616663694382,0,31.75813102722168
0.34748998284339905,0.09999995678663254,0.0000014008969628775958,0,0.0006247162236832082,0.000024900124117266387,0.009999999776482582,0,0,0,0,31.75813102722168
0.3474949896335602,0.09999995678663254,0.0000014040205087439972,0,0.0006247162236832082,0.000024950124497991055,0.009999999776482582,0,0,0,0,31.75813102722168
0.3474999964237213,0.09999995678663254,0.0000014071440546103986,0,0.0006247162236832082,0.000025000124878715724,0.009999999776482582,0,0,0,0,31.75813102722168
