Timestamp,X Position,Y Position,X Velocity,Y Velocity,Rotation,Rotation Velocity,Data1,Data2,Data3,Data4,FPS
0.10799999535083771,0.09999997168779373,0,0,0,0,0,0,0,0,0,119.83223724365234
0.10800499469041824,0.09999997913837433,0.000000004999999969612645,0.0010000000474974513,0.0010000000474974513,0,0,27.499996185302734,-27.5,1.375,0,25.01438331604004
0.10800999402999878,0.09999998658895493,0.00000000999999993922529,0.0010000000474974513,0.0010000000474974513,0,0,50.1096076965332,-50.10961151123047,2.5091278553009033,0,25.01438331604004
0.10801500082015991,0.09999999403953552,0.000000014999999464748726,0.0010000000474974513,0.0010000000474974513,0,0,69.99368286132813,-69.99368286132813,3.5135414600372314,0,25.01438331604004
0.10802000015974045,0.10000000149011612,0.00000001999999987845058,0.0010000000474974513,0.0010000000474974513,0,0,88.00489807128906,-88.00489044189453,4.433281898498535,0,25.01438331604004
0.10802499949932098,0.10000000894069672,0.000000025000000292152436,0.0010000000474974513,0.0010000000474974513,0,0,101.91838073730469,-101.91836547851563,5.159113883972168,0,25.01438331604004
0.10802999883890152,0.10000001639127731,0.00000002999999892949745,0.0010000000474974513,0.0010000000474974513,0,0,111.16151428222656,-111.16148376464844,5.663649559020996,0,25.01438331604004
0.10803499817848206,0.10000002384185791,0.000000034999999343199306,0.0010000000474974513,0.0010000000474974513,0,0,115.41989135742188,-115.41985321044922,5.931560039520264,0,25.01438331604004
0.10803999751806259,0.10000003129243851,0.00000003999999975690116,0.0010000000474974513,0.0010000000474974513,0,0,114.65022277832031,-114.6501693725586,5.960204124450684,0,25.01438331604004
0.10804499685764313,0.1000000387430191,0.000000045000000170603016,0.0010000000474974513,0.0010000000474974513,0,0,109.07740020751953,-109.07733154296875,5.759512424468994,0,25.01438331604004
0.10804999619722366,0.1000000461935997,0.00000005000000058430487,0.0010000000474974513,0.0010000000474974513,0,0,99.1756820678711,-99.17559814453125,5.351138591766357,0,25.01438331604004
0.1080549955368042,0.1000000536441803,0.000000055000000998006726,0.0010000000474974513,0.0010000000474974513,0,0,85.63519287109375,-85.63510131835938,4.766923904418945,0,25.01438331604004
0.10805999487638474,0.1000000610947609,0.0000000599999978589949,0.0010000000474974513,0.0010000000474974513,0,0,69.31625366210938,-69.31614685058594,4.0467987060546875,0,25.01438331604004
0.10806499421596527,0.10000006854534149,0.00000006499999471998308,0.0010000000474974513,0.0010000000474974513,0,0,51.19444274902344,-51.19432830810547,3.2362496852874756,0,25.01438331604004
0.1080699935555458,0.10000007599592209,0.00000006999999158097125,0.0010000000474974513,0.0010000000474974513,0,0,32.30025863647461,-32.30013656616211,2.3835277557373047,0,25.01438331604004
0.10807500034570694,0.10000008344650269,0.00000007499998844195943,0.0010000000474974513,0.0010000000474974513,0,0,13.657078742980957,-13.656952857971191,1.5367738008499146,0,25.01438331604004
0.10807999968528748,0.10000009089708328,0.00000007999998530294761,0.0010000000474974513,0.0010000000474974513,0,0,3.778352975845337,3.778484344482422,0.741250216960907,0,25.01438331604004
0.10808499902486801,0.10000009834766388,0.00000008499998216393578,0.0010000000474974513,0.0010000000474974513,0,0,19.169363021850586,19.16950035095215,0.036847904324531555,0,25.01438331604004
0.10808999836444855,0.10000010579824448,0.00000008999997902492396,0.0010000000474974513,0.0010000000474974513,0,0,31.84328269958496,31.843421936035156,-0.5439768433570862,0,25.01438331604004
0.10809499770402908,0.10000011324882507,0.00000009499997588591214,0.0010000000474974513,0.0010000000474974513,0,0,41.3233528137207,41.32349395751953,-0.9777171611785889,0,25.01438331604004
0.10809999704360962,0.10000012069940567,0.00000009999997274690031,0.0010000000474974513,0.0010000000474974513,0,0,47.34684753417969,47.346988677978516,-1.2506974935531616,0,25.01438331604004
0.10810499638319016,0.10000012814998627,0.00000010499996960788849,0.0010000000474974513,0.0010000000474974513,0,0,49.868621826171875,49.86876678466797,-1.3592898845672607,0,25.01438331604004
0.10810999572277069,0.10000013560056686,0.00000010999996646887666,0.0010000000474974513,0.0010000000474974513,0,0,49.050357818603516,49.050506591796875,-1.3094688653945923,0,25.01438331604004
0.10811499506235123,0.10000014305114746,0.00000011499996332986484,0.0010000000474974513,0.0010000000474974513,0,0,45.236595153808594,45.23674774169922,-1.115760326385498,0,25.01438331604004
0.10811999440193176,0.10000015050172806,0.00000011999996729628037,0.0010000000474974513,0.0010000000474974513,0,0,38.9196891784668,38.91984939575195,-0.7996746897697449,0,25.01438331604004
0.1081249937415123,0.10000015795230865,0.0000001249999712626959,0.0010000000474974513,0.0010000000474974513,0,0,30.696455001831055,30.696624755859375,-0.3877536654472351,0,25.01438331604004
0.10813000053167343,0.10000016540288925,0.00000012999997522911144,0.0010000000474974513,0.0010000000474974513,0,0,21.219758987426758,21.219942092895508,0.09062287211418152,0,25.01438331604004
0.10813499987125397,0.10000017285346985,0.00000013499997919552698,0.0010000000474974513,0.0010000000474974513,0,0,11.148659706115723,11.148858070373535,0.6055044531822205,0,25.01438331604004
0.1081399992108345,0.10000018030405045,0.0000001399999831619425,0.0010000000474974513,0.0010000000474974513,0,0,1.1006559133529663,1.100873589515686,1.1285505294799805,0,25.01438331604004
0.10814499855041504,0.10000018775463104,0.00000014499998712835804,0.0010000000474974513,0.0010000000474974513,0,0,8.390546798706055,-8.390305519104004,1.6349674463272095,0,25.01438331604004
0.10814999788999557,0.10000019520521164,0.00000014999999109477358,0.0010000000474974513,0.0010000000474974513,0,0,16.90888786315918,-16.908618927001953,2.1050710678100586,0,25.01438331604004
0.10815499722957611,0.10000020265579224,0.0000001549999950611891,0.0010000000474974513,0.0010000000474974513,0,0,24.17916488647461,-24.178863525390625,2.525369167327881,0,25.01438331604004
0.10815999656915665,0.10000021010637283,0.00000015999999902760464,0.0010000000474974513,0.0010000000474974513,0,0,30.078184127807617,-30.07784652709961,2.889101505279541,0,25.01438331604004
0.10816499590873718,0.10000021755695343,0.00000016500000299402018,0.0010000000474974513,0.0010000000474974513,0,0,34.633331298828125,-34.63295364379883,3.19620943069458,0,25.01438331604004
0.10816999524831772,0.10000022500753403,0.0000001700000069604357,0.0010000000474974513,0.0010000000474974513,0,0,38.00898742675781,-38.0085563659668,3.452754497528076,0,25.01438331604004
0.10817499458789825,0.10000023245811462,0.00000017500001092685125,0.0010000000474974513,0.0010000000474974513,0,0,40.48200988769531,-40.48152542114258,3.6698431968688965,0,25.01438331604004
0.10817999392747879,0.10000023990869522,0.00000018000001489326678,0.0010000000474974513,0.0010000000474974513,0,0,42.408607482910156,-42.40806579589844,3.862156867980957,0,25.01438331604004
0.10818500071763992,0.10000024735927582,0.00000018500001885968231,0.0010000000474974513,0.0010000000474974513,0,0,44.1850700378418,-44.18446350097656,4.046205997467041,0,25.01438331604004
0.10819000005722046,0.10000025480985641,0.00000019000002282609785,0.0010000000474974513,0.0010000000474974513,0,0,46.2056999206543,-46.20503234863281,4.2384538650512695,0,25.01438331604004
0.108194999396801,0.10000026226043701,0.00000019500002679251338,0.0010000000474974513,0.0010000000474974513,0,0,48.821311950683594,-48.820579528808594,4.453465938568115,0,25.01438331604004
0.10819999873638153,0.10000026971101761,0.00000020000003075892892,0.0010000000474974513,0.0010000000474974513,0,0,52.301509857177734,-52.30071258544922,4.702228546142578,0,25.01438331604004
0.10820499807596207,0.1000002771615982,0.00000020500003472534445,0.0010000000474974513,0.0010000000474974513,0,0,56.80390930175781,-56.80304718017578,4.990782260894775,0,25.01438331604004
0.1082099974155426,0.1000002846121788,0.00000021000003869175998,0.0010000000474974513,0.0010000000474974513,0,0,62.352699279785156,-62.351776123046875,5.319277763366699,0,25.01438331604004
0.10821499675512314,0.1000002920627594,0.00000021500004265817552,0.0010000000474974513,0.0010000000474974513,0,0,68.82844543457031,-68.82746124267578,5.681537628173828,0,25.01438331604004
0.10821999609470367,0.10000029951334,0.00000022000004662459105,0.0010000000474974513,0.0010000000474974513,0,0,75.97005462646484,-75.9690170288086,6.065169334411621,0,25.01438331604004
0.10822499543428421,0.1000003069639206,0.00000022500005059100658,0.0010000000474974513,0.0010000000474974513,0,0,83.38898468017578,-83.38789367675781,6.452229976654053,0,25.01438331604004
0.10822999477386475,0.10000031441450119,0.00000023000005455742212,0.0010000000474974513,0.0010000000474974513,0,0,90.5948257446289,-90.59369659423828,6.820404052734375,0,25.01438331604004
0.10823499411344528,0.10000032186508179,0.00000023500005852383765,0.0010000000474974513,0.0010000000474974513,0,0,97.03060913085938,-97.0294418334961,7.144614219665527,0,25.01438331604004
0.10824000090360641,0.10000032931566238,0.00000024000004827939847,0.0010000000474974513,0.0010000000474974513,0,0,102.11518096923828,-102.11398315429688,7.398951530456543,0,25.01438331604004
0.10824500024318695,0.10000033676624298,0.000000245000052245814,0.0010000000474974513,0.0010000000474974513,0,0,105.28978729248047,-105.28856658935547,7.5587873458862305,0,25.01438331604004
0.10824999958276749,0.10000034421682358,0.00000025000005621222954,0.0010000000474974513,0.0010000000474974513,0,0,106.06536865234375,-106.06412506103516,7.602907180786133,0,25.01438331604004
0.10825499892234802,0.10000035166740417,0.00000025500006017864507,0.0010000000474974513,0.0010000000474974513,0,0,104.06693267822266,-104.06568145751953,7.515508651733398,0,25.01438331604004
0.10825999826192856,0.10000035911798477,0.0000002600000641450606,0.0010000000474974513,0.0010000000474974513,0,0,99.07185363769531,-99.07059478759766,7.287912845611572,0,25.01438331604004
0.1082649976015091,0.10000036656856537,0.00000026500006811147614,0.0010000000474974513,0.0010000000474974513,0,0,91.03873443603516,-91.03746795654297,6.919837474822998,0,25.01438331604004
0.10826999694108963,0.10000037401914597,0.00000027000007207789167,0.0010000000474974513,0.0010000000474974513,0,0,80.12468719482422,-80.1234130859375,6.42013692855835,0,25.01438331604004
0.10827499628067017,0.10000038146972656,0.0000002750000760443072,0.0010000000474974513,0.0010000000474974513,0,0,66.6892318725586,-66.68795013427734,5.8069305419921875,0,25.01438331604004
0.1082799956202507,0.10000038892030716,0.00000028000008001072274,0.0010000000474974513,0.0010000000474974513,0,0,51.28413391113281,-51.28284454345703,5.107084274291992,0,25.01438331604004
0.10828499495983124,0.10000039637088776,0.0000002850000839771383,0.0010000000474974513,0.0010000000474974513,0,0,34.6294059753418,-34.62810516357422,4.3550567626953125,0,25.01438331604004
0.10828999429941177,0.10000040382146835,0.0000002900000879435538,0.0010000000474974513,0.0010000000474974513,0,0,17.576635360717773,-17.575315475463867,3.5911777019500732,0,25.01438331604004
0.10829499363899231,0.10000041127204895,0.00000029500009190996934,0.0010000000474974513,0.0010000000474974513,0,0,1.0618338584899902,-1.0604928731918335,2.8594417572021484,0,25.01438331604004
0.10830000042915344,0.10000041872262955,0.0000003000000958763849,0.0010000000474974513,0.0010000000474974513,0,0,13.949362754821777,13.950730323791504,2.204962968826294,0,25.01438331604004
0.10830499976873398,0.10000042617321014,0.0000003050000998428004,0.0010000000474974513,0.0010000000474974513,0,0,26.520660400390625,26.522062301635742,1.6712450981140137,0,25.01438331604004
0.10830999910831451,0.10000043362379074,0.00000031000010380921594,0.0010000000474974513,0.0010000000474974513,0,0,35.804439544677734,35.80588150024414,1.2974437475204468,0,25.01438331604004
0.10831499844789505,0.10000044107437134,0.0000003150001077756315,0.0010000000474974513,0.0010000000474974513,0,0,41.09745788574219,41.09894943237305,1.1158021688461304,0,25.01438331604004
0.10831999778747559,0.10000044852495193,0.000000320000111742047,0.0010000000474974513,0.0010000000474974513,0,0,41.889251708984375,41.890804290771484,1.1494346857070923,0,25.01438331604004
0.10832499712705612,0.10000045597553253,0.00000032500011570846254,0.0010000000474974513,0.0010000000474974513,0,0,37.899879455566406,37.9015007019043,1.4106040000915527,0,25.01438331604004
0.10832999646663666,0.10000046342611313,0.0000003300001196748781,0.0010000000474974513,0.0010000000474974513,0,0,29.10426139831543,29.105960845947266,1.8996237516403198,0,25.01438331604004
0.1083349958062172,0.10000047087669373,0.0000003350001236412936,0.0010000000474974513,0.0010000000474974513,0,0,15.74137020111084,15.743157386779785,2.6044652462005615,0,25.01438331604004
0.10833999514579773,0.10000047832727432,0.00000034000012760770915,0.0010000000474974513,0.0010000000474974513,0,0,1.6926621198654175,-1.690778374671936,3.5011065006256104,0,25.01438331604004
0.10834499448537827,0.10000048577785492,0.0000003450001315741247,0.0010000000474974513,0.0010000000474974513,0,0,22.467330932617188,-22.465341567993164,4.554617404937744,0,25.01438331604004
0.1083499938249588,0.10000049322843552,0.0000003500001355405402,0.0010000000474974513,0.0010000000474974513,0,0,45.65522384643555,-45.65312194824219,5.720923900604248,0,25.01438331604004
0.10835500061511993,0.10000050067901611,0.00000035500013950695575,0.0010000000474974513,0.0010000000474974513,0,0,70.18201446533203,-70.17979431152344,6.949148178100586,0,25.01438331604004
0.10835999995470047,0.10000050812959671,0.0000003600001434733713,0.0010000000474974513,0.0010000000474974513,0,0,94.88595581054688,-94.88361358642578,8.184388160705566,0,25.01438331604004
0.108364999294281,0.10000051558017731,0.0000003650001474397868,0.0010000000474974513,0.0010000000474974513,0,0,118.583251953125,-118.5807876586914,9.370767593383789,0,25.01438331604004
0.10836999863386154,0.1000005230307579,0.00000037000015140620235,0.0010000000474974513,0.0010000000474974513,0,0,140.13525390625,-140.13267517089844,10.45456314086914,0,25.01438331604004
0.10837499797344208,0.1000005304813385,0.0000003750001553726179,0.0010000000474974513,0.0010000000474974513,0,0,158.5133514404297,-158.51063537597656,11.38723373413086,0,25.01438331604004
0.10837999731302261,0.1000005379319191,0.0000003800001593390334,0.0010000000474974513,0.0010000000474974513,0,0,172.85736083984375,-172.8545379638672,12.128135681152344,0,25.01438331604004
0.10838499665260315,0.1000005453824997,0.00000038500016330544895,0.0010000000474974513,0.0010000000474974513,0,0,182.524169921875,-182.52122497558594,12.646794319152832,0,25.01438331604004
0.10838999599218369,0.10000055283308029,0.0000003900001672718645,0.0010000000474974513,0.0010000000474974513,0,0,187.12298583984375,-187.11993408203125,12.92455005645752,0,25.01438331604004
0.10839499533176422,0.10000056028366089,0.00000039500017123828,0.0010000000474974513,0.0010000000474974513,0,0,186.53573608398438,-186.5325927734375,12.95551586151123,0,25.01438331604004
0.10839999467134476,0.10000056773424149,0.00000040000017520469555,0.0010000000474974513,0.0010000000474974513,0,0,180.9209747314453,-180.91773986816406,12.746774673461914,0,25.01438331604004
0.10840499401092529,0.10000057518482208,0.0000004050001791711111,0.0010000000474974513,0.0010000000474974513,0,0,170.70126342773438,-170.6979522705078,12.317806243896484,0,25.01438331604004
0.10841000080108643,0.10000058263540268,0.0000004100001831375266,0.0010000000474974513,0.0010000000474974513,0,0,156.53504943847656,-156.53167724609375,11.699189186096191,0,25.01438331604004
0.10841500014066696,0.10000059008598328,0.00000041500018710394215,0.0010000000474974513,0.0010000000474974513,0,0,139.27481079101563,-139.27137756347656,10.930679321289063,0,25.01438331604004
0.1084199994802475,0.10000059753656387,0.0000004200001910703577,0.0010000000474974513,0.0010000000474974513,0,0,119.91436004638672,-119.910888671875,10.05876350402832,0,25.01438331604004
0.10842499881982803,0.10000060498714447,0.0000004250001950367732,0.0010000000474974513,0.0010000000474974513,0,0,99.52867126464844,-99.5251693725586,9.133879661560059,0,25.01438331604004
0.10842999815940857,0.10000061243772507,0.00000043000019900318875,0.0010000000474974513,0.0010000000474974513,0,0,79.21012878417969,-79.20659637451172,8.207448959350586,0,25.01438331604004
0.1084349974989891,0.10000061988830566,0.0000004350002029696043,0.0010000000474974513,0.0010000000474974513,0,0,60.00527572631836,-60.00172805786133,7.328945636749268,0,25.01438331604004
0.10843999683856964,0.10000062733888626,0.0000004400002069360198,0.0010000000474974513,0.0010000000474974513,0,0,42.85606002807617,-42.852500915527344,6.543142795562744,0,25.01438331604004
0.10844499617815018,0.10000063478946686,0.00000044500021090243536,0.0010000000474974513,0.0010000000474974513,0,0,28.549152374267578,-28.545576095581055,5.887747764587402,0,25.01438331604004
0.10844999551773071,0.10000064224004745,0.0000004500002148688509,0.0010000000474974513,0.0010000000474974513,0,0,17.67638397216797,-17.672800064086914,5.391533851623535,0,25.01438331604004
0.10845499485731125,0.10000064969062805,0.0000004550002188352664,0.0010000000474974513,0.0010000000474974513,0,0,10.608654975891113,-10.605058670043945,5.073090553283691,0,25.01438331604004
0.10845999419689178,0.10000065714120865,0.00000046000022280168196,0.0010000000474974513,0.0010000000474974513,0,0,7.48449182510376,-7.480877876281738,4.940249443054199,0,25.01438331604004
0.10846499353647232,0.10000066459178925,0.0000004650002267680975,0.0010000000474974513,0.0010000000474974513,0,0,8.213730812072754,-8.21009349822998,4.990206718444824,0,25.01438331604004
0.10847000032663345,0.10000067204236984,0.000000470000230734513,0.0010000000474974513,0.0010000000474974513,0,0,12.495566368103027,-12.49189567565918,5.210306644439697,0,25.01438331604004
0.10847499966621399,0.10000067949295044,0.00000047500023470092856,0.0010000000474974513,0.0010000000474974513,0,0,19.849382400512695,-19.845670700073242,5.5794196128845215,0,25.01438331604004
0.10847999900579453,0.10000068694353104,0.0000004800002102456347,0.0010000000474974513,0.0010000000474974513,0,0,29.65591049194336,-29.65214729309082,6.06980037689209,0,25.01438331604004
0.10848499834537506,0.10000069439411163,0.0000004850002142120502,0.0010000000474974513,0.0010000000474974513,0,0,41.205631256103516,-41.20180130004883,6.649283409118652,0,25.01438331604004
0.1084899976849556,0.10000070184469223,0.0000004900002181784657,0.0010000000474974513,0.0010000000474974513,0,0,53.7508430480957,-53.74693298339844,7.283662796020508,0,25.01438331604004
0.10849499702453613,0.10000070929527283,0.0000004950002221448813,0.0010000000474974513,0.0010000000474974513,0,0,66.55782318115234,-66.55381774902344,7.939075469970703,0,25.01438331604004
0.10849999636411667,0.10000071674585342,0.0000005000002261112968,0.0010000000474974513,0.0010000000474974513,0,0,78.955322265625,-78.95121002197266,8.584236145019531,0,25.01438331604004
0.10849999636411667,0.10000072419643402,0.0000005050002300777123,0.0010000000474974513,0.0010000000474974513,0,0,90.37625122070313,-90.37201690673828,9.192361831665039,0,25.01438331604004
0.1085049957036972,0.10000072419643402,0.0000005050002300777123,-0.0005558753618970513,0,0.000000011704078595187184,0.0023408157285302877,72.46360778808594,-72.45941925048828,8.33417797088623,0,3.4844298362731934
0.10850999504327774,0.10000071674585342,0.0000005050002300777123,-0.0016592212487012148,0,0.000000044630962037217614,0.0065853772684931755,48.889163970947266,-48.885093688964844,7.1795735359191895,0,3.4844298362731934
0.10851499438285828,0.10000070184469223,0.0000005050002300777123,-0.0027323157992213964,0,0.00000009584048399347012,0.01024190429598093,21.768123626708984,-21.764245986938477,5.832342624664307,0,3.4844298362731934
0.10851999372243881,0.10000067949295044,0.0000005050002300777123,-0.0037538984324783087,0,0.00000016190193719012314,0.013212292455136776,6.454797744750977,6.458410739898682,4.412450790405273,0,3.4844298362731934
0.10852500051259995,0.10000065714120865,0.0000005050002300777123,-0.004703592974692583,0,0.00000023919960767671,0.015459534712135792,33.22292709350586,33.22629928588867,3.045344829559326,0,3.4844298362731934
0.10852999985218048,0.10000062733888626,0.0000005050002300777123,-0.005585895385593176,0,0.00000032425219842480146,0.017010515555739403,56.0959587097168,56.099021911621094,1.8507475852966309,0,3.4844298362731934
0.10853499919176102,0.10000059753656387,0.0000005050002300777123,-0.006382598076015711,0,0.0000004140176486089331,0.017953092232346535,72.96778869628906,72.97057342529297,0.931947648525238,0,3.4844298362731934
0.10853999853134155,0.10000056028366089,0.0000005050002300777123,-0.007100424263626337,0,0.0000005061563115305034,0.01842772774398327,82.25596618652344,82.25841522216797,0.36652031540870667,0,3.4844298362731934
0.10854499787092209,0.1000005230307579,0.0000005050002300777123,-0.0077233826741576195,0,0.00000059922825812464,0.0186143945902586,83.04439544677734,83.04652404785156,0.19931484758853912,0,3.4844298362731934
0.10854999721050262,0.10000047832727432,0.0000005050002300777123,-0.008260331116616726,0,0.0000006928077596057847,0.018715905025601387,75.16798400878906,75.16973876953125,0.4383309483528137,0,3.4844298362731934
0.10855499655008316,0.10000043362379074,0.0000005050002300777123,-0.008697259239852428,0,0.000000787503495303099,0.018939146772027016,59.230350494384766,59.23176956176758,1.0538604259490967,0,3.4844298362731934
0.1085599958896637,0.10000038892030716,0.0000005050002300777123,-0.009044795297086239,0,0.000000884882865648251,0.019475871697068214,36.55403137207031,36.55514907836914,1.9809716939926147,0,3.4844298362731934
0.10856499522924423,0.10000034421682358,0.0000005050002300777123,-0.00931414496153593,0,0.0000009873067483567866,0.020484773442149162,9.066549301147461,9.067404747009277,3.1251296997070313,0,3.4844298362731934
0.10856999456882477,0.10000029951334,0.0000005050002300777123,-0.009516741149127483,0,0.0000010976887097058352,0.02207638882100582,20.867292404174805,-20.86665916442871,4.370466709136963,0,3.4844298362731934
0.1085749939084053,0.10000025480985641,0.0000005050002300777123,-0.009663873352110386,0,0.0000012191999303468037,0.024302249774336815,50.65227127075195,-50.65182113647461,5.589969635009766,0,3.4844298362731934
0.10858000069856644,0.10000020265579224,0.0000005050002300777123,-0.009766335599124432,0,0.0000013549458799388958,0.027149198576807976,77.69059753417969,-77.69039916992188,6.656700611114502,0,3.4844298362731934
0.10858500003814697,0.10000015050172806,0.0000005050002300777123,-0.009810361079871655,0,0.0000015076429917826317,0.03053942881524563,100.02303314208984,-100.02305603027344,7.4756550788879395,0,3.4844298362731934
0.10858999937772751,0.10000009834766388,0.0000005050002300777123,-0.009804590605199337,0,0.0000016793767372291768,0.034346748143434525,116.34115600585938,-116.34139251708984,7.984213829040527,0,3.4844298362731934
0.10859499871730804,0.1000000461935997,0.0000005050002300777123,-0.009753535501658916,0,0.000001871442123047018,0.03841307386755943,123.27825164794922,-123.27867126464844,8.016529083251953,0,3.4844298362731934
0.10859999805688858,0.10000000149011612,0.0000005050002300777123,-0.009664715267717838,0,0.000002083921344819828,0.042495857924222946,120.13601684570313,-120.136474609375,7.539734840393066,0,3.4844298362731934
0.10860499739646912,0.09999995678663254,0.0000005050002300777123,-0.009570091031491756,0,0.0000023156003408075776,0.04633581265807152,107.1739730834961,-107.17444610595703,6.568366527557373,0,3.4844298362731934
0.10860999673604965,0.09999991208314896,0.0000005050002300777123,-0.009473240934312344,0,0.0000025640056264819577,0.049681056290864944,85.60114288330078,-85.60163116455078,5.163808345794678,0,3.4844298362731934
0.10861499607563019,0.09999986737966537,0.0000005050002300777123,-0.009375273250043392,0,0.000002825560386554571,0.05231096222996712,57.45630645751953,-57.45681381225586,3.4284121990203857,0,3.4844298362731934
0.10861999541521072,0.0999998226761818,0.0000005050002300777123,-0.00927459355443716,0,0.0000030958456136431778,0.054057035595178604,25.415719985961914,-25.416271209716797,1.4959744215011597,0,3.4844298362731934
0.10862499475479126,0.09999977797269821,0.0000005050002300777123,-0.009166964329779148,0,0.0000033699402592901606,0.054818931967020035,6.764145374298096,6.76351261138916,-0.44598498940467834,0,3.4844298362731934
0.1086299940943718,0.09999973326921463,0.0000005050002300777123,-0.009045648388564587,0,0.0000036428991734283045,0.054591793566942215,36.22457504272461,36.22380828857422,-2.254950761795044,0,3.4844298362731934
0.10863500088453293,0.09999968856573105,0.0000005050002300777123,-0.00890164915472269,0,0.000003910115992766805,0.05344335362315178,61.753665924072266,61.752708435058594,-3.870687246322632,0,3.4844298362731934
0.10864000022411346,0.09999964386224747,0.0000005050002300777123,-0.008724023588001728,0,0.000004167476163274841,0.051472026854753494,79.71869659423828,79.71746826171875,-5.111688137054443,0,3.4844298362731934
0.108644999563694,0.09999959915876389,0.0000005050002300777123,-0.008500265888869762,0,0.000004411819645611104,0.04886866733431816,88.36522674560547,88.36363220214844,-5.889988422393799,0,3.4844298362731934
0.10864999890327454,0.0999995544552803,0.0000005050002300777123,-0.008216745220124722,0,0.000004641164196073078,0.045868922024965286,86.8209457397461,86.81890869140625,-6.161256313323975,0,3.4844298362731934
0.10865499824285507,0.09999951720237732,0.0000005050002300777123,-0.0078591825440526,0,0.000004854819508182118,0.04273102059960365,75.17964172363281,75.17720794677734,-5.9289398193359375,0,3.4844298362731934
0.10865999758243561,0.09999947994947433,0.0000005050002300777123,-0.0074392398819327354,0,0.000005053376753494376,0.03971143439412117,54.49307632446289,54.490150451660156,-5.243856906890869,0,3.4844298362731934
0.10866499692201614,0.09999944269657135,0.0000005050002300777123,-0.006942390464246273,0,0.000005238580342847854,0.03704075887799263,26.670421600341797,26.666885375976563,-4.199244976043701,0,3.4844298362731934
0.10866999626159668,0.09999941289424896,0.0000005050002300777123,-0.006354518234729767,0,0.000005413091002992587,0.03490209951996803,5.704025745391846,-5.708103179931641,-2.9217681884765625,0,3.4844298362731934
0.10867499560117722,0.09999938309192657,0.0000005050002300777123,-0.005688496865332127,0,0.000005580161086982116,0.03341405466198921,39.61711883544922,-39.621829986572266,-1.5593326091766357,0,3.4844298362731934
0.10867999494075775,0.09999936074018478,0.0000005050002300777123,-0.004932023584842682,0,0.0000057432603171037044,0.032619889825582504,71.9151611328125,-71.9204330444336,-0.2668822705745697,0,3.4844298362731934
0.10868499428033829,0.099999338388443,0.0000005050002300777123,-0.004100222140550613,0,0.000005905680154683068,0.03248396888375282,99.60413360595703,-99.61003112792969,0.80845707654953,0,3.4844298362731934
0.10868999361991882,0.0999993234872818,0.0000005050002300777123,-0.0031833965331315994,0,0.000006070158633519895,0.032895710319280624,120.13541412353516,-120.1418228149414,1.5414607524871826,0,3.4844298362731934
0.10869500041007996,0.0999993160367012,0.0000005050002300777123,-0.0021995450370013714,0,0.000006238562491489574,0.03368077054619789,131.64732360839844,-131.65415954589844,1.8407671451568604,0,3.4844298362731934
0.10869999974966049,0.0999993085861206,0.0000005050002300777123,-0.0011680996976792812,0,0.000006411653885152191,0.03461826220154762,133.1410675048828,-133.14834594726563,1.6575720310211182,0,3.4844298362731934
0.10870499908924103,0.0999993085861206,0.0000005050002300777123,-0.00008361437357962132,0,0.000006588966243725736,0.035462457686662674,124.57386779785156,-124.58142852783203,0.9902237057685852,0,3.4844298362731934
0.10870999842882156,0.0999993160367012,0.0000005050002300777123,0.001031868509016931,0,0.000006768800176359946,0.035966772586107254,106.85931396484375,-106.86699676513672,-0.11571411788463593,0,3.4844298362731934
0.1087149977684021,0.0999993234872818,0.0000005050002300777123,0.002155221998691559,0,0.000006948339432710782,0.03590783849358559,81.77649688720703,-81.78431701660156,-1.5719289779663086,0,3.4844298362731934
0.10871999710798264,0.099999338388443,0.0000005050002300777123,0.0032886737026274204,0,0.000007123875548131764,0.03510725870728493,51.79670715332031,-51.80448532104492,-3.2559213638305664,0,3.4844298362731934
0.10872499644756317,0.09999936074018478,0.0000005050002300777123,0.004407553467899561,0,0.000007291120709851384,0.03344903513789177,19.84309959411621,-19.850650787353516,-5.022821426391602,0,3.4844298362731934
0.10872999578714371,0.09999939054250717,0.0000005050002300777123,0.00548678869381547,0,0.000007445575192832621,0.0308909323066473,10.991673469543457,10.984537124633789,-6.719326019287109,0,3.4844298362731934
0.10873499512672424,0.09999942034482956,0.0000005050002300777123,0.006501323543488979,0,0.000007582919351989403,0.027468806132674217,37.74374008178711,37.73701477050781,-8.198400497436523,0,3.4844298362731934
0.10873999446630478,0.09999945759773254,0.0000005050002300777123,0.007452629506587982,0,0.00000769938651501434,0.023293396458029747,57.86217498779297,57.85604476928711,-9.333335876464844,0,3.4844298362731934
0.10874499380588531,0.09999950230121613,0.0000005050002300777123,0.00831647589802742,0,0.000007792086762492545,0.018539967015385628,69.45355224609375,69.44819641113281,-10.029801368713379,0,3.4844298362731934
0.10875000059604645,0.09999954700469971,0.0000005050002300777123,0.00906941294670105,0,0.000007859245670260862,0.013431830331683159,71.4617919921875,71.4571762084961,-10.23472785949707,0,3.4844298362731934
0.10875499993562698,0.09999959915876389,0.0000005050002300777123,0.009715219959616661,0,0.000007900342097855173,0.008219325914978981,63.76593017578125,63.76222610473633,-9.94119930267334,0,3.4844298362731934
0.10875999927520752,0.09999965131282806,0.0000005050002300777123,0.010232599452137947,0,0.000007916123649920337,0.0031563148368149996,47.18852996826172,47.18570327758789,-9.188850402832031,0,3.4844298362731934
0.10876499861478806,0.09999970346689224,0.0000005050002300777123,0.010627642273902893,0,0.000007908505722298287,-0.0015235280152410269,23.41146469116211,23.40945053100586,-8.05977725982666,0,3.4844298362731934
0.10876999795436859,0.09999975562095642,0.0000005050002300777123,0.010907527059316635,0,0.000007880364137236029,-0.005628339014947414,5.190674781799316,-5.1919169425964355,-6.670352458953857,0,3.4844298362731934
0.10877499729394913,0.0999998077750206,0.0000005050002300777123,0.011080263182520866,0,0.00000783523682912346,-0.009025521576404572,35.783843994140625,-35.78437423706055,-5.15974235534668,0,3.4844298362731934
0.10877999663352966,0.09999985992908478,0.0000005050002300777123,0.01115441881120205,0,0.000007776970051054377,-0.0116533562541008,66.39927673339844,-66.39917755126953,-3.6238975524902344,0,3.4844298362731934
0.1087849959731102,0.09999991208314896,0.0000005050002300777123,0.011140232905745506,0,0.000007709475539741106,-0.01349899172782898,89.62428283691406,-89.62364959716797,-2.4312353134155273,0,3.4844298362731934
0.10878999531269073,0.09999996423721313,0.0000005050002300777123,0.011052394285798073,0,0.000007635789188498165,-0.014737209305167198,107.10587310791016,-107.10476684570313,-1.497674822807312,0,3.4844298362731934
0.10879499465227127,0.10000001639127731,0.0000005050002300777123,0.010898405686020851,0,0.000007558289325970691,-0.015499968081712723,117.28054809570313,-117.27902221679688,-0.9003157019615173,0,3.4844298362731934
0.1087999939918518,0.10000006854534149,0.0000005050002300777123,0.01068507507443428,0,0.000007478496627300046,-0.015958495438098907,119.23125457763672,-119.22935485839844,-0.6845657825469971,0,3.4844298362731934
0.10880500078201294,0.10000012069940567,0.0000005050002300777123,0.01041828840970993,0,0.000007396960882033454,-0.01630714163184166,112.6662826538086,-112.66405487060547,-0.8644065856933594,0,3.4844298362731934
0.10881000012159348,0.10000017285346985,0.0000005050002300777123,0.010102808475494385,0,0.000007313224159588572,-0.016747381538152695,98.16761779785156,-98.16508483886719,-1.4118561744689941,0,3.4844298362731934
0.10881499946117401,0.10000022500753403,0.0000005050002300777123,0.009742259979248047,0,0.000007225892204587581,-0.017466433346271515,77.07221984863281,-77.06939697265625,-2.2622945308685303,0,3.4844298362731934
0.10881999880075455,0.10000026971101761,0.0000005050002300777123,0.009339062497019768,0,0.000007132799055398209,-0.018618609756231308,51.313724517822266,-51.31081008911133,-3.321939706802368,0,3.4844298362731934
0.10882499814033508,0.10000031441450119,0.0000005050002300777123,0.008918063715100288,0,0.000007031246695987647,-0.02031046152114868,23.248516082763672,-23.245498657226563,-4.4763994216918945,0,3.4844298362731934
0.10882999747991562,0.10000035911798477,0.0000005050002300777123,0.008478699252009392,0,0.000006918295184732415,-0.022590272128582,4.557125568389893,4.560254096984863,-5.60107421875,0,3.4844298362731934
0.10883499681949615,0.10000039637088776,0.0000005050002300777123,0.008018724620342255,0,0.000006791080977563979,-0.025442875921726227,29.558115005493164,29.561216354370117,-6.572490215301514,0,3.4844298362731934
0.10883999615907669,0.10000043362379074,0.0000005050002300777123,0.007558001205325127,0,0.000006647129794146167,-0.028790216892957687,49.45956802368164,49.46268081665039,-7.279545783996582,0,3.4844298362731934
0.10884499549865723,0.10000047087669373,0.0000005050002300777123,0.007090811617672443,0,0.000006484641289716819,-0.03249765932559967,62.42461395263672,62.42778396606445,-7.633669853210449,0,3.4844298362731934
0.10884999483823776,0.10000050067901611,0.0000005050002300777123,0.006609758362174034,0,0.000006302714155026479,-0.03638545423746109,67.2410888671875,67.24421691894531,-7.5769805908203125,0,3.4844298362731934
0.1088549941778183,0.1000005304813385,0.0000005050002300777123,0.006129712797701359,0,0.000006101492090238025,-0.04024437814950943,63.43223571777344,63.43538284301758,-7.087717533111572,0,3.4844298362731934
0.10886000096797943,0.10000056028366089,0.0000005050002300777123,0.005640287883579731,0,0.000005882221557840239,-0.04385412484407425,51.30279541015625,51.30603790283203,-6.182453632354736,0,3.4844298362731934
0.10886500030755997,0.10000058263540268,0.0000005050002300777123,0.005129886791110039,0,0.000005647207672154764,-0.047002822160720825,31.915010452270508,31.918270111083984,-4.914884567260742,0,3.4844298362731934
0.1088699996471405,0.10000060498714447,0.0000005050002300777123,0.004609785042703152,0,0.00000539967777513084,-0.04950594902038574,6.996348857879639,6.999705791473389,-3.3712921142578125,0,3.4844298362731934
0.10887499898672104,0.10000062733888626,0.0000005050002300777123,0.004066719673573971,0,0.000005143563157616882,-0.05122293531894684,21.211517333984375,-21.207984924316406,-1.6630767583847046,0,3.4844298362731934
0.10887999832630157,0.10000064224004745,0.0000005050002300777123,0.0034870258532464504,0,0.000004883213478024118,-0.05206993222236633,50.150550842285156,-50.146915435791016,0.08297897130250931,0,3.4844298362731934
0.10888499766588211,0.10000065714120865,0.0000005050002300777123,0.0028807884082198143,0,0.000004623075255949516,-0.05202767252922058,77.17371368408203,-77.1698989868164,1.7358721494674683,0,3.4844298362731934
0.10888999700546265,0.10000066459178925,0.0000005050002300777123,0.0022344663739204407,0,0.0000043673571781255305,-0.05114360153675079,99.78009033203125,-99.77616882324219,3.1719651222229004,0,3.4844298362731934
0.10889499634504318,0.10000067204236984,0.0000005050002300777123,0.001558755524456501,0,0.0000041197163227479905,-0.049528129398822784,115.83931732177734,-115.8352279663086,4.285977840423584,0,3.4844298362731934
0.10889999568462372,0.10000067949295044,0.0000005050002300777123,0.0008411937742494047,0,0.0000038829898585390765,-0.047345295548439026,123.783203125,-123.77889251708984,5.000411510467529,0,3.4844298362731934
0.10890499502420425,0.10000067949295044,0.0000005050002300777123,0.00007027375977486372,0,0.0000036589967749023344,-0.044798605144023895,122.748779296875,-122.74433898925781,5.272550582885742,0,3.4844298362731934
0.10890999436378479,0.10000067949295044,0.0000005050002300777123,-0.0007404750213027,0,0.000003448430106800515,-0.04211331903934479,112.66012573242188,-112.655517578125,5.0984344482421875,0,3.4844298362731934
0.10891499370336533,0.10000067204236984,0.0000005050002300777123,-0.001599971204996109,0,0.0000032508464755665045,-0.03951670974493027,94.24010467529297,-94.23542022705078,4.513421535491943,0,3.4844298362731934
0.10892000049352646,0.10000065714120865,0.0000005050002300777123,-0.002491865772753954,0,0.0000030647563562524738,-0.037218041718006134,68.9525375366211,-68.94788360595703,3.589282274246216,0,3.4844298362731934
0.108924999833107,0.10000064224004745,0.0000005050002300777123,-0.003398400731384754,0,0.00000288780620394391,-0.035390034317970276,38.87854766845703,-38.873897552490234,2.428076982498169,0,3.4844298362731934
0.10892999917268753,0.10000061988830566,0.0000005050002300777123,-0.004324313718825579,0,0.000002717039023991674,-0.034153424203395844,6.5375590324401855,-6.533015727996826,1.1533335447311401,0,3.4844298362731934
0.10893499851226807,0.10000059008598328,0.0000005050002300777123,-0.005249253939837217,0,0.0000025492088298051385,-0.03356603533029556,25.330276489257813,25.334611892700195,-0.10070855915546417,0,3.4844298362731934
0.1089399978518486,0.10000056028366089,0.0000005050002300777123,-0.0061517697758972645,0,0.000002381122158112703,-0.033617325127124786,54.00232696533203,54.0064697265625,-1.200842022895813,0,3.4844298362731934
0.10894499719142914,0.1000005230307579,0.0000005050002300777123,-0.0070333294570446014,0,0.0000022099775378592312,-0.03422890603542328,77.01151275634766,77.01536560058594,-2.026602268218994,0,3.4844298362731934
0.10894999653100967,0.10000048577785492,0.0000005050002300777123,-0.007870842702686787,0,0.0000020336724446679,-0.035261042416095734,92.3622055053711,92.36579132080078,-2.480919361114502,0,3.4844298362731934
0.10895499587059021,0.10000044107437134,0.0000005050002300777123,-0.008664448745548725,0,0.0000018510496602175408,-0.036524564027786255,98.70659637451172,98.70982360839844,-2.4987680912017822,0,3.4844298362731934
0.10895999521017075,0.10000039637088776,0.0000005050002300777123,-0.009390083141624928,0,0.0000016620638234599028,-0.03779717534780502,95.46428680419922,95.46715545654297,-2.05306077003479,0,3.4844298362731934
0.10896499454975128,0.10000034421682358,0.0000005050002300777123,-0.01004729513078928,0,0.0000014678498700959608,-0.03884278982877731,82.8760986328125,82.87852478027344,-1.1572524309158325,0,3.4844298362731934
0.10896999388933182,0.1000002920627594,0.0000005050002300777123,-0.010611831210553646,0,0.0000012706890402114368,-0.03943217545747757,61.98587417602539,61.98787307739258,0.13556723296642303,0,3.4844298362731934
0.10897500067949295,0.10000023990869522,0.0000005050002300777123,-0.011083460412919521,0,0.0000010738733635662356,-0.039363130927085876,34.55290603637695,34.55449295043945,1.7370377779006958,0,3.4844298362731934
0.10898000001907349,0.10000018030405045,0.0000005050002300777123,-0.01146227028220892,0,0.0000008814810144031071,-0.038478463888168335,2.901761293411255,2.90285062789917,3.530961036682129,0,3.4844298362731934
0.10898499935865402,0.10000012069940567,0.0000005050002300777123,-0.011724942363798618,0,0.0000006980802140788001,-0.03668016195297241,30.27760887145996,-30.277002334594727,5.383168697357178,0,3.4844298362731934
0.10898999869823456,0.1000000610947609,0.0000005050002300777123,-0.011872551403939724,0,0.00000052838754527329,-0.033938534557819366,62.16114807128906,-62.161006927490234,7.152970314025879,0,3.4844298362731934
0.1089949980378151,0.10000000149011612,0.0000005050002300777123,-0.011906816624104977,0,0.00000037690975318582787,-0.030295558273792267,89.08626556396484,-89.08660888671875,8.657780647277832,0,3.4844298362731934
0.10899999737739563,0.09999994188547134,0.0000005050002300777123,-0.011822366155683994,0,0.00000024747882321207726,-0.025886185467243195,112.80997467041016,-112.810791015625,9.985885620117188,0,3.4844298362731934
0.10900499671697617,0.09999988228082657,0.0000005050002300777123,-0.011619011871516705,0,0.00000014347673982229026,-0.02080041542649269,127.39572143554688,-127.39698791503906,10.840664863586426,0,3.4844298362731934
0.1090099960565567,0.0999998226761818,0.0000005050002300777123,-0.011300642974674702,0,0.0000000670801867386217,-0.015279310755431652,131.532470703125,-131.53416442871094,11.156208038330078,0,3.4844298362731934
0.10901499539613724,0.09999977052211761,0.0000005050002300777123,-0.01087155845016241,0,0.00000001909267766109224,-0.00959750171750784,124.85215759277344,-124.85416412353516,10.913651466369629,0,3.4844298362731934
0.10901999473571777,0.09999971836805344,0.0000005050002300777123,-0.010362363420426846,0,-0.000000001103447999639684,-0.004039225168526173,108.00367736816406,-108.00596618652344,10.14458179473877,0,3.4844298362731934
0.10902499407529831,0.09999966621398926,0.0000005050002300777123,-0.009777185507118702,0,0.000000004533390551841876,0.0011273677228018641,82.58970642089844,-82.59226989746094,8.927916526794434,0,3.4844298362731934
0.10903000086545944,0.09999962151050568,0.0000005050002300777123,-0.009119615890085697,0,0.000000032904978297665366,0.005674317944794893,51.01271438598633,-51.01542663574219,7.382297039031982,0,3.4844298362731934
0.10903500020503998,0.0999995768070221,0.0000005050002300777123,-0.0084186727181077,0,0.00000008007543073063061,0.009434090927243233,16.24468231201172,-16.247543334960938,5.654744625091553,0,3.4844298362731934
0.10903999954462051,0.09999953955411911,0.0000005050002300777123,-0.007676060777157545,0,0.00000014164557171625347,0.012314029037952423,18.456056594848633,18.453147888183594,3.906644344329834,0,3.4844298362731934
0.10904499888420105,0.09999950230121613,0.0000005050002300777123,-0.006918294355273247,0,0.0000002131639007529884,0.014303667470812798,49.85533905029297,49.85237121582031,2.2984237670898438,0,3.4844298362731934
0.10904999822378159,0.09999947249889374,0.0000005050002300777123,-0.006144045852124691,0,0.00000029053512662358116,0.015474244952201843,75.04956817626953,75.04662322998047,0.9743844866752625,0,3.4844298362731934
0.10905499756336212,0.09999944269657135,0.0000005050002300777123,-0.005376369692385197,0,0.0000003703875961491576,0.015970494598150253,91.74028015136719,91.73733520507813,0.04913252592086792,0,3.4844298362731934
0.10905999690294266,0.09999942034482956,0.0000005050002300777123,-0.004610175266861916,0,0.0000004503651780396467,0.015995517373085022,98.44905853271484,98.44618225097656,-0.4030856788158417,0,3.4844298362731934
0.1090649962425232,0.09999939799308777,0.0000005050002300777123,-0.003864580998197198,0,0.0000005293163098940568,0.01579022780060768,94.65396881103516,94.65111541748047,-0.35514307022094727,0,3.4844298362731934
0.10906999558210373,0.09999938309192657,0.0000005050002300777123,-0.0031305255834013224,0,0.0000006073630629543914,0.015609354712069035,80.83293151855469,80.83015441894531,0.17075878381729126,0,3.4844298362731934
0.10907499492168427,0.09999936819076538,0.0000005050002300777123,-0.0024232619907706976,0,0.0000006858446681690111,0.015696320682764053,58.411930084228516,58.40917205810547,1.105616807937622,0,3.4844298362731934
0.1090799942612648,0.09999936074018478,0.0000005050002300777123,-0.0017301037441939116,0,0.0000007671416710763879,0.01625940576195717,29.621662139892578,29.618974685668945,2.340632915496826,0,3.4844298362731934
0.10908499360084534,0.09999935328960419,0.0000005050002300777123,-0.001063044648617506,0,0.0000008543990475118335,0.01745148003101349,2.7216415405273438,-2.7243289947509766,3.738010883331299,0,3.4844298362731934
0.10909000039100647,0.09999935328960419,0.0000005050002300777123,-0.0004066202091053128,0,0.0000009511751954960346,0.019355233758687973,35.491512298583984,-35.494163513183594,5.144484043121338,0,3.4844298362731934
0.109094999730587,0.09999935328960419,0.0000005050002300777123,0.0002293754369020462,0,0.000001061051648321154,0.02197529748082161,65.55420684814453,-65.55690002441406,6.406261920928955,0,3.4844298362731934
0.10909999907016754,0.09999936074018478,0.0000005050002300777123,0.0008619509171694517,0,0.000001187241537081718,0.025237981230020523,90.07167053222656,-90.07435607910156,7.383944988250732,0,3.4844298362731934
0.10910499840974808,0.09999936819076538,0.0000005050002300777123,0.0014821470249444246,0,0.0000013322345466804109,0.028998594731092453,106.77352142333984,-106.77628326416016,7.965967655181885,0,3.4844298362731934
0.10910999774932861,0.09999937564134598,0.0000005050002300777123,0.002107069129124284,0,0.0000014975126987337717,0.033055629581213,114.1735610961914,-114.17646026611328,8.079275131225586,0,3.4844298362731934
0.10911499708890915,0.09999939054250717,0.0000005050002300777123,0.0027532002422958612,0,0.000001683364530435938,0.03717036917805672,111.70874786376953,-111.71176147460938,7.696206569671631,0,3.4844298362731934
0.10911999642848969,0.09999940544366837,0.0000005050002300777123,0.003409736091271043,0,0.000001888814608719258,0.041090015321969986,99.7876968383789,-99.79087829589844,6.83693790435791,0,3.4844298362731934
0.10912499576807022,0.09999942779541016,0.0000005050002300777123,0.004090683069080114,0,0.0000021116748030181043,0.04457203671336174,79.74507141113281,-79.74837493896484,5.567258358001709,0,3.4844298362731934
0.10912999510765076,0.09999945014715195,0.0000005050002300777123,0.004782191012054682,0,0.0000023487118596676737,0.04740741476416588,53.70515823364258,-53.708621978759766,3.9919092655181885,0,3.4844298362731934
0.10913499444723129,0.09999947994947433,0.0000005050002300777123,0.005494758021086454,0,0.000002595914338598959,0.049440477043390274,24.369810104370117,-24.373353958129883,2.2441582679748535,0,3.4844298362731934
0.10913999378681183,0.09999950975179672,0.0000005050002300777123,0.006210687104612589,0,0.0000028488314001151593,0.05058341845870018,5.250206470489502,5.246546745300293,0.47262075543403625,0,3.4844298362731934
0.10914500057697296,0.09999954700469971,0.0000005050002300777123,0.006936423014849424,0,0.0000031029519504954806,0.050824124366045,32.1322021484375,32.128536224365234,-1.1733617782592773,0,3.4844298362731934
0.1091499999165535,0.09999958425760269,0.0000005050002300777123,0.007650154177099466,0,0.0000033540845834068023,0.05022653564810753,53.54001235961914,53.53632736206055,-2.5583746433258057,0,3.4844298362731934
0.10915499925613403,0.09999962896108627,0.0000005050002300777123,0.008354293182492256,0,0.000003598702278395649,0.048923563212156296,67.29257202148438,67.28900146484375,-3.574169635772705,0,3.4844298362731934
0.10915999859571457,0.09999967366456985,0.0000005050002300777123,0.009023217484354973,0,0.000003834218659903854,0.04710325226187706,71.97863006591797,71.9751968383789,-4.150204181671143,0,3.4844298362731934
0.1091649979352951,0.09999971836805344,0.0000005050002300777123,0.00965588353574276,0,0.000004059166712977458,0.04498956725001335,67.09468078613281,67.09140014648438,-4.260451793670654,0,3.4844298362731934
0.10916999727487564,0.09999977052211761,0.0000005050002300777123,0.010249776765704155,0,0.000004273265403753612,0.042819734662771225,53.0940055847168,53.09104537963867,-3.9258265495300293,0,3.4844298362731934
0.10917499661445618,0.0999998226761818,0.0000005050002300777123,0.010774916037917137,0,0.0000044773669287678786,0.040820326656103134,31.36309051513672,31.36050033569336,-3.212867259979248,0,3.4844298362731934
0.10917999595403671,0.09999988228082657,0.0000005050002300777123,0.011226613074541092,0,0.0000046732870941923466,0.03918403014540672,4.166621685028076,4.16459846496582,-2.2305140495300293,0,3.4844298362731934
0.10918499529361725,0.09999994188547134,0.0000005050002300777123,0.011573471128940582,0,0.000004863527465204243,0.03804804012179375,25.69698715209961,-25.69839096069336,-1.1139730215072632,0,3.4844298362731934
0.10918999463319778,0.10000000149011612,0.0000005050002300777123,0.011810194700956345,0,0.000005050931122241309,0.03748070076107979,55.241573333740234,-55.242305755615234,-0.008208692073822021,0,3.4844298362731934
0.10919499397277832,0.1000000610947609,0.0000005050002300777123,0.011931778863072395,0,0.0000052383138609002344,0.037476520985364914,83.0584716796875,-83.05847930908203,1.0202256441116333,0,3.4844298362731934
0.10920000076293945,0.10000012069940567,0.0000005050002300777123,0.011933743953704834,0,0.000005428294571174774,0.037996117025613785,101.73412322998047,-101.73343658447266,1.6042779684066772,0,3.4844298362731934
0.10920500010251999,0.10000018030405045,0.0000005050002300777123,0.011823328211903572,0,0.000005622360276902327,0.03881317004561424,113.18101501464844,-113.1795883178711,1.842733383178711,0,3.4844298362731934
0.10920999944210052,0.10000023990869522,0.0000005050002300777123,0.011597810313105583,0,0.000005821118520543678,0.03975166752934456,116.49292755126953,-116.49073791503906,1.6928339004516602,0,3.4844298362731934
0.10921499878168106,0.10000029951334,0.0000005050002300777123,0.01125493086874485,0,0.000006024187769071432,0.040613818913698196,111.35266876220703,-111.34967803955078,1.1405528783798218,0,3.4844298362731934
0.1092199981212616,0.10000035166740417,0.0000005050002300777123,0.010793149471282959,0,0.000006230161034181947,0.041194695979356766,98.20268249511719,-98.19902801513672,0.20908650755882263,0,3.4844298362731934
0.10922499746084213,0.10000040382146835,0.0000005050002300777123,0.010235404595732689,0,0.00000643666680844035,0.041301179677248,78.20845031738281,-78.20411682128906,-1.0429943799972534,0,3.4844298362731934
0.10922999680042267,0.10000044852495193,0.0000005050002300777123,0.00958133116364479,0,0.000006640516858169576,0.04076999053359032,53.15631103515625,-53.15145492553711,-2.5267515182495117,0,3.4844298362731934
0.1092349961400032,0.10000049322843552,0.0000005050002300777123,0.008854707702994347,0,0.00000683793268763111,0.03948312625288963,25.297029495239258,-25.29163360595703,-4.13062047958374,0,3.4844298362731934
0.10923999547958374,0.1000005304813385,0.0000005050002300777123,0.008055636659264565,0,0.0000070248297561192885,0.037379417568445206,2.85379695892334,2.859572172164917,-5.730196952819824,0,3.4844298362731934
0.10924499481916428,0.10000056773424149,0.0000005050002300777123,0.007207980379462242,0,0.000007197134891612222,0.03446105495095253,28.73810577392578,28.744264602661133,-7.199207782745361,0,3.4844298362731934
0.10924999415874481,0.10000059753656387,0.0000005050002300777123,0.006311544217169285,0,0.000007351107342401519,0.030794527381658554,49.983642578125,49.990028381347656,-8.420698165893555,0,3.4844298362731934
0.10925500094890594,0.10000062733888626,0.0000005050002300777123,0.0053895143792033195,0,0.000007483636636607116,0.026505902409553528,64.615234375,64.62185668945313,-9.29743766784668,0,3.4844298362731934
0.10926000028848648,0.10000064969062805,0.0000005050002300777123,0.004440667107701302,0,0.000007592490419483511,0.02177075669169426,71.23297882080078,71.23968505859375,-9.760638236999512,0,3.4844298362731934
0.10926499962806702,0.10000066459178925,0.0000005050002300777123,0.003486837260425091,0,0.000007676489076402504,0.016799703240394592,69.13902282714844,69.14566040039063,-9.7761812210083,0,3.4844298362731934
0.10926999896764755,0.10000067949295044,0.0000005050002300777123,0.002548886463046074,0,0.000007735592589597218,0.011820735409855843,58.40330505371094,58.4099006652832,-9.34782600402832,0,3.4844298362731934
0.10927499830722809,0.10000068694353104,0.0000005050002300777123,0.0016227004816755652,0,0.000007770891897962429,0.00705992616713047,39.86215591430664,39.86857223510742,-8.517081260681152,0,3.4844298362731934
0.10927999764680862,0.10000068694353104,0.0000005050002300777123,0.0007267507608048618,0,0.000007784503395669162,0.0027222128119319677,15.048352241516113,15.054462432861328,-7.359755992889404,0,3.4844298362731934
0.10928499698638916,0.10000068694353104,0.0000005050002300777123,-0.00012183061335235834,0,0.000007779372936056461,-0.0010260799899697304,13.939987182617188,-13.934136390686035,-5.979475498199463,0,3.4844298362731934
0.1092899963259697,0.10000067949295044,0.0000005050002300777123,-0.0009311353787779808,0,0.000007759015716146678,-0.004071401432156563,44.620296478271484,-44.61481475830078,-4.498727798461914,0,3.4844298362731934
0.10929499566555023,0.10000067204236984,0.0000005050002300777123,-0.0016867897938936949,0,0.000007727202500973362,-0.0063625844195485115,74.34204864501953,-74.33686828613281,-3.04822039604187,0,3.4844298362731934
0.10929999500513077,0.10000065714120865,0.0000005050002300777123,-0.002399466000497341,0,0.000007687627658015117,-0.007915030233561993,100.5174789428711,-100.5126953125,-1.7554728984832764,0,3.4844298362731934
0.1093049943447113,0.10000064224004745,0.0000005050002300777123,-0.0030571110546588898,0,0.000007643582648597658,-0.008809085004031658,120.84893035888672,-120.8444595336914,-0.7336542010307312,0,3.4844298362731934
0.10930999368429184,0.10000062733888626,0.0000005050002300777123,-0.0036723846569657326,0,0.000007597669082315406,-0.009182731620967388,133.53038024902344,-133.526123046875,-0.07163427025079727,0,3.4844298362731934
0.10931500047445297,0.10000060498714447,0.0000005050002300777123,-0.0042585404589772224,0,0.0000075515731623454485,-0.009219215251505375,137.40701293945313,-137.40304565429688,0.17386652529239655,0,3.4844298362731934
0.10931999981403351,0.10000058263540268,0.0000005050002300777123,-0.004805287346243858,0,0.000007505919711547904,-0.009130665101110935,132.07884216308594,-132.07508850097656,-0.01666060835123062,0,3.4844298362731934
0.10932499915361404,0.10000055283308029,0.0000005050002300777123,-0.005326173268258572,0,0.0000074602239692467265,-0.009139149449765682,117.9376220703125,-117.93414306640625,-0.6236802339553833,0,3.4844298362731934
0.10932999849319458,0.1000005230307579,0.0000005050002300777123,-0.005810720846056938,0,0.000007412940249196254,-0.009456786327064037,96.13581085205078,-96.13253021240234,-1.5901927947998047,0,3.4844298362731934
0.10933499783277512,0.10000049322843552,0.0000005050002300777123,-0.006271814927458763,0,0.000007361607003986137,-0.010266664437949657,68.48825073242188,-68.48506927490234,-2.826582670211792,0,3.4844298362731934
0.10933999717235565,0.10000045597553253,0.0000005050002300777123,-0.0067215776070952415,0,0.000007303076017706189,-0.011706230230629444,37.31622314453125,-37.3132438659668,-4.2183146476745605,0,3.4844298362731934
0.10934499651193619,0.10000041872262955,0.0000005050002300777123,-0.0071472665295004845,0,0.0000072338029895036016,-0.013854599557816982,5.247819423675537,-5.244966506958008,-5.635826587677002,0,3.4844298362731934
0.10934999585151672,0.10000038146972656,0.0000005050002300777123,-0.007558733224868774,0,0.000007150178589654388,-0.016724903136491776,25.00972557067871,25.01250457763672,-6.945733547210693,0,3.4844298362731934
0.10935499519109726,0.10000034421682358,0.0000005050002300777123,-0.007964394055306911,0,0.000007048866791592445,-0.020262334495782852,50.904052734375,50.906803131103516,-8.022391319274902,0,3.4844298362731934
0.1093599945306778,0.10000029951334,0.0000005050002300777123,-0.008370964787900448,0,0.00000692712637828663,-0.024348106235265732,70.25868225097656,70.26128387451172,-8.758793830871582,0,3.4844298362731934
0.10936499387025833,0.10000025480985641,0.0000005050002300777123,-0.00875952746719122,0,0.000006783081971661886,-0.028808921575546265,81.46078491210938,81.46326446533203,-9.075860023498535,0,3.4844298362731934
0.10937000066041946,0.10000021010637283,0.0000005050002300777123,-0.009133190847933292,0,0.00000661592594042304,-0.033431217074394226,83.60082244873047,83.60317993164063,-8.929305076599121,0,3.4844298362731934
0.109375,0.10000016540288925,0.0000005050002300777123,-0.009493269957602024,0,0.000006426031632145168,-0.037978872656822205,76.55027770996094,76.5525131225586,-8.313490867614746,0,3.4844298362731934
0.10937999933958054,0.10000011324882507,0.0000005050002300777123,-0.009839250706136227,0,0.000006214967015694128,-0.042212896049022675,60.97187042236328,60.97383117675781,-7.261921405792236,0,3.4844298362731934
0.10938499867916107,0.1000000610947609,0.0000005050002300777123,-0.010145084001123905,0,0.00000598541009821929,-0.04591136425733566,38.26026153564453,38.26191711425781,-5.844351291656494,0,3.4844298362731934
0.10938999801874161,0.10000000894069672,0.0000005050002300777123,-0.010407076217234135,0,0.000005740970664191991,-0.04888787120580673,10.39199161529541,10.393321990966797,-4.159579753875732,0,3.4844298362731934
0.10939499735832214,0.09999995678663254,0.0000005050002300777123,-0.010620205663144588,0,0.000005485939254867844,-0.05100632458925247,20.1651668548584,-20.164194107055664,-2.3303587436676025,0,3.4844298362731934
0.10939999669790268,0.09999990463256836,0.0000005050002300777123,-0.010778180323541164,0,0.000005224973392614629,-0.05219316482543945,50.720890045166016,-50.72031021118164,-0.49055376648902893,0,3.4844298362731934
0.10940499603748322,0.09999985247850418,0.0000005050002300777123,-0.01087364461272955,0,0.000004962758339388529,-0.0524430051445961,78.59941101074219,-78.59925842285156,1.226533055305481,0,3.4844298362731934
0.10940999537706375,0.09999980032444,0.0000005050002300777123,-0.010898425243794918,0,0.000004703666490968317,-0.05181833356618881,103.51181030273438,-103.51216888427734,2.806607246398926,0,3.4844298362731934
0.10941499471664429,0.09999974817037582,0.0000005050002300777123,-0.010838343761861324,0,0.000004451721906661987,-0.050388939678668976,120.60305786132813,-120.60395812988281,4.006575584411621,0,3.4844298362731934
0.10941999405622482,0.09999969601631165,0.0000005050002300777123,-0.010681149549782276,0,0.0000042099800339201465,-0.048348404467105865,128.1476593017578,-128.14918518066406,4.739229202270508,0,3.4844298362731934
0.10942500084638596,0.09999964386224747,0.0000005050002300777123,-0.010417276062071323,0,0.000003980306246376131,-0.04593473672866821,125.4833984375,-125.48555755615234,4.969856262207031,0,3.4844298362731934
0.10943000018596649,0.09999959170818329,0.0000005050002300777123,-0.010037695057690144,0,0.0000037632883049809607,-0.043403610587120056,112.9297103881836,-112.93251037597656,4.712175369262695,0,3.4844298362731934
0.10943499952554703,0.09999954700469971,0.0000005050002300777123,-0.009534231387078762,0,0.0000035582697819336317,-0.041003718972206116,91.75199890136719,-91.75531005859375,4.026607513427734,0,3.4844298362731934
0.10943999886512756,0.09999950230121613,0.0000005050002300777123,-0.008925938047468662,0,0.000003363504902154091,-0.03895298391580582,64.03441619873047,-64.03826141357422,3.014064311981201,0,3.4844298362731934
0.1094449982047081,0.09999945759773254,0.0000005050002300777123,-0.008206709288060665,0,0.0000031764152481628116,-0.037417933344841,32.474998474121094,-32.47937774658203,1.8058594465255737,0,3.4844298362731934
0.10944999754428864,0.09999942034482956,0.0000005050002300777123,-0.0073715876787900925,0,0.000002993924226757372,-0.03649821877479553,0.12188339233398438,-0.12665271759033203,0.550731897354126,0,3.4844298362731934
0.10945499688386917,0.09999939054250717,0.0000005050002300777123,-0.006443017162382603,0,0.000002812835646182066,-0.03621773421764374,29.923452377319336,29.918424606323242,-0.599751353263855,0,3.4844298362731934
0.10945999622344971,0.09999936074018478,0.0000005050002300777123,-0.005444430746138096,0,0.0000026302197966288077,-0.036523185670375824,54.80674743652344,54.80147171020508,-1.5060045719146729,0,3.4844298362731934
0.10946499556303024,0.099999338388443,0.0000005050002300777123,-0.0043738000094890594,0,0.0000024437688352918485,-0.03729018568992615,72.19611358642578,72.19071960449219,-2.0540037155151367,0,3.4844298362731934
0.10946999490261078,0.0999993234872818,0.0000005050002300777123,-0.0032558785751461983,0,0.0000022520873699249933,-0.03833628445863724,80.50616455078125,80.50076293945313,-2.1663260459899902,0,3.4844298362731934
0.10947499424219131,0.0999993160367012,0.0000005050002300777123,-0.002115705981850624,0,0.0000020548893644445343,-0.03943958878517151,79.04849243164063,79.043212890625,-1.8095893859863281,0,3.4844298362731934
0.10947999358177185,0.0999993085861206,0.0000005050002300777123,-0.000978187657892704,0,0.0000018530834040575428,-0.040361203253269196,68.09465789794922,68.0894775390625,-0.9975736141204834,0,3.4844298362731934
0.10948500037193298,0.0999993085861206,0.0000005050002300777123,0.00015840854030102491,0,0.0000016487371112816618,-0.04086926579475403,48.845069885253906,48.8400993347168,0.21026736497879028,0,3.4844298362731934
0.10948999971151352,0.0999993160367012,0.0000005050002300777123,0.0012702160747721791,0,0.0000014449262835114496,-0.04076217859983444,23.308277130126953,23.303598403930664,1.714742660522461,0,3.4844298362731934
0.10949499905109406,0.0999993309378624,0.0000005050002300777123,0.002334236167371273,0,0.0000012454819398044492,-0.03988886624574661,5.898831844329834,-5.903133869171143,3.386730909347534,0,3.4844298362731934
0.10949999839067459,0.09999934583902359,0.0000005050002300777123,0.0033286870457232,0,0.0000010546618796070106,-0.03816401958465576,35.809391021728516,-35.8133544921875,5.079890251159668,0,3.4844298362731934
0.10950499773025513,0.09999936819076538,0.0000005050002300777123,0.004259395878762007,0,0.0000008767776193963073,-0.035576850175857544,63.39909362792969,-63.40266036987305,6.645025730133057,0,3.4844298362731934
0.10950999706983566,0.09999939054250717,0.0000005050002300777123,0.0051074218936264515,0,0.0000007158147923291835,-0.03219256550073624,85.88311767578125,-85.88632202148438,7.9447174072265625,0,3.4844298362731934
0.1095149964094162,0.09999942034482956,0.0000005050002300777123,0.005881435703486204,0,0.0000005750830496253911,-0.028146352618932724,100.99008178710938,-100.99288177490234,8.866780281066895,0,3.4844298362731934
0.10951999574899673,0.09999945014715195,0.0000005050002300777123,0.006565242540091276,0,0.0000004569303655443946,-0.0236305370926857,107.18474578857422,-107.18718719482422,9.335238456726074,0,3.4844298362731934
0.10952499508857727,0.09999948740005493,0.0000005050002300777123,0.007170066703110933,0,0.0000003625496560744068,-0.01887613907456398,103.81925964355469,-103.82130432128906,9.317748069763184,0,3.4844298362731934
0.1095299944281578,0.09999952465295792,0.0000005050002300777123,0.0076819839887320995,0,0.0000002918964128184598,-0.014130648225545883,91.19682312011719,-91.19853973388672,8.82874870300293,0,3.4844298362731934
0.10953499376773834,0.0999995619058609,0.0000005050002300777123,0.00811412651091814,0,0.00000024372539542127925,-0.00963420420885086,70.5428237915039,-70.54426574707031,7.928022861480713,0,3.4844298362731934
0.10954000055789948,0.09999960660934448,0.0000005050002300777123,0.008480136282742023,0,0.0000002157429150884127,-0.005596495233476162,43.88536071777344,-43.886478424072266,6.714820861816406,0,3.4844298362731934
0.10954499989748001,0.09999965131282806,0.0000005050002300777123,0.008767598308622837,0,0.0000002048595888481941,-0.002176665235310793,13.856733322143555,-13.857595443725586,5.318105220794678,0,3.4844298362731934
0.10954999923706055,0.09999969601631165,0.0000005050002300777123,0.008990197442471981,0,0.000000207518709771648,0.0005318234325386584,16.56387710571289,16.56321907043457,3.8838696479797363,0,3.4844298362731934
0.10955499857664108,0.09999974071979523,0.0000005050002300777123,0.009161149151623249,0,0.00000022006801714269386,0.002509861718863249,42.43386459350586,42.43335723876953,2.6562111377716064,0,3.4844298362731934
0.10955999791622162,0.09999978542327881,0.0000005050002300777123,0.00929273571819067,0,0.0000002393813076650986,0.0038626589812338352,60.86966323852539,60.86927032470703,1.7764484882354736,0,3.4844298362731934
0.10956499725580215,0.09999983012676239,0.0000005050002300777123,0.009395877830684185,0,0.0000002632182827255747,0.004767396952956915,73.41885375976563,73.41853332519531,1.1647441387176514,0,3.4844298362731934
0.10956999659538269,0.09999987483024597,0.0000005050002300777123,0.009479752741754055,0,0.00000029002126211707946,0.005360596347600222,78.70780944824219,78.70753479003906,0.8879070281982422,0,3.4844298362731934
0.10957499593496323,0.09999991953372955,0.0000005050002300777123,0.009551470167934895,0,0.00000031908527375890117,0.005812803748995066,76.00042724609375,76.00016784667969,0.9815999269485474,0,3.4844298362731934
0.10957999527454376,0.09999996423721313,0.0000005050002300777123,0.009615828283131123,0,0.00000035064891790170805,0.006312728393822908,64.59610748291016,64.59587860107422,1.4805220365524292,0,3.4844298362731934
0.1095849946141243,0.10000000894069672,0.0000005050002300777123,0.009675138629972935,0,0.0000003859826733787486,0.007066752295941114,45.12666320800781,45.12644958496094,2.352911949157715,0,3.4844298362731934
0.10958999395370483,0.1000000610947609,0.0000005050002300777123,0.009729153476655483,0,0.00000042730806626423146,0.00826507993042469,19.360544204711914,19.360464096069336,3.5111942291259766,0,3.4844298362731934
0.10959500074386597,0.10000011324882507,0.0000005050002300777123,0.009749147109687328,0,0.0000004775746447194251,0.010053316131234169,7.000513076782227,-7.000445365905762,4.672267436981201,0,3.4844298362731934
0.1096000000834465,0.10000016540288925,0.0000005050002300777123,0.009732392616569996,0,0.0000005397390623329557,0.012432882562279701,35.07162094116211,-35.071388244628906,5.894420146942139,0,3.4844298362731934
0.10960499942302704,0.10000021010637283,0.0000005050002300777123,0.00967520009726286,0,0.0000006169134962874523,0.015434885397553444,61.79375076293945,-61.79341506958008,7.027618408203125,0,3.4844298362731934
0.10960999876260757,0.10000025480985641,0.0000005050002300777123,0.00959442462772131,0,0.000000711983602741384,0.0190140213817358,84.75897216796875,-84.75849914550781,7.9545578956604,0,3.4844298362731934
0.10961499810218811,0.10000029951334,0.0000005050002300777123,0.009481691755354404,0,0.0000008273098046629457,0.023065244778990746,101.87154388427734,-101.87088775634766,8.57353687286377,0,3.4844298362731934
0.10961999744176865,0.10000034421682358,0.0000005050002300777123,0.009327379055321217,0,0.0000009644683132137288,0.027431709691882133,111.53670501708984,-111.53582000732422,8.807703971862793,0,3.4844298362731934
0.10962499678134918,0.10000038892030716,0.0000005050002300777123,0.009120921604335308,0,0.000001124055529544421,0.03191743791103363,112.80596160888672,-112.8047866821289,8.612170219421387,0,3.4844298362731934
0.10962999612092972,0.10000043362379074,0.0000005050002300777123,0.00885115284472704,0,0.0000013055733916189638,0.036303579807281494,105.46595764160156,-105.46443176269531,7.978330612182617,0,3.4844298362731934
0.10963499546051025,0.10000047832727432,0.0000005050002300777123,0.008506654761731625,0,0.0000015074078874022234,0.04036691039800644,90.06283569335938,-90.06090545654297,6.9350199699401855,0,3.4844298362731934
0.10963999480009079,0.10000051558017731,0.0000005050002300777123,0.008076122961938381,0,0.0000017269023828703212,0.04389888793230057,67.85972595214844,-67.85743713378906,5.546368598937988,0,3.4844298362731934
0.10964499413967133,0.10000055283308029,0.0000005050002300777123,0.007572441827505827,0,0.0000019605204215622507,0.0467236265540123,40.73115539550781,-40.72844314575195,3.9065473079681396,0,3.4844298362731934
0.10965000092983246,0.10000059008598328,0.0000005050002300777123,0.0069852243177592754,0,0.0000022040865133021725,0.048713214695453644,11.002534866333008,-10.999343872070313,2.131835699081421,0,3.4844298362731934
0.109655000269413,0.10000061988830566,0.0000005050002300777123,0.006304852198809385,0,0.000002453081378916977,0.04979895055294037,18.75037384033203,18.75398826599121,0.35071462392807007,0,3.4844298362731934
0.10965999960899353,0.10000064969062805,0.0000005050002300777123,0.005546503234654665,0,0.000002702969140955247,0.04997757077217102,45.924659729003906,45.92875289916992,-1.307168960571289,0,3.4844298362731934
0.10966499894857407,0.10000067204236984,0.0000005050002300777123,0.004702609498053789,0,0.0000029495283797587035,0.04931183159351349,68.1176528930664,68.12215423583984,-2.722193479537964,0,3.4844298362731934
0.1096699982881546,0.10000069439411163,0.0000005050002300777123,0.003790533635765314,0,0.000003189155449945247,0.0479254275560379,83.33688354492188,83.34184265136719,-3.795135736465454,0,3.4844298362731934
0.10967499762773514,0.10000070929527283,0.0000005050002300777123,0.002804960124194622,0,0.0000034191184568044264,0.04599258303642273,90.17610931396484,90.18143463134766,-4.455813884735107,0,3.4844298362731934
0.10967999696731567,0.10000071674585342,0.0000005050002300777123,0.0017654960975050926,0,0.000003637734607764287,0.04372325539588928,87.93997955322266,87.94559478759766,-4.669239044189453,0,3.4844298362731934
0.10968499630689621,0.10000071674585342,0.0000005050002300777123,0.0006927093490958214,0,0.00000384446093448787,0.04134523123502731,76.7078628540039,76.71366119384766,-4.4387335777282715,0,3.4844298362731934
0.10968999564647675,0.10000071674585342,0.0000005050002300777123,-0.00039214908611029387,0,0.000004039884061057819,0.03908460587263107,57.330108642578125,57.33610534667969,-3.805732011795044,0,3.4844298362731934
0.10969499498605728,0.10000070929527283,0.0000005050002300777123,-0.001491159899160266,0,0.000004225616066833027,0.03714635968208313,31.357891082763672,31.36397361755371,-2.846280574798584,0,3.4844298362731934
0.10969999432563782,0.10000069439411163,0.0000005050002300777123,-0.002582237357273698,0,0.000004404099854582455,0.035696759819984436,0.9113525748252869,0.9173941612243652,-1.664528727531433,0,3.4844298362731934
0.10970499366521835,0.10000067949295044,0.0000005050002300777123,-0.0036431706976145506,0,0.000004578344942274271,0.034849025309085846,31.501554489135742,-31.495548248291016,-0.38377368450164795,0,3.4844298362731934
0.10971000045537949,0.10000065714120865,0.0000005050002300777123,-0.0046756695955991745,0,0.000004751612777909031,0.03465357422828674,63.19967269897461,-63.19384765625,0.8641642928123474,0,3.4844298362731934
0.10971499979496002,0.10000062733888626,0.0000005050002300777123,-0.005657878704369068,0,0.000004927081135974731,0.03509368747472763,91.55933380126953,-91.55382537841797,1.9503175020217896,0,3.4844298362731934
0.10971999913454056,0.10000059753656387,0.0000005050002300777123,-0.006568410433828831,0,0.0000051075157898594625,0.036086976528167725,114.23966979980469,-114.2344970703125,2.759702444076538,0,3.4844298362731934
0.1097249984741211,0.10000056028366089,0.0000005050002300777123,-0.0074103642255067825,0,0.000005294978109304793,0.03749248385429382,129.38330078125,-129.3785858154297,3.2012526988983154,0,3.4844298362731934
0.10972999781370163,0.1000005230307579,0.0000005050002300777123,-0.008163798600435257,0,0.0000054905926845094655,0.039122872054576874,135.7758331298828,-135.77157592773438,3.2156753540039063,0,3.4844298362731934
0.10973499715328217,0.10000047832727432,0.0000005050002300777123,-0.008833415806293488,0,0.0000056943954405141994,0.040760599076747894,132.94874572753906,-132.94508361816406,2.7805655002593994,0,3.4844298362731934
0.1097399964928627,0.10000043362379074,0.0000005050002300777123,-0.009400986135005951,0,0.0000059052790675195865,0.042176730930805206,121.21858215332031,-121.21549987792969,1.9123215675354004,0,3.4844298362731934
0.10974499583244324,0.10000038146972656,0.0000005050002300777123,-0.009872976690530777,0,0.000006121032583905617,0.04315067082643509,101.65711212158203,-101.65473175048828,0.6647156476974487,0,3.4844298362731934
0.10974999517202377,0.10000032931566238,0.0000005050002300777123,-0.010232917964458466,0,0.0000063384786699316464,0.043489210307598114,75.99723052978516,-75.99552154541016,-0.8757715225219727,0,3.4844298362731934
0.10975499451160431,0.1000002771615982,0.0000005050002300777123,-0.010488979518413544,0,0.000006553694674948929,0.04304318130016327,46.48090744018555,-46.47982406616211,-2.597425937652588,0,3.4844298362731934
0.10975999385118484,0.10000022500753403,0.0000005050002300777123,-0.010649995878338814,0,0.000006762296379747568,0.041720323264598846,15.664007186889648,-15.663496971130371,-4.372933864593506,0,3.4844298362731934
0.10976500064134598,0.10000017285346985,0.0000005050002300777123,-0.01072518527507782,0,0.000006959762231417699,0.03949320316314697,13.91010856628418,13.9100980758667,-6.07555627822876,0,3.4844298362731934
0.10976999998092651,0.10000012069940567,0.0000005050002300777123,-0.010723721235990524,0,0.0000071417571234633215,0.03639894723892212,42.073829650878906,42.07331085205078,-7.697153091430664,0,3.4844298362731934
0.10977499932050705,0.10000006854534149,0.0000005050002300777123,-0.010648099705576897,0,0.000007304151040443685,0.03247881680727005,63.38827133178711,63.38730239868164,-8.965705871582031,0,3.4844298362731934
0.10977999866008759,0.10000001639127731,0.0000005050002300777123,-0.010507907718420029,0,0.0000074437139119254425,0.027912620455026627,75.92290496826172,75.92154693603516,-9.784193992614746,0,3.4844298362731934
0.10978499799966812,0.09999996423721313,0.0000005050002300777123,-0.010311981663107872,0,0.000007558361630799482,0.022929571568965912,78.59159088134766,78.58988952636719,-10.097328186035156,0,3.4844298362731934
0.10978999733924866,0.09999991208314896,0.0000005050002300777123,-0.010068114846944809,0,0.000007647297024959698,0.017787043005228043,71.25033569335938,71.24832153320313,-9.896438598632813,0,3.4844298362731934
0.1097949966788292,0.09999985992908478,0.0000005050002300777123,-0.00978279672563076,0,0.000007711030775681138,0.01274682767689228,54.70729446411133,54.705020904541016,-9.219992637634277,0,3.4844298362731934
0.10979999601840973,0.0999998152256012,0.0000005050002300777123,-0.009460994973778725,0,0.000007751286830171011,0.008051123470067978,30.652528762817383,30.65019416809082,-8.150091171264648,0,3.4844298362731934
0.10980499535799026,0.09999977052211761,0.0000005050002300777123,-0.009131843224167824,0,0.000007770788215566427,0.003900316543877125,1.4809141159057617,1.4785207509994507,-6.80381441116333,0,3.4844298362731934
0.1098099946975708,0.09999972581863403,0.0000005050002300777123,-0.008795905858278275,0,0.000007772963726893067,0.0004351624520495534,29.94381332397461,-29.946279525756836,-5.3216471672058105,0,3.4844298362731934
0.10981499403715134,0.09999968111515045,0.0000005050002300777123,-0.008451243862509727,0,0.000007761587767163292,-0.002275130245834589,60.56830596923828,-60.57087707519531,-3.8537211418151855,0,3.4844298362731934
0.10982000082731247,0.09999964386224747,0.0000005050002300777123,-0.008093483746051788,0,0.000007740398359601386,-0.004237814340740442,87.44607543945313,-87.4486083984375,-2.5452182292938232,0,3.4844298362731934
0.109825000166893,0.09999960660934448,0.0000005050002300777123,-0.0077420566231012344,0,0.000007712727892794646,-0.005534083116799593,108.02136993408203,-108.02393341064453,-1.5223438739776611,0,3.4844298362731934
0.10982999950647354,0.0999995693564415,0.0000005050002300777123,-0.0073878029361367226,0,0.00000768118115956895,-0.006309406366199255,120.37493133544922,-120.3775863647461,-0.8802255988121033,0,3.4844298362731934
0.10983499884605408,0.09999953210353851,0.0000005050002300777123,-0.007019376382231712,0,0.000007647392521903384,-0.006757701281458139,123.40595245361328,-123.4088134765625,-0.6739075183868408,0,3.4844298362731934
0.10983999818563461,0.09999950230121613,0.0000005050002300777123,-0.0066236453130841255,0,0.000007611888122482924,-0.0071009197272360325,116.93421936035156,-116.93717956542969,-0.9132931232452393,0,3.4844298362731934
0.10984499752521515,0.09999947249889374,0.0000005050002300777123,-0.006212236359715462,0,0.000007574057690362679,-0.007566055748611689,101.71124267578125,-101.71441650390625,-1.5625197887420654,0,3.4844298362731934
0.10984999686479568,0.09999944269657135,0.0000005050002300777123,-0.005769412964582443,0,0.000007532248673669528,-0.00836184062063694,79.3418960571289,-79.34541320800781,-2.5438079833984375,0,3.4844298362731934
0.10985499620437622,0.09999941289424896,0.0000005050002300777123,-0.005278708413243294,0,0.000007483961780963,-0.009657390415668488,52.12224578857422,-52.12619400024414,-3.745396137237549,0,3.4844298362731934
0.10985999554395676,0.09999939054250717,0.0000005050002300777123,-0.004723508842289448,0,0.00000742613747206633,-0.011564904823899269,22.810705184936523,-22.815017700195313,-5.032773017883301,0,3.4844298362731934
0.10986499488353729,0.09999936819076538,0.0000005050002300777123,-0.004113717004656792,0,0.0000073554970185796265,-0.014128074049949646,5.645822048187256,5.641044616699219,-6.262106418609619,0,3.4844298362731934
0.10986999422311783,0.09999935328960419,0.0000005050002300777123,-0.003433690406382084,0,0.000007268910394486738,-0.017317339777946472,30.402381896972656,30.39723014831543,-7.294548034667969,0,3.4844298362731934
0.10987499356269836,0.099999338388443,0.0000005050002300777123,-0.00269496301189065,0,0.00000716374825060484,-0.0210324227809906,48.99711990356445,48.99150848388672,-8.010013580322266,0,3.4844298362731934
0.1098800003528595,0.0999993309378624,0.0000005050002300777123,-0.0018841236596927047,0,0.00000703818886904628,-0.025111887603998184,59.59284973144531,59.58689498901367,-8.319099426269531,0,3.4844298362731934
0.10988499969244003,0.0999993234872818,0.0000005050002300777123,-0.0010154593037441373,0,0.000006891445082146674,-0.029348768293857574,61.15840530395508,61.15204620361328,-8.171958923339844,0,3.4844298362731934
0.10988999903202057,0.0999993234872818,0.0000005050002300777123,-0.00007873773574829102,0,0.000006723891601723153,-0.0335107147693634,53.56917190551758,53.562530517578125,-7.563277244567871,0,3.4844298362731934
0.1098949983716011,0.0999993309378624,0.0000005050002300777123,0.0009082594187930226,0,0.0000065370782067475375,-0.037362657487392426,37.619632720947266,37.61286544799805,-6.53286600112915,0,3.4844298362731934
0.10989999771118164,0.099999338388443,0.0000005050002300777123,0.0019259897526353598,0,0.000006333629244181793,-0.04068981856107712,14.94515609741211,14.93822956085205,-5.161807060241699,0,3.4844298362731934
0.10990499705076218,0.09999935328960419,0.0000005050002300777123,0.0029794664587825537,0,0.000006117035809438676,-0.04331870377063751,12.139674186706543,-12.146600723266602,-3.564530849456787,0,3.4844298362731934
0.10990999639034271,0.09999937564134598,0.0000005050002300777123,0.004045906011015177,0,0.000005891365162824513,-0.045134104788303375,40.86855697631836,-40.87532424926758,-1.8776007890701294,0,3.4844298362731934
0.10991499572992325,0.09999939799308777,0.0000005050002300777123,0.005101158749312162,0,0.000005660913302563131,-0.04609035700559616,68.29637145996094,-68.302978515625,-0.2462938129901886,0,3.4844298362731934
0.10991999506950378,0.09999942779541016,0.0000005050002300777123,0.006146181840449572,0,0.000005429834345704876,-0.04621579498052597,91.5906753540039,-91.59696197509766,1.1897042989730835,0,3.4844298362731934
0.10992499440908432,0.09999946504831314,0.0000005050002300777123,0.007154835853725672,0,0.0000052017849156982265,-0.04560988396406174,108.3119125366211,-108.31771087646484,2.310091495513916,0,3.4844298362731934
0.10992999374866486,0.09999950230121613,0.0000005050002300777123,0.008100425824522972,0,0.0000049796180974226445,-0.044433362782001495,116.65644073486328,-116.66175842285156,3.0258841514587402,0,3.4844298362731934
0.10993500053882599,0.09999954700469971,0.0000005050002300777123,0.00898226909339428,0,0.000004765156518260483,-0.04289229214191437,115.63839721679688,-115.6430892944336,3.2883119583129883,0,3.4844298362731934
0.10993999987840652,0.09999959915876389,0.0000005050002300777123,0.00977354496717453,0,0.000004559068656817544,-0.04121756553649902,105.19121551513672,-105.19514465332031,3.093803882598877,0,3.4844298362731934
0.10994499921798706,0.09999965131282806,0.0000005050002300777123,0.01044786348938942,0,0.000004360859293228714,-0.03964190185070038,86.18001556396484,-86.1832046508789,2.4845571517944336,0,3.4844298362731934
0.1099499985575676,0.09999970346689224,0.0000005050002300777123,0.011005818843841553,0,0.000004168976829532767,-0.03837652504444122,60.32317352294922,-60.32565689086914,1.544628381729126,0,3.4844298362731934
0.10995499789714813,0.09999976307153702,0.0000005050002300777123,0.011448884382843971,0,0.000003981027475674637,-0.03758985549211502,30.02994155883789,-30.0316162109375,0.3919029235839844,0,3.4844298362731934
0.10995999723672867,0.0999998226761818,0.0000005050002300777123,0.011753270402550697,0,0.000003794076064878027,-0.03739026188850403,1.8305981159210205,1.8296856880187988,-0.8332842588424683,0,3.4844298362731934
0.1099649965763092,0.09999988228082657,0.0000005050002300777123,0.011922476813197136,0,0.000003605002802942181,-0.03781464695930481,32.205623626708984,32.205421447753906,-1.9817827939987183,0,3.4844298362731934
0.10996999591588974,0.09999994188547134,0.0000005050002300777123,0.011961083859205246,0,0.0000034108829822798725,-0.03882396221160889,54.02788543701172,54.02829360961914,-2.7038660049438477,0,3.4844298362731934
0.10997499525547028,0.10000000149011612,0.0000005050002300777123,0.01188245415687561,0,0.000003209877831977792,-0.04020103067159653,71.61177062988281,71.61273193359375,-3.218818187713623,0,3.4844298362731934
0.10997999459505081,0.1000000610947609,0.0000005050002300777123,0.011695630848407745,0,0.0000030006760880496586,-0.041840359568595886,81.57768249511719,81.5791244506836,-3.360952377319336,0,3.4844298362731934
0.10998499393463135,0.10000012069940567,0.0000005050002300777123,0.011406444013118744,0,0.0000027829157716041664,-0.04355207830667496,82.88140869140625,82.88330078125,-3.0816752910614014,0,3.4844298362731934
0.10999000072479248,0.10000017285346985,0.0000005050002300777123,0.011020820587873459,0,0.0000025573078801244264,-0.04512156546115875,75.23810577392578,75.24028778076172,-2.3697636127471924,0,3.4844298362731934
0.10999500006437302,0.10000022500753403,0.0000005050002300777123,0.01056833565235138,0,0.000002325665491298423,-0.046328477561473846,59.2476806640625,59.2501220703125,-1.2567850351333618,0,3.4844298362731934
0.10999999940395355,0.1000002771615982,0.0000005050002300777123,0.010054333135485649,0,0.0000020908228179905564,-0.046968549489974976,36.252445220947266,36.2551155090332,0.1892549842596054,0,3.4844298362731934
0.11000499874353409,0.10000032186508179,0.0000005050002300777123,0.009483473375439644,0,0.0000018564620631877915,-0.04687216132879257,8.223246574401855,8.22601318359375,1.8695584535598755,0,3.4844298362731934
0.11000999808311462,0.10000036656856537,0.0000005050002300777123,0.008883299306035042,0,0.000001626862058401457,-0.0459199994802475,22.410524368286133,-22.407678604125977,3.6629209518432617,0,3.4844298362731934
0.11001499742269516,0.10000041127204895,0.0000005050002300777123,0.008256308734416962,0,0.0000014065896039028303,-0.044054485857486725,52.971439361572266,-52.9685173034668,5.4361395835876465,0,3.4844298362731934
0.1100199967622757,0.10000044852495193,0.0000005050002300777123,0.007603585720062256,0,0.000001200160227199376,-0.04128587990999222,80.7675552368164,-80.76466369628906,7.0555291175842285,0,3.4844298362731934
0.11002499610185623,0.10000048577785492,0.0000005050002300777123,0.006948485970497131,0,0.000001011697577268933,-0.03769253194332123,103.3285140991211,-103.32564544677734,8.398540496826172,0,3.4844298362731934
0.11002999544143677,0.10000051558017731,0.0000005050002300777123,0.006288837641477585,0,0.0000008446216384072613,-0.03341519087553024,118.6224136352539,-118.6196517944336,9.364463806152344,0,3.4844298362731934
0.1100349947810173,0.1000005453824997,0.0000005050002300777123,0.005644442513585091,0,0.0000007013920821918873,-0.028645910322666168,125.23593139648438,-125.23324584960938,9.883267402648926,0,3.4844298362731934
0.11003999412059784,0.10000056773424149,0.0000005050002300777123,0.005009389482438564,0,0.0000005833300633639737,-0.023612402379512787,122.50020599365234,-122.49767303466797,9.921806335449219,0,3.4844298362731934
0.11004500091075897,0.10000059008598328,0.0000005050002300777123,0.0043996786698699,0,0.0000004905336936644744,-0.018559269607067108,110.55290222167969,-110.55046844482422,9.486833572387695,0,3.4844298362731934
0.11005000025033951,0.10000061243772507,0.0000005050002300777123,0.003805653192102909,0,0.00000042189537907688646,-0.013727664947509766,90.3293228149414,-90.32693481445313,8.624556541442871,0,3.4844298362731934
0.11005499958992004,0.10000062733888626,0.0000005050002300777123,0.00321602588519454,0,0.00000037521931517403573,-0.009335214272141457,63.48430633544922,-63.482017517089844,7.416757106781006,0,3.4844298362731934
0.11005999892950058,0.10000064224004745,0.0000005050002300777123,0.0026419521309435368,0,0.0000003474298750916205,-0.005557890981435776,32.251548767089844,-32.249298095703125,5.973817348480225,0,3.4844298362731934
0.11006499826908112,0.10000064969062805,0.0000005050002300777123,0.002069622278213501,0,0.0000003348526149693498,-0.0025154510512948036,0.7484946846961975,0.7506780028343201,4.425247669219971,0,3.4844298362731934
0.11006999760866165,0.10000065714120865,0.0000005050002300777123,0.001508131856098771,0,0.0000003335441647323023,-0.0002616909332573414,32.733924865722656,32.73610305786133,2.908536434173584,0,3.4844298362731934
0.11007499694824219,0.10000066459178925,0.0000005050002300777123,0.0009421377908438444,0,0.0000003396422414425615,0.0012196144089102745,61.00170135498047,61.003936767578125,1.5572986602783203,0,3.4844298362731934
0.11007999628782272,0.10000066459178925,0.0000005050002300777123,0.0003560632176231593,0,0.0000003497059424262261,0.002012740122154355,83.16109466552734,83.16336059570313,0.48974910378456116,0,3.4844298362731934
0.11008499562740326,0.10000066459178925,0.0000005050002300777123,-0.0002416913484921679,0,0.00000036101678801969683,0.00226216739974916,97.3399658203125,97.34233093261719,-0.20149371027946472,0,3.4844298362731934
0.1100899949669838,0.10000065714120865,0.0000005050002300777123,-0.0008660691091790795,0,0.0000003718145364928205,0.0021595472935587168,102.34671783447266,102.34913635253906,-0.4573896825313568,0,3.4844298362731934
0.11009499430656433,0.10000064969062805,0.0000005050002300777123,-0.001507450477220118,0,0.00000038144753489177674,0.0019266007002443075,97.77242279052734,97.77496337890625,-0.25753891468048096,0,3.4844298362731934
0.11009999364614487,0.10000064224004745,0.0000005050002300777123,-0.0021790126338601112,0,0.00000039042473076733586,0.0017954371869564056,84.02574920654297,84.0284652709961,0.378100723028183,0,3.4844298362731934
0.110105000436306,0.10000062733888626,0.0000005050002300777123,-0.0028925947844982147,0,0.00000040036474047155934,0.0019880023319274187,62.29656982421875,62.299415588378906,1.3910013437271118,0,3.4844298362731934
0.11010999977588654,0.10000061243772507,0.0000005050002300777123,-0.0036346050910651684,0,0.00000041384691940038465,0.002696433337405324,34.45159149169922,34.45460510253906,2.6891937255859375,0,3.4844298362731934
0.11011499911546707,0.10000059008598328,0.0000005050002300777123,-0.004413508344441652,0,0.00000043417705342108093,0.004066028166562319,2.8720474243164063,2.875173568725586,4.1552839279174805,0,3.4844298362731934
0.11011999845504761,0.10000056773424149,0.0000005050002300777123,-0.005212123040109873,0,0.00000046508853301929776,0.006182296667248011,29.753677368164063,-29.750411987304688,5.656667709350586,0,3.4844298362731934
0.11012499779462814,0.1000005379319191,0.0000005050002300777123,-0.006035225000232458,0,0.0000005104046181259037,0.00906321406364441,60.662925720214844,-60.65959548950195,7.057032108306885,0,3.4844298362731934
0.11012999713420868,0.10000050067901611,0.0000005050002300777123,-0.006861962843686342,0,0.0000005736912953580031,0.012657331302762032,87.2580795288086,-87.25477600097656,8.228157043457031,0,3.4844298362731934
0.11013499647378922,0.10000046342611313,0.0000005050002300777123,-0.007669857237488031,0,0.0000006579307978427096,0.016847897320985794,107.3306655883789,-107.32738494873047,9.0609769821167,0,3.4844298362731934
0.11013999581336975,0.10000041872262955,0.0000005050002300777123,-0.008458859287202358,0,0.0000007652438966943009,0.021462615579366684,119.25045776367188,-119.247314453125,9.474946975708008,0,3.4844298362731934
0.11014499515295029,0.10000037401914597,0.0000005050002300777123,-0.009203917346894741,0,0.000000896684696272132,0.026288166642189026,122.10436248779297,-122.10136413574219,9.424891471862793,0,3.4844298362731934
0.11014999449253082,0.10000032186508179,0.0000005050002300777123,-0.009902832098305225,0,0.0000010521258673179545,0.031088225543498993,115.77140045166016,-115.7686767578125,8.904755592346191,0,3.4844298362731934
0.11015499383211136,0.10000026971101761,0.0000005050002300777123,-0.010528888553380966,0,0.0000012302427876420552,0.03562337905168533,100.92916107177734,-100.92671966552734,7.947936534881592,0,3.4844298362731934
0.11016000062227249,0.10000021755695343,0.0000005050002300777123,-0.011078767478466034,0,0.0000014285989209383843,0.03967122733592987,78.98966217041016,-78.98754119873047,6.624173641204834,0,3.4844298362731934
0.11016499996185303,0.10000015795230865,0.0000005050002300777123,-0.011548930779099464,0,0.000001643823338781658,0.043044887483119965,51.971675872802734,-51.97001266479492,5.033285617828369,0,3.4844298362731934
0.11016999930143356,0.10000009834766388,0.0000005050002300777123,-0.011912019923329353,0,0.0000018718649243965046,0.04560831934213638,22.320716857910156,-22.31954002380371,3.296311378479004,0,3.4844298362731934
0.1101749986410141,0.1000000387430191,0.0000005050002300777123,-0.012164782732725143,0,0.0000021083005776745267,0.04728711396455765,7.308211803436279,7.308872222900391,1.544844150543213,0,3.4844298362731934
0.11017999798059464,0.09999997913837433,0.0000005050002300777123,-0.012304456904530525,0,0.000002348670022911392,0.048073895275592804,34.28480911254883,34.28492736816406,-0.09050289541482925,0,3.4844298362731934
0.11018499732017517,0.09999991953372955,0.0000005050002300777123,-0.01232886128127575,0,0.0000025888091386150336,0.04802780598402023,60.27381134033203,60.2733154296875,-1.692858338356018,0,3.4844298362731934
0.1101899966597557,0.09999985992908478,0.0000005050002300777123,-0.012227099388837814,0,0.0000028246372494322713,0.0471656396985054,76.56019592285156,76.55904388427734,-2.8265748023986816,0,3.4844298362731934
0.11019499599933624,0.09999980032444,0.0000005050002300777123,-0.011995727196335793,0,0.000003053267619179678,0.045726075768470764,83.36941528320313,83.36759185791016,-3.5023107528686523,0,3.4844298362731934
0.11019999533891678,0.09999974071979523,0.0000005050002300777123,-0.011634623631834984,0,0.0000032729794838814996,0.04394236207008362,80.09008026123047,80.08756256103516,-3.688091516494751,0,3.4844298362731934
0.11020499467849731,0.09999968856573105,0.0000005050002300777123,-0.01114455796778202,0,0.0000034832996789191384,0.042064033448696136,67.09635162353516,67.09325408935547,-3.400437593460083,0,3.4844298362731934
0.11020999401807785,0.09999963641166687,0.0000005050002300777123,-0.010553250089287758,0,0.0000036849608022748725,0.04033220559358597,45.707550048828125,45.703861236572266,-2.702389717102051,0,3.4844298362731934
0.11021500080823898,0.09999958425760269,0.0000005050002300777123,-0.009862678125500679,0,0.000003879740233969642,0.03895588964223862,18.055206298828125,18.050922393798828,-1.6970189809799194,0,3.4844298362731934
0.11022000014781952,0.09999953955411911,0.0000005050002300777123,-0.009075097739696503,0,0.0000040701984289626125,0.03809160739183426,13.128012657165527,-13.132756233215332,-0.5170619487762451,0,3.4844298362731934
0.11022499948740005,0.09999949485063553,0.0000005050002300777123,-0.008219055831432343,0,0.000004259339675627416,0.037828266620635986,44.7769775390625,-44.78218460083008,0.6883048415184021,0,3.4844298362731934
0.11022999882698059,0.09999945759773254,0.0000005050002300777123,-0.007296665571630001,0,0.000004450233973329887,0.03817881643772125,73.79534149169922,-73.80086517333984,1.76824951171875,0,3.4844298362731934
0.11023499816656113,0.09999942779541016,0.0000005050002300777123,-0.006335711106657982,0,0.0000046456307245534845,0.03907937556505203,97.35824584960938,-97.36393737792969,2.5851972103118896,0,3.4844298362731934
0.11023999750614166,0.09999939799308777,0.0000005050002300777123,-0.005363043397665024,0,0.0000048476108531758655,0.04039600491523743,113.1883773803711,-113.19422149658203,3.0284128189086914,0,3.4844298362731934
0.1102449968457222,0.09999937564134598,0.0000005050002300777123,-0.004378009587526321,0,0.000005057302587374579,0.04193836450576782,119.77835845947266,-119.78424072265625,3.0249271392822266,0,3.4844298362731934
0.11024999618530273,0.09999936074018478,0.0000005050002300777123,-0.003404649905860424,0,0.000005274697286949959,0.04347895085811615,116.53714752197266,-116.54291534423828,2.5467560291290283,0,3.4844298362731934
0.11025499552488327,0.09999934583902359,0.0000005050002300777123,-0.0024652257561683655,0,0.00000549857713849633,0.04477600008249283,103.84669494628906,-103.85237884521484,1.613700270652771,0,3.4844298362731934
0.1102599948644638,0.099999338388443,0.0000005050002300777123,-0.0015538097359240055,0,0.000005726566541852662,0.045597851276397705,83.024169921875,-83.0296401977539,0.2914596199989319,0,3.4844298362731934
0.11026499420404434,0.099999338388443,0.0000005050002300777123,-0.0006886671180836856,0,0.000005955298092885641,0.04574628919363022,56.19169616699219,-56.19683074951172,-1.3147518634796143,0,3.4844298362731934
0.11026999354362488,0.099999338388443,0.0000005050002300777123,0.00011401297524571419,0,0.000006180681339174043,0.04507669061422348,26.067747116088867,-26.072622299194336,-3.070469617843628,0,3.4844298362731934
0.11027500033378601,0.09999934583902359,0.0000005050002300777123,0.0008663164917379618,0,0.000006398246114258654,0.04351291060447693,4.299359321594238,4.29483699798584,-4.82511568069458,0,3.4844298362731934
0.11027999967336655,0.09999935328960419,0.0000005050002300777123,0.0015560053288936615,0,0.000006603523615922313,0.041055500507354736,31.8316593170166,31.8273983001709,-6.426736831665039,0,3.4844298362731934
0.11028499901294708,0.09999936074018478,0.0000005050002300777123,0.0021986651699990034,0,0.00000679243566992227,0.037782393395900726,53.72379684448242,53.71969223022461,-7.736894607543945,0,3.4844298362731934
0.11028999835252762,0.09999937564134598,0.0000005050002300777123,0.002811071230098605,0,0.0000069616457949450705,0.03384202718734741,67.71955108642578,67.71566772460938,-8.644265174865723,0,3.4844298362731934
0.11029499769210815,0.09999939054250717,0.0000005050002300777123,0.0033845140133053064,0,0.000007108843419700861,0.029439538717269897,72.33568572998047,72.3319091796875,-9.0756196975708,0,3.4844298362731934
0.11029999703168869,0.09999941289424896,0.0000005050002300777123,0.003936822060495615,0,0.0000072329303293372504,0.024817362427711487,67.00953674316406,67.00592803955078,-9.003090858459473,0,3.4844298362731934
0.11030499637126923,0.09999943524599075,0.0000005050002300777123,0.004459563177078962,0,0.000007334091151278699,0.020232126116752625,52.15836715698242,52.15481185913086,-8.447050094604492,0,3.4844298362731934
0.11030999571084976,0.09999945759773254,0.0000005050002300777123,0.004970058333128691,0,0.000007413741514028516,0.01593007892370224,29.141984939575195,29.13837242126465,-7.47426176071167,0,3.4844298362731934
0.1103149950504303,0.09999948740005493,0.0000005050002300777123,0.005484685767441988,0,0.0000074743588811543304,0.0121234692633152,0.13384902477264404,0.13025963306427002,-6.1915106773376465,0,3.4844298362731934
0.11031999439001083,0.09999951720237732,0.0000005050002300777123,0.005992223042994738,0,0.000007519209702877561,0.00897015817463398,32.08705520629883,-32.09071350097656,-4.735311031341553,0,3.4844298362731934
0.11032499372959137,0.09999954700469971,0.0000005050002300777123,0.006505955476313829,0,0.0000075520019890973344,0.006558484397828579,64.40504455566406,-64.40885162353516,-3.2586755752563477,0,3.4844298362731934
0.1103300005197525,0.09999958425760269,0.0000005050002300777123,0.007037125062197447,0,0.000007576496045658132,0.004898854531347752,93.6697769165039,-93.67359161376953,-1.9162368774414063,0,3.4844298362731934
0.11033499985933304,0.09999962151050568,0.0000005050002300777123,0.007568448316305876,0,0.000007596110663143918,0.003922923468053341,117.00212097167969,-117.00599670410156,-0.8491512537002563,0,3.4844298362731934
0.11033999919891357,0.09999965876340866,0.0000005050002300777123,0.008106441237032413,0,0.000007613562956976239,0.0034904545173048973,132.07598876953125,-132.0799560546875,-0.17125612497329712,0,3.4844298362731934
0.11034499853849411,0.09999970346689224,0.0000005050002300777123,0.008655101992189884,0,0.000007630578693351708,0.0034032342955470085,137.34701538085938,-137.3508758544922,0.04217344522476196,0,3.4844298362731934
0.11034999787807465,0.09999974817037582,0.0000005050002300777123,0.009189684875309467,0,0.000007647702659596689,0.003424712922424078,132.20571899414063,-132.20945739746094,-0.23802649974822998,0,3.4844298362731934
0.11035499721765518,0.09999980032444,0.0000005050002300777123,0.009709282778203487,0,0.000007664219992875587,0.003303486853837967,117.04212951660156,-117.0455551147461,-0.9918004870414734,0,3.4844298362731934
0.11035999655723572,0.09999985247850418,0.0000005050002300777123,0.010184687562286854,0,0.000007678211659367662,0.0027983668260276318,93.21257019042969,-93.21562957763672,-2.15151047706604,0,3.4844298362731934
0.11036499589681625,0.09999990463256836,0.0000005050002300777123,0.010611127130687237,0,0.000007686724529776257,0.0017026116838678718,62.9141845703125,-62.91684341430664,-3.608186960220337,0,3.4844298362731934
0.11036999523639679,0.09999995678663254,0.0000005050002300777123,0.010982346720993519,0,0.000007686049684707541,-0.00013502268120646477,28.927474975585938,-28.929672241210938,-5.2239089012146,0,3.4844298362731934
0.11037499457597733,0.10000001639127731,0.0000005050002300777123,0.011290923692286015,0,0.000007672071660635993,-0.00279553746804595,5.561167240142822,5.55966854095459,-6.841189384460449,0,3.4844298362731934
0.11037999391555786,0.10000007599592209,0.0000005050002300777123,0.011502531357109547,0,0.000007640673175046686,-0.006279726512730122,37.29973602294922,37.298988342285156,-8.299507141113281,0,3.4844298362731934
0.110385000705719,0.10000013560056686,0.0000005050002300777123,0.01160885114222765,0,0.00000758813985157758,-0.01050663087517023,59.0362548828125,59.03630065917969,-9.23844051361084,0,3.4844298362731934
0.11039000004529953,0.10000019520521164,0.0000005050002300777123,0.01160240825265646,0,0.000007512081083405064,-0.015211730264127254,75.50184631347656,75.50265502929688,-9.89663314819336,0,3.4844298362731934
0.11039499938488007,0.10000025480985641,0.0000005050002300777123,0.011485901661217213,0,0.000007410820671793772,-0.02025204338133335,83.35890197753906,83.36051177978516,-10.109074592590332,0,3.4844298362731934
0.1103999987244606,0.10000031441450119,0.0000005050002300777123,0.011252847500145435,0,0.0000072838179221434984,-0.0254005528986454,81.88959503173828,81.89202880859375,-9.84140396118164,0,3.4844298362731934
0.11040499806404114,0.10000036656856537,0.0000005050002300777123,0.010897454805672169,0,0.000007131754045985872,-0.030412737280130386,71.18016052246094,71.18328094482422,-9.099045753479004,0,3.4844298362731934
0.11040999740362167,0.10000041872262955,0.0000005050002300777123,0.010438519529998302,0,0.000006956519882805878,-0.03504684194922447,52.115638732910156,52.11946487426758,-7.926953315734863,0,3.4844298362731934
0.11041499674320221,0.10000047087669373,0.0000005050002300777123,0.009871779941022396,0,0.000006761099939467385,-0.03908400610089302,26.305927276611328,26.310470581054688,-6.405913352966309,0,3.4844298362731934
0.11041999608278275,0.10000051558017731,0.0000005050002300777123,0.009193758480250835,0,0.000006549367299157893,-0.04234651103615761,4.05190372467041,-4.046799182891846,-4.645730495452881,0,3.4844298362731934
0.11042499542236328,0.10000056028366089,0.0000005050002300777123,0.008425598032772541,0,0.00000632580440651509,-0.04471256211400032,36.36308288574219,-36.357421875,-2.7758843898773193,0,3.4844298362731934
0.11042999476194382,0.10000059753656387,0.0000005050002300777123,0.007565328385680914,0,0.000006095172921050107,-0.04612630978226662,67.85841369628906,-67.85234832763672,-0.934471845626831,0,3.4844298362731934
0.11043499410152435,0.10000062733888626,0.0000005050002300777123,0.0066353618167340755,0,0.0000058621617426979356,-0.04660223051905632,95.83390808105469,-95.82759857177734,0.7436111569404602,0,3.4844298362731934
0.11044000089168549,0.10000065714120865,0.0000005050002300777123,0.005658442620187998,0,0.000005631044132314855,-0.046223510056734085,117.88455200195313,-117.87800598144531,2.1382131576538086,0,3.4844298362731934
0.11044500023126602,0.10000067949295044,0.0000005050002300777123,0.004633583594113588,0,0.0000054053716667112894,-0.0451345257461071,132.1116943359375,-132.1050567626953,3.154193162918091,0,3.4844298362731934
0.11044999957084656,0.10000069439411163,0.0000005050002300777123,0.0035835301969200373,0,0.00000518773094881908,-0.043528106063604355,137.28729248046875,-137.28073120117188,3.729517698287964,0,3.4844298362731934
0.1104549989104271,0.10000070929527283,0.0000005050002300777123,0.0025306965690106153,0,0.000004979587629350135,-0.041628677397966385,132.95950317382813,-132.95303344726563,3.840480327606201,0,3.4844298362731934
0.11045999825000763,0.10000071674585342,0.0000005050002300777123,0.0014731151750311255,0,0.000004781224106409354,-0.03967273607850075,119.49032592773438,-119.48403930664063,3.503593683242798,0,3.4844298362731934
0.11046499758958817,0.10000071674585342,0.0000005050002300777123,0.0004319304134696722,0,0.000004591782271745615,-0.03788837417960167,98.02325439453125,-98.0173110961914,2.7739975452423096,0,3.4844298362731934
0.1104699969291687,0.10000071674585342,0.0000005050002300777123,-0.0005726122763007879,0,0.000004409404482430546,-0.036475587636232376,70.38298797607422,-70.3773422241211,1.7405128479003906,0,3.4844298362731934
0.11047499626874924,0.10000070929527283,0.0000005050002300777123,-0.0015451505314558744,0,0.000004231458660797216,-0.035589154809713364,38.91539001464844,-38.91013717651367,0.5177902579307556,0,3.4844298362731934
0.11047999560832977,0.10000069439411163,0.0000005050002300777123,-0.002467624144628644,0,0.000004054831606481457,-0.03532544896006584,6.283553600311279,-6.278782844543457,-0.763762354850769,0,3.4844298362731934
0.11048499494791031,0.10000067949295044,0.0000005050002300777123,-0.003323189215734601,0,0.000003876259597745957,-0.03571442887187004,24.76373291015625,24.768083572387695,-1.9693958759307861,0,3.4844298362731934
0.11048999428749084,0.10000065714120865,0.0000005050002300777123,-0.004120092839002609,0,0.000003692672407851205,-0.036717433482408524,51.63066482543945,51.63453674316406,-2.971771001815796,0,3.4844298362731934
0.11049499362707138,0.10000063478946686,0.0000005050002300777123,-0.004843978211283684,0,0.000003501517767290352,-0.03823094442486763,72.09821319580078,72.10166931152344,-3.6620290279388428,0,3.4844298362731934
0.11050000041723251,0.10000060498714447,0.0000005050002300777123,-0.005505396053195,0,0.0000033010378501785453,-0.04009600356221199,84.5152587890625,84.51826477050781,-3.9592080116271973,0,3.4844298362731934
0.11050499975681305,0.10000057518482208,0.0000005050002300777123,-0.0060920389369130135,0,0.000003090475729550235,-0.04211241379380226,87.93868255615234,87.94131469726563,-3.8171939849853516,0,3.4844298362731934
0.11050999909639359,0.1000005453824997,0.0000005050002300777123,-0.006616183556616306,0,0.0000028701933842967264,-0.044056493788957596,82.21183013916016,82.21416473388672,-3.228602886199951,0,3.4844298362731934
0.11051499843597412,0.10000050812959671,0.0000005050002300777123,-0.007090587168931961,0,0.000002641689434312866,-0.0457008071243763,67.97364044189453,67.97562408447266,-2.225260019302368,0,3.4844298362731934
0.11051999777555466,0.10000047087669373,0.0000005050002300777123,-0.007504364475607872,0,0.0000024075188775896095,-0.04683412238955498,46.59774398803711,46.5994758605957,-0.8752528429031372,0,3.4844298362731934
0.11052499711513519,0.10000043362379074,0.0000005050002300777123,-0.007870388217270374,0,0.000002171119376725983,-0.04727988317608833,20.06830596923828,20.069843292236328,0.7231787443161011,0,3.4844298362731934
0.11052999645471573,0.10000038892030716,0.0000005050002300777123,-0.008201164193451405,0,0.0000019365616026334465,-0.04691157117486,9.197733879089355,-9.19643783569336,2.4503655433654785,0,3.4844298362731934
0.11053499579429626,0.10000034421682358,0.0000005050002300777123,-0.008484718389809132,0,0.000001708243530629261,-0.04566361382603645,38.56578063964844,-38.564666748046875,4.175772190093994,0,3.4844298362731934
0.1105399951338768,0.10000029951334,0.0000005050002300777123,-0.008732029236853123,0,0.0000014905589296176913,-0.04353691264986992,65.41632080078125,-65.41534423828125,5.769465446472168,0,3.4844298362731934
0.11054499447345734,0.10000025480985641,0.0000005050002300777123,-0.008952965028584003,0,0.0000012875661923317239,-0.0405985452234745,87.37582397460938,-87.37493896484375,7.113474369049072,0,3.4844298362731934
0.11054999381303787,0.10000021010637283,0.0000005050002300777123,-0.009155969135463238,0,0.0000011026877473341301,-0.0369756855070591,102.52474975585938,-102.52393341064453,8.112042427062988,0,3.4844298362731934
0.110555000603199,0.10000016540288925,0.0000005050002300777123,-0.00934778992086649,0,0.0000009384664849676483,-0.03284425660967827,109.56477355957031,-109.56399536132813,8.699877738952637,0,3.4844298362731934
0.11055999994277954,0.10000012069940567,0.0000005050002300777123,-0.00953326653689146,0,0.0000007963992629811401,-0.028413444757461548,107.9302978515625,-107.9295425415039,8.847664833068848,0,3.4844298362731934
0.11056499928236008,0.10000006854534149,0.0000005050002300777123,-0.009715178050100803,0,0.0000006768624416508828,-0.023907367140054703,97.83467864990234,-97.83403778076172,8.564380645751953,0,3.4844298362731934
0.11056999862194061,0.10000001639127731,0.0000005050002300777123,-0.009870435111224651,0,0.0000005791346211481141,-0.01954556256532669,80.24763488769531,-80.24711608886719,7.896204948425293,0,3.4844298362731934
0.11057499796152115,0.09999996423721313,0.0000005050002300777123,-0.009997869841754436,0,0.0000005015143074160733,-0.015524059534072876,56.856201171875,-56.855812072753906,6.924262046813965,0,3.4844298362731934
0.11057999730110168,0.09999991208314896,0.0000005050002300777123,-0.010094466619193554,0,0.0000004415265095758514,-0.011997561901807785,29.828123092651367,-29.827878952026367,5.75364875793457,0,3.4844298362731934
0.11058499664068222,0.09999985992908478,0.0000005050002300777123,-0.01015533972531557,0,0.0000003961902450555499,-0.009067252278327942,1.647855520248413,-1.6477820873260498,4.505162715911865,0,3.4844298362731934
0.11058999598026276,0.0999998077750206,0.0000005050002300777123,-0.010173884220421314,0,0.00000036232628985999327,-0.006772791966795921,27.613204956054688,27.613065719604492,3.1790530681610107,0,3.4844298362731934
0.11059499531984329,0.09999975562095642,0.0000005050002300777123,-0.01013882178813219,0,0.00000033655771858320804,-0.005153713747859001,52.58769607543945,52.58729934692383,2.040712356567383,0,3.4844298362731934
0.11059999465942383,0.09999970346689224,0.0000005050002300777123,-0.010038106702268124,0,0.0000003159857726586779,-0.004114387556910515,70.64790344238281,70.647216796875,1.2191216945648193,0,3.4844298362731934
0.11060499399900436,0.09999965131282806,0.0000005050002300777123,-0.009860650636255741,0,0.00000029851830163352133,-0.003493493888527155,80.03179168701172,80.03076934814453,0.8007373809814453,0,3.4844298362731934
0.1106100007891655,0.09999960660934448,0.0000005050002300777123,-0.009594854898750782,0,0.00000028308988930803025,-0.003085681702941656,79.84211730957031,79.84080505371094,0.8296607136726379,0,3.4844298362731934
0.11061500012874603,0.0999995619058609,0.0000005050002300777123,-0.009255104698240757,0,0.00000026977420475304825,-0.0026631387881934643,70.13321685791016,70.13157653808594,1.3033697605133057,0,3.4844298362731934
0.11061999946832657,0.09999951720237732,0.0000005050002300777123,-0.00882954802364111,0,0.00000025977752216022054,-0.0019993381574749947,51.90393829345703,51.90192413330078,2.1730451583862305,0,3.4844298362731934
0.1106249988079071,0.09999947249889374,0.0000005050002300777123,-0.008306595496833324,0,0.00000025531443270665477,-0.0008926154114305973,26.998294830322266,26.9958553314209,3.3484504222869873,0,3.4844298362731934
0.11062999814748764,0.09999943524599075,0.0000005050002300777123,-0.007675326429307461,0,0.0000002593781118775951,0.0008127362234517932,2.0768883228302,-2.079697847366333,4.706887722015381,0,3.4844298362731934
0.11063499748706818,0.09999939799308777,0.0000005050002300777123,-0.0069519635289907455,0,0.00000027542779434952536,0.003209934337064624,32.398990631103516,-32.4022102355957,6.1053547859191895,0,3.4844298362731934
0.11063999682664871,0.09999936819076538,0.0000005050002300777123,-0.006127580069005489,0,0.0000003070246066272375,0.006319365464150906,60.91817855834961,-60.921749114990234,7.394706726074219,0,3.4844298362731934
0.11064499616622925,0.099999338388443,0.0000005050002300777123,-0.005220592021942139,0,0.0000003574519098492601,0.010085458867251873,84.75799560546875,-84.76194763183594,8.434453964233398,0,3.4844298362731934
0.11064999550580978,0.0999993160367012,0.0000005050002300777123,-0.004224391654133797,0,0.0000004293573567792919,0.014381091110408306,101.50006103515625,-101.50432586669922,9.106729507446289,0,3.4844298362731934
0.11065499484539032,0.09999930113554001,0.0000005050002300777123,-0.0031597577035427094,0,0.0000005244529006631637,0.0190191101282835,109.42373657226563,-109.42823028564453,9.328065872192383,0,3.4844298362731934
0.11065999418497086,0.09999929368495941,0.0000005050002300777123,-0.002048493828624487,0,0.0000006433021439988806,0.02376985363662243,107.67820739746094,-107.68284606933594,9.057842254638672,0,3.4844298362731934
0.11066499352455139,0.09999928623437881,0.0000005050002300777123,-0.0009131222614087164,0,0.0000007852170256228419,0.02838297374546528,96.36954498291016,-96.37435150146484,8.302533149719238,0,3.4844298362731934
0.11067000031471252,0.09999928623437881,0.0000005050002300777123,0.00024953382671810687,0,0.0000009482741347710544,0.0326114185154438,76.5548095703125,-76.55970001220703,7.115375518798828,0,3.4844298362731934
0.11067499965429306,0.09999929368495941,0.0000005050002300777123,0.0014160654973238707,0,0.0000011294503110548249,0.03623524680733681,50.14238357543945,-50.14725112915039,5.591440677642822,0,3.4844298362731934
0.1106799989938736,0.0999993085861206,0.0000005050002300777123,0.0025629280135035515,0,0.0000013248650247987825,0.03908294066786766,19.709083557128906,-19.713834762573242,3.8586032390594482,0,3.4844298362731934
0.11068499833345413,0.0999993234872818,0.0000005050002300777123,0.0036668088287115097,0,0.0000015301055782401818,0.041048113256692886,11.748865127563477,11.74421501159668,2.065262794494629,0,3.4844298362731934
0.11068999767303467,0.09999934583902359,0.0000005050002300777123,0.004731074906885624,0,0.000001740605284794583,0.04209994152188301,41.106353759765625,41.101898193359375,0.3660087287425995,0,3.4844298362731934
0.1106949970126152,0.09999937564134598,0.0000005050002300777123,0.005733477883040905,0,0.0000019520371097314637,0.04228634759783745,65.41438293457031,65.41022491455078,-1.0933871269226074,0,3.4844298362731934
0.11069999635219574,0.09999940544366837,0.0000005050002300777123,0.006652566604316235,0,0.0000021606845166388666,0.04172949120402336,82.18891143798828,82.1850357055664,-2.1901841163635254,0,3.4844298362731934
0.11070499569177628,0.09999944269657135,0.0000005050002300777123,0.007494066841900349,0,0.0000023637546746613225,0.040614042431116104,89.65545654296875,89.6519546508789,-2.8367209434509277,0,3.4844298362731934
0.11070999503135681,0.09999948740005493,0.0000005050002300777123,0.008238508366048336,0,0.000002559601171014947,0.0391693152487278,86.92655944824219,86.92355346679688,-2.989112138748169,0,3.4844298362731934
0.11071499437093735,0.09999953210353851,0.0000005050002300777123,0.008867532946169376,0,0.0000027478361062094336,0.03764697536826134,74.09383392333984,74.09127044677734,-2.651737928390503,0,3.4844298362731934
0.11071999371051788,0.0999995768070221,0.0000005050002300777123,0.00939017441123724,0,0.000002929318270616932,0.036296453326940536,52.225154876708984,52.2230224609375,-1.8770866394042969,0,3.4844298362731934
0.11072500050067902,0.09999962896108627,0.0000005050002300777123,0.009816448204219341,0,0.0000031060205856192624,0.03534046187996864,23.26795196533203,23.266342163085938,-0.7609358429908752,0,3.4844298362731934
0.11072999984025955,0.09999968111515045,0.0000005050002300777123,0.010130916722118855,0,0.0000032807852221594658,0.03495291993021965,10.132681846618652,-10.133800506591797,0.5666692852973938,0,3.4844298362731934
0.11073499917984009,0.09999973326921463,0.0000005050002300777123,0.010344949550926685,0,0.000003456992772044032,0.03524152562022209,44.88462829589844,-44.88529586791992,1.953790545463562,0,3.4844298362731934
0.11073999851942062,0.09999978542327881,0.0000005050002300777123,0.010470232926309109,0,0.000003638175712694647,0.03623658046126366,74.10530853271484,-74.1055679321289,3.0592527389526367,0,3.4844298362731934
0.11074499785900116,0.09999983757734299,0.0000005050002300777123,0.010518367402255535,0,0.000003827149157586973,0.03779464587569237,96.3010025024414,-96.30091094970703,3.811415910720825,0,3.4844298362731934
0.1107499971985817,0.09999988973140717,0.0000005050002300777123,0.010502082295715809,0,0.000004025828275189269,0.03973578289151192,115.75093841552734,-115.75055694580078,4.427189826965332,0,3.4844298362731934
0.11075499653816223,0.09999994188547134,0.0000005050002300777123,0.010435017757117748,0,0.000004235781034367392,0.041990529745817184,127.32699584960938,-127.32636260986328,4.652859687805176,0,3.4844298362731934
0.11075999587774277,0.09999999403953552,0.0000005050002300777123,0.010325226001441479,0,0.000004457582235772861,0.0443602092564106,130.01443481445313,-130.01358032226563,4.439985275268555,0,3.4844298362731934
0.1107649952173233,0.1000000461935997,0.0000005050002300777123,0.010179284028708935,0,0.000004690689820563421,0.046621475368738174,123.53069305419922,-123.5296401977539,3.7765445709228516,0,3.4844298362731934
0.11076999455690384,0.10000009834766388,0.0000005050002300777123,0.010002070106565952,0,0.000004933413947583176,0.04854485020041466,108.24964141845703,-108.24840545654297,2.6839587688446045,0,3.4844298362731934
0.11077499389648438,0.10000015050172806,0.0000005050002300777123,0.009796601720154285,0,0.000005182972927286755,0.049911778420209885,85.4695053100586,-85.46808624267578,1.2279959917068481,0,3.4844298362731934
0.11078000068664551,0.10000019520521164,0.0000005050002300777123,0.009564132429659367,0,0.00000543565874977503,0.050537195056676865,57.16169738769531,-57.16023254394531,-0.49255964159965515,0,3.4844298362731934
0.11078500002622604,0.10000023990869522,0.0000005050002300777123,0.009327852167189121,0,0.000005687090379069559,0.05028633400797844,25.786741256713867,-25.785219192504883,-2.354912042617798,0,3.4844298362731934
0.11078999936580658,0.1000002846121788,0.0000005050002300777123,0.009085091762244701,0,0.000005932525255047949,0.04908698424696922,5.919833183288574,5.921443462371826,-4.22280216217041,0,3.4844298362731934
0.11079499870538712,0.10000032931566238,0.0000005050002300777123,0.00883112195879221,0,0.0000061672067204199266,0.04693632945418358,35.185546875,35.18729019165039,-5.958256721496582,0,3.4844298362731934
0.11079999804496765,0.10000037401914597,0.0000005050002300777123,0.008559306152164936,0,0.000006386715995176928,0.04390181228518486,59.442771911621094,59.444705963134766,-7.433514595031738,0,3.4844298362731934
0.11080499738454819,0.10000041872262955,0.0000005050002300777123,0.008261310867965221,0,0.00000658729595670593,0.04011595621705055,76.55298614501953,76.55517578125,-8.542080879211426,0,3.4844298362731934
0.11080999672412872,0.10000045597553253,0.0000005050002300777123,0.007927372120320797,0,0.000006766123533452628,0.03576551005244255,84.9939956665039,84.9963607788086,-9.207955360412598,0,3.4844298362731934
0.11081499606370926,0.10000049322843552,0.0000005050002300777123,0.007570319809019566,0,0.000006921503427292919,0.031075935810804367,83.9928970336914,83.99551391601563,-9.39219856262207,0,3.4844298362731934
0.1108199954032898,0.1000005304813385,0.0000005050002300777123,0.007178118452429771,0,0.000007052965884213336,0.026292528957128525,73.59459686279297,73.59757232666016,-9.096297264099121,0,3.4844298362731934
0.11082499474287033,0.10000056773424149,0.0000005050002300777123,0.006737962365150452,0,0.000007161264875321649,0.021659821271896362,54.65845489501953,54.66188049316406,-8.361995697021484,0,3.4844298362731934
0.11082999408245087,0.10000059753656387,0.0000005050002300777123,0.006236685439944267,0,0.0000072482703217247035,0.017401091754436493,28.78409767150879,28.787904739379883,-7.267632484436035,0,3.4844298362731934
0.110835000872612,0.10000062733888626,0.0000005050002300777123,0.005684896372258663,0,0.000007316768915188732,0.013699717819690704,1.8279905319213867,-1.8237046003341675,-5.921289920806885,0,3.4844298362731934
0.11084000021219254,0.10000064969062805,0.0000005050002300777123,0.005069585517048836,0,0.000007370188995992066,0.010684030130505562,34.56716537475586,-34.56247329711914,-4.45136022567749,0,3.4844298362731934
0.11084499955177307,0.10000067204236984,0.0000005050002300777123,0.004401971586048603,0,0.000007412274044327205,0.008416971191763878,66.64026641845703,-66.63509368896484,-2.9953513145446777,0,3.4844298362731934
0.11084999889135361,0.10000068694353104,0.0000005050002300777123,0.00367008987814188,0,0.000007446731160598574,0.0068914517760276794,95.31390380859375,-95.30831909179688,-1.68790864944458,0,3.4844298362731934
0.11085499823093414,0.10000070184469223,0.0000005050002300777123,0.002886604517698288,0,0.0000074768900049093645,0.006031806580722332,118.15237426757813,-118.14631652832031,-0.649110734462738,0,3.4844298362731934
0.11085999757051468,0.10000070929527283,0.0000005050002300777123,0.002041351515799761,0,0.000007505396297347033,0.005701216869056225,133.22833251953125,-133.22190856933594,0.025956621393561363,0,3.4844298362731934
0.11086499691009521,0.10000071674585342,0.0000005050002300777123,0.0011490941978991032,0,0.000007533968528150581,0.005714436061680317,139.2899627685547,-139.28311157226563,0.27541664242744446,0,3.4844298362731934
0.11086999624967575,0.10000071674585342,0.0000005050002300777123,0.00020199862774461508,0,0.000007563241979369195,0.005854704417288303,135.86761474609375,-135.86048889160156,0.07591163367033005,0,3.4844298362731934
0.11087499558925629,0.10000070929527283,0.0000005050002300777123,-0.0007826850051060319,0,0.000007592708698211936,0.005893365480005741,123.31321716308594,-123.30594635009766,-0.5554694533348083,0,3.4844298362731934
0.11087999492883682,0.10000070184469223,0.0000005050002300777123,-0.0017865101108327508,0,0.0000076207611527934205,0.005610466934740543,102.76721954345703,-102.75978088378906,-1.5627983808517456,0,3.4844298362731934
0.11088499426841736,0.10000068694353104,0.0000005050002300777123,-0.002813759259879589,0,0.000007644834113307297,0.004814540036022663,76.0562515258789,-76.0488052368164,-2.8563075065612793,0,3.4844298362731934
0.1108899936079979,0.10000066459178925,0.0000005050002300777123,-0.0038438760675489902,0,0.000007661633389943745,0.003359834663569927,45.53202438354492,-45.52473831176758,-4.320340633392334,0,3.4844298362731934
0.11089500039815903,0.10000064224004745,0.0000005050002300777123,-0.0048554581589996815,0,0.000007667430509172846,0.0011595032410696149,13.864129066467285,-13.8569917678833,-5.823549270629883,0,3.4844298362731934
0.11089999973773956,0.10000061243772507,0.0000005050002300777123,-0.005850276444107294,0,0.000007658398317289539,-0.0018064057221636176,16.194961547851563,16.2017822265625,-7.230434894561768,0,3.4844298362731934
0.1109049990773201,0.10000057518482208,0.0000005050002300777123,-0.006805786397308111,0,0.00000763095431466354,-0.0054888357408344746,42.05051040649414,42.05685043334961,-8.413229942321777,0,3.4844298362731934
0.11090999841690063,0.1000005379319191,0.0000005050002300777123,-0.007699186448007822,0,0.0000075820858000952285,-0.009773658588528633,61.49214172363281,61.498008728027344,-9.263065338134766,0,3.4844298362731934
0.11091499775648117,0.10000049322843552,0.0000005050002300777123,-0.008531480096280575,0,0.000007509629085689085,-0.014491299167275429,72.8865737915039,72.89181518554688,-9.699447631835938,0,3.4844298362731934
0.1109199970960617,0.10000044852495193,0.0000005050002300777123,-0.009280011989176273,0,0.000007412473223666893,-0.019431186839938164,75.31796264648438,75.32259368896484,-9.67722225189209,0,3.4844298362731934
0.11092499643564224,0.10000039637088776,0.0000005050002300777123,-0.0099462466314435,0,0.0000072906746027001645,-0.024359755218029022,68.66606903076172,68.6699447631836,-9.190408706665039,0,3.4844298362731934
0.11092999577522278,0.10000034421682358,0.0000005050002300777123,-0.010508283041417599,0,0.000007145472864067415,-0.029040392488241196,53.612892150878906,53.61603927612305,-8.272589683532715,0,3.4844298362731934
0.11093499511480331,0.1000002920627594,0.0000005050002300777123,-0.010968615300953388,0,0.0000069792049544048496,-0.033253587782382965,31.579730987548828,31.582183837890625,-6.993807315826416,0,3.4844298362731934
0.11093999445438385,0.10000023245811462,0.0000005050002300777123,-0.011330329813063145,0,0.000006795127319492167,-0.03681550174951553,4.598824501037598,4.600457191467285,-5.454273223876953,0,3.4844298362731934
0.11094499379396439,0.10000017285346985,0.0000005050002300777123,-0.01157329510897398,0,0.00000659716079098871,-0.03959333896636963,24.869075775146484,-24.86821937561035,-3.775432586669922,0,3.4844298362731934
0.11095000058412552,0.10000011324882507,0.0000005050002300777123,-0.01170185673981905,0,0.000006389579993992811,-0.041516147553920746,54.1535530090332,-54.15342712402344,-2.089186191558838,0,3.4844298362731934
0.11095499992370605,0.1000000536441803,0.0000005050002300777123,-0.011720980517566204,0,0.000006176679107738892,-0.04258016496896744,86.69451904296875,-86.69513702392578,-0.22209638357162476,0,3.4844298362731934
0.11095999926328659,0.09999999403953552,0.0000005050002300777123,-0.011627609841525555,0,0.000005963212515780469,-0.042693279683589935,109.53889465332031,-109.54019165039063,1.1792467832565308,0,3.4844298362731934
0.11096499860286713,0.09999993443489075,0.0000005050002300777123,-0.011426272802054882,0,0.000005752749075327301,-0.0420926958322525,123.88729858398438,-123.88922882080078,2.1753885746002197,0,3.4844298362731934
0.11096999794244766,0.09999988228082657,0.0000005050002300777123,-0.011123699136078358,0,0.000005547825367102632,-0.040984779596328735,128.3323516845703,-128.33468627929688,2.6957778930664063,0,3.4844298362731934
0.1109749972820282,0.09999983012676239,0.0000005050002300777123,-0.010752768255770206,0,0.000005349766070139594,-0.039611831307411194,122.43316650390625,-122.43585205078125,2.7174129486083984,0,3.4844298362731934
0.11097999662160873,0.09999977797269821,0.0000005050002300777123,-0.010319617576897144,0,0.000005158626663614996,-0.0382278636097908,106.74574279785156,-106.74874114990234,2.266407012939453,0,3.4844298362731934
0.11098499596118927,0.09999972581863403,0.0000005050002300777123,-0.009829365648329258,0,0.000004973258910467848,-0.037073589861392975,82.7833251953125,-82.78659057617188,1.4159481525421143,0,3.4844298362731934
0.1109899953007698,0.09999968111515045,0.0000005050002300777123,-0.00928593147546053,0,0.000004791496849065879,-0.036352455615997314,52.86854934692383,-52.87190246582031,0.279023677110672,0,3.4844298362731934
0.11099499464035034,0.09999963641166687,0.0000005050002300777123,-0.008717990480363369,0,0.000004610445103025995,-0.036210350692272186,19.906274795532227,-19.909706115722656,-1.0027395486831665,0,3.4844298362731934
0.11099999397993088,0.09999959915876389,0.0000005050002300777123,-0.008126246742904186,0,0.0000044268399506108835,-0.03672104328870773,12.89916706085205,12.895803451538086,-2.2730188369750977,0,3.4844298362731934
0.11099999397993088,0.0999995619058609,0.0000005050002300777123,-0.007535585202276707,0,0.000004237446319166338,-0.03787868469953537,42.35719680786133,42.3538818359375,-3.37618350982666,0,3.4844298362731934
