Timestamp,X Position,Y Position,X Velocity,Y Velocity,Rotation,Rotation Velocity,Data1,Data2,Data3,Data4,FPS
0.11099999397993088,0.09999997168779373,0,0,0,0,0,0,0,0,0,119.8609619140625
0.11100500077009201,0.09999997913837433,0.000000004999999969612645,0.0010000000474974513,0.0010000000474974513,0,0,27.499996185302734,-27.5,1.375,0,24.634788513183594
0.11101000010967255,0.09999998658895493,0.00000000999999993922529,0.0010000000474974513,0.0010000000474974513,0,0,50.1096076965332,-50.10961151123047,2.5091278553009033,0,24.634788513183594
0.11101499944925308,0.09999999403953552,0.000000014999999464748726,0.0010000000474974513,0.0010000000474974513,0,0,69.99368286132813,-69.99368286132813,3.5135414600372314,0,24.634788513183594
0.11101999878883362,0.10000000149011612,0.00000001999999987845058,0.0010000000474974513,0.0010000000474974513,0,0,88.00489807128906,-88.00489044189453,4.433281898498535,0,24.634788513183594
0.11102499812841415,0.10000000894069672,0.000000025000000292152436,0.0010000000474974513,0.0010000000474974513,0,0,101.91838073730469,-101.91836547851563,5.159113883972168,0,24.634788513183594
0.11102999746799469,0.10000001639127731,0.00000002999999892949745,0.0010000000474974513,0.0010000000474974513,0,0,111.16151428222656,-111.16148376464844,5.663649559020996,0,24.634788513183594
0.11103499680757523,0.10000002384185791,0.000000034999999343199306,0.0010000000474974513,0.0010000000474974513,0,0,115.41989135742188,-115.41985321044922,5.931560039520264,0,24.634788513183594
0.11103999614715576,0.10000003129243851,0.00000003999999975690116,0.0010000000474974513,0.0010000000474974513,0,0,114.65022277832031,-114.6501693725586,5.960204124450684,0,24.634788513183594
0.1110449954867363,0.1000000387430191,0.000000045000000170603016,0.0010000000474974513,0.0010000000474974513,0,0,109.07740020751953,-109.07733154296875,5.759512424468994,0,24.634788513183594
0.11104999482631683,0.1000000461935997,0.00000005000000058430487,0.0010000000474974513,0.0010000000474974513,0,0,99.1756820678711,-99.17559814453125,5.351138591766357,0,24.634788513183594
0.11105499416589737,0.1000000536441803,0.000000055000000998006726,0.0010000000474974513,0.0010000000474974513,0,0,85.63519287109375,-85.63510131835938,4.766923904418945,0,24.634788513183594
0.1110599935054779,0.1000000610947609,0.0000000599999978589949,0.0010000000474974513,0.0010000000474974513,0,0,69.31625366210938,-69.31614685058594,4.0467987060546875,0,24.634788513183594
0.11106500029563904,0.10000006854534149,0.00000006499999471998308,0.0010000000474974513,0.0010000000474974513,0,0,51.19444274902344,-51.19432830810547,3.2362496852874756,0,24.634788513183594
0.11106999963521957,0.10000007599592209,0.00000006999999158097125,0.0010000000474974513,0.0010000000474974513,0,0,32.30025863647461,-32.30013656616211,2.3835277557373047,0,24.634788513183594
0.11107499897480011,0.10000008344650269,0.00000007499998844195943,0.0010000000474974513,0.0010000000474974513,0,0,13.657078742980957,-13.656952857971191,1.5367738008499146,0,24.634788513183594
0.11107999831438065,0.10000009089708328,0.00000007999998530294761,0.0010000000474974513,0.0010000000474974513,0,0,3.778352975845337,3.778484344482422,0.741250216960907,0,24.634788513183594
0.11108499765396118,0.10000009834766388,0.00000008499998216393578,0.0010000000474974513,0.0010000000474974513,0,0,19.169363021850586,19.16950035095215,0.036847904324531555,0,24.634788513183594
0.11108999699354172,0.10000010579824448,0.00000008999997902492396,0.0010000000474974513,0.0010000000474974513,0,0,31.84328269958496,31.843421936035156,-0.5439768433570862,0,24.634788513183594
0.11109499633312225,0.10000011324882507,0.00000009499997588591214,0.0010000000474974513,0.0010000000474974513,0,0,41.3233528137207,41.32349395751953,-0.9777171611785889,0,24.634788513183594
0.11109999567270279,0.10000012069940567,0.00000009999997274690031,0.0010000000474974513,0.0010000000474974513,0,0,47.34684753417969,47.346988677978516,-1.2506974935531616,0,24.634788513183594
0.11110499501228333,0.10000012814998627,0.00000010499996960788849,0.0010000000474974513,0.0010000000474974513,0,0,49.868621826171875,49.86876678466797,-1.3592898845672607,0,24.634788513183594
0.11110999435186386,0.10000013560056686,0.00000010999996646887666,0.0010000000474974513,0.0010000000474974513,0,0,49.050357818603516,49.050506591796875,-1.3094688653945923,0,24.634788513183594
0.1111149936914444,0.10000014305114746,0.00000011499996332986484,0.0010000000474974513,0.0010000000474974513,0,0,45.236595153808594,45.23674774169922,-1.115760326385498,0,24.634788513183594
0.11112000048160553,0.10000015050172806,0.00000011999996729628037,0.0010000000474974513,0.0010000000474974513,0,0,38.9196891784668,38.91984939575195,-0.7996746897697449,0,24.634788513183594
0.11112499982118607,0.10000015795230865,0.0000001249999712626959,0.0010000000474974513,0.0010000000474974513,0,0,30.696455001831055,30.696624755859375,-0.3877536654472351,0,24.634788513183594
0.1111299991607666,0.10000016540288925,0.00000012999997522911144,0.0010000000474974513,0.0010000000474974513,0,0,21.219758987426758,21.219942092895508,0.09062287211418152,0,24.634788513183594
0.11113499850034714,0.10000017285346985,0.00000013499997919552698,0.0010000000474974513,0.0010000000474974513,0,0,11.148659706115723,11.148858070373535,0.6055044531822205,0,24.634788513183594
0.11113999783992767,0.10000018030405045,0.0000001399999831619425,0.0010000000474974513,0.0010000000474974513,0,0,1.1006559133529663,1.100873589515686,1.1285505294799805,0,24.634788513183594
0.11114499717950821,0.10000018775463104,0.00000014499998712835804,0.0010000000474974513,0.0010000000474974513,0,0,8.390546798706055,-8.390305519104004,1.6349674463272095,0,24.634788513183594
0.11114999651908875,0.10000019520521164,0.00000014999999109477358,0.0010000000474974513,0.0010000000474974513,0,0,16.90888786315918,-16.908618927001953,2.1050710678100586,0,24.634788513183594
0.11115499585866928,0.10000020265579224,0.0000001549999950611891,0.0010000000474974513,0.0010000000474974513,0,0,24.17916488647461,-24.178863525390625,2.525369167327881,0,24.634788513183594
0.11115999519824982,0.10000021010637283,0.00000015999999902760464,0.0010000000474974513,0.0010000000474974513,0,0,30.078184127807617,-30.07784652709961,2.889101505279541,0,24.634788513183594
0.11116499453783035,0.10000021755695343,0.00000016500000299402018,0.0010000000474974513,0.0010000000474974513,0,0,34.633331298828125,-34.63295364379883,3.19620943069458,0,24.634788513183594
0.11116999387741089,0.10000022500753403,0.0000001700000069604357,0.0010000000474974513,0.0010000000474974513,0,0,38.00898742675781,-38.0085563659668,3.452754497528076,0,24.634788513183594
0.11117500066757202,0.10000023245811462,0.00000017500001092685125,0.0010000000474974513,0.0010000000474974513,0,0,40.48200988769531,-40.48152542114258,3.6698431968688965,0,24.634788513183594
0.11118000000715256,0.10000023990869522,0.00000018000001489326678,0.0010000000474974513,0.0010000000474974513,0,0,42.408607482910156,-42.40806579589844,3.862156867980957,0,24.634788513183594
0.1111849993467331,0.10000024735927582,0.00000018500001885968231,0.0010000000474974513,0.0010000000474974513,0,0,44.1850700378418,-44.18446350097656,4.046205997467041,0,24.634788513183594
0.11118999868631363,0.10000025480985641,0.00000019000002282609785,0.0010000000474974513,0.0010000000474974513,0,0,46.2056999206543,-46.20503234863281,4.2384538650512695,0,24.634788513183594
0.11119499802589417,0.10000026226043701,0.00000019500002679251338,0.0010000000474974513,0.0010000000474974513,0,0,48.821311950683594,-48.820579528808594,4.453465938568115,0,24.634788513183594
0.1111999973654747,0.10000026971101761,0.00000020000003075892892,0.0010000000474974513,0.0010000000474974513,0,0,52.301509857177734,-52.30071258544922,4.702228546142578,0,24.634788513183594
0.11120499670505524,0.1000002771615982,0.00000020500003472534445,0.0010000000474974513,0.0010000000474974513,0,0,56.80390930175781,-56.80304718017578,4.990782260894775,0,24.634788513183594
0.11120999604463577,0.1000002846121788,0.00000021000003869175998,0.0010000000474974513,0.0010000000474974513,0,0,62.352699279785156,-62.351776123046875,5.319277763366699,0,24.634788513183594
0.11121499538421631,0.1000002920627594,0.00000021500004265817552,0.0010000000474974513,0.0010000000474974513,0,0,68.82844543457031,-68.82746124267578,5.681537628173828,0,24.634788513183594
0.11121999472379684,0.10000029951334,0.00000022000004662459105,0.0010000000474974513,0.0010000000474974513,0,0,75.97005462646484,-75.9690170288086,6.065169334411621,0,24.634788513183594
0.11122499406337738,0.1000003069639206,0.00000022500005059100658,0.0010000000474974513,0.0010000000474974513,0,0,83.38898468017578,-83.38789367675781,6.452229976654053,0,24.634788513183594
0.11123000085353851,0.10000031441450119,0.00000023000005455742212,0.0010000000474974513,0.0010000000474974513,0,0,90.5948257446289,-90.59369659423828,6.820404052734375,0,24.634788513183594
0.11123500019311905,0.10000032186508179,0.00000023500005852383765,0.0010000000474974513,0.0010000000474974513,0,0,97.03060913085938,-97.0294418334961,7.144614219665527,0,24.634788513183594
0.11123999953269958,0.10000032931566238,0.00000024000004827939847,0.0010000000474974513,0.0010000000474974513,0,0,102.11518096923828,-102.11398315429688,7.398951530456543,0,24.634788513183594
0.11124499887228012,0.10000033676624298,0.000000245000052245814,0.0010000000474974513,0.0010000000474974513,0,0,105.28978729248047,-105.28856658935547,7.5587873458862305,0,24.634788513183594
0.11124999821186066,0.10000034421682358,0.00000025000005621222954,0.0010000000474974513,0.0010000000474974513,0,0,106.06536865234375,-106.06412506103516,7.602907180786133,0,24.634788513183594
0.11125499755144119,0.10000035166740417,0.00000025500006017864507,0.0010000000474974513,0.0010000000474974513,0,0,104.06693267822266,-104.06568145751953,7.515508651733398,0,24.634788513183594
0.11125999689102173,0.10000035911798477,0.0000002600000641450606,0.0010000000474974513,0.0010000000474974513,0,0,99.07185363769531,-99.07059478759766,7.287912845611572,0,24.634788513183594
0.11126499623060226,0.10000036656856537,0.00000026500006811147614,0.0010000000474974513,0.0010000000474974513,0,0,91.03873443603516,-91.03746795654297,6.919837474822998,0,24.634788513183594
0.1112699955701828,0.10000037401914597,0.00000027000007207789167,0.0010000000474974513,0.0010000000474974513,0,0,80.12468719482422,-80.1234130859375,6.42013692855835,0,24.634788513183594
0.11127499490976334,0.10000038146972656,0.0000002750000760443072,0.0010000000474974513,0.0010000000474974513,0,0,66.6892318725586,-66.68795013427734,5.8069305419921875,0,24.634788513183594
0.11127999424934387,0.10000038892030716,0.00000028000008001072274,0.0010000000474974513,0.0010000000474974513,0,0,51.28413391113281,-51.28284454345703,5.107084274291992,0,24.634788513183594
0.11128499358892441,0.10000039637088776,0.0000002850000839771383,0.0010000000474974513,0.0010000000474974513,0,0,34.6294059753418,-34.62810516357422,4.3550567626953125,0,24.634788513183594
0.11129000037908554,0.10000040382146835,0.0000002900000879435538,0.0010000000474974513,0.0010000000474974513,0,0,17.576635360717773,-17.575315475463867,3.5911777019500732,0,24.634788513183594
0.11129499971866608,0.10000041127204895,0.00000029500009190996934,0.0010000000474974513,0.0010000000474974513,0,0,1.0618338584899902,-1.0604928731918335,2.8594417572021484,0,24.634788513183594
0.11129999905824661,0.10000041872262955,0.0000003000000958763849,0.0010000000474974513,0.0010000000474974513,0,0,13.949362754821777,13.950730323791504,2.204962968826294,0,24.634788513183594
0.11130499839782715,0.10000042617321014,0.0000003050000998428004,0.0010000000474974513,0.0010000000474974513,0,0,26.520660400390625,26.522062301635742,1.6712450981140137,0,24.634788513183594
0.11130999773740768,0.10000043362379074,0.00000031000010380921594,0.0010000000474974513,0.0010000000474974513,0,0,35.804439544677734,35.80588150024414,1.2974437475204468,0,24.634788513183594
0.11131499707698822,0.10000044107437134,0.0000003150001077756315,0.0010000000474974513,0.0010000000474974513,0,0,41.09745788574219,41.09894943237305,1.1158021688461304,0,24.634788513183594
0.11131999641656876,0.10000044852495193,0.000000320000111742047,0.0010000000474974513,0.0010000000474974513,0,0,41.889251708984375,41.890804290771484,1.1494346857070923,0,24.634788513183594
0.11132499575614929,0.10000045597553253,0.00000032500011570846254,0.0010000000474974513,0.0010000000474974513,0,0,37.899879455566406,37.9015007019043,1.4106040000915527,0,24.634788513183594
0.11132999509572983,0.10000046342611313,0.0000003300001196748781,0.0010000000474974513,0.0010000000474974513,0,0,29.10426139831543,29.105960845947266,1.8996237516403198,0,24.634788513183594
0.11133499443531036,0.10000047087669373,0.0000003350001236412936,0.0010000000474974513,0.0010000000474974513,0,0,15.74137020111084,15.743157386779785,2.6044652462005615,0,24.634788513183594
0.1113399937748909,0.10000047832727432,0.00000034000012760770915,0.0010000000474974513,0.0010000000474974513,0,0,1.6926621198654175,-1.690778374671936,3.5011065006256104,0,24.634788513183594
0.11134500056505203,0.10000048577785492,0.0000003450001315741247,0.0010000000474974513,0.0010000000474974513,0,0,22.467330932617188,-22.465341567993164,4.554617404937744,0,24.634788513183594
0.11134999990463257,0.10000049322843552,0.0000003500001355405402,0.0010000000474974513,0.0010000000474974513,0,0,45.65522384643555,-45.65312194824219,5.720923900604248,0,24.634788513183594
0.1113549992442131,0.10000050067901611,0.00000035500013950695575,0.0010000000474974513,0.0010000000474974513,0,0,70.18201446533203,-70.17979431152344,6.949148178100586,0,24.634788513183594
0.11135999858379364,0.10000050812959671,0.0000003600001434733713,0.0010000000474974513,0.0010000000474974513,0,0,94.88595581054688,-94.88361358642578,8.184388160705566,0,24.634788513183594
0.11136499792337418,0.10000051558017731,0.0000003650001474397868,0.0010000000474974513,0.0010000000474974513,0,0,118.583251953125,-118.5807876586914,9.370767593383789,0,24.634788513183594
0.11136999726295471,0.1000005230307579,0.00000037000015140620235,0.0010000000474974513,0.0010000000474974513,0,0,140.13525390625,-140.13267517089844,10.45456314086914,0,24.634788513183594
0.11137499660253525,0.1000005304813385,0.0000003750001553726179,0.0010000000474974513,0.0010000000474974513,0,0,158.5133514404297,-158.51063537597656,11.38723373413086,0,24.634788513183594
0.11137999594211578,0.1000005379319191,0.0000003800001593390334,0.0010000000474974513,0.0010000000474974513,0,0,172.85736083984375,-172.8545379638672,12.128135681152344,0,24.634788513183594
0.11138499528169632,0.1000005453824997,0.00000038500016330544895,0.0010000000474974513,0.0010000000474974513,0,0,182.524169921875,-182.52122497558594,12.646794319152832,0,24.634788513183594
0.11138999462127686,0.10000055283308029,0.0000003900001672718645,0.0010000000474974513,0.0010000000474974513,0,0,187.12298583984375,-187.11993408203125,12.92455005645752,0,24.634788513183594
0.11139499396085739,0.10000056028366089,0.00000039500017123828,0.0010000000474974513,0.0010000000474974513,0,0,186.53573608398438,-186.5325927734375,12.95551586151123,0,24.634788513183594
0.11140000075101852,0.10000056773424149,0.00000040000017520469555,0.0010000000474974513,0.0010000000474974513,0,0,180.9209747314453,-180.91773986816406,12.746774673461914,0,24.634788513183594
0.11140500009059906,0.10000057518482208,0.0000004050001791711111,0.0010000000474974513,0.0010000000474974513,0,0,170.70126342773438,-170.6979522705078,12.317806243896484,0,24.634788513183594
0.1114099994301796,0.10000058263540268,0.0000004100001831375266,0.0010000000474974513,0.0010000000474974513,0,0,156.53504943847656,-156.53167724609375,11.699189186096191,0,24.634788513183594
0.11141499876976013,0.10000059008598328,0.00000041500018710394215,0.0010000000474974513,0.0010000000474974513,0,0,139.27481079101563,-139.27137756347656,10.930679321289063,0,24.634788513183594
0.11141999810934067,0.10000059753656387,0.0000004200001910703577,0.0010000000474974513,0.0010000000474974513,0,0,119.91436004638672,-119.910888671875,10.05876350402832,0,24.634788513183594
0.1114249974489212,0.10000060498714447,0.0000004250001950367732,0.0010000000474974513,0.0010000000474974513,0,0,99.52867126464844,-99.5251693725586,9.133879661560059,0,24.634788513183594
0.11142999678850174,0.10000061243772507,0.00000043000019900318875,0.0010000000474974513,0.0010000000474974513,0,0,79.21012878417969,-79.20659637451172,8.207448959350586,0,24.634788513183594
0.11143499612808228,0.10000061988830566,0.0000004350002029696043,0.0010000000474974513,0.0010000000474974513,0,0,60.00527572631836,-60.00172805786133,7.328945636749268,0,24.634788513183594
0.11143999546766281,0.10000062733888626,0.0000004400002069360198,0.0010000000474974513,0.0010000000474974513,0,0,42.85606002807617,-42.852500915527344,6.543142795562744,0,24.634788513183594
0.11144499480724335,0.10000063478946686,0.00000044500021090243536,0.0010000000474974513,0.0010000000474974513,0,0,28.549152374267578,-28.545576095581055,5.887747764587402,0,24.634788513183594
0.11144999414682388,0.10000064224004745,0.0000004500002148688509,0.0010000000474974513,0.0010000000474974513,0,0,17.67638397216797,-17.672800064086914,5.391533851623535,0,24.634788513183594
0.11145499348640442,0.10000064969062805,0.0000004550002188352664,0.0010000000474974513,0.0010000000474974513,0,0,10.608654975891113,-10.605058670043945,5.073090553283691,0,24.634788513183594
0.11146000027656555,0.10000065714120865,0.00000046000022280168196,0.0010000000474974513,0.0010000000474974513,0,0,7.48449182510376,-7.480877876281738,4.940249443054199,0,24.634788513183594
0.11146499961614609,0.10000066459178925,0.0000004650002267680975,0.0010000000474974513,0.0010000000474974513,0,0,8.213730812072754,-8.21009349822998,4.990206718444824,0,24.634788513183594
0.11146999895572662,0.10000067204236984,0.000000470000230734513,0.0010000000474974513,0.0010000000474974513,0,0,12.495566368103027,-12.49189567565918,5.210306644439697,0,24.634788513183594
0.11147499829530716,0.10000067949295044,0.00000047500023470092856,0.0010000000474974513,0.0010000000474974513,0,0,19.849382400512695,-19.845670700073242,5.5794196128845215,0,24.634788513183594
0.1114799976348877,0.10000068694353104,0.0000004800002102456347,0.0010000000474974513,0.0010000000474974513,0,0,29.65591049194336,-29.65214729309082,6.06980037689209,0,24.634788513183594
0.11148499697446823,0.10000069439411163,0.0000004850002142120502,0.0010000000474974513,0.0010000000474974513,0,0,41.205631256103516,-41.20180130004883,6.649283409118652,0,24.634788513183594
0.11148999631404877,0.10000070184469223,0.0000004900002181784657,0.0010000000474974513,0.0010000000474974513,0,0,53.7508430480957,-53.74693298339844,7.283662796020508,0,24.634788513183594
0.1114949956536293,0.10000070929527283,0.0000004950002221448813,0.0010000000474974513,0.0010000000474974513,0,0,66.55782318115234,-66.55381774902344,7.939075469970703,0,24.634788513183594
0.11149999499320984,0.10000071674585342,0.0000005000002261112968,0.0010000000474974513,0.0010000000474974513,0,0,78.955322265625,-78.95121002197266,8.584236145019531,0,24.634788513183594
0.11149999499320984,0.10000072419643402,0.0000005050002300777123,0.0010000000474974513,0.0010000000474974513,0,0,90.37625122070313,-90.37201690673828,9.192361831665039,0,24.634788513183594
0.11150499433279037,0.10000072419643402,0.0000005048564162279945,-0.0005558753618970513,-0.000028767653930117376,0,0,74.6704330444336,-74.66624450683594,8.456710815429688,0,3.6339190006256104
0.11150999367237091,0.10000071674585342,0.0000005044748832006007,-0.0016592212487012148,-0.00007630432810401544,0,0,57.322486877441406,-57.318424224853516,7.647991180419922,0,3.6339190006256104
0.11151500046253204,0.10000070184469223,0.0000005039108827986638,-0.0027323157992213964,-0.00011279695172561333,0,0,39.7139892578125,-39.71012878417969,6.830981254577637,0,3.6339190006256104
0.11151999980211258,0.10000067949295044,0.0000005032204626331804,-0.0037538984324783087,-0.0001380796602461487,0,0,23.29566192626953,-23.292078018188477,6.0734710693359375,0,3.6339190006256104
0.11152499914169312,0.10000065714120865,0.0000005024559186495026,-0.004703592974692583,-0.00015291012823581696,0,0,9.471439361572266,-9.468108177185059,5.440822124481201,0,3.6339190006256104
0.11152999848127365,0.10000062733888626,0.0000005016612476538285,-0.005585894919931889,-0.0001589398307260126,0,0,0.516053318977356,0.5190654397010803,4.990625858306885,0,3.6339190006256104
0.11153499782085419,0.10000059753656387,0.0000005008681682738825,-0.006382596679031849,-0.00015861130668781698,0,0,5.688462734222412,5.6911845207214355,4.767877578735352,0,3.6339190006256104
0.11153999716043472,0.10000056028366089,0.0000005000932219445531,-0.007100422866642475,-0.0001549899170640856,0,0,5.416243076324463,5.418615341186523,4.801058769226074,0,3.6339190006256104
0.11154499650001526,0.1000005230307579,0.0000004993354991711385,-0.00772338081151247,-0.00015154184075072408,0,0,0.5236167311668396,-0.5215619206428528,5.099454879760742,0,3.6339190006256104
0.1115499958395958,0.10000047832727432,0.000000498576127938577,-0.008260328322649002,-0.0001518751960247755,0,0,11.920059204101563,-11.918376922607422,5.651917934417725,0,3.6339190006256104
0.11155499517917633,0.10000043362379074,0.0000004977787853022164,-0.008697256445884705,-0.00015946372877806425,0,0,28.134557723999023,-28.133211135864258,6.427213191986084,0,3.6339190006256104
0.11155999451875687,0.10000038892030716,0.0000004968919142811501,-0.009044792503118515,-0.0001773747499100864,0,0,48.14042663574219,-48.13937759399414,7.375921249389648,0,3.6339190006256104
0.1115649938583374,0.10000034421682358,0.000000495851793402835,-0.009314142167568207,-0.00020802189828827977,0,0,70.5931167602539,-70.59232330322266,8.433785438537598,0,3.6339190006256104
0.11157000064849854,0.10000029951334,0.0000004945869704897632,-0.00951673835515976,-0.0002529628691263497,0,0,93.92594146728516,-93.92536163330078,9.526249885559082,0,3.6339190006256104
0.11157499998807907,0.10000025480985641,0.0000004930232080369024,-0.009663870558142662,-0.0003127579693682492,0,0,116.46427154541016,-116.4638671875,10.573862075805664,0,3.6339190006256104
0.1115799993276596,0.10000020265579224,0.0000004910887128062313,-0.009766332805156708,-0.0003869014326483011,0,0,136.5493927001953,-136.54922485351563,11.49812126159668,0,3.6339190006256104
0.11158499866724014,0.10000015050172806,0.0000004887195359515317,-0.009810356423258781,-0.0004738314892165363,0,0,153.0752410888672,-153.07525634765625,12.247957229614258,0,3.6339190006256104
0.11158999800682068,0.10000009834766388,0.0000004858630973103573,-0.009804585948586464,-0.0005712821730412543,0,0,165.01461791992188,-165.01483154296875,12.77576732635498,0,3.6339190006256104
0.11159499734640121,0.1000000461935997,0.0000004824814254789089,-0.009753530845046043,-0.0006763337296433747,0,0,170.09396362304688,-170.0943145751953,12.970893859863281,0,3.6339190006256104
0.11159999668598175,0.10000000149011612,0.0000004785583200828114,-0.009664710611104965,-0.0007846189546398818,0,0,167.757568359375,-167.75794982910156,12.807422637939453,0,3.6339190006256104
0.11160499602556229,0.09999995678663254,0.00000047410122760993545,-0.009570086374878883,-0.0008914167410694063,0,0,158.01776123046875,-158.0181427001953,12.286564826965332,0,3.6339190006256104
0.11160999536514282,0.09999991208314896,0.00000046914115614526963,-0.00947323627769947,-0.0009920139564201236,0,0,141.45545959472656,-141.45582580566406,11.436660766601563,0,3.6339190006256104
0.11161499470472336,0.09999986737966537,0.00000046373082795980736,-0.009375268593430519,-0.0010820672614499927,0,0,119.18616485595703,-119.18653869628906,10.311509132385254,0,3.6339190006256104
0.1116199940443039,0.0999998226761818,0.0000004579410983751586,-0.009274588897824287,-0.0011579435085877776,0,0,92.77603149414063,-92.77641296386719,8.98635196685791,0,3.6339190006256104
0.11162500083446503,0.09999977797269821,0.000000451856067229528,-0.009166957810521126,-0.0012170065892860293,0,0,64.12010192871094,-64.12052917480469,7.552070140838623,0,3.6339190006256104
0.11163000017404556,0.09999973326921463,0.0000004455669397884776,-0.009045641869306564,-0.0012578266905620694,0,0,35.30736541748047,-35.30785369873047,6.108785629272461,0,3.6339190006256104
0.1116349995136261,0.09999968856573105,0.0000004391654329083394,-0.008901642635464668,-0.001280304160900414,0,0,8.445605278015137,-8.446196556091309,4.757502555847168,0,3.6339190006256104
0.11163999885320663,0.09999964386224747,0.0000004327370390910801,-0.008724017068743706,-0.0012856806861236691,0,0,14.602521896362305,14.60179328918457,3.5873069763183594,0,3.6339190006256104
0.11164499819278717,0.09999959915876389,0.00000042635511476873944,-0.00850025936961174,-0.001276384457014501,0,0,32.15180969238281,32.150901794433594,2.6791112422943115,0,3.6339190006256104
0.1116499975323677,0.0999995544552803,0.0000004200755370220577,-0.0082167387008667,-0.0012559160823002458,0,0,42.993247985839844,42.99213409423828,2.091026544570923,0,3.6339190006256104
0.11165499687194824,0.09999951720237732,0.00000041393280980628333,-0.007859176024794579,-0.0012285456759855151,0,0,46.442623138427734,46.44133758544922,1.8561460971832275,0,3.6339190006256104
0.11165999621152878,0.09999947994947433,0.0000004079379039012565,-0.0074392324313521385,-0.0011989794438704848,0,0,42.39179992675781,42.39031219482422,1.980101466178894,0,3.6339190006256104
0.11166499555110931,0.09999944269657135,0.00000040207794427260524,-0.0069423820823431015,-0.0011719920439645648,0,0,31.31292724609375,31.311180114746094,2.4408349990844727,0,3.6339190006256104
0.11166999489068985,0.09999941289424896,0.0000003963176595789264,-0.006354508921504021,-0.0011520575499162078,0,0,14.215839385986328,14.213879585266113,3.1905970573425293,0,3.6339190006256104
0.11167499423027039,0.09999938309192657,0.00000039060262224666076,-0.005688486620783806,-0.0011430074227973819,0,0,7.437308311462402,-7.439517974853516,4.160000801086426,0,3.6339190006256104
0.11167999356985092,0.09999936074018478,0.0000003848639096304396,-0.0049320124089717865,-0.001147742266766727,0,0,31.85399055480957,-31.856403350830078,5.263779163360596,0,3.6339190006256104
0.11168500036001205,0.099999338388443,0.0000003790238167766802,-0.004100210033357143,-0.001168021117337048,0,0,57.05821990966797,-57.06086349487305,6.407770156860352,0,3.6339190006256104
0.11168999969959259,0.0999993234872818,0.00000037300208077795105,-0.003183383494615555,-0.0012043454917147756,0,0,81.05145263671875,-81.05426025390625,7.4965362548828125,0,3.6339190006256104
0.11169499903917313,0.0999993160367012,0.00000036672236092272215,-0.002199531067162752,-0.0012559444876387715,0,0,101.97282409667969,-101.97576904296875,8.440999984741211,0,3.6339190006256104
0.11169999837875366,0.0999993085861206,0.0000003601180367240886,-0.0011680847965180874,-0.0013208623277023435,0,0,118.24657440185547,-118.2496566772461,9.165448188781738,0,3.6339190006256104
0.1117049977183342,0.0999993085861206,0.0000003531373238274682,-0.00008359900675714016,-0.0013961404329165816,0,0,128.7040252685547,-128.70713806152344,9.613347053527832,0,3.6339190006256104
0.11170999705791473,0.0999993160367012,0.000000345746940411118,0.0010318845743313432,-0.001478075864724815,0,0,132.66998291015625,-132.67311096191406,9.751497268676758,0,3.6339190006256104
0.11171499639749527,0.0999993234872818,0.0000003379342672360508,0.002155238762497902,-0.0015625361120328307,0,0,130.00753784179688,-130.0106201171875,9.572192192077637,0,3.6339190006256104
0.1117199957370758,0.099999338388443,0.0000003297077455499675,0.003288691397756338,-0.00164530158508569,0,0,121.11724090576172,-121.1202392578125,9.093238830566406,0,3.6339190006256104
0.11172499507665634,0.09999936074018478,0.0000003210957117971702,0.004407572094351053,-0.0017224071780219674,0,0,106.89166259765625,-106.89449310302734,8.35585880279541,0,3.6339190006256104
0.11172999441623688,0.09999939054250717,0.00000031214344176078157,0.005486808251589537,-0.0017904565902426839,0,0,88.62944793701172,-88.63203430175781,7.4206647872924805,0,3.6339190006256104
0.11173499375581741,0.09999942034482956,0.0000003029090294148773,0.006501344498246908,-0.001846879837103188,0,0,67.91676330566406,-67.91911315917969,6.362105369567871,0,3.6339190006256104
0.11174000054597855,0.09999945759773254,0.00000029345844154704537,0.007452651392668486,-0.001890116953290999,0,0,46.48682403564453,-46.488887786865234,5.261826038360596,0,3.6339190006256104
0.11174499988555908,0.09999950230121613,0.00000028385989025991876,0.008316499181091785,-0.0019197113579139113,0,0,26.06892967224121,-26.070663452148438,4.201566696166992,0,3.6339190006256104
0.11174999922513962,0.09999954700469971,0.00000027417834758125537,0.009069438092410564,-0.0019363072933629155,0,0,8.240806579589844,-8.242233276367188,3.256178379058838,0,3.6339190006256104
0.11175499856472015,0.09999959915876389,0.0000002644705716647877,0.009715246967971325,-0.0019415536662563682,0,0,5.703334808349609,5.702239990234375,2.487372875213623,0,3.6339190006256104
0.11175999790430069,0.09999965131282806,0.0000002547809572206461,0.01023262832313776,-0.0019379229051992297,0,0,14.858357429504395,14.857560157775879,1.9387210607528687,0,3.6339190006256104
0.11176499724388123,0.09999970346689224,0.00000024513863650099665,0.010627673007547855,-0.001928463694639504,0,0,18.777828216552734,18.777286529541016,1.6323235034942627,0,3.6339190006256104
0.11176999658346176,0.09999975562095642,0.00000023555608663627936,0.010907557792961597,-0.0019165094709023833,0,0,14.794666290283203,14.794349670410156,1.7028173208236694,0,3.6339190006256104
0.1117749959230423,0.0999998077750206,0.00000022602063154408825,0.011080295778810978,-0.001907091005705297,0,0,2.513714551925659,2.513585090637207,2.1730217933654785,0,3.6339190006256104
0.11177999526262283,0.09999985992908478,0.0000002164931771631018,0.01115445140749216,-0.001905490760691464,0,0,10.859142303466797,-10.859118461608887,2.6873860359191895,0,3.6339190006256104
0.11178499460220337,0.09999991208314896,0.00000020693116198344796,0.011140267364680767,-0.0019124039681628346,0,0,20.404333114624023,-20.40419578552246,3.0051989555358887,0,3.6339190006256104
0.1117899939417839,0.09999996423721313,0.00000019730418898689095,0.011052430607378483,-0.0019253938226029277,0,0,30.270244598388672,-30.270017623901367,3.3387882709503174,0,3.6339190006256104
0.11179500073194504,0.10000001639127731,0.00000018758086639536486,0.01089844387024641,-0.0019446645164862275,0,0,39.2988395690918,-39.298545837402344,3.635129928588867,0,3.6339190006256104
0.11180000007152557,0.10000006854534149,0.00000017773244564978086,0.010685115121304989,-0.0019696829840540886,0,0,46.42387390136719,-46.423526763916016,3.845381259918213,0,3.6339190006256104
0.11180499941110611,0.10000012069940567,0.00000016773626043686818,0.010418328456580639,-0.001999237108975649,0,0,50.765811920166016,-50.76543426513672,3.929286241531372,0,3.6339190006256104
0.11180999875068665,0.10000017285346985,0.00000015757848359498894,0.010102850385010242,-0.002031555399298668,0,0,51.7333984375,-51.732994079589844,3.859774351119995,0,3.6339190006256104
0.11181499809026718,0.10000022500753403,0.00000014725603136866994,0.009742303751409054,-0.002064489759504795,0,0,49.03805160522461,-49.03762435913086,3.623810291290283,0,3.6339190006256104
0.11181999742984772,0.10000026971101761,0.00000013677748711415916,0.009339108131825924,-0.0020957081578671932,0,0,42.72794723510742,-42.72754669189453,3.2239396572113037,0,3.6339190006256104
0.11182499676942825,0.10000031441450119,0.0000001261629449800239,0.008918111212551594,-0.002122909761965275,0,0,33.18633270263672,-33.185951232910156,2.6781911849975586,0,3.6339190006256104
0.11182999610900879,0.10000035911798477,0.00000011544275935193582,0.008478748612105846,-0.002144036814570427,0,0,21.1014461517334,-21.10108184814453,2.01867413520813,0,3.6339190006256104
0.11183499544858932,0.10000039637088776,0.00000010465540611903634,0.008018775843083858,-0.0021574702113866806,0,0,7.410736083984375,-7.410406112670898,1.2889649868011475,0,3.6339190006256104
0.11183999478816986,0.10000043362379074,0.00000009384446997273699,0.00755805429071188,-0.0021621878258883953,0,0,6.7762980461120605,6.77659797668457,0.5404995083808899,0,3.6339190006256104
0.1118449941277504,0.10000047087669373,0.00000008305509879846795,0.007090866565704346,-0.0021578739397227764,0,0,20.270593643188477,20.2708683013916,-0.1717408299446106,0,3.6339190006256104
0.11184999346733093,0.10000050067901611,0.00000007233025201003329,0.006609815172851086,-0.002144969068467617,0,0,31.90372657775879,31.903968811035156,-0.7939009070396423,0,3.6339190006256104
0.11185500025749207,0.1000005304813385,0.00000006170696309482082,0.00612977147102356,-0.0021246583200991154,0,0,40.62779235839844,40.62800979614258,-1.277904748916626,0,3.6339190006256104
0.1118599995970726,0.10000056028366089,0.00000005121299295751669,0.005640348419547081,-0.0020987940952181816,0,0,45.60693359375,45.60712814331055,-1.585707426071167,0,3.6339190006256104
0.11186499893665314,0.10000058263540268,0.000000040864193806555704,0.005129948258399963,-0.0020697596482932568,0,0,46.29281234741211,46.2929801940918,-1.6927924156188965,0,3.6339190006256104
0.11186999827623367,0.10000060498714447,0.00000003066275056085033,0.004609847441315651,-0.0020402888767421246,0,0,42.47792053222656,42.478065490722656,-1.590626835823059,0,3.6339190006256104
0.11187499761581421,0.10000062733888626,0.00000002059651826868958,0.004066783003509045,-0.002013246528804302,0,0,34.322086334228516,34.32221221923828,-1.287858247756958,0,3.6339190006256104
0.11187999695539474,0.10000064224004745,0.000000010639537251222464,0.003487090114504099,-0.001991396304219961,0,0,22.3497314453125,22.349830627441406,-0.8101394176483154,0,3.6339190006256104
0.11188499629497528,0.10000065714120865,0.0000000007536975488164899,0.0028808536008000374,-0.001977168023586273,0,0,7.417694091796875,7.417762756347656,-0.1985769122838974,0,3.6339190006256104
0.11188999563455582,0.10000066459178925,-0.000000009108530818480176,0.002234532032161951,-0.0019724457524716854,0,0,9.344186782836914,-9.34415340423584,0.4930947422981262,0,3.6339190006256104
0.11189499497413635,0.10000067204236984,-0.00000001900050250469576,0.0015588216483592987,-0.0019783945754170418,0,0,26.6153621673584,-26.615371704101563,1.202406644821167,0,3.6339190006256104
0.11189999431371689,0.10000067949295044,-0.00000002897719397765286,0.0008412601891905069,-0.0019953385926783085,0,0,42.98360061645508,-42.98366165161133,1.8628255128860474,0,3.6339190006256104
0.11190499365329742,0.10000067949295044,-0.000000039090707559807925,0.00007034046575427055,-0.0020227027125656605,0,0,57.05312728881836,-57.053253173828125,2.408843755722046,0,3.6339190006256104
0.11191000044345856,0.10000067949295044,-0.000000049385825207082235,-0.0007404079660773277,-0.002059023827314377,0,0,67.5535659790039,-67.55377960205078,2.781095504760742,0,3.6339190006256104
0.11191499978303909,0.10000067204236984,-0.00000005989597440247962,-0.0015999034512788057,-0.002102029975503683,0,0,73.44121551513672,-73.4415054321289,2.931102991104126,0,3.6339190006256104
0.11191999912261963,0.10000065714120865,-0.00000007063989926336944,-0.0024917975533753633,-0.0021487842313945293,0,0,73.98448181152344,-73.98487091064453,2.8252766132354736,0,3.6339190006256104
0.11192499846220016,0.10000064224004745,-0.00000008161931930317223,-0.0033983320463448763,-0.002195884007960558,0,0,68.82709503173828,-68.82759094238281,2.4478492736816406,0,3.6339190006256104
0.1119299978017807,0.10000061988830566,-0.00000009281782098469193,-0.00432424433529377,-0.002239700872451067,0,0,58.023372650146484,-58.02397155761719,1.8025010824203491,0,3.6339190006256104
0.11193499714136124,0.10000059008598328,-0.00000010420102114494512,-0.005249183624982834,-0.0022766399197280407,0,0,42.04298782348633,-42.043678283691406,0.9125423431396484,0,3.6339190006256104
0.11193999648094177,0.10000056028366089,-0.00000011571804492405136,-0.006151698529720306,-0.002303405199199915,0,0,21.74423599243164,-21.745018005371094,-0.18038837611675262,0,3.6339190006256104
0.11194499582052231,0.1000005230307579,-0.00000012730428977647534,-0.007033256813883781,-0.002317247912287712,0,0,1.6823434829711914,1.681496024131775,-1.4190235137939453,0,3.6339190006256104
0.11194999516010284,0.10000048577785492,-0.00000013888517003124434,-0.007870768196880817,-0.0023161768913269043,0,0,26.796131134033203,26.795228958129883,-2.73437237739563,0,3.6339190006256104
0.11195499449968338,0.10000044107437134,-0.0000001503807567360127,-0.008664372377097607,-0.0022991178557276726,0,0,52.00816345214844,52.00725555419922,-4.050554275512695,0,3.6339190006256104
0.11195999383926392,0.10000039637088776,-0.00000016171080119420367,-0.00939000491052866,-0.0022660084068775177,0,0,75.69528198242188,75.69438171386719,-5.290198802947998,0,3.6339190006256104
0.11196500062942505,0.10000034421682358,-0.0000001727999006106984,-0.010047215037047863,-0.0022178194485604763,0,0,96.31761169433594,96.3167724609375,-6.3800153732299805,0,3.6339190006256104
0.11196999996900558,0.1000002920627594,-0.00000018358241504756734,-0.01061174925416708,-0.0021565016359090805,0,0,112.5312271118164,112.53047943115234,-7.2561116218566895,0,3.6339190006256104
0.11197499930858612,0.10000023990869522,-0.0000001940067306804849,-0.011083378456532955,-0.0020848619751632214,0,0,123.28693389892578,123.28630065917969,-7.868666648864746,0,3.6339190006256104
0.11197999864816666,0.10000018030405045,-0.00000020403859934958746,-0.011462186463177204,-0.002006375230848789,0,0,127.90794372558594,127.90748596191406,-8.185600280761719,0,3.6339190006256104
0.11198499798774719,0.10000012069940567,-0.00000021366332703109947,-0.011724858544766903,-0.0019249464385211468,0,0,126.14070892333984,126.14044189453125,-8.194961547851563,0,3.6339190006256104
0.11198999732732773,0.1000000610947609,-0.00000022288654122348817,-0.011872467584908009,-0.0018446426838636398,0,0,118.174560546875,118.17449951171875,-7.905862808227539,0,3.6339190006256104
0.11199499666690826,0.10000000149011612,-0.00000023173359409156546,-0.011906732805073261,-0.0017694104462862015,0,0,108.56936645507813,108.56952667236328,-7.544880390167236,0,3.6339190006256104
0.1119999960064888,0.09999994188547134,-0.0000002402350673946785,-0.011822282336652279,-0.0017002930399030447,0,0,88.36254119873047,88.36294555664063,-6.662051200866699,0,3.6339190006256104
0.11200499534606934,0.09999988228082657,-0.0000002484552794612682,-0.01161892805248499,-0.0016440397594124079,0,0,64.4481201171875,64.4487533569336,-5.598674774169922,0,3.6339190006256104
0.11200999468564987,0.0999998226761818,-0.0000002564703436291893,-0.011300559155642986,-0.0016030108090490103,0,0,38.70756912231445,38.708438873291016,-4.444789409637451,0,3.6339190006256104
0.11201499402523041,0.09999977052211761,-0.0000002643621996867296,-0.010871472768485546,-0.0015783687122166157,0,0,13.138177871704102,13.139220237731934,-3.2960739135742188,0,3.6339190006256104
0.11202000081539154,0.09999971836805344,-0.0000002722122189879883,-0.010362277738749981,-0.0015700047370046377,0,0,10.296038627624512,-10.29482650756836,-2.2467145919799805,0,3.6339190006256104
0.11202500015497208,0.09999966621398926,-0.0000002800950085202203,-0.009777099825441837,-0.0015765593852847815,0,0,29.817934036254883,-29.816553115844727,-1.3820784091949463,0,3.6339190006256104
0.11202999949455261,0.09999962151050568,-0.0000002880727265619498,-0.009119530208408833,-0.0015955420676618814,0,0,43.97486877441406,-43.97337341308594,-0.7721492052078247,0,3.6339190006256104
0.11203499883413315,0.0999995768070221,-0.0000002961904215226241,-0.008418585173785686,-0.001623537391424179,0,0,51.74934005737305,-51.74772644042969,-0.4662487506866455,0,3.6339190006256104
0.11203999817371368,0.09999953955411911,-0.00000030447282028944755,-0.007675972767174244,-0.001656481996178627,0,0,52.63309860229492,-52.63141632080078,-0.48946887254714966,0,3.6339190006256104
0.11204499751329422,0.09999950230121613,-0.00000031292276503336325,-0.006918205879628658,-0.0016899893525987864,0,0,46.65983200073242,-46.6580696105957,-0.8410927653312683,0,3.6339190006256104
0.11204999685287476,0.09999947249889374,-0.00000032152124163076223,-0.0061439573764801025,-0.001719693886116147,0,0,34.39316177368164,-34.391361236572266,-1.4951109886169434,0,3.6339190006256104
0.11205499619245529,0.09999944269657135,-0.00000033022919865288713,-0.005376281216740608,-0.001741589279845357,0,0,16.8723201751709,-16.870468139648438,-2.4027721881866455,0,3.6339190006256104
0.11205999553203583,0.09999942034482956,-0.00000033899084428412607,-0.004610086791217327,-0.001752330455929041,0,0,4.480584144592285,4.482447147369385,-3.496938705444336,0,3.6339190006256104
0.11206499487161636,0.09999939799308777,-0.00000034773822221723094,-0.003864492056891322,-0.0017494780477136374,0,0,27.982654571533203,27.984554290771484,-4.697861671447754,0,3.6339190006256104
0.1120699942111969,0.09999938309192657,-0.00000035639652651298093,-0.0031304366420954466,-0.0017316637095063925,0,0,51.832130432128906,51.834022521972656,-5.919887065887451,0,3.6339190006256104
0.11207499355077744,0.09999936819076538,-0.00000036488987120719685,-0.002423172816634178,-0.0016986662521958351,0,0,74.25718688964844,74.25910949707031,-7.078516006469727,0,3.6339190006256104
0.11208000034093857,0.09999936074018478,-0.0000003731468325440801,-0.0017300141043961048,-0.001651392551138997,0,0,93.66012573242188,93.66203308105469,-8.097240447998047,0,3.6339190006256104
0.1120849996805191,0.09999935328960419,-0.00000038110567857074784,-0.001062954543158412,-0.001591766718775034,0,0,108.74382781982422,108.74576568603516,-8.913572311401367,0,3.6339190006256104
0.11208999902009964,0.09999935328960419,-0.0000003887183765982627,-0.0004065298708155751,-0.0015225382521748543,0,0,118.61128997802734,118.61322784423828,-9.483780860900879,0,3.6339190006256104
0.11209499835968018,0.09999935328960419,-0.00000039595352063770406,0.00022946594981476665,-0.0014470280148088932,0,0,122.82904052734375,122.83102416992188,-9.785962104797363,0,3.6339190006256104
0.11209999769926071,0.09999936074018478,-0.0000004027976956422208,0.0008620414882898331,-0.001368832541629672,0,0,121.45069885253906,121.45268249511719,-9.821191787719727,0,3.6339190006256104
0.11210499703884125,0.09999936819076538,-0.00000040925527855506516,0.0014822378288954496,-0.0012915146071463823,0,0,114.99812316894531,115.00016784667969,-9.612717628479004,0,3.6339190006256104
0.11210999637842178,0.09999937564134598,-0.00000041534678985044593,0.0021071601659059525,-0.0012183045037090778,0,0,104.40349578857422,104.40564727783203,-9.203255653381348,0,3.6339190006256104
0.11211499571800232,0.09999939054250717,-0.0000004211059945191664,0.00275329127907753,-0.0011518392711877823,0,0,90.91690826416016,90.91912078857422,-8.650691986083984,0,3.6339190006256104
0.11211999505758286,0.09999940544366837,-0.0000004265757809207571,0.003409827593713999,-0.0010939596686512232,0,0,75.9881362915039,75.99046325683594,-8.022546768188477,0,3.6339190006256104
0.11212499439716339,0.09999942779541016,-0.00000043180369857509504,0.004090774804353714,-0.001045584212988615,0,0,61.13376235961914,61.13615417480469,-7.3897247314453125,0,3.6339190006256104
0.11212999373674393,0.09999945014715195,-0.000000436837012784963,0.004782282747328281,-0.0010066651739180088,0,0,47.80021667480469,47.802711486816406,-6.8200860023498535,0,3.6339190006256104
0.11213500052690506,0.09999947994947433,-0.00000044171818558425,0.005494849756360054,-0.0009762346162460744,0,0,37.23609161376953,37.238616943359375,-6.372416019439697,0,3.6339190006256104
0.1121399998664856,0.09999950975179672,-0.00000044648083985521225,0.0062107788398861885,-0.000952529429923743,0,0,30.383380889892578,30.385957717895508,-6.091313362121582,0,3.6339190006256104
0.11214499920606613,0.09999954700469971,-0.0000004511467750489828,0.006936515681445599,-0.0009331867913715541,0,0,27.798442840576172,27.800996780395508,-6.003429412841797,0,3.6339190006256104
0.11214999854564667,0.09999958425760269,-0.00000045572423346129654,0.007650247775018215,-0.0009154897998087108,0,0,29.607988357543945,29.610523223876953,-6.115390777587891,0,3.6339190006256104
0.1121549978852272,0.09999962896108627,-0.00000046020744548513903,0.008354387246072292,-0.0008966407622210681,0,0,35.50502014160156,35.507442474365234,-6.413564205169678,0,3.6339190006256104
0.11215999722480774,0.09999967366456985,-0.0000004645776243705768,0.009023311547935009,-0.0008740375633351505,0,0,44.783485412597656,44.785789489746094,-6.865670680999756,0,3.6339190006256104
0.11216499656438828,0.09999971836805344,-0.0000004688052683832211,0.009655977599322796,-0.000845527567435056,0,0,56.409576416015625,56.411746978759766,-7.424097061157227,0,3.6339190006256104
0.11216999590396881,0.09999977052211761,-0.00000047285334403568413,0.01024987269192934,-0.0008096161182038486,0,0,69.12226867675781,69.12419128417969,-8.030592918395996,0,3.6339190006256104
0.11217499524354935,0.0999998226761818,-0.0000004766814072354464,0.010775011964142323,-0.0007656114757992327,0,0,81.55398559570313,81.55564880371094,-8.621932983398438,0,3.6339190006256104
0.11217999458312988,0.09999988228082657,-0.0000004802498665412713,0.011226710863411427,-0.0007136925705708563,0,0,92.36152648925781,92.36280822753906,-9.13602066040039,0,3.6339190006256104
0.11218499392271042,0.09999994188547134,-0.0000004835243316847482,0.011573568917810917,-0.0006548934034071863,0,0,100.47368621826172,100.47455596923828,-9.52297592163086,0,3.6339190006256104
0.11219000071287155,0.10000000149011612,-0.0000004864789957537141,0.01181029248982668,-0.0005909298197366297,0,0,105.03778076171875,105.03823852539063,-9.743298530578613,0,3.6339190006256104
0.11219500005245209,0.1000000610947609,-0.0000004890993068329408,0.01193187665194273,-0.0005240607424639165,0,0,101.95292663574219,101.95293426513672,-9.594498634338379,0,3.6339190006256104
0.11219999939203262,0.10000012069940567,-0.0000004913950988338911,0.011933841742575169,-0.0004591554752551019,0,0,98.49431610107422,98.49390411376953,-9.441240310668945,0,3.6339190006256104
0.11220499873161316,0.10000018030405045,-0.0000004933773425364052,0.011823427863419056,-0.00039645202923566103,0,0,91.62393951416016,91.62310028076172,-9.131765365600586,0,3.6339190006256104
0.1122099980711937,0.10000023990869522,-0.0000004950679795001633,0.011597909964621067,-0.0003381224232725799,0,0,81.67542266845703,81.67414855957031,-8.681719779968262,0,3.6339190006256104
0.11221499741077423,0.10000029951334,-0.0000004964986146660522,0.011255030520260334,-0.00028612621827051044,0,0,69.41175842285156,69.4100341796875,-8.127105712890625,0,3.6339190006256104
0.11221999675035477,0.10000035166740417,-0.000000497708299462829,0.010793249122798443,-0.00024193730496335775,0,0,55.826778411865234,55.8246955871582,-7.514526844024658,0,3.6339190006256104
0.1122249960899353,0.10000040382146835,-0.000000498740291732247,0.010235504247248173,-0.00020639687136281282,0,0,42.06735610961914,42.06490707397461,-6.897525787353516,0,3.6339190006256104
0.11222999542951584,0.10000044852495193,-0.0000004996383609068289,0.009581430815160275,-0.00017961596313398331,0,0,29.340961456298828,29.33823013305664,-6.332267761230469,0,3.6339190006256104
0.11223499476909637,0.10000049322843552,-0.0000005004430363442225,0.00885480735450983,-0.00016093692102003843,0,0,18.817363739013672,18.81434440612793,-5.872931480407715,0,3.6339190006256104
0.11223999410867691,0.1000005304813385,-0.0000005011877988181368,0.008055736310780048,-0.0001489574060542509,0,0,11.530802726745605,11.527583122253418,-5.567155361175537,0,3.6339190006256104
0.11224499344825745,0.10000056773424149,-0.0000005018958972868859,0.007208080030977726,-0.00014161666331347078,0,0,8.291976928710938,8.288548469543457,-5.451924800872803,0,3.6339190006256104
0.11225000023841858,0.10000059753656387,-0.0000005025775635658647,0.006311643868684769,-0.00013633783964905888,0,0,9.615514755249023,9.61196231842041,-5.550223350524902,0,3.6339190006256104
0.11225499957799911,0.10000062733888626,-0.0000005032286480854964,0.005389614962041378,-0.00013021640188526362,0,0,15.670421600341797,15.666736602783203,-5.86873197555542,0,3.6339190006256104
0.11225999891757965,0.10000064969062805,-0.0000005038298240833683,0.00444076769053936,-0.00012024030729662627,0,0,26.256267547607422,26.252532958984375,-6.3967790603637695,0,3.6339190006256104
0.11226499825716019,0.10000066459178925,-0.0000005043474402555148,0.003486938774585724,-0.00010352504614274949,0,0,40.8087043762207,40.80500030517578,-7.106630802154541,0,3.6339190006256104
0.11226999759674072,0.10000067949295044,-0.0000005047351692155644,0.0025489889085292816,-0.00007754542457405478,0,0,58.43341064453125,58.429725646972656,-7.955135822296143,0,3.6339190006256104
0.11227499693632126,0.10000068694353104,-0.0000005049369065091014,0.0016228038584813476,-0.000040345563320443034,0,0,77.96620178222656,77.96261596679688,-8.886603355407715,0,3.6339190006256104
0.1122799962759018,0.10000068694353104,-0.0000005048904654358921,0.0007268552435562015,0.000009289258741773665,0,0,98.05574798583984,98.05233764648438,-9.836715698242188,0,3.6339190006256104
0.11228499561548233,0.10000068694353104,-0.0000005045318971497181,-0.00012172508286312222,0.00007171348988777027,0,0,117.26203918457031,117.2587661743164,-10.737187385559082,0,3.6339190006256104
0.11228999495506287,0.10000067949295044,-0.0000005038000949753041,-0.0009310290915891528,0.00014636482228524983,0,0,134.1630401611328,134.15997314453125,-11.520811080932617,0,3.6339190006256104
0.1122949942946434,0.10000067204236984,-0.0000005026412281949888,-0.0016866825753822923,0.0002317756589036435,0,0,147.46253967285156,147.45965576171875,-12.1265230178833,0,3.6339190006256104
0.11229999363422394,0.10000065714120865,-0.000000501012948461721,-0.0023993579670786858,0.0003256532072555274,0,0,156.0894012451172,156.0867462158203,-12.504090309143066,0,3.6339190006256104
0.11230500042438507,0.10000064224004745,-0.0000004988878572476096,-0.0030570020899176598,0.00042502282303757966,0,0,159.28195190429688,159.2794952392578,-12.618053436279297,0,3.6339190006256104
0.1123099997639656,0.10000062733888626,-0.0000004962557227372599,-0.003672274760901928,0.000526424846611917,0,0,156.6498565673828,156.64752197265625,-12.45063591003418,0,3.6339190006256104
0.11231499910354614,0.10000060498714447,-0.0000004931249577566632,-0.004258429631590843,0.0006261512171477079,0,0,148.20883178710938,148.20668029785156,-12.003355026245117,0,3.6339190006256104
0.11231999844312668,0.10000058263540268,-0.0000004895224492429406,-0.0048051755875349045,0.0007205038564279675,0,0,134.38619995117188,134.38418579101563,-11.297235488891602,0,3.6339190006256104
0.11232499778270721,0.10000055283308029,-0.0000004854921371588716,-0.005326060578227043,0.000806056777946651,0,0,115.99490356445313,115.99305725097656,-10.371573448181152,0,3.6339190006256104
0.11232999712228775,0.1000005230307579,-0.0000004810926270693017,-0.005810607224702835,0.0008799014613032341,0,0,94.1794204711914,94.17769622802734,-9.28133773803711,0,3.6339190006256104
0.11233499646186829,0.10000049322843552,-0.0000004763933247886598,-0.006271700374782085,0.0009398579131811857,0,0,70.33619689941406,70.33454895019531,-8.093396186828613,0,3.6339190006256104
0.11233999580144882,0.10000045597553253,-0.00000047147014470283466,-0.006721462123095989,0.0009846353204920888,0,0,46.015106201171875,46.013572692871094,-6.881840229034424,0,3.6339190006256104
0.11234499514102936,0.10000041872262955,-0.00000046640050754831464,-0.0071471501141786575,0.0010139293735846877,0,0,22.80927276611328,22.807819366455078,-5.722747325897217,0,3.6339190006256104
0.1123499944806099,0.10000038146972656,-0.00000046125825292619993,-0.007558615878224373,0.0010284503223374486,0,0,2.2407572269439697,2.239354372024536,-4.68877649307251,0,3.6339190006256104
0.11235499382019043,0.10000034421682358,-0.0000004561088644550182,-0.007964275777339935,0.0010298768756911159,0,0,14.348613739013672,-14.349991798400879,-3.843992233276367,0,3.6339190006256104
0.11236000061035156,0.10000029951334,-0.0000004510051496708911,-0.008370846509933472,0.0010207422310486436,0,0,25.893583297729492,-25.894880294799805,-3.23930287361145,0,3.6339190006256104
0.1123649999499321,0.10000025480985641,-0.0000004459838578441122,-0.008759409189224243,0.0010042578214779496,0,0,31.681331634521484,-31.682559967041016,-2.9088540077209473,0,3.6339190006256104
0.11236999928951263,0.10000021010637283,-0.0000004410634062423924,-0.009133070707321167,0.0009840888669714332,0,0,31.401945114135742,-31.403114318847656,-2.867644786834717,0,3.6339190006256104
0.11237499862909317,0.10000016540288925,-0.00000043624291379273927,-0.009493149816989899,0.0009640977950766683,0,0,25.169042587280273,-25.170154571533203,-3.1105363368988037,0,3.6339190006256104
0.1123799979686737,0.10000011324882507,-0.0000004315025421419705,-0.009839128702878952,0.0009480747394263744,0,0,13.509513854980469,-13.510490417480469,-3.612734079360962,0,3.6339190006256104
0.11238499730825424,0.1000000610947609,-0.0000004268051725375699,-0.01014496199786663,0.000939474324695766,0,0,2.677201747894287,2.67637038230896,-4.331690788269043,0,3.6339190006256104
0.11238999664783478,0.10000000894069672,-0.0000004220992764203402,-0.01040695235133171,0.0009411786450073123,0,0,22.130022048950195,22.129348754882813,-5.20794153213501,0,3.6339190006256104
0.11239499598741531,0.09999995678663254,-0.0000004173229513071419,-0.010620081797242165,0.0009552671108394861,0,0,43.43021011352539,43.429710388183594,-6.1741204261779785,0,3.6339190006256104
0.11239999532699585,0.09999990463256836,-0.0000004124083829992742,-0.01077805645763874,0.0009829156333580613,0,0,65.05628967285156,65.05599212646484,-7.157833576202393,0,3.6339190006256104
0.11240499466657639,0.09999985247850418,-0.0000004072867341164965,-0.010873520746827126,0.0010243317810818553,0,0,85.495849609375,85.49577331542969,-8.08694076538086,0,3.6339190006256104
0.11240999400615692,0.09999980032444,-0.00000040189294736592274,-0.010898301377892494,0.001078760134987533,0,0,105.28126525878906,105.28144836425781,-8.991052627563477,0,3.6339190006256104
0.11241500079631805,0.09999974817037582,-0.00000039616404023945506,-0.010838218033313751,0.001145784161053598,0,0,120.6590805053711,120.65955352783203,-9.6849946975708,0,3.6339190006256104
0.11242000013589859,0.09999969601631165,-0.0000003900510421317449,-0.010681023821234703,0.001222598017193377,0,0,130.71560668945313,130.71641540527344,-10.124554634094238,0,3.6339190006256104
0.11242499947547913,0.09999964386224747,-0.00000038352197861968307,-0.01041715033352375,0.0013058142503723502,0,0,134.837646484375,134.83883666992188,-10.279376983642578,0,3.6339190006256104
0.11242999881505966,0.09999959170818329,-0.0000003765637188735127,-0.01003756932914257,0.0013916544849053025,0,0,132.89137268066406,132.89291381835938,-10.141871452331543,0,3.6339190006256104
0.1124349981546402,0.09999954700469971,-0.0000003691824304041802,-0.009534105658531189,0.0014762558275833726,0,0,125.2210464477539,125.22286987304688,-9.727200508117676,0,3.6339190006256104
0.11243999749422073,0.09999950230121613,-0.0000003614025558817957,-0.00892581045627594,0.00155597401317209,0,0,112.60836791992188,112.61048126220703,-9.071418762207031,0,3.6339190006256104
0.11244499683380127,0.09999945759773254,-0.0000003532642551817844,-0.008206581696867943,0.0016276628011837602,0,0,96.1970443725586,96.1994400024414,-8.227930068969727,0,3.6339190006256104
0.1124499961733818,0.09999942034482956,-0.0000003448197389843699,-0.0073714591562747955,0.0016889037797227502,0,0,77.3885498046875,77.39115142822266,-7.262595176696777,0,3.6339190006256104
0.11245499551296234,0.09999939054250717,-0.0000003361288918313221,-0.006442887708544731,0.0017381708603352308,0,0,57.718570709228516,57.721282958984375,-6.247917175292969,0,3.6339190006256104
0.11245999485254288,0.09999936074018478,-0.0000003272543267485162,-0.00544430036097765,0.0017749157268553972,0,0,38.72500228881836,38.72782516479492,-5.256803512573242,0,3.6339190006256104
0.11246499419212341,0.099999338388443,-0.0000003182564967119106,-0.004373668693006039,0.0017995687667280436,0,0,21.818891525268555,21.821741104125977,-4.35645055770874,0,3.6339190006256104
0.11246999353170395,0.0999993234872818,-0.0000003091892040174571,-0.003255746327340603,0.0018134592100977898,0,0,8.168586730957031,8.17138671875,-3.602861166000366,0,3.6339190006256104
0.11247500032186508,0.0999993160367012,-0.00000030009590545887477,-0.0021155723370611668,0.001818659482523799,0,0,1.3924121856689453,-1.389725685119629,-3.0364491939544678,0,3.6339190006256104
0.11247999966144562,0.0999993085861206,-0.0000002910070406869636,-0.0009780523832887411,0.0018177730962634087,0,0,6.426929473876953,-6.424351692199707,-2.679100513458252,0,3.6339190006256104
0.11248499900102615,0.0999993085861206,-0.0000002819386395458423,0.00015854547382332385,0.0018136815633624792,0,0,6.919546127319336,-6.917128562927246,-2.532909631729126,0,3.6339190006256104
0.11248999834060669,0.0999993160367012,-0.0000002728922652295296,0.0012703544925898314,0.001809276407584548,0,0,3.265035629272461,-3.2628183364868164,-2.5806806087493896,0,3.6339190006256104
0.11249499768018723,0.0999993309378624,-0.00000026385626483715896,0.002334376098588109,0.00180719792842865,0,0,3.7793259620666504,3.7813096046447754,-2.788116455078125,0,3.6339190006256104
0.11249999701976776,0.09999934583902359,-0.0000002548082420616993,0.0033288283739238977,0.001809604000300169,0,0,13.172615051269531,13.17439079284668,-3.1074888706207275,0,3.6339190006256104
0.1125049963593483,0.09999936819076538,-0.00000024571829726482974,0.004259538371115923,0.0018179898615926504,0,0,23.693130493164063,23.69467544555664,-3.482431411743164,0,3.6339190006256104
0.11250999569892883,0.09999939054250717,-0.00000023655293546198664,0.005107565317302942,0.001833073329180479,0,0,34.05549240112305,34.05683898925781,-3.8534276485443115,0,3.6339190006256104
0.11251499503850937,0.09999942034482956,-0.00000022727917325937597,0.005881580524146557,0.0018547538202255964,0,0,43.03212356567383,43.033260345458984,-4.163492679595947,0,3.6339190006256104
0.1125199943780899,0.09999945014715195,-0.00000021786843262816546,0.006565389223396778,0.0018821489065885544,0,0,49.567543029785156,49.568504333496094,-4.363543510437012,0,3.6339190006256104
0.11252499371767044,0.09999948740005493,-0.00000020829990887705208,0.0071702152490615845,0.001913704676553607,0,0,52.87595748901367,52.87672805786133,-4.416969299316406,0,3.6339190006256104
0.11253000050783157,0.09999952465295792,-0.00000019856307176269183,0.007682133466005325,0.0019473666325211525,0,0,52.51289367675781,52.51351547241211,-4.303004264831543,0,3.6339190006256104
0.11253499984741211,0.0999995619058609,-0.00000018865908657517139,0.008114276453852654,0.0019807973876595497,0,0,48.415225982666016,48.41572952270508,-4.018607139587402,0,3.6339190006256104
0.11253999918699265,0.09999960660934448,-0.00000017860098466826457,0.008480286225676537,0.002011619508266449,0,0,40.905555725097656,40.90592575073242,-3.5786702632904053,0,3.6339190006256104
0.11254499852657318,0.09999965131282806,-0.00000016841268291045708,0.0087677501142025,0.0020376606844365597,0,0,30.660764694213867,30.66103744506836,-3.0145583152770996,0,3.6339190006256104
0.11254999786615372,0.09999969601631165,-0.00000015812678100246558,0.008990351110696793,0.002057179808616638,0,0,18.647871017456055,18.6480712890625,-2.3710970878601074,0,3.6339190006256104
0.11255499720573425,0.09999974071979523,-0.00000014778152035432868,0.00916130281984806,0.0020690513774752617,0,0,6.032515525817871,6.032660484313965,-1.7022905349731445,0,3.6339190006256104
0.11255999654531479,0.09999978542327881,-0.00000013741706084147154,0.009292889386415482,0.0020728916861116886,0,0,5.111845016479492,-5.111738204956055,-1.1071298122406006,0,3.6339190006256104
0.11256499588489532,0.09999983012676239,-0.0000001270688727572633,0.009396031498908997,0.002069637179374695,0,0,12.961118698120117,-12.961036682128906,-0.6722263693809509,0,3.6339190006256104
0.11256999522447586,0.09999987483024597,-0.00000011676194588972066,0.009479906409978867,0.0020613856613636017,0,0,18.83338165283203,-18.833316802978516,-0.3276289999485016,0,3.6339190006256104
0.1125749945640564,0.09999991953372955,-0.0000001065149675127941,0.009551625698804855,0.002049395814538002,0,0,21.898656845092773,-21.898603439331055,-0.11136327683925629,0,3.6339190006256104
0.11257999390363693,0.09999996423721313,-0.0000000963376933782456,0.009615983814001083,0.002035454846918583,0,0,21.560081481933594,-21.560033798217773,-0.0506608784198761,0,3.6339190006256104
0.11258500069379807,0.10000000894069672,-0.00000008622904346111682,0.009675296023488045,0.0020217294804751873,0,0,17.662506103515625,-17.662466049194336,-0.1529650241136551,0,3.6339190006256104
0.1125900000333786,0.1000000610947609,-0.00000007617661879066873,0.009729310870170593,0.0020104851573705673,0,0,8.436870574951172,-8.436857223510742,-0.5068854689598083,0,3.6339190006256104
0.11259499937295914,0.10000011324882507,-0.00000006615104553020501,0.009749306365847588,0.00200511422008276,0,0,2.42851185798645,2.428501605987549,-0.9290679097175598,0,3.6339190006256104
0.11259999871253967,0.10000016540288925,-0.000000056117745117489903,0.009732551872730255,0.0020066602155566216,0,0,13.684514045715332,13.68448257446289,-1.35894775390625,0,3.6339190006256104
0.11260499805212021,0.10000021010637283,-0.000000046040884882359023,0.009675359353423119,0.002015372272580862,0,0,25.83506965637207,25.835031509399414,-1.8242360353469849,0,3.6339190006256104
0.11260999739170074,0.10000025480985641,-0.00000003588178998370495,0.009594583883881569,0.0020318194292485714,0,0,37.83421325683594,37.83416748046875,-2.2757606506347656,0,3.6339190006256104
0.11261499673128128,0.10000029951334,-0.000000025602263420410054,0.009481851011514664,0.002055905293673277,0,0,48.59452819824219,48.594478607177734,-2.662651538848877,0,3.6339190006256104
0.11261999607086182,0.10000034421682358,-0.000000015168055256253865,0.009327538311481476,0.0020868415012955666,0,0,57.0733528137207,57.07330322265625,-2.9363808631896973,0,3.6339190006256104
0.11262499541044235,0.10000038892030716,-0.000000004552177301775373,0.009121082723140717,0.0021231756545603275,0,0,62.35737991333008,62.35734176635742,-3.0547244548797607,0,3.6339190006256104
0.11262999475002289,0.10000043362379074,0.000000006262190765937703,0.008851315826177597,0.0021628737449645996,0,0,63.73910903930664,63.73909378051758,-2.9853265285491943,0,3.6339190006256104
0.11263499408960342,0.10000047832727432,0.000000017279447206419718,0.008506817743182182,0.002203451469540596,0,0,60.77885818481445,60.77888488769531,-2.708582878112793,0,3.6339190006256104
0.11263999342918396,0.10000051558017731,0.000000028490170222994493,0.008076285943388939,0.002242144662886858,0,0,53.34734344482422,53.34742736816406,-2.2196013927459717,0,3.6339190006256104
0.11264500021934509,0.10000055283308029,0.000000039870702295274896,0.007572606671601534,0.0022761067375540733,0,0,41.64508056640625,41.64524841308594,-1.5290716886520386,0,3.6339190006256104
0.11264999955892563,0.10000059008598328,0.00000005138379677305238,0.006985390558838844,0.002302618697285652,0,0,26.196857452392578,26.197134017944336,-0.6629562973976135,0,3.6339190006256104
0.11265499889850616,0.10000061988830566,0.000000062980276993585,0.006305020302534103,0.002319296356290579,0,0,7.82126522064209,7.821663856506348,0.3389875292778015,0,3.6339190006256104
0.1126599982380867,0.10000064969062805,0.00000007460165818429232,0.005546673201024532,0.0023242756724357605,0,0,12.422798156738281,-12.42225456237793,1.4257686138153076,0,3.6339190006256104
0.11266499757766724,0.10000067204236984,0.00000008618349056632724,0.004702781327068806,0.002316366881132126,0,0,33.308692932128906,-33.30799865722656,2.538618326187134,0,3.6339190006256104
0.11266999691724777,0.10000069439411163,0.00000009765930286675939,0.0037907075602561235,0.0022951620630919933,0,0,53.52863311767578,-53.52777099609375,3.6150991916656494,0,3.6339190006256104
0.11267499625682831,0.10000070929527283,0.00000010896472701915627,0.0028051359113305807,0.0022610845044255257,0,0,71.78767395019531,-71.7866439819336,4.593557834625244,0,3.6339190006256104
0.11267999559640884,0.10000071674585342,0.00000012004164773316006,0.001765673398040235,0.002215383108705282,0,0,86.89823150634766,-86.8970718383789,5.417595386505127,0,3.6339190006256104
0.11268499493598938,0.10000071674585342,0.00000013084195416013245,0.0006928881048224866,0.0021600620821118355,0,0,97.86805725097656,-97.86678314208984,6.040218830108643,0,3.6339190006256104
0.11268999427556992,0.10000071674585342,0.00000014133074444089289,-0.00039196881698444486,0.0020977575331926346,0,0,103.9747085571289,-103.97333526611328,6.427355766296387,0,3.6339190006256104
0.11269499361515045,0.10000070929527283,0.00000015148856391533627,-0.001490978291258216,0.0020315651781857014,0,0,104.82105255126953,-104.81961059570313,6.560462474822998,0,3.6339190006256104
0.11270000040531158,0.10000069439411163,0.00000016131272673192143,-0.002582054352387786,0.001964834053069353,0,0,100.3675537109375,-100.36608123779297,6.438037872314453,0,3.6339190006256104
0.11270499974489212,0.10000067949295044,0.00000017081741532365413,-0.0036429865285754204,0.001900938106700778,0,0,90.9386215209961,-90.93712615966797,6.075901508331299,0,3.6339190006256104
0.11270999908447266,0.10000065714120865,0.00000018003264301569288,-0.004675485193729401,0.0018430447671562433,0,0,77.2022933959961,-77.20083618164063,5.506221771240234,0,3.6339190006256104
0.11271499842405319,0.10000062733888626,0.00000018900212239714165,-0.00565769337117672,0.0017938963137567043,0,0,60.125118255615234,-60.12373352050781,4.775357723236084,0,3.6339190006256104
0.11271999776363373,0.10000059753656387,0.00000019778022419814079,-0.006568224169313908,0.0017556194216012955,0,0,40.904903411865234,-40.903594970703125,3.9406638145446777,0,3.6339190006256104
0.11272499710321426,0.10000056028366089,0.00000020642811193738453,-0.0074101779609918594,0.0017295784782618284,0,0,20.88655662536621,-20.885358810424805,3.0664966106414795,0,3.6339190006256104
0.1127299964427948,0.1000005230307579,0.00000021500952129827056,-0.00816361140459776,0.0017162817530333996,0,0,1.4673702716827393,-1.4662835597991943,2.219712495803833,0,3.6339190006256104
0.11273499578237534,0.10000047832727432,0.00000022358625528795528,-0.00883322861045599,0.0017153476364910603,0,0,16.00170135498047,16.002641677856445,1.4649884700775146,0,3.6339190006256104
0.11273999512195587,0.10000043362379074,0.0000002322139209809393,-0.009400798939168453,0.001725534675642848,0,0,30.31092071533203,30.311721801757813,0.8603087663650513,0,3.6339190006256104
0.11274499446153641,0.10000038146972656,0.0000002409380783774395,-0.00987278949469328,0.0017448312137275934,0,0,40.47639846801758,40.47702407836914,0.45295196771621704,0,3.6339190006256104
0.11274999380111694,0.10000032931566238,0.0000002497910713827878,-0.010232730768620968,0.0017705992795526981,0,0,45.8076171875,45.808074951171875,0.27626729011535645,0,3.6339190006256104
0.11275500059127808,0.1000002771615982,0.000000258789867757514,-0.010488792322576046,0.0017997613176703453,0,0,45.953590393066406,45.953887939453125,0.3474774658679962,0,3.6339190006256104
0.11275999993085861,0.10000022500753403,0.0000002679349506706785,-0.010649808682501316,0.0018290162552148104,0,0,40.92380142211914,40.923946380615234,0.6666615009307861,0,3.6339190006256104
0.11276499927043915,0.10000017285346985,0.0000002772102902781626,-0.010724998079240322,0.0018550690729171038,0,0,30.978355407714844,30.97835350036621,1.2222108840942383,0,3.6339190006256104
0.11276999861001968,0.10000012069940567,0.00000028658425321737013,-0.010723534040153027,0.0018747905269265175,0,0,15.625961303710938,15.62580394744873,2.040837287902832,0,3.6339190006256104
0.11277499794960022,0.10000006854534149,0.0000002960079541480809,-0.010647912509739399,0.001884738216176629,0,0,3.1024909019470215,-3.1027941703796387,3.023878812789917,0,3.6339190006256104
0.11277999728918076,0.10000001639127731,0.0000003054217643239099,-0.010507718659937382,0.0018827631138265133,0,0,23.825611114501953,-23.826053619384766,4.105527400970459,0,3.6339190006256104
0.11278499662876129,0.09999996423721313,0.00000031475974537897855,-0.010311790741980076,0.001867595361545682,0,0,45.04389953613281,-45.044471740722656,5.214162826538086,0,3.6339190006256104
0.11278999596834183,0.09999991208314896,0.00000032395433890997083,-0.010067922063171864,0.001838919473811984,0,0,65.25955200195313,-65.26024627685547,6.278052806854248,0,3.6339190006256104
0.11279499530792236,0.09999985992908478,0.0000003329411981667363,-0.009782602079212666,0.0017973738722503185,0,0,83.09230041503906,-83.09312438964844,7.230879306793213,0,3.6339190006256104
0.1127999946475029,0.0999998152256012,0.0000003416635649955424,-0.00946079846471548,0.001744475681334734,0,0,97.39153289794922,-97.39241027832031,8.017054557800293,0,3.6339190006256104
0.11280499398708344,0.09999977052211761,0.0000003500759362395911,-0.00913164485245943,0.0016824742779135704,0,0,107.32427978515625,-107.3251953125,8.595930099487305,0,3.6339190006256104
0.11281000077724457,0.09999972581863403,0.00000035814667853628634,-0.008795705623924732,0.0016141494270414114,0,0,112.43415832519531,-112.43512725830078,8.94463062286377,0,3.6339190006256104
0.1128150001168251,0.09999968111515045,0.00000036585953466783394,-0.008451041765511036,0.0015425716992467642,0,0,112.66773986816406,-112.66877746582031,9.05935001373291,0,3.6339190006256104
0.11281999945640564,0.09999964386224747,0.0000003732137656697887,-0.008093279786407948,0.0014708451926708221,0,0,108.36693572998047,-108.36798095703125,8.955044746398926,0,3.6339190006256104
0.11282499879598618,0.09999960660934448,0.00000038022304238438664,-0.007741850800812244,0.0014018567744642496,0,0,100.22807312011719,-100.2291488647461,8.663558006286621,0,3.6339190006256104
0.11282999813556671,0.0999995693564415,0.0000003869132854106283,-0.007387595251202583,0.0013380495365709066,0,0,89.23262786865234,-89.23377990722656,8.230380058288574,0,3.6339190006256104
0.11283499747514725,0.09999953210353851,0.00000039331951029453194,-0.0070191677659749985,0.0012812423519790173,0,0,76.55491638183594,-76.55616760253906,7.710322380065918,0,3.6339190006256104
0.11283999681472778,0.09999950230121613,0.0000003994820474417793,-0.006623435765504837,0.0012325060088187456,0,0,63.45555877685547,-63.456871032714844,7.162512302398682,0,3.6339190006256104
0.11284499615430832,0.09999947249889374,0.00000040544259150010475,-0.006212025880813599,0.0011921089608222246,0,0,51.169647216796875,-51.17107391357422,6.645131587982178,0,3.6339190006256104
0.11284999549388885,0.09999944269657135,0.0000004112402507416846,-0.005769200623035431,0.001159533392637968,0,0,40.80003356933594,-40.801631927490234,6.21036958694458,0,3.6339190006256104
0.11285499483346939,0.09999941289424896,0.0000004169080511928769,-0.005278495140373707,0.0011335592716932297,0,0,33.224117279052734,-33.22593688964844,5.900020599365234,0,3.6339190006256104
0.11285999417304993,0.09999939054250717,0.00000042247009446327866,-0.004723293706774712,0.0011124082375317812,0,0,29.022560119628906,-29.024578094482422,5.742092132568359,0,3.6339190006256104
0.11286499351263046,0.09999936819076538,0.0000004279397671780316,-0.004113500937819481,0.0010939319618046284,0,0,28.435359954833984,-28.4376277923584,5.748717784881592,0,3.6339190006256104
0.1128700003027916,0.09999935328960419,0.00000043331891674824874,-0.0034334734082221985,0.00107582937926054,0,0,31.349658966064453,-31.352140426635742,5.915529727935791,0,3.6339190006256104
0.11287499964237213,0.099999338388443,0.0000004385982776966557,-0.0026947450824081898,0.0010558716021478176,0,0,37.31879806518555,-37.32154083251953,6.2225341796875,0,3.6339190006256104
0.11287999898195267,0.0999993309378624,0.0000004437588358996436,-0.0018839044496417046,0.0010321137961000204,0,0,45.61185073852539,-45.61480712890625,6.63638973236084,0,3.6339190006256104
0.1128849983215332,0.0999993234872818,0.000000448774216010861,-0.001015238929539919,0.001003076322376728,0,0,55.28765106201172,-55.29085922241211,7.113866329193115,0,3.6339190006256104
0.11288999766111374,0.0999993234872818,0.0000004536136088972853,-0.00007851669215597212,0.0009678790811449289,0,0,65.28783416748047,-65.29122924804688,7.606176376342773,0,3.6339190006256104
0.11289499700069427,0.0999993309378624,0.0000004582451822443545,0.0009084809571504593,0.000926315551623702,0,0,74.53912353515625,-74.54265594482422,8.063766479492188,0,3.6339190006256104
0.11289999634027481,0.099999338388443,0.0000004626394911610987,0.0019262118730694056,0.0008788624545559287,0,0,82.05658721923828,-82.06027221679688,8.44114875793457,0,3.6339190006256104
0.11290499567985535,0.09999935328960419,0.0000004667726045681775,0.0029796885792165995,0.0008266236400231719,0,0,87.038330078125,-87.04208374023438,8.701314926147461,0,3.6339190006256104
0.11290999501943588,0.09999937564134598,0.0000004706286631517287,0.0040461281314492226,0.0007712133228778839,0,0,88.94264221191406,-88.94638061523438,8.819360733032227,0,3.6339190006256104
0.11291499435901642,0.09999939799308777,0.00000047420161308764364,0.005101380869746208,0.0007145906565710902,0,0,87.5411376953125,-87.54486846923828,8.784963607788086,0,3.6339190006256104
0.11291999369859695,0.09999942779541016,0.0000004774959165843029,0.006146403960883617,0.0006588601972907782,0,0,82.94327545166016,-82.94689178466797,8.603508949279785,0,3.6339190006256104
0.11292500048875809,0.09999946504831314,0.0000004805261824003537,0.0071550579741597176,0.0006060568848624825,0,0,75.58898162841797,-75.59239196777344,8.295748710632324,0,3.6339190006256104
0.11292999982833862,0.09999950230121613,0.0000004833158868677856,0.00810064747929573,0.0005579354474321008,0,0,66.21095275878906,-66.21415710449219,7.896013259887695,0,3.6339190006256104
0.11293499916791916,0.09999954700469971,0.0000004858948159380816,0.008982490748167038,0.0005157842533662915,0,0,55.76957321166992,-55.7724723815918,7.449142932891846,0,3.6339190006256104
0.1129399985074997,0.09999959915876389,0.0000004882962230112753,0.009773766621947289,0.0004802802577614784,0,0,45.365535736083984,-45.36802673339844,7.006385326385498,0,3.6339190006256104
0.11294499784708023,0.09999965131282806,0.0000004905532478005625,0.010448085144162178,0.00045139965368434787,0,0,36.13854217529297,-36.14061737060547,6.62064790725708,0,3.6339190006256104
0.11294999718666077,0.09999970346689224,0.0000004926952215100755,0.011006040498614311,0.0004283931339159608,0,0,29.160964965820313,-29.162628173828125,6.34149694442749,0,3.6339190006256104
0.1129549965262413,0.09999976307153702,0.0000004947443699165888,0.01144910603761673,0.00040982867358252406,0,0,25.3355770111084,-25.33673095703125,6.21037483215332,0,3.6339190006256104
0.11295999586582184,0.0999998226761818,0.0000004967128575117385,0.011753492057323456,0.0003936995635740459,0,0,25.306427001953125,-25.307071685791016,6.256450176239014,0,3.6339190006256104
0.11296499520540237,0.09999988228082657,0.0000004986007979823626,0.011922698467969894,0.0003775889636017382,0,0,26.555604934692383,-26.555753707885742,6.351681709289551,0,3.6339190006256104
0.11296999454498291,0.09999994188547134,0.0000005004042122891406,0.011961305513978004,0.00036068313056603074,0,0,31.39101791381836,-31.390710830688477,6.6099958419799805,0,3.6339190006256104
0.11297499388456345,0.10000000149011612,0.0000005021076958655613,0.011882675811648369,0.00034069898538291454,0,0,42.688636779785156,-42.687904357910156,7.1747918128967285,0,3.6339190006256104
0.11298000067472458,0.1000000610947609,0.0000005036753236709046,0.011695852503180504,0.00031352252699434757,0,0,57.02074432373047,-57.019596099853516,7.8757805824279785,0,3.6339190006256104
0.11298500001430511,0.10000012069940567,0.0000005050614504398254,0.011406665667891502,0.0002772220177575946,0,0,73.42811584472656,-73.42657470703125,8.66720962524414,0,3.6339190006256104
0.11298999935388565,0.10000017285346985,0.0000005062138370703906,0.011021042242646217,0.00023047621652949601,0,0,90.6645736694336,-90.66275024414063,9.490476608276367,0,3.6339190006256104
0.11299499869346619,0.10000022500753403,0.0000005070776296633994,0.010568557307124138,0.00017275735444854945,0,0,107.4720230102539,-107.4699478149414,10.28609561920166,0,3.6339190006256104
0.11299999803304672,0.1000002771615982,0.0000005075993385617039,0.010054554790258408,0.00010433853458380327,0,0,122.58050537109375,-122.57819366455078,10.99422550201416,0,3.6339190006256104
0.11300499737262726,0.10000032186508179,0.000000507730817389529,0.009483695030212402,0.000026301357138436288,0,0,134.80564880371094,-134.80320739746094,11.559260368347168,0,3.6339190006256104
0.1130099967122078,0.10000036656856537,0.0000005074332420917926,0.00888352282345295,-0.000059518584748730063,0,0,143.14144897460938,-143.13893127441406,11.934170722961426,0,3.6339190006256104
0.11301499605178833,0.10000041127204895,0.0000005066800099484681,0.00825653225183487,-0.00015064526814967394,0,0,146.84046936035156,-146.83782958984375,12.084271430969238,0,3.6339190006256104
0.11301999539136887,0.10000044852495193,0.0000005054593543718511,0.007603809703141451,-0.0002441268297843635,0,0,145.47531127929688,-145.47268676757813,11.990103721618652,0,3.6339190006256104
0.1130249947309494,0.10000048577785492,0.0000005037756523051939,0.006948710884898901,-0.0003367392928339541,0,0,138.97752380371094,-138.9748992919922,11.649216651916504,0,3.6339190006256104
0.11302999407052994,0.10000051558017731,0.000000501649594752962,0.0062890625558793545,-0.0004252151120454073,0,0,127.6486587524414,-127.6461181640625,11.076678276062012,0,3.6339190006256104
0.11303500086069107,0.1000005453824997,0.000000499117220442713,0.00564466742798686,-0.0005064787692390382,0,0,112.1445541381836,-112.14208221435547,10.30428695678711,0,3.6339190006256104
0.1130400002002716,0.10000056773424149,0.0000004962278694620181,0.005009614396840334,-0.0005778722115792334,0,0,93.43196868896484,-93.42963409423828,9.378510475158691,0,3.6339190006256104
0.11304499953985214,0.10000059008598328,0.0000004930411137138435,0.004399903584271669,-0.0006373528740368783,0,0,72.72216033935547,-72.71990966796875,8.357311248779297,0,3.6339190006256104
0.11304999887943268,0.10000061243772507,0.0000004896228915640677,0.0038058781065046787,-0.0006836492684669793,0,0,51.38486862182617,-51.382667541503906,7.306078910827637,0,3.6339190006256104
0.11305499821901321,0.10000062733888626,0.0000004860410740548105,0.0032162507995963097,-0.0007163618574850261,0,0,30.850122451782227,-30.848011016845703,6.292973518371582,0,3.6339190006256104
0.11305999755859375,0.10000064224004745,0.0000004823610879611806,0.0026421770453453064,-0.0007360017043538392,0,0,12.504966735839844,-12.502890586853027,5.384027004241943,0,3.6339190006256104
0.11306499689817429,0.10000064969062805,0.0000004786412546309293,0.0020698471926152706,-0.0007439626497216523,0,0,2.4078571796417236,2.409867525100708,4.638367652893066,0,3.6339190006256104
0.11306999623775482,0.10000065714120865,0.00000047492909516222426,0.0015083567705005407,-0.000742429809179157,0,0,12.880403518676758,12.882407188415527,4.1039228439331055,0,3.6339190006256104
0.11307499557733536,0.10000066459178925,0.00000047125794822022726,0.000942362705245614,-0.0007342298631556332,0,0,18.213651657104492,18.21570587158203,3.8139286041259766,0,3.6339190006256104
0.1130799949169159,0.10000066459178925,0.0000004676447815654683,0.0003562881611287594,-0.0007226346642710268,0,0,18.06882667541504,18.070905685424805,3.784501314163208,0,3.6339190006256104
0.11308499425649643,0.10000066459178925,0.00000046408911202888703,-0.00024146628857124597,-0.0007111316663213074,0,0,12.492035865783691,12.494195938110352,4.013464450836182,0,3.6339190006256104
0.11308999359607697,0.10000065714120865,0.0000004605732044637989,-0.0008658440201543272,-0.000703178986441344,0,0,1.9111813306808472,1.9133905172348022,4.4805097579956055,0,3.6339190006256104
0.1130950003862381,0.10000064969062805,0.0000004570633791445289,-0.001507225213572383,-0.0007019623299129307,0,0,12.89586067199707,-12.893552780151367,5.148682594299316,0,3.6339190006256104
0.11309999972581863,0.10000064224004745,0.00000045351251287684136,-0.0021787872537970543,-0.000710172054823488,0,0,30.858142852783203,-30.855693817138672,5.9670867919921875,0,3.6339190006256104
0.11310499906539917,0.10000062733888626,0.00000044986342118136236,-0.0028923694044351578,-0.0007298169075511396,0,0,50.69013977050781,-50.68759536743164,6.874591827392578,0,3.6339190006256104
0.1131099984049797,0.10000061243772507,0.00000044605297944144695,-0.0036343797110021114,-0.0007620872347615659,0,0,70.98594665527344,-70.9832763671875,7.80427885055542,0,3.6339190006256104
0.11311499774456024,0.10000059008598328,0.00000044201658511155983,-0.004413282964378595,-0.0008072782657109201,0,0,90.32119750976563,-90.3184585571289,8.688276290893555,0,3.6339190006256104
0.11311999708414078,0.10000056773424149,0.0000004376927051907842,-0.005211897660046816,-0.0008647784707136452,0,0,107.35633850097656,-107.35352325439453,9.46263313293457,0,3.6339190006256104
0.11312499642372131,0.1000005379319191,0.00000043302708263581735,-0.006034999620169401,-0.000933123636059463,0,0,120.93220520019531,-120.92938232421875,10.071866035461426,0,3.6339190006256104
0.11312999576330185,0.10000050067901611,0.00000042797651644832513,-0.006861736532300711,-0.0010101114166900516,0,0,130.1519012451172,-130.14915466308594,10.472835540771484,0,3.6339190006256104
0.11313499510288239,0.10000046342611313,0.00000042251167542417534,-0.0076696309261024,-0.0010929686250165105,0,0,134.44224548339844,-134.43959045410156,10.637667655944824,0,3.6339190006256104
0.11313999444246292,0.10000041872262955,0.00000041661888872113195,-0.008458632975816727,-0.001178557169623673,0,0,133.59030151367188,-133.58782958984375,10.555522918701172,0,3.6339190006256104
0.11314499378204346,0.10000037401914597,0.0000004103008848233003,-0.00920369103550911,-0.0012636034516617656,0,0,127.75322723388672,-127.75092315673828,10.233075141906738,0,3.6339190006256104
0.11315000057220459,0.10000032186508179,0.0000004035762231069384,-0.009902605786919594,-0.0013449337566271424,0,0,117.4395980834961,-117.43756866455078,9.693678855895996,0,3.6339190006256104
0.11315499991178513,0.10000026971101761,0.00000039647773064643843,-0.01052866131067276,-0.0014196982374414802,0,0,103.46558380126953,-103.46382904052734,8.97531509399414,0,3.6339190006256104
0.11315999925136566,0.10000021755695343,0.0000003890498874170589,-0.011078540235757828,-0.0014855664921924472,0,0,86.88787078857422,-86.88639831542969,8.127467155456543,0,3.6339190006256104
0.1131649985909462,0.10000015795230865,0.00000038134547253321216,-0.011548703536391258,-0.0015408809995278716,0,0,68.91984558105469,-68.91873931884766,7.207192897796631,0,3.6339190006256104
0.11316999793052673,0.10000009834766388,0.00000037342169889598154,-0.011911792680621147,-0.001584756770171225,0,0,50.83747863769531,-50.836727142333984,6.274686336517334,0,3.6339190006256104
0.11317499727010727,0.1000000387430191,0.0000003653360920452542,-0.012164555490016937,-0.001617120928131044,0,0,33.88148880004883,-33.88108444213867,5.3886871337890625,0,3.6339190006256104
0.1131799966096878,0.09999997913837433,0.0000003571426532289479,-0.012304229661822319,-0.001638690591789782,0,0,19.16425323486328,-19.1641845703125,4.602088928222656,0,3.6339190006256104
0.11318499594926834,0.09999991953372955,0.0000003488881930024945,-0.012328634038567543,-0.0016508909175172448,0,0,9.285884857177734,-9.286161422729492,4.042216777801514,0,3.6339190006256104
0.11318999528884888,0.09999985992908478,0.0000003406041741982335,-0.012226872146129608,-0.0016568024875596166,0,0,0.7680303454399109,-0.7686401605606079,3.534465789794922,0,3.6339190006256104
0.11319499462842941,0.09999980032444,0.0000003323177111269615,-0.011995498090982437,-0.0016572914319112897,0,0,3.2592074871063232,3.258286714553833,3.2354657649993896,0,3.6339190006256104
0.11319999396800995,0.09999974071979523,0.0000003240416219796316,-0.01163439266383648,-0.0016552164452150464,0,0,2.825894832611084,2.824686050415039,3.1450259685516357,0,3.6339190006256104
0.11320500075817108,0.09999968856573105,0.0000003157745425141911,-0.011144326999783516,-0.001653417362831533,0,0,1.6487116813659668,-1.650122880935669,3.244589328765869,0,3.6339190006256104
0.11321000009775162,0.09999963641166687,0.000000307502205032506,-0.010553017258644104,-0.0016544669633731246,0,0,9.403761863708496,-9.405355453491211,3.499440908432007,0,3.6339190006256104
0.11321499943733215,0.09999958425760269,0.0000002991999394907907,-0.009862443432211876,-0.001660453504882753,0,0,19.413738250732422,-19.415496826171875,3.8622829914093018,0,3.6339190006256104
0.11321999877691269,0.09999953955411911,0.0000002908358851527737,-0.0090748630464077,-0.0016728126211091876,0,0,30.487009048461914,-30.488859176635742,4.277846813201904,0,3.6339190006256104
0.11322499811649323,0.09999949485063553,0.00000028237477067705186,-0.00821881927549839,-0.0016922211507335305,0,0,41.37726974487305,-41.37919998168945,4.688121318817139,0,3.6339190006256104
0.11322999745607376,0.09999945759773254,0.0000002737819499998295,-0.007296428084373474,-0.0017185626784339547,0,0,50.89838790893555,-50.90032958984375,5.037739276885986,0,3.6339190006256104
0.1132349967956543,0.09999942779541016,0.0000002650271255788539,-0.00633547268807888,-0.00175096548628062,0,0,58.031837463378906,-58.03374099731445,5.279031753540039,0,3.6339190006256104
0.11323999613523483,0.09999939799308777,0.00000025608758846829005,-0.005362804047763348,-0.0017879096558317542,0,0,62.01777648925781,-62.01963424682617,5.376314163208008,0,3.6339190006256104
0.11324499547481537,0.09999937564134598,0.00000024695063416402263,-0.004377769306302071,-0.0018273914465680718,0,0,62.42182159423828,-62.42359924316406,5.309030055999756,0,3.6339190006256104
0.1132499948143959,0.09999936074018478,0.00000023761498368912726,-0.0034044086933135986,-0.001867130515165627,0,0,59.171363830566406,-59.17301559448242,5.073474407196045,0,3.6339190006256104
0.11325499415397644,0.09999934583902359,0.0000002280909825458366,-0.0024649836122989655,-0.0019048001850023866,0,0,52.55866622924805,-52.56021499633789,4.682953834533691,0,3.6339190006256104
0.11325999349355698,0.099999338388443,0.00000021839967700998386,-0.0015535666607320309,-0.0019382600439712405,0,0,43.21075439453125,-43.2121696472168,4.1663818359375,0,3.6339190006256104
0.11326500028371811,0.099999338388443,0.0000002085708388221974,-0.0006884231697767973,-0.0019657688681036234,0,0,32.028377532958984,-32.029640197753906,3.565430164337158,0,3.6339190006256104
0.11326999962329865,0.099999338388443,0.00000019864003775182937,0.00011425791308283806,-0.0019861587788909674,0,0,20.100027084350586,-20.101160049438477,2.9305074214935303,0,3.6339190006256104
0.11327499896287918,0.09999934583902359,0.0000001886452594135335,0.0008665624773129821,-0.0019989546854048967,0,0,8.598666191101074,-8.599662780761719,2.315915584564209,0,3.6339190006256104
0.11327999830245972,0.09999935328960419,0.00000017862311096905614,0.0015562524786219,-0.002004428533837199,0,0,1.3299098014831543,1.329021692276001,1.7746331691741943,0,3.6339190006256104
0.11328499764204025,0.09999936074018478,0.00000016860519735928392,0.002198913600295782,-0.0020035819616168737,0,0,8.676604270935059,8.675795555114746,1.353182077407837,0,3.6339190006256104
0.11328999698162079,0.09999937564134598,0.00000015861490965107805,0.0028113210573792458,-0.0019980582874268293,0,0,12.666894912719727,12.666172981262207,1.0870559215545654,0,3.6339190006256104
0.11329499632120132,0.09999939054250717,0.0000001486649381376992,0.003384765237569809,-0.0019899944309145212,0,0,12.83826732635498,12.837606430053711,0.9971120357513428,0,3.6339190006256104
0.11329999566078186,0.09999941289424896,0.0000001387558370424813,0.003937074914574623,-0.0019818211439996958,0,0,9.089754104614258,9.08916187286377,1.0872690677642822,0,3.6339190006256104
0.1133049950003624,0.09999943524599075,0.00000012887566924746352,0.00445981789380312,-0.0019760343711823225,0,0,1.6994421482086182,1.6988959312438965,1.3437232971191406,0,3.6339190006256104
0.11330999433994293,0.09999945759773254,0.00000011900090868266489,0.004970314912497997,-0.0019749526400119066,0,0,8.692434310913086,-8.692951202392578,1.7357726097106934,0,3.6339190006256104
0.11331499367952347,0.09999948740005493,0.00000010909847958373575,0.005484944209456444,-0.001980486558750272,0,0,21.133342742919922,-21.133817672729492,2.218193769454956,0,3.6339190006256104
0.1133200004696846,0.09999951720237732,0.00000009912877629858485,0.005992483347654343,-0.001993940444663167,0,0,34.437171936035156,-34.43761444091797,2.7349772453308105,0,3.6339190006256104
0.11332499980926514,0.09999954700469971,0.00000008904945758558824,0.006506217643618584,-0.0020158637780696154,0,0,47.285499572753906,-47.285911560058594,3.2241086959838867,0,3.6339190006256104
0.11332999914884567,0.09999958425760269,0.00000007881962460487557,0.00703738909214735,-0.002045966451987624,0,0,58.342464447021484,-58.34283447265625,3.6229898929595947,0,3.6339190006256104
0.11333499848842621,0.09999962151050568,0.00000006840408417474464,0.0075687142089009285,-0.002083108527585864,0,0,66.37349700927734,-66.37382507324219,3.8740289211273193,0,3.6339190006256104
0.11333999782800674,0.09999965876340866,0.0000000577772709675628,0.008106708526611328,-0.0021253630984574556,0,0,70.35763549804688,-70.35791778564453,3.929918050765991,0,3.6339190006256104
0.11334499716758728,0.09999970346689224,0.000000046926501795496733,0.008655371144413948,-0.0021701541263610125,0,0,69.58338928222656,-69.58360290527344,3.758126735687256,0,3.6339190006256104
0.11334999650716782,0.09999974817037582,0.00000003585423868912585,0.009189954027533531,-0.0022144524846225977,0,0,63.71971893310547,-63.719871520996094,3.3442139625549316,0,3.6339190006256104
0.11335499584674835,0.09999980032444,0.000000024579151158832246,0.0097095537930727,-0.002255017636343837,0,0,52.8557014465332,-52.85578918457031,2.6936514377593994,0,3.6339190006256104
0.11335999518632889,0.09999985247850418,0.000000013135817766851687,0.010184958577156067,-0.0022886667866259813,0,0,37.50482940673828,-37.50485610961914,1.8319768905639648,0,3.6339190006256104
0.11336499452590942,0.09999990463256836,0.000000001573102537122395,0.010611400008201599,-0.0023125431034713984,0,0,18.573278427124023,-18.573265075683594,0.8032432794570923,0,3.6339190006256104
0.11336999386548996,0.09999995678663254,-0.000000010048733400935816,0.01098262146115303,-0.0023243671748787165,0,0,2.744175434112549,2.7442245483398438,-0.33476561307907104,0,3.6339190006256104
0.11337500065565109,0.10000001639127731,-0.000000021661833216057857,0.011291200295090675,-0.002322620013728738,0,0,24.983875274658203,24.983930587768555,-1.5118547677993774,0,3.6339190006256104
0.11337999999523163,0.10000007599592209,-0.00000003319540553547995,0.011502809822559357,-0.0023067148867994547,0,0,46.5640983581543,46.56414031982422,-2.6524181365966797,0,3.6339190006256104
0.11338499933481216,0.10000013560056686,-0.00000004458076219293616,0.011609133332967758,-0.0022770713549107313,0,0,60.68285369873047,60.6828498840332,-3.420018434524536,0,3.6339190006256104
0.1133899986743927,0.10000019520521164,-0.00000005577296136038967,0.011602692306041718,-0.002238439628854394,0,0,75.2652587890625,75.26519012451172,-4.21375036239624,0,3.6339190006256104
0.11339499801397324,0.10000025480985641,-0.00000006672558328091327,0.01148618757724762,-0.0021905244793742895,0,0,85.83097839355469,85.83082580566406,-4.812561988830566,0,3.6339190006256104
0.11339999735355377,0.10000031441450119,-0.00000007740499796682343,0.011253135278820992,-0.0021358828525990248,0,0,91.63258361816406,91.63232421875,-5.181480407714844,0,3.6339190006256104
0.11340499669313431,0.10000036656856537,-0.00000008779273485970407,0.010897744446992874,-0.002077547600492835,0,0,92.24592590332031,92.24555206298828,-5.3009443283081055,0,3.6339190006256104
0.11340999603271484,0.10000041872262955,-0.0000000978868470724592,0.010438811033964157,-0.0020188221242278814,0,0,87.6065673828125,87.60607147216797,-5.1684956550598145,0,3.6339190006256104
0.11341499537229538,0.10000047087669373,-0.00000010770209257771057,0.0098720733076334,-0.0019630498718470335,0,0,78.0197982788086,78.01917266845703,-4.799228191375732,0,3.6339190006256104
0.11341999471187592,0.10000051558017731,-0.00000011726899629138643,0.009194053709506989,-0.001913381041958928,0,0,64.14337158203125,64.14262390136719,-4.224947929382324,0,3.6339190006256104
0.11342499405145645,0.10000056028366089,-0.00000012663173265536898,0.008425895124673843,-0.0018725460395216942,0,0,46.94401931762695,46.943153381347656,-3.4920907020568848,0,3.6339190006256104
0.11343000084161758,0.10000059753656387,-0.00000013584504188202118,0.007565626874566078,-0.0018426605965942144,0,0,27.630840301513672,27.629863739013672,-2.6585538387298584,0,3.6339190006256104
0.11343500018119812,0.10000062733888626,-0.00000014497038591798628,0.006635661236941814,-0.0018250702414661646,0,0,7.570404052734375,7.56934118270874,-1.7896636724472046,0,3.6339190006256104
0.11343999952077866,0.10000065714120865,-0.0000001540716425552091,0.005658742971718311,-0.0018202508799731731,0,0,11.810101509094238,-11.811256408691406,-0.9535784721374512,0,3.6339190006256104
0.11344499886035919,0.10000067949295044,-0.00000016321048690315365,0.0046338848769664764,-0.001827769447118044,0,0,29.124704360961914,-29.12592887878418,-0.2164650410413742,0,3.6339190006256104
0.11344999819993973,0.10000069439411163,-0.00000017244204286726017,0.0035838319454342127,-0.0018463109154254198,0,0,43.12757110595703,-43.128849029541016,0.3621954917907715,0,3.6339190006256104
0.11345499753952026,0.10000070929527283,-0.00000018181087568791554,0.0025309992488473654,-0.0018737667705863714,0,0,52.801944732666016,-52.80329132080078,0.7338236570358276,0,3.6339190006256104
0.1134599968791008,0.10000071674585342,-0.0000001913477802872876,0.0014734186697751284,-0.0019073814619332552,0,0,57.43244552612305,-57.4338264465332,0.8641656637191772,0,3.6339190006256104
0.11346499621868134,0.10000071674585342,-0.00000020106750753257074,0.0004322347231209278,-0.0019439440220594406,0,0,56.65504455566406,-56.656455993652344,0.7356755137443542,0,3.6339190006256104
0.11346999555826187,0.10000071674585342,-0.0000002109675705241898,-0.0005723073845729232,-0.0019800118170678616,0,0,50.4815559387207,-50.48299789428711,0.34867995977401733,0,3.6339190006256104
0.11347499489784241,0.10000070929527283,-0.00000022102831565007364,-0.0015448449412360787,-0.002012149430811405,0,0,39.2965202331543,-39.29796600341797,-0.27875909209251404,0,3.6339190006256104
0.11347999423742294,0.10000069439411163,-0.00000023121414471916069,-0.0024673177395015955,-0.002037166152149439,0,0,23.826866149902344,-23.828290939331055,-1.1122640371322632,0,3.6339190006256104
0.11348499357700348,0.10000067949295044,-0.00000024147581711986277,-0.003322881879284978,-0.002052334602922201,0,0,5.086801528930664,-5.088205814361572,-2.10373854637146,0,3.6339190006256104
0.11349000036716461,0.10000065714120865,-0.00000025175367568408547,-0.0041197845712304115,-0.002055572811514139,0,0,15.697745323181152,15.696394920349121,-3.1949362754821777,0,3.6339190006256104
0.11349499970674515,0.10000063478946686,-0.0000002619815688831295,-0.0048436690121889114,-0.002045579254627228,0,0,37.17970657348633,37.178401947021484,-4.321733474731445,0,3.6339190006256104
0.11349999904632568,0.10000060498714447,-0.00000027209111408410536,-0.005505085922777653,-0.0020219096913933754,0,0,57.98909378051758,57.98787307739258,-5.41878080368042,0,3.6339190006256104
0.11350499838590622,0.10000057518482208,-0.00000028201608870404016,-0.006091726943850517,-0.001984992530196905,0,0,76.83210754394531,76.83096313476563,-6.42418909072876,0,3.6339190006256104
0.11350999772548676,0.1000005453824997,-0.00000029169649451432633,-0.006615869700908661,-0.001936079584993422,0,0,92.58302307128906,92.5819320678711,-7.2838897705078125,0,3.6339190006256104
0.11351499706506729,0.10000050812959671,-0.00000030108219561952865,-0.007090271450579166,-0.0018771394388750196,0,0,104.36246490478516,104.36145782470703,-7.955361366271973,0,3.6339190006256104
0.11351999640464783,0.10000047087669373,-0.0000003101357037849084,-0.007504046894609928,-0.0018107002833858132,0,0,111.59636688232422,111.595458984375,-8.410432815551758,0,3.6339190006256104
0.11352499574422836,0.10000043362379074,-0.00000031883396900411753,-0.007870069704949856,-0.0017396557377651334,0,0,114.05111694335938,114.0502700805664,-8.636987686157227,0,3.6339190006256104
0.1135299950838089,0.10000038892030716,-0.0000003271692037287721,-0.008200845681130886,-0.0016670484328642488,0,0,111.84249877929688,111.84175109863281,-8.639424324035645,0,3.6339190006256104
0.11353499442338943,0.10000034421682358,-0.00000033514842812110146,-0.008484399877488613,-0.0015958471922203898,0,0,105.41862487792969,105.41795349121094,-8.437891006469727,0,3.6339190006256104
0.11353999376296997,0.10000029951334,-0.00000034279210581189545,-0.008731710724532604,-0.0015287356218323112,0,0,95.5177001953125,95.51708221435547,-8.066336631774902,0,3.6339190006256104
0.1135450005531311,0.10000025480985641,-0.000000350131728055203,-0.008952646516263485,-0.00146792724262923,0,0,83.10478973388672,83.10421752929688,-7.569567680358887,0,3.6339190006256104
0.11354999989271164,0.10000021010637283,-0.00000035720682944884175,-0.00915564876049757,-0.0014150211354717612,0,0,69.29254150390625,69.29199981689453,-6.999539375305176,0,3.6339190006256104
0.11355499923229218,0.10000016540288925,-0.00000036406137837730057,-0.009347467683255672,-0.0013709081104025245,0,0,55.25215148925781,55.25161361694336,-6.411187648773193,0,3.6339190006256104
0.11355999857187271,0.10000012069940567,-0.00000037074005376780406,-0.009532944299280643,-0.0013357334537431598,0,0,42.1215705871582,42.121036529541016,-5.85811710357666,0,3.6339190006256104
0.11356499791145325,0.10000006854534149,-0.0000003772846355332149,-0.009714855812489986,-0.0013089181156829,0,0,30.91828155517578,30.917816162109375,-5.388498306274414,0,3.6339190006256104
0.11356999725103378,0.10000001639127731,-0.0000003837308213405777,-0.009870112873613834,-0.0012892348458990455,0,0,22.46342658996582,22.463041305541992,-5.041482448577881,0,3.6339190006256104
0.11357499659061432,0.09999996423721313,-0.00000039010549812701356,-0.00999754574149847,-0.0012749341549351811,0,0,17.28261375427246,17.282318115234375,-4.842735290527344,0,3.6339190006256104
0.11357999593019485,0.09999991208314896,-0.0000003964251504839922,-0.010094142518937588,-0.0012639317428693175,0,0,15.64033031463623,15.640142440795898,-4.805658340454102,0,3.6339190006256104
0.11358499526977539,0.09999985992908478,-0.00000040269503642775817,-0.010155015625059605,-0.0012539747403934598,0,0,17.494916915893555,17.49485969543457,-4.929407596588135,0,3.6339190006256104
0.11358999460935593,0.0999998077750206,-0.00000040890921582104056,-0.010173560120165348,-0.0012428370537236333,0,0,25.015485763549805,25.015596389770508,-5.324653625488281,0,3.6339190006256104
0.11359499394893646,0.09999975562095642,-0.0000004150437860062084,-0.010138497687876225,-0.0012269116705283523,0,0,33.18913650512695,33.189456939697266,-5.7441020011901855,0,3.6339190006256104
0.1136000007390976,0.09999970346689224,-0.0000004210727126974234,-0.010037782602012157,-0.001205782755278051,0,0,43.112098693847656,43.1126708984375,-6.24622917175293,0,3.6339190006256104
0.11360500007867813,0.09999965131282806,-0.000000426964390953799,-0.009860326535999775,-0.0011783366790041327,0,0,53.74618148803711,53.747039794921875,-6.783075332641602,0,3.6339190006256104
0.11360999941825867,0.09999960660934448,-0.000000432684998941113,-0.009594530798494816,-0.0011441208189353347,0,0,64.02018737792969,64.02130126953125,-7.304985523223877,0,3.6339190006256104
0.1136149987578392,0.0999995619058609,-0.000000438201823271811,-0.00925478059798479,-0.0011033642804250121,0,0,72.93083953857422,72.9322509765625,-7.7653584480285645,0,3.6339190006256104
0.11361999809741974,0.09999951720237732,-0.00000044348649907988147,-0.008829223923385143,-0.0010569350561127067,0,0,79.63671112060547,79.63846588134766,-8.125027656555176,0,3.6339190006256104
0.11362499743700027,0.09999947249889374,-0.00000044851768166154216,-0.008306271396577358,-0.0010062366491183639,0,0,83.53598022460938,83.53813171386719,-8.355924606323242,0,3.6339190006256104
0.11362999677658081,0.09999943524599075,-0.000000453282950729772,-0.007675002329051495,-0.0009530560346320271,0,0,84.32179260253906,84.32426452636719,-8.44366455078125,0,3.6339190006256104
0.11363499611616135,0.09999939799308777,-0.0000004577798335958505,-0.006951639428734779,-0.0008993750670924783,0,0,82.00939178466797,82.01225280761719,-8.388843536376953,0,3.6339190006256104
0.11363999545574188,0.09999936819076538,-0.00000046201566306081077,-0.006127255968749523,-0.0008471662877127528,0,0,76.93428802490234,76.93746948242188,-8.206930160522461,0,3.6339190006256104
0.11364499479532242,0.099999338388443,-0.00000046600661107731867,-0.005220266990363598,-0.0007981883827596903,0,0,69.7196044921875,69.72312927246094,-7.926767826080322,0,3.6339190006256104
0.11364999413490295,0.0999993160367012,-0.00000046977564238659397,-0.004224066622555256,-0.0007538035279139876,0,0,61.21745681762695,61.221275329589844,-7.587799549102783,0,3.6339190006256104
0.11365499347448349,0.09999930113554001,-0.000000473349786034305,-0.0031594326719641685,-0.0007148312870413065,0,0,52.4282341003418,52.43226623535156,-7.236305236816406,0,3.6339190006256104
0.11366000026464462,0.09999929368495941,-0.0000004767570658259501,-0.002048168331384659,-0.0006814544321969151,0,0,44.40561294555664,44.4097785949707,-6.920948505401611,0,3.6339190006256104
0.11366499960422516,0.09999928623437881,-0.0000004800230044565978,-0.0009127965313382447,-0.0006531849503517151,0,0,38.155696868896484,38.16001510620117,-6.688065528869629,0,3.6339190006256104
0.1136699989438057,0.09999928623437881,-0.00000048316746870114,0.00024986002244986594,-0.000628894311375916,0,0,34.53971481323242,34.54409408569336,-6.577096462249756,0,3.6339190006256104
0.11367499828338623,0.09999929368495941,-0.0000004862019977736054,0.0014163922751322389,-0.0006069056689739227,0,0,34.18805694580078,34.19240951538086,-6.61659574508667,0,3.6339190006256104
0.11367999762296677,0.0999993085861206,-0.0000004891277285423712,0.0025632556062191725,-0.0005851408932358027,0,0,37.434608459472656,37.43885040283203,-6.821169853210449,0,3.6339190006256104
0.1136849969625473,0.0999993234872818,-0.0000004919342586617859,0.0036671373527497053,-0.0005613092798739672,0,0,44.27682113647461,44.280948638916016,-7.189647197723389,0,3.6339190006256104
0.11368999630212784,0.09999934583902359,-0.0000004945998739458446,0.004731403663754463,-0.0005331217544153333,0,0,54.36591339111328,54.36983108520508,-7.704644203186035,0,3.6339190006256104
0.11369499564170837,0.09999937564134598,-0.000000497092457862891,0.005733807571232319,-0.0004985113628208637,0,0,67.02764892578125,67.03128051757813,-8.333600044250488,0,3.6339190006256104
0.11369999498128891,0.09999940544366837,-0.000000499371651585534,0.006652897223830223,-0.0004558402579277754,0,0,81.31314086914063,81.31649017333984,-9.031201362609863,0,3.6339190006256104
0.11370499432086945,0.09999944269657135,-0.0000005013920372221037,0.007494398392736912,-0.000404074729885906,0,0,96.07543182373047,96.07841491699219,-9.74301528930664,0,3.6339190006256104
0.11370999366044998,0.09999948740005493,-0.0000005031066052652022,0.0082388399168849,-0.0003429112257435918,0,0,110.0649185180664,110.06745147705078,-10.410015106201172,0,3.6339190006256104
0.11371500045061111,0.09999953210353851,-0.0000005044707904744428,0.008867866359651089,-0.0002728417166508734,0,0,122.03626251220703,122.03836059570313,-10.973631858825684,0,3.6339190006256104
0.11371999979019165,0.0999995768070221,-0.0000005054465646026074,0.009390507824718952,-0.00019515102030709386,0,0,130.85757446289063,130.85928344726563,-11.380902290344238,0,3.6339190006256104
0.11372499912977219,0.09999962896108627,-0.00000050600579015736,0.009816781617701054,-0.00011184450704604387,0,0,135.6122283935547,135.6134796142578,-11.589242935180664,0,3.6339190006256104
0.11372999846935272,0.09999968111515045,-0.0000005061333467892837,0.010131250135600567,-0.000025511079002171755,0,0,135.68392944335938,135.68478393554688,-11.570466995239258,0,3.6339190006256104
0.11373499780893326,0.09999973326921463,-0.0000005058290071247029,0.010345282964408398,0.000060867991123814136,0,0,127.64213562011719,127.64263153076172,-11.154820442199707,0,3.6339190006256104
0.1137399971485138,0.09999978542327881,-0.0000005051183507021051,0.010470566339790821,0.00014212749374564737,0,0,113.5531005859375,113.55329132080078,-10.445996284484863,0,3.6339190006256104
0.11374499648809433,0.09999983757734299,-0.0000005040462838223903,0.010518698953092098,0.00021441763965412974,0,0,98.14488220214844,98.14482116699219,-9.679588317871094,0,3.6339190006256104
0.11374999582767487,0.09999988973140717,-0.0000005026618055126164,0.010502413846552372,0.00027689861599355936,0,0,83.68643951416016,83.6861801147461,-8.967663764953613,0,3.6339190006256104
0.1137549951672554,0.09999994188547134,-0.000000501010902098642,0.010435347445309162,0.00033017504028975964,0,0,67.6361312866211,67.63571166992188,-8.18149185180664,0,3.6339190006256104
0.11375999450683594,0.09999999403953552,-0.0000004991447326574416,0.010325555689632893,0.0003732335171662271,0,0,51.03752517700195,51.03697204589844,-7.371026992797852,0,3.6339190006256104
0.11376499384641647,0.1000000461935997,-0.0000004971161047251371,0.010179613716900349,0.0004057250334881246,0,0,35.05085372924805,35.05018615722656,-6.591319561004639,0,3.6339190006256104
0.1137700006365776,0.10000009834766388,-0.0000004949758931616088,0.010002399794757366,0.0004280391149222851,0,0,20.944271087646484,20.943506240844727,-5.901674747467041,0,3.6339190006256104
0.11377499997615814,0.10000015050172806,-0.0000004927690042677568,0.00979692954570055,0.00044137262739241123,0,0,9.715492248535156,9.714632987976074,-5.349359035491943,0,3.6339190006256104
0.11377999931573868,0.10000019520521164,-0.0000004905311925540445,0.009564460255205631,0.00044755771523341537,0,0,2.1575565338134766,2.1566884517669678,-4.971935749053955,0,3.6339190006256104
0.11378499865531921,0.10000023990869522,-0.000000488286559630069,0.009328179992735386,0.00044893124140799046,0,0,1.1862609386444092,-1.1871485710144043,-4.795047760009766,0,3.6339190006256104
0.11378999799489975,0.1000002846121788,-0.0000004860456783717382,0.009085419587790966,0.00044817605521529913,0,0,0.06408420950174332,-0.06500976532697678,-4.830467224121094,0,3.6339190006256104
0.11379499733448029,0.10000032931566238,-0.0000004838050244870828,0.008831449784338474,0.0004481352516449988,0,0,5.464468002319336,5.463479042053223,-5.0751543045043945,0,3.6339190006256104
0.11379999667406082,0.10000037401914597,-0.0000004815469765162561,0.0085596339777112,0.00045161403249949217,0,0,15.030887603759766,15.029805183410645,-5.511385917663574,0,3.6339190006256104
0.11380499601364136,0.10000041872262955,-0.0000004792410663867486,0.008261638693511486,0.0004611829645000398,0,0,27.98303985595703,27.98182487487793,-6.107959747314453,0,3.6339190006256104
0.1138099953532219,0.10000045597553253,-0.0000004768460826198861,0.007927699945867062,0.00047899753553792834,0,0,43.4311408996582,43.429840087890625,-6.822381973266602,0,3.6339190006256104
0.11381499469280243,0.10000049322843552,-0.00000047431285565835424,0.0075706494972109795,0.0005066466401331127,0,0,60.311553955078125,60.310115814208984,-7.603875160217285,0,3.6339190006256104
0.11381999403238297,0.1000005304813385,-0.00000047158764004961995,0.00717844907194376,0.0005450421595014632,0,0,77.46265411376953,77.46104431152344,-8.396990776062012,0,3.6339190006256104
0.1138250008225441,0.10000056773424149,-0.0000004686158661115769,0.006738293915987015,0.0005943563883192837,0,0,93.70817565917969,93.70634460449219,-9.145551681518555,0,3.6339190006256104
0.11383000016212463,0.10000059753656387,-0.00000046534580633306177,0.00623701885342598,0.0006540128379128873,0,0,107.94109344482422,107.93907928466797,-9.796632766723633,0,3.6339190006256104
0.11383499950170517,0.10000062733888626,-0.0000004617321565092425,0.005685231648385525,0.0007227302412502468,0,0,119.20243835449219,119.20020294189453,-10.304289817810059,0,3.6339190006256104
0.1138399988412857,0.10000064969062805,-0.0000004577390768645273,0.0050699226558208466,0.0007986168493516743,0,0,126.74828338623047,126.74585723876953,-10.632755279541016,0,3.6339190006256104
0.11384499818086624,0.10000067204236984,-0.00000045334255105444754,0.004402310587465763,0.0008793073357082903,0,0,130.10105895996094,130.0984344482422,-10.758866310119629,0,3.6339190006256104
0.11384999752044678,0.10000068694353104,-0.00000044853189251625736,0.0036704298108816147,0.0009621322387829423,0,0,129.08050537109375,129.07769775390625,-10.67356014251709,0,3.6339190006256104
0.11385499686002731,0.10000070184469223,-0.0000004433103413248318,0.0028869453817605972,0.001044307486154139,0,0,123.81275177001953,123.80976104736328,-10.38231372833252,0,3.6339190006256104
0.11385999619960785,0.10000070929527283,-0.0000004376946947104443,0.0020416933111846447,0.0011231290409341455,0,0,114.71659851074219,114.71347045898438,-9.904529571533203,0,3.6339190006256104
0.11386499553918839,0.10000071674585342,-0.00000043171388597329496,0.001149436691775918,0.0011961598647758365,0,0,102.46856689453125,102.46530151367188,-9.271889686584473,0,3.6339190006256104
0.11386999487876892,0.10000071674585342,-0.0000004254069096987223,0.0002023419365286827,0.001261393423192203,0,0,87.94901275634766,87.9456787109375,-8.525846481323242,0,3.6339190006256104
0.11387499421834946,0.10000070929527283,-0.00000041881997958626016,-0.0007823408814147115,0.001317383605055511,0,0,72.17428588867188,72.17095184326172,-7.71441650390625,0,3.6339190006256104
0.11387999355792999,0.10000070184469223,-0.00000041200331679647206,-0.0017861654050648212,0.0013633311027660966,0,0,56.21955490112305,56.216217041015625,-6.888553142547607,0,3.6339190006256104
0.11388500034809113,0.10000068694353104,-0.00000040500771092411014,-0.0028134137392044067,0.0013991215964779258,0,0,41.13829803466797,41.13502502441406,-6.098352432250977,0,3.6339190006256104
0.11388999968767166,0.10000066459178925,-0.00000039788116623640235,-0.0038435296155512333,0.001425311085768044,0,0,27.88515853881836,27.882022857666016,-5.389400959014893,0,3.6339190006256104
0.1138949990272522,0.10000064224004745,-0.0000003906658605501434,-0.00485511077567935,0.0014430632581934333,0,0,17.247451782226563,17.244443893432617,-4.799527168273926,0,3.6339190006256104
0.11389999836683273,0.10000061243772507,-0.0000003833956441212649,-0.005849928129464388,0.0014540433185175061,0,0,9.790285110473633,9.787469863891602,-4.356204986572266,0,3.6339190006256104
0.11390499770641327,0.10000057518482208,-0.0000003760942774988507,-0.006805438082665205,0.0014602759620174766,0,0,5.820148944854736,5.8175835609436035,-4.074798107147217,0,3.6339190006256104
0.1139099970459938,0.1000005379319191,-0.0000003687743799218879,-0.007698837202042341,0.0014639812288805842,0,0,5.368707180023193,5.366377830505371,-3.9577627182006836,0,3.6339190006256104
0.11391499638557434,0.10000049322843552,-0.00000036143737247584795,-0.00853112991899252,0.0014673989498987794,0,0,8.197908401489258,8.195865631103516,-3.994860887527466,0,3.6339190006256104
0.11391999572515488,0.10000044852495193,-0.0000003540742739005509,-0.009279661811888218,0.0014726178487762809,0,0,13.826305389404297,13.824531555175781,-4.164349555969238,0,3.6339190006256104
0.11392499506473541,0.10000039637088776,-0.0000003466671785190556,-0.009945894591510296,0.0014814200112596154,0,0,21.573287963867188,21.571826934814453,-4.435039520263672,0,3.6339190006256104
0.11392999440431595,0.10000034421682358,-0.00000033919141628757643,-0.010507931001484394,0.0014951539924368262,0,0,30.618560791015625,30.617393493652344,-4.769047260284424,0,3.6339190006256104
0.11393499374389648,0.1000002920627594,-0.0000003316181960144604,-0.010968261398375034,0.0015146463410928845,0,0,40.07101058959961,40.07011413574219,-5.125016212463379,0,3.6339190006256104
0.11394000053405762,0.10000023245811462,-0.00000032391741910942073,-0.01132997591048479,0.0015401564305648208,0,0,49.04208755493164,49.041500091552734,-5.461546421051025,0,3.6339190006256104
0.11394499987363815,0.10000017285346985,-0.00000031606052175447985,-0.011572941206395626,0.0015713776228949428,0,0,56.71773910522461,56.71743392944336,-5.7405524253845215,0,3.6339190006256104
0.11394999921321869,0.10000011324882507,-0.00000030802308970123704,-0.011701502837240696,0.0016074852319434285,0,0,62.4227180480957,62.422672271728516,-5.930288791656494,0,3.6339190006256104
0.11395499855279922,0.1000000536441803,-0.0000002997869614773663,-0.01172062661498785,0.001647224766202271,0,0,69.43453979492188,69.43475341796875,-6.195889949798584,0,3.6339190006256104
0.11395999789237976,0.09999999403953552,-0.0000002913298260409647,-0.011627254076302052,0.0016914281295612454,0,0,69.76273345947266,69.76317596435547,-6.138731479644775,0,3.6339190006256104
0.1139649972319603,0.09999993443489075,-0.00000028265063178878336,-0.011425917036831379,0.001735840574838221,0,0,66.84515380859375,66.8458023071289,-5.930176734924316,0,3.6339190006256104
0.11396999657154083,0.09999988228082657,-0.0000002737586441980966,-0.011123343370854855,0.0017783954972401261,0,0,60.98487854003906,60.985660552978516,-5.583909034729004,0,3.6339190006256104
0.11397499591112137,0.09999983012676239,-0.00000026467253633200016,-0.010752411559224129,0.0018172197742387652,0,0,52.76350402832031,52.76438522338867,-5.126652717590332,0,3.6339190006256104
0.1139799952507019,0.09999977797269821,-0.0000002554184845848795,-0.010319259017705917,0.0018508100183680654,0,0,42.99601745605469,42.99699020385742,-4.596011638641357,0,3.6339190006256104
0.11398499459028244,0.09999972581863403,-0.0000002460275823068514,-0.009829005226492882,0.0018781820544973016,0,0,32.63650894165039,32.637550354003906,-4.0361223220825195,0,3.6339190006256104
0.11398999392986298,0.09999968111515045,-0.00000023653278447000048,-0.009285571053624153,0.001898959162645042,0,0,22.687175750732422,22.6882266998291,-3.4934005737304688,0,3.6339190006256104
0.11399500072002411,0.09999963641166687,-0.0000002269657670694869,-0.008717630058526993,0.0019134023459628224,0,0,14.103023529052734,14.104081153869629,-3.012082815170288,0,3.6339190006256104
0.11400000005960464,0.09999959915876389,-0.000000217353857578928,-0.00812588445842266,0.0019223805284127593,0,0,7.701462745666504,7.702480316162109,-2.6299848556518555,0,3.6339190006256104
0.11400000005960464,0.0999995619058609,-0.00000020771743436398538,-0.007535221055150032,0.0019272834761068225,0,0,4.084042072296143,4.085024833679199,-2.3748466968536377,0,3.6339190006256104
