Timestamp,X Position,Y Position,X Velocity,Y Velocity,Rotation,Rotation Velocity,Data1,Data2,Data3,Data4,FPS
0.10499999672174454,0.09999997168779373,0,0,0,0,0,0,0,0,0,121.10935974121094
0.10500499606132507,0.09999997913837433,0.000000004999999969612645,0.0010000000474974513,0.0010000000474974513,0,0,27.499996185302734,-27.5,1.375,0,22.890628814697266
0.10500999540090561,0.09999998658895493,0.00000000999999993922529,0.0010000000474974513,0.0010000000474974513,0,0,50.1096076965332,-50.10961151123047,2.5091278553009033,0,22.890628814697266
0.10501499474048615,0.09999999403953552,0.000000014999999464748726,0.0010000000474974513,0.0010000000474974513,0,0,69.99368286132813,-69.99368286132813,3.5135414600372314,0,22.890628814697266
0.10501999408006668,0.10000000149011612,0.00000001999999987845058,0.0010000000474974513,0.0010000000474974513,0,0,88.00489807128906,-88.00489044189453,4.433281898498535,0,22.890628814697266
0.10502500087022781,0.10000000894069672,0.000000025000000292152436,0.0010000000474974513,0.0010000000474974513,0,0,101.91838073730469,-101.91836547851563,5.159113883972168,0,22.890628814697266
0.10503000020980835,0.10000001639127731,0.00000002999999892949745,0.0010000000474974513,0.0010000000474974513,0,0,111.16151428222656,-111.16148376464844,5.663649559020996,0,22.890628814697266
0.10503499954938889,0.10000002384185791,0.000000034999999343199306,0.0010000000474974513,0.0010000000474974513,0,0,115.41989135742188,-115.41985321044922,5.931560039520264,0,22.890628814697266
0.10503999888896942,0.10000003129243851,0.00000003999999975690116,0.0010000000474974513,0.0010000000474974513,0,0,114.65022277832031,-114.6501693725586,5.960204124450684,0,22.890628814697266
0.10504499822854996,0.1000000387430191,0.000000045000000170603016,0.0010000000474974513,0.0010000000474974513,0,0,109.07740020751953,-109.07733154296875,5.759512424468994,0,22.890628814697266
0.1050499975681305,0.1000000461935997,0.00000005000000058430487,0.0010000000474974513,0.0010000000474974513,0,0,99.1756820678711,-99.17559814453125,5.351138591766357,0,22.890628814697266
0.10505499690771103,0.1000000536441803,0.000000055000000998006726,0.0010000000474974513,0.0010000000474974513,0,0,85.63519287109375,-85.63510131835938,4.766923904418945,0,22.890628814697266
0.10505999624729156,0.1000000610947609,0.0000000599999978589949,0.0010000000474974513,0.0010000000474974513,0,0,69.31625366210938,-69.31614685058594,4.0467987060546875,0,22.890628814697266
0.1050649955868721,0.10000006854534149,0.00000006499999471998308,0.0010000000474974513,0.0010000000474974513,0,0,51.19444274902344,-51.19432830810547,3.2362496852874756,0,22.890628814697266
0.10506999492645264,0.10000007599592209,0.00000006999999158097125,0.0010000000474974513,0.0010000000474974513,0,0,32.30025863647461,-32.30013656616211,2.3835277557373047,0,22.890628814697266
0.10507499426603317,0.10000008344650269,0.00000007499998844195943,0.0010000000474974513,0.0010000000474974513,0,0,13.657078742980957,-13.656952857971191,1.5367738008499146,0,22.890628814697266
0.1050800010561943,0.10000009089708328,0.00000007999998530294761,0.0010000000474974513,0.0010000000474974513,0,0,3.778352975845337,3.778484344482422,0.741250216960907,0,22.890628814697266
0.10508500039577484,0.10000009834766388,0.00000008499998216393578,0.0010000000474974513,0.0010000000474974513,0,0,19.169363021850586,19.16950035095215,0.036847904324531555,0,22.890628814697266
0.10508999973535538,0.10000010579824448,0.00000008999997902492396,0.0010000000474974513,0.0010000000474974513,0,0,31.84328269958496,31.843421936035156,-0.5439768433570862,0,22.890628814697266
0.10509499907493591,0.10000011324882507,0.00000009499997588591214,0.0010000000474974513,0.0010000000474974513,0,0,41.3233528137207,41.32349395751953,-0.9777171611785889,0,22.890628814697266
0.10509999841451645,0.10000012069940567,0.00000009999997274690031,0.0010000000474974513,0.0010000000474974513,0,0,47.34684753417969,47.346988677978516,-1.2506974935531616,0,22.890628814697266
0.10510499775409698,0.10000012814998627,0.00000010499996960788849,0.0010000000474974513,0.0010000000474974513,0,0,49.868621826171875,49.86876678466797,-1.3592898845672607,0,22.890628814697266
0.10510999709367752,0.10000013560056686,0.00000010999996646887666,0.0010000000474974513,0.0010000000474974513,0,0,49.050357818603516,49.050506591796875,-1.3094688653945923,0,22.890628814697266
0.10511499643325806,0.10000014305114746,0.00000011499996332986484,0.0010000000474974513,0.0010000000474974513,0,0,45.236595153808594,45.23674774169922,-1.115760326385498,0,22.890628814697266
0.10511999577283859,0.10000015050172806,0.00000011999996729628037,0.0010000000474974513,0.0010000000474974513,0,0,38.9196891784668,38.91984939575195,-0.7996746897697449,0,22.890628814697266
0.10512499511241913,0.10000015795230865,0.0000001249999712626959,0.0010000000474974513,0.0010000000474974513,0,0,30.696455001831055,30.696624755859375,-0.3877536654472351,0,22.890628814697266
0.10512999445199966,0.10000016540288925,0.00000012999997522911144,0.0010000000474974513,0.0010000000474974513,0,0,21.219758987426758,21.219942092895508,0.09062287211418152,0,22.890628814697266
0.1051349937915802,0.10000017285346985,0.00000013499997919552698,0.0010000000474974513,0.0010000000474974513,0,0,11.148659706115723,11.148858070373535,0.6055044531822205,0,22.890628814697266
0.10514000058174133,0.10000018030405045,0.0000001399999831619425,0.0010000000474974513,0.0010000000474974513,0,0,1.1006559133529663,1.100873589515686,1.1285505294799805,0,22.890628814697266
0.10514499992132187,0.10000018775463104,0.00000014499998712835804,0.0010000000474974513,0.0010000000474974513,0,0,8.390546798706055,-8.390305519104004,1.6349674463272095,0,22.890628814697266
0.1051499992609024,0.10000019520521164,0.00000014999999109477358,0.0010000000474974513,0.0010000000474974513,0,0,16.90888786315918,-16.908618927001953,2.1050710678100586,0,22.890628814697266
0.10515499860048294,0.10000020265579224,0.0000001549999950611891,0.0010000000474974513,0.0010000000474974513,0,0,24.17916488647461,-24.178863525390625,2.525369167327881,0,22.890628814697266
0.10515999794006348,0.10000021010637283,0.00000015999999902760464,0.0010000000474974513,0.0010000000474974513,0,0,30.078184127807617,-30.07784652709961,2.889101505279541,0,22.890628814697266
0.10516499727964401,0.10000021755695343,0.00000016500000299402018,0.0010000000474974513,0.0010000000474974513,0,0,34.633331298828125,-34.63295364379883,3.19620943069458,0,22.890628814697266
0.10516999661922455,0.10000022500753403,0.0000001700000069604357,0.0010000000474974513,0.0010000000474974513,0,0,38.00898742675781,-38.0085563659668,3.452754497528076,0,22.890628814697266
0.10517499595880508,0.10000023245811462,0.00000017500001092685125,0.0010000000474974513,0.0010000000474974513,0,0,40.48200988769531,-40.48152542114258,3.6698431968688965,0,22.890628814697266
0.10517999529838562,0.10000023990869522,0.00000018000001489326678,0.0010000000474974513,0.0010000000474974513,0,0,42.408607482910156,-42.40806579589844,3.862156867980957,0,22.890628814697266
0.10518499463796616,0.10000024735927582,0.00000018500001885968231,0.0010000000474974513,0.0010000000474974513,0,0,44.1850700378418,-44.18446350097656,4.046205997467041,0,22.890628814697266
0.10518999397754669,0.10000025480985641,0.00000019000002282609785,0.0010000000474974513,0.0010000000474974513,0,0,46.2056999206543,-46.20503234863281,4.2384538650512695,0,22.890628814697266
0.10519500076770782,0.10000026226043701,0.00000019500002679251338,0.0010000000474974513,0.0010000000474974513,0,0,48.821311950683594,-48.820579528808594,4.453465938568115,0,22.890628814697266
0.10520000010728836,0.10000026971101761,0.00000020000003075892892,0.0010000000474974513,0.0010000000474974513,0,0,52.301509857177734,-52.30071258544922,4.702228546142578,0,22.890628814697266
0.1052049994468689,0.1000002771615982,0.00000020500003472534445,0.0010000000474974513,0.0010000000474974513,0,0,56.80390930175781,-56.80304718017578,4.990782260894775,0,22.890628814697266
0.10520999878644943,0.1000002846121788,0.00000021000003869175998,0.0010000000474974513,0.0010000000474974513,0,0,62.352699279785156,-62.351776123046875,5.319277763366699,0,22.890628814697266
0.10521499812602997,0.1000002920627594,0.00000021500004265817552,0.0010000000474974513,0.0010000000474974513,0,0,68.82844543457031,-68.82746124267578,5.681537628173828,0,22.890628814697266
0.1052199974656105,0.10000029951334,0.00000022000004662459105,0.0010000000474974513,0.0010000000474974513,0,0,75.97005462646484,-75.9690170288086,6.065169334411621,0,22.890628814697266
0.10522499680519104,0.1000003069639206,0.00000022500005059100658,0.0010000000474974513,0.0010000000474974513,0,0,83.38898468017578,-83.38789367675781,6.452229976654053,0,22.890628814697266
0.10522999614477158,0.10000031441450119,0.00000023000005455742212,0.0010000000474974513,0.0010000000474974513,0,0,90.5948257446289,-90.59369659423828,6.820404052734375,0,22.890628814697266
0.10523499548435211,0.10000032186508179,0.00000023500005852383765,0.0010000000474974513,0.0010000000474974513,0,0,97.03060913085938,-97.0294418334961,7.144614219665527,0,22.890628814697266
0.10523999482393265,0.10000032931566238,0.00000024000004827939847,0.0010000000474974513,0.0010000000474974513,0,0,102.11518096923828,-102.11398315429688,7.398951530456543,0,22.890628814697266
0.10524499416351318,0.10000033676624298,0.000000245000052245814,0.0010000000474974513,0.0010000000474974513,0,0,105.28978729248047,-105.28856658935547,7.5587873458862305,0,22.890628814697266
0.10525000095367432,0.10000034421682358,0.00000025000005621222954,0.0010000000474974513,0.0010000000474974513,0,0,106.06536865234375,-106.06412506103516,7.602907180786133,0,22.890628814697266
0.10525500029325485,0.10000035166740417,0.00000025500006017864507,0.0010000000474974513,0.0010000000474974513,0,0,104.06693267822266,-104.06568145751953,7.515508651733398,0,22.890628814697266
0.10525999963283539,0.10000035911798477,0.0000002600000641450606,0.0010000000474974513,0.0010000000474974513,0,0,99.07185363769531,-99.07059478759766,7.287912845611572,0,22.890628814697266
0.10526499897241592,0.10000036656856537,0.00000026500006811147614,0.0010000000474974513,0.0010000000474974513,0,0,91.03873443603516,-91.03746795654297,6.919837474822998,0,22.890628814697266
0.10526999831199646,0.10000037401914597,0.00000027000007207789167,0.0010000000474974513,0.0010000000474974513,0,0,80.12468719482422,-80.1234130859375,6.42013692855835,0,22.890628814697266
0.105274997651577,0.10000038146972656,0.0000002750000760443072,0.0010000000474974513,0.0010000000474974513,0,0,66.6892318725586,-66.68795013427734,5.8069305419921875,0,22.890628814697266
0.10527999699115753,0.10000038892030716,0.00000028000008001072274,0.0010000000474974513,0.0010000000474974513,0,0,51.28413391113281,-51.28284454345703,5.107084274291992,0,22.890628814697266
0.10528499633073807,0.10000039637088776,0.0000002850000839771383,0.0010000000474974513,0.0010000000474974513,0,0,34.6294059753418,-34.62810516357422,4.3550567626953125,0,22.890628814697266
0.1052899956703186,0.10000040382146835,0.0000002900000879435538,0.0010000000474974513,0.0010000000474974513,0,0,17.576635360717773,-17.575315475463867,3.5911777019500732,0,22.890628814697266
0.10529499500989914,0.10000041127204895,0.00000029500009190996934,0.0010000000474974513,0.0010000000474974513,0,0,1.0618338584899902,-1.0604928731918335,2.8594417572021484,0,22.890628814697266
0.10529999434947968,0.10000041872262955,0.0000003000000958763849,0.0010000000474974513,0.0010000000474974513,0,0,13.949362754821777,13.950730323791504,2.204962968826294,0,22.890628814697266
0.10530499368906021,0.10000042617321014,0.0000003050000998428004,0.0010000000474974513,0.0010000000474974513,0,0,26.520660400390625,26.522062301635742,1.6712450981140137,0,22.890628814697266
0.10531000047922134,0.10000043362379074,0.00000031000010380921594,0.0010000000474974513,0.0010000000474974513,0,0,35.804439544677734,35.80588150024414,1.2974437475204468,0,22.890628814697266
0.10531499981880188,0.10000044107437134,0.0000003150001077756315,0.0010000000474974513,0.0010000000474974513,0,0,41.09745788574219,41.09894943237305,1.1158021688461304,0,22.890628814697266
0.10531999915838242,0.10000044852495193,0.000000320000111742047,0.0010000000474974513,0.0010000000474974513,0,0,41.889251708984375,41.890804290771484,1.1494346857070923,0,22.890628814697266
0.10532499849796295,0.10000045597553253,0.00000032500011570846254,0.0010000000474974513,0.0010000000474974513,0,0,37.899879455566406,37.9015007019043,1.4106040000915527,0,22.890628814697266
0.10532999783754349,0.10000046342611313,0.0000003300001196748781,0.0010000000474974513,0.0010000000474974513,0,0,29.10426139831543,29.105960845947266,1.8996237516403198,0,22.890628814697266
0.10533499717712402,0.10000047087669373,0.0000003350001236412936,0.0010000000474974513,0.0010000000474974513,0,0,15.74137020111084,15.743157386779785,2.6044652462005615,0,22.890628814697266
0.10533999651670456,0.10000047832727432,0.00000034000012760770915,0.0010000000474974513,0.0010000000474974513,0,0,1.6926621198654175,-1.690778374671936,3.5011065006256104,0,22.890628814697266
0.1053449958562851,0.10000048577785492,0.0000003450001315741247,0.0010000000474974513,0.0010000000474974513,0,0,22.467330932617188,-22.465341567993164,4.554617404937744,0,22.890628814697266
0.10534999519586563,0.10000049322843552,0.0000003500001355405402,0.0010000000474974513,0.0010000000474974513,0,0,45.65522384643555,-45.65312194824219,5.720923900604248,0,22.890628814697266
0.10535499453544617,0.10000050067901611,0.00000035500013950695575,0.0010000000474974513,0.0010000000474974513,0,0,70.18201446533203,-70.17979431152344,6.949148178100586,0,22.890628814697266
0.1053599938750267,0.10000050812959671,0.0000003600001434733713,0.0010000000474974513,0.0010000000474974513,0,0,94.88595581054688,-94.88361358642578,8.184388160705566,0,22.890628814697266
0.10536500066518784,0.10000051558017731,0.0000003650001474397868,0.0010000000474974513,0.0010000000474974513,0,0,118.583251953125,-118.5807876586914,9.370767593383789,0,22.890628814697266
0.10537000000476837,0.1000005230307579,0.00000037000015140620235,0.0010000000474974513,0.0010000000474974513,0,0,140.13525390625,-140.13267517089844,10.45456314086914,0,22.890628814697266
0.10537499934434891,0.1000005304813385,0.0000003750001553726179,0.0010000000474974513,0.0010000000474974513,0,0,158.5133514404297,-158.51063537597656,11.38723373413086,0,22.890628814697266
0.10537999868392944,0.1000005379319191,0.0000003800001593390334,0.0010000000474974513,0.0010000000474974513,0,0,172.85736083984375,-172.8545379638672,12.128135681152344,0,22.890628814697266
0.10538499802350998,0.1000005453824997,0.00000038500016330544895,0.0010000000474974513,0.0010000000474974513,0,0,182.524169921875,-182.52122497558594,12.646794319152832,0,22.890628814697266
0.10538999736309052,0.10000055283308029,0.0000003900001672718645,0.0010000000474974513,0.0010000000474974513,0,0,187.12298583984375,-187.11993408203125,12.92455005645752,0,22.890628814697266
0.10539499670267105,0.10000056028366089,0.00000039500017123828,0.0010000000474974513,0.0010000000474974513,0,0,186.53573608398438,-186.5325927734375,12.95551586151123,0,22.890628814697266
0.10539999604225159,0.10000056773424149,0.00000040000017520469555,0.0010000000474974513,0.0010000000474974513,0,0,180.9209747314453,-180.91773986816406,12.746774673461914,0,22.890628814697266
0.10540499538183212,0.10000057518482208,0.0000004050001791711111,0.0010000000474974513,0.0010000000474974513,0,0,170.70126342773438,-170.6979522705078,12.317806243896484,0,22.890628814697266
0.10540999472141266,0.10000058263540268,0.0000004100001831375266,0.0010000000474974513,0.0010000000474974513,0,0,156.53504943847656,-156.53167724609375,11.699189186096191,0,22.890628814697266
0.1054149940609932,0.10000059008598328,0.00000041500018710394215,0.0010000000474974513,0.0010000000474974513,0,0,139.27481079101563,-139.27137756347656,10.930679321289063,0,22.890628814697266
0.10542000085115433,0.10000059753656387,0.0000004200001910703577,0.0010000000474974513,0.0010000000474974513,0,0,119.91436004638672,-119.910888671875,10.05876350402832,0,22.890628814697266
0.10542500019073486,0.10000060498714447,0.0000004250001950367732,0.0010000000474974513,0.0010000000474974513,0,0,99.52867126464844,-99.5251693725586,9.133879661560059,0,22.890628814697266
0.1054299995303154,0.10000061243772507,0.00000043000019900318875,0.0010000000474974513,0.0010000000474974513,0,0,79.21012878417969,-79.20659637451172,8.207448959350586,0,22.890628814697266
0.10543499886989594,0.10000061988830566,0.0000004350002029696043,0.0010000000474974513,0.0010000000474974513,0,0,60.00527572631836,-60.00172805786133,7.328945636749268,0,22.890628814697266
0.10543999820947647,0.10000062733888626,0.0000004400002069360198,0.0010000000474974513,0.0010000000474974513,0,0,42.85606002807617,-42.852500915527344,6.543142795562744,0,22.890628814697266
0.105444997549057,0.10000063478946686,0.00000044500021090243536,0.0010000000474974513,0.0010000000474974513,0,0,28.549152374267578,-28.545576095581055,5.887747764587402,0,22.890628814697266
0.10544999688863754,0.10000064224004745,0.0000004500002148688509,0.0010000000474974513,0.0010000000474974513,0,0,17.67638397216797,-17.672800064086914,5.391533851623535,0,22.890628814697266
0.10545499622821808,0.10000064969062805,0.0000004550002188352664,0.0010000000474974513,0.0010000000474974513,0,0,10.608654975891113,-10.605058670043945,5.073090553283691,0,22.890628814697266
0.10545999556779861,0.10000065714120865,0.00000046000022280168196,0.0010000000474974513,0.0010000000474974513,0,0,7.48449182510376,-7.480877876281738,4.940249443054199,0,22.890628814697266
0.10546499490737915,0.10000066459178925,0.0000004650002267680975,0.0010000000474974513,0.0010000000474974513,0,0,8.213730812072754,-8.21009349822998,4.990206718444824,0,22.890628814697266
0.10546999424695969,0.10000067204236984,0.000000470000230734513,0.0010000000474974513,0.0010000000474974513,0,0,12.495566368103027,-12.49189567565918,5.210306644439697,0,22.890628814697266
0.10547500103712082,0.10000067949295044,0.00000047500023470092856,0.0010000000474974513,0.0010000000474974513,0,0,19.849382400512695,-19.845670700073242,5.5794196128845215,0,22.890628814697266
0.10548000037670135,0.10000068694353104,0.0000004800002102456347,0.0010000000474974513,0.0010000000474974513,0,0,29.65591049194336,-29.65214729309082,6.06980037689209,0,22.890628814697266
0.10548499971628189,0.10000069439411163,0.0000004850002142120502,0.0010000000474974513,0.0010000000474974513,0,0,41.205631256103516,-41.20180130004883,6.649283409118652,0,22.890628814697266
0.10548999905586243,0.10000070184469223,0.0000004900002181784657,0.0010000000474974513,0.0010000000474974513,0,0,53.7508430480957,-53.74693298339844,7.283662796020508,0,22.890628814697266
0.10549499839544296,0.10000070929527283,0.0000004950002221448813,0.0010000000474974513,0.0010000000474974513,0,0,66.55782318115234,-66.55381774902344,7.939075469970703,0,22.890628814697266
0.1054999977350235,0.10000071674585342,0.0000005000002261112968,0.0010000000474974513,0.0010000000474974513,0,0,78.955322265625,-78.95121002197266,8.584236145019531,0,22.890628814697266
0.1054999977350235,0.10000072419643402,0.0000005050002300777123,0.0010000000474974513,0.0010000000474974513,0,0,90.37625122070313,-90.37201690673828,9.192361831665039,0,22.890628814697266
0.10550499707460403,0.10000072419643402,0.0000005048564162279945,0,-0.000028767653930117376,0.000000011704078595187184,0.0023408157285302877,71.74437713623047,-71.74018859863281,8.298215866088867,0,3.9885926246643066
0.10550999641418457,0.10000072419643402,0.0000005044842055212939,0,-0.00007444154471158981,0.00000004453938728943285,0.0065670618787407875,46.366111755371094,-46.36195755004883,7.053416728973389,0,3.9885926246643066
0.1055149957537651,0.10000072419643402,0.0000005039644292992307,0,-0.00010395912977401167,0.00000009533606970535402,0.01015933696180582,16.903873443603516,-16.899744033813477,5.5891194343566895,0,3.9885926246643066
0.10551999509334564,0.10000072419643402,0.0000005033908223595063,0,-0.00011472047481220216,0.00000016036531746976834,0.01300585176795721,13.543475151062012,13.547595024108887,4.058004856109619,0,3.9885926246643066
0.10552499443292618,0.10000072419643402,0.0000005028603027312784,0,-0.00010609843593556434,0.00000023572819429773517,0.015072575770318508,41.760398864746094,41.7645263671875,2.6184871196746826,0,3.9885926246643066
0.10552999377250671,0.10000072419643402,0.0000005024627398597659,0,-0.00007951294537633657,0.00000031775897468833136,0.016406159847974777,64.74698638916016,64.75114440917969,1.418299913406372,0,3.9885926246643066
0.10553500056266785,0.10000072419643402,0.0000005022712912250427,0,-0.000038293735997285694,0.00000040340142959394143,0.017128493636846542,80.02970123291016,80.0339126586914,0.5791612267494202,0,3.9885926246643066
0.10553999990224838,0.10000072419643402,0.0000005023345579502347,0,0.000012654752936214209,0.000000490518743845314,0.017423458397388458,85.91877746582031,85.92305755615234,0.18407529592514038,0,3.9885926246643066
0.10554499924182892,0.10000072419643402,0.0000005026712983635662,0,0.00006735234637744725,0.0000005781047889286128,0.017517205327749252,81.68576049804688,81.69013214111328,0.26858869194984436,0,3.9885926246643066
0.10554999858140945,0.10000072419643402,0.0000005032680974181858,0,0.00011935511429328471,0.0000006663747740276449,0.017653997987508774,67.64289093017578,67.64737701416016,0.816901445388794,0,3.9885926246643066
0.10555499792098999,0.10000072419643402,0.0000005040801625000313,0,0.000162417913088575,0.0000007567250008833071,0.0180700421333313,45.11603546142578,45.12065887451172,1.7632464170455933,0,3.9885926246643066
0.10555999726057053,0.10000072419643402,0.0000005050358709013381,0,0.0001911396684590727,0.0000008515652893947845,0.01896805688738823,16.31368064880371,16.318449020385742,2.9984049797058105,0,3.9885926246643066
0.10556499660015106,0.10000072419643402,0.0000005060434773440647,0,0.00020152528304606676,0.0000009540409564579022,0.020495131611824036,15.89490032196045,-15.889971733093262,4.380709648132324,0,3.9885926246643066
0.1055699959397316,0.10000072419643402,0.0000005070004931440053,0,0.00019140628864988685,0.000001067671973942197,0.022726207971572876,48.26969528198242,-48.26459884643555,5.7504167556762695,0,3.9885926246643066
0.10557499527931213,0.10000072419643402,0.0000005078038611827651,0,0.00016067683463916183,0.0000011959463108723867,0.0256548710167408,77.5290298461914,-77.52377319335938,6.946003437042236,0,3.9885926246643066
0.10557999461889267,0.10000072419643402,0.0000005083604719402501,0,0.00011132031795568764,0.0000013419085007626563,0.02919244021177292,100.68402862548828,-100.67861938476563,7.820712089538574,0,3.9885926246643066
0.1055849939584732,0.10000072419643402,0.0000005085965995021979,0,0.00004722287485492416,0.0000015077860098244855,0.03317549452185631,115.34449005126953,-115.33892822265625,8.257678031921387,0,3.9885926246643066
0.10559000074863434,0.10000072419643402,0.0000005084655754217238,0,-0.000026207704650005326,0.0000016946914911386557,0.037381093949079514,119.9648666381836,-119.95916748046875,8.182084083557129,0,3.9885926246643066
0.10559500008821487,0.10000072419643402,0.0000005079526772533427,0,-0.00010257971007376909,0.0000019024324728889042,0.041548196226358414,114.00540161132813,-113.99958038330078,7.569090843200684,0,3.9885926246643066
0.10559999942779541,0.10000072419643402,0.0000005070768906989542,0,-0.00017515779472887516,0.0000021294479211064754,0.04540310427546501,97.9915542602539,-97.98562622070313,6.446744918823242,0,3.9885926246643066
0.10560499876737595,0.10000072419643402,0.0000005058892043052765,0,-0.0002375411568209529,0.0000023728798623778857,0.04868640378117561,73.4657211303711,-73.45970916748047,4.893537521362305,0,3.9885926246643066
0.10560999810695648,0.10000072419643402,0.0000005044676640864054,0,-0.0002843108959496021,0.000002628773245305638,0.05117866024374962,42.83580780029297,-42.829715728759766,3.0308544635772705,0,3.9885926246643066
0.10561499744653702,0.10000072419643402,0.0000005029097565056873,0,-0.00031158101046457887,0.000002892384600272635,0.0527222640812397,9.13566780090332,-9.12951374053955,1.011066198348999,0,3.9885926246643066
0.10561999678611755,0.10000072419643402,0.0000005013227450945124,0,-0.0003173969453200698,0.000003158570507366676,0.0532371960580349,24.278135299682617,24.284345626831055,-0.9975361824035645,0,3.9885926246643066
0.10562499612569809,0.10000072419643402,0.0000004998130407329882,0,-0.0003019410069100559,0.000003422216195758665,0.052729155868291855,54.06300354003906,54.06926345825195,-2.827456474304199,0,3.9885926246643066
0.10562999546527863,0.10000072419643402,0.0000004984754014003556,0,-0.00026752345729619265,0.0000036786618693440687,0.0512891449034214,77.22615814208984,77.23246765136719,-4.32866096496582,0,3.9885926246643066
0.10563499480485916,0.10000072419643402,0.0000004973836098542961,0,-0.00021835975348949432,0.000003924084921891335,0.04908457770943642,91.42577362060547,91.43213653564453,-5.383523464202881,0,3.9885926246643066
0.1056399941444397,0.10000072419643402,0.0000004965828566128039,0,-0.00016015631263144314,0.000004155798706051428,0.046342771500349045,95.20697784423828,95.21339416503906,-5.918530464172363,0,3.9885926246643066
0.10564500093460083,0.10000072419643402,0.0000004960851356372586,0,-0.00009954566485248506,0.000004372441253508441,0.04332849010825157,88.14865112304688,88.15512084960938,-5.911569595336914,0,3.9885926246643066
0.10565000027418137,0.10000072419643402,0.0000004958679937772104,0,-0.00004342849206295796,0.000004574029844661709,0.040317755192518234,70.90635681152344,70.91287994384766,-5.3940558433532715,0,3.9885926246643066
0.1056549996137619,0.10000072419643402,0.0000004958765771334583,0,0.0000017118982214014977,0.000004761882792081451,0.03757058456540108,45.14684295654297,45.153438568115234,-4.44768762588501,0,3.9885926246643066
0.10565999895334244,0.10000072419643402,0.0000004960288606525864,0,0.000030453273211605847,0.000004938409801980015,0.03530539944767952,13.380914688110352,13.387580871582031,-3.1961545944213867,0,3.9885926246643066
0.10566499829292297,0.10000072419643402,0.0000004962237198924413,0,0.00003897182614309713,0.000005106797743792413,0.033677611500024796,21.28860855102539,-21.281871795654297,-1.792638897895813,0,3.9885926246643066
0.10566999763250351,0.10000072419643402,0.0000004963508217770141,0,0.00002541907633712981,0.000005270620931696612,0.03276462480425835,55.47822570800781,-55.47142028808594,-0.4043678045272827,0,3.9885926246643066
0.10567499697208405,0.10000072419643402,0.0000004963013111591863,0,-0.000009899458746076562,0.000005433414116851054,0.032558683305978775,85.8628921508789,-85.85601806640625,0.8042122721672058,0,3.9885926246643066
0.10567999631166458,0.10000072419643402,0.0000004959784973834758,0,-0.00006456147093558684,0.0000055982554840738885,0.03296826407313347,109.50882720947266,-109.50188446044922,1.6879552602767944,0,3.9885926246643066
0.10568499565124512,0.10000072419643402,0.0000004953071197633108,0,-0.00013427695375867188,0.000005767395123257302,0.03382793441414833,124.16616821289063,-124.15916442871094,2.135547399520874,0,3.9885926246643066
0.10568999499082565,0.10000072419643402,0.0000004942405098518066,0,-0.00021332359756343067,0.000005941973086009966,0.034915562719106674,128.4921417236328,-128.48507690429688,2.0806000232696533,0,3.9885926246643066
0.10569499433040619,0.10000072419643402,0.0000004927649115415988,0,-0.00029512422042898834,0.000006121849310147809,0.03597520664334297,122.18218231201172,-122.17506408691406,1.5081820487976074,0,3.9885926246643066
0.10569999366998672,0.10000072419643402,0.0000004909003905595455,0,-0.0003729078161995858,0.000006305565875663888,0.03674331679940224,105.99600219726563,-105.98882293701172,0.45614784955978394,0,3.9885926246643066
0.10570500046014786,0.10000072419643402,0.0000004886984470431344,0,-0.00044038696796633303,0.000006490443865914131,0.03697563335299492,81.676025390625,-81.66878509521484,-0.9888696670532227,0,3.9885926246643066
0.1057099997997284,0.10000072419643402,0.0000004862365017288539,0,-0.0004923835513181984,0.000006672803920082515,0.036472003906965256,51.766868591308594,-51.75957107543945,-2.7003729343414307,0,3.9885926246643066
0.10571499913930893,0.10000072419643402,0.0000004836098241867148,0,-0.0005253393319435418,0.0000068482872848107945,0.03509671613574028,19.35426902770996,-19.346908569335938,-4.524911880493164,0,3.9885926246643066
0.10571999847888947,0.10000072419643402,0.0000004809215283785306,0,-0.0005376606131903827,0.000007012248261162313,0.03279219940304756,12.249913215637207,12.257343292236328,-6.29767370223999,0,3.9885926246643066
0.10572499781847,0.10000072419643402,0.000000478272227155685,0,-0.0005298620671965182,0.00000716017257218482,0.029584821313619614,39.84444046020508,39.85194778442383,-7.859159469604492,0,3.9885926246643066
0.10572999715805054,0.10000072419643402,0.00000047574974360031774,0,-0.0005044963327236474,0.0000072880834522948135,0.02558218315243721,60.662994384765625,60.67058181762695,-9.071255683898926,0,3.9885926246643066
0.10573499649763107,0.10000072419643402,0.0000004734203571388207,0,-0.0004658770631067455,0.0000073928945312218275,0.02096223086118698,72.65306854248047,72.6607437133789,-9.83106803894043,0,3.9885926246643066
0.10573999583721161,0.10000072419643402,0.00000047132223812695884,0,-0.00041962467366829515,0.00000747267085898784,0.015955310314893723,74.68124389648438,74.68900299072266,-10.081113815307617,0,3.9885926246643066
0.10574499517679214,0.10000072419643402,0.0000004694618382927729,0,-0.0003720811218954623,0.0000075267762440489605,0.010821040719747543,66.64405822753906,66.65191650390625,-9.814852714538574,0,3.9885926246643066
0.10574999451637268,0.10000072419643402,0.00000046781357809777546,0,-0.00032965419813990593,0.00000755588825995801,0.0058223772794008255,49.47351837158203,49.48147964477539,-9.077005386352539,0,3.9885926246643066
0.10575499385595322,0.10000072419643402,0.0000004663227741730225,0,-0.0002981583820655942,0.000007561885922768852,0.0011994964443147182,25.036758422851563,25.044809341430664,-7.958632469177246,0,3.9885926246643066
0.10576000064611435,0.10000072419643402,0.00000046491166472151235,0,-0.00028221949469298124,0.000007547616860392736,-0.0028538014739751816,4.059573173522949,-4.051440715789795,-6.587498188018799,0,3.9885926246643066
0.10576499998569489,0.10000072419643402,0.0000004634876518139208,0,-0.0002848039148375392,0.000007516573077737121,-0.006208786740899086,34.74003601074219,-34.73183822631836,-5.114717483520508,0,3.9885926246643066
0.10576999932527542,0.10000072419643402,0.0000004619530500349356,0,-0.0003069200902245939,0.0000074725044214574154,-0.008813690394163132,63.778526306152344,-63.77027893066406,-3.699049711227417,0,3.9885926246643066
0.10577499866485596,0.10000072419643402,0.000000460215431985489,0,-0.00034752278588712215,0.000007419016583298799,-0.010697601363062859,88.13104248046875,-88.12277221679688,-2.4904613494873047,0,3.9885926246643066
0.10577999800443649,0.10000072419643402,0.0000004581972916639643,0,-0.000403628742787987,0.000007359186838584719,-0.011965982615947723,105.24922943115234,-105.240966796875,-1.6146373748779297,0,3.9885926246643066
0.10578499734401703,0.10000072419643402,0.000000455844116231674,0,-0.00047063245438039303,0.000007295245268323924,-0.012788310647010803,113.34244537353516,-113.33421325683594,-1.1600269079208374,0,3.9885926246643066
0.10578999668359756,0.10000072419643402,0.00000045313018404158356,0,-0.0005427885334938765,0.000007228349659271771,-0.013379108160734177,111.56160736083984,-111.5534439086914,-1.1687588691711426,0,3.9885926246643066
0.1057949960231781,0.10000072419643402,0.00000045006112259216025,0,-0.0006138108437880874,0.000007158477728808066,-0.013974351808428764,100.08616638183594,-100.0781021118164,-1.6323364973068237,0,3.9885926246643066
0.10579999536275864,0.10000072419643402,0.00000044667348220173153,0,-0.0006775276269763708,0.000007084449407557258,-0.014805693179368973,80.10511016845703,-80.09716796875,-2.492572546005249,0,3.9885926246643066
0.10580499470233917,0.10000072419643402,0.00000044303087065600266,0,-0.0007285241736099124,0.000007004073722782778,-0.016075149178504944,53.69409942626953,-53.68630599975586,-3.647653341293335,0,3.9885926246643066
0.10580999404191971,0.10000072419643402,0.00000043921733094975934,0,-0.0007627068553119898,0.00000691440936861909,-0.017932884395122528,23.601396560668945,-23.59377098083496,-4.962712287902832,0,3.9885926246643066
0.10581500083208084,0.10000072419643402,0.00000043532867266549147,0,-0.0007777319988235831,0.0000068121075855742674,-0.020460374653339386,7.035710334777832,7.043152809143066,-6.283832550048828,0,3.9885926246643066
0.10582000017166138,0.10000072419643402,0.00000043146241068825475,0,-0.0007732529193162918,0.000006693804152746452,-0.023660704493522644,35.0147590637207,35.022010803222656,-7.45404052734375,0,3.9885926246643066
0.10582499951124191,0.10000072419643402,0.00000042770759023369465,0,-0.0007509618299081922,0.000006556519110745285,-0.027457017451524734,57.39915084838867,57.40620422363281,-8.329646110534668,0,3.9885926246643066
0.10582999885082245,0.10000072419643402,0.0000004241354929490626,0,-0.0007144203409552574,0.000006398022833309369,-0.03169927000999451,71.82249450683594,71.829345703125,-8.795263290405273,0,3.9885926246643066
0.10583499819040298,0.10000072419643402,0.00000042079201989508874,0,-0.000668696709908545,0.0000062171293393475935,-0.03617866337299347,76.7348861694336,76.7415542602539,-8.775951385498047,0,3.9885926246643066
0.10583999752998352,0.10000072419643402,0.00000041769280301195977,0,-0.0006198458140715957,0.000006013888196321204,-0.04064822196960449,71.56607818603516,71.57256317138672,-8.24524211883545,0,3.9885926246643066
0.10584499686956406,0.10000072419643402,0.0000004148213861299155,0,-0.0005742853973060846,0.000005789650913357036,-0.04484748840332031,56.788326263427734,56.79463577270508,-7.228211879730225,0,3.9885926246643066
0.10584999620914459,0.10000072419643402,0.00000041213073131984856,0,-0.0005381328519433737,0.000005547006821871037,-0.04852878302335739,33.87259292602539,33.87873840332031,-5.799266338348389,0,3.9885926246643066
0.10585499554872513,0.10000072419643402,0.00000040954788005365117,0,-0.0005165688926354051,0.00000528959526491235,-0.05148232728242874,5.142238140106201,5.148226737976074,-4.074870586395264,0,3.9885926246643066
0.10585999488830566,0.10000072419643402,0.0000004069813996920857,0,-0.0005132952937856317,0.000005021806828153785,-0.05355764180421829,26.461076736450195,-26.455238342285156,-2.2019309997558594,0,3.9885926246643066
0.1058649942278862,0.10000072419643402,0.0000004043307058054779,0,-0.0005301409400999546,0.0000047484113565587904,-0.05467907339334488,57.6755485534668,-57.66985321044922,-0.3430221378803253,0,3.9885926246643066
0.10587000101804733,0.10000072419643402,0.00000040149640767594974,0,-0.0005668583326041698,0.000004474142315302743,-0.05485377460718155,85.25115966796875,-85.24560546875,1.3400529623031616,0,3.9885926246643066
0.10587500035762787,0.10000072419643402,0.00000039839073906478006,0,-0.0006211309228092432,0.000004203285698167747,-0.05417129397392273,106.28163146972656,-106.27621459960938,2.7026898860931396,0,3.9885926246643066
0.1058799996972084,0.10000072419643402,0.0000003949467668462603,0,-0.0006887918571010232,0.000003939311682188418,-0.05279482901096344,118.5025405883789,-118.49726867675781,3.6322288513183594,0,3.9885926246643066
0.10588499903678894,0.10000072419643402,0.0000003911256101218896,0,-0.0007642329437658191,0.000003684586999952444,-0.05094494670629501,120.52523803710938,-120.52011108398438,4.059510707855225,0,3.9885926246643066
0.10588999837636948,0.10000072419643402,0.00000038692078874191793,0,-0.0008409617003053427,0.000003440199634496821,-0.04887745529413223,111.9825210571289,-111.9775390625,3.9660556316375732,0,3.9885926246643066
0.10589499771595001,0.10000072419643402,0.00000038235953070397954,0,-0.0009122519986703992,0.0000032059117529570358,-0.0468575581908226,93.57106018066406,-93.56623077392578,3.3861305713653564,0,3.9885926246643066
0.10589999705553055,0.10000072419643402,0.0000003775004131512105,0,-0.0009718211367726326,0.0000029802467906847596,-0.045133017003536224,66.98617553710938,-66.98149871826172,2.403472900390625,0,3.9885926246643066
0.10590499639511108,0.10000072419643402,0.0000003724280759342946,0,-0.001014465931802988,0.000002760702045634389,-0.04390893876552582,34.75505065917969,-34.75053405761719,1.1429953575134277,0,3.9885926246643066
0.10590999573469162,0.10000072419643402,0.00000036724512142427557,0,-0.0010365915950387716,0.000002544067911003367,-0.04332681745290756,0.014511769637465477,0.018866484984755516,-0.24169957637786865,0,3.9885926246643066
0.10591499507427216,0.10000072419643402,0.0000003620622237576754,0,-0.0010365822818130255,0.0000023268182758329203,-0.04344991594552994,33.94488525390625,33.94907760620117,-1.5837458372116089,0,3.9885926246643066
0.10591999441385269,0.10000072419643402,0.00000035698735700862017,0,-0.0010149723384529352,0.000002105535713781137,-0.044256508350372314,63.72726821899414,63.73129653930664,-2.7198166847229004,0,3.9885926246643066
0.10592499375343323,0.10000072419643402,0.00000035211533599976974,0,-0.0009744022972881794,0.0000018773272358885151,-0.0456416979432106,86.45410919189453,86.45799255371094,-3.506612539291382,0,3.9885926246643066
0.10593000054359436,0.10000072419643402,0.0000003475185224033339,0,-0.0009193639270961285,0.000001640189225327049,-0.04742760211229324,99.91175842285156,99.91549682617188,-3.83536958694458,0,3.9885926246643066
0.1059349998831749,0.10000072419643402,0.0000003432397193137149,0,-0.0008557580877095461,0.0000013932844922237564,-0.049380943179130554,102.80342864990234,102.8070297241211,-3.6429145336151123,0,3.9885926246643066
0.10593999922275543,0.10000072419643402,0.0000003392881637864775,0,-0.0007903113728389144,0.0000011371031405360554,-0.051236264407634735,94.8801498413086,94.88362884521484,-2.9181482791900635,0,3.9885926246643066
0.10594499856233597,0.10000072419643402,0.00000033563861734364764,0,-0.000729908817447722,0.0000008734908760743565,-0.05272246152162552,76.96635437011719,76.96971130371094,-1.7033071517944336,0,3.9885926246643066
0.1059499979019165,0.10000072419643402,0.00000033223406603610783,0,-0.0006809105398133397,0.0000006055411176930647,-0.053589947521686554,50.87734603881836,50.88058853149414,-0.08985904604196548,0,3.9885926246643066
0.10595499724149704,0.10000072419643402,0.00000032899146162890247,0,-0.0006485210033133626,0.00000033736259297256765,-0.05363570898771286,19.23716926574707,19.240304946899414,1.7905396223068237,0,3.9885926246643066
0.10595999658107758,0.10000072419643402,0.0000003258100775838102,0,-0.0006362742278724909,0.00000007374362098744314,-0.05272379517555237,14.784825325012207,-14.7817964553833,3.7791221141815186,0,3.9885926246643066
0.10596499592065811,0.10000072419643402,0.0000003225816556096106,0,-0.0006456865230575204,-0.0000001802518738713843,-0.05079910159111023,47.79204177856445,-47.789119720458984,5.705798625946045,0,3.9885926246643066
0.10596999526023865,0.10000072419643402,0.00000031920109222483006,0,-0.0006761119002476335,-0.00000041971765085691004,-0.047893159091472626,76.50123596191406,-76.49842834472656,7.406066417694092,0,3.9885926246643066
0.10597499459981918,0.10000072419643402,0.0000003155770116336498,0,-0.0007248141337186098,-0.000000640324060441344,-0.04412128031253815,98.07112121582031,-98.06842803955078,8.73732852935791,0,3.9885926246643066
0.10597999393939972,0.10000072419643402,0.00000031164077540779545,0,-0.0007872481364756823,-0.000000838681046388956,-0.0396713986992836,110.3858871459961,-110.3833236694336,9.592981338500977,0,3.9885926246643066
0.10598500072956085,0.10000072419643402,0.000000307353161588253,0,-0.0008575220126658678,-0.0000010126096867679735,-0.03478573262691498,112.26502227783203,-112.2625961303711,9.91285228729248,0,3.9885926246643066
0.10599000006914139,0.10000072419643402,0.00000030270820161604206,0,-0.0009289921727031469,-0.0000011612954722295399,-0.029737159609794617,103.57835388183594,-103.5760726928711,9.688942909240723,0,3.9885926246643066
0.10599499940872192,0.10000072419643402,0.00000029773354981443845,0,-0.0009949322557076812,-0.000001285308599108248,-0.024802621454000473,85.2547836303711,-85.25264739990234,8.965900421142578,0,3.9885926246643066
0.10599999874830246,0.10000072419643402,0.00000029248752753119334,0,-0.001049207174219191,-0.0000013864902257409994,-0.02023632451891899,59.184120178222656,-59.18213653564453,7.836193084716797,0,3.9885926246643066
0.106004998087883,0.10000072419643402,0.0000002870530977361341,0,-0.0010868849931284785,-0.000001467717083869502,-0.016245383769273758,28.02213478088379,-28.02029800415039,6.430482864379883,0,3.9885926246643066
0.10600999742746353,0.10000072419643402,0.0000002815294806168822,0,-0.001104724477045238,-0.0000015325689446399338,-0.012970365583896637,5.0812554359436035,5.082943439483643,4.904186725616455,0,3.9885926246643066
0.10601499676704407,0.10000072419643402,0.00000027602203545029624,0,-0.0011014897609129548,-0.000001584932306286646,-0.010472683236002922,36.80280685424805,36.804359436035156,3.4215943813323975,0,3.9885926246643066
0.1060199961066246,0.10000072419643402,0.0000002706317445699824,0,-0.0010780604789033532,-0.0000016285827086903737,-0.008730079978704453,63.98332214355469,63.98474884033203,2.139162063598633,0,3.9885926246643066
0.10602499544620514,0.10000072419643402,0.0000002654450952377374,0,-0.0010373274562880397,-0.00000166678580626467,-0.007640613242983818,83.94702911376953,83.94834899902344,1.189686894416809,0,3.9885926246643066
0.10602999478578568,0.10000072419643402,0.00000026052566681755707,0,-0.000983885140158236,-0.0000017019593769873609,-0.007034710608422756,94.77080535888672,94.77203369140625,0.6689504384994507,0,3.9885926246643066
0.10603499412536621,0.10000072419643402,0.00000025590790642127104,0,-0.0009235522011294961,-0.000001735429464133631,-0.006694016978144646,95.47579956054688,95.4769515991211,0.6261997818946838,0,3.9885926246643066
0.10604000091552734,0.10000072419643402,0.0000002515940593639243,0,-0.0008627703646197915,-0.0000017673049796940177,-0.006375095807015896,86.12227630615234,86.12336730957031,1.0594122409820557,0,3.9885926246643066
0.10604500025510788,0.10000072419643402,0.00000024755433969403384,0,-0.0008079431718215346,-0.0000017964827065952704,-0.005835541523993015,67.79813385009766,67.79918670654297,1.9158189296722412,0,3.9885926246643066
0.10604999959468842,0.10000072419643402,0.00000024373042606384843,0,-0.0007647814927622676,-0.0000018207817902293755,-0.004859822802245617,42.50267028808594,42.503700256347656,3.097611665725708,0,3.9885926246643066
0.10605499893426895,0.10000072419643402,0.00000024004179977055173,0,-0.0007377234287559986,-0.0000018371929400018416,-0.0032822219654917717,12.937468528747559,12.93848705291748,4.472248077392578,0,3.9885926246643066
0.10605999827384949,0.10000072419643402,0.0000002363943707450744,0,-0.0007294871611520648,-0.000001842215510805545,-0.0010045249946415424,17.773908615112305,-17.772890090942383,5.886282444000244,0,3.9885926246643066
0.10606499761343002,0.10000072419643402,0.00000023269035409612115,0,-0.0007408023811876774,-0.0000018322488131161663,0.0019933339208364487,46.40866470336914,-46.40763854980469,7.181300640106201,0,3.9885926246643066
0.10606999695301056,0.10000072419643402,0.00000022883861561240337,0,-0.0007703470764681697,-0.0000018039951328319148,0.0056507401168346405,69.9769515991211,-69.97591400146484,8.210329055786133,0,3.9885926246643066
0.1060749962925911,0.10000072419643402,0.00000022476413619187952,0,-0.0008148958440870047,-0.0000017548339883433073,0.009832226671278477,86.0294418334961,-86.02838897705078,8.853033065795898,0,3.9885926246643066
0.10607999563217163,0.10000072419643402,0.00000022041581360099372,0,-0.0008696638979017735,-0.0000016831287439345033,0.014341038651764393,92.90886688232422,-92.90779113769531,9.028142929077148,0,3.9885926246643066
0.10608499497175217,0.10000072419643402,0.00000021577176312348456,0,-0.0009288114961236715,-0.0000015884336335147964,0.018939033150672913,89.91976928710938,-89.9186782836914,8.701855659484863,0,3.9885926246643066
0.1060899943113327,0.10000072419643402,0.0000002108414776103018,0,-0.0009860561694949865,-0.0000014715793668074184,0.023370850831270218,77.39926147460938,-77.39813995361328,7.891324520111084,0,3.9885926246643066
0.10609499365091324,0.10000072419643402,0.00000020566483271977631,0,-0.001035330118611455,-0.000001334630042038043,0.02738986909389496,56.68136978149414,-56.680233001708984,6.662911891937256,0,3.9885926246643066
0.10610000044107437,0.10000072419643402,0.0000002003077526069319,0,-0.001071414677426219,-0.0000011807137525465805,0.030783262103796005,29.9589786529541,-29.95783042907715,5.125363349914551,0,3.9885926246643066
0.10610499978065491,0.10000072419643402,0.00000019485531765894848,0,-0.0010904872324317694,-0.0000010137457593373256,0.03339358791708946,0.057178132236003876,-0.05600808560848236,3.418614387512207,0,3.9885926246643066
0.10610999912023544,0.10000072419643402,0.00000018940269796985376,0,-0.0010905235540121794,-0.0000008380723670597945,0.03513467684388161,29.858572006225586,29.859769821166992,1.6993776559829712,0,3.9885926246643066
0.10611499845981598,0.10000072419643402,0.00000018404512047709431,0,-0.0010715150274336338,-0.0000006580715421478089,0.03600016608834267,56.60958480834961,56.610816955566406,0.12498263269662857,0,3.9885926246643066
0.10611999779939651,0.10000072419643402,0.00000017886773662212363,0,-0.0010354763362556696,-0.0000004777524509336217,0.03606381639838219,77.33287811279297,77.33415222167969,-1.1628663539886475,0,3.9885926246643066
0.10612499713897705,0.10000072419643402,0.00000017393651319252967,0,-0.0009862447623163462,-0.0000003003945892032789,0.03547157347202301,89.7782974243164,89.77962493896484,-2.0527563095092773,0,3.9885926246643066
0.10612999647855759,0.10000072419643402,0.00000016929107005125843,0,-0.0009290900779888034,-0.0000001282640198496665,0.034426115453243256,92.54320526123047,92.54459381103516,-2.475139856338501,0,3.9885926246643066
0.10613499581813812,0.10000072419643402,0.0000001649401895065239,0,-0.0008701751939952374,0.00000003756366595553118,0.03316553682088852,85.2206039428711,85.2220687866211,-2.409630060195923,0,3.9885926246643066
0.10613999515771866,0.10000072419643402,0.00000016086057996744785,0,-0.0008159220451489091,0.00000019725527522496122,0.03193832188844681,68.44551086425781,68.44705963134766,-1.887256383895874,0,3.9885926246643066
0.1061449944972992,0.10000072419643402,0.00000015699883704201056,0,-0.0007723482558503747,0.0000003521410292250948,0.030977150425314903,43.834476470947266,43.83610534667969,-0.9874438047409058,0,3.9885926246643066
0.10614999383687973,0.10000072419643402,0.00000015327663049902185,0,-0.0007444423390552402,0.0000005045122861702112,0.03047425113618374,13.824317932128906,13.826034545898438,0.16999386250972748,0,3.9885926246643066
0.10615500062704086,0.10000072419643402,0.0000001495984207622314,0,-0.0007356414571404457,0.000000657316434171662,0.030560826882719994,18.573627471923828,-18.571826934814453,1.437034249305725,0,3.9885926246643066
0.1061599999666214,0.10000072419643402,0.0000001458610938698257,0,-0.0007474657613784075,0.0000008137799341056962,0.03129270300269127,50.078983306884766,-50.07710647583008,2.6525721549987793,0,3.9885926246643066
0.10616499930620193,0.10000072419643402,0.0000001419643638200796,0,-0.0007793470285832882,0.000000976998194346379,0.032643649727106094,77.47632598876953,-77.47438049316406,3.6589462757110596,0,3.9885926246643066
0.10616999864578247,0.10000072419643402,0.00000013782101859760587,0,-0.0008286699885502458,0.0000011495338867462124,0.034507136791944504,97.94379425048828,-97.9417953491211,4.318193435668945,0,3.9885926246643066
0.106174997985363,0.10000072419643402,0.00000013336590143353533,0,-0.0008910229662433267,0.0000013330657111509936,0.03670637682080269,109.34274291992188,-109.34070587158203,4.526357650756836,0,3.9885926246643066
0.10617999732494354,0.10000072419643402,0.00000012856273201578006,0,-0.0009606326930224895,0.0000015281239029718563,0.0390116311609745,110.43896484375,-110.43688201904297,4.224409103393555,0,3.9885926246643066
0.10618499666452408,0.10000072419643402,0.00000012340802868493483,0,-0.001030940329656005,0.0000017339393707516138,0.04116310551762581,101.03253936767578,-101.03044891357422,3.404632568359375,0,3.9885926246643066
0.10618999600410461,0.10000072419643402,0.00000011793173371188459,0,-0.0010952595621347427,0.000001948424824149697,0.042897071689367294,81.98333740234375,-81.98126220703125,2.1118359565734863,0,3.9885926246643066
0.10619499534368515,0.10000072419643402,0.00000011219447770827173,0,-0.0011474518105387688,0.0000021682878923456883,0.043972622603178024,55.12887191772461,-55.12680435180664,0.43923521041870117,0,3.9885926246643066
0.10619999468326569,0.10000072419643402,0.0000001062817389652082,0,-0.0011825480032712221,0.0000023892694116511848,0.04419632628560066,23.10284423828125,-23.100788116455078,-1.4805785417556763,0,3.9885926246643066
0.10620499402284622,0.10000072419643402,0.00000010029545904899351,0,-0.0011972556822001934,0.000002606480848044157,0.04344227537512779,10.927398681640625,10.92944049835205,-3.488691568374634,0,3.9885926246643066
0.10621000081300735,0.10000072419643402,0.00000009434396019969427,0,-0.001190299168229103,0.0000028148083401902113,0.04166549816727638,43.57808303833008,43.58011245727539,-5.41562032699585,0,3.9885926246643066
0.10621500015258789,0.10000072419643402,0.00000008853118060869747,0,-0.00116255646571517,0.0000030093451641732827,0.03890734538435936,71.5888900756836,71.59091186523438,-7.098178386688232,0,3.9885926246643066
0.10621999949216843,0.10000072419643402,0.00000008294627207305894,0,-0.0011169814970344305,0.0000031858064630796434,0.03529227152466774,92.15109252929688,92.15312194824219,-8.395759582519531,0,3.9885926246643066
0.10622499883174896,0.10000072419643402,0.00000007765468978959689,0,-0.0010583163239061832,0.000003340888270031428,0.03101634606719017,103.1907730102539,103.19281768798828,-9.204386711120605,0,3.9885926246643066
0.1062299981713295,0.10000072419643402,0.00000007269157720202202,0,-0.0009926229249686003,0.000003472531261650147,0.026328589767217636,103.57832336425781,103.58039093017578,-9.467097282409668,0,3.9885926246643066
0.10623499751091003,0.10000072419643402,0.00000006805816354926719,0,-0.0009266829583793879,0.0000035800665045826463,0.021507035940885544,93.24311065673828,93.2452163696289,-9.179632186889648,0,3.9885926246643066
0.10623999685049057,0.10000072419643402,0.00000006372155070266672,0,-0.0008673225529491901,0.000003664225914690178,0.016831886023283005,73.18160247802734,73.18375396728516,-8.390828132629395,0,3.9885926246643066
0.1062449961900711,0.10000072419643402,0.00000005961788218655784,0,-0.00082073372323066,0.0000037270183383952826,0.012558473274111748,45.35804748535156,45.36025619506836,-7.19769287109375,0,3.9885926246643066
0.10624999552965164,0.10000072419643402,0.000000055658592401641727,0,-0.0007918579503893852,0.000003771481942749233,0.008892718702554703,12.507855415344238,12.51012134552002,-5.735644817352295,0,3.9885926246643066
0.10625499486923218,0.10000072419643402,0.000000051739114326210256,0,-0.0007838952587917447,0.0000038013397443137364,0.005971578881144524,22.136669158935547,-22.13434410095215,-4.164902210235596,0,3.9885926246643066
0.10625999420881271,0.10000072419643402,0.000000047749175280387135,0,-0.0007979879155755043,0.00000382059170078719,0.0038504116237163544,55.17028045654297,-55.16790008544922,-2.6544089317321777,0,3.9885926246643066
0.10626500099897385,0.10000072419643402,0.000000043583622044707226,0,-0.0008331104181706905,0.000003833084520010743,0.0024985321797430515,83.35587310791016,-83.35344696044922,-1.3649028539657593,0,3.9885926246643066
0.10627000033855438,0.10000072419643402,0.00000003915274149335346,0,-0.0008861763635650277,0.000003842101705231471,0.0018033930100500584,103.94818115234375,-103.9457015991211,-0.432849258184433,0,3.9885926246643066
0.10627499967813492,0.10000072419643402,0.00000003439098250623829,0,-0.000952351838350296,0.00000385001658287365,0.0015829447656869888,114.96726989746094,-114.96479034423828,0.04315466806292534,0,3.9885926246643066
0.10627999901771545,0.10000072419643402,0.000000029263270917567752,0,-0.0010255423840135336,0.0000038580410546273924,0.0016049232799559832,115.3946762084961,-115.39220428466797,0.012123496271669865,0,3.9885926246643066
0.10628499835729599,0.10000072419643402,0.00000002376824603800287,0,-0.0010990048758685589,0.000003866096449200995,0.0016110977157950401,105.27185821533203,-105.2694091796875,-0.5243943333625793,0,3.9885926246643066
0.10628999769687653,0.10000072419643402,0.000000017938130980610367,0,-0.0011660230811685324,0.0000038728167055523954,0.0013440258335322142,85.69171142578125,-85.68931579589844,-1.5127030611038208,0,3.9885926246643066
0.10629499703645706,0.10000072419643402,0.000000011835250113279017,0,-0.0012205762322992086,0.000003875684797094436,0.000573612516745925,58.68400573730469,-58.681678771972656,-2.852604389190674,0,3.9885926246643066
0.1062999963760376,0.10000072419643402,0.000000005545572445697644,0,-0.0012579355388879776,0.000003871288754453417,-0.0008792069274932146,27.006471633911133,-27.004234313964844,-4.407720565795898,0,3.9885926246643066
0.10630499571561813,0.10000072419643402,-0.0000000008300697906804544,0,-0.0012751284521073103,0.000003855668637697818,-0.0031240403186529875,6.136965274810791,6.139094829559326,-6.019434928894043,0,3.9885926246643066
0.10630999505519867,0.10000072419643402,-0.000000007186177430895668,0,-0.0012712215539067984,0.000003824719897238538,-0.006189713254570961,37.422122955322266,37.42413330078125,-7.523029804229736,0,3.9885926246643066
0.1063149943947792,0.10000072419643402,-0.00000001342316657826359,0,-0.0012473978567868471,0.0000037746140151284635,-0.010021161288022995,63.74155044555664,63.743431091308594,-8.764378547668457,0,3.9885926246643066
0.10631999373435974,0.10000072419643402,-0.000000019457260691524425,0,-0.0012068187352269888,0.000003702189815157908,-0.014484822750091553,82.51828002929688,82.52002716064453,-9.615498542785645,0,3.9885926246643066
0.10632500052452087,0.10000072419643402,-0.000000025228690248013663,0,-0.0011542858555912971,0.0000036052799714525463,-0.01938195526599884,91.96458435058594,91.96619415283203,-9.987394332885742,0,3.9885926246643066
0.10632999986410141,0.10000072419643402,-0.000000030707386855510777,0,-0.0010957394260913134,0.0000034829374726541573,-0.024468492716550827,91.2594985961914,91.26097106933594,-9.838875770568848,0,3.9885926246643066
0.10633499920368195,0.10000072419643402,-0.00000003589559582906077,0,-0.0010376418940722942,0.000003335540441185003,-0.029479391872882843,80.6272964477539,80.6286392211914,-9.180485725402832,0,3.9885926246643066
0.10633999854326248,0.10000072419643402,-0.00000004082716031916789,0,-0.0009863129816949368,0.000003164765530527802,-0.034154973924160004,61.309207916259766,61.31041717529297,-8.07314682006836,0,3.9885926246643066
0.10634499788284302,0.10000072419643402,-0.00000004556357069418482,0,-0.0009472823003306985,0.0000029734326290054014,-0.03826659172773361,35.431339263916016,35.43241500854492,-6.621667861938477,0,3.9885926246643066
0.10634999722242355,0.10000072419643402,-0.00000005018720017346823,0,-0.0009247260168194771,0.0000027652376957121305,-0.04163897782564163,5.7826948165893555,5.783641338348389,-4.963796615600586,0,3.9885926246643066
0.10635499656200409,0.10000072419643402,-0.00000005479242304318177,0,-0.0009210446150973439,0.0000025444026050536195,-0.04416701942682266,24.47396469116211,-24.473146438598633,-3.255949020385742,0,3.9885926246643066
0.10635999590158463,0.10000072419643402,-0.00000005947554981844405,0,-0.0009366251761093736,0.000002315276333320071,-0.045825257897377014,52.12877655029297,-52.128089904785156,-1.657074213027954,0,3.9885926246643066
0.10636499524116516,0.10000072419643402,-0.00000006432460963878839,0,-0.0009698113426566124,0.0000020819302335439716,-0.04666920006275177,74.25545501708984,-74.25492095947266,-0.3123132288455963,0,3.9885926246643066
0.1063699945807457,0.10000072419643402,-0.00000006941002794746964,0,-0.0010170838795602322,0.0000018477888943380094,-0.0468282625079155,88.51216888427734,-88.51177978515625,0.6618708968162537,0,3.9885926246643066
0.10637499392032623,0.10000072419643402,-0.0000000747771906617345,0,-0.0010734323877841234,0.000001615333076188108,-0.04649117588996887,93.3818130493164,-93.38158416748047,1.1895813941955566,0,3.9885926246643066
0.10638000071048737,0.10000072419643402,-0.00000008044159471864987,0,-0.001132881036028266,0.000001385906443829299,-0.045885324478149414,88.32730102539063,-88.32723236083984,1.2431672811508179,0,3.9885926246643066
0.1063850000500679,0.10000072419643402,-0.00000008638715343067815,0,-0.001189111964777112,0.000001159645535153686,-0.045252181589603424,73.84587097167969,-73.8459701538086,0.8459227681159973,0,3.9885926246643066
0.10638999938964844,0.10000072419643402,-0.0000000925677738905506,0,-0.0012361237313598394,0.0000009355387646792224,-0.0448213592171669,51.4169807434082,-51.417259216308594,0.06952414661645889,0,3.9885926246643066
0.10639499872922897,0.10000072419643402,-0.00000009891205365875066,0,-0.001268856693059206,0.0000007116090046110912,-0.04478595405817032,23.349157333374023,-23.349618911743164,-0.9735264778137207,0,3.9885926246643066
0.10639999806880951,0.10000072419643402,-0.0000001053306633025386,0,-0.001283721299842,0.0000004852001893596025,-0.04528176784515381,7.45852518081665,7.457876682281494,-2.1416735649108887,0,3.9885926246643066
0.10640499740839005,0.10000072419643402,-0.00000011172552660809743,0,-0.001278972951695323,0.0000002533376459723513,-0.046372510492801666,37.815818786621094,37.81498336791992,-3.2790868282318115,0,3.9885926246643066
0.10640999674797058,0.10000072419643402,-0.00000011800001686879114,0,-0.0012548987288028002,0.000000013124974884703988,-0.04804253578186035,64.57093048095703,64.56990814208984,-4.231934547424316,0,3.9885926246643066
0.10641499608755112,0.10000072419643402,-0.00000012406897553773888,0,-0.0012137915473431349,-0.00000023786421365912247,-0.05019783973693848,84.93665313720703,84.93544006347656,-4.864476203918457,0,3.9885926246643066
0.10641999542713165,0.10000072419643402,-0.0000001298675726957299,0,-0.0011597191914916039,-0.0000005012407200410962,-0.05267529934644699,96.7794189453125,96.77801513671875,-5.073324203491211,0,3.9885926246643066
0.10642499476671219,0.10000072419643402,-0.00000013535810694520478,0,-0.0010981075465679169,-0.0000007775363428663695,-0.05525912344455719,98.84178161621094,98.84019470214844,-4.798404216766357,0,3.9885926246643066
0.10642999410629272,0.10000072419643402,-0.0000001405340270821398,0,-0.0010351829696446657,-0.0000010660510270099621,-0.0577029287815094,90.87541961669922,90.87364959716797,-4.029495716094971,0,3.9885926246643066
0.10643500089645386,0.10000072419643402,-0.00000014542067106049217,0,-0.0009773299098014832,-0.000001364826630378957,-0.05975513160228729,73.67063903808594,73.66869354248047,-2.807647228240967,0,3.9885926246643066
0.1064400002360344,0.10000072419643402,-0.000000150072821725189,0,-0.0009304296690970659,-0.0000016707518852854264,-0.06118505448102951,48.97958755493164,48.97746276855469,-1.2213411331176758,0,3.9885926246643066
0.10644499957561493,0.10000072419643402,-0.00000015456906510280533,0,-0.0008992482908070087,-0.0000019797871573246084,-0.06180708110332489,19.340438842773438,19.338130950927734,0.6022389531135559,0,3.9885926246643066
0.10644999891519547,0.10000072419643402,-0.0000001590037470577954,0,-0.0008869357407093048,-0.0000022872889076097636,-0.06150036305189133,12.179438591003418,-12.181925773620605,2.509939193725586,0,3.9885926246643066
0.106454998254776,0.10000072419643402,-0.00000016347719622444856,0,-0.000894689466804266,-0.0000025883991838782094,-0.06022205948829651,42.295326232910156,-42.298004150390625,4.338084697723389,0,3.9885926246643066
0.10645999759435654,0.10000072419643402,-0.00000016808527902867354,0,-0.0009216155158355832,-0.0000028784627374989213,-0.058012694120407104,67.84048461914063,-67.84335327148438,5.929075241088867,0,3.9885926246643066
0.10646499693393707,0.10000072419643402,-0.000000172909295770296,0,-0.0009648040868341923,-0.0000031534279969491763,-0.05499304085969925,86.09042358398438,-86.09349060058594,7.147428035736084,0,3.9885926246643066
0.10646999627351761,0.10000072419643402,-0.00000017800735463424644,0,-0.0010196110233664513,-0.0000034101924484275514,-0.051352888345718384,95.0434341430664,-95.04670715332031,7.893645286560059,0,3.9885926246643066
0.10647499561309814,0.10000072419643402,-0.0000001834079483842288,0,-0.001080117654055357,-0.0000036468559301283676,-0.04733268916606903,93.62843322753906,-93.63191986083984,8.114472389221191,0,3.9885926246643066
0.10647999495267868,0.10000072419643402,-0.00000018910657217929838,0,-0.0011397234629839659,-0.000003862855919578578,-0.04320002347230911,81.81890869140625,-81.8226089477539,7.808502197265625,0,3.9885926246643066
0.10648499429225922,0.10000072419643402,-0.00000019506562409787875,0,-0.0011918109375983477,-0.000004058972081111278,-0.039223186671733856,60.64104461669922,-60.64495849609375,7.026538848876953,0,3.9885926246643066
0.10648999363183975,0.10000072419643402,-0.00000020121770205605571,0,-0.0012304161209613085,-0.000004237194843881298,-0.03564459830522537,32.07511520385742,-32.07923889160156,5.866670608520508,0,3.9885926246643066
0.10649500042200089,0.10000072419643402,-0.0000002074718850053614,0,-0.0012508358340710402,-0.000004400478701427346,-0.032656729221343994,1.1402525901794434,1.1359288692474365,4.464532852172852,0,3.9885926246643066
0.10649999976158142,0.10000072419643402,-0.00000021372242997586,0,-0.0012501098681241274,-0.000004552393420453882,-0.03038296103477478,35.78114318847656,35.776634216308594,2.9797511100769043,0,3.9885926246643066
0.10650499910116196,0.10000072419643402,-0.00000021985908915667096,0,-0.001227330882102251,-0.000004696720225183526,-0.028865385800600052,68.46133422851563,68.45665740966797,1.579907774925232,0,3.9885926246643066
0.10650999844074249,0.10000072419643402,-0.0000002257778248804243,0,-0.0011837470810860395,-0.000004837023880099878,-0.02806074544787407,95.97245788574219,95.96764373779297,0.42367032170295715,0,3.9885926246643066
0.10651499778032303,0.10000072419643402,-0.00000023139106986036495,0,-0.001122649060562253,-0.000004976248874299927,-0.027844972908496857,115.60700988769531,115.6020736694336,-0.35522425174713135,0,3.9885926246643066
0.10651999711990356,0.10000072419643402,-0.00000023663632475745544,0,-0.0010490512941032648,-0.000005116378360980889,-0.02802588790655136,125.4314193725586,125.42639923095703,-0.6615098118782043,0,3.9885926246643066
0.1065249964594841,0.10000072419643402,-0.00000024148232569132233,0,-0.0009691992308944464,-0.0000052581922318495344,-0.02836279198527336,124.48161315917969,124.47652435302734,-0.44807571172714233,0,3.9885926246643066
0.10652999579906464,0.10000072419643402,-0.00000024593208536316524,0,-0.000889951828867197,-0.000005401147063821554,-0.02859099581837654,112.86101531982422,112.85588073730469,0.2791810631752014,0,3.9885926246643066
0.10653499513864517,0.10000072419643402,-0.00000025002259462780785,0,-0.0008181022712960839,-0.000005543391125684138,-0.028448808938264847,91.73128509521484,91.72614288330078,1.4618269205093384,0,3.9885926246643066
0.10653999447822571,0.10000072419643402,-0.0000002538211276714719,0,-0.0007597042713314295,-0.000005681912625732366,-0.027704305946826935,63.19651794433594,63.191383361816406,2.994649648666382,0,3.9885926246643066
0.10654499381780624,0.10000072419643402,-0.0000002574184918557876,0,-0.0007194720674306154,-0.0000058128084674535785,-0.02617914229631424,30.092544555664063,30.087421417236328,4.736119747161865,0,3.9885926246643066
0.10655000060796738,0.10000072419643402,-0.0000002609200748793228,0,-0.0007003145292401314,-0.000005931643954681931,-0.023767057806253433,4.297313690185547,-4.302416801452637,6.522497177124023,0,3.9885926246643066
0.10655499994754791,0.10000072419643402,-0.000000264435328745094,0,-0.0007030502893030643,-0.0000060338697949191555,-0.02044517919421196,36.57129669189453,-36.576377868652344,8.184170722961426,0,3.9885926246643066
0.10655999928712845,0.10000072419643402,-0.0000002680669979326922,0,-0.0007263323059305549,-0.000006115255018812604,-0.016277015209197998,63.549869537353516,-63.554935455322266,9.562565803527832,0,3.9885926246643066
0.10656499862670898,0.10000072419643402,-0.0000002719009444263065,0,-0.0007667894242331386,-0.000006172289431560785,-0.01140684075653553,82.59358978271484,-82.59864807128906,10.525936126708984,0,3.9885926246643066
0.10656999796628952,0.10000072419643402,-0.0000002759977917321521,0,-0.0008193701505661011,-0.000006202519671205664,-0.0060460250824689865,91.86604309082031,-91.87110900878906,10.982421875,0,3.9885926246643066
0.10657499730587006,0.10000072419643402,-0.0000002803870700063271,0,-0.0008778538322076201,-0.000006204783403518377,-0.00045272381976246834,90.51541137695313,-90.52049255371094,10.889086723327637,0,3.9885926246643066
0.10657999664545059,0.10000072419643402,-0.00000028506445914899814,0,-0.0009354777866974473,-0.000006179318006616086,0.005093041807413101,78.7563705444336,-78.76148986816406,10.256012916564941,0,3.9885926246643066
0.10658499598503113,0.10000072419643402,-0.0000002899925277688453,0,-0.0009856156539171934,-0.000006127736014605034,0.010316385887563229,57.84430694580078,-57.84947204589844,9.145055770874023,0,3.9885926246643066
0.10658999532461166,0.10000072419643402,-0.0000002951047406440921,0,-0.001022440381348133,-0.000006052866410755087,0.014973924495279789,29.944536209106445,-29.94976234436035,7.663394451141357,0,3.9885926246643066
0.1065949946641922,0.10000072419643402,-0.000000300312251511059,0,-0.0010415036231279373,-0.000005958482233836548,0.018876858055591583,2.089921474456787,2.084625244140625,5.952542781829834,0,3.9885926246643066
0.10659999400377274,0.10000072419643402,-0.0000003055131116980192,0,-0.001040173228830099,-0.000005848939963470912,0.021908462047576904,35.00941467285156,35.00404357910156,4.173945426940918,0,3.9885926246643066
0.10660500079393387,0.10000072419643402,-0.0000003106025303623028,0,-0.0010178855154663324,-0.0000057287688832730055,0.02403423562645912,65.49784851074219,65.49240112304688,2.4926230907440186,0,3.9885926246643066
0.1066100001335144,0.10000072419643402,-0.00000031548347578791436,0,-0.0009761883411556482,-0.000005602250439551426,0.025303717702627182,90.50845336914063,90.5029296875,1.060534954071045,0,3.9885926246643066
0.10661499947309494,0.10000072419643402,-0.0000003200763103450299,0,-0.0009185689268633723,-0.000005473031251312932,0.025843843817710876,107.57103729248047,107.56544494628906,0.0013391689863055944,0,3.9885926246643066
0.10661999881267548,0.10000072419643402,-0.0000003243267485686374,0,-0.0008500870317220688,-0.000005343808425095631,0.025844525545835495,115.0396499633789,115.03398895263672,-0.601900041103363,0,3.9885926246643066
0.10662499815225601,0.10000072419643402,-0.0000003282110014879436,0,-0.0007768505020067096,-0.000005216118552198168,0.02553797885775566,112.25544738769531,112.24974822998047,-0.7148235440254211,0,3.9885926246643066
0.10662999749183655,0.10000072419643402,-0.0000003317379366762907,0,-0.0007053865119814873,-0.0000050902490329463035,0.025173921138048172,99.60873413085938,99.60302734375,-0.3548877537250519,0,3.9885926246643066
0.10663499683141708,0.10000072419643402,-0.00000033494779927423224,0,-0.0006419735727831721,-0.0000049652830966806505,0.024993177503347397,78.49373626708984,78.48802185058594,0.4108230471611023,0,3.9885926246643066
0.10663999617099762,0.10000072419643402,-0.0000003379078066245711,0,-0.0005920028779655695,-0.000004839271241507959,0.02520240843296051,51.161128997802734,51.15542984008789,1.4728405475616455,0,3.9885926246643066
0.10664499551057816,0.10000072419643402,-0.00000034070495757987374,0,-0.000559432664886117,-0.000004709508630185155,0.025952521711587906,20.48369789123535,20.478031158447266,2.6908717155456543,0,3.9885926246643066
0.10664999485015869,0.10000072419643402,-0.00000034343690913374303,0,-0.000546392286196351,-0.0000045728938857791945,0.02732297033071518,10.340997695922852,-10.34661865234375,3.9084692001342773,0,3.9885926246643066
0.10665499418973923,0.10000072419643402,-0.00000034620177302713273,0,-0.0005529755726456642,-0.000004426326086104382,0.02931353822350502,38.120296478271484,-38.125858306884766,4.969311237335205,0,3.9885926246643066
0.10666000097990036,0.10000072419643402,-0.00000034908799761979026,0,-0.0005772437434643507,-0.0000042671040318964515,0.03184438869357109,59.99478530883789,-60.000274658203125,5.733425617218018,0,3.9885926246643066
0.1066650003194809,0.10000072419643402,-0.00000035216518767811067,0,-0.000615437631495297,-0.00000409328185924096,0.03476439788937569,73.73175048828125,-73.7371597290039,6.091689586639404,0,3.9885926246643066
0.10666999965906143,0.10000072419643402,-0.00000035547708421290736,0,-0.0006623767549172044,-0.00000390394734495203,0.03786687180399895,77.95367431640625,-77.95899963378906,5.9771270751953125,0,3.9885926246643066
0.10667499899864197,0.10000072419643402,-0.00000035903710227103147,0,-0.0007120035588741302,-0.00000369939243682893,0.0409110002219677,72.27857208251953,-72.2838134765625,5.37185001373291,0,3.9885926246643066
0.1066799983382225,0.10000072419643402,-0.0000003628271940669947,0,-0.000758017529733479,-0.0000034811580462701386,0.043646860867738724,57.357810974121094,-57.36295700073242,4.308931350708008,0,3.9885926246643066
0.10668499767780304,0.10000072419643402,-0.00000036679986692433886,0,-0.000794532592408359,-0.0000032519510568818077,0.045841384679079056,34.807559967041016,-34.8126106262207,2.869029998779297,0,3.9885926246643066
0.10668999701738358,0.10000072419643402,-0.0000003708833276050427,0,-0.0008166917832568288,-0.0000030154383239278104,0.047302570194005966,7.041102409362793,-7.046051502227783,1.1721059083938599,0,3.9885926246643066
0.10669499635696411,0.10000072419643402,-0.0000003749892130144872,0,-0.0008211742388084531,-0.0000027759406293625943,0.0478995181620121,22.98096466064453,22.976119995117188,-0.6349145770072937,0,3.9885926246643066
0.10669999569654465,0.10000072419643402,-0.00000037902194094385777,0,-0.0008065440924838185,-0.000002538059789003455,0.04757615551352501,52.05695724487305,52.052223205566406,-2.3932642936706543,0,3.9885926246643066
0.10670499503612518,0.10000072419643402,-0.0000003828889703072491,0,-0.0007734035607427359,-0.0000023062734726408962,0.046357277780771255,77.07536315917969,77.07073974609375,-3.94869327545166,0,3.9885926246643066
0.10670999437570572,0.10000072419643402,-0.0000003865106634748372,0,-0.0007243358995765448,-0.0000020845423023274634,0.04434622451663017,95.337158203125,95.33264923095703,-5.167385101318359,0,3.9885926246643066
0.10671499371528625,0.10000072419643402,-0.00000038982886962912744,0,-0.0006636424222961068,-0.000001875969815046119,0.04171449691057205,104.83627319335938,104.83190155029297,-5.949799060821533,0,3.9885926246643066
0.10672000050544739,0.10000072419643402,-0.0000003928133764929953,0,-0.0005969016347080469,-0.0000016825483726279344,0.038684286177158356,104.46927642822266,104.46503448486328,-6.241005897521973,0,3.9885926246643066
0.10672499984502792,0.10000072419643402,-0.00000039546534935652744,0,-0.0005303943762555718,-0.0000015050195543153677,0.03550577163696289,94.15265655517578,94.14854431152344,-6.036463260650635,0,3.9885926246643066
0.10672999918460846,0.10000072419643402,-0.00000039781761529411597,0,-0.00047045492101460695,-0.0000013428624470179784,0.03243142366409302,74.83570861816406,74.83171844482422,-5.382617473602295,0,3.9885926246643066
0.106734998524189,0.10000072419643402,-0.0000003999316788849683,0,-0.00042281305650249124,-0.0000011944121069973335,0.029690079391002655,48.40738296508789,48.40351486206055,-4.372272491455078,0,3.9885926246643066
0.10673999786376953,0.10000072419643402,-0.00000040189166838899837,0,-0.00039199594175443053,-0.0000010570955737421173,0.02746329829096794,17.506498336791992,17.502744674682617,-3.135173797607422,0,3.9885926246643066
0.10674499720335007,0.10000072419643402,-0.00000040379592292083544,0,-0.00038085097912698984,-0.0000009277627555093204,0.025866568088531494,14.745528221130371,-14.749181747436523,-1.8247740268707275,0,3.9885926246643066
0.1067499965429306,0.10000072419643402,-0.0000004057471016949421,0,-0.00039023824501782656,-0.0000008030766593947192,0.0249372199177742,45.0622673034668,-45.06583786010742,-0.60251384973526,0,3.9885926246643066
0.10675499588251114,0.10000072419643402,-0.000000407841724836544,0,-0.00041892577428370714,-0.0000006799248808420089,0.024630360305309296,70.32785034179688,-70.33135223388672,0.3787766695022583,0,3.9885926246643066
0.10675999522209167,0.10000072419643402,-0.0000004101602257833292,0,-0.0004636978846974671,-0.0000005558085263146495,0.024823270738124847,87.91634368896484,-87.9197998046875,0.9906662106513977,0,3.9885926246643066
0.10676499456167221,0.10000072419643402,-0.0000004127585668811662,0,-0.0005196671118028462,-0.0000004291694608582475,0.025327812880277634,95.96231842041016,-95.96575164794922,1.142485499382019,0,3.9885926246643066
0.10676999390125275,0.10000072419643402,-0.0000004156623560902517,0,-0.0005807586130686104,-0.00000029962109238113044,0.025909677147865295,93.55492401123047,-93.558349609375,0.7908926606178284,0,3.9885926246643066
0.10677500069141388,0.10000072419643402,-0.000000418863947970749,0,-0.0006403175066225231,-0.00000016805871894121083,0.02631247416138649,80.83546447753906,-80.83890533447266,-0.055336326360702515,0,3.9885926246643066
0.10678000003099442,0.10000072419643402,-0.00000042232284158671973,0,-0.0006917789578437805,-0.00000003663726033664716,0.026284292340278625,58.98845672607422,-58.9919319152832,-1.3358047008514404,0,3.9885926246643066
0.10678499937057495,0.10000072419643402,-0.0000004259694890151877,0,-0.0007293322123587132,0.00000009138260281815747,0.025603972375392914,30.12667465209961,-30.13020133972168,-2.944232225418091,0,3.9885926246643066
0.10678999871015549,0.10000072419643402,-0.0000004297120597129833,0,-0.000748511403799057,0.00000021190503218804224,0.024104487150907516,2.9182891845703125,2.9146995544433594,-4.7388763427734375,0,3.9885926246643066
0.10679499804973602,0.10000072419643402,-0.0000004334453365117952,0,-0.000746653531678021,0.0000003203600158485642,0.02169099822640419,36.878936767578125,36.87527084350586,-6.556584358215332,0,3.9885926246643066
0.10679999738931656,0.10000072419643402,-0.00000043706120322895003,0,-0.0007231757044792175,0.0000004121187942018878,0.018351756036281586,68.379638671875,68.37590026855469,-8.229063987731934,0,3.9885926246643066
0.1068049967288971,0.10000072419643402,-0.00000044045941649528686,0,-0.0006796438246965408,0.0000004829224167224311,0.014160729013383389,94.2762451171875,94.2724380493164,-9.599729537963867,0,3.9885926246643066
0.10680999606847763,0.10000072419643402,-0.0000004435575533534575,0,-0.0006196256726980209,0.0000005292805553835933,0.00927162729203701,111.97309112548828,111.9692153930664,-10.539422035217285,0,3.9885926246643066
0.10681499540805817,0.10000072419643402,-0.0000004462992535536614,0,-0.0005483414279296994,0.0000005488003012033005,0.0039039438124746084,119.68524169921875,119.68130493164063,-10.9594144821167,0,3.9885926246643066
0.1068199947476387,0.10000072419643402,-0.0000004486599891606602,0,-0.0004721474542748183,0.0000005404120884122676,-0.0016776400152593851,116.61945343017578,116.61547088623047,-10.82037353515625,0,3.9885926246643066
0.10682499408721924,0.10000072419643402,-0.00000045064950882078847,0,-0.0003979052125941962,0.0000005044700515099976,-0.007188410963863134,103.05547332763672,103.05145263671875,-10.13637924194336,0,3.9885926246643066
0.10683000087738037,0.10000072419643402,-0.00000045231098511067103,0,-0.000332298077410087,0.00000044271592969380436,-0.01235082559287548,80.31928253173828,80.31523132324219,-8.973590850830078,0,3.9885926246643066
0.10683500021696091,0.10000072419643402,-0.0000004537168081242271,0,-0.00028116520843468606,0.0000003581107534955663,-0.016921037808060646,50.65104293823242,50.646976470947266,-7.443678855895996,0,3.9885926246643066
0.10683999955654144,0.10000072419643402,-0.0000004549613947801845,0,-0.0002489197358954698,0.00000025455040031374665,-0.020712072029709816,16.980998992919922,16.976919174194336,-5.692704200744629,0,3.9885926246643066
0.10684499889612198,0.10000072419643402,-0.0000004561519517665147,0,-0.0002381092926952988,0.00000013649369634549657,-0.023611342534422874,17.36408042907715,-17.36817169189453,-3.886540651321411,0,3.9885926246643066
0.10684999823570251,0.10000072419643402,-0.0000004573977605559776,0,-0.00024916359689086676,0.000000008539984719391214,-0.025590742006897926,48.99415969848633,-48.99826431274414,-2.194333076477051,0,3.9885926246643066
0.10685499757528305,0.10000072419643402,-0.0000004587995192650851,0,-0.0002803542301990092,-0.0000001250015486675693,-0.02670830674469471,74.79533386230469,-74.79945373535156,-0.7716444730758667,0,3.9885926246643066
0.10685999691486359,0.10000072419643402,-0.00000046043936663409113,0,-0.00032797042513266206,-0.0000002605080453577102,-0.02710130251944065,92.24100494384766,-92.24515533447266,0.25499802827835083,0,3.9885926246643066
0.10686499625444412,0.10000072419643402,-0.00000046237283868322265,0,-0.00038669287459924817,-0.0000003953651912524947,-0.02697143144905567,99.64350128173828,-99.64768981933594,0.8006070256233215,0,3.9885926246643066
0.10686999559402466,0.10000072419643402,-0.00000046462346858788806,0,-0.0004501278745010495,-0.0000005281835910864174,-0.02656368725001812,96.32074737548828,-96.32498168945313,0.8300349116325378,0,3.9885926246643066
0.1068749949336052,0.10000072419643402,-0.00000046718071189388866,0,-0.0005114475497975945,-0.0000006588883252334199,-0.026140952482819557,82.6612548828125,-82.66555786132813,0.3612276613712311,0,3.9885926246643066
0.10687999427318573,0.10000072419643402,-0.0000004700010549640865,0,-0.000564071349799633,-0.0000007886732191764168,-0.025956979021430016,60.08111572265625,-60.085487365722656,-0.536870539188385,0,3.9885926246643066
0.10688499361276627,0.10000072419643402,-0.00000047301264771704155,0,-0.0006023201858624816,-0.0000009198252541864349,-0.026230404153466225,30.877347946166992,-30.881799697875977,-1.7515525817871094,0,3.9885926246643066
0.1068900004029274,0.10000072419643402,-0.0000004761225227412069,0,-0.000621977262198925,-0.0000010554375649007852,-0.027122462168335915,2.0071258544921875,2.0025787353515625,-3.1379709243774414,0,3.9885926246643066
0.10689499974250793,0.10000072419643402,-0.0000004792260028807505,0,-0.0006206994876265526,-0.0000011990406392214936,-0.028720619156956673,35.28307342529297,35.2784309387207,-4.53396463394165,0,3.9885926246643066
0.10689999908208847,0.10000072419643402,-0.0000004822172172680439,0,-0.0005982376169413328,-0.0000013541894077206962,-0.031029747799038887,65.64856719970703,65.6438217163086,-5.776579856872559,0,3.9885926246643066
0.106904998421669,0.10000072419643402,-0.0000004849994184041861,0,-0.0005564443999901414,-0.0000015240481161526986,-0.03397173434495926,90.1226577758789,90.11781311035156,-6.718607425689697,0,3.9885926246643066
0.10690999776124954,0.10000072419643402,-0.0000004874947876487568,0,-0.0004990705056115985,-0.000001711015556793427,-0.03739349544048309,106.34541320800781,106.34046173095703,-7.24345588684082,0,3.9885926246643066
0.10691499710083008,0.10000072419643402,-0.0000004896516543340113,0,-0.0004313689423725009,-0.0000019164283457939746,-0.04108255356550217,112.813720703125,112.80867004394531,-7.276863098144531,0,3.9885926246643066
0.10691999644041061,0.10000072419643402,-0.0000004914493842989032,0,-0.00035954947816208005,-0.000002140371407222119,-0.044788628816604614,109.02931213378906,109.02415466308594,-6.794256687164307,0,3.9885926246643066
0.10692499577999115,0.10000072419643402,-0.0000004929000851916499,0,-0.00029013928724452853,-0.0000023816160137357656,-0.04824891686439514,95.54386138916016,95.5385971069336,-5.823032379150391,0,3.9885926246643066
0.10692999511957169,0.10000072419643402,-0.0000004940466737934912,0,-0.00022931418789085,-0.0000026376887944934424,-0.051214560866355896,73.89715576171875,73.89177703857422,-4.439533233642578,0,3.9885926246643066
0.10693499445915222,0.10000072419643402,-0.0000004949580443280865,0,-0.00018226979591418058,-0.000002905066821767832,-0.05347559601068497,46.45460510253906,46.44910430908203,-2.761049747467041,0,3.9885926246643066
0.10693999379873276,0.10000072419643402,-0.0000004957215082868061,0,-0.0001526958803879097,-0.0000031794756978342775,-0.05488178879022598,16.161026000976563,16.155397415161133,-0.9336727261543274,0,3.9885926246643066
0.10694500058889389,0.10000072419643402,-0.0000004964335289514565,0,-0.0001424074434908107,-0.0000034562622204248328,-0.05535730719566345,13.763998985290527,-13.769767761230469,0.882754385471344,0,3.9885926246643066
0.10694999992847443,0.10000072419643402,-0.0000004971893758920487,0,-0.0001511698792455718,-0.0000037308009268599562,-0.054907724261283875,40.15806579589844,-40.16398620605469,2.5310370922088623,0,3.9885926246643066
0.10695499926805496,0.10000072419643402,-0.0000004980730636816588,0,-0.00017673529509920627,-0.000003998894499090966,-0.05361867696046829,60.241085052490234,-60.24717330932617,3.872704029083252,0,3.9885926246643066
0.1069599986076355,0.10000072419643402,-0.0000004991484843230864,0,-0.00021508596546482295,-0.000004257125965523301,-0.05164632201194763,71.9005355834961,-71.90680694580078,4.802116394042969,0,3.9885926246643066
0.10696499794721603,0.10000072419643402,-0.0000005004527565688477,0,-0.00026085926219820976,-0.0000045031292756902985,-0.049200624227523804,73.90758514404297,-73.91404724121094,5.2571611404418945,0,3.9885926246643066
0.10696999728679657,0.10000072419643402,-0.0000005019923037252738,0,-0.0003079103189520538,-0.00000473574527859455,-0.04652317613363266,66.04209899902344,-66.04875946044922,5.225449085235596,0,3.9885926246643066
0.1069749966263771,0.10000072419643402,-0.0000005037420578446472,0,-0.00034995400346815586,-0.000004955054464517161,-0.04386187344789505,49.113807678222656,-49.120689392089844,4.745376110076904,0,3.9885926246643066
0.10697999596595764,0.10000072419643402,-0.0000005056481882093067,0,-0.000381220830604434,-0.000005162279649084667,-0.04144507646560669,24.87759780883789,-24.884706497192383,3.9019553661346436,0,3.9885926246643066
0.10698499530553818,0.10000072419643402,-0.0000005076335014564393,0,-0.0003970583784393966,-0.000005359568604035303,-0.03945782780647278,4.148472785949707,4.14114236831665,2.8178420066833496,0,3.9885926246643066
0.10698999464511871,0.10000072419643402,-0.0000005096055701869773,0,-0.0003944173804484308,-0.000005549682100536302,-0.038022711873054504,34.943603515625,34.936058044433594,1.64048171043396,0,3.9885926246643066
0.10699499398469925,0.10000072419643402,-0.0000005114664531902235,0,-0.0003721715766005218,-0.000005735618287872057,-0.03718721866607666,64.29655456542969,64.28880310058594,0.5266953706741333,0,3.9885926246643066
0.10700000077486038,0.10000072419643402,-0.000000513122643042152,0,-0.00033123913453891873,-0.000005920212970522698,-0.03691897541284561,89.13766479492188,89.12972259521484,-0.3737089931964874,0,3.9885926246643066
0.10700500011444092,0.10000072419643402,-0.0000005144951273905463,0,-0.0002744923112913966,-0.000006105759439378744,-0.03710930049419403,106.85675048828125,106.84864807128906,-0.9336226582527161,0,3.9885926246643066
0.10700999945402145,0.10000072419643402,-0.0000005155274607204774,0,-0.00020646519260481,-0.000006293683327385224,-0.03758478909730911,115.57415008544922,115.56590270996094,-1.0620030164718628,0,3.9885926246643066
0.10701499879360199,0.10000072419643402,-0.0000005161919034435414,0,-0.00013288841000758111,-0.000006484311597887427,-0.0381256639957428,114.33706665039063,114.32870483398438,-0.7135492563247681,0,3.9885926246643066
0.10701999813318253,0.10000072419643402,-0.0000005164923777556396,0,-0.00006009917342453264,-0.000006676757038803771,-0.038489073514938354,103.22105407714844,103.21261596679688,0.10632017254829407,0,3.9885926246643066
0.10702499747276306,0.10000072419643402,-0.0000005164642971067224,0,0.000005613390385406092,-0.000006868931450298987,-0.03843492269515991,83.32617950439453,83.31768035888672,1.3416907787322998,0,3.9885926246643066
0.1070299968123436,0.10000072419643402,-0.0000005161709850654006,0,0.00005866048377356492,-0.0000070576893449469935,-0.03775160759687424,56.66775894165039,56.659236907958984,2.891589641571045,0,3.9885926246643066
0.10703499615192413,0.10000072419643402,-0.0000005156973088560335,0,0.0000947363005252555,-0.000007239083970489446,-0.03627893328666687,25.97317123413086,25.964641571044922,4.620064735412598,0,3.9885926246643066
0.10703999549150467,0.10000072419643402,-0.0000005151409254722239,0,0.00011127133620902896,-0.000007408713827317115,-0.03392595052719116,5.595221519470215,-5.603736400604248,6.369910717010498,0,3.9885926246643066
0.1070449948310852,0.10000072419643402,-0.0000005146023909219366,0,0.00010770930384751409,-0.000007562122846138664,-0.030681781470775604,34.762454986572266,-34.77094268798828,7.978626251220703,0,3.9885926246643066
0.10704999417066574,0.10000072419643402,-0.0000005141744736647524,0,0.00008557883847970515,-0.000007695214662817307,-0.02661830186843872,58.47604751586914,-58.4844970703125,9.294990539550781,0,3.9885926246643066
0.10705500096082687,0.10000072419643402,-0.0000005139327186043374,0,0.0000483518342662137,-0.00000780463687988231,-0.02188440039753914,74.21953582763672,-74.22794342041016,10.194567680358887,0,3.9885926246643066
0.10706000030040741,0.10000072419643402,-0.0000005139272047927079,0,0.0000011022129910998046,-0.000007888098480179906,-0.016692351549863815,80.2724380493164,-80.28079223632813,10.592540740966797,0,3.9885926246643066
0.10706499963998795,0.10000072419643402,-0.0000005141772021488578,0,-0.00005000080636818893,-0.00000794458628661232,-0.011297615244984627,75.8899917602539,-75.89830017089844,10.4525785446167,0,3.9885926246643066
0.10706999897956848,0.10000072419643402,-0.000000514668784035166,0,-0.00009831387433223426,-0.000007974456821102649,-0.005974160507321358,61.38425827026367,-61.39253616333008,9.790806770324707,0,3.9885926246643066
0.10707499831914902,0.10000072419643402,-0.0000005153557367520989,0,-0.0001373923005303368,-0.000007979395377333276,-0.0009877434931695461,38.09800338745117,-38.10624694824219,8.674463272094727,0,3.9885926246643066
0.10707999765872955,0.10000072419643402,-0.0000005161639933248807,0,-0.00016164623957592994,-0.000007962245035741944,0.003430123906582594,8.273738861083984,-8.281951904296875,7.215378284454346,0,3.9885926246643066
0.10708499699831009,0.10000072419643402,-0.0000005169985684005951,0,-0.0001669134508119896,-0.000007926720172690693,0.0071048857644200325,25.16887092590332,25.16068458557129,5.558898448944092,0,3.9885926246643066
0.10708999633789063,0.10000072419643402,-0.0000005177529942557157,0,-0.0001508904533693567,-0.000007877039934101049,0.009936009533703327,58.924991607666016,58.91682815551758,3.8693954944610596,0,3.9885926246643066
0.10709499567747116,0.10000072419643402,-0.0000005183198936720146,0,-0.0001133776459028013,-0.000007817506229912397,0.011906676925718784,89.63642883300781,89.62828826904297,2.313798189163208,0,3.9885926246643066
0.1070999950170517,0.10000072419643402,-0.0000005186014391256322,0,-0.00005631332896882668,-0.00000775208081904566,0.013085084967315197,114.22975158691406,114.22163391113281,1.044822335243225,0,3.9885926246643066
0.10710499435663223,0.10000072419643402,-0.000000518519414072216,0,0.000016407588191214018,-0.000007683995136176236,0.013617209158837795,130.22645568847656,130.21835327148438,0.18559660017490387,0,3.9885926246643066
0.10710999369621277,0.10000072419643402,-0.000000518022829965048,0,0.0000993123248917982,-0.000007615436516061891,0.013711732812225819,135.9936981201172,135.98562622070313,-0.18277113139629364,0,3.9885926246643066
0.1071150004863739,0.10000072419643402,-0.0000005170933832232549,0,0.0001858885952970013,-0.000007547343102487503,0.01361864898353815,130.91036987304688,130.90232849121094,-0.029407834634184837,0,3.9885926246643066
0.10711999982595444,0.10000072419643402,-0.0000005157472173777933,0,0.0002692287089303136,-0.000007479324722226011,0.013603671453893185,115.4312515258789,115.42323303222656,0.6231465339660645,0,3.9885926246643066
0.10712499916553497,0.10000072419643402,-0.0000005140336725162342,0,0.0003427145420573652,-0.000007409719728457276,0.013921038247644901,91.0429458618164,91.03495788574219,1.7011418342590332,0,3.9885926246643066
0.10712999850511551,0.10000072419643402,-0.0000005120302830619039,0,0.00040067429654300213,-0.0000073357828114239965,0.014787423424422741,60.115936279296875,60.10798645019531,3.086968183517456,0,3.9885926246643066
0.10713499784469604,0.10000072419643402,-0.0000005098355586596881,0,0.00043894530972465873,-0.000007253984676935943,0.01635960303246975,25.667654037475586,25.659744262695313,4.630918502807617,0,3.9885926246643066
0.10713999718427658,0.10000072419643402,-0.0000005075591502645693,0,0.0004552858299575746,-0.0000071603940341447014,0.018718110397458076,8.939611434936523,-8.947480201721191,6.166183948516846,0,3.9885926246643066
0.10714499652385712,0.10000072419643402,-0.000000505311163578881,0,0.00044959469232708216,-0.000007051101420074701,0.021858522668480873,40.33534622192383,-40.343170166015625,7.525562763214111,0,3.9885926246643066
0.10714999586343765,0.10000072419643402,-0.0000005031915861763991,0,0.0004239164409227669,-0.000006922645297890995,0.025691261515021324,65.47799682617188,-65.48577117919922,8.558199882507324,0,3.9885926246643066
0.10715499520301819,0.10000072419643402,-0.0000005012804535908799,0,0.00038223183946684003,-0.000006772395863663405,0.030049918219447136,81.95867156982422,-81.96641540527344,9.144667625427246,0,3.9885926246643066
0.10715999454259872,0.10000072419643402,-0.0000004996301754545129,0,0.00033005530713126063,-0.000006598859727091622,0.03470725938677788,88.2408447265625,-88.24854278564453,9.20887279510498,0,3.9885926246643066
0.10716499388217926,0.10000072419643402,-0.0000004982607606507372,0,0.0002738794428296387,-0.000006401873179129325,0.03939730301499367,83.81157684326172,-83.81922912597656,8.725587844848633,0,3.9885926246643066
0.1071700006723404,0.10000072419643402,-0.0000004971581688550941,0,0.0002205233322456479,-0.0000061826672208553646,0.04384120926260948,69.22952270507813,-69.23712921142578,7.722853660583496,0,3.9885926246643066
0.10717500001192093,0.10000072419643402,-0.0000004962759021509555,0,0.000176450441358611,-0.000005943795258644968,0.04777442291378975,46.06471633911133,-46.07227325439453,6.279022693634033,0,3.9885926246643066
0.10717999935150146,0.10000072419643402,-0.0000004955402914674778,0,0.00014712472329847515,-0.000005688933924830053,0.05097230151295662,16.736541748046875,-16.744037628173828,4.514754295349121,0,3.9885926246643066
0.107184998691082,0.10000072419643402,-0.0000004948579430674727,0,0.0001364698982797563,-0.000005422575668490026,0.05327164754271507,15.733555793762207,15.7261323928833,2.580775499343872,0,3.9885926246643066
0.10718999803066254,0.10000072419643402,-0.0000004941255156154511,0,0.0001464861852582544,-0.000005149645403434988,0.054586026817560196,48.02941131591797,48.02207565307617,0.6426571607589722,0,3.9885926246643066
0.10719499737024307,0.10000072419643402,-0.0000004932401793666941,0,0.00017706266953609884,-0.000004875078957411461,0.05491333082318306,76.87625122070313,76.8690185546875,-1.1358394622802734,0,3.9885926246643066
0.10719999670982361,0.10000072419643402,-0.0000004921101890431601,0,0.00022600361262448132,-0.000004603404704539571,0.0543348528444767,99.3714599609375,99.3643569946289,-2.609166145324707,0,3.9885926246643066
0.10720499604940414,0.10000072419643402,-0.0000004906638650936657,0,0.0002892654447350651,-0.0000043383747652114835,0.05300601199269295,113.27651977539063,113.26956939697266,-3.6644749641418457,0,3.9885926246643066
0.10720999538898468,0.10000072419643402,-0.0000004888569833383372,0,0.000361379497917369,-0.000004082676241523586,0.0511397086083889,117.2404556274414,117.23367309570313,-4.232722759246826,0,3.9885926246643066
0.10721499472856522,0.10000072419643402,-0.0000004866769245381874,0,0.0004360170860309154,-0.0000038377561395464,0.04898400232195854,110.93236541748047,110.92577362060547,-4.295279026031494,0,3.9885926246643066
0.10721999406814575,0.10000072419643402,-0.0000004841437544200744,0,0.0005066388403065503,-0.0000036037740756000858,0.04679643735289574,95.06971740722656,95.0633316040039,-3.88537859916687,0,3.9885926246643066
0.10722500085830688,0.10000072419643402,-0.0000004813079499399464,0,0.0005671621183864772,-0.0000033796859497670084,0.04481763020157814,71.33984375,71.33367919921875,-3.08428692817688,0,3.9885926246643066
0.10723000019788742,0.10000072419643402,-0.0000004782450560014695,0,0.0006125784711912274,-0.000003163451765431091,0.04324681684374809,42.222816467285156,42.21688461303711,-2.012582302093506,0,3.9885926246643066
0.10723499953746796,0.10000072419643402,-0.0000004750477557990962,0,0.0006394583033397794,-0.0000029523425837396644,0.04222181811928749,10.73405933380127,10.72835922241211,-0.8174607753753662,0,3.9885926246643066
0.10723999887704849,0.10000072419643402,-0.00000047181629270198755,0,0.0006462917663156986,-0.000002743315235420596,0.041805487126111984,19.886987686157227,-19.892454147338867,0.34263238310813904,0,3.9885926246643066
0.10724499821662903,0.10000072419643402,-0.0000004686481247517804,0,0.0006336313672363758,-0.000002533415226935176,0.04197998717427254,46.51014709472656,-46.5153923034668,1.3144680261611938,0,3.9885926246643066
0.10724999755620956,0.10000072419643402,-0.00000046562800548599625,0,0.0006040220614522696,-0.0000023201680505735567,0.04264943674206734,66.43571472167969,-66.44075012207031,1.9659053087234497,0,3.9885926246643066
0.1072549968957901,0.10000072419643402,-0.00000046281937216008373,0,0.000561727792955935,-0.0000021019147879997035,0.043650660663843155,77.67076873779297,-77.67561340332031,2.199554443359375,0,3.9885926246643066
0.10725999623537064,0.10000072419643402,-0.0000004602579792845063,0,0.0005122810835018754,-0.0000018780604023049818,0.04477088525891304,79.13237762451172,-79.13703918457031,1.9628252983093262,0,3.9885926246643066
0.10726499557495117,0.10000072419643402,-0.0000004579484595979011,0,0.0004619038663804531,-0.0000016492076611029916,0.045770544558763504,70.75697326660156,-70.761474609375,1.2533469200134277,0,3.9885926246643066
0.10726999491453171,0.10000072419643402,-0.0000004558641535368224,0,0.00041685858741402626,-0.0000014171632756188046,0.046408865600824356,53.50491714477539,-53.509281158447266,0.11920340359210968,0,3.9885926246643066
0.10727499425411224,0.10000072419643402,-0.00000045395017878036015,0,0.0003827962791547179,-0.0000011848154599647387,0.04646957293152809,29.25971794128418,-29.263959884643555,-1.3460363149642944,0,3.9885926246643066
0.10727999359369278,0.10000072419643402,-0.0000004521293419657013,0,0.00036416895454749465,-0.0000009558953024679795,0.04578404501080513,0.6323328614234924,-0.6364692449569702,-3.0129752159118652,0,3.9885926246643066
0.10728500038385391,0.10000072419643402,-0.00000045031052309241204,0,0.0003637663903646171,-0.0000007346475854319579,0.04424954578280449,29.30923080444336,29.305187225341797,-4.72974157333374,0,3.9885926246643066
0.10728999972343445,0.10000072419643402,-0.00000044839839574706275,0,0.00038242520531639457,-0.0000005254440793578397,0.04184070602059364,57.35747146606445,57.353511810302734,-6.337668418884277,0,3.9885926246643066
0.10729499906301498,0.10000072419643402,-0.00000044630368734033254,0,0.00041894009336829185,-0.0000003323793009712972,0.038612958043813705,80.49745178222656,80.49356842041016,-7.6876912117004395,0,3.9885926246643066
0.10729999840259552,0.10000072419643402,-0.00000044395275722308725,0,0.0004701863508671522,-0.00000015889106919075857,0.034697648137807846,96.21931457519531,96.21549987792969,-8.655771255493164,0,3.9885926246643066
0.10730499774217606,0.10000072419643402,-0.0000004412955547650199,0,0.0005314414156600833,-0.000000007444569405379298,0.030289301648736,102.77922058105469,102.77546691894531,-9.155776977539063,0,3.9885926246643066
0.10730999708175659,0.10000072419643402,-0.0000004383111900096992,0,0.000596872647292912,0.00000012068694843492267,0.025626303628087044,99.38195037841797,99.37826538085938,-9.148479461669922,0,3.9885926246643066
0.10731499642133713,0.10000072419643402,-0.0000004350104916284181,0,0.0006601411150768399,0.0000002255220579172601,0.020967021584510803,86.26627349853516,86.26265716552734,-8.645744323730469,0,3.9885926246643066
0.10731999576091766,0.10000072419643402,-0.0000004314351826906204,0,0.0007150599267333746,0.0000003083409580995067,0.016563780605793,64.68429565429688,64.68074035644531,-7.7094855308532715,0,3.9885926246643066
0.1073249951004982,0.10000072419643402,-0.0000004276539868897089,0,0.0007562392856925726,0.00000037152781828808656,0.012637371197342873,36.776580810546875,36.7730827331543,-6.445457935333252,0,3.9885926246643066
0.10732999444007874,0.10000072419643402,-0.00000042375572206765355,0,0.0007796520367264748,0.00000041830145391941187,0.0093547273427248,5.35581636428833,5.352382183074951,-4.992544174194336,0,3.9885926246643066
0.10733499377965927,0.10000072419643402,-0.00000041984040421993996,0,0.000783061608672142,0.00000045236168944029487,0.0068120453506708145,26.379146575927734,-26.382526397705078,-3.508589744567871,0,3.9885926246643066
0.1073400005698204,0.10000072419643402,-0.0000004160090725235932,0,0.0007662681164219975,0.0000004774873900714738,0.005025135353207588,55.16980743408203,-55.17314147949219,-2.154252529144287,0,3.9885926246643066
0.10734499990940094,0.10000072419643402,-0.0000004123533301481075,0,0.0007311459630727768,0.0000004971273028786527,0.003927983343601227,78.03170013427734,-78.03499603271484,-1.0765008926391602,0,3.9885926246643066
0.10734999924898148,0.10000072419643402,-0.0000004089459935130435,0,0.0006814694497734308,0.0000005140259418112691,0.0033797258511185646,92.5613021850586,-92.5645751953125,-0.3934466242790222,0,3.9885926246643066
0.10735499858856201,0.10000072419643402,-0.0000004058332763179351,0,0.0006225430406630039,0.000000529922658643045,0.003179345279932022,97.18477630615234,-97.18804168701172,-0.18206645548343658,0,3.9885926246643066
0.10735999792814255,0.10000072419643402,-0.0000004030299010082672,0,0.0005606733029708266,0.0000005453557605505921,0.003086619544774294,91.32299041748047,-91.32625579833984,-0.47007402777671814,0,3.9885926246643066
0.10736499726772308,0.10000072419643402,-0.00000040051722294265346,0,0.0005025352584198117,0.0000005595917969003494,0.0028472128324210644,75.45582580566406,-75.4591064453125,-1.2327804565429688,0,3.9885926246643066
0.10736999660730362,0.10000072419643402,-0.0000003982447367434361,0,0.00045449857134371996,0.0000005706885986000998,0.0022193631157279015,51.07905960083008,-51.082359313964844,-2.395277261734009,0,3.9885926246643066
0.10737499594688416,0.10000072419643402,-0.0000003961348227221606,0,0.00042198062874376774,0.00000057568587408241,0.0009994585998356342,20.557767868041992,-20.561098098754883,-3.8397395610809326,0,3.9885926246643066
0.10737999528646469,0.10000072419643402,-0.00000039409036389770336,0,0.0004088931600563228,0.0000005709053425562161,-0.0009561046026647091,13.108820915222168,13.105461120605469,-5.417114734649658,0,3.9885926246643066
0.10738499462604523,0.10000072419643402,-0.00000039200418200380227,0,0.00041723850881680846,0.0000005523302775145567,-0.0037150182761251926,46.58766555786133,46.58427810668945,-6.962029457092285,0,3.9885926246643066
0.10738999396562576,0.10000072419643402,-0.00000038976969563009334,0,0.0004468971164897084,0.0000005160265459380753,-0.007260750513523817,76.54683685302734,76.54342651367188,-8.309405326843262,0,3.9885926246643066
0.1073950007557869,0.10000072419643402,-0.00000038729154994143755,0,0.0004956283373758197,0.0000004585630790643336,-0.011492695659399033,99.99126434326172,99.98783874511719,-9.31110668182373,0,3.9885926246643066
0.10740000009536743,0.10000072419643402,-0.0000003844951379505801,0,0.000559284701012075,0.0000003773890568936622,-0.016234803944826126,114.56529998779297,114.5618667602539,-9.850936889648438,0,3.9885926246643066
0.10740499943494797,0.10000072419643402,-0.00000038133404700602114,0,0.0006322192493826151,0.00000027112983502775023,-0.021251846104860306,118.7913589477539,118.78793334960938,-9.85645580291748,0,3.9885926246643066
0.1074099987745285,0.10000072419643402,-0.0000003777948336392001,0,0.0007078441558405757,0.00000013977135893128434,-0.026271697133779526,112.22048950195313,112.2170639038086,-9.306434631347656,0,3.9885926246643066
0.10741499811410904,0.10000072419643402,-0.0000003738984162282577,0,0.000779285910539329,-0.000000015285763765859883,-0.031011424958705902,95.47930908203125,95.47591400146484,-8.233163833618164,0,3.9885926246643066
0.10741999745368958,0.10000072419643402,-0.0000003696980570566666,0,0.0008400699589401484,-0.00000019130844464143593,-0.03520453721284866,70.20890045166016,70.20553588867188,-6.719395637512207,0,3.9885926246643066
0.10742499679327011,0.10000072419643402,-0.0000003652742179838242,0,0.0008847663411870599,-0.0000003844419325105264,-0.03862670063972473,38.901222229003906,38.89788818359375,-4.890223026275635,0,3.9885926246643066
0.10742999613285065,0.10000072419643402,-0.000000360726573944703,0,0.0009095316054299474,-0.0000005900283213122748,-0.04111727327108383,4.650006294250488,4.646697521209717,-2.9006974697113037,0,3.9885926246643066
0.10743499547243118,0.10000072419643402,-0.0000003561641221949685,0,0.0009124919306486845,-0.0000008030012850213097,-0.04259458929300308,29.159095764160156,-29.162385940551758,-0.9204472899436951,0,3.9885926246643066
0.10743999481201172,0.10000072419643402,-0.0000003516944673265243,0,0.000893928692676127,-0.0000010183181302636513,-0.04306337237358093,59.18751525878906,-59.190799713134766,0.8831596374511719,0,3.9885926246643066
0.10744499415159225,0.10000072419643402,-0.00000034741321996989427,0,0.0008562487782910466,-0.0000012313860224821838,-0.04261358082294464,82.47794342041016,-82.48123931884766,2.36160945892334,0,3.9885926246643066
0.10745000094175339,0.10000072419643402,-0.00000034339450394327287,0,0.0008037417428568006,-0.0000014384401083589182,-0.04141082614660263,96.74980163574219,-96.75312042236328,3.3999228477478027,0,3.9885926246643066
0.10745500028133392,0.10000072419643402,-0.0000003396837655600393,0,0.0007421489572152495,-0.000001636836373108963,-0.039679259061813354,100.62611389160156,-100.62947845458984,3.9279356002807617,0,3.9885926246643066
0.10745999962091446,0.10000072419643402,-0.000000336293311420377,0,0.0006780883995816112,-0.0000018252302425025846,-0.03767877817153931,93.76918029785156,-93.77261352539063,3.9270570278167725,0,3.9885926246643066
0.107464998960495,0.10000072419643402,-0.00000033320134207315277,0,0.0006183930672705173,-0.0000020036238765896996,-0.035678744316101074,76.91127014160156,-76.91478729248047,3.4318275451660156,0,3.9885926246643066
0.10746999830007553,0.10000072419643402,-0.00000033035419733096205,0,0.000569429830648005,-0.000002173278517147992,-0.03393092751502991,51.777381896972656,-51.781002044677734,2.5261218547821045,0,3.9885926246643066
0.10747499763965607,0.10000072419643402,-0.00000032767187008175824,0,0.0005364672979339957,-0.0000023365005290543195,-0.03264438360929489,20.908187866210938,-20.911928176879883,1.3344026803970337,0,3.9885926246643066
0.1074799969792366,0.10000072419643402,-0.000000325056078054331,0,0.0005231567192822695,-0.000002496324441381148,-0.031964778900146484,12.598852157592773,12.594978332519531,0.00891099963337183,0,3.9885926246643066
0.10748499631881714,0.10000072419643402,-0.0000003224001829948975,0,0.0005311773857101798,-0.0000026561256163404323,-0.03196024149656296,45.40382385253906,45.399810791015625,-1.2858957052230835,0,3.9885926246643066
0.10748999565839767,0.10000072419643402,-0.00000031959976354301034,0,0.0005600823787972331,-0.0000028192011995997746,-0.032615140080451965,74.26216125488281,74.25800323486328,-2.3900794982910156,0,3.9885926246643066
0.10749499499797821,0.10000072419643402,-0.00000031656296073379053,0,0.0006073591066524386,-0.0000029883631214033812,-0.033832401037216187,96.35163879394531,96.34733581542969,-3.164433002471924,0,3.9885926246643066
0.10749999433755875,0.10000072419643402,-0.00000031321945925810724,0,0.0006686984561383724,-0.0000031655833936383715,-0.03544403612613678,109.55547332763672,109.55101776123047,-3.5045204162597656,0,3.9885926246643066
0.10750499367713928,0.10000072419643402,-0.0000003095272518294223,0,0.0007384436903521419,-0.000003351727855260833,-0.03722887486219406,112.67276763916016,112.66818237304688,-3.351137638092041,0,3.9885926246643066
0.10751000046730042,0.10000072419643402,-0.0000003054763908494351,0,0.000810173456557095,-0.0000035464058782963548,-0.038935594260692596,105.5353775024414,105.53068542480469,-2.696133613586426,0,3.9885926246643066
0.10751499980688095,0.10000072419643402,-0.00000030108958526398055,0,0.0008773594163358212,-0.000003747949449461885,-0.040308721363544464,89.01920318603516,89.01441192626953,-1.5830106735229492,0,3.9885926246643066
0.10751999914646149,0.10000072419643402,-0.0000002964194436572143,0,0.0009340307442471385,-0.000003953524355893023,-0.041114941239356995,64.94927978515625,64.94439697265625,-0.10227479040622711,0,3.9885926246643066
0.10752499848604202,0.10000072419643402,-0.00000029154256253605126,0,0.0009753787890076637,-0.000004159359377808869,-0.04116702824831009,35.908451080322266,35.90349197387695,1.6179972887039185,0,3.9885926246643066
0.10752999782562256,0.10000072419643402,-0.00000028655136929955916,0,0.0009982388000935316,-0.000004361074388725683,-0.04034298658370972,4.969411373138428,4.964395523071289,3.425386428833008,0,3.9885926246643066
0.1075349971652031,0.10000072419643402,-0.0000002815443451709143,0,0.0010014025028795004,-0.000004554066435957793,-0.038598448038101196,24.622398376464844,-24.627460479736328,5.158797740936279,0,3.9885926246643066
0.10753999650478363,0.10000072419643402,-0.0000002766157081168785,0,0.0009857274126261473,-0.000004733921741717495,-0.03597109764814377,49.78265380859375,-49.787750244140625,6.6649627685546875,0,3.9885926246643066
0.10754499584436417,0.10000072419643402,-0.00000027184552209291724,0,0.0009540347382426262,-0.000004896804966847412,-0.032576657831668854,67.9045181274414,-67.90963745117188,7.814085960388184,0,3.9885926246643066
0.1075499951839447,0.10000072419643402,-0.00000026729148316917417,0,0.0009108054218813777,-0.0000050397898121445905,-0.02859697863459587,77.12532806396484,-77.13046264648438,8.513040542602539,0,3.9885926246643066
0.10755499452352524,0.10000072419643402,-0.00000026298295097149094,0,0.000861705862917006,-0.00000516109639647766,-0.024261321872472763,76.51632690429688,-76.52146911621094,8.714764595031738,0,3.9885926246643066
0.10755999386310577,0.10000072419643402,-0.00000025891799282362626,0,0.0008129940833896399,-0.0000052602108553401195,-0.019822929054498672,66.1761703491211,-66.18131256103516,8.422903060913086,0,3.9885926246643066
0.1075650006532669,0.10000072419643402,-0.0000002550636679643503,0,0.0007708650082349777,-0.000005337876700650668,-0.01553317904472351,47.21873474121094,-47.2238655090332,7.691225051879883,0,3.9885926246643066
0.10756999999284744,0.10000072419643402,-0.00000025135963710454234,0,0.0007408045930787921,-0.000005395957032305887,-0.011616069823503494,21.656536102294922,-21.661645889282227,6.6178812980651855,0,3.9885926246643066
0.10757499933242798,0.10000072419643402,-0.00000024772455731181253,0,0.00072701764293015,-0.000005437184881884605,-0.008245609700679779,7.808126449584961,7.803045749664307,5.335107326507568,0,3.9885926246643066
0.10757999867200851,0.10000072419643402,-0.0000002440646085233311,0,0.0007319884607568383,-0.000005464827154355589,-0.005528462119400501,38.06299591064453,38.05795669555664,3.995408296585083,0,3.9885926246643066
0.10758499801158905,0.10000072419643402,-0.0000002402834979875479,0,0.0007562200771644711,-0.000005482295364345191,-0.0034936172887682915,65.90785217285156,65.9028549194336,2.7556674480438232,0,3.9885926246643066
0.10758999735116959,0.10000072419643402,-0.00000023629260681445885,0,0.0007981783710420132,-0.000005492746367963264,-0.0020901672542095184,88.38569641113281,88.38076782226563,1.7607980966567993,0,3.9885926246643066
0.10759499669075012,0.10000072419643402,-0.00000023202036913971824,0,0.000854446436278522,-0.000005498713562701596,-0.001193400239571929,103.0892333984375,103.08439636230469,1.128619909286499,0,3.9885926246643066
0.10759999603033066,0.10000072419643402,-0.0000002274199886187489,0,0.0009200751082971692,-0.000005501806754182326,-0.0006185988895595074,108.41109466552734,108.4063491821289,0.9375191926956177,0,3.9885926246643066
0.1076049953699112,0.10000072419643402,-0.00000022247452591273031,0,0.0009890916990116239,-0.0000055025125220709015,-0.000141124299261719,103.71215057373047,103.70750427246094,1.2181538343429565,0,3.9885926246643066
0.10760999470949173,0.10000072419643402,-0.00000021719894505167758,0,0.0010551168816164136,-0.00000550011600353173,0.00047927635023370385,89.3906021118164,89.38606262207031,1.9500690698623657,0,3.9885926246643066
0.10761499404907227,0.10000072419643402,-0.00000021163882024666236,0,0.0011120246490463614,-0.000005492753643920878,0.001472438219934702,66.8446273803711,66.84020233154297,3.063575506210327,0,3.9885926246643066
0.1076200008392334,0.10000072419643402,-0.00000020586593052485114,0,0.0011545793386176229,-0.000005477590093505569,0.0030327043496072292,38.33216857910156,38.32786178588867,4.446707725524902,0,3.9885926246643066
0.10762500017881393,0.10000072419643402,-0.0000001999710264044552,0,0.001178982318378985,-0.000005451103334053187,0.005297394003719091,6.742119789123535,6.737926006317139,5.95656156539917,0,3.9885926246643066
0.10762999951839447,0.10000072419643402,-0.00000019405464968258457,0,0.001183274551294744,-0.000005409448021964636,0.008331045508384705,24.69993019104004,-24.70401382446289,7.4338555335998535,0,3.9885926246643066
0.107634998857975,0.10000072419643402,-0.00000018821690161985316,0,0.0011675501009449363,-0.000005348862487153383,0.01211707666516304,52.761348724365234,-52.76532745361328,8.719243049621582,0,3.9885926246643066
0.10763999819755554,0.10000072419643402,-0.000000182547097438146,0,0.001133961253799498,-0.000005266073912935099,0.01655775122344494,74.53398132324219,-74.5378646850586,9.669700622558594,0,3.9885926246643066
0.10764499753713608,0.10000072419643402,-0.00000017711454347590916,0,0.0010865115327760577,-0.000005158661679161014,0.02148248814046383,87.73365020751953,-87.7374496459961,10.173324584960938,0,3.9885926246643066
0.10764999687671661,0.10000072419643402,-0.00000017196124701968074,0,0.001030658488161862,-0.0000050253429435542785,0.02666371874511242,90.93701934814453,-90.94074249267578,10.16101360321045,0,3.9885926246643066
0.10765499621629715,0.10000072419643402,-0.00000016709741146314627,0,0.0009727661381475627,-0.000004866149538429454,0.03183868154883385,83.7314453125,-83.73509979248047,9.613853454589844,0,3.9885926246643066
0.10765999555587769,0.10000072419643402,-0.00000016250010048679542,0,0.000919461075682193,-0.000004682474809669657,0.03673497959971428,66.7624740600586,-66.76606750488281,8.565410614013672,0,3.9885926246643066
0.10766499489545822,0.10000072419643402,-0.0000001581153128427104,0,0.0008769587730057538,-0.00000447698812422459,0.041097309440374374,41.67373275756836,-41.677268981933594,7.098710536956787,0,3.9885926246643066
0.10766999423503876,0.10000072419643402,-0.0000001538631693165371,0,0.0008504284196533263,-0.000004253424776834436,0.044712651520967484,10.945210456848145,-10.948685646057129,5.338181972503662,0,3.9885926246643066
0.1076749935746193,0.10000072419643402,-0.00000014964587080612546,0,0.0008434604969806969,-0.000004016268121631583,0.04743136838078499,22.353979110717773,22.350566864013672,3.437370538711548,0,3.9885926246643066
0.10768000036478043,0.10000072419643402,-0.0000001453574185461548,0,0.0008576914551667869,-0.000003770358034671517,0.04918200895190239,54.873355865478516,54.87001419067383,1.563658356666565,0,3.9885926246643066
0.10768499970436096,0.10000072419643402,-0.0000001408943006708796,0,0.0008926248992793262,-0.000003520466179907089,0.04997837170958519,83.31825256347656,83.31501007080078,-0.11846298724412918,0,3.9885926246643066
0.1076899990439415,0.10000072419643402,-0.00000013616596561405458,0,0.0009456669795326889,-0.0000032708760500099743,0.0499180369079113,104.78240203857422,104.77926635742188,-1.4638826847076416,0,3.9885926246643066
0.10769499838352203,0.10000072419643402,-0.00000013110410179706378,0,0.0010123734828084707,-0.0000030250137115217512,0.04917248710989952,117.04200744628906,117.03900909423828,-2.361450672149658,0,3.9885926246643066
0.10769999772310257,0.10000072419643402,-0.00000012566967200200452,0,0.001086884643882513,-0.0000027851647246279754,0.04796980693936348,118.78169250488281,118.77884674072266,-2.745168924331665,0,3.9885926246643066
0.1077049970626831,0.10000072419643402,-0.0000001198571624172473,0,0.0011625033803284168,-0.0000025523061140120262,0.04657170549035072,109.7291488647461,109.72648620605469,-2.600857734680176,0,3.9885926246643066
0.10770999640226364,0.10000072419643402,-0.00000011369536423444515,0,0.0012323590926826,-0.000002326070671188063,0.045247096568346024,90.68490600585938,90.68244171142578,-1.9676142930984497,0,3.9885926246643066
0.10771499574184418,0.10000072419643402,-0.00000010724490806524045,0,0.001290090847760439,-0.000002104845634676167,0.044245000928640366,63.443992614746094,63.441749572753906,-0.9339156150817871,0,3.9885926246643066
0.10771999508142471,0.10000072419643402,-0.00000010059250854510537,0,0.001330480445176363,-0.0000018859988131225691,0.043769363313913345,30.617414474487305,30.61540985107422,0.3712513744831085,0,3.9885926246643066
0.10772499442100525,0.10000072419643402,-0.00000009384265098333344,0,0.0013499720953404903,-0.0000016662065718264785,0.04395843669772148,4.628616809844971,-4.63037633895874,1.7913358211517334,0,3.9885926246643066
0.10772999376058578,0.10000072419643402,-0.00000008710752297247382,0,0.001347025390714407,-0.0000014418528735404834,0.04487075284123421,38.889400482177734,-38.89091110229492,3.157942533493042,0,3.9885926246643066
0.10773500055074692,0.10000072419643402,-0.00000008049618571703832,0,0.0013222675770521164,-0.0000012094574231014121,0.046479079872369766,68.86239624023438,-68.86366271972656,4.307740688323975,0,3.9885926246643066
0.10773999989032745,0.10000072419643402,-0.00000007410404379015745,0,0.0012784283608198166,-0.0000009660924433774198,0.04867299273610115,91.67745971679688,-91.67848205566406,5.098857402801514,0,3.9885926246643066
0.10774499922990799,0.10000072419643402,-0.00000006800372176485325,0,0.001220064703375101,-0.0000007097433467606606,0.05126981809735298,105.18316650390625,-105.1839599609375,5.425093650817871,0,3.9885926246643066
0.10774999856948853,0.10000072419643402,-0.00000006223820747663922,0,0.0011531030759215355,-0.00000043957936668448383,0.05403279885649681,108.16061401367188,-108.16120147705078,5.226550102233887,0,3.9885926246643066
0.10775499790906906,0.10000072419643402,-0.00000005681697956561038,0,0.0010842459741979837,-0.00000015610606851623743,0.05669466033577919,100.44292449951172,-100.44331359863281,4.495570659637451,0,3.9885926246643066
0.1077599972486496,0.10000072419643402,-0.00000005171546746396416,0,0.001020302064716816,0.0000001388151247283531,0.058984238654375076,82.92862701416016,-82.92882537841797,3.277435541152954,0,3.9885926246643066
0.10776499658823013,0.10000072419643402,-0.00000004687792909408017,0,0.0009675080073066056,0.00000044208223926034407,0.06065342202782631,57.48759460449219,-57.48762893676758,1.6657164096832275,0,3.9885926246643066
0.10776999592781067,0.10000072419643402,-0.000000042223376794936485,0,0.0009309102897532284,0.0000007495910949728568,0.06150176748633385,26.769487380981445,-26.769376754760742,-0.2071995586156845,0,3.9885926246643066
0.1077749952673912,0.10000072419643402,-0.000000037654036333378826,0,0.0009138682507909834,0.0000010565722732280847,0.061396244913339615,6.066131114959717,6.066384315490723,-2.183476448059082,0,3.9885926246643066
0.10777999460697174,0.10000072419643402,-0.00000003306538687297689,0,0.0009177300962619483,0.0000013579933693108615,0.06028420850634575,37.670257568359375,37.67064666748047,-4.095706939697266,0,3.9885926246643066
0.10778499394655228,0.10000072419643402,-0.000000028356827996844913,0,0.0009417117689736187,0.0000016489848349010572,0.05819828435778618,64.84300231933594,64.8435287475586,-5.783699035644531,0,3.9885926246643066
0.10779000073671341,0.10000072419643402,-0.000000023441867114115666,0,0.0009829921182245016,0.0000019252481706644176,0.055252667516469955,84.85601806640625,84.85667419433594,-7.110470294952393,0,3.9885926246643066
0.10779500007629395,0.10000072419643402,-0.000000018256800515814575,0,0.0010370132513344288,0.0000021834048311575316,0.05163133516907692,95.72589874267578,95.72669219970703,-7.975825309753418,0,3.9885926246643066
0.10779999941587448,0.10000072419643402,-0.000000012767028323423801,0,0.0010979543440043926,0.000002421251338091679,0.04756927862763405,96.41122436523438,96.41216278076172,-8.326154708862305,0,3.9885926246643066
0.10780499875545502,0.10000072419643402,-0.000000006970370947101401,0,0.0011593315284699202,0.000002637895249790745,0.04332880303263664,86.9132080078125,86.91429138183594,-8.159466743469238,0,3.9885926246643066
0.10780999809503555,0.10000072419643402,-0.0000000008970606479863363,0,0.0012146621011197567,0.0000028337613002804574,0.03917321935296059,68.27001190185547,68.27124786376953,-7.525161266326904,0,3.9885926246643066
0.10781499743461609,0.10000072419643402,0.000000005393559820987548,0,0.0012581241317093372,0.000003010464752151165,0.03534068539738655,42.44563293457031,42.4470329284668,-6.518575668334961,0,3.9885926246643066
0.10781999677419662,0.10000072419643402,0.000000011819288658898586,0,0.0012851457577198744,0.00000317056878884614,0.03202080354094505,12.124861717224121,12.126423835754395,-5.270883560180664,0,3.9885926246643066
0.10782499611377716,0.10000072419643402,0.000000018283612845948483,0,0.0012928647920489311,0.0000033172505027323496,0.029336363077163696,19.564617156982422,-19.562889099121094,-3.9353785514831543,0,3.9885926246643066
0.1078299954533577,0.10000072419643402,0.000000024685659738565846,0,0.0012804095167666674,0.0000034539109492470743,0.027332089841365814,49.37436294555664,-49.37247085571289,-2.6715645790100098,0,3.9885926246643066
0.10783499479293823,0.10000072419643402,0.00000003093054345981727,0,0.0012489769142121077,0.0000035837683753925376,0.02597147226333618,74.26873779296875,-74.26668548583984,-1.628669261932373,0,3.9885926246643066
0.10783999413251877,0.10000072419643402,0.000000036939024283810795,0,0.0012016959954053164,0.000003709478278324241,0.025141999125480652,91.7356948852539,-91.73348236083984,-0.9302778244018555,0,3.9885926246643066
0.1078450009226799,0.10000072419643402,0.00000004265550046511635,0,0.0011432953178882599,0.0000038328194023051765,0.024668212980031967,100.04315185546875,-100.0407943725586,-0.6616477370262146,0,3.9885926246643066
0.10785000026226044,0.10000072419643402,0.000000048053529155822616,0,0.0010796058923006058,0.000003954475687351078,0.024331238120794296,98.41483306884766,-98.41232299804688,-0.8610055446624756,0,3.9885926246643066
0.10785499960184097,0.10000072419643402,0.00000005313829376518697,0,0.0010169530287384987,0.000004073939180671005,0.023892730474472046,87.10752868652344,-87.10489654541016,-1.51570463180542,0,3.9885926246643066
0.10785999894142151,0.10000072419643402,0.000000057945786835489344,0,0.0009614986483938992,0.000004189543233223958,0.023120786994695663,67.38236236572266,-67.37962341308594,-2.5636351108551025,0,3.9885926246643066
0.10786499828100204,0.10000072419643402,0.00000006253879547557517,0,0.0009186016977764666,0.000004298618932807585,0.021815139800310135,41.37268829345703,-41.36984634399414,-3.899726390838623,0,3.9885926246643066
0.10786999762058258,0.10000072419643402,0.00000006700010857230154,0,0.0008922630804590881,0.000004397763859742554,0.019829027354717255,11.86247444152832,-11.859539985656738,-5.3868865966796875,0,3.9885926246643066
0.10787499696016312,0.10000072419643402,0.00000007142366342804962,0,0.0008847112185321748,0.000004483191332838032,0.01708550751209259,18.002107620239258,18.005125045776367,-6.870236873626709,0,3.9885926246643066
0.10787999629974365,0.10000072419643402,0.00000007590452355543675,0,0.0008961717248894274,0.000004551123765850207,0.013586524873971939,45.038360595703125,45.04145050048828,-8.193188667297363,0,3.9885926246643066
0.10788499563932419,0.10000072419643402,0.00000008052874278519084,0,0.0009248440037481487,0.00000459819239040371,0.009413767606019974,66.35655212402344,66.35971069335938,-9.213711738586426,0,3.9885926246643066
0.10788999497890472,0.10000072419643402,0.00000008536418505400434,0,0.0009670878644101322,0.0000046217987801355775,0.004721262492239475,79.65950775146484,79.66272735595703,-9.819114685058594,0,3.9885926246643066
0.10789499431848526,0.10000072419643402,0.00000009045318449807382,0,0.0010178006486967206,0.0000046204008867789526,-0.00027957139536738396,83.48150634765625,83.48477935791016,-9.937835693359375,0,3.9885926246643066
0.1078999936580658,0.10000072419643402,0.00000009580791981989023,0,0.0010709465714171529,0.000004593696758092847,-0.005340869072824717,77.34192657470703,77.34524536132813,-9.54699993133545,0,3.9885926246643066
0.10790500044822693,0.10000072419643402,0.00000010140883688336544,0,0.0011201839661225677,0.000004542681381281,-0.01020311564207077,61.79790496826172,61.801265716552734,-8.675004959106445,0,3.9885926246643066
0.10790999978780746,0.10000072419643402,0.00000010720646770323583,0,0.0011595258256420493,0.00000446957528765779,-0.014621259644627571,38.390350341796875,38.39374542236328,-7.398818016052246,0,3.9885926246643066
0.107914999127388,0.10000072419643402,0.00000011312629766280224,0,0.0011839658254757524,0.000004377628101792652,-0.018389446660876274,9.488770484924316,9.492188453674316,-5.836277008056641,0,3.9885926246643066
0.10791999846696854,0.10000072419643402,0.00000011907633279406582,0,0.001190006616525352,0.000004270818863005843,-0.021361837163567543,21.9494571685791,-21.946029663085938,-4.134171009063721,0,3.9885926246643066
0.10792499780654907,0.10000072419643402,0.0000001249565002581221,0,0.0011760330526158214,0.000004153482223046012,-0.023467352613806725,52.68079376220703,-52.6773681640625,-2.453306198120117,0,3.9885926246643066
0.10792999714612961,0.10000072419643402,0.000000130668979636539,0,0.001142495428211987,0.000004029898263979703,-0.024716811254620552,79.50759887695313,-79.50419616699219,-0.9520782232284546,0,3.9885926246643066
0.10793499648571014,0.10000072419643402,0.00000013612837790333288,0,0.001091879210434854,0.0000039038895920384675,-0.02520170249044895,99.6065673828125,-99.60320281982422,0.2297602742910385,0,3.9885926246643066
0.10793999582529068,0.10000072419643402,0.00000014127071779057587,0,0.0010284677846357226,0.0000037784661799378227,-0.025084687396883965,110.82010650634766,-110.81678009033203,0.9854974746704102,0,3.9885926246643066
0.10794499516487122,0.10000072419643402,0.0000001460603016312234,0,0.00095791753847152,0.000003655552291093045,-0.02458277903497219,111.880615234375,-111.87737274169922,1.2525311708450317,0,3.9885926246643066
0.10794999450445175,0.10000072419643402,0.00000015049376145270799,0,0.000886692083440721,0.0000035358280001673847,-0.023944871500134468,102.5450210571289,-102.54186248779297,1.0189805030822754,0,3.9885926246643066
0.10795499384403229,0.10000072419643402,0.00000015460081215223909,0,0.0008214098634198308,0.0000034186984976258827,-0.023425908759236336,83.6250991821289,-83.62203216552734,0.3251487910747528,0,3.9885926246643066
0.10796000063419342,0.10000072419643402,0.00000015844167933209974,0,0.0007681724382564425,0.0000033023968626366695,-0.023260312154889107,56.91069793701172,-56.9077262878418,-0.7403236031532288,0,3.9885926246643066
0.10796499997377396,0.10000072419643402,0.000000162101386536051,0,0.0007319420110434294,0.0000031842100725043565,-0.023637356236577034,24.993215560913086,-24.990346908569336,-2.049240827560425,0,3.9885926246643066
0.10796999931335449,0.10000072419643402,0.00000016568154137530655,0,0.0007160308305174112,0.000003060804829146946,-0.024681026116013527,8.992974281311035,8.995743751525879,-3.446693181991577,0,3.9885926246643066
0.10797499865293503,0.10000072419643402,0.00000016929031687595852,0,0.0007217559032142162,0.000002928622734543751,-0.02643641270697117,41.684959411621094,41.68763732910156,-4.766655921936035,0,3.9885926246643066
0.10797999799251556,0.10000072419643402,0.00000017303177912708634,0,0.0007482933579012752,0.0000027843025236506946,-0.028864050284028053,69.8299331665039,69.83252716064453,-5.848780155181885,0,3.9885926246643066
0.1079849973320961,0.10000072419643402,0.00000017699552756766934,0,0.0007927485276013613,0.000002625088427521405,-0.03184280917048454,90.61359405517578,90.6161117553711,-6.554666996002197,0,3.9885926246643066
0.10798999667167664,0.10000072419643402,0.00000018124769951555209,0,0.0008504348807036877,0.0000024491830572515028,-0.03518107160925865,101.94517517089844,101.94763946533203,-6.781987190246582,0,3.9885926246643066
0.10799499601125717,0.10000072419643402,0.00000018582437633085647,0,0.0009153351420536637,0.00000225600751946331,-0.03863510861992836,102.66998291015625,102.67240142822266,-6.4749956130981445,0,3.9885926246643066
0.10799999535083771,0.10000072419643402,0.00000019072786017204635,0,0.0009806968737393618,0.0000020463435248530004,-0.04193279519677162,92.68792724609375,92.69031524658203,-5.630390644073486,0,3.9885926246643066
0.10799999535083771,0.10000072419643402,0.00000019592637556797854,0,0.001039703842252493,0.0000018223419147034292,-0.04480032995343208,72.96587371826172,72.96825408935547,-4.2978973388671875,0,3.9885926246643066
