Timestamp,X Position,Y Position,X Velocity,Y Velocity,Rotation,Rotation Velocity,Data1,Data2,Data3,Data4,FPS
0,0,0,0,0,0.004999999888241291,0,0,0,0,0,120.40939331054688
0,0,0,0,0,0.004999999888241291,0,0,0,0,0,119.83223724365234
0,0,0,0,0,0.004999999888241291,0,0,0,0,0,119.23214721679688
0,0,0,0,0,0.004999999888241291,0,0,0,0,0,121.31505584716797
0,0,0,0,0,0.004999999888241291,0,0,0,0,0,119.97600555419922
0,0,0,0,0,0.004999999888241291,0,0,0,0,0,119.94721984863281
0,0,0,0,0,0.004999999888241291,0,0,0,0,0,120.17786407470703
0,0,0,0,0,0.004999999888241291,0,0,0,0,0,119.33174133300781
0,0,0,0,0,0.004999999888241291,0,0,0,0,0,120.90436553955078
0,0,0,0,0,0.004999999888241291,0,0,0,0,0,119.34598541259766
0,0,0,0,0,0.004999999888241291,0,0,0,0,0,120.27904510498047
0,0,0,0,0,0.004999999888241291,0,0,0,0,0,118.3712158203125
0,0,0,0,0,0.004999999888241291,0,0,0,0,0,121.5805435180664
0,0,0,0,0,0.004999999888241291,0,0,0,0,0,118.65211486816406
0,0,0,0,0,0.004999999888241291,0,0,0,0,0,121.43290710449219
0,0,0,0,0,0.004999999888241291,0,0,0,0,0,119.63153839111328
0,0,0,0,0,0.004999999888241291,0,0,0,0,0,119.9040756225586
0,0,0,0,0,0.004999999888241291,0,0,0,0,0,120.8021240234375
0,0,0,0,0,0.004999999888241291,0,0,0,0,0,119.97600555419922
0,0,0,0,0,0.004999999888241291,0,0,0,0,0,119.91845703125
0,0,0,0,0,0.004999999888241291,0,0,0,0,0,120.00479888916016
0,0,0,0,0,0.004999999888241291,0,0,0,0,0,120.09127044677734
0,0,0,0,0,0.004999999888241291,0,0,0,0,0,119.58861541748047
0,0,0,0,0,0.004999999888241291,0,0,0,0,0,119.11852264404297
0,0,0,0,0,0.004999999888241291,0,0,0,0,0,121.38868713378906
0,0,0,0,0,0.004999999888241291,0,0,0,0,0,120.09127044677734
0,0,0,0,0,0.004999999888241291,0,0,0,0,0,119.78916931152344
0,0,0,0,0,0.004999999888241291,0,0,0,0,0,119.91845703125
0,0,0,0,0,0.004999999888241291,0,0,0,0,0,119.97600555419922
0,0,0,0,0,0.004999999888241291,0,0,0,0,0,119.9328384399414
0,0,0,0,0,0.004999999888241291,0,0,0,0,0,119.47431182861328
0,0,0,0,0,0.004999999888241291,0,0,0,0,0,119.84659576416016
0,0,0,0,0,0.004999999888241291,0,0,0,0,0,119.26058197021484
0,0,0,0,0,0.004999999888241291,0,0,0,0,0,121.09469604492188
0,0,0,0,0,0.004999999888241291,0,0,0,0,0,120.35142517089844
0,0,0,0,0,0.004999999888241291,0,0,0,0,0,120.03360748291016
0,0,0,0,0,0.004999999888241291,0,0,0,0,0,118.70845031738281
0,0,0,0,0,0.004999999888241291,0,0,0,0,0,121.13870239257813
0,0,0,0,0,0.004999999888241291,0,0,0,0,0,119.91845703125
0,0,0,0,0,0.004999999888241291,0,0,0,0,0,118.80717468261719
0,0,0,0,0,0.004999999888241291,0,0,0,0,0,121.28562927246094
0,0,0,0,0,0.004999999888241291,0,0,0,0,0,119.3175048828125
0,0,0,0,0,0.004999999888241291,0,0,0,0,0,120.40939331054688
0,0,0,0,0,0.004999999888241291,0,0,0,0,0,120.13455200195313
0,0,0,0,0,0.004999999888241291,0,0,0,0,0,119.97600555419922
0,0,0,0,0,0.004999999888241291,0,0,0,0,0,119.70313262939453
0,0,0,0,0,0.004999999888241291,0,0,0,0,0,120.1056900024414
0,0,0,0,0,0.004999999888241291,0,0,0,0,0,118.23126220703125
0,0,0,0,0,0.004999999888241291,0,0,0,0,0,120.55455017089844
0,0,0,0,0,0.004999999888241291,0,0,0,0,0,121.32977294921875
0,0,0,0,0,0.004999999888241291,0,0,0,0,0,119.8609619140625
0,0,0,0,0,0.004999999888241291,0,0,0,0,0,120.56908416748047
0,0,0,0,0,0.004999999888241291,0,0,0,0,0,119.73180389404297
0,0,0,0,0,0.004999999888241291,0,0,0,0,0,120.13455200195313
0,0,0,0,0,0.004999999888241291,0,0,0,0,0,118.962646484375
0,0,0,0,0,0.004999999888241291,0,0,0,0,0,120.48192596435547
0,0,0,0,0,0.004999999888241291,0,0,0,0,0,120.6563720703125
0,0,0,0,0,0.004999999888241291,0,0,0,0,0,119.47431182861328
0,0,0,0,0,0.004999999888241291,0,0,0,0,0,118.79306030273438
0,0,0,0,0,0.004999999888241291,0,0,0,0,0,121.59532928466797
0,0,0,0,0,0.004999999888241291,0,0,0,0,0,120.1201171875
0,0,0,0,0,0.004999999888241291,0,0,0,0,0,119.60292053222656
0,0,0,0,0,0.004999999888241291,0,0,0,0,0,119.88970184326172
0,0,0,0,0,0.004999999888241291,0,0,0,0,0,119.07597351074219
0,0,0,0,0,0.004999999888241291,0,0,0,0,0,121.08003234863281
0,0,0,0,0,0.004999999888241291,0,0,0,0,0,120.20675659179688
0,0,0,0,0,0.004999999888241291,0,0,0,0,0,119.2890396118164
0,0,0,0,0,0.004999999888241291,0,0,0,0,0,120.68549346923828
0,0,0,0,0,0.004999999888241291,0,0,0,0,0,119.2463607788086
0,0,0,0,0,0.004999999888241291,0,0,0,0,0,120.93360900878906
0,0,0,0,0,0.004999999888241291,0,0,0,0,0,119.70313262939453
0,0,0,0,0,0.004999999888241291,0,0,0,0,0,118.7789535522461
0,0,0,0,0,0.004999999888241291,0,0,0,0,0,121.35922241210938
0.000004999999873689376,0,0.000003978872882726137,0,0.7957746386528015,0.00484084477648139,-31.83098602294922,0,1250000,-62500,0,119.48858642578125
0.000009999999747378752,-0.00000000015201519210084058,0.000011746642485377379,-0.00003040303818124812,1.5535539388656616,0.00453013414517045,-62.14215850830078,-0.39578577876091003,1190316.875,-59515.84375,0.00000000007915715305450988,120.36591339111328
0.000014999999621068127,-0.0000000007140930624593977,0.000022932425054023042,-0.0001124155824072659,2.237156391143799,0.004082703031599522,-89.48625946044922,-2.68951416015625,1073800.375,-53690.01953125,0.0000000005379028333862834,120.27904510498047
0.000019999999494757503,-0.0000000019680104212937977,0.00003700213710544631,-0.0002507834869902581,2.8139424324035645,0.0035199145786464214,-112.55770111083984,-9.576936721801758,906013.625,-45300.68359375,0.0000000019153874042387997,119.91845703125
0.00002499999936844688,-0.000000004118103191785849,0.00005328400220605545,-0.00043001858284696937,3.2563729286193848,0.0028686400037258863,-130.25491333007813,-24.388898849487305,694967.9375,-34748.3984375,0.00000000487777995772376,119.73180389404297
0.000029999999242136255,-0.000000007193081685841207,0.00007100061338860542,-0.000614995660725981,3.543323040008545,0.0021599754691123962,-141.73291015625,-50.389102935791016,450739.96875,-22536.998046875,0.000000010077820356002576,120.19230651855469
0.00003499999729683623,-0.000000010972817321430739,0.00008930607145885006,-0.0007559472578577697,3.6610918045043945,0.0014277570880949497,-146.44366455078125,-90.06175994873047,184990.78125,-9249.5390625,0.000000018012352498431028,119.16110229492188
0.000039999998989515007,-0.000000014957910465795976,0.00010732635564636439,-0.0007970187580212951,3.6040563583374023,0.00070694595342502,-144.1622314453125,-144.52525329589844,-89591.0703125,4479.5537109375,0.000000028905050797334297,121.03607177734375
0.000045000000682193786,-0.0000000183920789709191,0.0001242010621353984,-0.0006868337513878942,3.3749399185180664,0.00003195804310962558,-134.99758911132813,-213.18406677246094,-359895.21875,17994.76171875,0.000000042636813191165857,120.1056900024414
0.00004999999873689376,-0.00000002033756096864181,0.00013912447320763022,-0.0003890965599566698,2.984682083129883,-0.0005649783415719867,-119.38728332519531,-293.6871337890625,-613015.625,30650.78125,0.000000058737423813681744,119.8609619140625
0.00005499999679159373,-0.00000001979359609549647,0.0001513840543339029,0.00010879314504563808,2.451916217803955,-0.001055361470207572,-98.07664489746094,-382.2025451660156,-836866.6875,41843.3359375,0.00000007644050725730267,120.04801940917969
0.00005999999848427251,-0.000000015839553668683948,0.00016039445472415537,0.0007908085244707763,1.8020801544189453,-0.0014157774858176708,-72.08319091796875,-473.9601135253906,-1020760.3125,51038.015625,0.00000009479202134343723,120.27904510498047
0.00006500000017695129,-0.000000007779114241657226,0.0001657254615565762,0.0016120879445225,1.0662014484405518,-0.001629017642699182,-42.64802551269531,-563.96142578125,-1155916.25,57795.8125,0.00000011279228573357614,119.40298461914063
0.00006999999459367245,0.000000004739066028491834,0.00016712253272999078,0.002503636060282588,0.2794153690338135,-0.0016849004896357656,-11.176568031311035,-647.7272338867188,-1235881.25,61794.0625,0.0000001295454410410457,120.38040161132813
0.00007499999628635123,0.000000021645188752472677,0.00016451897681690753,0.0033812245819717646,-0.5207117199897766,-0.001580757787451148,20.828529357910156,-721.9432983398438,-1256837.25,62841.86328125,0.00000014438866458021948,119.38873291015625
0.00007999999797903001,0.00000004243021933802993,0.00015803909627720714,0.004157006274908781,-1.2959766387939453,-0.0013215621002018452,51.839134216308594,-784.8876953125,-1217783.625,60889.18359375,0.00000015697753497079248,120.06243133544922
0.00008499999967170879,0.00000006618954273562849,0.00014799227938055992,0.004751864355057478,-2.0093631744384766,-0.000919689133297652,80.37459564208984,-836.559326171875,-1120585.125,56029.2578125,0.00000016731186747165339,120.2501220703125
0.00009000000136438757,0.0000000917214038054226,0.000134858230012469,0.00510637229308486,-2.626810073852539,-0.00039432686753571033,105.07245635986328,-878.4898681640625,-969882.6875,48494.13671875,0.0000001756979770561884,119.56002044677734
0.00009499999578110874,0.00000011766390173306718,0.0001192640484077856,0.005188499111682177,-3.118835926055908,0.00022944045485928655,124.75347137451172,-913.27490234375,-772871.75,38643.58984375,0.00000018265498624714382,120.61270904541016
0.00009999999747378752,0.00000014264786329931667,0.00010195430513704196,0.004996791947633028,-3.4619483947753906,0.0009218301856890321,138.4779510498047,-943.9168090820313,-538958.9375,26947.947265625,0.00000018878336049965583,119.61722564697266
0.0001049999991664663,0.0000001654407810747216,0.00008375548350159079,0.004558584187179804,-3.6397647857666016,0.0016497831093147397,145.59059143066406,-973.1058959960938,-279312.71875,13965.6357421875,0.0000001946211796166608,119.94721984863281
0.00010999999358318746,0.0000001850592781238447,0.00006553650746354833,0.003923698794096708,-3.6437954902648926,0.002378541976213455,145.7517852783203,-1002.5780639648438,-6330.3212890625,316.5160827636719,0.00000020051561477885116,119.3175048828125
0.00011499999527586624,0.00000020083378160506982,0.000048167268687393516,0.0031549017876386642,-3.4738473892211914,0.0030733111780136824,138.95384216308594,-1032.6719970703125,266954.34375,-13347.7177734375,0.00000020653440913065424,118.94849395751953
0.00011999999696854502,0.00000021241854142317607,0.00003247709173592739,0.0023169517517089844,-3.138035297393799,0.0037009178195148706,125.52134704589844,-1062.1708984375,527492.875,-26374.64453125,0.0000002124341875742175,121.40342712402344
0.00012499999138526618,0.00000021975000663587707,0.00001921512739500031,0.001466293353587389,-2.652392864227295,0.00423139613121748,106.09564208984375,-1088.461669921875,762845.4375,-38142.2734375,0.00000021769233171653468,120.40939331054688
0.00013000000035390258,0.0000002229664062269876,0.000009014586794364732,0.0006432800437323749,-2.0401082038879395,0.00463941739872098,81.604248046875,-1107.9805908203125,961774.8125,-48088.7421875,0.00000022159611035021953,118.21728515625
0.00013499999477062374,0.0000002223078467977757,0.00000236250934904092,-0.00013171316822990775,-1.3304154872894287,0.00490549998357892,53.21653747558594,-1116.8636474609375,1114782.875,-55739.14453125,0.00000022337272298500466,121.43290710449219
0.0001399999891873449,0.00000021801936611609563,-0.00000042349165596533567,-0.0008576971013098955,-0.5572001934051514,0.005016939714550972,22.287925720214844,-1111.6788330078125,1214563.875,-60728.1953125,0.00000022233575691643637,119.78916931152344
0.0001449999981559813,0.00000021027791774486104,0.0000007896053375588963,-0.0015482900198549032,0.24261939525604248,0.004968415480107069,-9.704858779907227,-1090.101318359375,1256353.75,-62817.6875,0.00000021802026139994268,120.03360748291016
0.00014999999257270247,0.00000019915862026209652,0.000005943878932157531,-0.0022238593082875013,1.0308548212051392,0.0047622439451515675,-41.234275817871094,-1051.4051513671875,1238157.25,-61907.86328125,0.00000021028102992204367,120.38040161132813
0.00015500000154133886,0.00000018464717754795856,0.000014793230548093561,-0.002902289154008031,1.769870400428772,0.00440826965495944,-70.7948989868164,-996.6763916015625,1160843,-58042.15234375,0.0000001993352753970612,118.62396240234375
0.00015999999595806003,0.00000016669545743752678,0.00002691513509489596,-0.003590345149859786,2.4243807792663574,0.003923392854630947,-96.9753189086914,-928.7068481445313,1028102.625,-51405.1328125,0.00000018574137072846497,120.70005798339844
0.0001649999903747812,0.00000014530800740431005,0.000041730811062734574,-0.004277489148080349,2.963135242462158,0.0033307652920484543,-118.52550506591797,-851.587890625,846273.9375,-42313.69921875,0.00000017031757693075633,120.32246398925781
0.00016999999934341758,0.00000012064040788573038,0.000058532859839033335,-0.004933521151542664,3.360410213470459,0.002658682642504573,-134.41651916503906,-770.0764770507813,624038.625,-31201.931640625,0.00000015401529651626333,120.19230651855469
0.00017499999376013875,0.00000009308700299470729,0.00007651904888916761,-0.0055106813088059425,3.5972375869750977,0.0019392346730455756,-143.8896026611328,-688.8543701171875,372007.65625,-18600.3828125,0.00000013777086849131592,119.43150329589844
0.00018000000272877514,0.00000006333716839890258,0.00009483059693593532,-0.005949966609477997,3.662309169769287,0.0012067722855135798,-146.4924774169922,-611.81396484375,102214.640625,-5110.73193359375,0.0000001223627918989223,120.48192596435547
0.0001849999971454963,0.00000003238424284290886,0.00011259318853262812,-0.006190584972500801,3.552518367767334,0.0004962680977769196,-142.10084533691406,-541.5067138671875,-172458.796875,8622.9404296875,0.00000010830134300476857,119.58861541748047
0.00018999999156221747,0.0000000014800747294430039,0.00012895872350782156,-0.006180834025144577,3.2731070518493652,-0.00015835382509976625,-130.9243927001953,-478.8516540527344,-438897.9375,21944.896484375,0.00000009577033210916852,120.55455017089844
0.00019500000053085387,-0.000000027961746695837064,0.00014314580766949803,-0.005888364277780056,2.837416648864746,-0.0007258376572281122,-113.49676513671875,-423.15899658203125,-684381.1875,34219.05859375,0.00000008463180023454697,119.00511932373047
0.00019999999494757503,-0.00000005450113249594324,0.00015447704936377704,-0.0053078774362802505,2.266249656677246,-0.0011790880234912038,-90.65007019042969,-372.4591979980469,-897187.6875,44859.38671875,0.00000007449183669905324,121.16806030273438
0.0002049999893642962,-0.00000007682470481995551,0.00016241143748629838,-0.004464713856577873,1.5868771076202393,-0.001496463781222701,-63.47514724731445,-324.0732727050781,-1067156.625,53357.83203125,0.00000006481465675278741,119.43150329589844
0.0002099999983329326,-0.00000009389245292368287,0.00016657012747600675,-0.0034135489258915186,0.8317368030548096,-0.0016628113808110356,-33.26951217651367,-275.31341552734375,-1186172.625,59308.6328125,0.000000055062681525441803,120.16342163085938
0.00021499999274965376,-0.00000010505383585268646,0.00016675454389769584,-0.0022322770673781633,0.036884188652038574,-0.001670188270509243,-1.4753713607788086,-224.17808532714844,-1248553,62427.65234375,0.00000004483561610868492,120.03360748291016
0.00021999998716637492,-0.00000011011410094852181,0.00016295589739456773,-0.001012053107842803,-0.7597294449806213,-0.001518242177553475,30.38921356201172,-169.9080047607422,-1251319.375,62565.96875,0.00000003398159975631643,120.42388916015625
0.00022499999613501132,-0.00000010933990068906496,0.00015535554848611355,0.00015483979950658977,-1.5200687646865845,-0.0012142281047999859,60.802818298339844,-113.2953872680664,-1194339.625,59716.98046875,0.00000002265907816934032,118.7789535522461
0.00022999999055173248,-0.00000010340374956285814,0.0001443163928342983,0.0011872301110997796,-2.2078301906585693,-0.0007726616458967328,88.31330108642578,-56.684444427490234,-1080334.375,54016.71875,0.000000011336888761093178,120.40939331054688
0.00023499999952036887,-0.00000009327715133622405,0.0001303655153606087,0.00202531972900033,-2.790175676345825,-0.00021462596487253904,111.60713958740234,-3.6620428562164307,-914747,45737.3515625,0.0000000007324085782300926,119.71746826171875
0.00023999999393709004,-0.00000008009091345684283,0.00011416901543270797,0.0026372475549578667,-3.239300012588501,0.00043323467252776027,129.57212829589844,41.5063591003418,-705483.6875,35274.18359375,-0.00000000830127167006367,120.97750091552734
0.00024500000290572643,-0.00000006498633808860177,0.0000965002182056196,0.003020914737135172,-3.533759355545044,0.0011399872601032257,141.3505096435547,74.59031677246094,-462536,23126.80078125,-0.00000001491806322917455,119.68881225585938
0.00024999998277053237,-0.00000004898185324009319,0.00007820274913683534,0.003200897481292486,-3.659494161605835,0.0018718866631388664,146.37989807128906,92.1242904663086,-197503.859375,9875.193359375,-0.000000018424858083676554,118.97679901123047
0.00025499999173916876,-0.00000003287603789203786,0.0000601502470090054,0.0032211635261774063,-3.6105010509490967,0.0025939876213669777,144.42018127441406,92.01747131347656,76958.3984375,-3847.919921875,-0.000000018403493839969087,120.78753662109375
0.00026000000070780516,-0.000000017200708413156462,0.00004320465086493641,0.0031350660137832165,-3.3891189098358154,0.003271812107414007,135.5648956298828,73.92886352539063,347746.15625,-17387.30859375,-0.000000014785772606273895,118.8212890625
0.0002649999805726111,-0.0000000022279653677514943,0.0000281750599242514,0.0029945485293865204,-3.005918264389038,0.0038729964289814234,120.23686218261719,39.33749008178711,601930.25,-30096.513671875,-0.000000007867497764380005,119.33174133300781
0.0002699999895412475,0.000000011975043179290878,0.00001577908369654324,0.0028406018391251564,-2.4791953563690186,0.004368836060166359,99.16795349121094,-8.706023216247559,827374.3125,-41368.71484375,0.0000000017412046249276614,120.8021240234375
0.0002749999985098839,0.000000025458698260649726,0.000006608585863432381,0.0026967311277985573,-1.834099531173706,0.004735656548291445,73.36412048339844,-66.09970092773438,1013314.125,-50665.70703125,0.000000013219940697695165,120.19230651855469
0.0002799999783746898,0.00000003829159567203533,0.000001101426732930122,0.0025665797293186188,-1.1014318466186523,0.004955943673849106,44.057411193847656,-128.3853302001953,1150871.75,-57543.58984375,0.0000000256770658069172,119.2463607788086
0.0002849999873433262,0.000000050471722801148644,-0.0000004794463848156738,0.002436025533825159,-0.31617462635040283,0.005019179079681635,12.64711856842041,-191.48829650878906,1233479.25,-61673.96484375,0.00000003829766015428504,120.14898681640625
0.0002899999963119626,0.00000006186773759964126,0.0000019414478629187215,0.002279202453792095,0.4841788411140442,0.004922343883663416,-19.367023468017578,-252.36436462402344,1257192.5,-62859.625,0.000000050472873880380575,120.14898681640625
0.000295000005280599,0.00000007220334907742654,0.0000082485221355455,0.0020671216771006584,1.2614147663116455,0.004670061636716127,-50.45645523071289,-309.4328918457031,1220879.25,-61043.96484375,0.00000006188658119299362,119.94721984863281
0.00029999998514540493,0.00000008108867888267923,0.000018140635802410543,0.0017770659178495407,1.9784226417541504,0.004274377599358559,-79.13677215576172,-362.71771240234375,1126273.375,-56313.66796875,0.00000007254354272845376,120.68549346923828
0.00030499999411404133,0.00000008809258389419483,0.000031145475077209994,0.001400781562551856,2.6009678840637207,0.0037541845813393593,-104.03858184814453,-413.6704406738281,977891.875,-48894.59375,0.00000008273408980130625,119.41724395751953
0.0003100000030826777,0.00000009284118362984373,0.00004664210428018123,0.0009497196297161281,3.0993261337280273,0.0031343200244009495,-123.97291564941406,-464.71392822265625,782819.4375,-39140.97265625,0.00000009294278413563006,120.9628677368164
0.00031499998294748366,0.000000095121933441078,0.0000638906130916439,0.0004561502137221396,3.449702262878418,0.002444380195811391,-137.98797607421875,-518.593017578125,550370.1875,-27518.509765625,0.00000010371860525992815,119.34598541259766
0.00031999999191612005,0.0000000949708223174639,0.000082067446783185,-0.00003022202872671187,3.6353673934936523,0.0017173073720186949,-145.41458129882813,-577.6597900390625,291642.6875,-14582.134765625,0.00000011553196088698314,120.20675659179688
0.00032500000088475645,0.00000009272263667980951,0.00010030472913058475,-0.0004496367764659226,3.647456645965576,0.0009878166019916534,-145.89816284179688,-643.2305297851563,18990.30859375,-949.5154418945313,0.00000012864610710039415,119.34598541259766
0.0003299999807495624,0.00000008901088222046383,0.00011773168807849288,-0.0007423509377986193,3.4853925704956055,0.0002907385351136327,-139.41561889648438,-715.1388549804688,-254568.765625,12728.4384765625,0.00000014302777628927288,120.43839263916016
0.0003349999897181988,0.00000008471308632351793,0.000133516252390109,-0.0008595585823059082,3.1569137573242188,-0.0003406438627280295,-126.27648162841797,-791.57275390625,-515973.03125,25798.65234375,0.00000015831454902581754,120.72920227050781
0.00033999999868683517,0.0000000808475633107264,0.00014690477109979838,-0.0007731046061962843,2.677703380584717,-0.0008761842618696392,-107.10807800292969,-869.2296142578125,-752741.4375,37637.07421875,0.00000017384591899372026,120.2501220703125
0.0003449999785516411,0.00000007843695470910461,0.00015725797857157886,-0.00048212194815278053,2.0706419944763184,-0.0012903125025331974,-82.82563781738281,-943.7623901367188,-953569.0625,47678.453125,0.0000001887524803123597,119.38873291015625
0.0003499999875202775,0.00000007836064952471133,0.00016408156079705805,-0.000015260695363394916,1.3647150993347168,-0.0015632553258910775,-54.58857345581055,-1010.4356689453125,-1108867.125,55443.35546875,0.0000002020871363583865,118.76484680175781
0.0003549999964889139,0.00000008122080430439382,0.0001670497003942728,0.0005720309563912451,0.5936280488967896,-0.001681980793364346,-23.745092391967773,-1064.8712158203125,-1211220.625,60561.03125,0.00000021297424268595933,120.36591339111328
0.0003600000054575503,0.00000008724485667244153,0.0001660206908127293,0.0012048108037561178,-0.20580261945724487,-0.0016408201772719622,8.23213005065918,-1103.7430419921875,-1255742.625,62787.1328125,0.00000022074860339671432,120.20675659179688
0.0003649999853223562,0.00000009624150720810576,0.0001610436593182385,0.0017993301153182983,-0.9954069256782532,-0.0014417386846616864,39.81629943847656,-1125.294921875,-1240307.375,62015.37109375,0.00000022505898300551053,120.5109634399414
0.0003699999942909926,0.00000010761791457980507,0.00015235623868647963,0.0022752811200916767,-1.737484097480774,-0.0010942418593913317,69.49937438964844,-1129.5830078125,-1165651.75,58282.58984375,0.00000022591659387671825,118.94849395751953
0.000375000003259629,0.00000012045538255733845,0.0001403732312610373,0.002567492425441742,-2.3966026306152344,-0.0006149213295429945,95.86410522460938,-1118.399169921875,-1035340.375,51767.01953125,0.0000002236798337662549,121.35922241210938
0.00037999998312443495,0.00000013363067807858897,0.00012566677469294518,0.002635058481246233,-2.9412918090820313,-0.000026663066819310188,117.65165710449219,-1094.89208984375,-855595.125,42779.7578125,0.00000021897842827911518,120.36591339111328
0.00038499999209307134,0.00000014596253095078282,0.0001089390498236753,0.0024663698859512806,-3.3455448150634766,0.0006424456369131804,133.82174682617188,-1062.9561767578125,-634998.25,31749.912109375,0.0000002125912317296752,119.73180389404297
0.00039000000106170774,0.00000015635876593478315,0.0000909887530724518,0.0020792479626834393,-3.590059757232666,0.0013604572741314769,143.60232543945313,-1026.5050048828125,-384082.4375,19204.123046875,0.0000002053010064173577,119.53143310546875
0.00039499998092651367,0.000000163940228503634,0.00007267294131452218,0.0015162937343120575,-3.6631622314453125,0.0020930892787873745,146.52639770507813,-988.7672729492188,-114828.0234375,5741.4013671875,0.00000019775345094785735,120.64181518554688
0.00039999998989515007,0.00000016812232672691607,0.000054866133723407984,0.0008364187669940293,-3.561361312866211,0.002805361058562994,142.454345703125,-951.73486328125,159909.03125,-7995.45166015625,0.0000001903469666331148,117.96626281738281
0.00040499999886378646,0.00000016864336771504895,0.00003841854413622059,0.00010420894250273705,-3.289517879486084,0.003463264089077711,131.58059692382813,-915.8688354492188,427010.96875,-21350.548828125,0.000000183173767709377,121.5805435180664
0.0004099999787285924,0.0000001655390207133678,0.000024115484848152846,-0.0006208698032423854,-2.860611915588379,0.00403538579121232,114.42434692382813,-880.1163940429688,673724.625,-33686.23046875,0.00000017602327773147408,120.14898681640625
0.0004149999876972288,0.00000015907190231700952,0.00001263987724087201,-0.001293423119932413,-2.295121669769287,0.004494409542530775,91.80473327636719,-842.2340087890625,888270.375,-44413.51953125,0.00000016844680317262828,120.40939331054688
0.0004199999966658652,0.00000014963372052534396,0.000004539640940492973,-0.0018876360263675451,-1.6200473308563232,0.004818418528884649,64.8017578125,-799.3536987304688,1060404.375,-53020.21875,0.00000015987073709311517,119.11852264404297
0.0004249999765306711,0.00000013764162076768116,0.0000002015340214711614,-0.0023984203580766916,-0.8676214218139648,0.004991942085325718,34.70472717285156,-748.683837890625,1181907.75,-59095.38671875,0.0000001497367634328839,119.37448120117188
0.0004299999854993075,0.00000012345088862275588,-0.00000016731502228140016,-0.002838147571310401,-0.07376980781555176,0.005006695166230202,2.9506607055664063,-688.2091064453125,1246979.25,-62348.96484375,0.00000013764181971964717,121.80268096923828
0.0004349999944679439,0.00000010730204280662292,0.0000034507049804233247,-0.0032297701109200716,0.7236040234565735,0.004861973691731691,-28.944290161132813,-617.255126953125,1252511.875,-62625.59375,0.00000012345103073130304,118.34319305419922
0.00043999997433274984,0.00000008931286288316187,0.000010882845344895031,-0.003597835311666131,1.486428141593933,0.004564687609672546,-59.457252502441406,-536.8079223632813,1198241.375,-59912.0703125,0.00000010736157918245226,119.73180389404297
0.00044499998330138624,0.00000006951633935159407,0.000021774247215944342,-0.003959305118769407,2.1782803535461426,0.004129030741751194,-87.13134002685547,-449.52520751953125,1086759.125,-54337.95703125,0.00000008990504340999905,120.86052703857422
0.00044999999227002263,0.0000000479357034066652,0.000035604884033091366,-0.004316127393394709,2.766127109527588,0.0035758046433329582,-110.64522552490234,-359.4346618652344,923387.9375,-46169.3984375,0.00000007188693018633785,121.15338134765625
0.000455000001238659,0.000000024679877697053598,0.000051714388973778114,-0.004651165101677179,3.2219009399414063,0.002931423718109727,-128.87619018554688,-271.3711853027344,715928.1875,-35796.41015625,0.000000054274238436846645,118.06375122070313
0.00045999998110346496,0.00000000003770850298678852,0.0000693335896357894,-0.0049284338019788265,3.5238404273986816,0.0022266549058258533,-140.95376586914063,-190.25881958007813,474285.375,-23714.26953125,0.00000003805176262972054,120.68549346923828
0.00046499999007210135,-0.000000025451054597169787,0.0000876212288858369,-0.005097752902656794,3.6575284004211426,0.0014951484045013785,-146.30130004882813,-120.36719512939453,209997.09375,-10499.8544921875,0.00000002407343835386655,120.8897476196289
0.00046999999904073775,-0.000000050966320941370213,0.00010570413724053651,-0.00510305305942893,3.6165823936462402,0.0007718311389908195,-144.6634521484375,-64.68173217773438,-64317.82421875,3215.891357421875,0.000000012936346216463335,119.46003723144531
0.0004749999789055437,-0.00000007543052760183855,0.00012271892046555877,-0.004892841447144747,3.4029574394226074,0.0000912389368750155,-136.11843872070313,-24.50257110595703,-335561.78125,16778.08984375,0.0000000049005142166436144,121.56576538085938
0.0004799999878741801,-0.00000009758489483147059,0.00013785318878944963,-0.0044308737851679325,3.026853084564209,-0.0005141323199495673,-121.07424926757813,0.6541653871536255,-590783.875,29539.193359375,-0.00000000013083308048056352,118.46937561035156
0.00048499999684281647,-0.00000011610990213739569,0.00015038432320579886,-0.0037050016690045595,2.5062270164489746,-0.0010153782786801457,-100.24919128417969,12.836701393127441,-817798.125,40889.90625,-0.0000000025673403403203565,118.97679901123047
0.0004900000058114529,-0.00000012977216101717204,0.00015971400716807693,-0.002732452703639865,1.8659377098083496,-0.0013885662192478776,-74.63758850097656,15.163064956665039,-1005765.375,50288.26953125,-0.000000003032613049569477,122.2493896484375
0.0004949999856762588,-0.00000013757431815974996,0.0001653967919992283,-0.001560431206598878,1.1365563869476318,-0.001615877728909254,-45.462303161621094,11.146291732788086,-1145710.875,57285.54296875,-0.000000002229258333485973,120.01920318603516
0.0004999999655410647,-0.00000013888319472243893,0.0001671613281359896,-0.00026177463587373495,0.3529086112976074,-0.0016864595236256719,-14.116352081298828,3.9686577320098877,-1230952.75,61547.63671875,-0.0000000007937315249506582,120.16342163085938
0.0005050000036135316,-0.00000013351467487154878,0.00016492337454110384,0.0010737035190686584,-0.44758927822113037,-0.001596941496245563,17.903606414794922,-4.157238483428955,-1257420.875,62871.04296875,0.0000000008314477439874679,120.04801940917969
0.0005099999834783375,-0.0000001217608769366052,0.0001587897859280929,0.002350761089473963,-1.22671639919281,-0.0013515978353098035,49.068729400634766,-12.42004680633545,-1223851.625,61192.58203125,0.0000000024840094425826464,118.89192962646484
0.0005149999633431435,-0.00000010435481812010039,0.00014905341959092766,0.003481211606413126,-1.9472721815109253,-0.0009621428907848895,77.8909912109375,-21.550878524780273,-1131847.75,56592.38671875,0.00000000431017577184889,120.5109634399414
0.0005200000014156103,-0.00000008237871185201584,0.00013617915101349354,0.004395220894366503,-2.574852705001831,-0.00044717174023389816,102.99423217773438,-33.64921951293945,-985802.125,49290.10546875,0.00000000672984379335162,119.46003723144531
0.0005249999812804163,-0.0000000571311815633635,0.0001207816821988672,0.005049506668001413,-3.079493284225464,0.00016872759442776442,123.17987060546875,-51.72562789916992,-792687.9375,39634.3984375,0.000000010345125645017106,121.55098724365234
0.0005299999611452222,-0.00000002997566284079767,0.00010359619045630097,0.005431103985756636,-3.437098741531372,0.0008561480790376663,137.48410034179688,-79.04953002929688,-561725.6875,28086.28515625,0.000000015809906273034358,119.46003723144531
0.000534999999217689,-0.0000000021948309836261615,0.00008544321462977678,0.005556166637688875,-3.6305949687957764,0.0015822676941752434,145.22393798828125,-118.42595672607422,-303943.03125,15197.1513671875,0.000000023685190697619873,120.8897476196289
0.000539999979082495,0.000000025126048797119438,0.00006718950317008421,0.005464176181703806,-3.650742769241333,0.002312416909262538,146.02984619140625,-171.5393829345703,-31648.158203125,1582.407958984375,0.000000034307877427863787,119.2463607788086
0.0005449999589473009,0.000000051169884329738125,0.00004970659938408062,0.005208767484873533,-3.4965803623199463,0.003011733526363969,139.86334228515625,-238.49093627929688,242157.8125,-12107.890625,0.00000004769818673366899,119.99040222167969
0.0005499999970197678,0.00000007540464252997481,0.000033829255698947236,0.004846951458603144,-3.175468683242798,0.003646827768534422,127.01885986328125,-317.6180419921875,504401.5625,-25220.078125,0.00000006352360770733867,119.18951416015625
0.0005549999768845737,0.00000009754862162481004,0.000020315559595474042,0.004428796004503965,-2.7027392387390137,0.0041873762384057045,108.10968017578125,-405.6336364746094,742561.875,-37128.09375,0.00000008112672844617919,120.6563720703125
0.0005599999567493796,0.00000011749595074661556,0.000009810742085392121,0.0039894660003483295,-2.100963592529297,0.0046075694262981415,84.03865051269531,-498.0611572265625,945267.5,-47263.375,0.00000009961222957599603,119.48858642578125
0.0005649999948218465,0.00000013522121378173324,0.0000028163731258246116,0.0035450528375804424,-1.3988738059997559,0.004887344781309366,55.95506286621094,-589.885986328125,1102839.875,-55141.99609375,0.00000011797720134154588,121.03607177734375
0.0005699999746866524,0.00000015068546588281606,-0.00000033359037843183614,0.003092849627137184,-0.6299927234649658,0.005013343878090382,25.19982147216797,-676.3043823242188,1207755.5,-60387.77734375,0.00000013526087627724337,119.51715087890625
0.0005750000127591193,0.00000016376479550217482,0.0000005112514145366731,0.0026158662512898445,0.16896836459636688,0.004979550838470459,-6.75861930847168,-753.4301147460938,1255005.125,-62750.2578125,0.00000015068602010614995,120.09127044677734
0.0005799999926239252,0.00000017421749021195865,0.00000531056093677762,0.0020905393175780773,0.9598618745803833,0.00478757917881012,-38.39435577392578,-818.8305053710938,1242332.625,-62116.6328125,0.00000016376610290080862,120.68549346923828
0.0005849999724887311,0.0000001816973451695958,0.000013835187928634696,0.001495972042903304,1.7049254179000854,0.004446594510227442,-68.1968994140625,-871.7925415039063,1170343.125,-58517.15625,0.0000001743585045232976,119.11852264404297
0.000590000010561198,0.00000018581107497084304,0.000025678109523141757,0.0008227466605603695,2.368584632873535,0.003972878213971853,-94.7432861328125,-913.2720336914063,1042473.875,-52123.6953125,0.0000001826544036021005,120.16342163085938
0.0005949999904260039,0.00000018620818309500464,0.00004027386967209168,0.00007942237425595522,2.91915225982666,0.003389048157259822,-116.76600646972656,-945.5394897460938,864830.1875,-43241.51171875,0.0000001891078937887869,119.78916931152344
0.0005999999702908099,0.00000018268461587922502,0.00005692557169822976,-0.0007047126418910921,3.33034086227417,0.0027229804545640945,-133.21356201171875,-971.5904541015625,645893.875,-32294.693359375,0.00000019431809050729498,120.64181518554688
0.0006050000083632767,0.00000017527790419080702,0.00007483815716113895,-0.001481342944316566,3.582517147064209,0.0020064772106707096,-143.30062866210938,-994.4359741210938,396118.40625,-19805.919921875,0.00000019888719293703616,119.40298461914063
0.0006099999882280827,0.0000001643323059852264,0.00009315636270912364,-0.0021891198121011257,3.6636409759521484,0.0012737492797896266,-146.54559326171875,-1016.4080200195313,127429.6953125,-6371.48486328125,0.00000020328160132976336,120.2501220703125
0.0006149999680928886,0.0000001505176072669201,0.00011100555275334045,-0.002762939315289259,3.569838523864746,0.000559781736228615,-142.79351806640625,-1038.61376953125,-147343.3125,7367.16552734375,0.00000020772276343450358,119.63153839111328
0.0006200000061653554,0.00000013479342442224151,0.00012753349437844008,-0.0031448351219296455,3.305589199066162,-0.00010133610339835286,-132.22357177734375,-1060.643310546875,-415081.15625,20754.05859375,0.00000021212865419784066,120.5981674194336
0.0006249999860301614,0.00000011832109692022641,0.0001419510372215882,-0.0032944660633802414,2.883509635925293,-0.0006780381081625819,-115.34040832519531,-1080.586181640625,-663000.375,33150.01953125,0.00000021611724321246584,118.6943588256836
0.0006299999658949673,0.00000010233503644485609,0.00015356979565694928,-0.00319721270352602,2.3237524032592773,-0.0011427889112383127,-92.95014953613281,-1095.3570556640625,-879263.6875,43963.18359375,0.00000021907140990151674,121.87690734863281
0.0006350000039674342,0.00000008799354844768459,0.00016183502157218754,-0.0028682975098490715,1.6530444622039795,-0.0014733981806784868,-66.12184143066406,-1101.2662353515625,-1053545.25,52677.26171875,0.00000022025325563390652,119.70313262939453
0.0006399999838322401,0.00000007623327746841824,0.00016635206702630967,-0.0023520546965301037,0.903409481048584,-0.0016540803480893373,-36.136444091796875,-1094.7310791015625,-1177523.75,58876.1875,0.00000021894621227147582,119.97600555419922
0.000644999963697046,0.00000006765150573073697,0.00016690527263563126,-0.001716354861855507,0.11063981056213379,-0.001676208688877523,-4.4256591796875,-1072.9906005859375,-1245279.625,62263.98046875,0.00000021459813126512017,118.42728424072266
0.0006500000017695129,0.00000006243615757739462,0.0001634682121220976,-0.001043069874867797,-0.6874126195907593,-0.0015387265011668205,27.496435165405273,-1034.6907958984375,-1253577.75,62678.88671875,0.00000020693816793482256,121.47716522216797
0.0006549999816343188,0.00000006035519106717402,0.000156204987433739,-0.000416193506680429,-1.452643632888794,-0.0012481980957090855,58.105674743652344,-980.226318359375,-1202022,60101.1015625,0.00000019604526357852592,120.19230651855469
0.0006599999614991248,0.00000006080688308429671,0.0001454623998142779,0.00009033858077600598,-2.1485161781311035,-0.0008184952312149107,85.9405746459961,-911.7752075195313,-1093073.875,54653.6953125,0.00000018235503773667006,118.5817642211914
0.0006649999995715916,0.00000006292205512181681,0.00013175337517168373,0.00042303447844460607,-2.741804599761963,-0.0002701347111724317,109.67211151123047,-833.0166015625,-931935.3125,46596.765625,0.00000016660331425555341,121.31505584716797
0.0006699999794363976,0.00000006570039801090388,0.00011573246592888609,0.0005556682008318603,-3.204181671142578,0.0003707012510858476,128.1671905517578,-748.5836181640625,-726300.125,36315.0078125,0.00000014971672612773546,118.5114974975586
0.0006749999593012035,0.0000000681575400562906,0.0000981646153377369,0.0004914283636026084,-3.513570785522461,0.0010734149254858494,140.54273986816406,-663.3517456054688,-485986.625,24299.33203125,0.00000013267035114949977,121.03607177734375
0.0006799999973736703,0.00000006945823116666361,0.00007988861761987209,0.00026013870956376195,-3.6551990509033203,0.0018044542521238327,146.20787048339844,-581.6947631835938,-222468.96875,11123.4482421875,0.00000011633895269369532,120.01920318603516
0.0006849999772384763,0.00000006901419169480505,0.00006177710019983351,-0.00008880830864654854,-3.6223044395446777,0.0025289147160947323,144.89207458496094,-506.8457946777344,51670.81640625,-2583.540771484375,0.0000001013691601770006,119.84659576416016
0.0006899999571032822,0.00000006653222328623087,0.00004469481064006686,-0.0004963934188708663,-3.4164576530456543,0.0032122055999934673,136.65818786621094,-440.48114013671875,323343.5,-16167.1748046875,0.00000008809622897842928,119.54572296142578
0.0006949999951757491,0.00000006200784241627844,0.000029457374694175087,-0.0009048758074641228,-3.047487258911133,0.003821702441200614,121.89936828613281,-382.6017150878906,579577.6875,-28978.884765625,0.00000007652034383909267,121.24151611328125
0.000699999975040555,0.00000005566976923887523,0.000016792324458947405,-0.0012676147744059563,-2.5330100059509277,0.004328303970396519,101.32028198242188,-331.73260498046875,808139.0625,-40406.953125,0.00000006634652294223997,119.73180389404297
0.0007049999549053609,0.0000000478897348443752,0.000007304371138161514,-0.0015560067258775234,-1.8975906372070313,0.004707821644842625,75.90350341796875,-285.39837646484375,998114.6875,-49905.734375,0.00000005707967787316193,119.73180389404297
0.0007099999929778278,0.0000000390781096371029,0.0000014465317690337542,-0.001762324944138527,-1.1715679168701172,0.004942134488373995,46.86259460449219,-240.7825164794922,1140433.875,-57021.6953125,0.00000004815650456180265,120.35142517089844
0.0007149999728426337,0.000000029587814864839856,-0.0000005015031092625577,-0.0018980589229613543,-0.3896069824695587,0.005020055454224348,15.58415699005127,-195.44285583496094,1228301.375,-61415.0703125,0.000000039088572378886965,119.44577026367188
0.0007200000109151006,0.000000019646670068595995,0.0000015532777979387902,-0.0019882291089743376,0.41095617413520813,0.004937863443046808,-16.438371658325195,-147.9453582763672,1257521.75,-62876.08984375,0.000000029589072525482152,119.37448120117188
0.0007249999907799065,0.000000009331994732519888,0.0000075127659329154994,-0.002062935149297118,1.1918976306915283,0.004699483513832092,-47.676029205322266,-98.29366302490234,1226699.875,-61334.99609375,0.000000019658733307892362,120.99213409423828
0.0007299999706447124,-0.0000000014076686483122103,0.00001709241587377619,-0.002147932769730687,1.9159300327301025,0.004316296894103289,-76.63732147216797,-48.071014404296875,1137307.375,-56865.37109375,0.000000009614202767238567,119.01927947998047
0.0007350000087171793,-0.000000012688770922864023,0.000029834831366315484,-0.0022562204394489527,2.548483371734619,0.003806599648669362,-101.93946075439453,-0.2654237151145935,993612.5,-49680.625,0.00000000005308474493315174,120.75836181640625
0.0007399999885819852,-0.000000024600845804911842,0.000045131608203519136,-0.0023824151139706373,3.0593552589416504,0.003194727934896946,-122.37435150146484,41.190921783447266,802476.0625,-40123.8046875,-0.00000000823818435691237,120.8459243774414
0.0007449999684467912,-0.00000003710667328959971,0.0000622523803031072,-0.002501165261492133,3.4241538047790527,0.0025098964106291533,-136.96629333496094,72.08267211914063,573024.25,-28651.212890625,-0.00000001441653374456564,119.67448425292969
0.000750000006519258,-0.0000000499569097200947,0.00008037968655116856,-0.002570047741755843,3.6254611015319824,0.0017848035786300898,-145.01856994628906,88.64937591552734,316212.53125,-15810.626953125,-0.00000001772987445747276,119.81787872314453
0.000754999986384064,-0.00000006263955043550595,0.00009864801540970802,-0.0025365285109728575,3.653665065765381,0.001054069958627224,-146.14674377441406,88.26214599609375,44302.7734375,-2215.138671875,-0.00000001765242885198859,119.9040756225586
0.0007599999662488699,-0.00000007437831328616085,0.00011618511052802205,-0.002347752684727311,3.5074195861816406,0.000352585397195071,-140.2969207763672,69.9118881225586,-229722.28125,11486.1142578125,-0.000000013982377922161504,120.4529037475586
0.0007650000043213367,-0.0000000841850820165746,0.0001321536401519552,-0.001961354399099946,3.19370698928833,-0.00028615660266950727,-127.74840545654297,34.416934967041016,-492778.9375,24638.947265625,-0.000000006883387193568069,119.40298461914063
0.0007699999841861427,-0.00000009096128650298851,0.00014579117123503238,-0.0013552408199757338,2.727506160736084,-0.0008316584280692041,-109.1003646850586,-15.689374923706055,-732307.125,36615.35546875,0.0000000031378750708910275,119.70313262939453
0.0007749999640509486,-0.00000009363350983448981,0.0001564465492265299,-0.0005344448145478964,2.1310768127441406,-0.0012578741880133748,-85.24315643310547,-76.57040405273438,-936870.1875,46843.51171875,0.000000015314080670236763,120.8313217163086
0.0007800000021234155,-0.00000009130180700367418,0.0001636110246181488,0.0004663403669837862,1.4328958988189697,-0.0015444536693394184,-57.315895080566406,-143.720703125,-1096701,54835.05078125,0.000000028744141289394065,119.48858642578125
0.0007849999819882214,-0.00000008337597989793721,0.00016694252553861588,0.0015851652715355158,0.6662993431091309,-0.0016777137061581016,-26.652002334594727,-212.70530700683594,-1204168.25,60208.4140625,0.000000042541060452094825,120.40939331054688
0.0007899999618530273,-0.00000006967655963308061,0.00016628197045065463,0.0027398839592933655,-0.13211053609848022,-0.0016512916190549731,5.284423828125,-279.8653564453125,-1254140.625,62707.03125,0.00000005597307151106179,119.77482604980469
0.0007949999999254942,-0.0000000504828747693864,0.00016166090790648013,0.0038387365639209747,-0.924212634563446,-0.0014664488844573498,36.968536376953125,-342.8595275878906,-1244232.25,62211.61328125,0.00000006857190726350382,119.21793365478516
0.0007999999797903001,-0.000000026519517248857483,0.0001532999740447849,0.004792671650648117,-1.6721868515014648,-0.001132011297158897,66.88752746582031,-400.9417419433594,-1174916.125,58745.80859375,0.00000008018835018219761,120.42388916015625
0.0008049999596551061,0.0000000011170087077516655,0.00014159837155602872,0.005527305416762829,-2.340320110321045,-0.0006639469647780061,93.61286926269531,-454.9242858886719,-1049501.875,52475.09375,0.00000009098485520553368,120.58362579345703
0.0008099999977275729,0.000000031079423479241086,0.00012711482122540474,0.005992483347654343,-2.8967113494873047,-0.00008460431126877666,115.8685302734375,-506.8372497558594,-873977.625,43698.8828125,0.00000010136744776900741,119.43150329589844
0.0008149999775923789,0.00000006191859824866697,0.00011054084461648017,0.006167835555970669,-3.3147950172424316,0.0005783550441265106,132.5918731689453,-559.3512573242188,-656724.0625,32836.203125,0.00000011187024995251704,121.10935974121094
0.0008199999574571848,0.00000009223593622209592,0.00009266780398320407,0.006063466891646385,-3.57460880279541,0.0012932771351188421,142.9844207763672,-615.0746459960938,-408114.21875,20405.7109375,0.00000012301492802180292,119.21793365478516
0.0008249999955296516,0.0000001208149456033425,0.00007434906729031354,0.005715802311897278,-3.663747787475586,0.0020260270684957504,146.5499725341797,-675.8624877929688,-140018.359375,7000.91796875,0.00000013517249897176953,120.1056900024414
0.0008299999753944576,0.0000001467123098564116,0.000056459291954524815,0.005179473198950291,-3.5779552459716797,0.002741618547588587,143.11827087402344,-742.2691040039063,134762.875,-6738.14404296875,0.00000014845382168005017,119.74613952636719
0.0008349999552592635,0.0000001692965554411785,0.00003985265357187018,0.004516850225627422,-3.3213281631469727,0.003405884373933077,132.85316467285156,-813.252685546875,403109.65625,-20155.482421875,0.00000016265053659481055,120.03360748291016
0.0008399999933317304,0.00000018823261882516817,0.000025322056899312884,0.0037872137036174536,-2.9061193466186523,0.0039871083572506905,116.24479675292969,-886.1885375976563,652209.3125,-32610.466796875,0.00000017723770895372581,120.00479888916016
0.0008449999731965363,0.00000020342046980204032,0.000013561290870711673,0.0030375702772289515,-2.3521533012390137,0.004457538947463036,94.08613586425781,-957.1932373046875,870168.3125,-43508.41796875,0.0000001914386444923366,120.36591339111328
0.0008499999530613422,0.00000021490437518423278,0.000005131891157361679,0.002296780701726675,-1.6858800649642944,0.004794714972376823,67.43519592285156,-1021.7000732421875,1046579.8125,-52328.9921875,0.0000002043400115780969,117.95234680175781
0.0008549999911338091,0.00000022277426126038335,0.00000043633235691231675,0.0015739763621240854,-0.9391118288040161,0.0049825371243059635,37.56446838378906,-1075.1802978515625,1173020.875,-58651.04296875,0.00000021503605296402384,121.4476547241211
0.000859999970998615,0.0000002270813013183215,-0.0000003011892886206624,0.0008614067919552326,-0.14750432968139648,0.005012038163840771,5.9001665115356445,-1113.8760986328125,1243454.25,-62172.71484375,0.00000022277521338764927,120.6563720703125
0.000864999950863421,0.0000002277862449773238,0.0000029545403776864987,0.0001409886172041297,0.6511459350585938,0.004881808999925852,-26.045848846435547,-1135.4088134765625,1254517.125,-62725.85546875,0.00000022708175606567238,120.13455200195313
0.0008699999889358878,0.0000002247517727482773,0.000010048071999335662,-0.0006068942602723837,1.4187064170837402,0.004598067607730627,-56.74826431274414,-1139.1494140625,1205681.125,-60284.05859375,0.0000002278298865121542,118.6380386352539
0.0008749999688006938,0.00000021778063796773495,0.00002064071304630488,-0.0013942266814410686,2.118528366088867,0.004174361936748028,-84.74114990234375,-1126.282958984375,1099278.125,-54963.90625,0.0000002252565849403254,120.20675659179688
0.0008799999486654997,0.00000020669166644893266,0.0000342267012456432,-0.002217794070020318,2.717197895050049,0.0036309221759438515,-108.68794250488281,-1099.55419921875,940388.5,-47019.42578125,0.000000219910830878689,120.93360900878906
0.0008849999867379665,0.00000019141737084282795,0.0000501573558722157,-0.0030548584181815386,3.186131000518799,0.00299369590356946,-127.44526672363281,-1062.744873046875,736598.625,-36829.93359375,0.0000002125489828586069,120.09127044677734
0.0008899999666027725,0.00000017210187763794238,0.00006767204467905685,-0.003863099729642272,3.5029373168945313,0.0022931082639843225,-140.11753845214844,-1019.9807739257813,497638.75,-24881.9375,0.00000020399615152655315,119.54572296142578
0.0008950000046752393,0.00000014917684154625022,0.00008593450183980167,-0.004585007671266794,3.6524906158447266,0.0015626098029315472,-146.0996856689453,-974.9967651367188,234918.34375,-11745.9169921875,0.00000019499935888234177,115.58021545410156
0.0008999999845400453,0.00000012339666000116267,0.00010407275112811476,-0.005156037863343954,3.627650260925293,0.0008370793657377362,-145.10609436035156,-930.5023803710938,-39018.60546875,1950.9302978515625,0.00000018610047902711813,124.30081176757813
0.0009049999644048512,0.00000009582120696904894,0.00012122075713705271,-0.0055150906555354595,3.4296021461486816,0.00015115842688828707,-137.18418884277344,-887.7613525390625,-311092.5625,15554.6279296875,0.0000001775522662228468,120.5254898071289
0.000910000002477318,0.00000006774423866318102,0.0001365597709082067,-0.005615393165498972,3.0678024291992188,-0.0004624025896191597,-122.71221160888672,-846.4673461914063,-568312.9375,28415.646484375,0.0000001692934716857053,120.26457977294922
0.000914999982342124,0.00000004057558555814467,0.00014935739454813302,-0.005433730315417051,2.559525966644287,-0.0009743084665387869,-102.38117218017578,-804.9349365234375,-798398.375,39919.91796875,0.00000016098698552013957,119.66016387939453
0.0009199999622069299,0.000000015694347155204014,0.00015900260768830776,-0.004976247902959585,1.9290412664413452,-0.0013601173413917422,-77.16178131103516,-760.568115234375,-990363.125,49518.15625,0.00000015211362835998443,120.30799102783203
0.0009250000002793968,-0.000000005703862271388971,0.0001650348713155836,-0.004279641900211573,1.2064515352249146,-0.0016014082357287407,-48.25818634033203,-710.5169677734375,-1135041.5,56752.07421875,0.00000014210338861175842,119.96160888671875
0.0009299999801442027,-0.000000022740747951388585,0.00016716615937184542,-0.0034073772840201855,0.42625805735588074,-0.0016866604564711452,-17.05043601989746,-652.3930053710938,-1225525.625,61276.28125,0.00000013047859681591945,119.43150329589844
0.0009349999600090086,-0.0000000349482505157539,0.00016529472486581653,-0.002441500313580036,-0.37428775429725647,-0.001611803425475955,14.971415519714355,-584.9090576171875,-1257495.25,62874.76171875,0.00000011698180912844691,120.55455017089844
0.0009399999980814755,-0.00000004230517092196351,0.0001595099165569991,-0.0014713844284415245,-1.1569628715515137,-0.001380411209538579,46.27843475341797,-508.3171691894531,-1229423.875,61471.1953125,0.00000010166343145101564,119.94721984863281
0.0009449999779462814,-0.000000045211859145410926,0.0001500879297964275,-0.000581337371841073,-1.884397029876709,-0.0010035320883616805,75.37582397460938,-424.559326171875,-1142651.875,57132.59375,0.00000008491186775927417,120.49644470214844
0.0009499999578110874,-0.0000000444078089856248,0.0001374786370433867,0.00016081029025372118,-2.5218582153320313,-0.0004991606692783535,100.87428283691406,-337.1003112792969,-1001322.25,50066.11328125,0.00000006742006064541783,119.99040222167969
0.0009549999958835542,-0.00000004084685301108948,0.00012228409468661994,0.000712191394995898,-3.038909912109375,0.00010862108319997787,121.55635070800781,-250.47032165527344,-812183,40609.15234375,0.00000005009406578437847,119.10433197021484
0.0009599999757483602,-0.00000003555154748369205,0.00010522977390792221,0.0010590613819658756,-3.4108643531799316,0.0007907936815172434,136.4345245361328,-169.60073852539063,-584264.875,29213.244140625,0.000000033920148467814215,120.71463012695313
0.0009649999556131661,-0.000000029471440399220228,0.00008712996350368485,0.0012160215992480516,-3.619962215423584,0.001514785923063755,144.79844665527344,-99.07492065429688,-328450.125,16422.505859375,0.000000019814983431842847,119.77482604980469
0.0009699999936856329,-0.000000023368446733229575,0.0000688488653395325,0.0012205985840409994,-3.656219482421875,0.0022460296750068665,146.2487335205078,-42.43357849121094,-56953.00390625,2847.650146484375,0.000000008486715330491279,118.16140747070313
0.0009749999735504389,-0.000000017746883074210018,0.00005125933967065066,0.0011243128683418036,-3.5179052352905273,0.002949610585346818,140.71617126464844,-1.661934733390808,217263.390625,-10863.169921875,0.0000000003323869512961153,122.27928924560547
0.0009800000116229057,-0.000000012836949281336274,0.000035201221180614084,0.0009819867555052042,-3.2116236686706543,0.0035919351503252983,128.4648895263672,23.046411514282227,481106.25,-24055.3125,-0.000000004609282289180783,118.87779235839844
0.0009849999332800508,-0.000000008630284042965286,0.00002144122845493257,0.0008413329487666488,-2.7519984245300293,0.004142334684729576,110.07987976074219,33.20659637451172,721977.9375,-36098.8984375,-0.000000006641319050260108,121.10935974121094
0.0009899999713525176,-0.000000004956461907568155,0.000010636354090820532,0.0007347645005211234,-2.1609749794006348,0.0045745293609797955,86.43893432617188,31.658262252807617,928377.75,-46418.88671875,-0.000000006331652535607191,119.78916931152344
0.0009950000094249845,-0.000000001581946795781164,0.0000033024916774593294,0.0006749030435457826,-1.4667725563049316,0.004867883399128914,58.67083740234375,21.954010009765625,1090450.75,-54522.5390625,-0.000000004390801944254008,119.67448425292969
0.0009999999310821295,0.000000001690684037214396,-0.00000021019241103203967,0.0006545261712744832,-0.7025368213653564,0.005008390638977289,28.101409912109375,7.637072563171387,1200458.625,-60022.93359375,-0.000000001527414528190718,119.77482604980469
0.0010049999691545963,0.0000000049447872463304066,0.0000002660197822024202,0.0006508206715807319,0.095242440700531,0.0049893418326973915,-3.8097591400146484,-8.454524993896484,1253148.75,-62657.4375,0.0000000016909049715962965,120.90436553955078
0.0010100000072270632,0.000000008109635629693912,0.000004708390861196676,0.0006329696625471115,0.88847416639328,0.00481164688244462,-35.53902816772461,-24.725706100463867,1246005.5,-62300.27734375,0.000000004945141185430657,119.3175048828125
0.0010149999288842082,0.000000010966894947728179,0.000012904811228509061,0.0005714519647881389,1.6392842531204224,0.004483789671212435,-65.5714340209961,-41.10240173339844,1179369.875,-58968.49609375,0.000000008220480296472488,120.48192596435547
0.001019999966956675,0.000000013202408055690285,0.000024463932277285494,0.00044710273505188525,2.311824321746826,0.00402142433449626,-92.47303009033203,-58.99782943725586,1056423.5,-52821.17578125,0.000000011799565768910725,120.01920318603516
0.001025000005029142,0.000000014492543165545158,0.00003883384488290176,0.0002580269647296518,2.8739829063415527,0.0034466274082660675,-114.9593734741211,-80.97413635253906,883036.625,-44151.83203125,0.000000016194826812920837,120.03360748291016
0.001029999926686287,0.000000014606919229720461,0.000055328440794255584,0.000022875203285366297,3.2989187240600586,0.002786843338981271,-131.95681762695313,-110.16439056396484,667487.8125,-33374.390625,0.000000022032878632671782,119.73180389404297
0.0010349999647587538,0.000000013505405682678884,0.00007316015398828313,-0.00022030268155504018,3.566342830657959,0.0020735743455588818,-142.65377807617188,-149.5654754638672,420068.84375,-21003.443359375,0.00000002991309600020031,118.6943588256836
0.0010400000028312206,0.000000011407664146645402,0.00009147758828476071,-0.0004195483634248376,3.6634864807128906,0.0013408767990767956,-146.53952026367188,-201.33718872070313,152593.078125,-7629.65380859375,0.000000040267437384500226,120.8021240234375
0.0010449999244883657,0.000000008818180852188107,0.00010940614447463304,-0.0005178966675885022,3.5857114791870117,0.0006237342022359371,-143.42852783203125,-266.2419738769531,-122168.453125,6108.4228515625,0.00000005324839591480668,120.01920318603516
0.0010499999625608325,0.000000006497829829754664,0.0001260897988686338,-0.0004640701808966696,3.336731433868408,-0.000043612439185380936,-133.46932983398438,-343.3334045410156,-391096.84375,19554.841796875,0.0000000686666794535995,118.92020416259766
0.0010550000006332994,0.000000005382994494596005,0.000140731965075247,-0.000222967064473778,2.928434371948242,-0.0006292996113188565,-117.13743591308594,-429.95489501953125,-641351.75,32067.587890625,0.0000000859909761175004,121.62490844726563
0.0010599999222904444,0.000000006463311663651439,0.0001526335399830714,0.0002160634903702885,2.380314826965332,-0.001105362782254815,-95.212646484375,-522.0518188476563,-860984.375,43049.21875,0.00000010441036835118211,120.03360748291016
0.0010649999603629112,0.00000001063726884353855,0.00016122625675052404,0.0008347913390025496,1.718543529510498,-0.001449071685783565,-68.74179077148438,-614.7410888671875,-1039508,51975.40234375,0.00000012294822226976976,119.91845703125
0.001069999998435378,0.000000018569606297091923,0.00016609985323157161,0.0015864676097407937,0.9747180342674255,-0.0016440155450254679,-38.98876190185547,-703.0335083007813,-1168398.75,58419.9375,0.00000014060670139315334,119.83223724365234
0.001074999920092523,0.00000003057489550428727,0.00016702161519788206,0.0024010578636080027,0.18435338139533997,-0.001680886372923851,-7.374163627624512,-782.576416015625,-1241502.5,62075.125,0.00000015651528428861639,118.31519317626953
0.00107999995816499,0.000000046547562249088514,0.00016394755220972002,0.003194533521309495,-0.6148135662078857,-0.0015579237369820476,24.59252166748047,-850.279296875,-1255328.875,62766.4453125,0.00000017005585561946646,121.98097229003906
0.0010849999962374568,0.00000006595088564154139,0.00015702442033216357,0.0038806654047220945,-1.3846254348754883,-0.0012809988111257553,55.38499450683594,-904.7070922851563,-1209217.75,60460.88671875,0.00000018094141296387534,119.9328384399414
0.0010899999178946018,0.00000008786736316324095,0.0001465827808715403,0.0043832953087985516,-2.0883264541625977,-0.0008633336401544511,83.53303527832031,-946.1703491210938,-1105370.75,55268.5390625,0.00000018923407196780317,119.94721984863281
0.0010949999559670687,0.0000001111022669419981,0.0001331211969954893,0.004646981600672007,-2.692317485809326,-0.0003248703433200717,107.69265747070313,-976.4988403320313,-948746.1875,47437.30859375,0.00000019529976214016642,118.60989379882813
0.0010999999940395355,0.00000013432328671569849,0.00011728239769581705,0.004644203465431929,-3.167759895324707,0.00030868127942085266,126.7103271484375,-998.5419921875,-746822.3125,37341.1171875,0.00000019970839559846354,121.40342712402344
0.0011049999156966805,0.0000001562129767762599,0.00009982263145502657,0.004377939272671938,-3.491952896118164,0.0010070714633911848,139.67803955078125,-1015.494873046875,-509240.3125,25462.015625,0.0000002030989776358183,120.01920318603516
0.0011099999537691474,0.00000017560944343131268,0.00008157554839272052,0.003879292169585824,-3.6494174003601074,0.0017369544366374612,145.97659301757813,-1030.1783447265625,-247343.875,12367.1943359375,0.00000020603567918442423,119.16110229492188
0.0011149999918416142,0.0000001916129832579827,0.00006341237167362124,0.00320070912130177,-3.6326351165771484,0.0024634806904941797,145.30526733398438,-1044.4111328125,26362.353515625,-1318.11767578125,0.0000002088822270707169,120.62725830078125
0.0011199999134987593,0.000000203643779173035,0.00004620033723767847,0.0024061601143330336,-3.4424071311950684,0.0031519613694399595,137.69613647460938,-1058.5928955078125,298809.84375,-14940.4921875,0.0000002117185857741788,118.86366271972656
0.0011249999515712261,0.00000021144452944099612,0.00003076125358347781,0.0015601490158587694,-3.0878167152404785,0.0037695239298045635,123.51250457763672,-1071.58056640625,556990.1875,-27849.509765625,0.000000214316116853297,120.90436553955078
0.001129999989643693,0.00000021503258551547333,0.00001783228617568966,0.000717611750587821,-2.5857934951782227,0.004286681767553091,103.43157196044922,-1080.87890625,788576.25,-39428.8125,0.00000021617579193389247,120.30799102783203
0.0011350000277161598,0.00000021461529797761614,0.000008030746357690077,-0.00008345732931047678,-1.9603080749511719,0.004678742494434118,78.41214752197266,-1083.1126708984375,982510.5625,-49125.52734375,0.00000021662253857357427,119.9328384399414
0.0011399999493733048,0.00000021048843734661205,0.0000018246214494865853,-0.0008253730484284461,-1.241225004196167,0.004926986526697874,49.6488151550293,-1074.6888427734375,1129533.375,-56476.66796875,0.00000021493775648195879,118.84953308105469
0.0011449999874457717,0.00000020294027081035892,-0.0000004897672170045553,-0.001509633380919695,-0.4628777503967285,0.0050195613875985146,18.51492691040039,-1052.525390625,1222625,-61131.25,0.00000021050507825748355,121.53621673583984
0.0011500000255182385,0.00000019218178692881338,0.0000011980833960478776,-0.002151695778593421,0.3375701308250427,0.004952046554535627,-13.502986907958984,-1014.7073364257813,1257340.625,-62867.03125,0.000000202941464522155,119.91845703125
0.0011549999471753836,0.00000017831753496011515,0.000006807583758927649,-0.0027728492859750986,1.1219000816345215,0.004727665800601244,-44.876182556152344,-960.94482421875,1232022.625,-61601.1328125,0.00000019218896341044456,119.5743179321289
0.0011599999852478504,0.00000016136284841650195,0.00001607089870958589,-0.0033909364137798548,1.8526630401611328,0.004357132129371166,-74.10670471191406,-892.7462768554688,1147879.875,-57393.99609375,0.00000017854925715710124,120.1201171875
0.0011650000233203173,0.00000014130333170214726,0.000028545735403895378,-0.004011904820799828,2.494967460632324,0.0038581376429647207,-99.79888916015625,-813.2710571289063,1008929.875,-50446.49609375,0.00000016265421720618178,119.83223724365234
0.0011699999449774623,0.00000011818332978918988,0.00004363646439742297,-0.004624000750482082,3.01814603805542,0.0032545074354857206,-120.72602844238281,-726.8881225585938,821807.0625,-41090.35546875,0.00000014537762638155982,119.97600555419922
0.0011749999830499291,0.00000009220378416330277,0.00006062255488359369,-0.005195909179747105,3.3972182273864746,0.002575062680989504,-135.88893127441406,-638.5201416015625,595445.8125,-29772.291015625,0.00000012770402690875926,120.6563720703125
0.001180000021122396,0.00000006380696504493244,0.00007869298133300617,-0.005679364316165447,3.6140851974487305,0.0018522446043789387,-144.56361389160156,-552.8961791992188,340654.125,-17032.70703125,0.00000011057923643420509,119.63153839111328
0.001184999942779541,0.00000003372749901586758,0.0000969849425018765,-0.006015893071889877,3.6583919525146484,0.0011205652263015509,-146.3358917236328,-473.8493347167969,69597.3984375,-3479.869873046875,0.00000009476986662093623,115.48677825927734
0.0011899999808520079,0.0000000029949198676604283,0.00011462505790404975,-0.006146515719592571,3.5280232429504395,0.0004149595624767244,-141.1211395263672,-403.7893371582031,-204782.359375,10239.1181640625,0.00000008075786439576405,124.73493957519531
0.0011950000189244747,-0.000000027118272072357286,0.00013077107723802328,-0.006022638641297817,3.229203701019287,-0.00023088220041245222,-129.16835021972656,-343.44708251953125,-469384.5,23469.224609375,0.00000006868941682114382,120.16342163085938
0.0011999999405816197,-0.000000055198739801198826,0.00014465207641478628,-0.00561609398573637,2.7762012481689453,-0.0007861233316361904,-111.04823303222656,-291.9354248046875,-711575.1875,35578.76171875,0.00000005838708716510155,119.60292053222656
0.0012049999786540866,-0.0000000798306913907254,0.000155605303007178,-0.004926390014588833,2.1906447410583496,-0.0012242530938237906,-87.62596130371094,-247.1118927001953,-919790.625,45989.53125,0.00000004942237907812341,121.02142333984375
0.0012100000167265534,-0.0000000997493359022883,0.00016310776118189096,-0.0039837295189499855,1.5004925727844238,-0.0015243523521348834,-60.01985168457031,-206.1719207763672,-1084089.375,54204.46875,0.00000004123438301917304,119.5743179321289
0.0012149999383836985,-0.0000001139847753961476,0.00016680124099366367,-0.0028470875695347786,0.7386972904205322,-0.0016720923595130444,-29.548004150390625,-166.35708618164063,-1196626.625,59831.33203125,0.000000033271415844637886,119.76048278808594
0.0012199999764561653,-0.00000012197256182844285,0.00016650940233375877,-0.001597557682543993,-0.0583682656288147,-0.0016604190459474921,2.33465576171875,-125.64276885986328,-1252029.125,62601.45703125,0.000000025128553460262992,119.80352020263672
0.0012250000145286322,-0.00000012361266499283374,0.00016224617138504982,-0.00032802019268274307,-0.8526469469070435,-0.001489889807999134,34.10584259033203,-83.2720718383789,-1247651.625,62382.58203125,0.000000016654414736194667,120.35142517089844
0.0012299999361857772,-0.0000001192670140426344,0.0001542151003377512,0.0008691308321431279,-1.6062148809432983,-0.0011686468496918678,64.24859619140625,-40.03255081176758,-1183703.25,59185.1640625,0.00000000800651012156095,120.27904510498047
0.001234999974258244,-0.0000001096964652447241,0.00014279964671004564,0.0019141100347042084,-2.2830917835235596,-0.0007120283553376794,91.32369995117188,1.7772941589355469,-1063237.125,53161.85546875,-0.00000000035545882903775805,119.43150329589844
0.0012400000123307109,-0.00000009594819516678399,0.00012854485248681158,0.002749653533101082,-2.850959300994873,-0.0001418362371623516,114.03842163085938,38.688560485839844,-892005.1875,44600.26171875,-0.000000007737711804622904,120.3948974609375
0.001244999933987856,-0.00000007921285316569993,0.0001121313325711526,0.003347067628055811,-3.2827038764953613,0.0005147047922946513,131.30821228027344,66.64627838134766,-678183.125,33909.15625,-0.000000013329255921235017,119.80352020263672
0.0012499999720603228,-0.00000006067551794330939,0.00009434278035769239,0.003707466647028923,-3.557710647583008,0.001226247288286686,142.30848693847656,81.72822570800781,-431980.25,21599.013671875,-0.000000016345644837656437,120.1056900024414
0.0012550000101327896,-0.00000004138483333804288,0.00007602853293064982,0.0038581369444727898,-3.6628494262695313,0.0019588174764066935,146.51405334472656,80.8635025024414,-165151.828125,8257.591796875,-0.000000016172700512129268,119.99040222167969
0.0012599999317899346,-0.000000022160620005706733,0.000058063033065991476,0.003844842780381441,-3.593100070953369,0.002677437849342823,143.7240753173828,62.415687561035156,109562.03125,-5478.1015625,-0.000000012483137190599791,119.99040222167969
0.0012649999698624015,-0.000000003552541372187079,0.0000413040688727051,0.0037216157652437687,-3.351792812347412,0.003347796853631735,134.07179260253906,26.52019500732422,379044.65625,-18952.232421875,-0.000000005304038985798343,120.35142517089844
0.0012700000079348683,0.000000014147460092317488,0.000026551824703346938,0.0035400004126131535,-2.950448989868164,0.003937887027859688,118.01805114746094,-24.8879451751709,630429.25,-31521.462890625,0.000000004977589007637562,119.96160888671875
0.0012749999295920134,0.00000003084635125105706,0.000014510666005662642,0.003339778631925583,-2.408231735229492,0.0044195340014994144,96.32936096191406,-88.36228942871094,851713.0625,-42585.65234375,0.000000017672457275352826,115.98236846923828
0.0012799999676644802,0.00000004656073215869583,0.000005755518031946849,0.003142876084893942,-1.75102961063385,0.0047697401605546474,70.04127502441406,-159.49574279785156,1032330.5625,-51616.52734375,0.000000031899148211778083,122.95585632324219
0.001285000005736947,0.0000000613182535857959,0.0000007044077392492909,0.002951504196971655,-1.01022207736969,0.004971785005182028,40.408973693847656,-233.63182067871094,1163657.875,-58182.89453125,0.000000046726363223115186,120.33694458007813
0.001289999927394092,0.0000000750720374753655,-0.0000004014914338767994,0.0027507562190294266,-0.22117984294891357,0.005016021430492401,8.847286224365234,-306.6036682128906,1239424.625,-61971.23046875,0.0000000613207333799437,121.41816711425781
0.001294999965466559,0.00000008764704517716382,0.00000249062350121676,0.002515002153813839,0.578423023223877,0.0049003371968865395,-23.13682746887207,-375.36419677734375,1256013.25,-62800.6640625,0.00000007507284038865691,119.07597351074219
0.0013000000035390258,0.00000009873048156805453,0.000009242664418707136,0.002216686960309744,1.3504081964492798,0.004630255978554487,-54.0162353515625,-438.3902893066406,1212631.625,-60631.58203125,0.00000008767806036757975,118.28720092773438
0.0013049999251961708,0.00000010790881077582526,0.000019532244550646283,0.0018356660148128867,2.0579161643981934,0.004218673333525658,-82.31655883789063,-495.7880859375,1111351.125,-55567.55859375,0.00000009915761722822936,120.97750091552734
0.0013099999632686377,0.00000011474435979152986,0.00003286807259428315,0.0013671097112819552,2.667165756225586,0.0036852406337857246,-106.68655395507813,-549.0817260742188,957007.5,-47850.375,0.00000010981634801510154,119.94721984863281
0.0013150000013411045,0.00000011887576789604282,0.00004861341221840121,0.0008262816118076444,3.1490678787231445,0.0030554274562746286,-125.962646484375,-600.7294921875,756970.1875,-37848.51171875,0.00000012014589856335078,120.30799102783203
0.0013199999229982495,0.00000012012127115212934,0.00006601647328352556,0.00024910058709792793,3.4806127548217773,0.002359305275604129,-139.22445678710938,-653.4603881835938,520790.1875,-26039.509765625,0.0000001306920722754512,120.20675659179688
0.0013249999610707164,0.0000001185623546007264,0.00008424632687820122,-0.0003117831947747618,3.6459708213806152,0.0016301112482324243,-145.83880615234375,-709.560546875,259744.328125,-12987.216796875,0.0000001419121105072918,120.14898681640625
0.0013299999991431832,0.00000011458840987188523,0.00010243256110697985,-0.0007947884150780737,3.637246608734131,0.0009026620537042618,-145.48983764648438,-770.2476806640625,-13703.439453125,685.1719970703125,0.00000015404953046527226,120.03360748291016
0.0013349999208003283,0.00000010888990686908073,0.00011970684136031196,-0.0011397004127502441,3.4548563957214355,0.00021169084357097745,-138.19424438476563,-835.25244140625,-286496.875,14324.84375,0.00000016705048722087668,118.89192962646484
0.001339999958872795,0.00000010239703129855116,0.00013524439418688416,-0.001298574497923255,3.107509136199951,-0.0004098110366612673,-124.30037689208984,-902.6921997070313,-545611.0625,27280.552734375,0.00000018053843575671635,120.93360900878906
0.001344999996945262,0.0000000961710640012825,0.0001483033411204815,-0.001245192950591445,2.6117892265319824,-0.0009321690304204822,-104.47159576416016,-969.2606811523438,-778674.25,38933.71484375,0.00000019385213079203822,117.59172058105469
0.001349999918602407,0.00000009126480904342316,0.00015826016897335649,-0.0009812507778406143,1.991365909576416,-0.0013304423773661256,-79.65467071533203,-1030.7015380859375,-974558.4375,48727.921875,0.00000020614029949683754,122.2045669555664
0.0013549999566748738,0.00000008857469424583542,0.00016463948122691363,-0.000538022955879569,1.2758619785308838,-0.0015856149839237332,-51.03451919555664,-1082.4801025390625,-1123910.875,56195.54296875,0.00000021649601933404483,119.73180389404297
0.0013599999947473407,0.00000008870930656712517,0.00016713667719159275,0.00002692261477932334,0.49944007396698,-0.0016855031717568636,-19.977649688720703,-1120.5263671875,-1219600.5,60980.02734375,0.0000002241052783347186,120.36591339111328
0.0013649999164044857,0.00000009189680127974498,0.00016563253302592784,0.0006374985678121448,-0.3008282780647278,-0.0016253377543762326,12.0330810546875,-1141.912109375,-1257058.5,62852.92578125,0.00000022838243296519067,117.37089538574219
0.0013699999544769526,0.00000009794713662358845,0.0001601988624315709,0.001210066955536604,-1.086733102798462,-0.0014079913962632418,43.46927261352539,-1145.3363037109375,-1234496.375,61724.8203125,0.00000022906725405391626,122.71444702148438
0.0013749999925494194,0.00000010627577751165518,0.00015109511150512844,0.0016657274682074785,-1.8207504749298096,-0.0010438415920361876,72.8299560546875,-1131.3265380859375,-1152991.5,57649.57421875,0.00000022626529982971988,120.32246398925781
0.0013799999142065644,0.00000011598479687791041,0.00013875594595447183,0.0019418045412749052,-2.4678337574005127,-0.0005502752610482275,98.71327209472656,-1102.1212158203125,-1016435.3125,50821.765625,0.00000022042425484869455,120.5981674194336
0.0013849999522790313,0.0000001259875830328383,0.0001237705146195367,0.0020005579572170973,-2.997086763381958,0.000049141584895551205,119.88337707519531,-1061.2535400390625,-831347.875,41567.39453125,0.00000021225069701813482,119.87532806396484
0.0013899999903514981,0.00000013515587227175274,0.00010685432062018663,0.001833657966926694,-3.383239507675171,0.0007257888792082667,135.3294677734375,-1012.915771484375,-606566.5,30328.326171875,0.0000002025831520313659,119.8609619140625
0.0013949999120086432,0.00000014246454327349056,0.00008881504618329927,0.001461733365431428,-3.6078546047210693,0.001447359099984169,144.31405639648438,-961.2250366210938,-352823.6875,17641.185546875,0.00000019224501102144131,119.44577026367188
0.00139999995008111,0.00000014711058327065984,0.00007051401189528406,0.0009292084723711014,-3.660207509994507,0.0021793998312205076,146.40814208984375,-909.5252075195313,-82234.75,4111.73779296875,0.00000018190503681125847,120.46741485595703
0.0014049999881535769,0.00000014858802899198054,0.000052825023885816336,0.00029548993916250765,-3.5377981662750244,0.002886958420276642,141.51174926757813,-859.8583984375,192280.625,-9614.03125,0.0000001719716777870417,120.2501220703125
0.0014099999098107219,0.00000014670909820324596,0.00003659266803879291,-0.0003757855447474867,-3.246471643447876,0.003536251839250326,129.85867309570313,-812.7020874023438,457615.25,-22880.763671875,0.00000016254041668162245,119.8609619140625
0.0014149999478831887,0.00000014157204475395702,0.0000225919829972554,-0.0010274116648361087,-2.8001372814178467,0.004096278455108404,112.00529479980469,-767.02099609375,701100.375,-35055.01953125,0.00000015340420134180022,119.9040756225586
0.0014199999859556556,0.00000013348598315587878,0.000011491451914480422,-0.0016172128962352872,-2.220106363296509,0.0045402985997498035,88.80406188964844,-720.6201782226563,911110.4375,-45555.5234375,0.000000144124030043713,119.78916931152344
0.0014249999076128006,0.00000012287074468986248,0.000003821085556410253,-0.002123048761859536,-1.5340733528137207,0.004847112111747265,61.36274719238281,-670.7312622070313,1077618.125,-53880.90625,0.0000001341462478876565,119.77482604980469
0.0014299999456852674,0.00000011015372791689515,-0.000000052883478929288685,-0.002543403534218669,-0.7747938632965088,0.005002069752663374,30.99156951904297,-614.71875,1192673.375,-59633.66796875,0.00000012294374585053447,117.6885986328125
0.0014349999837577343,0.00000009568566383677535,0.00000005451187234939425,-0.0028936127200722694,0.02147907018661499,0.0049977730959653854,-0.8593463897705078,-550.7687377929688,1250782.625,-62539.1328125,0.00000011015374212774987,121.63970184326172
0.0014400000218302011,0.00000007969254767203893,0.000004138143594900612,-0.003198623191565275,0.8167263269424438,0.004834427032619715,-32.66923522949219,-478.4283752441406,1249171.5,-62458.57421875,0.00000009568567804763006,121.43290710449219
0.0014449999434873462,0.0000000622732514443669,0.000012003031770291273,-0.003483859822154045,1.5729776620864868,0.004519830457866192,-62.919288635253906,-398.8908386230469,1187916.75,-59395.83984375,0.00000007977816807169802,119.87532806396484
0.001449999981559813,0.000000043442586417086204,0.00002327365473320242,-0.0037661329843103886,2.254124641418457,0.00406900467351079,-90.16516876220703,-314.96807861328125,1069943.25,-53497.1640625,0.00000006299361388073521,119.67448425292969
0.0014550000196322799,0.000000023210011690366628,0.00003741187902051024,-0.004046515095978975,2.8276448249816895,0.003503474872559309,-113.1059799194336,-230.75450134277344,900883.625,-45044.18359375,0.00000004615090176685044,117.1783447265625
0.001459999941289425,0.0000000016763834764788044,0.00005374265310820192,-0.004306725692003965,3.2661547660827637,0.002850242890417576,-130.64637756347656,-151.041259765625,688810,-34440.5,0.00000003020825189992138,123.2437744140625
0.0014649999793618917,-0.000000020873047290592694,0.00007148623990360647,-0.004509886261075735,3.5487170219421387,0.002140498487278819,-141.94886779785156,-80.58872985839844,443848.125,-22192.40625,0.000000016117745360588742,120.06243133544922
0.0014700000174343586,-0.00000004390127372744246,0.00008979544509202242,-0.004605645779520273,3.6618404388427734,0.0014081294648349285,-146.4738006591797,-23.391834259033203,177694.046875,-8884.7021484375,0.000000004678367027111108,120.23566436767578
0.0014749999390915036,-0.0000000665953479028758,0.00010779606236610562,-0.004538815002888441,3.600123882293701,0.0006881037843413651,-144.00514221191406,17.9257755279541,-96944.2890625,4847.21435546875,-0.0000000035851550617138628,119.9040756225586
0.0014799999771639705,-0.00000008789510275164503,0.00012462862650863826,-0.004259950947016478,3.366513729095459,0.000014800054486840963,-134.66075134277344,42.47685623168945,-366953.875,18347.693359375,-0.000000008495371517369676,120.13455200195313
0.0014850000152364373,-0.00000010657462468088852,0.00013948944979347289,-0.0037359041161835194,2.9721646308898926,-0.0005796337500214577,-118.88676452636719,51.167964935302734,-619442.75,30972.138671875,-0.000000010233592639963263,119.44577026367188
0.0014899999368935823,-0.00000012136618465774518,0.00015166898083407432,-0.0029583130963146687,2.4359049797058105,-0.001066815573722124,-97.43635559082031,46.440185546875,-842355.375,42117.76953125,-0.00000000928803700617209,119.88970184326172
0.0014949999749660492,-0.00000013110800978211046,0.00016058568144217134,-0.0019483640789985657,1.7833396196365356,-0.001423484180122614,-71.33370971679688,31.74357032775879,-1025048.5,51252.42578125,-0.00000000634871399896042,120.33694458007813
0.001500000013038516,-0.00000013489199091054616,0.0001658138062339276,-0.0007567957509309053,1.0456260442733765,-0.0016326098702847958,-41.82513427734375,10.845602035522461,-1158799.125,57939.95703125,-0.000000002169120438821892,119.81787872314453
0.001504999934695661,-0.00000013218694050465274,0.00016710374620743096,0.0005410095909610391,0.25798752903938293,-0.0016842075856402516,-10.319554328918457,-12.89594841003418,-1237221.25,61861.0625,0.000000002579189750662181,119.78916931152344
0.001509999972768128,-0.000000122916375744353,0.0001643939031055197,0.0018541133031249046,-0.541968822479248,-0.0015758138615638018,21.678747177124023,-37.15727233886719,-1256570.375,62828.51953125,0.000000007431454562834006,120.8021240234375
0.0015150000108405948,-0.0000001074774402809453,0.00015781365800648928,0.0030877869576215744,-1.316048264503479,-0.0013126040576025844,52.64196014404297,-61.0523681640625,-1215922.625,60796.1328125,0.00000001221047352117921,119.21793365478516
0.0015199999324977398,-0.00000008669763928992325,0.00014767720131203532,0.004155959468334913,-2.0272910594940186,-0.0009071455569937825,81.09170532226563,-85.24183654785156,-1117218.875,55860.9453125,0.000000017048368050609497,118.07769775390625
0.0015249999705702066,-0.00000006173648614549165,0.0001344685151707381,0.004992231260985136,-2.641738176345825,-0.00037879758747294545,105.66960144042969,-111.72586059570313,-965171.875,48258.59375,0.000000022345172823179382,121.80268096923828
0.0015300000086426735,-0.000000033948527544680474,0.00011881825776072219,0.005557592026889324,-3.130051374435425,0.0002472131163813174,125.2021484375,-143.3621826171875,-767041.3125,38352.06640625,0.000000028672435092857995,119.83223724365234
0.0015349999302998185,-0.000000004730555502874267,0.00010147367720492184,0.005843594670295715,-3.4689157009124756,0.0009409968042746186,138.75674438476563,-183.20181274414063,-532287.25,26614.36328125,0.00000003664036185568875,120.75836181640625
0.0015399999683722854,0.000000024622249128469775,0.0000832629157230258,0.0058705611154437065,-3.6421515941619873,0.0016694277292117476,145.68618774414063,-233.76983642578125,-272118.3125,13605.916015625,0.000000046753967808399466,119.9040756225586
0.0015450000064447522,0.000000053028728075332765,0.00006505547935375944,0.0056812958791852,-3.6414873600006104,0.002397725824266672,145.65960693359375,-296.4289855957031,1043.2916259765625,-52.164581298828125,0.000000059285799380859316,116.29259490966797
0.0015499999281018972,0.0000000796867212216057,0.00004772070678882301,0.005331599153578281,-3.4669549465179443,0.0030911173671483994,138.67831420898438,-370.948974609375,274155.0625,-13707.7529296875,0.00000007418979208750898,123.93109130859375
0.001554999966174364,0.0000001040838313315362,0.00003208626731066033,0.0048794224858284,-3.126887559890747,0.003716495353728533,125.07561492919922,-455.3652038574219,534176.875,-26708.84375,0.00000009107304066446886,119.6458511352539
0.001560000004246831,0.00000012595737075571378,0.000018898657799581997,0.004374708980321884,-2.637521982192993,0.004244000185281038,105.50099182128906,-546.1573486328125,768693.625,-38434.68359375,0.00000010923147186758797,119.6458511352539
0.001564999925903976,0.00000014521640423481585,0.000008787536899035331,0.0038518067449331284,-2.022224187850952,0.004648445639759302,80.88906860351563,-638.7158203125,966507.9375,-48325.3984375,0.00000012774316360264493,120.72920227050781
0.0015699999639764428,0.00000016184533535579249,0.000002235676674899878,0.0033257855102419853,-1.3103721141815186,0.004910520277917385,52.41497802734375,-728.0125732421875,1118174.875,-55908.74609375,0.0000001456025131574279,120.09127044677734
0.0015750000020489097,0.00000017581145073108928,-0.0000004440937573235715,0.002793222665786743,-0.5359541177749634,0.005017711780965328,21.438262939453125,-809.3516845703125,1216452.875,-60822.64453125,0.00000016187033224923653,120.13455200195313
0.0015799999237060547,0.00000018699718395964737,0.0000008761750223129638,0.0022371471859514713,0.2640537619590759,0.004964901600033045,-10.562053680419922,-879.0621337890625,1256649.5,-62832.4765625,0.00000017581243128006463,119.84659576416016
0.0015849999617785215,0.00000019517220550824277,0.000006133444912848063,0.0016350054647773504,1.0514540672302246,0.004754611290991306,-42.058067321777344,-935.005126953125,1236845.625,-61842.28125,0.00000018700102089042048,120.19230651855469
0.0015899999998509884,0.0000002000118968226161,0.000015076700947247446,0.0009679388604126871,1.7886512279510498,0.004396881442517042,-71.54595184326172,-976.801513671875,1157986.625,-57899.33203125,0.00000019536030038125318,119.71746826171875
0.0015949999215081334,0.00000020115886911753478,0.00002727893297560513,0.0002293944708071649,2.440446615219116,0.0039087925106287,-97.6177749633789,-1005.7421264648438,1023837.875,-51191.89453125,0.0000002011484241393191,119.68881225585938
0.0015999999595806003,0.00000019831500708278327,0.000042157527786912397,-0.0005687737721018493,2.9757192134857178,0.0033136492129415274,-119.02867889404297,-1024.3978271484375,840804.5,-42040.2265625,0.00000020487956930992368,120.03360748291016
0.0016049999976530671,0.00000019134462547754083,0.000059002086345572025,-0.001394075807183981,3.3689115047454834,0.00263986736536026,-134.7563934326172,-1036.00634765625,617625.6875,-30881.28515625,0.0000002072012676990198,120.22120666503906
0.0016099999193102121,0.00000018036645599295298,0.00007700834248680621,-0.0021956348791718483,3.601250410079956,0.0019196176435798407,-144.04995727539063,-1043.754150390625,364957.40625,-18247.87109375,0.00000020875081929716544,120.26457977294922
0.001614999957382679,0.0000001658132191550976,0.00009531655086902902,-0.002910648938268423,3.661641836166382,0.0011872894829139113,-146.46563720703125,-1050.089111328125,94863.671875,-4743.18359375,0.0000002100178164710087,119.83223724365234
0.0016199999954551458,0.0000001484433909126892,0.0001130525633925572,-0.0034739659167826176,3.5472028255462646,0.0004778490401804447,-141.88809204101563,-1056.19677734375,-179759.453125,8987.97265625,0.00000021123935312061803,120.17786407470703
0.0016249999171122909,0.0000001292981863798559,0.0001293695531785488,-0.0038290410302579403,3.263397455215454,-0.0001748303766362369,-130.535888671875,-1061.7384033203125,-445799.6875,22289.984375,0.00000021234768610156607,119.99040222167969
0.0016299999551847577,0.00000010960696528172775,0.00014348843251354992,-0.003938244190067053,2.8237762451171875,-0.0007395856664516032,-112.95106506347656,-1064.9022216796875,-690554.5625,34527.73046875,0.00000021298045282946987,119.94721984863281
0.0016349999932572246,0.00000009065419703802036,0.00015473508392460644,-0.0037905541248619556,2.2493295669555664,-0.0011894517811015248,-89.97322082519531,-1062.75732421875,-902337.875,45116.89453125,0.00000021255145554732735,114.48197174072266
0.0016399999149143696,0.00000007362855569681415,0.00016257251263596117,-0.0034051286056637764,1.5674855709075928,-0.001502949045971036,-62.699466705322266,-1051.84375,-1071037.75,53551.88671875,0.0000002103687393173459,126.27857208251953
0.0016449999529868364,0.00000005947866910105404,0.00016662651614751667,-0.002829977311193943,0.810799777507782,-0.0016651091864332557,-32.43203353881836,-1028.887451171875,-1188599.25,59429.96484375,0.00000020577748216510372,119.88970184326172
0.0016499999910593033,0.00000004879944981439621,0.00016670352488290519,-0.0021358439698815346,0.015401124954223633,-0.0016681896522641182,-0.6160860061645508,-991.5023193359375,-1249409.375,62470.46875,0.00000019830046937840962,120.04801940917969
0.0016549999127164483,0.00000004176801127186991,0.00016279985720757395,-0.0014062875416129827,-0.7807329297065735,-0.0015120432944968343,31.229278564453125,-938.748046875,-1250564.625,62528.23046875,0.00000018774960608425317,119.99040222167969
0.0016599999507889152,0.00000003813979532196754,0.00015510190860368311,-0.0007256432436406612,-1.539589762687683,-0.0012041255831718445,61.58355712890625,-871.4342041015625,-1192009.75,59600.48828125,0.00000017428683918296883,120.17786407470703
0.001664999988861382,0.00000003730513142841119,0.00014397723134607077,-0.0001669329940341413,-2.2249367237091064,-0.0007591383764520288,88.9974365234375,-792.1134033203125,-1076540.625,53827.03125,0.00000015842267941934551,119.67448425292969
0.001669999910518527,0.000000038396102297610923,0.00012995698489248753,0.00021819386165589094,-2.8040506839752197,-0.0001983284018933773,112.16200256347656,-704.7612915039063,-909670.4375,45483.5234375,0.0000001409522525364082,119.97600555419922
0.0016749999485909939,0.00000004042504997414653,0.00011371057917131111,0.00040578958578407764,-3.249281644821167,0.0004515277687460184,129.9712371826172,-614.2006225585938,-699366.75,34968.33984375,0.00000012284012029795122,119.6458511352539
0.0016799999866634607,0.00000004243097961875719,0.00009601372585166246,0.00040118565084412694,-3.5393707752227783,0.00115940161049366,141.5747833251953,-525.3773803710938,-455670.6875,22783.53515625,0.00000010507547898441771,120.38040161132813
0.0016849999083206058,0.0000000436093507971691,0.0000777113891672343,0.00023567391326650977,-3.6604673862457275,0.0018914948450401425,146.4186553955078,-442.6206359863281,-190217.984375,9510.8994140625,0.00000008852412491933137,119.76048278808594
0.0016899999463930726,0.00000004340451553730418,0.00005967744073132053,-0.00004096724296687171,-3.6067898273468018,0.002612852491438389,144.2715301513672,-369.0231628417969,84316.9921875,-4215.849609375,0.00000007380463529216286,119.97600555419922
0.0016949999844655395,0.00000004155144495143759,0.00004277293919585645,-0.0003706142888404429,-3.3809006214141846,0.0032890322618186474,135.23594665527344,-306.05743408203125,354826.125,-17741.306640625,0.00000006121148743432059,120.49644470214844
0.0016999999061226845,0.00000003806314197163374,0.00002780501381494105,-0.0006976604927331209,-2.9935853481292725,0.003887748811393976,119.74333190917969,-253.49530029296875,608393.5625,-30419.677734375,0.00000005069906094945509,119.53143310546875
0.0017049999441951513,0.00000003317034469318969,0.000015488329154322855,-0.0009785593720152974,-2.463336944580078,0.0043804156593978405,98.53338623046875,-209.6436767578125,832912.375,-41645.62109375,0.000000041928736038698844,120.38040161132813
0.0017099999822676182,0.000000027228818311186842,0.000006410964488168247,-0.0011883050901815295,-1.815472960472107,0.00474350992590189,72.61882019042969,-171.84893798828125,1017662.5,-50883.125,0.000000034369787016430564,115.83458709716797
0.0017149999039247632,0.00000002061520554264007,0.0000010063317859021481,-0.0013227226445451379,-1.080926537513733,0.00495969457551837,43.236961364746094,-137.17160034179688,1153822.875,-57691.14453125,0.00000002743431970486654,124.05408477783203
0.00171999994199723,0.000000013633854045735916,-0.0000004675169975598692,-0.0013962703524157405,-0.2947697639465332,0.005018648225814104,11.790690422058105,-103.10134887695313,1234892.25,-61744.61328125,0.0000000206202699359892,118.86366271972656
0.001724999980069697,0.0000000064542016176005745,0.0000020597890397766605,-0.001435930491425097,0.5054612159729004,0.00491755548864603,-20.218547821044922,-68.17473602294922,1256999.875,-62849.99609375,0.000000013634946505192147,116.61807250976563
0.001729999901726842,-0.0000000009084404339887442,0.00000846757939143572,-0.0014725284418091178,1.2815580368041992,0.004661243408918381,-51.26242446899414,-32.3770751953125,1219090.125,-60954.5078125,0.000000006475415315065902,125.81781768798828
0.0017349999397993088,-0.000000008565006481831006,0.000018449904018780217,-0.0015313132898882031,1.9964649677276611,0.00426195003092289,-79.85869598388672,2.749704599380493,1122973.125,-56148.65625,-0.0000000005499409261311428,119.3602294921875
0.0017399999778717756,-0.00000001668390581244239,0.00003153014404233545,-0.0016237801173701882,2.6160476207733154,0.0037387399934232235,-104.64200592041016,34.31505584716797,973238.125,-48661.90625,-0.0000000068630114924417285,120.8459243774414
0.0017449998995289207,-0.000000025396245106890092,0.00004708376218331978,-0.0017424678662791848,3.1107232570648193,0.003116594860330224,-124.42902374267578,58.565773010253906,777034.4375,-38851.72265625,-0.0000000117131548904581,118.2452392578125
0.0017499999376013875,-0.000000034695705863896364,0.00006436812691390514,-0.0018598920432850718,3.4568727016448975,0.002425219863653183,-138.27499389648438,71.55919647216797,543730.0625,-27186.50390625,-0.000000014311839713343488,120.90436553955078
0.0017549999756738544,-0.00000004435551659298653,0.00008255797001766041,-0.001931962207891047,3.6379683017730713,0.001697625732049346,-145.51882934570313,69.89710998535156,284464.5,-14223.2255859375,-0.000000013979422064380742,119.37448120117188
0.0017599998973309994,-0.000000053882299511087695,0.00010078478953801095,-0.001905356883071363,3.6453635692596436,0.0009685525437816978,-145.81463623046875,51.382080078125,11616.744140625,-580.8372192382813,-0.000000010276416162469104,120.43839263916016
0.0017649999354034662,-0.00000006252000162021432,0.00011817831546068192,-0.0017275410937145352,3.478705644607544,0.0002728109830059111,-139.1483154296875,15.472084045410156,-261785.65625,13089.283203125,-0.0000000030944167228597053,120.1201171875
0.001769999973475933,-0.00000006930784479663998,0.000133908077259548,-0.0013575684279203415,3.145951986312866,-0.0003563797799870372,-125.8381576538086,-36.55293655395508,-522688.6875,26134.435546875,0.000000007310587690767534,119.04762268066406
0.0017750000115484,-0.00000007318592309957239,0.000147223036037758,-0.0007756161503493786,2.6629903316497803,-0.0008889781311154366,-106.5196762084961,-101.74520874023438,-758635.125,37931.7578125,0.000000020349041562894854,121.10935974121094
0.001779999933205545,-0.00000007313290950605733,0.00015748743317089975,0.000010602641850709915,2.05288028717041,-0.0012995543656870723,-82.1152572631836,-175.93603515625,-958359.4375,47917.97265625,0.00000003518720603779002,119.80352020263672
0.0017849999712780118,-0.00000006831358945191823,0.00016421118925791234,0.0009638640913181007,1.344752550125122,-0.0015685049584135413,-53.790122985839844,-254.39280700683594,-1112325.5,55616.27734375,0.000000050878561808076483,120.1056900024414
0.0017900000093504786,-0.000000058211551134945694,0.00016707327449694276,0.0020204074680805206,0.5724177360534668,-0.00168298848439008,-22.896699905395508,-332.5649108886719,-1213181.875,60659.09375,0.00000006651298178894649,119.88970184326172
0.0017949999310076237,-0.000000042724188631382276,0.00016593703185208142,0.003097472246736288,-0.227247953414917,-0.0016375386621803045,9.089956283569336,-406.7791442871094,-1256113.125,62805.65625,0.00000008135582874047032,118.75074005126953
0.0017999999690800905,-0.00000002220333961133747,0.00016085671086329967,0.004104170016944408,-1.0160634517669678,-0.0014343257062137127,40.64259719848633,-474.75634765625,-1239069.375,61953.46875,0.00000009495126818137578,121.05072021484375
0.0018050000071525574,0.000000002565956336297859,0.00015207487740553916,0.004953859373927116,-1.7563655376434326,-0.0010830522514879704,70.25469207763672,-535.8550415039063,-1162864.375,58143.21875,0.0000001071710116207214,120.03360748291016
0.0018099999288097024,0.00000003044545948682753,0.00014001084491610527,0.00557590089738369,-2.4128072261810303,-0.0006004904280416667,96.51236724853516,-590.9986572265625,-1031136.75,51556.83984375,0.00000011819972911553123,120.40939331054688
0.0018149999668821692,0.0000000600694107788513,0.00012524062185548246,0.005924791097640991,-2.9540460109710693,-0.000009680865332484245,118.16191864013672,-642.3028564453125,-850176,42508.80078125,0.00000012846057018123247,114.7842025756836
0.001820000004954636,0.00000008999516865060286,0.00010846942313946784,0.005985151045024395,-3.3542397022247314,0.0006611673743464053,134.16964721679688,-692.4769897460938,-628622.3125,31431.115234375,0.00000013849539470811578,125.20345306396484
0.0018249999266117811,0.00000011885417450230307,0.0000904980261111632,0.005771801806986332,-3.5942800045013428,0.0013800235465168953,143.771240234375,-744.1159057617188,-377054.15625,18852.708984375,0.00000014882317600495298,119.9328384399414
0.001829999964684248,0.00000014547944715559424,0.00007218449900392443,0.005325055681169033,-3.662706136703491,0.0021125648636370897,146.50827026367188,-799.0178833007813,-107483.015625,5374.15087890625,0.00000015980357659373112,120.6563720703125
0.0018350000027567148,0.00000016899048205232248,0.00005440324457595125,0.004702206701040268,-3.556250810623169,0.0028238152153789997,142.25006103515625,-857.662109375,167220.03125,-8361.001953125,0.0000001715324202677948,119.41724395751953
0.0018399999244138598,0.00000018882496988226194,0.00003800325794145465,0.00396689772605896,-3.2799971103668213,0.0034798146225512028,131.19989013671875,-918.9451293945313,433938.90625,-21696.9453125,0.00000018378902666427166,120.5109634399414
0.0018449999624863267,0.00000020471678396916104,0.000023767584934830666,0.003178361803293228,-2.847134828567505,0.004049241542816162,113.88539123535156,-980.23095703125,679938.6875,-33996.93359375,0.0000001960461872840824,119.71746826171875
0.0018500000005587935,0.00000021662951610323944,0.000012375925507512875,0.002382547128945589,-2.278331995010376,0.004504907876253128,91.13327026367188,-1037.706298828125,893473.8125,-44673.69140625,0.00000020754126239808102,120.17786407470703
0.0018549999222159386,0.00000022466301174972614,0.000004372192961454857,0.0016066990792751312,-1.6007466316223145,0.004825056996196508,64.02984619140625,-1086.9766845703125,1064348.75,-53217.4375,0.00000021739533906384167,119.53143310546875
0.0018599999602884054,0.00000022895453355431528,0.00000013853696145815775,0.0008583033923059702,-0.8467311859130859,0.004994403105229139,33.869224548339844,-1123.79296875,1184404.75,-59220.23828125,0.00000022475859395854059,119.87532806396484
0.0018649999983608723,0.00000022959662260291225,-0.00000012289913797758345,0.00012841762509196997,-0.05228722095489502,0.005004860460758209,2.09146785736084,-1144.773193359375,1247909.625,-62395.48046875,0.00000022895463303029828,120.62725830078125
0.0018699999200180173,0.00000022658946363662835,0.000003600366881073569,-0.000601431995164603,0.7446532249450684,0.004855929873883724,-29.786148071289063,-1147.9835205078125,1251831.125,-62591.55859375,0.00000022959669365718582,119.9328384399414
0.0018749999580904841,0.00000021983792919400003,0.000011130560778838117,-0.0013503074878826737,1.5060389041900635,0.0045547219924628735,-60.2415771484375,-1133.2713623046875,1195982.125,-59799.10546875,0.0000002266542793449844,119.5743179321289
0.001879999996162951,0.000000209193984801459,0.000022108142729848623,-0.0021287875715643167,2.195516347885132,0.0041156187653541565,-87.82069396972656,-1102.286865234375,1083029.125,-54151.45703125,0.00000022045738035103568,119.9040756225586
0.001884999917820096,0.0000001945354597410187,0.00003600897252908908,-0.0029317063745111227,2.780165910720825,0.003559585427865386,-111.20668029785156,-1058.1890869140625,918365.375,-45918.26953125,0.0000002116378254868323,120.5109634399414
0.0018899999558925629,0.00000017586398826097138,0.00005216933277552016,-0.0037342950236052275,3.232072114944458,0.002913170726969838,-129.28292846679688,-1005.0933837890625,709852.875,-35492.64453125,0.0000002010186790357693,120.13455200195313
0.0018949999939650297,0.0000001534007338932497,0.00006981762271607295,-0.004492652136832476,3.529658079147339,0.0022072389256209135,-141.18637084960938,-947.3607788085938,467447.375,-23372.369140625,0.00000018947216062770167,120.13455200195313
0.0018999999156221747,0.0000001276576000464047,0.00008811119914753363,-0.005148626398295164,3.658715009689331,0.0014754956355318427,-146.34866333007813,-888.8660278320313,202722.90625,-10136.1455078125,0.00000017777320238110406,117.67474365234375
0.0019049999536946416,0.00000009946597145926717,0.00010617660882417113,-0.0056383260525763035,3.613081216812134,0.00075287907384336,-144.5233154296875,-832.3773193359375,-71680.8515625,3584.042724609375,0.00000016647545919568074,116.26554870605469
0.0019099999917671084,0.0000000699522715308376,0.000123151286970824,-0.005902739707380533,3.394935369491577,0.00007389165693894029,-135.7974853515625,-779.1663208007813,-342662.15625,17133.107421875,0.0000001558332627382697,126.19889068603516
0.0019149999134242535,0.00000004045971735422427,0.00013822475739289075,-0.005898510571569204,3.014693021774292,-0.0005290473345667124,-120.58780670166016,-728.9169311523438,-597282.5,29864.125,0.00000014578338891624298,119.67448425292969
0.0019199999514967203,0.00000001242556457725641,0.0001506773114670068,-0.005606830585747957,2.4905099868774414,-0.00102714984677732,-99.62049102783203,-679.9502563476563,-823384.6875,41169.234375,0.0000001359900494435351,120.5400161743164
0.0019249999895691872,-0.000000012768049728606456,0.00015991438704077154,-0.005038722883909941,1.8474140167236328,-0.0013966331025585532,-73.89664459228516,-629.7186889648438,-1010173.1875,50508.66015625,0.0000001259437425460419,120.13455200195313
0.0019299999112263322,-0.000000033946157884656714,0.00016549494466744363,-0.0042356220073997974,1.1161105632781982,-0.0016198555240407586,-44.64448547363281,-575.4747314453125,-1148729.5,57436.4765625,0.00000011509494157735389,119.97600555419922
0.001934999949298799,-0.00000005027119698297611,0.00016715252422727644,-0.003265007399022579,0.33151665329933167,-0.0016861590556800365,-13.26070785522461,-514.9833984375,-1232438,61621.90234375,0.00000010299667962954118,119.04762268066406
0.0019399999873712659,-0.00000006132989938123501,0.00016480799240525812,-0.002211740706115961,-0.46890589594841003,-0.0015923780156299472,18.75621795654297,-447.14300537109375,-1257301.875,62865.09375,0.00000008942860318938983,120.68549346923828
0.001944999909028411,-0.00000006716265232853402,0.00015857329708524048,-0.0011665504425764084,-1.2469398975372314,-0.001342989969998598,49.877601623535156,-372.392333984375,-1222134,61106.69921875,0.00000007447846428476623,120.04801940917969
0.0019499999471008778,-0.00000006823076859063804,0.000148746112245135,-0.00021362281404435635,-1.9654371738433838,-0.0009499024017713964,78.61751556396484,-292.82403564453125,-1128613.625,56430.68359375,0.000000058564804561456185,120.00479888916016
0.0019549999851733446,-0.00000006532788887625429,0.00013579564983956516,0.0005805754917673767,-2.5900917053222656,-0.0004318837891332805,103.60372161865234,-211.9813690185547,-981205.875,49060.29296875,0.00000004239627315882899,116.63167572021484
0.0019600000232458115,-0.000000059451135570043334,0.00012034025712637231,0.0011753503931686282,-3.091078758239746,0.00018633226864039898,123.6432113647461,-134.37210083007813,-786949,39347.44921875,0.000000026874420910871777,123.4415512084961
0.0019650000613182783,-0.000000051654204469286924,0.00010311786900274456,0.0015593859134241939,-3.4444775581359863,0.0008752281428314745,137.7791748046875,-64.78883361816406,-555118.0625,27755.904296875,0.000000012957767303589662,120.19230651855469
0.0019699998665601015,-0.000000042907203123832005,0.00008495079237036407,0.0017494003986939788,-3.6334147453308105,0.0016019114991649985,145.336669921875,-7.561413288116455,-296782.15625,14839.1083984375,0.000000001512282632454287,119.41724395751953
0.0019749999046325684,-0.00000003398594827785928,0.00006670644506812096,0.0017842507222667336,-3.648869037628174,0.0023316857405006886,145.95486450195313,34.12004470825195,-24275.953125,1213.7977294921875,-0.000000006824008913497437,120.5400161743164
0.001979999942705035,-0.000000025407427273194116,0.00004925593384541571,0.0017157039837911725,-3.490102767944336,0.0030297068879008293,139.60421752929688,58.685970306396484,249389.359375,-12469.4677734375,-0.000000011737194327565703,118.99095916748047
0.001984999980777502,-0.000000017419012010577717,0.00003343245043652132,0.0015976830618456006,-3.164696216583252,0.003662646748125553,126.58795928955078,66.38345336914063,511147.21875,-25557.361328125,-0.000000013276689969643485,120.07685089111328
0.001990000018849969,-0.000000010038855080551912,0.00001999151754716877,0.0014760313788428903,-2.6881866455078125,0.004200284369289875,107.52757263183594,59.15184020996094,748499.5625,-37424.98046875,-0.000000011830367796505925,120.81671905517578
0.0019950000569224358,-0.0000000031353342144768703,0.000009574891009833664,0.0013807042269036174,-2.0833253860473633,0.004616950172930956,83.3331298828125,40.202754974365234,950113.6875,-47505.68359375,-0.000000008040551335852797,115.94203186035156
0.001999999862164259,0.000000003473596521530453,0.0000026799284569278825,0.001321786199696362,-1.3789925575256348,0.00489274924620986,55.159820556640625,13.3847074508667,1106363.25,-55318.1640625,-0.000000002676941557311352,124.36264038085938
0.002004999900236726,0.000000009923471822048668,-0.0000003641598596004769,0.0012899750145152211,-0.6088176965713501,0.005014513619244099,24.352828979492188,-17.54753303527832,1209787.875,-60489.39453125,0.000000003509506685261954,120.32246398925781
0.0020099999383091927,0.000000016229952493063138,0.0000005879710442968644,0.0012612960999831557,0.19042618572711945,0.004976429045200348,-7.616924285888672,-49.62067794799805,1255449.375,-62772.46875,0.000000009924135291328184,119.84659576416016
0.0020149999763816595,0.000000022254868170534792,0.0000054908609854464885,0.0012049832148477435,0.9805780053138733,0.004780313931405544,-39.222999572753906,-81.15840148925781,1241167.625,-62058.3828125,0.000000016231680888267874,119.76048278808594
0.0020200000144541264,0.000000027719110562429705,0.000014110415577306412,0.001092848484404385,1.7239108085632324,0.004435532260686159,-68.95630645751953,-112.028076171875,1167624.375,-58381.21875,0.000000022405615140996815,120.00479888916016
0.002025000052526593,0.000000032259979576565456,0.000026035078917630017,0.0009081739699468017,2.3849329948425293,0.003958546090871096,-95.3971939086914,-143.57315063476563,1038331.25,-51916.5625,0.00000002871462889686427,119.94721984863281
0.0020299998577684164,0.000000035521221519729806,0.00004069549322593957,0.0006522483890876174,2.9320831298828125,0.0033721299842000008,-117.28319549560547,-178.2455291748047,859461.4375,-42973.07421875,0.00000003564910500131191,119.9328384399414
0.0020349998958408833,0.00000003725687136579836,0.000057391676818951964,0.0003471297677606344,3.3392367362976074,0.002704283222556114,-133.5693359375,-219.00917053222656,639555.375,-31977.76953125,0.00000004380183327157283,119.09014892578125
0.00203999993391335,0.000000037426602261803055,0.0000753264466766268,0.00003394621307961643,3.586953639984131,0.0019868933595716953,-143.47799682617188,-268.6294250488281,389112.8125,-19455.640625,0.000000053725887738664824,121.13870239257813
0.002044999971985817,0.00000003626119848831877,0.000093643473519478,-0.00023308093659579754,3.6634058952331543,0.0012542128097265959,-146.53610229492188,-328.9847717285156,120091.5,-6004.5751953125,0.00000006579695366326632,120.16342163085938
0.002050000010058284,0.00000003428187156373497,0.0001114681945182383,-0.00039586512139067054,3.564943790435791,0.0005412247264757752,-142.59762573242188,-400.5333557128906,-154663.71875,7733.18603515625,0.00000008010667329472199,118.99095916748047
0.0020550000481307507,0.000000032265607075032676,0.0001279495336348191,-0.00040325260488316417,3.2962684631347656,-0.00011802831431850791,-131.85061645507813,-482.0381164550781,-422034.3125,21101.716796875,0.00000009640762499429911,120.5400161743164
0.002059999853372574,0.00000003115876268111606,0.00014230057422537357,-0.00022136885672807693,2.8702077865600586,-0.0006920692976564169,-114.80819702148438,-570.6047973632813,-669254.1875,33462.7109375,0.00000011412096512231074,119.77482604980469
0.0020649998914450407,0.00000003195109954390318,0.0001538360957056284,0.00015846756286919117,2.30710506439209,-0.0011534896912053227,-92.28408813476563,-662.0297241210938,-884519.5625,44225.98046875,0.00000013240594398666872,120.75836181640625
0.0020699999295175076,0.00000003553024541247396,0.00016200532263610512,0.0007158294902183115,1.6338465213775635,-0.0014802584191784263,-65.35374450683594,-751.3935546875,-1057552.25,52877.61328125,0.00000015027870858830283,119.88970184326172
0.0020749999675899744,0.00000004254081531485099,0.0001664182054810226,0.0014021140523254871,0.882577657699585,-0.0016567733837291598,-35.30298614501953,-833.793701171875,-1180090.5,59004.52734375,0.00000016675873837357358,119.87532806396484
0.0020800000056624413,0.000000053272305677865006,0.0001668640470597893,0.0021462980657815933,0.08916902542114258,-0.0016746065812185407,-3.5666351318359375,-905.0787353515625,-1246283.625,62314.18359375,0.00000018101574994489056,120.14898681640625
0.002085000043734908,0.00000006759530180033835,0.00016332155792042613,0.0028645992279052734,-0.7084969878196716,-0.0015329065499827266,28.340009689331055,-962.4508666992188,-1252971,62648.55078125,0.00000019249017668698798,111.69440460205078
0.0020899998489767313,0.00000008495739223235432,0.00015595988952554762,0.003472418524324894,-1.472334623336792,-0.0012384389992803335,58.893516540527344,-1004.8239135742188,-1199833.5,59991.67578125,0.00000020096477726383455,130.05592346191406
0.002094999887049198,0.00000010443994824527181,0.00014513052883557975,0.0038965120911598206,-2.1658735275268555,-0.000805263698566705,86.63506317138672,-1032.873291015625,-1089408.125,54470.40625,0.0000002065746542712077,119.10433197021484
0.002099999925121665,0.00000012486643186093715,0.00013135053450241685,0.004085295833647251,-2.7559995651245117,-0.0002540632849559188,110.2400894165039,-1048.7706298828125,-926967.375,46348.37109375,0.00000020975413406176813,120.61270904541016
0.002104999963194132,0.00000014494409583676315,0.00011527785682119429,0.004015534184873104,-3.214536190032959,0.00038884440436959267,128.58154296875,-1055.655517578125,-720267.1875,36013.359375,0.00000021113109482939763,118.89192962646484
0.0021100000012665987,0.00000016341570585609588,0.00009767990559339523,0.0036943210288882256,-3.519590377807617,0.0010927629191428423,140.78369140625,-1056.9444580078125,-479176.8125,23958.841796875,0.0000002113888939447861,121.25621795654297
0.0021150000393390656,0.00000017919632000484853,0.0000793969229562208,0.003156124148517847,-3.6565961837768555,0.001824082457460463,146.263916015625,-1055.6121826171875,-215207.375,10760.369140625,0.00000021112244041887607,119.38873291015625
0.0021199998445808887,0.00000019147410057485104,0.00006130186375230551,0.0024555549025535583,-3.6190123558044434,0.0025478850584477186,144.76052856445313,-1053.5780029296875,59037.4375,-2951.871826171875,0.00000021071561207008926,120.56908416748047
0.0021249998826533556,0.00000019976059206783248,0.00004425869701663032,0.0016572987660765648,-3.408633232116699,0.003229611786082387,136.3453369140625,-1051.3182373046875,330463.40625,-16523.169921875,0.00000021026365004672698,119.73180389404297
0.0021299999207258224,0.00000020388620214362163,0.000029081176762701944,0.0008251233957707882,-3.03550386428833,0.0038367125671356916,121.4201431274414,-1047.773681640625,586110.9375,-29305.546875,0.0000002095547273484044,119.9040756225586
0.0021349999587982893,0.0000002039462714265028,0.00001649397745495662,0.000012014643289148808,-2.517439842224121,0.0043402002193033695,100.69756317138672,-1040.5738525390625,813773.75,-40688.6875,0.00000020811476986182242,120.27904510498047
0.002139999996870756,0.0000002002124119826476,0.0000070980950113153085,-0.0007467710529454052,-1.8791766166687012,0.004716035444289446,75.16703033447266,-1026.5325927734375,1002581.6875,-50129.0859375,0.0000002053065202289872,121.38868713378906
0.002145000034943223,0.00000019302970599710534,0.0000013421486073639244,-0.001436541904695332,-1.1511893272399902,0.004946273285895586,46.04753875732422,-1002.3216552734375,1143519.875,-57175.99609375,0.000000200464327804184,118.83541107177734
0.002149999840185046,0.00000018272214674652787,-0.0000004990351953892969,-0.0020615116227418184,-0.368236780166626,0.005019920412451029,14.729438781738281,-965.193603515625,1229859,-61492.94921875,0.00000019303871567899478,119.2463607788086
0.002154999878257513,0.0000001695264302270516,0.0000016624530871922616,-0.00263914349488914,0.43229764699935913,0.004933460615575314,-17.291942596435547,-913.6170043945313,1257476.75,-62873.83984375,0.0000001827233973017428,119.66016387939453
0.00215999991632998,0.00000015356756932760618,0.000007723410817561671,-0.00319177214987576,1.2121914625167847,0.004691021982580423,-48.487693786621094,-847.7012329101563,1225054.375,-61252.71875,0.00000016954024317783478,121.52144622802734
0.0021649999544024467,0.00000013488103434156073,0.000017394446331309155,-0.0037373064551502466,1.9342073202133179,0.004304180387407541,-77.36833190917969,-769.3291625976563,1134140,-56707,0.00000015386582674636884,119.2890396118164
0.0021699999924749136,0.00000011347609074618958,0.000030213803256629035,-0.004280988126993179,2.563871383666992,0.0037914058193564415,-102.55490112304688,-681.9692993164063,989074.375,-49453.71875,0.00000013639386509112228,120.00479888916016
0.0021750000305473804,0.00000008942618734408825,0.00004556940257316455,-0.00480998121201992,3.071119785308838,0.0031771815847605467,-122.84483337402344,-590.2022705078125,796783.9375,-39839.19921875,0.00000011804045385588324,112.19567108154297
0.0021799998357892036,0.00000006296612298228865,0.00006272806786000729,-0.005292012356221676,3.431732654571533,0.0024908347986638546,-137.2693634033203,-499.0451354980469,566449.875,-28322.494140625,0.0000000998090285975195,128.70013427734375
0.0021849998738616705,0.00000003457368435988428,0.00008087052992777899,-0.005678487941622734,3.6284923553466797,0.001765136024914682,-145.13975524902344,-413.2008056640625,309069.78125,-15453.4892578125,0.00000008264016315706613,120.35142517089844
0.0021899999119341373,0.00000000501547603448671,0.00009913054964272305,-0.005911641754209995,3.6520042419433594,0.001034734770655632,-146.0802459716797,-336.3694152832031,36932.703125,-1846.6351318359375,0.00000006727388068838991,119.80352020263672
0.002194999950006604,-0.000000024656818808921344,0.00011663627810776234,-0.0059344591572880745,3.501145839691162,0.0003345052246004343,-140.04591369628906,-270.74896240234375,-236967.8125,11848.390625,0.00000005414979042939194,119.50286865234375
0.002199999988079071,-0.000000053164590951837454,0.0001325518824160099,-0.00570155493915081,3.183119773864746,-0.0003021191223524511,-127.32487487792969,-216.81639099121094,-499553.96875,24977.69921875,0.00000004336327918963434,120.35142517089844
0.002205000026151538,-0.00000007910937682709118,0.0001461174397263676,-0.0051889568567276,2.713111400604248,-0.0008447417058050632,-108.52452087402344,-173.4271240234375,-738288.1875,36914.41015625,0.000000034685424310509916,120.06243133544922
0.002209999831393361,-0.00000010111386217204199,0.0001566852442920208,-0.004400896839797497,2.1135616302490234,-0.001267454121261835,-84.54249572753906,-138.21090698242188,-941771.75,47088.58984375,0.00000002764218010042896,120.06243133544922
0.002214999869465828,-0.00000011797509102962067,0.00016375072300434113,-0.0033722450025379658,1.4130966663360596,-0.0015500735025852919,-56.52386474609375,-108.18756866455078,-1100289,55014.44921875,0.00000002163751311456963,120.07685089111328
0.002219999907538295,-0.00000012880499866696482,0.00016697653336450458,-0.002165980637073517,0.6451613903045654,-0.0016791055677458644,-25.806419372558594,-80.48236083984375,-1206271.375,60313.5703125,0.000000016096471711080085,119.74613952636719
0.0022249999456107616,-0.0000001331350745203963,0.00016620864334981889,-0.0008660152670927346,-0.15357796847820282,-0.0016483896179124713,6.143194198608398,-53.00447463989258,-1254658.5,62732.92578125,0.00000001060089527271657,120.42388916015625
0.0022299999836832285,-0.0000001309676491700884,0.00016148372378665954,0.00043348377221263945,-0.9449845552444458,-0.0014593921368941665,37.799495697021484,-24.957887649536133,-1243140.125,62157.0078125,0.000000004991577373658629,119.71746826171875
0.0022350000217556953,-0.00000012276528593702096,0.0001530273730168119,0.0016404715133830905,-1.691271424293518,-0.0011211370583623648,67.65100860595703,2.9130005836486816,-1172266.125,58613.30859375,-0.0000000005826001348019361,119.5743179321289
0.0022399998269975185,-0.00000010938030214902028,0.00014124334848020226,0.00267699733376503,-2.3568060398101807,-0.0006497749127447605,94.27242279052734,28.391639709472656,-1045420.5625,52271.02734375,-0.000000005678328030001012,120.1201171875
0.0022449998650699854,-0.0000000919365987783749,0.00012669428542722017,0.0034887404181063175,-2.909811496734619,-0.00006781163392588496,116.39266204833984,48.15913391113281,-868659.875,43432.99609375,-0.000000009631826891620676,120.14898681640625
0.0022499999031424522,-0.00000007168398497015005,0.00011007487046299502,0.004050523042678833,-3.323883533477783,0.000596966187004,132.95556640625,58.39674377441406,-650423.6875,32521.185546875,-0.000000011679349043447473,120.43839263916016
0.002254999941214919,-0.000000049849202099494505,0.00009217861224897206,0.004366956651210785,-3.579251766204834,0.0013128176797181368,143.17031860351563,55.507877349853516,-401132.09375,20056.60546875,-0.000000011101575658756246,119.80352020263672
0.002259999979287386,-0.000000027507882194299782,0.00007385999197140336,0.0044682640582323074,-3.6637234687805176,0.002045563654974103,146.5491943359375,36.82353973388672,-132687.859375,6634.39306640625,-0.000000007364707954593541,120.14898681640625
0.002265000017359853,-0.000000005496945121308272,0.00005599366704700515,0.004402187652885914,-3.5732650756835938,0.0027602179907262325,142.93084716796875,1.1569336652755737,142091.765625,-7104.58837890625,-0.00000000023138674309919338,111.74433135986328
0.0022700000554323196,0.000000015621068882865075,0.00003943268893635832,0.004223602823913097,-3.3121957778930664,0.0034226584248244762,132.48806762695313,-50.89754104614258,410087,-20504.349609375,0.000000010179507903274043,129.349365234375
0.002274999860674143,0.000000035540185905347244,0.000024967786885099486,0.003983823582530022,-2.8929805755615234,0.004001255612820387,115.71945190429688,-116.97876739501953,658502,-32925.1015625,0.000000023395752890564836,119.77482604980469
0.0022799998987466097,0.000000054148273420651094,0.000013289611160871573,0.0037216171622276306,-2.335635185241699,0.0044683837331831455,93.42564392089844,-193.2856903076172,875475.875,-43773.79296875,0.00000003865713793516079,120.36591339111328
0.0022849999368190765,0.00000007143606239878864,0.000004955753865942825,0.0034575574100017548,-1.666771411895752,0.004801739007234573,66.67109680175781,-275.1567077636719,1050648.75,-52532.4375,0.000000055031343038081104,119.11852264404297
0.0022899999748915434,0.00000008739949919345236,0.00000036412939152796753,0.0031926874071359634,-0.9183249473571777,0.004985405132174492,36.733245849609375,-357.7942810058594,1175656.875,-58782.84375,0.0000000715588583943827,120.68549346923828
0.0022950000129640102,0.00000010195749666763732,-0.00000026602890557114733,0.002911598887294531,-0.12603166699409485,0.005010612774640322,5.0415143966674805,-437.00079345703125,1244531.5,-62226.57421875,0.00000008740015999819661,120.46741485595703
0.002300000051036477,0.00000011490340057207504,0.0000030953679015510716,0.0025891805998981,0.6722793579101563,0.004876158200204372,-26.890926361083984,-509.78924560546875,1253984.125,-62699.20703125,0.0000001019578519390052,119.70313262939453
0.0023049998562783003,0.0000001259012094578793,0.000010287825716659427,0.0021995622664690018,1.4384915828704834,0.004588461015373468,-57.5394172668457,-574.7565307617188,1203563.5,-60178.17578125,0.00000011495130536331999,120.06243133544922
0.002309999894350767,0.0000001345280224995804,0.000020967931050108746,0.0017253612168133259,2.136021137237549,0.004161258228123188,-85.44060516357422,-632.1520385742188,1095677,-54783.8515625,0.0000001264304074766187,120.06243133544922
0.002314999932423234,0.00000014035440187853965,0.00003462574750301428,0.0011652752291411161,2.7315635681152344,0.003614946734160185,-109.2623062133789,-683.6314086914063,935475.75,-46773.7890625,0.00000013672628540462028,119.43150329589844
0.002319999970495701,0.0000001430463072438215,0.00005060916373622604,0.0005383804673328996,3.196683406829834,0.002975611248984933,-127.86710357666016,-731.7455444335938,730608.8125,-36530.44140625,0.00000014634910883160046,120.5109634399414
0.0023250000085681677,0.0000001424670017513563,0.00006815503002144396,-0.0001158623636001721,3.5091729164123535,0.0022737777326256037,-140.36669921875,-779.263671875,490857.875,-24542.89453125,0.00000015585273160922952,120.01920318603516
0.0023300000466406345,0.0000001387566896937642,0.00008642558532301337,-0.000742061180062592,3.654111862182617,0.0015429563354700804,-146.16427612304688,-828.4625854492188,227670.1875,-11383.509765625,0.0000001656925121551467,119.8609619140625
0.0023349998518824577,0.00000013237122686859948,0.00010454848234076053,-0.0012770931934937835,3.624579906463623,0.0008180412114597857,-144.9830322265625,-880.5177001953125,-46387.921875,2319.396240234375,0.00000017610354063890554,120.27904510498047
0.0023399998899549246,0.0000001240682365732937,0.00012165842053946108,-0.0016605990240350366,3.4219870567321777,0.0001336445566266775,-136.87933349609375,-935.1152954101563,-318231.1875,15911.5595703125,0.00000018702306192608376,119.3602294921875
0.0023449999280273914,0.00000011483905382192461,0.0001369384553981945,-0.0018458367558196187,3.05600643157959,-0.00047755613923072815,-122.24014282226563,-990.35986328125,-574880,28744,0.00000019807197304544388,120.5109634399414
0.0023499999660998583,0.00000010579479692296445,0.00014965901209507138,-0.0018088518409058452,2.5441126823425293,-0.0009863781742751598,-101.764404296875,-1042.998046875,-804080.3125,40204.015625,0.00000020859960159214097,119.33174133300781
0.002355000004172325,0.00000009802383971191375,0.00015921273734420538,-0.0015541912289336324,1.9107465744018555,-0.0013685270678251982,-76.42977905273438,-1088.9185791015625,-994888.625,49744.43359375,0.00000021778370751235343,112.30907440185547
0.002360000042244792,0.00000009244384813200668,0.00016514348681084812,-0.0011159979039803147,1.1861493587493896,-0.0016057565808296204,-47.445892333984375,-1123.8355712890625,-1138194.5,56909.7265625,0.000000224767106260515,129.28248596191406
0.002364999847486615,0.00000008967305831220074,0.00016716808022465557,-0.0005541573045775294,0.4049176871776581,-0.0016867397353053093,-16.196632385253906,-1144.0274658203125,-1227155.625,61357.78125,0.00000022880549011006224,120.03360748291016
0.002369999885559082,0.00000008994271638584905,0.0001651898492127657,0.000053930969443172216,-0.3956473171710968,-0.0016076099127531052,15.82596206665039,-1146.9932861328125,-1257524.375,62876.21875,0.00000022939866539672948,119.2890396118164
0.002374999923631549,0.00000009306562986921563,0.0001593032357050106,0.0006245823460631073,-1.1773215532302856,-0.0013721452560275793,47.09292221069336,-1131.9046630859375,-1227850.75,61392.5390625,0.00000022638093355453748,120.91898345947266
0.0023799999617040157,0.00000009846628756804421,0.0001497893244959414,0.0010801315074786544,-1.9027827978134155,-0.0009915884584188461,76.11136627197266,-1099.76513671875,-1139551.625,56977.58203125,0.00000021995303711719316,121.35922241210938
0.0023849999997764826,0.00000010526722604708993,0.0001371023536194116,0.001360187423415482,-2.5373928546905518,-0.0004841096233576536,101.49576568603516,-1053.2515869140625,-996842.875,49842.14453125,0.00000021065032740352763,120.9628677368164
0.0023900000378489494,0.00000011241677810858164,0.00012184809747850522,0.0014299099566414952,-3.050851583480835,0.00012606085510924459,122.03409576416016,-996.2617797851563,-806538.375,40326.91796875,0.000000199252355059798,119.76048278808594
0.0023949998430907726,0.00000011883640382848171,0.00010475488670635968,0.0012839256087318063,-3.41864275932312,0.0008097894606180489,136.7457275390625,-933.25732421875,-577724.5,28886.224609375,0.00000018665146228613594,118.94849395751953
0.0023999998811632395,0.0000001235628843687664,0.00008663885819260031,0.0009452971862629056,-3.6232059001922607,0.001534430542960763,144.92822265625,-868.521240234375,-321326.28125,16066.314453125,0.0000001737042509830644,119.67448425292969
0.0024049999192357063,0.0000001258622290833955,0.00006836499233031645,0.00045986787881702185,-3.654773473739624,0.0022653851192444563,146.19091796875,-805.471435546875,-49585.890625,2479.294677734375,0.00000016109429168409406,119.30326843261719
0.002409999957308173,0.00000012529790183180012,0.00005080580012872815,-0.00011286667722743005,-3.511838674545288,0.002967752516269684,140.4735107421875,-746.1552734375,224522.078125,-11226.1044921875,0.0000001492310559569887,119.67448425292969
0.00241499999538064,0.00000012174493235761474,0.000034799668355844915,-0.0007105929544195533,-3.201225996017456,0.003607997437939048,128.04898071289063,-691.0201416015625,487909.90625,-24395.49609375,0.00000013820402955389,120.38040161132813
0.002420000033453107,0.00000011535155408637365,0.000021110838133608922,-0.0012786755105480552,-2.7377660274505615,0.00415555015206337,109.51057434082031,-639.0000610351563,728001.75,-36400.08984375,0.00000012780000702150573,119.96160888671875
0.00242499983869493,0.00000010645965176081518,0.000010392901458544657,-0.0017783798975870013,-2.143587350845337,0.004584267269819975,85.74342346191406,-587.8994140625,933334.125,-46666.70703125,0.0000001175798871599909,120.00479888916016
0.002429999876767397,0.00000009550285540171899,0.0000031576032597513404,-0.0021913598757237196,-1.4470596313476563,0.004873679019510746,57.882320404052734,-534.9985961914063,1094103.125,-54705.15625,0.00000010699971397798436,118.97679901123047
0.0024349999148398638,0.00000008290441400049531,-0.00000024959717848105356,-0.0025196888018399477,-0.6814401149749756,0.005009966902434826,27.25753402709961,-477.7635498046875,1202632.5,-60131.625,0.00000009555270708005992,120.46741485595703
0.0024399999529123306,0.00000006899646365354783,0.0000003339817453706928,-0.0027815906796604395,0.11671578884124756,0.004986623302102089,-4.668699264526367,-414.52362060546875,1253740.375,-62687.01953125,0.00000008290472663929904,120.75836181640625
0.0024449999909847975,0.00000005397715341359799,0.000004880476353719132,-0.003003861987963319,0.9092988967895508,0.00480476301163435,-36.37202453613281,-344.9850769042969,1244986.625,-62249.33203125,0.00000006899701787688173,114.05109405517578
0.0024500000290572643,0.000000037914063000243914,0.00001317280657531228,-0.0032126184087246656,1.658466100692749,0.004473069682717323,-66.33871459960938,-270.4812316894531,1176789.125,-58839.45703125,0.00000005409624748153874,126.26262664794922
0.0024549998342990875,0.00000002079246463893014,0.000024815042706904933,-0.0034243196714669466,2.3284473419189453,0.004007379990071058,-93.13796997070313,-193.90838623046875,1052404.125,-52620.20703125,0.00000003878167831317114,120.06243133544922
0.0024599998723715544,0.0000000025976021333917743,0.000039251310226973146,-0.0036389727611094713,2.8872532844543457,0.0034299290273338556,-115.49020385742188,-119.35697937011719,877770.4375,-43888.5234375,0.000000023871395526953165,119.20372009277344
0.0024649999104440212,-0.00000001658734838372311,0.00005579232674790546,-0.003836990101262927,3.3082032203674316,0.0027682881336659193,-132.32818603515625,-51.504638671875,661226.3125,-33061.31640625,0.000000010300928110495988,119.27481079101563
0.002469999948516488,-0.00000003648966639957507,0.00007364831981249154,-0.003980463370680809,3.571197986602783,0.0020540482364594936,-142.84796142578125,5.117143154144287,413110.96875,-20655.548828125,-0.0000000010234286751398258,121.47716522216797
0.002474999986588955,-0.000000056583424168366037,0.00009196672181133181,-0.004018751904368401,3.6636805534362793,0.001321311923675239,-146.54727172851563,46.84642791748047,145271.015625,-7263.55078125,-0.000000009369285791649418,118.5817642211914
0.0024800000246614218,-0.00000007607057739278389,0.0001098728971555829,-0.0038974303752183914,3.581234931945801,0.0006050646770745516,-143.24945068359375,71.47010040283203,-129505.125,6475.25634765625,-0.000000014294020189709045,121.06537628173828
0.002484999829903245,-0.00000009391540345404792,0.00012651189172174782,-0.003568964544683695,3.327798366546631,-0.00006049516377970576,-133.11196899414063,78.5514144897461,-398097.875,19904.89453125,-0.000000015710282852410273,119.53143310546875
0.002489999867975712,-0.0000001089309549229256,0.00014108924369793385,-0.003003110643476248,2.915471076965332,-0.0006435894756577909,-116.61886596679688,69.4453353881836,-647682.8125,32384.140625,-0.000000013889067673744648,120.6563720703125
0.0024949999060481787,-0.0000001199061472334506,0.00015290894953068346,-0.002195038367062807,2.3639402389526367,-0.0011163775343447924,-94.5576171875,47.000118255615234,-866343.1875,43317.16015625,-0.0000000094000238703984,120.36591339111328
0.0024999999441206455,-0.00000012575394237046567,0.00016140664229169488,-0.0011695593129843473,1.699540138244629,-0.0014562854776158929,-67.98158264160156,15.001714706420898,-1043638.75,52181.9375,-0.0000000030003428630465123,119.91845703125
0.0025049999821931124,-0.00000012565664064823068,0.00016617661458440125,0.00001945975236594677,0.953993022441864,-0.0016470837872475386,-38.15966033935547,-22.53327751159668,-1171104.25,58555.21484375,0.0000000045066554932304825,120.58362579345703
