Timestamp,X Position,Y Position,X Velocity,Y Velocity,Rotation,Rotation Velocity,Data1,Data2,Data3,Data4,FPS
0.3236050009727478,0,0,0,0,0,0,-0.0000006845666007393447,0.1369481384754181,-0.006847407203167677,-0.000000000012327240790643845,84.67400360107422
0.3236050009727478,0,0,0,0,0,0,-0.0000006845666007393447,0.1369481384754181,-0.006847407203167677,-0.000000000012327240790643845,215.56370544433594
0.3236050009727478,0,0,0,0,0,0,-0.0000006845666007393447,0.1369481384754181,-0.006847407203167677,-0.000000000012327240790643845,124.47100067138672
0.3236050009727478,0,0,0,0,0,0,-0.0000006845666007393447,0.1369481384754181,-0.006847407203167677,-0.000000000012327240790643845,116.1440200805664
0.3236050009727478,0,0,0,0,0,0,-0.0000006845666007393447,0.1369481384754181,-0.006847407203167677,-0.000000000012327240790643845,117.73016357421875
0.3236050009727478,0,0,0,0,0,0,-0.0000006845666007393447,0.1369481384754181,-0.006847407203167677,-0.000000000012327240790643845,82.68563079833984
0.3236050009727478,0,0,0,0,0,0,-0.0000006845666007393447,0.1369481384754181,-0.006847407203167677,-0.000000000012327240790643845,220.16732788085938
0.3236050009727478,0,0,0,0,0,0,-0.0000006845666007393447,0.1369481384754181,-0.006847407203167677,-0.000000000012327240790643845,115.4601058959961
0.3236050009727478,0,0,0,0,0,0,-0.0000006845666007393447,0.1369481384754181,-0.006847407203167677,-0.000000000012327240790643845,122.01073455810547
0.3236050009727478,0,0,0,0,0,0,-0.0000006845666007393447,0.1369481384754181,-0.006847407203167677,-0.000000000012327240790643845,119.94721984863281
0.3236050009727478,0,0,0,0,0,0,-0.0000006845666007393447,0.1369481384754181,-0.006847407203167677,-0.000000000012327240790643845,83.77313995361328
0.3236050009727478,0,0,0,0,0,0,-0.0000006845666007393447,0.1369481384754181,-0.006847407203167677,-0.000000000012327240790643845,216.0293731689453
0.3236050009727478,0,0,0,0,0,0,-0.0000006845666007393447,0.1369481384754181,-0.006847407203167677,-0.000000000012327240790643845,118.10558319091797
0.3236050009727478,0,0,0,0,0,0,-0.0000006845666007393447,0.1369481384754181,-0.006847407203167677,-0.000000000012327240790643845,114.14221954345703
0.3236050009727478,0,0,0,0,0,0,-0.0000006845666007393447,0.1369481384754181,-0.006847407203167677,-0.000000000012327240790643845,125.23481750488281
0.3236050009727478,0,0,0,0,0,0,-0.0000006845666007393447,0.1369481384754181,-0.006847407203167677,-0.000000000012327240790643845,84.70986938476563
0.3236050009727478,0,0,0,0,0,0,-0.0000006845666007393447,0.1369481384754181,-0.006847407203167677,-0.000000000012327240790643845,212.22410583496094
0.3236050009727478,0,0,0,0,0,0,-0.0000006845666007393447,0.1369481384754181,-0.006847407203167677,-0.000000000012327240790643845,118.79306030273438
0.3236050009727478,0,0,0,0,0,0,-0.0000006845666007393447,0.1369481384754181,-0.006847407203167677,-0.000000000012327240790643845,120.04801940917969
0.3236050009727478,0,0,0,0,0,0,-0.0000006845666007393447,0.1369481384754181,-0.006847407203167677,-0.000000000012327240790643845,117.71630096435547
0.3236050009727478,0,0,0,0,0,0,-0.0000006845666007393447,0.1369481384754181,-0.006847407203167677,-0.000000000012327240790643845,84.62384796142578
0.3236050009727478,0,0,0,0,0,0,-0.0000006845666007393447,0.1369481384754181,-0.006847407203167677,-0.000000000012327240790643845,221.38587951660156
0.3236050009727478,0,0,0,0,0,0,-0.0000006845666007393447,0.1369481384754181,-0.006847407203167677,-0.000000000012327240790643845,116.89070892333984
0.3236050009727478,0,0,0,0,0,0,-0.0000006845666007393447,0.1369481384754181,-0.006847407203167677,-0.000000000012327240790643845,120.77294921875
0.3236050009727478,0,0,0,0,0,0,-0.0000006845666007393447,0.1369481384754181,-0.006847407203167677,-0.000000000012327240790643845,118.46937561035156
0.3236050009727478,0,0,0,0,0,0,-0.0000006845666007393447,0.1369481384754181,-0.006847407203167677,-0.000000000012327240790643845,83.82229614257813
0.3236050009727478,0,0,0,0,0,0,-0.0000006845666007393447,0.1369481384754181,-0.006847407203167677,-0.000000000012327240790643845,220.94564819335938
0.3236050009727478,0,0,0,0,0,0,-0.0000006845666007393447,0.1369481384754181,-0.006847407203167677,-0.000000000012327240790643845,118.53958892822266
0.3236050009727478,0,0,0,0,0,0,-0.0000006845666007393447,0.1369481384754181,-0.006847407203167677,-0.000000000012327240790643845,119.56002044677734
0.3236050009727478,0,0,0,0,0,0,-0.0000006845666007393447,0.1369481384754181,-0.006847407203167677,-0.000000000012327240790643845,120.2501220703125
0.3236050009727478,0,0,0,0,0,0,-0.0000006845666007393447,0.1369481384754181,-0.006847407203167677,-0.000000000012327240790643845,83.25008392333984
0.3236050009727478,0,0,0,0,0,0,-0.0000006845666007393447,0.1369481384754181,-0.006847407203167677,-0.000000000012327240790643845,220.45855712890625
0.3236050009727478,0,0,0,0,0,0,-0.0000006845666007393447,0.1369481384754181,-0.006847407203167677,-0.000000000012327240790643845,117.43981170654297
0.3236050009727478,0,0,0,0,0,0,-0.0000006845666007393447,0.1369481384754181,-0.006847407203167677,-0.000000000012327240790643845,119.80352020263672
0.3236050009727478,0,0,0,0,0,0,-0.0000006845666007393447,0.1369481384754181,-0.006847407203167677,-0.000000000012327240790643845,120.77294921875
0.3236050009727478,0,0,0,0,0,0,-0.0000006845666007393447,0.1369481384754181,-0.006847407203167677,-0.000000000012327240790643845,86.90362548828125
0.3236050009727478,0,0,0,0,0,0,-0.0000006845666007393447,0.1369481384754181,-0.006847407203167677,-0.000000000012327240790643845,224.3661651611328
0.3236050009727478,0,0,0,0,0,0,-0.0000006845666007393447,0.1369481384754181,-0.006847407203167677,-0.000000000012327240790643845,121.50668334960938
0.3236050009727478,0,0,0,0,0,0,-0.0000006845666007393447,0.1369481384754181,-0.006847407203167677,-0.000000000012327240790643845,112.67605590820313
0.3236050009727478,0,0,0,0,0,0,-0.0000006845666007393447,0.1369481384754181,-0.006847407203167677,-0.000000000012327240790643845,115.8614273071289
0.3236050009727478,0,0,0,0,0,0,-0.0000006845666007393447,0.1369481384754181,-0.006847407203167677,-0.000000000012327240790643845,84.84642791748047
0.3236050009727478,0,0,0,0,0,0,-0.0000006845666007393447,0.1369481384754181,-0.006847407203167677,-0.000000000012327240790643845,171.14495849609375
0.3236050009727478,0,0,0,0,0,0,-0.0000006845666007393447,0.1369481384754181,-0.006847407203167677,-0.000000000012327240790643845,127.51849365234375
0.3236050009727478,0,0,0,0,0,0,-0.0000006845666007393447,0.1369481384754181,-0.006847407203167677,-0.000000000012327240790643845,126.42224884033203
0.3236050009727478,0,0,0,0,0,0,-0.0000006845666007393447,0.1369481384754181,-0.006847407203167677,-0.000000000012327240790643845,119.14691162109375
0.3236050009727478,0,0,0,0,0,0,-0.0000006845666007393447,0.1369481384754181,-0.006847407203167677,-0.000000000012327240790643845,84.33125305175781
0.3236050009727478,0,0,0,0,0,0,-0.0000006845666007393447,0.1369481384754181,-0.006847407203167677,-0.000000000012327240790643845,216.54396057128906
0.3236050009727478,0,0,0,0,0,0,-0.0000006845666007393447,0.1369481384754181,-0.006847407203167677,-0.000000000012327240790643845,118.38522338867188
0.3236050009727478,0,0,0,0,0,0,-0.0000006845666007393447,0.1369481384754181,-0.006847407203167677,-0.000000000012327240790643845,117.9106216430664
0.3236050009727478,0,0,0,0,0,0,-0.0000006845666007393447,0.1369481384754181,-0.006847407203167677,-0.000000000012327240790643845,120.74378204345703
0.3236050009727478,0,0,0,0,0,0,-0.0000006845666007393447,0.1369481384754181,-0.006847407203167677,-0.000000000012327240790643845,84.66683959960938
0.3236050009727478,0,0,0,0,0,0,-0.0000006845666007393447,0.1369481384754181,-0.006847407203167677,-0.000000000012327240790643845,203.95675659179688
0.3236050009727478,0,0,0,0,0,0,-0.0000006845666007393447,0.1369481384754181,-0.006847407203167677,-0.000000000012327240790643845,119.9040756225586
0.3236050009727478,0,0,0,0,0,0,-0.0000006845666007393447,0.1369481384754181,-0.006847407203167677,-0.000000000012327240790643845,121.9066162109375
0.3236050009727478,0,0,0,0,0,0,-0.0000006845666007393447,0.1369481384754181,-0.006847407203167677,-0.000000000012327240790643845,119.53143310546875
0.3236050009727478,0,0,0,0,0,0,-0.0000006845666007393447,0.1369481384754181,-0.006847407203167677,-0.000000000012327240790643845,84.53085327148438
0.3236050009727478,0,0,0,0,0,0,-0.0000006845666007393447,0.1369481384754181,-0.006847407203167677,-0.000000000012327240790643845,211.9991455078125
0.3236050009727478,0,0,0,0,0,0,-0.0000006845666007393447,0.1369481384754181,-0.006847407203167677,-0.000000000012327240790643845,112.57457733154297
0.3236050009727478,0,0,0,0,0,0,-0.0000006845666007393447,0.1369481384754181,-0.006847407203167677,-0.000000000012327240790643845,116.49580383300781
0.3236050009727478,0,0,0,0,0,0,-0.0000006845666007393447,0.1369481384754181,-0.006847407203167677,-0.000000000012327240790643845,120.56908416748047
0.3236050009727478,0,0,0,0,0,0,-0.0000006845666007393447,0.1369481384754181,-0.006847407203167677,-0.000000000012327240790643845,83.78717803955078
0.3236050009727478,0,0,0,0,0,0,-0.0000006845666007393447,0.1369481384754181,-0.006847407203167677,-0.000000000012327240790643845,229.72662353515625
0.3236050009727478,0,0,0,0,0,0,-0.0000006845666007393447,0.1369481384754181,-0.006847407203167677,-0.000000000012327240790643845,116.60447692871094
0.3236050009727478,0,0,0,0,0,0,-0.0000006845666007393447,0.1369481384754181,-0.006847407203167677,-0.000000000012327240790643845,122.89541625976563
0.3236050009727478,0,0,0,0,0,0,-0.0000006845666007393447,0.1369481384754181,-0.006847407203167677,-0.000000000012327240790643845,117.82726287841797
0.3236050009727478,0,0,0,0,0,0,-0.0000006845666007393447,0.1369481384754181,-0.006847407203167677,-0.000000000012327240790643845,82.44023132324219
0.3236050009727478,0,0,0,0,0,0,-0.0000006845666007393447,0.1369481384754181,-0.006847407203167677,-0.000000000012327240790643845,228.36264038085938
0.3236050009727478,0,0,0,0,0,0,-0.0000006845666007393447,0.1369481384754181,-0.006847407203167677,-0.000000000012327240790643845,118.18933868408203
0.3236050009727478,0,0,0,0,0,0,-0.0000006845666007393447,0.1369481384754181,-0.006847407203167677,-0.000000000012327240790643845,117.9106216430664
0.3236050009727478,0,0,0,0,0,0,-0.0000006845666007393447,0.1369481384754181,-0.006847407203167677,-0.000000000012327240790643845,116.8497314453125
0.3236050009727478,0,0,0,0,0,0,-0.0000006845666007393447,0.1369481384754181,-0.006847407203167677,-0.000000000012327240790643845,86.93384552001953
0.3236050009727478,0,0,0,0,0,0,-0.0000006845666007393447,0.1369481384754181,-0.006847407203167677,-0.000000000012327240790643845,199.8401336669922
0.3236050009727478,0,0,0,0,0,0,-0.0000006845666007393447,0.1369481384754181,-0.006847407203167677,-0.000000000012327240790643845,124.50199127197266
0.3236050009727478,0,0,0,0,0,0,-0.0000006845666007393447,0.1369481384754181,-0.006847407203167677,-0.000000000012327240790643845,122.53400421142578
0.3236050009727478,0,0,0,0,0,0,-0.0000006845666007393447,0.1369481384754181,-0.006847407203167677,-0.000000000012327240790643845,115.23392486572266
0.3236050009727478,0,0,0,0,0,0,-0.0000006845666007393447,0.1369481384754181,-0.006847407203167677,-0.000000000012327240790643845,84.27439880371094
0.3236050009727478,0,0,0,0,0,0,-0.0000006845666007393447,0.1369481384754181,-0.006847407203167677,-0.000000000012327240790643845,216.26296997070313
0.3236050009727478,0,0,0,0,0,0,-0.0000006845666007393447,0.1369481384754181,-0.006847407203167677,-0.000000000012327240790643845,116.46867370605469
0.3236050009727478,0,0,0,0,0,0,-0.0000006845666007393447,0.1369481384754181,-0.006847407203167677,-0.000000000012327240790643845,121.6841049194336
0.3236050009727478,0,0,0,0,0,0,-0.0000006845666007393447,0.1369481384754181,-0.006847407203167677,-0.000000000012327240790643845,120.67092895507813
0.3236050009727478,0,0,0,0,0,0,-0.0000006845666007393447,0.1369481384754181,-0.006847407203167677,-0.000000000012327240790643845,82.7540512084961
0.3236050009727478,0,0,0,0,0,0,-0.0000006845666007393447,0.1369481384754181,-0.006847407203167677,-0.000000000012327240790643845,222.6675567626953
0.3236050009727478,0,0,0,0,0,0,-0.0000006845666007393447,0.1369481384754181,-0.006847407203167677,-0.000000000012327240790643845,119.46003723144531
0.3236050009727478,0,0,0,0,0,0,-0.0000006845666007393447,0.1369481384754181,-0.006847407203167677,-0.000000000012327240790643845,121.83235931396484
0.3236050009727478,0,0,0,0,0,0,-0.0000006845666007393447,0.1369481384754181,-0.006847407203167677,-0.000000000012327240790643845,119.91845703125
0.3236050009727478,0,0,0,0,0,0,-0.0000006845666007393447,0.1369481384754181,-0.006847407203167677,-0.000000000012327240790643845,84.04773712158203
0.3236050009727478,0,0,0,0,0,0,-0.0000006845666007393447,0.1369481384754181,-0.006847407203167677,-0.000000000012327240790643845,215.1000213623047
0.3236050009727478,0,0,0,0,0,0,-0.0000006845666007393447,0.1369481384754181,-0.006847407203167677,-0.000000000012327240790643845,118.32919311523438
0.3236050009727478,0,0,0,0,0,0,-0.0000006845666007393447,0.1369481384754181,-0.006847407203167677,-0.000000000012327240790643845,119.20372009277344
0.3236050009727478,0,0,0,0,0,0,-0.0000006845666007393447,0.1369481384754181,-0.006847407203167677,-0.000000000012327240790643845,117.2745361328125
0.3236050009727478,0,0,0,0,0,0,-0.0000006845666007393447,0.1369481384754181,-0.006847407203167677,-0.000000000012327240790643845,81.7260513305664
0.3236050009727478,0,0,0,0,0,0,-0.0000006845666007393447,0.1369481384754181,-0.006847407203167677,-0.000000000012327240790643845,235.0176239013672
0.3236050009727478,0,0,0,0,0,0,-0.0000006845666007393447,0.1369481384754181,-0.006847407203167677,-0.000000000012327240790643845,118.09163665771484
0.3236050009727478,0,0,0,0,0,0,-0.0000006845666007393447,0.1369481384754181,-0.006847407203167677,-0.000000000012327240790643845,120.5400161743164
0.3236050009727478,0,0,0,0,0,0,-0.0000006845666007393447,0.1369481384754181,-0.006847407203167677,-0.000000000012327240790643845,116.90437316894531
0.3236050009727478,0,0,0,0,0,0,-0.0000006845666007393447,0.1369481384754181,-0.006847407203167677,-0.000000000012327240790643845,80.2890396118164
0.3236050009727478,0,0,0,0,0,0,-0.0000006845666007393447,0.1369481384754181,-0.006847407203167677,-0.000000000012327240790643845,237.191650390625
0.3236050009727478,0,0,0,0,0,0,-0.0000006845666007393447,0.1369481384754181,-0.006847407203167677,-0.000000000012327240790643845,120.40939331054688
0.3236050009727478,0,0,0,0,0,0,-0.0000006845666007393447,0.1369481384754181,-0.006847407203167677,-0.000000000012327240790643845,112.5619125366211
0.3236050009727478,0,0,0,0,0,0,-0.0000006845666007393447,0.1369481384754181,-0.006847407203167677,-0.000000000012327240790643845,133.4222869873047
0.3236050009727478,0,0,0,0,0,0,-0.0000006845666007393447,0.1369481384754181,-0.006847407203167677,-0.000000000012327240790643845,80.93234252929688
0.3236050009727478,0,0,0,0,0,0,-0.0000006845666007393447,0.1369481384754181,-0.006847407203167677,-0.000000000012327240790643845,225.2252197265625
0.3236050009727478,0,0,0,0,0,0,-0.0000006845666007393447,0.1369481384754181,-0.006847407203167677,-0.000000000012327240790643845,118.84953308105469
0.3236050009727478,0,0,0,0,0,0,-0.0000006845666007393447,0.1369481384754181,-0.006847407203167677,-0.000000000012327240790643845,111.2099609375
0.3236050009727478,0,0,0,0,0,0,-0.0000006845666007393447,0.1369481384754181,-0.006847407203167677,-0.000000000012327240790643845,128.73326110839844
0.3236050009727478,0,0,0,0,0,0,-0.0000006845666007393447,0.1369481384754181,-0.006847407203167677,-0.000000000012327240790643845,80.10894775390625
0.3236050009727478,0,0,0,0,0,0,-0.0000006845666007393447,0.1369481384754181,-0.006847407203167677,-0.000000000012327240790643845,249.81263732910156
0.3236050009727478,0,0,0,0,0,0,-0.0000006845666007393447,0.1369481384754181,-0.006847407203167677,-0.000000000012327240790643845,116.72697448730469
0.3236050009727478,0,0,0,0,0,0,-0.0000006845666007393447,0.1369481384754181,-0.006847407203167677,-0.000000000012327240790643845,113.04544067382813
0.3236050009727478,0,0,0,0,0,0,-0.0000006845666007393447,0.1369481384754181,-0.006847407203167677,-0.000000000012327240790643845,125.25050354003906
0.3236050009727478,0,0,0,0,0,0,-0.0000006845666007393447,0.1369481384754181,-0.006847407203167677,-0.000000000012327240790643845,94.15309143066406
0.3236050009727478,0,0,0,0,0,0,-0.0000006845666007393447,0.1369481384754181,-0.006847407203167677,-0.000000000012327240790643845,150.78407287597656
0.3236050009727478,0,0,0,0,0,0,-0.0000006845666007393447,0.1369481384754181,-0.006847407203167677,-0.000000000012327240790643845,130.02210998535156
0.3236050009727478,0,0,0,0,0,0,-0.0000006845666007393447,0.1369481384754181,-0.006847407203167677,-0.000000000012327240790643845,123.016357421875
0.3236050009727478,0,0,0,0,0,0,-0.0000006845666007393447,0.1369481384754181,-0.006847407203167677,-0.000000000012327240790643845,116.18450164794922
0.3236050009727478,0,0,0,0,0,0,-0.0000006845666007393447,0.1369481384754181,-0.006847407203167677,-0.000000000012327240790643845,83.0840835571289
0.3236050009727478,0,0,0,0,0,0,-0.0000006845666007393447,0.1369481384754181,-0.006847407203167677,-0.000000000012327240790643845,237.47328186035156
0.3236050009727478,0,0,0,0,0,0,-0.0000006845666007393447,0.1369481384754181,-0.006847407203167677,-0.000000000012327240790643845,115.83458709716797
0.3236050009727478,0,0,0,0,0,0,-0.0000006845666007393447,0.1369481384754181,-0.006847407203167677,-0.000000000012327240790643845,119.18951416015625
0.3236050009727478,0,0,0,0,0,0,-0.0000006845666007393447,0.1369481384754181,-0.006847407203167677,-0.000000000012327240790643845,122.89541625976563
0.3236050009727478,0,0,0,0,0,0,-0.0000006845666007393447,0.1369481384754181,-0.006847407203167677,-0.000000000012327240790643845,82.562744140625
0.3236050009727478,0,0,0,0,0,0,-0.0000006845666007393447,0.1369481384754181,-0.006847407203167677,-0.000000000012327240790643845,226.29554748535156
0.3236050009727478,0,0,0,0,0,0,-0.0000006845666007393447,0.1369481384754181,-0.006847407203167677,-0.000000000012327240790643845,117.92453002929688
0.3236050009727478,0,0,0,0,0,0,-0.0000006845666007393447,0.1369481384754181,-0.006847407203167677,-0.000000000012327240790643845,118.32919311523438
0.3236050009727478,0,0,0,0,0,0,-0.0000006845666007393447,0.1369481384754181,-0.006847407203167677,-0.000000000012327240790643845,118.28720092773438
0.3236050009727478,0,0,0,0,0,0,-0.0000006845666007393447,0.1369481384754181,-0.006847407203167677,-0.000000000012327240790643845,85.24422454833984
0.3236050009727478,0,0,0,0,0,0,-0.0000006845666007393447,0.1369481384754181,-0.006847407203167677,-0.000000000012327240790643845,219.97360229492188
0.3236050009727478,0,0,0,0,0,0,-0.0000006845666007393447,0.1369481384754181,-0.006847407203167677,-0.000000000012327240790643845,111.56978607177734
0.3236050009727478,0,0,0,0,0,0,-0.0000006845666007393447,0.1369481384754181,-0.006847407203167677,-0.000000000012327240790643845,122.71444702148438
0.3236050009727478,0,0,0,0,0,0,-0.0000006845666007393447,0.1369481384754181,-0.006847407203167677,-0.000000000012327240790643845,125.07817077636719
0.3236050009727478,0,0,0,0,0,0,-0.0000006845666007393447,0.1369481384754181,-0.006847407203167677,-0.000000000012327240790643845,84.18216705322266
0.3236050009727478,0,0,0,0,0,0,-0.0000006845666007393447,0.1369481384754181,-0.006847407203167677,-0.000000000012327240790643845,227.1178741455078
0.3236050009727478,0,0,0,0,0,0,-0.0000006845666007393447,0.1369481384754181,-0.006847407203167677,-0.000000000012327240790643845,109.13455963134766
0.3236050009727478,0,0,0,0,0,0,-0.0000006845666007393447,0.1369481384754181,-0.006847407203167677,-0.000000000012327240790643845,127.48597717285156
0.3236050009727478,0,0,0,0,0,0,-0.0000006845666007393447,0.1369481384754181,-0.006847407203167677,-0.000000000012327240790643845,116.71334838867188
0.3236050009727478,0,0,0,0,0,0,-0.0000006845666007393447,0.1369481384754181,-0.006847407203167677,-0.000000000012327240790643845,92.37875366210938
0.3236050009727478,0,0,0,0,0,0,-0.0000006845666007393447,0.1369481384754181,-0.006847407203167677,-0.000000000012327240790643845,150.46644592285156
0.3236050009727478,0,0,0,0,0,0,-0.0000006845666007393447,0.1369481384754181,-0.006847407203167677,-0.000000000012327240790643845,134.51708984375
0.3236050009727478,0,0,0,0,0,0,-0.0000006845666007393447,0.1369481384754181,-0.006847407203167677,-0.000000000012327240790643845,120.72920227050781
0.3236050009727478,0,0,0,0,0,0,-0.0000006845666007393447,0.1369481384754181,-0.006847407203167677,-0.000000000012327240790643845,113.99908447265625
0.3236050009727478,0,0,0,0,0,0,-0.0000006845666007393447,0.1369481384754181,-0.006847407203167677,-0.000000000012327240790643845,84.16091918945313
0.3236050009727478,0,0,0,0,0,0,-0.0000006845666007393447,0.1369481384754181,-0.006847407203167677,-0.000000000012327240790643845,229.72662353515625
0.3236050009727478,0,0,0,0,0,0,-0.0000006845666007393447,0.1369481384754181,-0.006847407203167677,-0.000000000012327240790643845,116.52295684814453
0.3236050009727478,0,0,0,0,0,0,-0.0000006845666007393447,0.1369481384754181,-0.006847407203167677,-0.000000000012327240790643845,121.63970184326172
0.3236050009727478,0,0,0,0,0,0,-0.0000006845666007393447,0.1369481384754181,-0.006847407203167677,-0.000000000012327240790643845,121.46240997314453
0.3236050009727478,0,0,0,0,0,0,-0.0000006845666007393447,0.1369481384754181,-0.006847407203167677,-0.000000000012327240790643845,82.49463653564453
0.3236050009727478,0,0,0,0,0,0,-0.0000006845666007393447,0.1369481384754181,-0.006847407203167677,-0.000000000012327240790643845,225.58087158203125
0.3236050009727478,0,0,0,0,0,0,-0.0000006845666007393447,0.1369481384754181,-0.006847407203167677,-0.000000000012327240790643845,117.52262115478516
0.3236050009727478,0,0,0,0,0,0,-0.0000006845666007393447,0.1369481384754181,-0.006847407203167677,-0.000000000012327240790643845,116.91803741455078
0.3236050009727478,0,0,0,0,0,0,-0.0000006845666007393447,0.1369481384754181,-0.006847407203167677,-0.000000000012327240790643845,123.82367706298828
0.3236050009727478,0,0,0,0,0,0,-0.0000006845666007393447,0.1369481384754181,-0.006847407203167677,-0.000000000012327240790643845,82.795166015625
0.3236050009727478,0,0,0,0,0,0,-0.0000006845666007393447,0.1369481384754181,-0.006847407203167677,-0.000000000012327240790643845,226.7573699951172
0.3236050009727478,0,0,0,0,0,0,-0.0000006845666007393447,0.1369481384754181,-0.006847407203167677,-0.000000000012327240790643845,117.37089538574219
0.3236050009727478,0,0,0,0,0,0,-0.0000006845666007393447,0.1369481384754181,-0.006847407203167677,-0.000000000012327240790643845,117.068603515625
0.3236050009727478,0,0,0,0,0,0,-0.0000006845666007393447,0.1369481384754181,-0.006847407203167677,-0.000000000012327240790643845,123.42631530761719
0.3236050009727478,0,0,0,0,0,0,-0.0000006845666007393447,0.1369481384754181,-0.006847407203167677,-0.000000000012327240790643845,84.35971069335938
0.3236050009727478,0,0,0,0,0,0,-0.0000006845666007393447,0.1369481384754181,-0.006847407203167677,-0.000000000012327240790643845,229.51571655273438
0.3236050009727478,0,0,0,0,0,0,-0.0000006845666007393447,0.1369481384754181,-0.006847407203167677,-0.000000000012327240790643845,114.02508544921875
0.3236050009727478,0,0,0,0,0,0,-0.0000006845666007393447,0.1369481384754181,-0.006847407203167677,-0.000000000012327240790643845,117.57789611816406
0.3236050009727478,0,0,0,0,0,0,-0.0000006845666007393447,0.1369481384754181,-0.006847407203167677,-0.000000000012327240790643845,128.0245819091797
0.3236050009727478,0,0,0,0,0,0,-0.0000006845666007393447,0.1369481384754181,-0.006847407203167677,-0.000000000012327240790643845,81.28099060058594
0.3236050009727478,0,0,0,0,0,0,-0.0000006845666007393447,0.1369481384754181,-0.006847407203167677,-0.000000000012327240790643845,232.55813598632813
0.3236050009727478,0,0,0,0,0,0,-0.0000006845666007393447,0.1369481384754181,-0.006847407203167677,-0.000000000012327240790643845,112.06993103027344
0.3236050009727478,0,0,0,0,0,0,-0.0000006845666007393447,0.1369481384754181,-0.006847407203167677,-0.000000000012327240790643845,122.56404113769531
0.3236050009727478,0,0,0,0,0,0,-0.0000006845666007393447,0.1369481384754181,-0.006847407203167677,-0.000000000012327240790643845,117.26078796386719
0.3236050009727478,0,0,0,0,0,0,-0.0000006845666007393447,0.1369481384754181,-0.006847407203167677,-0.000000000012327240790643845,82.25037384033203
0.3236050009727478,0,0,0,0,0,0,-0.0000006845666007393447,0.1369481384754181,-0.006847407203167677,-0.000000000012327240790643845,244.2002410888672
0.3236050009727478,0,0,0,0,0,0,-0.0000006845666007393447,0.1369481384754181,-0.006847407203167677,-0.000000000012327240790643845,110.92623138427734
0.3236050009727478,0,0,0,0,0,0,-0.0000006845666007393447,0.1369481384754181,-0.006847407203167677,-0.000000000012327240790643845,125.18778228759766
0.3236050009727478,0,0,0,0,0,0,-0.0000006845666007393447,0.1369481384754181,-0.006847407203167677,-0.000000000012327240790643845,119.71746826171875
0.3236050009727478,0,0,0,0,0,0,-0.0000006845666007393447,0.1369481384754181,-0.006847407203167677,-0.000000000012327240790643845,83.9207763671875
0.3236050009727478,0,0,0,0,0,0,-0.0000006845666007393447,0.1369481384754181,-0.006847407203167677,-0.000000000012327240790643845,218.43600463867188
0.3236050009727478,0,0,0,0,0,0,-0.0000006845666007393447,0.1369481384754181,-0.006847407203167677,-0.000000000012327240790643845,118.56770324707031
0.3236050009727478,0,0,0,0,0,0,-0.0000006845666007393447,0.1369481384754181,-0.006847407203167677,-0.000000000012327240790643845,120.36591339111328
0.3236050009727478,0,0,0,0,0,0,-0.0000006845666007393447,0.1369481384754181,-0.006847407203167677,-0.000000000012327240790643845,118.31519317626953
0.3236050009727478,0,0,0,0,0,0,-0.0000006845666007393447,0.1369481384754181,-0.006847407203167677,-0.000000000012327240790643845,84.09721374511719
0.3236050009727478,0,0,0,0,0,0,-0.0000006845666007393447,0.1369481384754181,-0.006847407203167677,-0.000000000012327240790643845,236.01605224609375
0.3236050009727478,0,0,0,0,0,0,-0.0000006845666007393447,0.1369481384754181,-0.006847407203167677,-0.000000000012327240790643845,110.27790069580078
0.3236050009727478,0,0,0,0,0,0,-0.0000006845666007393447,0.1369481384754181,-0.006847407203167677,-0.000000000012327240790643845,123.22859191894531
0.3236050009727478,0,0,0,0,0,0,-0.0000006845666007393447,0.1369481384754181,-0.006847407203167677,-0.000000000012327240790643845,125.5650405883789
0.3236050009727478,0,0,0,0,0,0,-0.0000006845666007393447,0.1369481384754181,-0.006847407203167677,-0.000000000012327240790643845,83.0840835571289
0.3236050009727478,0,0,0,0,0,0,-0.0000006845666007393447,0.1369481384754181,-0.006847407203167677,-0.000000000012327240790643845,219.39447021484375
0.3236050009727478,0,0,0,0,0,0,-0.0000006845666007393447,0.1369481384754181,-0.006847407203167677,-0.000000000012327240790643845,119.14691162109375
0.3236050009727478,0,0,0,0,0,0,-0.0000006845666007393447,0.1369481384754181,-0.006847407203167677,-0.000000000012327240790643845,119.26058197021484
0.3236050009727478,0,0,0,0,0,0,-0.0000006845666007393447,0.1369481384754181,-0.006847407203167677,-0.000000000012327240790643845,119.96160888671875
0.3236050009727478,0,0,0,0,0,0,-0.0000006845666007393447,0.1369481384754181,-0.006847407203167677,-0.000000000012327240790643845,83.61903381347656
0.3236050009727478,0,0,0,0,0,0,-0.0000006845666007393447,0.1369481384754181,-0.006847407203167677,-0.000000000012327240790643845,220.55580139160156
0.3236050009727478,0,0,0,0,0,0,-0.0000006845666007393447,0.1369481384754181,-0.006847407203167677,-0.000000000012327240790643845,118.16140747070313
0.3236050009727478,0,0,0,0,0,0,-0.0000006845666007393447,0.1369481384754181,-0.006847407203167677,-0.000000000012327240790643845,110.92623138427734
0.3236050009727478,0,0,0,0,0,0,-0.0000006845666007393447,0.1369481384754181,-0.006847407203167677,-0.000000000012327240790643845,130.3101348876953
0.3236050009727478,0,0,0,0,0,0,-0.0000006845666007393447,0.1369481384754181,-0.006847407203167677,-0.000000000012327240790643845,81.00445556640625
0.3236050009727478,0,0,0,0,0,0,-0.0000006845666007393447,0.1369481384754181,-0.006847407203167677,-0.000000000012327240790643845,238.83448791503906
0.3236050009727478,0,0,0,0,0,0,-0.0000006845666007393447,0.1369481384754181,-0.006847407203167677,-0.000000000012327240790643845,117.70244598388672
0.3236050009727478,0,0,0,0,0,0,-0.0000006845666007393447,0.1369481384754181,-0.006847407203167677,-0.000000000012327240790643845,120.16342163085938
0.3236050009727478,0,0,0,0,0,0,-0.0000006845666007393447,0.1369481384754181,-0.006847407203167677,-0.000000000012327240790643845,119.56002044677734
0.3236050009727478,0,0.0000004999999987376214,0,0,0,0,-0.0000006845666007393447,0.1369481384754181,-0.006847407203167677,-0.000000000012327240790643845,71.8958969116211
0.3236050009727478,0,0.0000004999999987376214,0,0,0,0,-0.0000006845666007393447,0.1369481384754181,-0.006847407203167677,-0.000000000012327240790643845,282.16705322265625
0.3236050009727478,0,0.0000004999999987376214,0,0,0,0,-0.0000006845666007393447,0.1369481384754181,-0.006847407203167677,-0.000000000012327240790643845,131.31976318359375
0.3236050009727478,0,0.0000004999999987376214,0,0,0,0,-0.0000006845666007393447,0.1369481384754181,-0.006847407203167677,-0.000000000012327240790643845,121.13870239257813
0.3236050009727478,0,0.0000004999999987376214,0,0,0,0,-0.0000006845666007393447,0.1369481384754181,-0.006847407203167677,-0.000000000012327240790643845,118.3712158203125
0.3236050009727478,0,0.0000004999999987376214,0,0,0,0,-0.0000006845666007393447,0.1369481384754181,-0.006847407203167677,-0.000000000012327240790643845,92.55831146240234
0.3236050009727478,0,0.0000004999999987376214,0,0,0,0,-0.0000006845666007393447,0.1369481384754181,-0.006847407203167677,-0.000000000012327240790643845,140.1541748046875
0.3236050009727478,0,0.0000004999999987376214,0,0,0,0,-0.0000006845666007393447,0.1369481384754181,-0.006847407203167677,-0.000000000012327240790643845,143.59564208984375
0.3236050009727478,0,0.0000004999999987376214,0,0,0,0,-0.0000006845666007393447,0.1369481384754181,-0.006847407203167677,-0.000000000012327240790643845,120.03360748291016
0.3236050009727478,0,0.0000004999999987376214,0,0,0,0,-0.0000006845666007393447,0.1369481384754181,-0.006847407203167677,-0.000000000012327240790643845,122.51898956298828
0.3236050009727478,0,0.0000004999999987376214,0,0,0,0,-0.0000006845666007393447,0.1369481384754181,-0.006847407203167677,-0.000000000012327240790643845,84.45945739746094
0.3236050009727478,0,0.0000004999999987376214,0,0,0,0,-0.0000006845666007393447,0.1369481384754181,-0.006847407203167677,-0.000000000012327240790643845,217.24961853027344
0.3236050009727478,0,0.0000004999999987376214,0,0,0,0,-0.0000006845666007393447,0.1369481384754181,-0.006847407203167677,-0.000000000012327240790643845,105.24100494384766
0.3236050009727478,0,0.0000004999999987376214,0,0,0,0,-0.0000006845666007393447,0.1369481384754181,-0.006847407203167677,-0.000000000012327240790643845,127.1294174194336
0.3236050009727478,0,0.0000004999999987376214,0,0,0,0,-0.0000006845666007393447,0.1369481384754181,-0.006847407203167677,-0.000000000012327240790643845,119.6458511352539
0.3236050009727478,0,0.0000004999999987376214,0,0,0,0,-0.0000006845666007393447,0.1369481384754181,-0.006847407203167677,-0.000000000012327240790643845,83.3750228881836
0.3236050009727478,0,0.0000004999999987376214,0,0,0,0,-0.0000006845666007393447,0.1369481384754181,-0.006847407203167677,-0.000000000012327240790643845,215.88946533203125
0.3236050009727478,0,0.0000004999999987376214,0,0,0,0,-0.0000006845666007393447,0.1369481384754181,-0.006847407203167677,-0.000000000012327240790643845,116.48223876953125
0.3236050009727478,0,0.0000004999999987376214,0,0,0,0,-0.0000006845666007393447,0.1369481384754181,-0.006847407203167677,-0.000000000012327240790643845,116.03620147705078
0.3236050009727478,0,0.0000004999999987376214,0,0,0,0,-0.0000006845666007393447,0.1369481384754181,-0.006847407203167677,-0.000000000012327240790643845,126.19889068603516
0.3236050009727478,0,0.0000004999999987376214,0,0,0,0,-0.0000006845666007393447,0.1369481384754181,-0.006847407203167677,-0.000000000012327240790643845,81.75277709960938
0.3236050009727478,0,0.0000004999999987376214,0,0,0,0,-0.0000006845666007393447,0.1369481384754181,-0.006847407203167677,-0.000000000012327240790643845,220.7018280029297
0.3236050009727478,0,0.0000004999999987376214,0,0,0,0,-0.0000006845666007393447,0.1369481384754181,-0.006847407203167677,-0.000000000012327240790643845,119.76048278808594
0.3236050009727478,0,0.0000004999999987376214,0,0,0,0,-0.0000006845666007393447,0.1369481384754181,-0.006847407203167677,-0.000000000012327240790643845,120.23566436767578
0.3236050009727478,0,0.0000004999999987376214,0,0,0,0,-0.0000006845666007393447,0.1369481384754181,-0.006847407203167677,-0.000000000012327240790643845,114.25959777832031
0.3236050009727478,0,0.0000004999999987376214,0,0,0,0,-0.0000006845666007393447,0.1369481384754181,-0.006847407203167677,-0.000000000012327240790643845,85.17162322998047
0.3236050009727478,0,0.0000004999999987376214,0,0,0,0,-0.0000006845666007393447,0.1369481384754181,-0.006847407203167677,-0.000000000012327240790643845,227.73855590820313
0.3236050009727478,0,0.0000004999999987376214,0,0,0,0,-0.0000006845666007393447,0.1369481384754181,-0.006847407203167677,-0.000000000012327240790643845,113.39154052734375
0.3236050009727478,0,0.0000004999999987376214,0,0,0,0,-0.0000006845666007393447,0.1369481384754181,-0.006847407203167677,-0.000000000012327240790643845,126.91966247558594
0.3236050009727478,0,0.0000004999999987376214,0,0,0,0,-0.0000006845666007393447,0.1369481384754181,-0.006847407203167677,-0.000000000012327240790643845,118.44131469726563
0.3236050009727478,0,0.0000004999999987376214,0,0,0,0,-0.0000006845666007393447,0.1369481384754181,-0.006847407203167677,-0.000000000012327240790643845,92.68699645996094
0.3236050009727478,0,0.0000004999999987376214,0,0,0,0,-0.0000006845666007393447,0.1369481384754181,-0.006847407203167677,-0.000000000012327240790643845,148.43402099609375
0.3236050009727478,0,0.0000004999999987376214,0,0,0,0,-0.0000006845666007393447,0.1369481384754181,-0.006847407203167677,-0.000000000012327240790643845,134.0482635498047
0.3236050009727478,0,0.0000004999999987376214,0,0,0,0,-0.0000006845666007393447,0.1369481384754181,-0.006847407203167677,-0.000000000012327240790643845,114.45576477050781
0.3236050009727478,0,0.0000004999999987376214,0,0,0,0,-0.0000006845666007393447,0.1369481384754181,-0.006847407203167677,-0.000000000012327240790643845,125.94458770751953
0.3236050009727478,0,0.0000004999999987376214,0,0,0,0,-0.0000006845666007393447,0.1369481384754181,-0.006847407203167677,-0.000000000012327240790643845,92.17439270019531
0.3236050009727478,0,0.0000004999999987376214,0,0,0,0,-0.0000006845666007393447,0.1369481384754181,-0.006847407203167677,-0.000000000012327240790643845,146.39144897460938
0.3236050009727478,0,0.0000004999999987376214,0,0,0,0,-0.0000006845666007393447,0.1369481384754181,-0.006847407203167677,-0.000000000012327240790643845,132.5029754638672
0.3236050009727478,0,0.0000004999999987376214,0,0,0,0,-0.0000006845666007393447,0.1369481384754181,-0.006847407203167677,-0.000000000012327240790643845,122.11503601074219
0.3236050009727478,0,0.0000004999999987376214,0,0,0,0,-0.0000006845666007393447,0.1369481384754181,-0.006847407203167677,-0.000000000012327240790643845,118.14744567871094
0.3236050009727478,0,0.0000004999999987376214,0,0,0,0,-0.0000006845666007393447,0.1369481384754181,-0.006847407203167677,-0.000000000012327240790643845,82.91873931884766
0.3236050009727478,0,0.0000004999999987376214,0,0,0,0,-0.0000006845666007393447,0.1369481384754181,-0.006847407203167677,-0.000000000012327240790643845,233.31777954101563
0.3236050009727478,0,0.0000004999999987376214,0,0,0,0,-0.0000006845666007393447,0.1369481384754181,-0.006847407203167677,-0.000000000012327240790643845,113.22463989257813
0.3236050009727478,0,0.0000004999999987376214,0,0,0,0,-0.0000006845666007393447,0.1369481384754181,-0.006847407203167677,-0.000000000012327240790643845,122.32415771484375
0.3236050009727478,0,0.0000004999999987376214,0,0,0,0,-0.0000006845666007393447,0.1369481384754181,-0.006847407203167677,-0.000000000012327240790643845,121.10935974121094
0.3236050009727478,0,0.0000004999999987376214,0,0,0,0,-0.0000006845666007393447,0.1369481384754181,-0.006847407203167677,-0.000000000012327240790643845,80.74935150146484
0.3236050009727478,0,0.0000004999999987376214,0,0,0,0,-0.0000006845666007393447,0.1369481384754181,-0.006847407203167677,-0.000000000012327240790643845,253.74270629882813
0.3236050009727478,0,0.0000004999999987376214,0,0,0,0,-0.0000006845666007393447,0.1369481384754181,-0.006847407203167677,-0.000000000012327240790643845,113.86927795410156
0.3236050009727478,0,0.0000004999999987376214,0,0,0,0,-0.0000006845666007393447,0.1369481384754181,-0.006847407203167677,-0.000000000012327240790643845,120.75836181640625
0.3236050009727478,0,0.0000004999999987376214,0,0,0,0,-0.0000006845666007393447,0.1369481384754181,-0.006847407203167677,-0.000000000012327240790643845,122.01073455810547
0.3236050009727478,0,0.0000004999999987376214,0,0,0,0,-0.0000006845666007393447,0.1369481384754181,-0.006847407203167677,-0.000000000012327240790643845,82.987548828125
0.3236050009727478,0,0.0000004999999987376214,0,0,0,0,-0.0000006845666007393447,0.1369481384754181,-0.006847407203167677,-0.000000000012327240790643845,201.69422912597656
0.3236050009727478,0,0.0000004999999987376214,0,0,0,0,-0.0000006845666007393447,0.1369481384754181,-0.006847407203167677,-0.000000000012327240790643845,122.02562713623047
0.3236050009727478,0,0.0000004999999987376214,0,0,0,0,-0.0000006845666007393447,0.1369481384754181,-0.006847407203167677,-0.000000000012327240790643845,123.27416229248047
0.3236050009727478,0,0.0000004999999987376214,0,0,0,0,-0.0000006845666007393447,0.1369481384754181,-0.006847407203167677,-0.000000000012327240790643845,115.2073745727539
0.3236050009727478,0,0.0000004999999987376214,0,0,0,0,-0.0000006845666007393447,0.1369481384754181,-0.006847407203167677,-0.000000000012327240790643845,83.34722137451172
0.3236050009727478,0,0.0000004999999987376214,0,0,0,0,-0.0000006845666007393447,0.1369481384754181,-0.006847407203167677,-0.000000000012327240790643845,229.62112426757813
0.3236050009727478,0,0.0000004999999987376214,0,0,0,0,-0.0000006845666007393447,0.1369481384754181,-0.006847407203167677,-0.000000000012327240790643845,117.19207763671875
0.3236050009727478,0,0.0000004999999987376214,0,0,0,0,-0.0000006845666007393447,0.1369481384754181,-0.006847407203167677,-0.000000000012327240790643845,123.016357421875
0.3236050009727478,0,0.0000004999999987376214,0,0,0,0,-0.0000006845666007393447,0.1369481384754181,-0.006847407203167677,-0.000000000012327240790643845,119.46003723144531
0.3236050009727478,0,0.0000004999999987376214,0,0,0,0,-0.0000006845666007393447,0.1369481384754181,-0.006847407203167677,-0.000000000012327240790643845,82.35197448730469
0.3236050009727478,0,0.0000004999999987376214,0,0,0,0,-0.0000006845666007393447,0.1369481384754181,-0.006847407203167677,-0.000000000012327240790643845,224.11474609375
0.3236050009727478,0,0.0000004999999987376214,0,0,0,0,-0.0000006845666007393447,0.1369481384754181,-0.006847407203167677,-0.000000000012327240790643845,117.89672088623047
0.3236050009727478,0,0.0000004999999987376214,0,0,0,0,-0.0000006845666007393447,0.1369481384754181,-0.006847407203167677,-0.000000000012327240790643845,110.02310180664063
0.3236050009727478,0,0.0000004999999987376214,0,0,0,0,-0.0000006845666007393447,0.1369481384754181,-0.006847407203167677,-0.000000000012327240790643845,131.47515869140625
0.3236050009727478,0,0.0000004999999987376214,0,0,0,0,-0.0000006845666007393447,0.1369481384754181,-0.006847407203167677,-0.000000000012327240790643845,83.74507904052734
0.3236050009727478,0,0.0000004999999987376214,0,0,0,0,-0.0000006845666007393447,0.1369481384754181,-0.006847407203167677,-0.000000000012327240790643845,206.39834594726563
0.3236050009727478,0,0.0000004999999987376214,0,0,0,0,-0.0000006845666007393447,0.1369481384754181,-0.006847407203167677,-0.000000000012327240790643845,115.67379760742188
0.3236050009727478,0,0.0000004999999987376214,0,0,0,0,-0.0000006845666007393447,0.1369481384754181,-0.006847407203167677,-0.000000000012327240790643845,124.14649200439453
0.3236050009727478,0,0.0000004999999987376214,0,0,0,0,-0.0000006845666007393447,0.1369481384754181,-0.006847407203167677,-0.000000000012327240790643845,121.71372985839844
0.3236050009727478,0,0.0000004999999987376214,0,0,0,0,-0.0000006845666007393447,0.1369481384754181,-0.006847407203167677,-0.000000000012327240790643845,83.78015899658203
0.3236050009727478,0,0.0000004999999987376214,0,0,0,0,-0.0000006845666007393447,0.1369481384754181,-0.006847407203167677,-0.000000000012327240790643845,209.6436004638672
0.3236050009727478,0,0.0000004999999987376214,0,0,0,0,-0.0000006845666007393447,0.1369481384754181,-0.006847407203167677,-0.000000000012327240790643845,122.04051971435547
0.3236050009727478,0,0.0000004999999987376214,0,0,0,0,-0.0000006845666007393447,0.1369481384754181,-0.006847407203167677,-0.000000000012327240790643845,115.06156158447266
0.3236050009727478,0,0.0000004999999987376214,0,0,0,0,-0.0000006845666007393447,0.1369481384754181,-0.006847407203167677,-0.000000000012327240790643845,123.25896453857422
0.3236050009727478,0,0.0000004999999987376214,0,0,0,0,-0.0000006845666007393447,0.1369481384754181,-0.006847407203167677,-0.000000000012327240790643845,83.85041046142578
0.3236050009727478,0,0.0000004999999987376214,0,0,0,0,-0.0000006845666007393447,0.1369481384754181,-0.006847407203167677,-0.000000000012327240790643845,217.01388549804688
0.3236050009727478,0,0.0000004999999987376214,0,0,0,0,-0.0000006845666007393447,0.1369481384754181,-0.006847407203167677,-0.000000000012327240790643845,118.32919311523438
0.3236050009727478,0,0.0000004999999987376214,0,0,0,0,-0.0000006845666007393447,0.1369481384754181,-0.006847407203167677,-0.000000000012327240790643845,120.03360748291016
0.3236050009727478,0,0.0000004999999987376214,0,0,0,0,-0.0000006845666007393447,0.1369481384754181,-0.006847407203167677,-0.000000000012327240790643845,120.78753662109375
0.3236050009727478,0,0.0000004999999987376214,0,0,0,0,-0.0000006845666007393447,0.1369481384754181,-0.006847407203167677,-0.000000000012327240790643845,82.04118347167969
0.3236050009727478,0,0.0000004999999987376214,0,0,0,0,-0.0000006845666007393447,0.1369481384754181,-0.006847407203167677,-0.000000000012327240790643845,227.79043579101563
0.3236050009727478,0,0.0000004999999987376214,0,0,0,0,-0.0000006845666007393447,0.1369481384754181,-0.006847407203167677,-0.000000000012327240790643845,120.56908416748047
0.3236050009727478,0,0.0000004999999987376214,0,0,0,0,-0.0000006845666007393447,0.1369481384754181,-0.006847407203167677,-0.000000000012327240790643845,119.09014892578125
0.3236050009727478,0,0.0000004999999987376214,0,0,0,0,-0.0000006845666007393447,0.1369481384754181,-0.006847407203167677,-0.000000000012327240790643845,120.36591339111328
0.3236050009727478,0,0.0000004999999987376214,0,0,0,0,-0.0000006845666007393447,0.1369481384754181,-0.006847407203167677,-0.000000000012327240790643845,83.45155334472656
0.3236050009727478,0,0.0000004999999987376214,0,0,0,0,-0.0000006845666007393447,0.1369481384754181,-0.006847407203167677,-0.000000000012327240790643845,213.9495086669922
0.3236050009727478,0,0.0000004999999987376214,0,0,0,0,-0.0000006845666007393447,0.1369481384754181,-0.006847407203167677,-0.000000000012327240790643845,118.53958892822266
0.3236050009727478,0,0.0000004999999987376214,0,0,0,0,-0.0000006845666007393447,0.1369481384754181,-0.006847407203167677,-0.000000000012327240790643845,121.84720611572266
0.3236050009727478,0,0.0000004999999987376214,0,0,0,0,-0.0000006845666007393447,0.1369481384754181,-0.006847407203167677,-0.000000000012327240790643845,117.9106216430664
0.3236050009727478,0,0.0000004999999987376214,0,0,0,0,-0.0000006845666007393447,0.1369481384754181,-0.006847407203167677,-0.000000000012327240790643845,80.93234252929688
0.3236050009727478,0,0.0000004999999987376214,0,0,0,0,-0.0000006845666007393447,0.1369481384754181,-0.006847407203167677,-0.000000000012327240790643845,232.55813598632813
0.3236050009727478,0,0.0000004999999987376214,0,0,0,0,-0.0000006845666007393447,0.1369481384754181,-0.006847407203167677,-0.000000000012327240790643845,119.2463607788086
0.3236050009727478,0,0.0000004999999987376214,0,0,0,0,-0.0000006845666007393447,0.1369481384754181,-0.006847407203167677,-0.000000000012327240790643845,126.4542236328125
0.3236050009727478,0,0.0000004999999987376214,0,0,0,0,-0.0000006845666007393447,0.1369481384754181,-0.006847407203167677,-0.000000000012327240790643845,115.00862884521484
0.3236050009727478,0,0.0000004999999987376214,0,0,0,0,-0.0000006845666007393447,0.1369481384754181,-0.006847407203167677,-0.000000000012327240790643845,84.60237121582031
0.3236050009727478,0,0.0000004999999987376214,0,0,0,0,-0.0000006845666007393447,0.1369481384754181,-0.006847407203167677,-0.000000000012327240790643845,204.4989776611328
0.3236050009727478,0,0.0000004999999987376214,0,0,0,0,-0.0000006845666007393447,0.1369481384754181,-0.006847407203167677,-0.000000000012327240790643845,117.92453002929688
0.3236050009727478,0,0.0000004999999987376214,0,0,0,0,-0.0000006845666007393447,0.1369481384754181,-0.006847407203167677,-0.000000000012327240790643845,125.78616333007813
0.3236050009727478,0,0.0000004999999987376214,0,0,0,0,-0.0000006845666007393447,0.1369481384754181,-0.006847407203167677,-0.000000000012327240790643845,119.10433197021484
0.3236050009727478,0,0.0000004999999987376214,0,0,0,0,-0.0000006845666007393447,0.1369481384754181,-0.006847407203167677,-0.000000000012327240790643845,83.97715759277344
0.3236050009727478,0,0.0000004999999987376214,0,0,0,0,-0.0000006845666007393447,0.1369481384754181,-0.006847407203167677,-0.000000000012327240790643845,210.74815368652344
0.3236050009727478,0,0.0000004999999987376214,0,0,0,0,-0.0000006845666007393447,0.1369481384754181,-0.006847407203167677,-0.000000000012327240790643845,118.6380386352539
0.3236050009727478,0,0.0000004999999987376214,0,0,0,0,-0.0000006845666007393447,0.1369481384754181,-0.006847407203167677,-0.000000000012327240790643845,119.71746826171875
0.3236050009727478,0,0.0000004999999987376214,0,0,0,0,-0.0000006845666007393447,0.1369481384754181,-0.006847407203167677,-0.000000000012327240790643845,120.8313217163086
0.3236050009727478,0,0.0000004999999987376214,0,0,0,0,-0.0000006845666007393447,0.1369481384754181,-0.006847407203167677,-0.000000000012327240790643845,84.35259246826172
0.3236050009727478,0,0.0000004999999987376214,0,0,0,0,-0.0000006845666007393447,0.1369481384754181,-0.006847407203167677,-0.000000000012327240790643845,202.38818359375
0.3236050009727478,0,0.0000004999999987376214,0,0,0,0,-0.0000006845666007393447,0.1369481384754181,-0.006847407203167677,-0.000000000012327240790643845,122.42899322509766
0.3236050009727478,0,0.0000004999999987376214,0,0,0,0,-0.0000006845666007393447,0.1369481384754181,-0.006847407203167677,-0.000000000012327240790643845,118.99095916748047
0.3236050009727478,0,0.0000004999999987376214,0,0,0,0,-0.0000006845666007393447,0.1369481384754181,-0.006847407203167677,-0.000000000012327240790643845,119.63153839111328
0.3236050009727478,0,0.0000004999999987376214,0,0,0,0,-0.0000006845666007393447,0.1369481384754181,-0.006847407203167677,-0.000000000012327240790643845,84.9184799194336
0.3236050009727478,0,0.0000004999999987376214,0,0,0,0,-0.0000006845666007393447,0.1369481384754181,-0.006847407203167677,-0.000000000012327240790643845,222.27162170410156
0.3236050009727478,0,0.0000004999999987376214,0,0,0,0,-0.0000006845666007393447,0.1369481384754181,-0.006847407203167677,-0.000000000012327240790643845,120.00479888916016
0.3236050009727478,0,0.0000004999999987376214,0,0,0,0,-0.0000006845666007393447,0.1369481384754181,-0.006847407203167677,-0.000000000012327240790643845,119.5743179321289
0.3236050009727478,0,0.0000004999999987376214,0,0,0,0,-0.0000006845666007393447,0.1369481384754181,-0.006847407203167677,-0.000000000012327240790643845,119.80352020263672
0.3236050009727478,0,0.0000004999999987376214,0,0,0,0,-0.0000006845666007393447,0.1369481384754181,-0.006847407203167677,-0.000000000012327240790643845,83.18775177001953
0.3236050009727478,0,0.0000004999999987376214,0,0,0,0,-0.0000006845666007393447,0.1369481384754181,-0.006847407203167677,-0.000000000012327240790643845,196.8503875732422
0.3236050009727478,0,0.0000004999999987376214,0,0,0,0,-0.0000006845666007393447,0.1369481384754181,-0.006847407203167677,-0.000000000012327240790643845,125.62814331054688
0.3236050009727478,0,0.0000004999999987376214,0,0,0,0,-0.0000006845666007393447,0.1369481384754181,-0.006847407203167677,-0.000000000012327240790643845,120.77294921875
0.3236050009727478,0,0.0000004999999987376214,0,0,0,0,-0.0000006845666007393447,0.1369481384754181,-0.006847407203167677,-0.000000000012327240790643845,120.4529037475586
0.3236050009727478,0,0.0000004999999987376214,0,0,0,0,-0.0000006845666007393447,0.1369481384754181,-0.006847407203167677,-0.000000000012327240790643845,91.13278198242188
0.3236050009727478,0,0.0000004999999987376214,0,0,0,0,-0.0000006845666007393447,0.1369481384754181,-0.006847407203167677,-0.000000000012327240790643845,151.0345916748047
0.3236050009727478,0,0.0000004999999987376214,0,0,0,0,-0.0000006845666007393447,0.1369481384754181,-0.006847407203167677,-0.000000000012327240790643845,134.03028869628906
0.3236050009727478,0,0.0000004999999987376214,0,0,0,0,-0.0000006845666007393447,0.1369481384754181,-0.006847407203167677,-0.000000000012327240790643845,119.73180389404297
0.3236050009727478,0,0.0000004999999987376214,0,0,0,0,-0.0000006845666007393447,0.1369481384754181,-0.006847407203167677,-0.000000000012327240790643845,120.68549346923828
0.3236050009727478,0,0.0000004999999987376214,0,0,0,0,-0.0000006845666007393447,0.1369481384754181,-0.006847407203167677,-0.000000000012327240790643845,83.76612854003906
0.3236050009727478,0,0.0000004999999987376214,0,0,0,0,-0.0000006845666007393447,0.1369481384754181,-0.006847407203167677,-0.000000000012327240790643845,211.9542236328125
0.3236050009727478,0,0.0000004999999987376214,0,0,0,0,-0.0000006845666007393447,0.1369481384754181,-0.006847407203167677,-0.000000000012327240790643845,114.4295654296875
0.3236050009727478,0,0.0000004999999987376214,0,0,0,0,-0.0000006845666007393447,0.1369481384754181,-0.006847407203167677,-0.000000000012327240790643845,117.79950714111328
0.3236050009727478,0,0.0000004999999987376214,0,0,0,0,-0.0000006845666007393447,0.1369481384754181,-0.006847407203167677,-0.000000000012327240790643845,121.77301788330078
0.3236050009727478,0,0.0000004999999987376214,0,0,0,0,-0.0000006845666007393447,0.1369481384754181,-0.006847407203167677,-0.000000000012327240790643845,84.01243591308594
0.3236050009727478,0,0.0000004999999987376214,0,0,0,0,-0.0000006845666007393447,0.1369481384754181,-0.006847407203167677,-0.000000000012327240790643845,217.24961853027344
0.3236050009727478,0,0.0000004999999987376214,0,0,0,0,-0.0000006845666007393447,0.1369481384754181,-0.006847407203167677,-0.000000000012327240790643845,118.5817642211914
0.3236050009727478,0,0.0000004999999987376214,0,0,0,0,-0.0000006845666007393447,0.1369481384754181,-0.006847407203167677,-0.000000000012327240790643845,117.77175903320313
0.3236050009727478,0,0.0000004999999987376214,0,0,0,0,-0.0000006845666007393447,0.1369481384754181,-0.006847407203167677,-0.000000000012327240790643845,120.77294921875
0.3236050009727478,0,0.0000004999999987376214,0,0,0,0,-0.0000006845666007393447,0.1369481384754181,-0.006847407203167677,-0.000000000012327240790643845,81.24797058105469
0.3236050009727478,0,0.0000004999999987376214,0,0,0,0,-0.0000006845666007393447,0.1369481384754181,-0.006847407203167677,-0.000000000012327240790643845,239.40626525878906
0.3236050009727478,0,0.0000004999999987376214,0,0,0,0,-0.0000006845666007393447,0.1369481384754181,-0.006847407203167677,-0.000000000012327240790643845,123.6552505493164
0.3236050009727478,0,0.0000004999999987376214,0,0,0,0,-0.0000006845666007393447,0.1369481384754181,-0.006847407203167677,-0.000000000012327240790643845,119.80352020263672
0.3236050009727478,0,0.0000004999999987376214,0,0,0,0,-0.0000006845666007393447,0.1369481384754181,-0.006847407203167677,-0.000000000012327240790643845,119.68881225585938
0.3236050009727478,0,0.0000004999999987376214,0,0,0,0,-0.0000006845666007393447,0.1369481384754181,-0.006847407203167677,-0.000000000012327240790643845,83.97715759277344
0.3236050009727478,0,0.0000004999999987376214,0,0,0,0,-0.0000006845666007393447,0.1369481384754181,-0.006847407203167677,-0.000000000012327240790643845,209.9076385498047
0.3236050009727478,0,0.0000004999999987376214,0,0,0,0,-0.0000006845666007393447,0.1369481384754181,-0.006847407203167677,-0.000000000012327240790643845,117.28829193115234
0.3236050009727478,0,0.0000004999999987376214,0,0,0,0,-0.0000006845666007393447,0.1369481384754181,-0.006847407203167677,-0.000000000012327240790643845,122.15978240966797
0.3236050009727478,0,0.0000004999999987376214,0,0,0,0,-0.0000006845666007393447,0.1369481384754181,-0.006847407203167677,-0.000000000012327240790643845,120.43839263916016
0.3236050009727478,0,0.0000004999999987376214,0,0,0,0,-0.0000006845666007393447,0.1369481384754181,-0.006847407203167677,-0.000000000012327240790643845,79.4344253540039
0.3236050009727478,0,0.0000004999999987376214,0,0,0,0,-0.0000006845666007393447,0.1369481384754181,-0.006847407203167677,-0.000000000012327240790643845,250.43826293945313
0.3236050009727478,0,0.0000004999999987376214,0,0,0,0,-0.0000006845666007393447,0.1369481384754181,-0.006847407203167677,-0.000000000012327240790643845,118.34319305419922
0.3236050009727478,0,0.0000004999999987376214,0,0,0,0,-0.0000006845666007393447,0.1369481384754181,-0.006847407203167677,-0.000000000012327240790643845,120.58362579345703
0.3236050009727478,0,0.0000004999999987376214,0,0,0,0,-0.0000006845666007393447,0.1369481384754181,-0.006847407203167677,-0.000000000012327240790643845,119.1327133178711
0.3236050009727478,0,0.0000004999999987376214,0,0,0,0,-0.0000006845666007393447,0.1369481384754181,-0.006847407203167677,-0.000000000012327240790643845,84.06893920898438
0.3236050009727478,0,0.0000004999999987376214,0,0,0,0,-0.0000006845666007393447,0.1369481384754181,-0.006847407203167677,-0.000000000012327240790643845,214.36227416992188
0.3236050009727478,0,0.0000004999999987376214,0,0,0,0,-0.0000006845666007393447,0.1369481384754181,-0.006847407203167677,-0.000000000012327240790643845,118.44131469726563
0.3236050009727478,0,0.0000004999999987376214,0,0,0,0,-0.0000006845666007393447,0.1369481384754181,-0.006847407203167677,-0.000000000012327240790643845,113.94712829589844
0.3236050009727478,0,0.0000004999999987376214,0,0,0,0,-0.0000006845666007393447,0.1369481384754181,-0.006847407203167677,-0.000000000012327240790643845,119.21793365478516
0.3236050009727478,0,0.0000004999999987376214,0,0,0,0,-0.0000006845666007393447,0.1369481384754181,-0.006847407203167677,-0.000000000012327240790643845,89.9927978515625
0.3236050009727478,0,0.0000004999999987376214,0,0,0,0,-0.0000006845666007393447,0.1369481384754181,-0.006847407203167677,-0.000000000012327240790643845,159.61691284179688
0.3236050009727478,0,0.0000004999999987376214,0,0,0,0,-0.0000006845666007393447,0.1369481384754181,-0.006847407203167677,-0.000000000012327240790643845,140.7063446044922
0.3236050009727478,0,0.0000004999999987376214,0,0,0,0,-0.0000006845666007393447,0.1369481384754181,-0.006847407203167677,-0.000000000012327240790643845,120.33694458007813
0.3236050009727478,0,0.0000004999999987376214,0,0,0,0,-0.0000006845666007393447,0.1369481384754181,-0.006847407203167677,-0.000000000012327240790643845,118.86366271972656
0.3236050009727478,0,0.0000004999999987376214,0,0,0,0,-0.0000006845666007393447,0.1369481384754181,-0.006847407203167677,-0.000000000012327240790643845,91.70946502685547
0.3236050009727478,0,0.0000004999999987376214,0,0,0,0,-0.0000006845666007393447,0.1369481384754181,-0.006847407203167677,-0.000000000012327240790643845,150.98898315429688
0.3236050009727478,0,0.0000004999999987376214,0,0,0,0,-0.0000006845666007393447,0.1369481384754181,-0.006847407203167677,-0.000000000012327240790643845,129.5001220703125
0.3236050009727478,0,0.0000004999999987376214,0,0,0,0,-0.0000006845666007393447,0.1369481384754181,-0.006847407203167677,-0.000000000012327240790643845,124.11567687988281
0.3236050009727478,0,0.0000004999999987376214,0,0,0,0,-0.0000006845666007393447,0.1369481384754181,-0.006847407203167677,-0.000000000012327240790643845,114.9293212890625
0.3236050009727478,0,0.0000004999999987376214,0,0,0,0,-0.0000006845666007393447,0.1369481384754181,-0.006847407203167677,-0.000000000012327240790643845,82.6446304321289
0.3236050009727478,0,0.0000004999999987376214,0,0,0,0,-0.0000006845666007393447,0.1369481384754181,-0.006847407203167677,-0.000000000012327240790643845,219.68365478515625
0.3236050009727478,0,0.0000004999999987376214,0,0,0,0,-0.0000006845666007393447,0.1369481384754181,-0.006847407203167677,-0.000000000012327240790643845,116.55011749267578
0.3236050009727478,0,0.0000004999999987376214,0,0,0,0,-0.0000006845666007393447,0.1369481384754181,-0.006847407203167677,-0.000000000012327240790643845,122.33912658691406
0.3236050009727478,0,0.0000004999999987376214,0,0,0,0,-0.0000006845666007393447,0.1369481384754181,-0.006847407203167677,-0.000000000012327240790643845,117.86892700195313
0.3236050009727478,0,0.0000004999999987376214,0,0,0,0,-0.0000006845666007393447,0.1369481384754181,-0.006847407203167677,-0.000000000012327240790643845,84.99065399169922
0.3236050009727478,0,0.0000004999999987376214,0,0,0,0,-0.0000006845666007393447,0.1369481384754181,-0.006847407203167677,-0.000000000012327240790643845,209.42408752441406
0.3236050009727478,0,0.0000004999999987376214,0,0,0,0,-0.0000006845666007393447,0.1369481384754181,-0.006847407203167677,-0.000000000012327240790643845,120.43839263916016
0.3236050009727478,0,0.0000004999999987376214,0,0,0,0,-0.0000006845666007393447,0.1369481384754181,-0.006847407203167677,-0.000000000012327240790643845,116.29259490966797
0.3236050009727478,0,0.0000004999999987376214,0,0,0,0,-0.0000006845666007393447,0.1369481384754181,-0.006847407203167677,-0.000000000012327240790643845,121.9066162109375
0.3236050009727478,0,0.0000004999999987376214,0,0,0,0,-0.0000006845666007393447,0.1369481384754181,-0.006847407203167677,-0.000000000012327240790643845,84.28150177001953
0.3236050009727478,0,0.0000004999999987376214,0,0,0,0,-0.0000006845666007393447,0.1369481384754181,-0.006847407203167677,-0.000000000012327240790643845,217.10812377929688
0.3236050009727478,0,0.0000004999999987376214,0,0,0,0,-0.0000006845666007393447,0.1369481384754181,-0.006847407203167677,-0.000000000012327240790643845,120.55455017089844
0.3236050009727478,0,0.0000004999999987376214,0,0,0,0,-0.0000006845666007393447,0.1369481384754181,-0.006847407203167677,-0.000000000012327240790643845,112.43534851074219
0.3236050009727478,0,0.0000004999999987376214,0,0,0,0,-0.0000006845666007393447,0.1369481384754181,-0.006847407203167677,-0.000000000012327240790643845,126.56625366210938
0.3236050009727478,0,0.0000004999999987376214,0,0,0,0,-0.0000006845666007393447,0.1369481384754181,-0.006847407203167677,-0.000000000012327240790643845,82.57638549804688
0.3236050009727478,0,0.0000004999999987376214,0,0,0,0,-0.0000006845666007393447,0.1369481384754181,-0.006847407203167677,-0.000000000012327240790643845,223.31398010253906
0.3236050009727478,0,0.0000004999999987376214,0,0,0,0,-0.0000006845666007393447,0.1369481384754181,-0.006847407203167677,-0.000000000012327240790643845,117.75788879394531
0.3236050009727478,0,0.0000004999999987376214,0,0,0,0,-0.0000006845666007393447,0.1369481384754181,-0.006847407203167677,-0.000000000012327240790643845,122.04051971435547
0.3236050009727478,0,0.0000004999999987376214,0,0,0,0,-0.0000006845666007393447,0.1369481384754181,-0.006847407203167677,-0.000000000012327240790643845,118.09163665771484
0.3236050009727478,0,0.0000004999999987376214,0,0,0,0,-0.0000006845666007393447,0.1369481384754181,-0.006847407203167677,-0.000000000012327240790643845,83.69601440429688
0.3236050009727478,0,0.0000004999999987376214,0,0,0,0,-0.0000006845666007393447,0.1369481384754181,-0.006847407203167677,-0.000000000012327240790643845,222.22222900390625
0.3236050009727478,0,0.0000004999999987376214,0,0,0,0,-0.0000006845666007393447,0.1369481384754181,-0.006847407203167677,-0.000000000012327240790643845,114.39029693603516
0.3236050009727478,0,0.0000004999999987376214,0,0,0,0,-0.0000006845666007393447,0.1369481384754181,-0.006847407203167677,-0.000000000012327240790643845,122.08521270751953
0.3236050009727478,0,0.0000004999999987376214,0,0,0,0,-0.0000006845666007393447,0.1369481384754181,-0.006847407203167677,-0.000000000012327240790643845,119.9328384399414
0.3236050009727478,0,0.0000004999999987376214,0,0,0,0,-0.0000006845666007393447,0.1369481384754181,-0.006847407203167677,-0.000000000012327240790643845,84.27439880371094
0.3236050009727478,0,0.0000004999999987376214,0,0,0,0,-0.0000006845666007393447,0.1369481384754181,-0.006847407203167677,-0.000000000012327240790643845,219.2021026611328
0.3236050009727478,0,0.0000004999999987376214,0,0,0,0,-0.0000006845666007393447,0.1369481384754181,-0.006847407203167677,-0.000000000012327240790643845,119.1327133178711
0.3236050009727478,0,0.0000004999999987376214,0,0,0,0,-0.0000006845666007393447,0.1369481384754181,-0.006847407203167677,-0.000000000012327240790643845,120.49644470214844
0.3236050009727478,0,0.0000004999999987376214,0,0,0,0,-0.0000006845666007393447,0.1369481384754181,-0.006847407203167677,-0.000000000012327240790643845,124.20817565917969
0.3236050009727478,0,0.0000004999999987376214,0,0,0,0,-0.0000006845666007393447,0.1369481384754181,-0.006847407203167677,-0.000000000012327240790643845,83.99126434326172
0.3236050009727478,0,0.0000004999999987376214,0,0,0,0,-0.0000006845666007393447,0.1369481384754181,-0.006847407203167677,-0.000000000012327240790643845,213.12872314453125
0.3236050009727478,0,0.0000004999999987376214,0,0,0,0,-0.0000006845666007393447,0.1369481384754181,-0.006847407203167677,-0.000000000012327240790643845,118.86366271972656
0.3236050009727478,0,0.0000004999999987376214,0,0,0,0,-0.0000006845666007393447,0.1369481384754181,-0.006847407203167677,-0.000000000012327240790643845,119.27481079101563
0.3236050009727478,0,0.0000004999999987376214,0,0,0,0,-0.0000006845666007393447,0.1369481384754181,-0.006847407203167677,-0.000000000012327240790643845,120.14898681640625
0.3236050009727478,0,0.0000004999999987376214,0,0,0,0,-0.0000006845666007393447,0.1369481384754181,-0.006847407203167677,-0.000000000012327240790643845,84.0618667602539
0.32360997796058655,0.000000000000000007957746326459206,0.0000004999984071218933,0.0000000000015915493749296683,-0.0000003183098726822209,0,0,0.000002499999936844688,-0.5,0.02500000037252903,0.0000004999999987376214,214.77662658691406
0.3236149847507477,0.00000000000000002374656205882941,0.000000499995223890437,0.0000000000031577635471735643,-0.00000063155368934531,0,0,0.0000024602034045528853,-0.4920422434806824,0.024602113291621208,-0.0000000000015915493749296683,112.057373046875
0.3236199915409088,0.000000000000000047115115812611886,0.0000004999905627300905,0.0000000000046737106372540804,-0.0000009347460263597895,0,0,0.000002381244257776416,-0.4762533903121948,0.0238126702606678,-0.0000000000031577683176631233,125.62814331054688
0.32362499833106995,0.00000000000000007769141702171603,0.0000004999844236408535,0.000000000006115260641620379,-0.0000012230613037900184,0,0,0.000002264381009808858,-0.4528847336769104,0.02264423668384552,-0.000000000004673730152893185,118.5958251953125
0.3236300051212311,0.00000000000000011498875923116053,0.0000004999769771529827,0.000000000007459467939174846,-0.0000014919111208655522,0,0,0.0000021114753963047406,-0.42230820655822754,0.021115411072969437,-0.0000000000061153061781116236,84.25309753417969
0.3236349821090698,0.00000000000000015841345175425894,0.000000499968280109897,0.000000000008684937317926522,-0.0000017370163050145493,0,0,0.0000019249634988227626,-0.38501042127609253,0.019250521436333656,-0.000000000007459555542710383,215.98272705078125
0.32363998889923096,0.00000000000000020727428261882723,0.000000499958503041853,0.000000000009772166582877606,-0.0000019544761471479433,0,0,0.000001707816750240454,-0.3415850102901459,0.017079250887036324,-0.000000000008685081299975028,112.43534851074219
0.3236449956893921,0.00000000000000026079355646527777,0.0000004999478164791071,0.000000000010703855336802182,-0.000002140829337804462,0,0,0.0000014634941862823325,-0.2927231192588806,0.014636156149208546,-0.00000000000977238082122689,126.63036346435547
0.3236500024795532,0.00000000000000031811944931624833,0.0000004999363341084972,0.000000000011465180367598027,-0.000002293110128448461,0,0,0.0000011958870800299337,-0.2392023801803589,0.011960119009017944,-0.000000000010704146770346146,115.22064971923828
0.32365497946739197,0.00000000000000037833960080842764,0.0000004999242833036988,0.000000000012044031570679348,-0.0000024088951704470674,0,0,0.0000009092573236557655,-0.18187463283538818,0.00909373164176941,-0.000000000011465550731060148,94.73285675048828
0.3236599862575531,0.00000000000000044049561963177704,0.0000004999118345949682,0.000000000012431204503282611,-0.0000024863413727871375,0,0,0.0000006081691594772565,-0.12165225297212601,0.006082612555474043,-0.000000000012044475659889198,141.5227813720703
0.32366499304771423,0.0000000000000005035983565923607,0.0000004998992153559811,0.000000000012620546101238528,-0.0000025242163701477693,0,0,0.0000002974161645852291,-0.05949372053146362,0.0029746859800070524,-0.000000000012431706705728907,139.43112182617188
0.32366999983787537,0.0000000000000005666436011916496,0.000000499886596116994,0.000000000012609051823486706,-0.0000025219171675416874,0,0,-0.00000001805478788696746,0.0036116857081651688,-0.00018058429122902453,-0.000000000012621081263430867,116.67250061035156
0.3236750066280365,0.0000000000000006286282017222984,0.0000004998742042516824,0.000000000012396915959056454,-0.0000024794801447569625,0,0,-0.00000033322245940325956,0.06665961444377899,-0.003332980675622821,-0.000000000012609585250955568,125.61235809326172
0.32367998361587524,0.0000000000000006885658412567888,0.0000004998622102903028,0.00000000001198752468817288,-0.000002397581056357012,0,0,-0.000000643071246031468,0.1286466121673584,-0.006432330701500177,-0.00000000001239740081426799,83.5840835571289
0.3236849904060364,0.0000000000000007455028665756308,0.0000004998508416065306,0.00000000001138740230582913,-0.0000022775232082494767,0,0,-0.0000009426707947568502,0.18858613073825836,-0.009429306723177433,-0.000000000011987904592614118,214.86892700195313
0.3236899971961975,0.0000000000000007985334288812952,0.0000004998402118872036,0.00000000001060610713837784,-0.0000021212174488027813,0,0,-0.0000012272548701730557,0.24552421271800995,-0.012276210822165012,-0.000000000011387615676816676,117.85504150390625
0.32369500398635864,0.0000000000000008468138304187575,0.0000004998305485059973,0.00000000000965608235731219,-0.0000019311517007736256,0,0,-0.0000014922961781849153,0.2985546588897705,-0.01492773275822401,-0.000000000010606087189057867,120.9628677368164
0.3236999809741974,0.0000000000000008895761299422132,0.0000004998220219931682,0.000000000008552451281895745,-0.000001710350716166431,0,0,-0.0000017335794382233871,0.3468334376811981,-0.017341671511530876,-0.000000000009655757964022182,120.62725830078125
0.3237049877643585,0.0000000000000009261400011763396,0.0000004998146891921351,0.000000000007312782324131462,-0.0000014623285551351728,0,0,-0.000001947267492141691,0.3895922005176544,-0.01947961002588272,-0.000000000008551753055696665,83.02200317382813
0.32370999455451965,0.0000000000000009559240089424058,0.0000004998087206331547,0.000000000005956806228835099,-0.0000011910328794328962,0,0,-0.000002129962240360328,0.4261504113674164,-0.02130752056837082,-0.000000000007311642610807745,217.34405517578125
0.3237150013446808,0.0000000000000009784545559437781,0.0000004998042300030647,0.000000000004506102956047808,-0.0000009007812877825927,0,0,-0.000002278759211549186,0.45592623949050903,-0.02279631234705448,-0.000000000005955164313065087,119.2890396118164
0.32371997833251953,0.0000000000000009933733472437681,0.000000499801274145284,0.0000000000029837590731496277,-0.0000005961932174614049,0,0,-0.0000023912921278679278,0.47844576835632324,-0.023922288790345192,-0.000000000004503906362446353,114.2073974609375
0.32372498512268066,0.000000000000001000443319496263,0.0000004997998530598124,0.0000000000014139995598017041,-0.0000002821165026034578,0,0,-0.0000024657724679855164,0.4933505952358246,-0.0246675293892622,-0.0000000000029809659515128706,116.55011749267578
0.3237299919128418,0.0000000000000009995588053410926,0.000000499800023590069,-0.0000000000001769127379314117,0.00000003619337007876311,0,0,-0.0000024989992652990622,0.5,-0.02500000037252903,-0.0000000000014105824798146815,84.65966796875
0.32373499870300293,0.0000000000000009907340984592421,0.0000004998017857360537,-0.000000000001764946695737013,0.000000353927219975958,0,0,-0.0000024944779397628736,0.4990951716899872,-0.02495475858449936,0.00000000000018096684090487813,243.60536193847656
0.32374000549316406,0.000000000000000974109912199074,0.0000004998051394977665,-0.0000000000033248325967405457,0.0000006660281428594317,0,0,-0.0000024502633095835336,0.49024698138237,-0.02451234869658947,0.0000000000017696360869734473,114.28571319580078
0.3237449824810028,0.000000000000000949951156114842,0.0000004998099711883697,-0.0000000000048317487164051265,0.0000009675288765720325,0,0,-0.0000023670584141655127,0.4735962748527527,-0.023679813370108604,0.0000000000033301406337366,125.61235809326172
0.32374998927116394,0.0000000000000009186425949228366,0.0000004998162239644444,-0.00000000000626171510476059,0.000001253630898645497,0,0,-0.000002246186340926215,0.44940805435180664,-0.02247040346264839,0.000000000004837644174138234,114.50818634033203
0.3237549960613251,0.0000000000000008806827075125167,0.0000004998238409825717,-0.000000000007591975659249073,0.0000015197808806988178,0,0,-0.0000020895681700494606,0.4180672764778137,-0.020903363823890686,0.000000000006268154398303416,86.91117858886719
0.3237600028514862,0.0000000000000008366759048313076,0.0000004998326517124951,-0.000000000008801358947208016,0.0000017617426237848122,0,0,-0.0000018996940980287036,0.3800727427005768,-0.01900363713502884,0.000000000007598904144812124,206.99647521972656
0.32376497983932495,0.0000000000000007873228419452661,0.0000004998425424673769,-0.000000000009870614742224504,0.0000019756653273361735,0,0,-0.0000016795835335869924,0.33602917194366455,-0.016801459714770317,0.00000000000880871330738442,120.27904510498047
0.3237699866294861,0.0000000000000007334092477920891,0.0000004998533427169605,-0.000000000010782723672275729,0.0000021581445253104903,0,0,-0.0000014327364397104247,0.286637544631958,-0.0143318772315979,0.000000000009878326455436959,120.14898681640625
0.3237749934196472,0.0000000000000006757934314451412,0.0000004998648819309892,-0.000000000011523162632420814,0.0000023062757463776506,0,0,-0.0000011630783092186903,0.232683926820755,-0.011634196154773235,0.000000000010790722482223458,119.46003723144531
0.32378000020980835,0.0000000000000006153927295862987,0.0000004998769895792066,-0.000000000012080140707193543,0.000002417701580270659,0,0,-0.0000008748987170292821,0.1750270426273346,-0.008751352317631245,0.00000000001153137828280304,83.6400146484375
0.3237849771976471,0.0000000000000005531687893084913,0.0000004998894382879371,-0.000000000012444784786014296,0.0000024906485123210587,0,0,-0.0000005727815732825547,0.11458450555801392,-0.005729225464165211,0.000000000012088507278518179,215.51724243164063
0.3237899839878082,0.0000000000000004901123744622106,0.0000004999020575269242,-0.000000000012611281810515074,0.000002523955572542036,0,0,-0.0000002615336143207969,0.05231829360127449,-0.0026159146800637245,0.00000000001245324243032142,118.70845031738281
0.32379499077796936,0.00000000000000042722751025752847,0.0000004999146199224924,-0.000000000012576972449607204,0.0000025170925255224574,0,0,0.00000005389241053421756,-0.010780594311654568,0.0005390297155827284,0.00000000001261977761873867,118.86366271972656
0.3237999975681305,0.00000000000000036551554845677713,0.0000004999269549443852,-0.000000000012342392732844765,0.000002470168510626536,0,0,0.00000036847660567218554,-0.07370790839195251,0.0036853954661637545,0.000000000012585462186298635,119.44577026367188
0.3238050043582916,0.0000000000000003059592060974492,0.000000499938892062346,-0.000000000011911267111530677,0.0000023839306777517777,0,0,0.0000006772116307729448,-0.13546212017536163,0.006773106288164854,0.000000000012350842570896248,84.06893920898438
0.32380998134613037,0.00000000000000024950697479201223,0.0000004999502039026993,-0.000000000011290446008671573,0.0000022597514544031583,0,0,0.0000009751827292348025,-0.1950603872537613,0.00975301954895258,0.000000000011919652764813549,221.19000244140625
0.3238149881362915,0.0000000000000001970579535441971,0.0000004999607199351885,-0.000000000010489803470292713,0.00000209960717256763,0,0,0.0000012576455219459604,-0.2515541613101959,0.012577707879245281,0.000000000011298757068844978,117.00011444091797
0.32381999492645264,0.00000000000000014944758153779257,0.0000004999702696295572,-0.00000000000952207583615472,0.0000019060465774600743,0,0,0.000001520102159702219,-0.30404433608055115,0.015202216804027557,0.000000000010498035600547961,114.6131820678711
0.32382500171661377,0.00000000000000010743428413283624,0.0000004999786824555486,-0.000000000008402660511830362,0.000001682150355009071,0,0,0.0000017583729459147435,-0.3516955077648163,0.017584776505827904,0.000000000009530232505938763,121.08003234863281
0.3238299787044525,0.00000000000000007168742911589583,0.000000499985844726325,-0.000000000007149371372694446,0.000001431481791769329,0,0,0.0000019686624455061974,-0.39374926686286926,0.019687464460730553,0.000000000008410751262122318,84.41667938232422
0.32383498549461365,0.000000000000000042776662687612113,0.0000004999916427550488,-0.000000000005782153401912016,0.0000011580304999370128,0,0,0.0000021476207621162757,-0.4295363128185272,0.02147681638598442,0.000000000007157408780239516,210.79258728027344
0.3238399922847748,0.000000000000000021162820402128175,0.0000004999959628548822,-0.0000000000043227687054891994,0.0000008661486390337814,0,0,0.0000022923968572285958,-0.45848706364631653,0.022924354299902916,0.000000000005790152211859745,119.67448425292969
0.3238449990749359,0.000000000000000007190595038139764,0.0000004999987481824064,-0.000000000002794445230769327,0.0000005604815669357777,0,0,0.0000024006847070268122,-0.4801407754421234,0.0240070391446352,0.000000000004330743229308265,120.17786407470703
0.32385000586509705,0.0000000000000000010830350206411921,0.0000004999999987376214,-0.0000000000012215120408221036,0.0000002458941139593662,0,0,0.0000024707578631932847,-0.49415281414985657,0.024707641452550888,0.000000000002802407828364495,124.16190338134766
0.3238549828529358,0.0000000000000000029332215363969793,0.0000004999996576771082,0.00000000000037003730700251036,-0.00000007241576582828202,0,0,0.000002499999936844688,-0.5,0.02500000037252903,0.0000000000012294705184490162,81.55276489257813
0.3238599896430969,0.000000000000000012712335819660931,0.0000004999977250008669,0.0000000000019558228734478655,-0.00000038957313108767266,0,0,0.0000024909463718358893,-0.4981895983219147,0.024909479543566704,-0.00000000000036207882937559777,233.10023498535156
0.32386499643325806,0.000000000000000030265340855788306,0.0000004999942007088976,0.0000000000035106013148572535,-0.0000007005302222751197,0,0,0.0000024422402020718437,-0.4884502589702606,0.02442251332104206,-0.00000000000194786569686356,111.08642578125
0.3238700032234192,0.000000000000000055313455064857653,0.0000004999891984880378,0.000000000005009622924823098,-0.000001000337988443789,0,0,0.0000023546579086541897,-0.47093701362609863,0.023546850308775902,-0.0000000000035026510771668518,122.98609924316406
0.32387498021125793,0.00000000000000008745858702372987,0.0000004999827751817065,0.000000000006429026581933339,-0.0000012842249361710856,0,0,0.000002229594656455447,-0.44592857360839844,0.022296428680419922,-0.0000000000050016896006865874,117.4122314453125
0.32387998700141907,0.00000000000000012618968469763498,0.0000004999750444767415,0.000000000007746220331839027,-0.000001547672809465439,0,0,0.000002069043603114551,-0.4138229489326477,0.020691147074103355,-0.000000000006421124482819396,84.23889923095703
0.3238849937915802,0.00000000000000017089088234202522,0.0000004999661200599803,0.000000000008940240908694719,-0.0000017864886103780009,0,0,0.0000018755621340460493,-0.37513113021850586,0.018756557255983353,-0.000000000007738363769216328,244.55857849121094
0.32389000058174133,0.0000000000000002208513075559174,0.0000004999561156182608,0.000000000009992085284182828,-0.000001996871560550062,0,0,0.0000016522326404810883,-0.33046892285346985,0.016523446887731552,-0.000000000008932442459308465,113.46874237060547
0.3238949775695801,0.0000000000000002752763904952278,0.0000004999452585252584,0.00000000001088501684620713,-0.0000021754735826107208,0,0,0.0000014026126109456527,-0.2805471420288086,0.01402735710144043,-0.000000000009984357958459089,119.0617904663086
0.3238999843597412,0.00000000000000033330052966231154,0.0000004999336624678108,0.000000000011604828209499374,-0.000002319451596122235,0,0,0.0000011306776741548674,-0.22616030275821686,0.011308015324175358,-0.00000000001087736758303981,119.34598541259766
0.32390499114990234,0.00000000000000039400089589602483,0.0000004999215548195934,0.00000000001214007193384159,-0.000002426514583930839,0,0,0.0000008407585596614808,-0.16817401349544525,0.008408701047301292,-0.000000000011597257876250211,83.92781829833984
0.3239099979400635,0.000000000000000456412056924955,0.0000004999091061108629,0.000000000012482237465860635,-0.0000024949581529654097,0,0,0.0000005374714078243414,-0.10751114785671234,0.005375557579100132,-0.000000000012132572724254942,238.32220458984375
0.3239150047302246,0.0000000000000005195414754233772,0.0000004998964868718758,0.000000000012625888182182798,-0.0000025236931833205745,0,0,0.00000022564496759969188,-0.0451371967792511,0.002256859792396426,-0.000000000012474790297978267,112.62529754638672
0.32391998171806335,0.0000000000000005823852320603379,0.0000004998839244763076,0.000000000012568746390884122,-0.0000025122626539086923,0,0,-0.00000008975706577984965,0.017955129966139793,-0.0008977564866654575,-0.000000000012618465300429094,117.89672088623047
0.3239249885082245,0.0000000000000006439438808976362,0.0000004998716462978336,0.00000000001231173323013035,-0.000002460848008922767,0,0,-0.00000040371472209699277,0.08076169341802597,-0.004038084764033556,-0.000000000012561313100789562,122.9105224609375
0.3239299952983856,0.0000000000000007032386224251606,0.0000004998598228667106,0.000000000011858949586218692,-0.000002370267793594394,0,0,-0.0000007112318485269498,0.1422828882932663,-0.007114144507795572,-0.000000000012304240092075869,83.22237396240234
0.32393500208854675,0.0000000000000007593266560330578,0.000000499848624713195,0.000000000011217608439362259,-0.0000022419635570258833,0,0,-0.0000010074153351524728,0.20153957605361938,-0.010076979175209999,-0.000000000011851338486967844,214.82276916503906
0.3239399790763855,0.0000000000000008113162677861059,0.0000004998382223675435,0.000000000010397925576111078,-0.0000020779775695700664,0,0,-0.000001287553459405899,0.257588654756546,-0.012879433110356331,-0.000000000011209817796231647,124.22360229492188
0.32394498586654663,0.0000000000000008583810182255806,0.0000004998288432034315,0.000000000009412954790621875,-0.0000018809195125868428,0,0,-0.00000154718975409196,0.3095380961894989,-0.015476904809474945,-0.00000000001038988773488514,115.62030029296875
0.32394999265670776,0.0000000000000008997729243194973,0.0000004998206009076966,0.000000000008278374513670528,-0.0000016539257785552763,0,0,-0.0000017821951132646063,0.3565610945224762,-0.01782805472612381,-0.000000000009404596892914618,119.47431182861328
0.3239549994468689,0.0000000000000009348341591051946,0.0000004998136091671768,0.000000000007012244951365432,-0.0000014006088804308092,0,0,-0.0000019888323095074156,0.3979092538356781,-0.019895462319254875,-0.00000000000826962890526639,82.41984558105469
0.32396000623703003,0.0000000000000009630077454802935,0.0000004998079816687095,0.000000000005634717518965271,-0.0000011250006082264008,0,0,-0.00000216381545214972,0.4329244792461395,-0.021646223962306976,-0.00000000000700304441172972,252.14321899414063
0.3239649832248688,0.0000000000000009838463441695254,0.0000004998038320991327,0.0000000000041677147843977025,-0.0000008314873412018642,0,0,-0.0000023043621695251204,0.46104949712753296,-0.023052474483847618,-0.000000000005625003067499801,113.26310729980469
0.3239699900150299,0.0000000000000009970192946861058,0.0000004998012173018651,0.000000000002634582656202422,-0.0000005247405852060183,0,0,-0.0000024082380605250364,0.4818366765975952,-0.02409183420240879,-0.00000000000415743654780254,113.25028228759766
0.32397499680519104,0.0000000000000010023179092876551,0.0000004998001941203256,0.0000000000010597178516646988,-0.00000020964235147857835,0,0,-0.000002473791937518399,0.4949551820755005,-0.024747759103775024,-0.0000000000026237029042419646,131.42330932617188
0.3239800035953522,0.0000000000000009996619316024209,0.0000004998007625545142,-0.0000000000005311955302705895,0.00000010866752120364254,0,0,-0.0000024990008569147903,0.5,-0.02500000037252903,-0.0000000000010482117561091964,87.95848083496094
0.3239849805831909,0.000000000000000989094560310713,0.0000004998028657610121,-0.000000000002113466736688996,0.0000004252478902344592,0,0,-0.0000024854257389961276,0.49728330969810486,-0.024864165112376213,0.0000000000005433376188204719,149.54388427734375
0.32398998737335205,0.0000000000000009707849902437457,0.000000499806560583238,-0.000000000003661917557379324,0.0000007350602118094685,0,0,-0.0000024323010165971937,0.48665210604667664,-0.024332605302333832,0.000000000002126239505642613,135.42794799804688
0.3239949941635132,0.0000000000000009450254477683215,0.0000004998117333343544,-0.000000000005151907980088799,0.0000010331737030355725,0,0,-0.0000023404720650432864,0.46827560663223267,-0.023413781076669693,0.000000000003675300948996485,121.86205291748047
0.3240000009536743,0.0000000000000009122268497429773,0.0000004998183271709422,-0.000000000006559728021188205,0.0000013148437574272975,0,0,-0.0000022113981685834005,0.4424462616443634,-0.02212231419980526,0.000000000005165868600942591,119.37448120117188
0.32400497794151306,0.0000000000000008729119743148466,0.0000004998262284061639,-0.000000000007862972425942694,0.0000015755874755996047,0,0,-0.0000020471316020120867,0.4095751643180847,-0.020478758960962296,0.000000000006574218600063908,115.91515350341797
0.3240099847316742,0.00000000000000082770746704621985,0.0000004998352665097627,-0.000000000009040899973111749,0.000001811254833228304,0,0,-0.0000018502840930523234,0.3701854646205902,-0.0185092743486166,0.000000000007877937018008208,84.9617691040039
0.3240149915218353,0.0000000000000007773336765191778,0.00000049984538463832,-0.000000000010074760470324406,0.0000020180953015369596,0,0,-0.0000016239852129729115,0.32490408420562744,-0.016245204955339432,0.000000000009056273959917593,222.5684356689453
0.32401999831199646,0.0000000000000007225932193908029,0.0000004998563554181601,-0.000000000010948096595964074,0.0000021928165097051533,0,0,-0.0000013718341733692796,0.27445170283317566,-0.013722585514187813,0.000000000010090476197655018,116.26554870605469
0.3240250051021576,0.0000000000000006643582219594121,0.0000004998680083190266,-0.000000000011647004541370798,0.0000023326381324295653,0,0,-0.0000010978410500683822,0.21963129937648773,-0.010981565341353416,0.0000000000109640820727952,121.21212005615234
0.32402998208999634,0.0000000000000006035564500000447,0.0000004998801728106628,-0.000000000012160352585999235,0.0000024353346361749573,0,0,-0.0000008063638574640208,0.16131535172462463,-0.008065767586231232,0.0000000000116631903787634,117.98017883300781
0.32403498888015747,0.0000000000000005411566445065637,0.0000004998926783628121,-0.000000000012479961508660153,0.0000024992716589622432,0,0,-0.000000502039597449766,0.10043198615312576,-0.0050215995870530605,0.000000000012176672864461224,85.42627716064453
0.3240399956703186,0.0000000000000004781529574612495,0.0000004999052976017992,-0.000000000012600734691781135,0.0000025234314762201393,0,0,-0.00000018971024928760016,0.037950195372104645,-0.0018975097918882966,0.000000000012496358114955086,209.46795654296875
0.32404500246047974,0.0000000000000004155492552554966,0.0000004999178599973675,-0.000000000012520741388133416,0.0000025074298264371464,0,0,0.00000012565415374865552,-0.025135591626167297,0.001256779651157558,0.000000000012617157318928207,116.49580383300781
0.3240499794483185,0.0000000000000003543430515335949,0.0000004999301381758414,-0.000000000012241242741684033,0.00000245152091338241,0,0,0.000000439034522514703,-0.08782133460044861,0.00439106673002243,0.000000000012537148402769205,125.32898712158203
0.3240549862384796,0.0000000000000002955096517947485,0.0000004999419047635456,-0.000000000011766679644531486,0.000002356595132368966,0,0,0.000000745442662264395,-0.1491093635559082,0.00745546817779541,0.000000000012257604653509446,116.93170928955078
0.32405999302864075,0.0000000000000002399866685720087,0.0000004999530460736423,-0.000000000011104594674349322,0.000002224162699349108,0,0,0.0000010400003702670801,-0.20802424848079681,0.010401212610304356,0.000000000011782975636864812,83.13243103027344
0.3240649998188019,0.00000000000000018865906600679908,0.0000004999633347324561,-0.000000000010265519337360196,0.000002056331823041546,0,0,0.0000013180177802496473,-0.2636283040046692,0.013181415386497974,0.000000000011120813471487967,228.36264038085938
0.324070006608963,0.00000000000000014234506469127745,0.0000004999726002097304,-0.000000000009262800595988274,0.0000018557732346380362,0,0,0.000001575067472003866,-0.3150365948677063,0.015751829370856285,0.000000000010281659204580684,116.06314086914063
0.32407498359680176,0.00000000000000010178310530188216,0.0000004999807288186275,-0.000000000008112392702042115,0.0000016256792605418013,0,0,0.0000018070555825033807,-0.36143091320991516,0.018071545287966728,0.000000000009278865870099295,121.32977294921875
0.3240799903869629,0.00000000000000006762008278229909,0.0000004999875500288908,-0.0000000000068326039270871775,0.0000013697117537958547,0,0,0.0000020102870621485636,-0.4020729064941406,0.02010364644229412,0.000000000008128396393469739,119.33174133300781
0.324084997177124,0.00000000000000004040106945153127,0.0000004999930069971015,-0.0000000000054438025268166435,0.0000010919445685431128,0,0,0.000002181523996114265,-0.4363156855106354,0.02181578427553177,0.000000000006848558612576605,89.05512237548828
0.32409000396728516,0.00000000000000002056060313768752,0.0000004999969860364217,-0.000000000003968093215123147,0.0000007967985311552184,0,0,0.0000023180389234767063,-0.463614284992218,0.02318071387708187,0.000000000005459722517836552,159.13430786132813
0.3240949809551239,0.000000000000000008415776083964519,0.0000004999994303034327,-0.0000000000024289654489140222,0.0000004889710680799908,0,0,0.0000024176565602829214,-0.4835342466831207,0.024176713079214096,0.000000000003983992389461344,133.17352294921875
0.32409998774528503,0.000000000000000004161181702284759,0.0000005000002829547157,-0.0000000000008509188904708143,0.00000017336139990220545,0,0,0.000002478789838278317,-0.4957585334777832,0.02478792704641819,0.0000000000024448552991135353,116.56370544433594
0.32410499453544617,0.000000000000000007864337782967268,0.0000004999995439902705,0.0000000000007406312434003748,-0.00000014494847278001544,0,0,0.0000025000013010867406,-0.5,0.02500000037252903,0.0000000000008668069517367427,118.6802749633789
0.3241100013256073,0.000000000000000019467560058815048,0.0000004999972134100972,0.0000000000023206445445844714,-0.0000004609514405728987,0,0,0.000002481879164406564,-0.49637627601623535,0.024818813428282738,-0.000000000000724742368982817,86.24407196044922
0.32411497831344604,0.000000000000000038787405512562826,0.0000004999933480576146,0.0000000000038639694742437225,-0.0000007696181114624778,0,0,0.0000024242490326287225,-0.48485249280929565,0.024242624640464783,-0.000000000002304757079629738,214.54623413085938
0.3241199851036072,0.0000000000000000655176014234261,0.0000004999880047762417,0.0000000000053460391495618875,-0.0000010660360203473829,0,0,0.000002328029268028331,-0.4656120538711548,0.02328060381114483,-0.0000000000038480902492255,118.962646484375
0.3241249918937683,0.00000000000000009923391332500604,0.0000004999812972528161,0.000000000006743262632308289,-0.0000013454873624141328,0,0,0.0000021947530512989033,-0.4389611482620239,0.021948058158159256,-0.0000000000053301798738636386,115.0483169555664
0.32412999868392944,0.0000000000000001394009105155195,0.0000004999732823307568,0.000000000008033400333840035,-0.0000016035246517276391,0,0,0.0000020265440525690792,-0.40532395243644714,0.020266197621822357,-0.0000000000067274367500369525,126.31047058105469
0.3241350054740906,0.0000000000000001853805058704431,0.0000004999641305403202,0.000000000009195920067095464,-0.0000018360410649620462,0,0,0.0000018260816432302818,-0.365235835313797,0.01826179213821888,-0.000000000008017623023826026,84.25309753417969
0.3241399824619293,0.0000000000000002364421003855455,0.0000004999539555683441,0.000000000010212320572522415,-0.00000203933586817584,0,0,0.0000015965595139277866,-0.31933480501174927,0.015966741368174553,-0.00000000000918020520712659,232.55813598632813
0.32414498925209045,0.00000000000000029177426296713663,0.0000004999429279450851,0.000000000011066430757877832,-0.0000022101735339674633,0,0,0.0000013416334923022077,-0.26835140585899353,0.013417570851743221,-0.00000000001019667943830127,119.14691162109375
0.3241499960422516,0.0000000000000003504975748926196,0.0000004999312182007998,0.000000000011744662534174388,-0.000002345835127925966,0,0,0.0000010653636763890972,-0.21309706568717957,0.010654853656888008,-0.000000000011050867686213106,119.38873291015625
0.3241550028324127,0.0000000000000004116787117332385,0.0000004999189968657447,0.000000000012236227656114984,-0.00000244416196437669,0,0,0.0000007721497468082816,-0.1544511914253235,0.007722559850662947,-0.000000000011729174922980867,119.53143310546875
0.32415997982025146,0.0000000000000004743452796655454,0.0000004999064913135953,0.00000000001253331292916382,-0.000002503588802937884,0,0,0.00000046666011144225195,-0.09334714710712433,0.004667357541620731,-0.000000000012220809433860502,84.04773712158203
0.3241649866104126,0.0000000000000005375012738226877,0.0000004998938720746082,0.000000000012631198170742763,-0.000002523169769119704,0,0,0.0000001537583926847219,-0.03075743094086647,0.0015378715470433235,-0.000000000012517943279166666,214.36227416992188
0.32416999340057373,0.0000000000000006001429601621691,0.0000004998813665224588,0.000000000012528336007511243,-0.0000025025929062394425,0,0,-0.00000016157474647116032,0.032321810722351074,-0.0016160905361175537,-0.000000000012615848470065583,118.25922393798828
0.32417500019073486,0.0000000000000006612748102731696,0.0000004998691451874038,0.000000000012226374426771436,-0.000002442186087137088,0,0,-0.00000047432061478502874,0.09488663077354431,-0.004744331818073988,-0.000000000012512964622790612,120.20675659179688
0.3241799771785736,0.0000000000000007199254361838663,0.0000004998574354431184,0.000000000011730127286169179,-0.000002342910647712415,0,0,-0.0000007795023293510894,0.15594127774238586,-0.007797063793987036,-0.000000000012210930183664814,120.86052703857422
0.32418498396873474,0.0000000000000007751629428336018,0.0000004998464078198595,0.000000000011047503190031449,-0.0000022063468350097537,0,0,-0.0000010722643537519616,0.21451404690742493,-0.010725702159106731,-0.000000000011714552938801859,83.66800689697266
0.3241899907588959,0.0000000000000008261098040890206,0.0000004998362328478834,0.000000000010189371915658718,-0.0000020346678866189905,0,0,-0.0000013479494782586698,0.2696727216243744,-0.01348363608121872,-0.000000000011031733686273082,217.72262573242188
0.324194997549057,0.0000000000000008719567858481397,0.0000004998270810574468,0.000000000009169397879871255,-0.0000018306062656847644,0,0,-0.000001602172119419265,0.3205394148826599,-0.016026971861720085,-0.00000000001017333960129374,117.04119873046875
0.32420000433921814,0.0000000000000009119759162323532,0.0000004998190661353874,0.000000000008003818094404203,-0.0000015974095504134311,0,0,-0.000001830889459597529,0.36630457639694214,-0.018315229564905167,-0.000000000009153030763875414,119.07597351074219
0.3242049813270569,0.0000000000000009455318675916612,0.0000004998123586119618,0.000000000006711184125790526,-0.0000013387892749960884,0,0,-0.000002030464202107396,0.4062398076057434,-0.0203119907528162,-0.000000000007987047655200197,121.06537628173828
0.324209988117218,0.0000000000000009720921738395959,0.0000004998070721740078,0.000000000005312070661817048,-0.0000010588615850792849,0,0,-0.000002197722551500192,0.43970954418182373,-0.021985476836562157,-0.000000000006693946178609744,83.85041046142578
0.32421499490737915,0.0000000000000009912358596013719,0.0000004998032636649441,0.0000000000038287424446170615,-0.0000007620815267728176,0,0,-0.0000023300060547626344,0.46618106961250305,-0.023309053853154182,-0.000000000005294307960784783,212.99253845214844
0.3242200016975403,0.000000000000001002659898840109,0.0000004998009899281897,0.0000000000022848051575707906,-0.0000004531725608103443,0,0,-0.0000024252108232758474,0.4852330982685089,-0.024261655285954475,-0.000000000003810407718518594,119.34598541259766
0.32422497868537903,0.000000000000001006184085296279,0.0000004998003078071633,0.0000000000007048270387471911,-0.00000013705108869999094,0,0,-0.0000024818239126034314,0.4965624213218689,-0.024828121066093445,-0.000000000002265862844574862,119.01927947998047
0.32422998547554016,0.0000000000000010017537853447838,0.0000004998012173018651,-0.0000000000008860507813568397,0.00000018125159328974405,0,0,-0.0000024989451503643068,0.49998870491981506,-0.024999435991048813,-0.0000000000006852554006002431,120.07685089111328
0.3242349922657013,0.0000000000000009894412085443768,0.000000499803718412295,-0.0000000000024625136998968067,0.0000004966695428265666,0,0,-0.0000024763021428952925,0.49545741081237793,-0.024772871285676956,0.00000000000090625792460719,83.16699981689453
0.3242399990558624,0.0000000000000009694438194508869,0.0000004998077542950341,-0.000000000003999476097527044,0.0000008041827754823316,0,0,-0.000002414255277471966,0.4830406606197357,-0.024152033030986786,0.000000000002483347728843288,221.63121032714844
0.32424500584602356,0.0000000000000009420813730019024,0.0000004998132681066636,-0.000000000005472480975321492,0.0000010988969734171405,0,0,-0.000002313790673724725,0.4629361033439636,-0.02314680628478527,0.000000000004020913810243165,118.06375122070313
0.3242499828338623,0.0000000000000009077909381982065,0.0000004998201461603458,-0.000000000006858087014949277,0.000001376121645080275,0,0,-0.0000021765051769762067,0.43546366691589355,-0.021773183718323708,0.000000000005494484641571651,120.00479888916016
0.32425498962402344,0.0000000000000008671196983237256,0.0000004998283316126617,-0.000000000008134243278945519,0.0000016314447748300154,0,0,-0.000002004581801884342,0.40106064081192017,-0.020053032785654068,0.000000000006880608062476146,115.90171813964844
0.32425999641418457,0.0000000000000008207164806160565,0.0000004998376539333549,-0.000000000009280638757491744,0.0000018608027403388405,0,0,-0.000001800754148462147,0.3602745234966278,-0.01801372691988945,0.000000000008157224028193522,85.85164642333984
0.3242650032043457,0.0000000000000007693213801128625,0.0000004998479425921687,-0.000000000010279025894344151,0.0000020605450572475092,0,0,-0.000001568262973705714,0.31375446915626526,-0.015687724575400352,0.000000000009304013288968793,210.74815368652344
0.32426998019218445,0.0000000000000007137538482510531,0.0000004998590839022654,-0.000000000011113511153015843,0.0000022274928141996497,0,0,-0.000001310805487264588,0.26224085688591003,-0.013112043030560017,0.000000000010302724819111209,119.38873291015625
0.3242749869823456,0.000000000000000654899828553897,0.0000004998708504899696,-0.000000000011770806551680835,0.0000023589889224240324,0,0,-0.0000010324766890335013,0.20655353367328644,-0.010327677242457867,0.00000000001113746421477213,121.32977294921875
0.3242799937725067,0.0000000000000005936976217687151,0.0000004998831286684435,-0.000000000012240443034161608,0.0000024529406346118776,0,0,-0.000000737703430786496,0.14757880568504333,-0.007378940470516682,0.000000000011794944361487314,119.67448425292969
0.32428500056266785,0.000000000000000531122903971626,0.0000004998956910640118,-0.000000000012514938738106274,0.00000250785228672612,0,0,-0.00000043117563564010197,0.08625528961420059,-0.004312764387577772,0.000000000012264703141973143,84.32414245605469
0.3242899775505066,0.0000000000000004681733211558178,0.0000004999083103029989,-0.000000000012589913486737991,0.0000025228503091057064,0,0,-0.00000011777034103488404,0.023558983579277992,-0.0011779492488130927,0.000000000012539261295962945,212.53985595703125
0.3242949843406677,0.0000000000000004058525014846682,0.0000004999208158551482,-0.000000000012464165116687909,0.0000024976959593914216,0,0,0.0000001975251393560029,-0.0395122729241848,0.00197561364620924,0.000000000012614251657105946,118.13349151611328
0.32429999113082886,0.00000000000000034515406754486583,0.0000004999329803467845,-0.000000000012139685090506447,0.0000024327894152520457,0,0,0.0000005096925974612532,-0.10195466876029968,0.005097733344882727,0.000000000012488479868288938,117.08230590820313
0.32430499792099,0.0000000000000002870459397671059,0.0000004999446332476509,-0.000000000011621627271640733,0.0000023291638626687927,0,0,0.0000008137628810800379,-0.16277439892292023,0.008138719946146011,0.000000000012163946933041458,122.1001205444336
0.3243100047111511,0.00000000000000023245479866546427,0.0000004999555471840722,-0.000000000010918229861878181,0.000002188468670283328,0,0,0.000001104895090975333,-0.2210034877061844,0.011050174944102764,0.000000000011645818857874968,82.74720764160156
0.32431498169898987,0.0000000000000001822514073446081,0.0000004999656084692106,-0.00000000001004067835819189,0.000002012943014051416,0,0,0.000001378453475808783,-0.2757152020931244,0.013785759918391705,0.000000000010942343385555997,224.8201446533203
0.324319988489151,0.00000000000000013723672810039497,0.0000004999746465728094,-0.000000000009002935549839997,0.0000018053804069495527,0,0,0.000001630081783332571,-0.32603877782821655,0.016301939263939857,0.000000000010064714686675025,114.77103424072266
0.32432499527931213,0.00000000000000009812915736865982,0.0000004999824909646122,-0.000000000007821514269590324,0.0000015690841337345773,0,0,0.0000018557724388301722,-0.37117329239845276,0.018558664247393608,0.000000000009026901622022354,122.36906433105469
0.32433000206947327,0.00000000000000006555308416298218,0.0000004999890279577812,-0.000000000006515215450475509,0.0000013078151823719963,0,0,0.0000020519300960586406,-0.410400390625,0.02052002027630806,0.00000000000784542049381276,122.17471313476563
0.324334979057312,0.000000000000000040028940746278366,0.0000004999941438654787,-0.0000000000051048288859933955,0.0000010257317626383156,0,0,0.0000022154301859700354,-0.44309577345848083,0.0221547894179821,0.000000000006539075704525832,84.2459945678711
0.32433998584747314,0.00000000000000002196492255286982,0.0000004999977818442858,-0.0000000000036128036326465995,0.0000007273232540683239,0,0,0.0000023436680294253165,-0.4687390625476837,0.023436954244971275,0.000000000005128658782382889,194.4768524169922
0.3243449926376343,0.000000000000000011650478277062322,0.0000004999998850507836,-0.0000000000020628889221829816,0.0000004173390095729701,0,0,0.0000024345999918296,-0.48692214488983154,0.024346107617020607,0.000000000003636616181801333,123.6552505493164
0.3243499994277954,0.000000000000000009251691723786106,0.0000005000003966415534,-0.0000000000004797572929204907,0.00000010071258316202147,0,0,0.0000024867774754966376,-0.4973556101322174,0.02486778050661087,0.0000000000020866949661246803,115.63367462158203
0.32435500621795654,0.00000000000000001480864392962243,0.000000499999316616595,0.0000000000011113906019447062,-0.00000021751671397396422,0,0,0.0000024993692022690084,-0.49987342953681946,0.024993671104311943,0.0000000000005035629031813205,118.32919311523438
0.3243599832057953,0.00000000000000002823477127064823,0.0000004999966449759086,0.0000000000026852255228387856,-0.0000005322841616361984,0,0,0.0000024721741738176206,-0.49443551898002625,0.024721777066588402,-0.0000000000010875835822210522,84.23889923095703
0.3243649899959564,0.00000000000000004931824189097542,0.0000004999924385629129,0.000000000004216694701741908,-0.0000008385800356336404,0,0,0.000002405625764367869,-0.48112842440605164,0.02405642159283161,-0.000000000002661420779939694,221.6803436279297
0.32436999678611755,0.0000000000000000777253446617205,0.0000004999867542210268,0.0000000000056814197443855186,-0.0000011315294159430778,0,0,0.000002300784899489372,-0.4601639211177826,0.0230081956833601,-0.000000000004192899933502803,114.1943588256836
0.3243750035762787,0.0000000000000001130057756922994,0.000000499979705637088,0.0000000000070560866177737935,-0.0000014064701190363849,0,0,0.000002159321184080909,-0.43187567591667175,0.021593784913420677,-0.000000000005657647093870732,123.21340942382813
0.32437998056411743,0.00000000000000015459984472792406,0.0000004999714064979344,0.000000000008318814387342499,-0.0000016590261111559812,0,0,0.0000019834890281344997,-0.39671391248703003,0.0198356956243515,-0.000000000007032350396452003,116.38733673095703
0.32438498735427856,0.00000000000000020184739546532814,0.0000004999619704904035,0.000000000009449508883707658,-0.0000018851778804673813,0,0,0.0000017760897890184424,-0.35523825883865356,0.017761914059519768,-0.000000000008295130207724988,85.8958969116211
0.3243899941444397,0.00000000000000025399828758548935,0.0000004999515681447519,0.000000000010430175820252963,-0.0000020813258743146434,0,0,0.0000015404268651764141,-0.3081088066101074,0.015405440703034401,-0.000000000009425888888858758,208.42018127441406
0.32439500093460083,0.0000000000000003102243346242298,0.0000004999403699912364,0.000000000011245211359312002,-0.000002244348706881283,0,0,0.0000012802541959899827,-0.2560756504535675,0.01280378270894289,-0.000000000010406628683790053,120.48192596435547
0.3243999779224396,0.00000000000000036963257856668626,0.0000004999284897166945,0.000000000011881650177625325,-0.0000023716515897831414,0,0,0.0000009997154393204255,-0.1999669373035431,0.00999834667891264,-0.00000000001122174315276725,121.21212005615234
0.3244049847126007,0.00000000000000043127942470961743,0.0000004999162115382205,0.000000000012329370163710607,-0.00000246120862357202,0,0,0.000000703277692082338,-0.1406756490468979,0.007033782545477152,-0.000000000011858257431551777,124.22360229492188
0.32440999150276184,0.0000000000000004941857029659973,0.0000004999036491426523,0.000000000012581255481869391,-0.000002511594175302889,0,0,0.0000003956608907174086,-0.07914543896913528,0.003957272041589022,-0.000000000012306042469767409,83.91373443603516
0.324414998292923,0.0000000000000005573522320954211,0.0000004998910299036652,0.000000000012633307594489551,-0.0000025220065253961366,0,0,0.00000008176218102562416,-0.016355587169528008,0.0008177793934009969,-0.000000000012557970288651354,232.0185546875
0.3244200050830841,0.0000000000000006197757545114253,0.0000004998785811949347,0.00000000001248470597736695,-0.0000024922796910686884,0,0,-0.00000023342198574027861,0.046694573014974594,-0.002334728604182601,-0.000000000012610031942250632,109.55302429199219
0.32442498207092285,0.0000000000000006804648710888078,0.0000004998664735467173,0.000000000012137827201663676,-0.0000024228870643128175,0,0,-0.0000005448754336612183,0.10900156199932098,-0.005450078286230564,-0.000000000012461398232743726,121.13870239257813
0.324429988861084,0.0000000000000007384558700918302,0.0000004998548774892697,0.000000000011598201565821142,-0.000002314933226443827,0,0,-0.0000008476422976855247,0.16957373917102814,-0.008478687144815922,-0.000000000012114435322951866,118.07769775390625
0.3244349956512451,0.0000000000000007928279737672678,0.0000004998440203962673,0.000000000010874424624662815,-0.0000021701357582060155,0,0,-0.000001136905211751582,0.22744706273078918,-0.011372352950274944,-0.000000000011574665705060827,82.9737777709961
0.32444000244140625,0.0000000000000008427181084814277,0.0000004998340727979667,0.00000000000997802361568656,-0.000001990799773921026,0,0,-0.0000014080628716328647,0.28170046210289,-0.014085023663938046,-0.000000000010850678862361907,229.5684051513672
0.324444979429245,0.0000000000000008873344572473047,0.0000004998251483812055,0.000000000008923270108929238,-0.0000017797790405893466,0,0,-0.0000016568023966101464,0.33147045969963074,-0.016573524102568626,-0.000000000009953998562906019,116.87704467773438
0.32444998621940613,0.0000000000000009259692181583495,0.0000004998174745196593,0.000000000007726954492914828,-0.0000015404323221446248,0,0,-0.0000018791672573570395,0.3759649395942688,-0.01879824697971344,-0.00000000000889889464200655,122.02562713623047
0.32445499300956726,0.0000000000000009580098275750195,0.0000004998111080567469,0.000000000006408118827239129,-0.000001276568809771561,0,0,-0.000002071622020594077,0.4144757390022278,-0.02072378806769848,-0.000000000007702161824996168,116.44154357910156
0.3244599997997284,0.0000000000000009829485951245542,0.000000499806162679306,0.000000000004987752398599721,-0.000000992388095255592,0,0,-0.000002231106464023469,0.44638997316360474,-0.022319499403238297,-0.000000000006382843906194147,86.6325912475586
0.3244650065898895,0.0000000000000010003909093326516,0.0000004998026952307555,0.000000000003488458653888582,-0.0000006924130957486341,0,0,-0.000002355084916416672,0.4711996614933014,-0.02355998381972313,-0.000000000004961940146958055,216.07606506347656
0.32446998357772827,0.0000000000000010100613786123355,0.0000004998007625545142,0.0000000000019340965461134285,-0.0000003814179763139691,0,0,-0.000002441586275381269,0.48850998282432556,-0.024425499141216278,-0.0000000000034620654867228984,126.61433410644531
0.3244749903678894,0.0000000000000010118083840660475,0.0000004998004214940011,0.0000000000003494004131160411,-0.00000006435240607061132,0,0,-0.000002489234930180828,0.4980454444885254,-0.02490227296948433,-0.0000000000019070899373585526,117.71630096435547
0.32447999715805054,0.0000000000000010056063029471331,0.000000499801672049216,-0.000000000001240413587816347,0.00000025373739731548994,0,0,-0.0000024972741812234744,0.49965426325798035,-0.024982713162899017,-0.00000000000032176201265020354,122.51898956298828
0.32448500394821167,0.000000000000000991556038055434,0.000000499804514220159,-0.0000000000028100477673931312,0.0000005677887884303345,0,0,-0.000002465575789756258,0.4933108389377594,-0.02466554194688797,0.000000000001268686978389555,82.9668960571289
0.3244899809360504,0.0000000000000009698834295505119,0.0000004998088911634113,-0.000000000004334525360166763,0.0000008728035254534916,0,0,-0.000002394644070591312,0.4791161119937897,-0.023955805227160454,0.000000000002838943923694215,202.51113891601563
0.32449498772621155,0.0000000000000009409354433033857,0.0000004998146891921351,-0.000000000005789587125687445,0.0000011639272088359576,0,0,-0.000002285606115037808,0.4572960138320923,-0.022864801809191704,0.000000000004364017393981845,113.66219329833984
0.3244999945163727,0.0000000000000009051750886988484,0.0000004998218514629116,-0.000000000007152077974997839,0.0000014365264178195503,0,0,-0.0000021401956473710015,0.42819783091545105,-0.021409891545772552,0.000000000005819636005738316,119.78916931152344
0.3245050013065338,0.0000000000000008631735306411455,0.000000499830264288903,-0.000000000008400314298329103,0.0000016862625216162996,0,0,-0.0000019607246031227987,0.39228466153144836,-0.01961423270404339,0.000000000007182632093261088,115.35356140136719
0.32450997829437256,0.0000000000000008156014074662654,0.0000004998398139832716,-0.000000000009514428307710876,0.000001909161028379458,0,0,-0.0000017500462945463369,0.3501281142234802,-0.01750640571117401,0.000000000008431312072121333,84.28860473632813
0.3245149850845337,0.0000000000000007632179783323033,0.0000004998503300157608,-0.000000000010476686358729115,0.0000021016742266510846,0,0,-0.000001511511072749272,0.3023990988731384,-0.015119954943656921,0.000000000009545805118582606,228.57142639160156
0.3245199918746948,0.0000000000000007068591588790807,0.0000004998616418561141,-0.000000000011271769108367469,0.0000022607384835282573,0,0,-0.0000012489123264458613,0.24985724687576294,-0.012492862530052662,0.000000000010508371083017831,117.95234680175781
0.32452499866485596,0.0000000000000006474240745801081,0.0000004998735789740749,-0.000000000011887014809974783,0.0000023838217657612404,0,0,-0.000000966426455306646,0.1933387815952301,-0.00966693926602602,0.000000000011303692357134132,122.78978729248047
0.3245300054550171,0.0000000000000005858609258802775,0.0000004998859139959677,-0.00000000001231262574535874,0.0000024689654765097657,0,0,-0.0000006685471021228295,0.13374324142932892,-0.0066871619783341885,0.00000000001191910892900383,117.82726287841797
0.32453498244285583,0.0000000000000005231518474819302,0.000000499898476391536,-0.000000000012541817411004796,0.0000025148144686681917,0,0,-0.00000036001338798996585,0.07201910763978958,-0.0036009554751217365,0.000000000012344827417243298,88.91259765625
0.32453998923301697,0.0000000000000004602971852957737,0.000000499911095630523,-0.000000000012570933009825591,0.0000025206388727383455,0,0,-0.000000045734452669421444,0.00914874766021967,-0.00045743738883174956,0.000000000012574071991955371,166.77784729003906
0.3245449960231781,0.0000000000000003982996939824588,0.0000004999235443392536,-0.000000000012399498962312183,0.0000024863459202606464,0,0,0.0000002692882219434978,-0.053867220878601074,0.002693361137062311,0.000000000012603193662308332,128.6339111328125
0.32455000281333923,0.00000000000000033814852273592153,0.0000004999355951440521,-0.000000000012030233580151428,0.000002412481762803509,0,0,0.0000005800405915579177,-0.11602586507797241,0.005801293533295393,0.000000000012431729257134094,120.70005798339844
0.324554979801178,0.00000000000000028080349223429894,0.0000004999470775146619,-0.000000000011469005432862556,0.0000023002214675216237,0,0,0.0000008815759997560235,-0.17633791267871857,0.008816896006464958,0.000000000012062408363822108,117.24703979492188
0.3245599865913391,0.0000000000000002271797951073197,0.0000004999578209208266,-0.00000000001072473793800599,0.0000021513521915039746,0,0,0.0000011690933661157032,-0.23384344577789307,0.011692172847688198,0.000000000011501107358147244,84.39530944824219
0.32456499338150024,0.00000000000000017813345079241292,0.0000004999676548322896,-0.000000000009809268848581798,0.00000196824316844868,0,0,0.0000014380149195858394,-0.287627249956131,0.014381363056600094,0.000000000010756760933372522,239.8081512451172
0.3245700001716614,0.00000000000000013444763389354377,0.0000004999764087187941,-0.000000000008737164637617756,0.0000017538084193802206,0,0,0.0000016840576790855266,-0.33683332800865173,0.016841666772961617,0.000000000009841215516115387,108.21339416503906
0.3245749771595001,0.00000000000000009682021353246611,0.0000004999839688935026,-0.00000000000752548457577662,0.0000015114610505406745,0,0,0.0000019033029730053386,-0.38067853450775146,0.019033927470445633,0.000000000008769041916212306,131.37152099609375
0.32457998394966125,0.00000000000000006585265589362438,0.0000004999902216695773,-0.000000000006193511849217348,0.0000012450580015865853,0,0,0.0000020922582280036295,-0.4184650480747223,0.020923253148794174,0.0000000000075573054758582,119.94721984863281
0.3245849907398224,0.000000000000000042040428929048066,0.0000004999949965167616,-0.000000000004762445646178115,0.000000958839109443943,0,0,0.000002247913471364882,-0.4495914876461029,0.022479575127363205,0.000000000006225289814892898,91.74311828613281
0.3245899975299835,0.000000000000000025765106092224186,0.0000004999982934350555,-0.0000000000032550646206219724,0.0000006573599193870905,0,0,0.0000023677887384110363,-0.47356247901916504,0.023678123950958252,0.0000000000047941954225971806,149.79029846191406
0.32459500432014465,0.000000000000000017288293178039992,0.0000004999999987376214,-0.0000000000016953626003068933,0.0000003454184707152308,0,0,0.0000024499740902683698,-0.48999646306037903,0.02449982427060604,0.0000000000032867994350510576,133.15579223632813
0.3245999813079834,0.000000000000000016747454369411996,0.0000005000001124244591,-0.00000000000010816792340301307,0.000000027979524475085782,0,0,0.0000024931596271926537,-0.49863192439079285,0.024931596592068672,0.0000000000017270923189857679,121.27091979980469
0.32460498809814453,0.00000000000000002415372351738516,0.0000004999986344955687,0.0000000000014812537047631524,-0.00000028990470468670537,0,0,0.000002496657771189348,-0.49933141469955444,0.024966571480035782,0.00000000000013989761497683328,119.5743179321289
0.32460999488830566,0.000000000000000039391723815759367,0.0000004999956217943691,0.0000000000030476005833529607,-0.0000006031749535395647,0,0,0.0000024604121335869422,-0.4920837879180908,0.0246041901409626,-0.0000000000014495234439831917,84.1396713256836
0.3246150016784668,0.0000000000000000622214190313003,0.0000004999910743208602,0.000000000004565939640266414,-0.0000009068453437066637,0,0,0.0000023850011530157644,-0.47700440883636475,0.023850221186876297,-0.00000000000301587465938169,209.5557403564453
0.32461997866630554,0.00000000000000009228192349764087,0.0000004999851057618798,0.0000000000060121014069935974,-0.0000011960828487644903,0,0,0.0000022716258172295056,-0.45433327555656433,0.022716663777828217,-0.000000000004534226726721213,120.42388916015625
0.3246249854564667,0.00000000000000012909725763798338,0.0000004999777729608468,0.00000000000736306762089134,-0.0000014662841749668587,0,0,0.0000021220928374532377,-0.4244312047958374,0.02122156135737896,-0.000000000005980414080619667,120.4529037475586
0.3246299922466278,0.0000000000000001720839282482329,0.0000004999691896045988,0.00000000000859733551711317,-0.0000017131487766164355,0,0,0.0000019387844076845795,-0.38777410984039307,0.019388705492019653,-0.000000000007331421060519094,119.91845703125
0.32463499903678894,0.00000000000000022056024585941715,0.0000004999595262233925,0.000000000009695262821740602,-0.000001932747863975237,0,0,0.000001724620801724086,-0.34494540095329285,0.017247270792722702,-0.000000000008565743600530418,83.3263931274414
0.3246400058269501,0.0000000000000002737571310252088,0.0000004999488965040655,0.000000000010639379134647076,-0.0000021215862489043502,0,0,0.0000014830135341981077,-0.2966267168521881,0.014831336215138435,-0.000000000009663739426735152,216.68472290039063
0.3246449828147888,0.0000000000000003308304227694404,0.0000004999375278202933,0.00000000001141466175053063,-0.0000022766587335354416,0,0,0.0000012178107908766833,-0.24358706176280975,0.012179353274405003,-0.00000000001060793120011283,116.18450164794922
0.32464998960494995,0.000000000000000390874311999252,0.0000004999255338589137,0.000000000012008778520200547,-0.0000023954969492478995,0,0,0.0000009332362651548465,-0.18667058646678925,0.009333529509603977,-0.00000000001138329361327628,123.93109130859375
0.3246549963951111,0.0000000000000004529357278303049,0.000000499913141993602,0.000000000012412282139606656,-0.000002476209601809387,0,0,0.000000633821400697343,-0.12678316235542297,0.006339158397167921,-0.000000000011977484108693925,112.90504455566406
0.3246600031852722,0.0000000000000005160295180053833,0.0000004999005795980338,0.000000000012618759336058272,-0.00000251751202995365,0,0,0.0000003243332855618064,-0.06487792730331421,0.003243896411731839,-0.000000000012381047576059956,83.57011413574219
0.32466498017311096,0.0000000000000005791541719434772,0.0000004998879603590467,0.000000000012624933216909273,-0.000002518747123758658,0,0,0.00000000969872093747881,-0.0019401300232857466,0.00009700650116428733,-0.000000000012587559466981091,218.72265625
0.3246699869632721,0.0000000000000006413077555471032,0.000000499875568493735,0.000000000012430717045985862,-0.000002479895329088322,0,0,-0.0000003050743373478326,0.06102854385972023,-0.0030514271929860115,-0.000000000012593735082555568,118.6380386352539
0.3246749937534332,0.0000000000000007015037930700654,0.0000004998635745323554,0.000000000012039210774139608,-0.000002401574647592497,0,0,-0.0000006149765567897703,0.12302592396736145,-0.0061512961983680725,-0.000000000012399476410906995,119.76048278808594
0.32468000054359436,0.0000000000000007587870431060976,0.0000004998521490051644,0.000000000011456654201713601,-0.000002285031541759963,0,0,-0.0000009150767255050596,0.1830652952194214,-0.009153264574706554,-0.000000000012007872994546087,120.58362579345703
0.3246849775314331,0.0000000000000008122486922423552,0.0000004998414624424186,0.000000000010692328099304316,-0.0000021321211534086615,0,0,-0.0000012006003089481965,0.24019108712673187,-0.012009554542601109,-0.000000000011425157694922028,80.69071197509766
0.32468998432159424,0.0000000000000008610407016799591,0.0000004998317422177934,0.000000000009758403286819206,-0.0000019452768356131855,0,0,-0.0000014670051768916892,0.2934941053390503,-0.01467470545321703,-0.000000000010660605211099128,235.51577758789063
0.32469499111175537,0.00000000000000090438946564027,0.0000004998231020181265,0.00000000000866974807917087,-0.0000017274726360483328,0,0,-0.0000017100543345804908,0.3421260118484497,-0.017106300219893456,-0.000000000009726383760899626,118.07769775390625
0.3246999979019165,0.0000000000000009416078815843872,0.0000004998157123736746,0.000000000007443693231246051,-0.0000014821748663962353,0,0,-0.000001925882543218904,0.3853128254413605,-0.019265642389655113,-0.000000000008637363393959596,119.14691162109375
0.32470500469207764,0.0000000000000009721066792788176,0.0000004998096301278565,0.0000000000060997517800642775,-0.0000012132875326642534,0,0,-0.0000021110577108629514,0.4223671853542328,-0.02111835964024067,-0.000000000007410873997804046,119.67448425292969
0.3247099816799164,0.000000000000000995403261701863,0.0000004998050258109288,0.00000000000465931373344608,-0.0000009250902053281607,0,0,-0.0000022626350073551293,0.45269936323165894,-0.022634968161582947,-0.00000000000606643771675075,84.53800201416016
0.3247149884700775,0.0000000000000010111298047961784,0.0000004998018994228914,0.000000000003145300860041278,-0.0000006221695798558358,0,0,-0.000002378205408604117,0.475826621055603,-0.02379133179783821,-0.000000000004625451063833275,216.63778686523438
0.32471999526023865,0.000000000000001019038869062047,0.0000004998003646505822,0.0000000000015818067342077136,-0.00000030934677397453925,0,0,-0.0000024559308258176316,0.49138087034225464,-0.024569043889641762,-0.000000000003110847733925337,119.20372009277344
0.3247250020503998,0.0000000000000010190074229638802,0.0000004998004214940011,-0.000000000000006289782063240157,0.000000008399382522839005,0,0,-0.000002494576165190665,0.4991145431995392,-0.02495572715997696,-0.00000000000154673387812998,115.56685638427734
0.3247299790382385,0.000000000000001011038854633467,0.000000499802069953148,-0.00000000000159371853821616,0.0000003260119001424755,0,0,-0.0000024935272904258454,0.4989045560359955,-0.024945227429270744,0.000000000000041996909964404916,122.48897552490234
0.32473498582839966,0.0000000000000009952627601117372,0.0000004998052531846042,-0.00000000000315521935835561,0.000000638435722066788,0,0,-0.0000024527998903067783,0.49075424671173096,-0.024537712335586548,0.0000000000016300594771548327,86.52764892578125
0.3247399926185608,0.0000000000000009719330375246304,0.0000004998099711883697,-0.000000000004665944713933001,0.0000009406985554960556,0,0,-0.000002373042207182152,0.47479334473609924,-0.023739667609333992,0.0000000000031921785093730337,220.02200317382813
0.3247449994087219,0.0000000000000009414237577974778,0.0000004998161102776066,-0.0000000000061018542649171614,0.0000012279897418920882,0,0,-0.0000022555220766662387,0.45127588510513306,-0.022563794627785683,0.000000000004703492803570519,118.10558319091797
0.32475000619888306,0.0000000000000009042232354243714,0.0000004998236136088963,-0.000000000007440097149480351,0.0000014957367966417223,0,0,-0.000002102107373502804,0.42057615518569946,-0.021028807386755943,0.000000000006139948358768743,119.37448120117188
0.3247549831867218,0.0000000000000008609263522320798,0.000000499832310651982,-0.000000000008659375300146266,0.0000017396785096934764,0,0,-0.000001915237817229354,0.38318273425102234,-0.019159136340022087,0.000000000007478683471118241,119.6458511352539
0.32475998997688293,0.0000000000000008122249223802729,0.000000499842087720026,-0.000000000009740281498027414,0.000001955932475539157,0,0,-0.0000016978842722892296,0.33969077467918396,-0.016984539106488228,0.000000000008698392700567936,84.17508697509766
0.32476499676704407,0.0000000000000007588968926914446,0.0000004998527742827719,-0.000000000010665610755689059,0.0000021410569388535805,0,0,-0.0000014535031596096815,0.29079246520996094,-0.014539623633027077,0.000000000009779662323017302,215.88946533203125
0.3247700035572052,0.0000000000000007017937430358224,0.0000004998642566533817,-0.000000000011420630066649728,0.0000022921053641766775,0,0,-0.0000011859809774250607,0.23726604878902435,-0.011863302439451218,0.000000000010705284748946386,117.9106216430664
0.32477498054504395,0.0000000000000006418271455624477,0.0000004998763074581802,-0.000000000011993316062497428,0.0000024066735022643115,0,0,-0.0000008995727966976119,0.17996342480182648,-0.008998171426355839,0.000000000011460526104511981,120.94823455810547
0.3247799873352051,0.0000000000000005799544063203957,0.0000004998886993234919,-0.000000000012374545832471995,0.0000024829382709867787,0,0,-0.0000005988347311358666,0.11979658901691437,-0.005989829543977976,0.00000000001203336735811078,119.96160888671875
0.3247849941253662,0.0000000000000005171631657261647,0.000000499901318562479,-0.000000000012558242640237083,0.000002519685949664563,0,0,-0.0000002885514334138861,0.05772313475608826,-0.0028861567843705416,0.00000000001241469080315305,82.9668960571289
0.32479000091552734,0.000000000000000454455781393712,0.0000004999138809580472,-0.000000000012541474803118291,0.0000025163317332044244,0,0,0.00000002633985651812054,-0.005269011482596397,0.00026345057995058596,0.000000000012598429244281562,221.6803436279297
0.3247949779033661,0.0000000000000003928332874480144,0.0000004999262728233589,-0.000000000012324497325466588,0.0000024729288270464167,0,0,0.0000003408277677863225,-0.06817729771137238,0.00340886483900249,0.000000000012581657937715818,117.98017883300781
0.3247999846935272,0.0000000000000003332795126573078,0.0000004999382099413197,-0.000000000011910753633381788,0.0000023901679924165364,0,0,0.0000006499067239928991,-0.1300005167722702,0.006500025745481253,0.000000000012364644030871119,120.13455200195313
0.32480499148368835,0.0000000000000002767454103235628,0.0000004999495786250918,-0.000000000011306820063561318,0.0000022693661776429508,0,0,0.0000009486563499194745,-0.18975470960140228,0.009487736038863659,0.00000000001195083962346466,120.13455200195313
0.3248099982738495,0.00000000000000022413391756855245,0.0000004999601515009999,-0.000000000010522300045168187,0.0000021124465092725586,0,0,0.0000012323200735409046,-0.24648886919021606,0.012324444018304348,0.000000000011346830593172985,80.23106384277344
0.3248150050640106,0.00000000000000017628554253885925,0.0000004999697580387874,-0.000000000009569674913612047,0.0000019219060050090775,0,0,0.000001496380946264253,-0.29930004477500916,0.014965002425014973,0.000000000010562232512223435,228.93772888183594
0.32481998205184937,0.00000000000000013396505010673543,0.0000004999782845516165,-0.000000000008464099213179033,0.0000017007776023092447,0,0,0.0000017366334077451029,-0.3473477065563202,0.01736738532781601,0.000000000009609530185472615,116.52295684814453
0.3248249888420105,0.00000000000000009784921297959227,0.0000004999855605092307,-0.000000000007223167810405107,0.000001452580363547895,0,0,0.000001949251100086258,-0.3898671567440033,0.019493358209729195,0.000000000008503887698185775,117.28829193115234
0.32482999563217163,0.00000000000000006851607158692673,0.0000004999914722247922,-0.000000000005866628797340789,0.0000011812646789621795,0,0,0.0000021308469513314776,-0.4261816740036011,0.021309083327651024,0.0000000000072629016516223555,123.6552505493164
0.32483500242233276,0.00000000000000004643570936213023,0.0000004999959060114634,-0.000000000004416072976048957,0.0000008911486020224402,0,0,0.000002278527745147585,-0.45571330189704895,0.022785665467381477,0.00000000000590632317359896,82.87063598632813
0.3248399794101715,0.00000000000000003196276179486142,0.0000004999988618692441,-0.000000000002894589515994861,0.000000586849409955903,0,0,0.000002389940618741093,-0.4779920279979706,0.02389960177242756,0.000000000004455743066178464,208.89910888671875
0.32484498620033264,0.000000000000000025330775059268518,0.0000005000002261112968,-0.0000000000013263973253074823,0.0000002732102188929275,0,0,0.0000024633106932014925,-0.49266326427459717,0.024633163586258888,0.0000000000029342470293791667,119.91845703125
0.3248499929904938,0.00000000000000002664847708378794,0.0000004999999987376214,0.0000000000002635404915130035,-0.00000004477723791751487,0,0,0.0000024974685857159784,-0.4994935095310211,0.024974675849080086,0.0000000000013660510439841844,118.76484680175781
0.3248549997806549,0.0000000000000000358980503980253,0.0000004999981797482178,0.0000000000018499145357925295,-0.00000036205202036398987,0,0,0.0000024918704184528906,-0.4983740746974945,0.024918703362345695,-0.00000000000022388619007763372,120.93360900878906
0.32486000657081604,0.000000000000000052935410065441205,0.000000499994825986505,0.0000000000034074715705295633,-0.0000006735645570188353,0,0,0.000002446604867145652,-0.4893227815628052,0.02446614019572735,-0.0000000000018102600581743067,81.03070831298828
0.3248649835586548,0.00000000000000007749250324545418,0.000000499989937452483,0.000000000004911418494124575,-0.0000009743570217324304,0,0,0.0000023623938432137948,-0.47248366475105286,0.023624183610081673,-0.0000000000033678227307626374,244.67825317382813
0.3248699903488159,0.00000000000000010918158075412385,0.0000004999836278329894,0.000000000006337814821566479,-0.0000012596420901900274,0,0,0.0000022405786239687586,-0.4481247365474701,0.022406237199902534,-0.000000000004871784833188064,116.5772933959961
0.32487499713897705,0.0000000000000001475013645227982,0.0000004999760108148621,0.00000000000766395800988473,-0.000001524879394310119,0,0,0.0000020831002984778024,-0.4166336953639984,0.02083168551325798,-0.00000000000629821021724819,119.61722564697266
0.3248800039291382,0.00000000000000019184507455877772,0.0000004999672000849387,0.000000000008868740811185383,-0.0000017658475144344266,0,0,0.0000018924677078757668,-0.3785116970539093,0.018925584852695465,-0.000000000007624396773653341,122.1001205444336
0.32488498091697693,0.00000000000000024151003085786597,0.0000004999573093300569,0.000000000009932990194250202,-0.000001978711225092411,0,0,0.000001671717882345547,-0.33436551690101624,0.016718275845050812,-0.000000000008829237688190439,82.92561340332031
0.32488998770713806,0.00000000000000029570888982581047,0.0000004999465090804733,0.000000000010839770053783226,-0.0000021600826585199684,0,0,0.0000014243671557778725,-0.28489774465560913,0.014244887046515942,-0.000000000009893555592832559,215.65667724609375
0.3248949944972992,0.0000000000000003535821512491645,0.0000004999349698664446,0.000000000011574654429358233,-0.000002307075192220509,0,0,0.0000011543548907866352,-0.23089568316936493,0.011544784530997276,-0.000000000010800412647560265,121.84720611572266
0.3249000012874603,0.0000000000000004142119225806801,0.0000004999228622182272,0.00000000001212595475419409,-0.000002417349605821073,0,0,0.000000865981348852074,-0.17321880161762238,0.008660940453410149,-0.000000000011535375953053428,119.99040222167969
0.3249049782752991,0.0000000000000004766364508483091,0.0000004999104135094967,0.000000000012484905470566687,-0.0000024891510292945895,0,0,0.000000563838341349765,-0.11278506368398666,0.005639253184199333,-0.0000000000120867474015518,114.87651062011719
0.3249099850654602,0.0000000000000005398654486575929,0.0000004998977942705096,0.000000000012645802807687012,-0.00000252133622780093,0,0,0.00000025273615733567567,-0.05055629089474678,0.0025278145913034678,-0.000000000012445754496437367,83.61903381347656
0.32491499185562134,0.000000000000000602895923119864,0.0000004998852318749414,0.000000000012606094987321903,-0.000002513393155822996,0,0,-0.00000006237280558707425,0.01247711107134819,-0.0006238555652089417,-0.000000000012606680456495045,234.0823974609375
0.32491999864578247,0.000000000000000664728057720007,0.0000004998728968530486,0.000000000012366423857157471,-0.0000024654482331243344,0,0,-0.0000003764732241506863,0.07531193643808365,-0.0037655967753380537,-0.000000000012566965697236032,118.39923858642578
0.3249250054359436,0.0000000000000007243811471237792,0.0000004998610165785067,0.000000000011930614482458246,-0.0000023782645257597324,0,0,-0.0000006845666007393447,0.1369481384754181,-0.006847407203167677,-0.000000000012327240790643845,120.1056900024414
0.32492998242378235,0.000000000000000780909214347775,0.0000004998497615815722,0.000000000011305612696022038,-0.0000022532294678967446,0,0,-0.0000009817507589104935,0.19640475511550903,-0.009820237755775452,-0.000000000011891322128365633,118.52554321289063
0.3249349892139435,0.0000000000000008334160985337994,0.0000004998393023925018,0.000000000010501372341154003,-0.0000020923330339428503,0,0,-0.000001263297690456966,0.2527354955673218,-0.012636775150895119,-0.000000000011266146869581828,83.46548461914063
0.3249399960041046,0.0000000000000008810695898111751,0.0000004998298095415521,0.0000000000095306991465538,-0.0000018981360199177288,0,0,-0.000001524728759250138,0.3050438165664673,-0.01525219064205885,-0.000000000010461664520788894,223.96417236328125
0.32494500279426575,0.0000000000000009231148230052209,0.0000004998214535589796,0.000000000008409047763668909,-0.0000016737293435653555,0,0,-0.0000017618862102608546,0.3524972200393677,-0.017624860629439354,-0.000000000009490679943324754,117.71630096435547
0.3249499797821045,0.0000000000000009588861890380725,0.000000499814348131622,0.000000000007154271532833212,-0.000001422684476892755,0,0,-0.0000019709982552740257,0.394340455532074,-0.0197170227766037,-0.000000000008368646921275147,119.91845703125
0.3249549865722656,0.000000000000000987817869900964,0.000000499808606946317,0.000000000005786341458063893,-0.0000011489968301248155,0,0,-0.000002148739667973132,0.42990756034851074,-0.021495377644896507,-0.00000000000711342226442091,119.3602294921875
0.32495999336242676,0.0000000000000010094529971979701,0.0000004998043436899025,0.0000000000043270278853035915,-0.0000008570223712922598,0,0,-0.0000022922847620066023,0.4586324691772461,-0.022931624203920364,-0.00000000000574498391567313,84.77449798583984
0.3249650001525879,0.0000000000000010234507460469395,0.0000004998015583623783,0.0000000000027995535577252095,-0.0000005514079362001212,0,0,-0.0000023993509330466622,0.4800580143928528,-0.02400290034711361,-0.000000000004285111761953564,229.14756774902344
0.32496997714042664,0.0000000000000010295918407936516,0.0000004998003646505822,0.0000000000012282258543550029,-0.00000023701757356775488,0,0,-0.0000024682358343852684,0.4938431978225708,-0.02469216100871563,-0.0000000000027570396052972734,110.36309814453125
0.32497498393058777,0.0000000000000010277820490227243,0.0000004998007625545142,-0.0000000000003619518150910911,0.00000008114501071077029,0,0,-0.000002497845343896188,0.4997686445713043,-0.024988433346152306,-0.0000000000011850878351565841,130.02210998535156
0.3249799907207489,0.0000000000000010180536638652719,0.0000004998027520741744,-0.0000000000019456762589964427,0.00000039801614093448734,0,0,-0.0000024877085706975777,0.4977400302886963,-0.024887001141905785,0.0000000000004057250412373148,119.48858642578125
0.32498499751091003,0.0000000000000010005649746033123,0.0000004998062763661437,-0.000000000003497746363378962,0.0000007085526476657833,0,0,-0.000002437986040604301,0.4877896308898926,-0.0243894811719656,0.0000000000019900806263323245,82.41984558105469
0.32499000430107117,0.0000000000000009755976196918078,0.0000004998113354304223,-0.000000000004993463975644374,0.000001007812215902959,0,0,-0.0000023494683318858733,0.4700758159160614,-0.02350379154086113,0.0000000000035427630881018635,181.32366943359375
0.3249949812889099,0.0000000000000009435524574730463,0.0000004998178155801725,-0.0000000000064090286897022786,0.000001291032049266505,0,0,-0.00000222356334234064,0.44488051533699036,-0.022244026884436607,0.000000000005039060748529556,129.21566772460938
0.32499998807907104,0.0000000000000009049428957921823,0.0000004998256031285564,-0.000000000007721911651770164,0.0000015537043509539217,0,0,-0.0000020622719603125006,0.4126047194004059,-0.020630236715078354,0.00000000000645516019109893,125.77033996582031
0.3250049948692322,0.0000000000000008603867922446788,0.0000004998345843887364,-0.000000000008911218984941627,0.0000017916486285685096,0,0,-0.0000018681586197999422,0.3737621009349823,-0.018688105046749115,0.000000000007768521936846184,119.43150329589844
0.3250100016593933,0.0000000000000008105967132974133,0.0000004998445888304559,-0.000000000009958018784561595,0.0000020010779735457618,0,0,-0.0000016443102595076198,0.32897087931632996,-0.016448544338345528,0.000000000008958243001566668,83.73806762695313
0.32501497864723206,0.0000000000000007563684464043314,0.0000004998555027668772,-0.000000000010845649031643312,0.0000021786590878036804,0,0,-0.0000013942861869509215,0.2789439260959625,-0.013947196304798126,0.000000000010005389745881832,215.84286499023438
0.3250199854373932,0.0000000000000006985685592100332,0.0000004998670988243248,-0.000000000011559976934027993,0.0000023215657165565062,0,0,-0.0000011220629403396742,0.22447745501995087,-0.011223873123526573,0.000000000010893294946634491,117.74402618408203
0.3250249922275543,0.0000000000000006381204235061445,0.000000499879263315961,-0.000000000012089626175160184,0.000002427523668302456,0,0,-0.0000008319703965753433,0.16643831133842468,-0.008321915753185749,0.000000000011607828413751076,120.1056900024414
0.32502999901771545,0.0000000000000005759896039129759,0.0000004998917120246915,-0.000000000012426159060052733,0.0000024948462851170916,0,0,-0.0000005286233886181435,0.10575021803379059,-0.005287510808557272,0.00000000001213761816748482,120.30799102783203
0.3250350058078766,0.0000000000000005131685583469135,0.0000004999043312636786,-0.000000000012564208354270967,0.000002522462182241725,0,0,-0.00000021684834905499883,0.04337906464934349,-0.002168953185901046,0.000000000012474230849657264,80.75587463378906
0.32503998279571533,0.0000000000000004506607032130983,0.0000004999168936592469,-0.00000000001250156922427692,0.000002509932073735399,0,0,0.00000009839360615160331,-0.019682487472891808,0.0009841243736445904,0.000000000012612310501536328,243.7835235595703
0.32504498958587646,0.0000000000000003894645844772248,0.0000004999291718377208,-0.000000000012239226993004948,0.000002457455138937803,0,0,0.0000004120854271150165,-0.08243078738451004,0.004121539648622274,0.000000000012549660095839688,113.17337799072266
0.3250499963760376,0.0000000000000003305578369791021,0.0000004999409952688438,-0.000000000011781348466244346,0.000002365866293985164,0,0,0.0000007192339239736611,-0.14386716485023499,0.007193358149379492,0.000000000012287275363842554,124.54851531982422
0.32505500316619873,0.0000000000000002748817790209257,0.0000004999521934223594,-0.000000000011135210808976836,0.0000022366234588844236,0,0,0.0000010149493618882843,-0.2030138224363327,0.010150691494345665,0.000000000011829330917589864,115.26049041748047
0.3250599801540375,0.00000000000000022332632459290467,0.0000004999625389245921,-0.000000000010311092257797583,0.0000020717839106509928,0,0,0.0000012945232583660982,-0.25892940163612366,0.012946470640599728,0.000000000011183116932489412,84.0406723022461
0.3250649869441986,0.00000000000000017671582204117464,0.0000004999719180887041,-0.000000000009322102118014541,0.0000018739709730652976,0,0,0.0000015535034663116676,-0.3107239902019501,0.015536199323832989,0.000000000010358919451392001,232.99160766601563
0.32506999373435974,0.000000000000000135795951526895,0.0000004999801603844389,-0.000000000008183974331554822,0.000001646332862037525,0,0,0.000001787765995686641,-0.3575732707977295,0.017878664657473564,0.000000000009369854718499493,118.16140747070313
0.3250750005245209,0.00000000000000010122184009520778,0.00000049998709528154,-0.000000000006914822880954574,0.0000013924924360253499,0,0,0.000001993578734982293,-0.3987315893173218,0.01993658021092415,0.000000000008231664481994638,114.53441619873047
0.3250799775123596,0.00000000000000007354761272973978,0.0000004999926659365883,-0.000000000005534846019006334,0.000001116489897867723,0,0,0.0000021676632968592457,-0.4335438907146454,0.02167719416320324,0.000000000006962461857051849,121.71372985839844
0.32508498430252075,0.000000000000000053217577915995294,0.0000004999967586627463,-0.000000000004066007079639444,0.000000822717822757113,0,0,0.0000023072468593454687,-0.46145614981651306,0.023072807118296623,0.000000000005582449433272352,82.37911224365234
0.3250899910926819,0.000000000000000040559143666590156,0.000000499999316616595,-0.00000000000253168666586312,0.0000005158517524250783,0,0,0.0000024101047984004254,-0.48202410340309143,0.02410120517015457,0.000000000004113588809862012,214.7305145263672
0.325094997882843,0.00000000000000003577760297467023,0.0000005000003397981345,-0.0000000000009563083831765073,0.00000020077565920928464,0,0,0.000002474598659318872,-0.49492040276527405,0.024746021255850792,0.0000000000025792586382661353,119.2463607788086
0.32510000467300415,0.00000000000000003895285486996323,0.0000004999997713639459,0.0000000000006350504974314553,-0.0000001174958939031967,0,0,0.0000024997007130878046,-0.49993979930877686,0.024996990337967873,0.000000000001003878295595395,119.78916931152344
0.3251049816608429,0.00000000000000005003814048680277,0.0000004999976113140292,0.000000000002217057483780427,-0.0000004338974122219952,0,0,0.0000024850107820384437,-0.49700239300727844,0.02485012076795101,-0.0000000000005874794466002864,111.39579010009766
0.32510998845100403,0.00000000000000006886078752667963,0.0000004999939164918032,0.000000000003764529486749435,-0.0000007433932296407875,0,0,0.0000024307630610564956,-0.4861549437046051,0.024307748302817345,-0.000000000002169487029260453,88.1445541381836
0.32511499524116516,0.00000000000000009512494988043053,0.0000004999886868972681,0.000000000005252832890878523,-0.0000010410576578578912,0,0,0.0000023378220248559956,-0.46757012605667114,0.023378506302833557,-0.000000000003716965971123365,232.66635131835938
0.3251200020313263,0.00000000000000012841633579261953,0.0000004999820930606802,0.000000000006658278095539316,-0.0000013221531389717711,0,0,0.0000022076685581851052,-0.44154369831085205,0.022077186033129692,-0.000000000005205288023529819,115.8882827758789
0.32512497901916504,0.00000000000000016820880545410368,0.0000004999741918254585,0.000000000007958494974147357,-0.0000015822058685444063,0,0,0.0000020423760815901915,-0.4084898829460144,0.02042449451982975,-0.000000000006610765320574918,118.94849395751953
0.32512998580932617,0.00000000000000021387274868727704,0.0000004999650968784408,0.000000000009132790010357716,-0.0000018170769635617035,0,0,0.000001844578378040751,-0.3689347207546234,0.01844673603773117,-0.000000000007911029470397679,114.6657485961914
0.3251349925994873,0.00000000000000026468511699253964,0.0000004999549787498836,0.000000000010162475028163698,-0.000002023028400799376,0,0,0.000001617426050870563,-0.32350778579711914,0.016175389289855957,-0.00000000000908538435456796,87.02462768554688
0.32513999938964844,0.0000000000000003198409643722039,0.0000004999440079700435,0.000000000011031167299058176,-0.000002196782361352234,0,0,0.0000013645375247506308,-0.2729320824146271,0.013646604493260384,-0.000000000010115141363398195,215.70318603515625
0.32514500617980957,0.00000000000000037846617929448295,0.000000499932355069177,0.000000000011725044546384567,-0.0000023355735265795374,0,0,0.000001089940610654594,-0.21801252663135529,0.010900626890361309,-0.000000000010983911696849091,118.20330810546875
0.3251499831676483,0.00000000000000043963154014645925,0.0000004999201905775408,0.000000000012233072194112182,-0.0000024371927338506794,0,0,0.0000007980079885783198,-0.1596231907606125,0.00798115972429514,-0.000000000011677867006731901,119.68881225585938
0.32515498995780945,0.0000000000000005023674059617634,0.0000004999076850253914,0.000000000012547173369736875,-0.0000025000229015859077,0,0,0.0000004933880859425699,-0.0986933782696724,0.004934669006615877,-0.000000000012185963176036818,118.4553451538086
0.3251599967479706,0.0000000000000005656792012416413,0.0000004998950657864043,0.000000000012662357273818259,-0.000002523064040360623,0,0,0.0000001809306269251465,-0.03619280830025673,0.0018096404382959008,-0.000000000012500113791280576,82.93936920166016
0.3251650035381317,0.0000000000000006285631919435966,0.0000004998825602342549,0.000000000012576800711983083,-0.00000250594916906266,0,0,-0.00000013439075985388627,0.026883792132139206,-0.0013441896298900247,-0.000000000012615320246767148,231.37435913085938
0.32516998052597046,0.00000000000000069002257910738855,0.0000004998703388991999,0.00000000001229187758522432,-0.0000024489511361025507,0,0,-0.00000044755745420843596,0.0895325168967247,-0.0044766259379684925,-0.000000000012529745470335474,107.22710418701172
0.3251749873161316,0.0000000000000007490832219041155,0.0000004998585723114957,0.000000000011812129399602078,-0.0000023529767076979624,0,0,-0.0000007535860504503944,0.15075629949569702,-0.0075378152541816235,-0.000000000012244755556722886,139.08206176757813
0.3251799941062927,0.0000000000000008048092548061799,0.0000004998474878448178,0.000000000011145202816198463,-0.000002219553380200523,0,0,-0.0000010476071565790335,0.20958071947097778,-0.010479035787284374,-0.000000000011764883338372112,115.71395874023438
0.32518500089645386,0.000000000000000856317857724306,0.0000004998372560294229,0.000000000010301717812133404,-0.000002050804823738872,0,0,-0.0000013249433550299727,0.26506954431533813,-0.013253477402031422,-0.000000000011097766802747877,91.21591186523438
0.3251899778842926,0.0000000000000009027933379302877,0.0000004998279905521485,0.000000000009295104616557914,-0.0000018494167761673452,0,0,-0.0000015811835964996135,0.3163396716117859,-0.015816984698176384,-0.000000000010254024192246636,160.1793975830078
0.32519498467445374,0.0000000000000009435002590676717,0.0000004998199187866703,0.000000000008141388604943067,-0.0000016185942968149902,0,0,-0.000001812251753108285,0.36257508397102356,-0.018128754571080208,-0.000000000009247084001295924,133.99436950683594
0.32519999146461487,0.0000000000000009777949290361038,0.000000499813097576407,0.0000000000068589348610481604,-0.0000013620110621559434,0,0,-0.0000020144739210081752,0.40303993225097656,-0.020151996985077858,-0.000000000008092971605366817,120.93360900878906
0.325204998254776,0.000000000000001005135670265815,0.0000004998076974516152,0.000000000005468153273929799,-0.000001083750703401165,0,0,-0.0000021846340132469777,0.4370902180671692,-0.02185451053082943,-0.000000000006810055123984693,119.68881225585938
0.32521000504493713,0.0000000000000010250915547448895,0.0000004998037752557138,0.000000000003991178481460578,-0.0000007882420050009387,0,0,-0.0000023200273062684573,0.4641839861869812,-0.02320919930934906,-0.000000000005418753553504407,83.91373443603516
0.3252149820327759,0.0000000000000010373490744037248,0.0000004998013878321217,0.0000000000024515133846547688,-0.0000004801880777449696,0,0,-0.0000024185005713661667,0.48389002680778503,-0.02419450134038925,-0.000000000003941209771735066,214.7305145263672
0.325219988822937,0.0000000000000010417173291918337,0.0000004998005920242576,0.0000000000008736585131556562,-0.0000001644916665100027,0,0,-0.00000247848879553203,0.49589473009109497,-0.02479473687708378,-0.0000000000024009403406383134,118.56770324707031
0.32522499561309814,0.0000000000000010381310975722774,0.0000004998013878321217,-0.0000000000007172561698222391,0.0000001538182061722182,0,0,-0.0000024990029032778693,0.5,-0.02500000037252903,-0.0000000000008224583123925266,119.34598541259766
0.3252300024032593,0.0000000000000010266513659172583,0.000000499803718412295,-0.0000000000022959377454778718,0.00000046968000333436066,0,0,-0.0000024797873265924864,0.4961545467376709,-0.024807726964354515,0.000000000000769091008327033,120.00479888916016
0.325234979391098,0.0000000000000010074650108707643,0.0000004998075837647775,-0.0000000000038372655747354045,0.0000007780665782775031,0,0,-0.0000024211119580286322,0.4844125509262085,-0.024220628663897514,0.000000000002348399903359666,83.4097900390625
0.32523998618125916,0.0000000000000009808814112167801,0.0000004998129270461504,-0.000000000005316712348157893,0.0000010740698144218186,0,0,-0.0000023239097117766505,0.46496087312698364,-0.02324804477393627,0.00000000000389033293426988,218.24530029296875
0.3252449929714203,0.000000000000000947327789198077,0.0000004998196914129949,-0.000000000006710735266091117,0.000001352978642898961,0,0,-0.000002189726046708529,0.4381091296672821,-0.021905457600951195,0.0000000000053703491306733575,118.55364227294922
0.3252499997615814,0.0000000000000009073420107361617,0.0000004998277631784731,-0.00000000000799714895000081,0.0000016103542748169275,0,0,-0.0000020206941826472757,0.40428465604782104,-0.020214233547449112,0.000000000006764892899330244,119.97600555419922
0.32525500655174255,0.0000000000000008615645915578359,0.0000004998369718123286,-0.000000000009155479326061755,0.000001842100346038933,0,0,-0.0000018195020174971432,0.3640258014202118,-0.01820128969848156,0.00000000000805177105545063,119.83223724365234
0.3252599835395813,0.0000000000000008107281622229154,0.0000004998472036277235,-0.000000000010167289753171271,0.000002044528400801937,0,0,-0.0000015893480167505913,0.3179732859134674,-0.01589866541326046,0.000000000009210501285272787,83.6820068359375
0.32526499032974243,0.000000000000000755645821421205,0.0000004998582880944014,-0.000000000011016471589131438,0.0000022144170088722603,0,0,-0.000001333892555521743,0.26686006784439087,-0.013343003578484058,0.000000000010222642177204477,216.63778686523438
0.32526999711990356,0.0000000000000006971983245991718,0.0000004998700546821055,-0.000000000011689504399170492,0.000002349061787754181,0,0,-0.0000010571984603302553,0.2114996463060379,-0.01057498250156641,0.000000000011072085089047778,118.65211486816406
0.3252750039100647,0.0000000000000006363200020371963,0.0000004998822760171606,-0.000000000012175669326930372,0.0000024463199679303216,0,0,-0.0000007636670034116833,0.15277309715747833,-0.007638655137270689,0.00000000001174530871866919,119.14691162109375
0.32527998089790344,0.0000000000000005739838828334369,0.00000049989478156931,-0.000000000012467220832090842,0.000002504644044165616,0,0,-0.00000045796767267347605,0.09161510318517685,-0.0045807552523911,0.000000000012231599413881078,118.75074005126953
0.3252849876880646,0.0000000000000005111863424316608,0.0000004999074008082971,-0.000000000012559508121012808,0.0000025231054223695537,0,0,-0.00000014496448841327947,0.028999000787734985,-0.0014499500393867493,0.000000000012523220307980587,84.39530944824219
0.3252899944782257,0.000000000000000448931061934805,0.0000004999199063604465,-0.000000000012451053209294738,0.0000025014103357534623,0,0,0.00000017036160215866403,-0.034078631550073624,0.0017039316007867455,0.000000000012615526678860789,219.05804443359375
0.32529500126838684,0.000000000000000388213199176775,0.0000004999321276955015,-0.000000000012143571738454373,0.0000024399039375566645,0,0,0.0000004829920499105356,-0.09661388397216797,0.004830694291740656,0.000000000012507050950461007,116.89070892333984
0.3252999782562256,0.00000000000000033000345391512417,0.0000004999438374397869,-0.000000000011641946955076587,0.000002339565298825619,0,0,0.0000007879503982621827,-0.15761147439479828,0.007880574092268944,0.000000000012199519172639839,121.06537628173828
0.3253049850463867,0.0000000000000002752326888891054,0.0000004999548650630459,-0.000000000010954155117703923,0.0000022019914922566386,0,0,0.000001080381593965285,-0.21610060334205627,0.010805030353367329,0.000000000011697825867684752,119.40298461914063
0.32530999183654785,0.00000000000000022477702733375527,0.000000499965040035022,-0.000000000010091134525214152,0.0000020293716715968912,0,0,0.0000013556295925809536,-0.2711503803730011,0.01355751883238554,0.000000000011009956835117407,83.67500305175781
0.325314998626709,0.00000000000000017944395634560313,0.0000004999741349820397,-0.000000000009066615513919629,0.0000018244534203404328,0,0,0.0000016093108570203185,-0.3218846619129181,0.016094233840703964,0.000000000010146858180071217,220.65313720703125
0.3253200054168701,0.00000000000000013995946256978471,0.0000004999820930606802,-0.000000000007896900147685848,0.000001590498186487821,0,0,0.0000018373849570707534,-0.36749598383903503,0.018374798819422722,0.000000000009122267177752441,118.32919311523438
0.32532498240470886,0.00000000000000010695645167146641,0.0000004999887437406869,-0.000000000006600602876771777,0.000001331229441348114,0,0,0.0000020362192572065396,-0.40725845098495483,0.02036292292177677,0.000000000007952491096197,111.81929779052734
0.32532998919487,0.00000000000000008096467658470676,0.0000004999939733352221,-0.000000000005198354767477209,0.000001050773562383256,0,0,0.000002202646328441915,-0.4405391812324524,0.02202695980668068,0.000000000006656146987749079,128.94906616210938
0.32533499598503113,0.0000000000000000624023068876534,0.0000004999977250008669,-0.000000000003712474772044061,0.0000007535940085290349,0,0,0.0000023340146526606986,-0.4668085277080536,0.02334042638540268,0.000000000005253867653431943,84.26019287109375
0.32534000277519226,0.000000000000000051569231948303724,0.0000004999999418942025,-0.0000000000021666149777055388,0.00000044442063540373056,0,0,0.0000024282308004330844,-0.48564836382865906,0.024282418191432953,0.000000000003767969877083166,210.3934326171875
0.325344979763031,0.00000000000000004864231952523384,0.00000050000056717181,-0.0000000000005853825995986994,0.00000012817410777188343,0,0,0.000002483794105501147,-0.4967588782310486,0.02483794465661049,0.00000000000222210314385074,115.47344207763672
0.32534998655319214,0.00000000000000005367257688373621,0.0000004999996008336893,0.000000000001006051470429925,-0.00000019011237384347623,0,0,0.000002499818947399035,-0.4999632239341736,0.02499816194176674,0.0000000000006408705489034661,124.16190338134766
0.32535499334335327,0.00000000000000006658434677626429,0.0000004999970997232595,0.0000000000025823540354685814,-0.0000005053731229054392,0,0,0.0000024760502128629014,-0.4952104091644287,0.024760520085692406,-0.0000000000009505618948218997,127.53475189208984
0.3253600001335144,0.00000000000000008717651181740438,0.0000004999930638405203,0.000000000004118432591487808,-0.0000008125905424094526,0,0,0.0000024128662516886834,-0.48257607221603394,0.024128803983330727,-0.000000000002526865652482946,82.39268493652344
0.32536497712135315,0.0000000000000001151256874010401,0.0000004999875500288908,0.000000000005589835452152192,-0.0000011068752883147681,0,0,0.00000231127455663227,-0.4622613191604614,0.0231130663305521,-0.000000000004062952665279118,233.04591369628906
0.3253699839115143,0.00000000000000014999140315970943,0.0000004999806151317898,0.0000000000069731421158125695,-0.0000013835435765940929,0,0,0.0000021728931187681155,-0.4345894455909729,0.021729473024606705,-0.0000000000055343763426252135,118.3572006225586
0.3253749907016754,0.00000000000000019122307444280725,0.0000004999724296794739,0.000000000008246335038430974,-0.0000016381920886487933,0,0,0.0000019999267806269927,-0.4000008702278137,0.020000044256448746,-0.0000000000069177177007551105,112.57457733154297
0.32537999749183655,0.0000000000000002381688299880826,0.0000004999631073587807,0.000000000009389151782446259,-0.0000018667678887140937,0,0,0.0000017951314248421113,-0.359046071767807,0.01795230433344841,-0.00000000000819096006299258,118.53958892822266
0.3253850042819977,0.0000000000000002900858616054628,0.000000499952761856548,0.000000000010383405073255414,-0.0000020656329979829025,0,0,0.0000015617691815350554,-0.31237688660621643,0.015618844889104366,-0.000000000009333839257053,81.55276489257813
0.3253899812698364,0.0000000000000003461522429336458,0.0000004999416205464513,0.000000000011213275967481007,-0.000002231622602266725,0,0,0.0000013035572692388087,-0.2607360780239105,0.013036804273724556,-0.000000000010328164538886409,234.356689453125
0.32539498805999756,0.0000000000000004054800452158927,0.0000004999297971153283,0.000000000011865561484747378,-0.0000023620950742042623,0,0,0.0000010246078545605997,-0.20494551956653595,0.010247276164591312,-0.000000000011158112628306682,113.04544067382813
0.3253999948501587,0.0000000000000004671294589274452,0.0000004999175189368543,0.000000000012329887978668186,-0.0000024549735826440156,0,0,0.0000007293632506844006,-0.1458931416273117,0.007294657174497843,-0.000000000011810475340767734,116.1440200805664
0.3254050016403198,0.0000000000000005301238286103396,0.0000004999049565412861,0.000000000012598875935576626,-0.000002508779743948253,0,0,0.00000042252429466316244,-0.08451880514621735,0.004225940443575382,-0.00000000001227486775418063,129.51690673828125
0.32540997862815857,0.0000000000000005934651112246938,0.000000499892337302299,0.000000000012668252731551366,-0.000002522657723602606,0,0,0.00000010897585411839827,-0.02179931476712227,0.0010899658082053065,-0.00000000001254389821181423,84.12551879882813
0.3254149854183197,0.0000000000000006561497315466891,0.0000004998798317501496,0.000000000012536923756079066,-0.000002496386059647193,0,0,-0.00000020629120456305827,0.04126712679862976,-0.002063356339931488,-0.000000000012613288018215041,215.33160400390625
0.32541999220848083,0.0000000000000007171847022643474,0.0000004998676672585134,0.000000000012206989759289133,-0.000002430383574392181,0,0,-0.000000518259298587509,0.10367677360773087,-0.005183838773518801,-0.000000000012481929552443649,113.7785873413086
0.32542499899864197,0.0000000000000007756032411474964,0.0000004998560143576469,0.000000000011683710422760729,-0.000002325700279470766,0,0,-0.0000008219641358664376,0.16443635523319244,-0.008221818134188652,-0.000000000012151917493097297,122.72950744628906
0.3254300057888031,0.0000000000000008304803352781752,0.0000004998451004212257,0.000000000010975424562242875,-0.0000021840023691765964,0,0,-0.0000011125738410555641,0.22257885336875916,-0.011128942482173443,-0.000000000011628501113414291,120.5254898071289
0.32543498277664185,0.0000000000000008809474053085337,0.0000004998350391360873,0.000000000010093409615052895,-0.000002007544935622718,0,0,-0.0000013854652252121014,0.27717891335487366,-0.013858946040272713,-0.00000000001092001142288801,92.48982238769531
0.325439989566803,0.000000000000000926205963867107,0.0000004998260578759073,0.000000000009051709902452298,-0.0000017991362710745307,0,0,-0.000001636297724871838,0.32736754417419434,-0.016368377953767776,-0.000000000010037724124112302,147.6450653076172
0.3254449963569641,0.0000000000000009655404798717022,0.0000004998182703275234,0.000000000007866907646147947,-0.0000015620935300830752,0,0,-0.0000018610820688991225,0.3723459541797638,-0.01861729845404625,-0.000000000008995680936263462,129.83641052246094
0.32545000314712524,0.0000000000000009983297605346267,0.0000004998117901777732,0.000000000006557861892408923,-0.0000013001892966713058,0,0,-0.0000020562438294291496,0.4113982915878296,-0.02056991495192051,-0.000000000007810467550495304,120.5109634399414
0.325454980134964,0.0000000000000010240567981207,0.0000004998066742700757,0.000000000005145406670181707,-0.0000010175917850574479,0,0,-0.00000221867981053947,0.44390302896499634,-0.022195151075720787,-0.000000000006500946482523862,120.19230651855469
0.3254599869251251,0.0000000000000010423169226393713,0.0000004998030931346875,0.000000000003652019658906269,-0.0000007187989012891194,0,0,-0.0000023458067062165355,0.46934282779693604,-0.02346714213490486,-0.000000000005087958700189521,86.61758422851563
0.32546499371528625,0.0000000000000010528242604709425,0.0000004998010467716085,0.000000000002101465702841754,-0.00000040856593841454014,0,0,-0.000002435604301354033,0.48731279373168945,-0.024365639314055443,-0.000000000003593994459677452,195.27435302734375
0.3254700005054474,0.0000000000000010554163930477775,0.0000004998005920242576,0.0000000000005184184245082823,-0.00000009183042948279763,0,0,-0.0000024866449166438542,0.49752694368362427,-0.024876346811652184,-0.0000000000020428296641089583,118.75074005126953
0.32547497749328613,0.0000000000000010500566861949075,0.0000004998017288926349,-0.0000000000010719320396590515,0.00000022636658059127512,0,0,-0.000002498116828064667,0.4998227059841156,-0.02499113604426384,-0.000000000000459152139052621,116.76786804199219
0.32547998428344727,0.0000000000000010368352430420967,0.0000004998044573767402,-0.0000000000026442797604331325,0.0000005409608547779499,0,0,-0.0000024698379093024414,0.49416354298591614,-0.024708177894353867,0.0000000000011318329086462686,123.04663848876953
0.3254849910736084,0.0000000000000010159672099579477,0.0000004998086637897359,-0.000000000004173604604279513,0.00000084694545421371,0,0,-0.0000024022576781135285,0.4806395173072815,-0.024031976237893105,0.0000000000027048042625099633,84.01243591308594
0.32548999786376953,0.0000000000000009877893884181125,0.000000499814348131622,-0.0000000000056355705692345825,0.0000011394505463613314,0,0,-0.0000022964504751143977,0.459465891122818,-0.02297329530119896,0.0000000000042347271522746865,234.6866912841797
0.32549500465393066,0.0000000000000009527548351702538,0.0000004998213967155607,-0.00000000000700691197771941,0.0000014138207689029514,0,0,-0.0000021540981833823025,0.4309796392917633,-0.021548982709646225,0.000000000005697252565550759,114.69205474853516
0.3254999816417694,0.0000000000000009114257683331115,0.0000004998297526981332,-0.0000000000082658047073636,0.0000016656891830280074,0,0,-0.000001977464080482605,0.39563411474227905,-0.019781706854701042,0.0000000000070691035490566545,118.6802749633789
0.32550498843193054,0.0000000000000008644647264901162,0.0000004998391887056641,-0.00000000000939221270201962,0.0000018910474182121106,0,0,-0.0000017693566860543797,0.35399189591407776,-0.017699595540761948,0.000000000008328445572081122,124.95314025878906
0.3255099952220917,0.0000000000000008126237160797521,0.0000004998496478947345,-0.000000000010368204558797167,0.000002086308768411982,0,0,-0.0000015330851965700276,0.3067156970500946,-0.01533578522503376,0.000000000009455236940625333,81.63265228271484
0.3255150020122528,0.0000000000000007567325117529731,0.000000499860902891669,-0.000000000011178244094245393,0.0000022483652628579875,0,0,-0.0000012724070757030859,0.2545579671859741,-0.012727898545563221,0.00000000001043154364971377,228.83294677734375
0.32551997900009155,0.000000000000000697685368543843,0.0000004998727831662109,-0.000000000011809431904596934,0.0000023746381430100882,0,0,-0.000000991468368738424,0.19834883511066437,-0.009917441755533218,0.000000000011241826046448633,119.68881225585938
0.3255249857902527,0.0000000000000006364267811281095,0.0000004998851181881037,-0.000000000012251715267308505,0.000002463117425577366,0,0,-0.0000006947375936761091,0.1389828771352768,-0.006949143949896097,0.000000000011873190798594724,119.30326843261719
0.3255299925804138,0.0000000000000005739365548675091,0.0000004998976805836719,-0.000000000012498046000897212,0.000002512394758014125,0,0,-0.0000003869357954044972,0.0774049460887909,-0.003870247397571802,0.000000000012315586918332233,121.06537628173828
0.32553499937057495,0.0000000000000005112140827606834,0.000000499910299822659,-0.00000000001254449322196649,0.000002521686155887437,0,0,-0.00000007296046788951571,0.01459508016705513,-0.000729754043277353,0.000000000012561973163072171,80.81461334228516
0.3255400061607361,0.0000000000000004492625165149775,0.0000004999227485313895,-0.000000000012390309264698196,0.0000024908438263082644,0,0,0.0000002421919020889618,-0.04844707250595093,0.002422353718429804,0.000000000012608430792482306,220.65313720703125
0.32554498314857483,0.0000000000000003890728317391197,0.0000004999348561796069,-0.000000000012037936619746503,0.0000024203584416682133,0,0,0.0000005535053446692473,-0.11071816831827164,0.005535908509045839,0.000000000012454219079638396,122.8199462890625
0.32554998993873596,0.00000000000000033160794607546063,0.0000004999463953936356,-0.000000000011492974974491865,0.000002311351863681921,0,0,0.0000008560240871702263,-0.1712271273136139,0.00856135692447424,0.00000000001210179179089721,120.04801940917969
0.3255549967288971,0.000000000000000277787499076702,0.0000004999571956432192,-0.000000000010764089272696786,0.0000021655589534930186,0,0,0.000001144931957242079,-0.2290109246969223,0.01145054679363966,0.000000000011556759021980056,120.20675659179688
0.3255600035190582,0.0000000000000002284731350084382,0.0000004999671432415198,-0.00000000000986287267135122,0.0000019853002868330805,0,0,0.0000014156282759358874,-0.2831498980522156,0.014157495461404324,0.00000000001082779439026682,81.26777648925781
0.325564980506897,0.00000000000000018445481797310236,0.0000004999760108148621,-0.000000000008803662659984113,0.000001773444409991498,0,0,0.0000016638027773296926,-0.33278241753578186,0.016639120876789093,0.00000000000992650146108831,233.10023498535156
0.3255699872970581,0.00000000000000014643824552976545,0.0000004999836846764083,-0.000000000007603315546611533,0.0000015333632745750947,0,0,0.000001885502229015401,-0.3771185278892517,0.018855927512049675,0.000000000008867222060782165,119.00511932373047
0.32557499408721924,0.000000000000000115033585802916,0.0000004999900511393207,-0.000000000006280931504065723,0.0000012688778951996937,0,0,0.0000020771954041265417,-0.41545259952545166,0.020772630348801613,0.000000000007666815966811402,120.1201171875
0.32558000087738037,0.0000000000000000907457895431258,0.0000004999949965167616,-0.0000000000048575587996424474,0.0000009841976407187758,0,0,0.0000022358283331413986,-0.4471745491027832,0.02235872857272625,0.000000000006344389423540431,112.99434661865234
0.3255849778652191,0.00000000000000007396652346171624,0.0000004999984071218933,-0.000000000003355852921937963,0.0000006838535000497359,0,0,0.000002358873871344258,-0.4717794954776764,0.02358897589147091,0.000000000004920988096179801,86.50518798828125
0.32558998465538025,0.00000000000000006496793659766217,0.0000005000002829547157,-0.0000000000017997178183501439,0.00000037262546470628877,0,0,0.000002444371375531773,-0.4888758361339569,0.024443792179226875,0.000000000003419267473325771,220.26431274414063
0.3255949914455414,0.0000000000000000638983126562923,0.00000050000056717181,-0.00000000000021392431012387525,0.00000005546692705138412,0,0,0.0000024909586500143632,-0.4981914758682251,0.024909574538469315,0.0000000000018631272739877414,117.2745361328125
0.3255999982357025,0.00000000000000007077973405123934,0.0000004999992597731762,0.0000000000013762840693487544,-0.0000002625743888984289,0,0,0.000002497893547115382,-0.4995781481266022,0.02497890777885914,0.0000000000002773346331232107,117.068603515625
0.32560500502586365,0.0000000000000000855076980926358,0.0000004999963607588143,0.000000000002945593421954662,-0.0000005764367188021424,0,0,0.000002465065335854888,-0.49301379919052124,0.02465069107711315,-0.0000000000013128719032057257,124.10027313232422
0.3256099820137024,0.00000000000000010785281105300847,0.0000004999919269721431,0.000000000004469022374387066,-0.0000008811248335405253,0,0,0.000002392996975686401,-0.47860288619995117,0.023930145427584648,-0.0000000000028821834242159783,83.86447143554688
0.3256149888038635,0.00000000000000013746442114452877,0.0000004999860721000005,0.000000000005922321660856156,-0.0000011717893357854337,0,0,0.000002282836931044585,-0.45657476782798767,0.022828739136457443,-0.000000000004405623869191411,217.67523193359375
0.32561999559402466,0.0000000000000001738762102599536,0.0000004999788529858051,0.00000000000728235874380978,-0.0000014438041944231372,0,0,0.000002136340754077537,-0.4272800385951996,0.02136400155723095,-0.000000000005858946574427426,117.79950714111328
0.3256250023841858,0.00000000000000021651363859813834,0.0000004999703833163949,0.000000000008527486008991225,-0.000001692840214673197,0,0,0.0000019558417534426553,-0.39118492603302,0.01955924741923809,-0.000000000007219020953935784,119.5743179321289
0.32562997937202454,0.0000000000000002647030899728892,0.0000004999608336220263,0.000000000009637887710134407,-0.0000019149338186252862,0,0,0.0000017442163198211347,-0.3488639295101166,0.01744319684803486,-0.000000000008464200694502377,120.22120666503906
0.32563498616218567,0.00000000000000031768256560392233,0.000000499950317589537,0.000000000010595895688636503,-0.0000021065502551209647,0,0,0.0000015048350405777455,-0.30099058151245117,0.015049529261887074,-0.000000000009574669182499385,83.82229614257813
0.3256399929523468,0.00000000000000037461389992015,0.0000004999390057491837,0.000000000011386265194590628,-0.0000022646399884251878,0,0,0.0000012415107448759954,-0.24832682311534882,0.012416341342031956,-0.00000000001053275088674921,217.9123992919922
0.32564499974250793,0.00000000000000043459603515415084,0.0000004999270686312229,0.000000000011996424686966378,-0.0000023866869014455006,0,0,0.000000958437226472597,-0.19171082973480225,0.009585541673004627,-0.000000000011323199322621491,116.10356140136719
0.32565000653266907,0.000000000000000496679367962714,0.0000004999147336093301,0.000000000012416671857362616,-0.000002470748313498916,0,0,0.0000006601219411095371,-0.13204365968704224,0.006602182984352112,-0.000000000011933434275468446,122.53400421142578
0.3256549835205078,0.0000000000000005598809960198896,0.0000004999021712137619,0.000000000012640326285673353,-0.0000025154868126264773,0,0,0.00000035131486697537184,-0.0702749565243721,0.003513747826218605,-0.000000000012353741293824605,118.962646484375
0.32565999031066895,0.0000000000000006232001498984968,0.0000004998895519747748,0.000000000012663836992943267,-0.000002520189809729345,0,0,0.000000036931709246346145,-0.007387787103652954,0.0003693893668241799,-0.000000000012577433886051814,83.8433837890625
0.3256649971008301,0.00000000000000068563436610546,0.0000004998771032660443,0.000000000012486841421965877,-0.000002484783180989325,0,0,-0.00000027802337854154757,0.05561695620417595,-0.0027808479499071836,-0.000000000012600948930130418,218.24530029296875
0.3256700038909912,0.0000000000000007461952101308928,0.0000004998650524612458,0.000000000012112167172007027,-0.0000024098299036268145,0,0,-0.0000005885380005565821,0.11773653328418732,-0.005886826664209366,-0.000000000012423915195236557,117.9106216430664
0.32567498087882996,0.0000000000000008039241583158584,0.0000004998535700906359,0.000000000011545785161271027,-0.0000022965227799431887,0,0,-0.0000008896712415662478,0.17798228561878204,-0.008899114094674587,-0.00000000001204914900493348,119.07597351074219
0.3256799876689911,0.0000000000000008579077385663023,0.0000004998428266844712,0.000000000010796717686556434,-0.0000021466653379320633,0,0,-0.0000011766320540118613,0.23539535701274872,-0.011769767850637436,-0.000000000011482613471169856,121.27091979980469
0.3256849944591522,0.0000000000000009072922475505106,0.0000004998329927730083,0.00000000000987689444120754,-0.000001962642727448838,0,0,-0.0000014448556839852245,0.2890619933605194,-0.014453100040555,-0.000000000010733326553935552,83.3055648803711
0.32569000124931335,0.0000000000000009512969855889107,0.0000004998242388865037,0.000000000008800958226085065,-0.0000017473837488068966,0,0,-0.0000016900756918403204,0.33812806010246277,-0.01690640300512314,-0.00000000000981321360976617,219.78021240234375
0.3256949782371521,0.0000000000000009892271209669583,0.0000004998167355552141,0.000000000007586037700790804,-0.0000015043142411741428,0,0,-0.0000019083922779827844,0.3818126618862152,-0.01909063383936882,-0.000000000008736918306884167,118.6802749633789
0.32569998502731323,0.000000000000001020484436665655,0.0000004998105396225583,0.000000000006251469827911471,-0.000001237302967638243,0,0,-0.0000020963339011359494,0.4194205105304718,-0.02097102627158165,-0.000000000007521571039614816,119.0617904663086
0.32570499181747437,0.0000000000000010445769124217642,0.000000499805764775374,0.000000000004818494561686926,-0.0000009505993148195557,0,0,-0.0000022509123027703026,0.45035308599472046,-0.022517655044794083,-0.0000000000061865148420769955,117.19207763671875
0.3257099986076355,0.0000000000000010611264539034555,0.0000004998025247004989,0.0000000000033099159264110556,-0.0000006487663313237135,0,0,-0.0000023696695734543027,0.47411808371543884,-0.02370590530335903,-0.000000000004752996607404469,85.38980102539063
0.32571500539779663,0.00000000000000106987513957829,0.0000004998008193979331,0.0000000000017497403265870348,-0.000000336607968165481,0,0,-0.00000245071805693442,0.4903372526168823,-0.024516863748431206,-0.000000000003243831635593719,214.50021362304688
0.3257199823856354,0.0000000000000010706891382406014,0.0000004998007057110954,0.00000000000016279447408173997,-0.000000019092311731583322,0,0,-0.000002492768771844567,0.4987524449825287,-0.024937622249126434,-0.0000000000016830397752548576,116.76786804199219
0.3257249891757965,0.0000000000000010635608265938644,0.0000004998021836399857,-0.0000000000014256698035661208,0.0000002987272011978348,0,0,-0.0000024951539216999663,0.49922975897789,-0.02496148832142353,-0.000000000000095461555056197,121.787841796875
0.32572999596595764,0.000000000000001048608895129813,0.0000004998052531846042,-0.0000000000029903761758487413,0.0000006117923021520255,0,0,-0.0000024578350803494686,0.49176156520843506,-0.024588078260421753,0.0000000000014936359440942404,119.76048278808594
0.3257350027561188,0.0000000000000010260767599416646,0.0000004998098006581131,-0.000000000004506426481976078,0.0000009151204949375824,0,0,-0.000002381405920459656,0.47646674513816833,-0.023823337629437447,0.0000000000030589615042375673,82.9737777709961
0.3257399797439575,0.0000000000000009963283275593831,0.0000004998158260605123,-0.000000000005949694729945332,0.0000012038840395689476,0,0,-0.000002267080844831071,0.45358872413635254,-0.022679436951875687,0.000000000004575602483708474,224.5172882080078
0.32574498653411865,0.0000000000000009598422774772858,0.0000004998232157049642,-0.000000000007297214048296308,0.0000014734871456312248,0,0,-0.0000021166781607462326,0.42349162697792053,-0.021174581721425056,0.0000000000060194202053387436,116.7406005859375
0.3257499933242798,0.0000000000000009172045447366356,0.0000004998317990612122,-0.000000000008527538918057243,0.0000017196389308082871,0,0,-0.000001932588702402427,0.38665443658828735,-0.019332721829414368,0.000000000007367435654603849,121.34449768066406
0.3257550001144409,0.0000000000000008690991084423405,0.0000004998415192858374,-0.000000000009621086045907834,0.000001938421974045923,0,0,-0.0000017177393374367966,0.34366345405578613,-0.017183173447847366,0.000000000008598194205233778,117.12345123291016
0.32575997710227966,0.0000000000000008162968744555204,0.0000004998521490051644,-0.000000000010560447481766655,0.0000021263540475047193,0,0,-0.0000014755466963833896,0.29520291090011597,-0.014760145917534828,0.000000000009692109961823014,84.8104476928711
0.3257649838924408,0.0000000000000007596434992948901,0.0000004998635745323554,-0.000000000011330669909270785,0.000002280444277857896,0,0,-0.0000012098624893042143,0.24204406142234802,-0.012102203443646431,0.000000000010631769770119703,218.9141845703125
0.32576999068260193,0.0000000000000007000460493678407,0.000000499875568493735,-0.000000000011919487098721593,0.000002398239757894771,0,0,-0.0000009249122854271263,0.1850329488515854,-0.009251647628843784,0.000000000011402221181122663,117.45360565185547
0.32577499747276306,0.0000000000000006384584425916582,0.0000004998879603590467,-0.000000000012317521135007947,0.000002477866019034991,0,0,-0.0000006252291200325999,0.12507694959640503,-0.006253847386687994,0.000000000011991198832494998,109.87803649902344
0.3257800042629242,0.0000000000000005758663076795912,0.0000004999005227546149,-0.000000000012518426399654725,0.000002518056135158986,0,0,-0.0000003155807348775852,0.06313029676675797,-0.0031565148383378983,0.000000000012389330013296007,133.20899963378906
0.32578498125076294,0.0000000000000005132713140313272,0.000000499913141993602,-0.000000000012518995388954846,0.0000025181698219967075,0,0,-0.0000000008942963591884734,0.00017889485752675682,-0.000008944743058236782,0.00000000001259028038075316,88.51123809814453
0.3257899880409241,0.0000000000000004516752369256721,0.0000004999255338589137,-0.000000000012319210755673549,0.0000024782057153061032,0,0,0.00000031382222687170724,-0.06277535110712051,0.0031387675553560257,0.000000000012590848502691543,160.59097290039063
0.3257949948310852,0.00000000000000039206402271322986,0.0000004999375278202933,-0.000000000011922240104877968,0.0000023988000066310633,0,0,0.0000006235595719772391,-0.12473049014806747,0.006236524786800146,0.000000000012391028307578988,132.22265625
0.32580000162124634,0.0000000000000003353920657673192,0.0000004999489533474843,-0.000000000011334394360573707,0.0000022812159841123503,0,0,0.0000009233870059688343,-0.18470048904418945,0.009235024452209473,0.000000000011993999543546963,121.52144622802734
0.3258049786090851,0.0000000000000002825669618909232,0.0000004999595830668113,-0.00000000001056502021284933,0.000002127325387846213,0,0,0.0000012085311027476564,-0.24173088371753693,0.012086544185876846,0.000000000011406079206133235,119.033447265625
0.3258099853992462,0.00000000000000023443518816592443,0.0000004999693032914365,-0.000000000009626356135827852,0.0000019395774870645255,0,0,0.000001474450868954591,-0.29491400718688965,0.014745700173079967,0.000000000010636626995852438,83.01510620117188
0.32581499218940735,0.00000000000000019176851072127981,0.0000004999778866476845,-0.000000000008533336363913957,0.0000017209599718626123,0,0,0.000001716911810945021,-0.3434034585952759,0.017170174047350883,0.000000000009697887458359755,223.2142791748047
0.3258199989795685,0.00000000000000015525174245995465,0.0000004999852762921364,-0.00000000000730335323467779,0.0000014749525689694565,0,0,0.0000019320518731547054,-0.38642746210098267,0.019321372732520103,0.000000000008604800032230298,113.86927795410156
0.3258250057697296,0.00000000000000012547182427483696,0.0000004999913016945357,-0.000000000005955983102545748,0.0000012054706530761905,0,0,0.000002116443965860526,-0.4233012795448303,0.021165063604712486,0.000000000007374762259204637,124.6261215209961
0.32582998275756836,0.0000000000000001029084745990932,0.0000004999959060114634,-0.0000000000045126697517661185,0.0000009168030032924435,0,0,0.0000022671508759231074,-0.45343804359436035,0.022671902552247047,0.0000000000060273530957943855,119.97600555419922
0.3258349895477295,0.00000000000000008792653963986336,0.0000004999989755560819,-0.000000000002996386992693001,0.000000613544045791059,0,0,0.000002381771082582418,-0.4763581156730652,0.02381790615618229,0.000000000004584015025205224,82.9324951171875
0.3258399963378906,0.0000000000000000807701832616384,0.0000005000004534849722,-0.0000000000014312709004093982,0.00000030052018473725184,0,0,0.000002458478547850973,-0.49169671535491943,0.024584835395216942,0.000000000003067720123067774,221.38587951660156
0.32584500312805176,0.00000000000000008155900254610366,0.0000005000003397981345,0.00000000000015776442652271072,-0.000000017286595266341465,0,0,0.00000249605091084959,-0.4992097318172455,0.024960486218333244,0.0000000000015026008865978713,118.55364227294922
0.3258499801158905,0.00000000000000009028612196800763,0.0000004999986913389876,0.0000000000017454239008979355,-0.00000033481825312264846,0,0,0.0000024938894966908265,-0.4987775683403015,0.024938879534602165,-0.00000000000008643297666130478,113.07100677490234
0.32585498690605164,0.00000000000000010681829265683535,0.0000004999954512641125,0.00000000000330643433639477,-0.000000647021124677849,0,0,0.000002452029320920701,-0.4904071092605591,0.024520356208086014,-0.0000000000016740912042040312,128.1558380126953
0.32585999369621277,0.00000000000000013089802321406642,0.000000499990733260347,0.000000000004815946252900716,-0.0000009489262993156444,0,0,0.0000023711361336609116,-0.4742315709590912,0.02371157892048359,-0.0000000000032351055428286868,83.70301818847656
0.3258650004863739,0.00000000000000016214768914645812,0.0000004999845373276912,0.000000000006249932862911756,-0.0000012357288596831495,0,0,0.000002252500280519598,-0.4505084156990051,0.022525420412421227,-0.00000000000474463133712244,216.731689453125
0.32586997747421265,0.00000000000000020007553488857015,0.0000004999770339964016,0.000000000007585568458090552,-0.0000015028642792458413,0,0,0.0000020980110093660187,-0.4196152091026306,0.02098076045513153,-0.00000000000617864396798562,117.60555267333984
0.3258749842643738,0.00000000000000024408350224008175,0.000000499968280109897,0.000000000008801595736962486,-0.000001746080897646607,0,0,0.0000019101303223578725,-0.38204360008239746,0.019102180376648903,-0.000000000007514321630208709,119.97600555419922
0.3258799910545349,0.0000000000000002934767991911178,0.0000004999584461984341,0.000000000009878661257067822,-0.0000019615076780610252,0,0,0.0000016918505707508302,-0.33839157223701477,0.016919579356908798,-0.000000000008730404420231874,108.24853515625
0.32588499784469604,0.0000000000000003474749378203426,0.0000004999477027922694,0.000000000010799625950463909,-0.0000021457162802107632,0,0,0.000001446649093850283,-0.2893538773059845,0.014467693865299225,-0.000000000009807538461914511,99.72077941894531
0.3258900046348572,0.0000000000000004052241353867035,0.0000004999362204216595,0.000000000011549838342672647,-0.0000022957747205509804,0,0,0.0000011784316029661568,-0.2357109785079956,0.011785549111664295,-0.000000000010728581217867017,151.35462951660156
0.3258949816226959,0.0000000000000004658109462659255,0.000000499924169616861,0.000000000012117365270902791,-0.000002409294665994821,0,0,0.0000008914693125916529,-0.1783166080713272,0.00891583040356636,-0.00000000001147887340735565,132.81976318359375
0.32589998841285706,0.0000000000000005282768732688516,0.0000004999117209081305,0.00000000001249318270363231,-0.0000024844694053172134,0,0,0.0000005903316946387349,-0.11808424443006516,0.005904212128371,-0.000000000012046473193971785,119.18951416015625
0.3259049952030182,0.0000000000000005916334554158156,0.0000004998991016691434,0.000000000012671317987933417,-0.000002520102498237975,0,0,0.00000027981312200608954,-0.05597250908613205,0.002798625500872731,-0.000000000012422347005214274,120.61270904541016
0.3259100019931793,0.0000000000000006548781762741828,0.0000004998865392735752,0.000000000012648945259263744,-0.0000025156268748105504,0,0,-0.00000003514315594088657,0.007030049804598093,-0.00035150250187143683,-0.000000000012600511779814472,84.86082458496094
0.32591497898101807,0.0000000000000007170103193563314,0.0000004998742042516824,0.000000000012426430544276723,-0.000002471113930369029,0,0,-0.00000034952424243783753,0.06992071866989136,-0.003496035933494568,-0.000000000012578133846974371,211.6402130126953
0.3259199857711792,0.0000000000000007770469558665322,0.0000004998622671337216,0.000000000012007326556651154,-0.0000023872721612860914,0,0,-0.000000658327167002426,0.13169856369495392,-0.006584928371012211,-0.000000000012355569692368285,118.76484680175781
0.32592499256134033,0.0000000000000008340385089313537,0.0000004998509552933683,0.000000000011398311981769549,-0.000002265435796289239,0,0,-0.0000009566382459524903,0.1913803666830063,-0.0095690181478858,-0.00000000001193636075397242,118.65211486816406
0.32592999935150146,0.0000000000000008870839472531543,0.0000004998404392608791,0.000000000010609087393309569,-0.0000021075438780826516,0,0,-0.0000012397117643558886,0.24801626801490784,-0.012400813400745392,-0.000000000011327178778275382,119.70313262939453
0.3259350061416626,0.0000000000000009353450258515073,0.0000004998308327230916,0.00000000000965221912813119,-0.0000019161093405273277,0,0,-0.0000015030445865704678,0.30070486664772034,-0.015035243704915047,-0.000000000010537719134784407,82.74720764160156
0.32593998312950134,0.0000000000000009780597327112392,0.0000004998223630536813,0.00000000000854294152780044,-0.0000016941787635005312,0,0,-0.000001742448262120888,0.34860759973526,-0.017430379986763,-0.000000000009580546425635994,220.50717163085938
0.3259449899196625,0.0000000000000010145542531228091,0.000000499815143939486,0.000000000007298912342579289,-0.0000014452846244239481,0,0,-0.0000019541157598723657,0.39096206426620483,-0.01954810321331024,-0.000000000008470893257672696,114.0380859375
0.3259499967098236,0.000000000000001044253875231505,0.0000004998092890673433,0.000000000005939931706222534,-0.000001173388000097475,0,0,-0.0000021346813809941523,0.4270941913127899,-0.021354710683226585,-0.000000000007226423019007777,124.45550537109375
0.32595500349998474,0.0000000000000010666919897625083,0.0000004998048552806722,0.000000000004487627283666917,-0.0000008828163231555664,0,0,-0.0000022812739643995883,0.4564288854598999,-0.022821445018053055,-0.000000000005866939746523858,120.3948974609375
0.3259599804878235,0.000000000000001081517501559182,0.0000004998019562663103,0.0000000000029651110126233116,-0.0000005781942604698997,0,0,-0.0000023915627025417052,0.47849929332733154,-0.023924965411424637,-0.000000000004414081513498536,81.75277709960938
0.3259649872779846,0.0000000000000010885005470554648,0.0000004998006488676765,0.0000000000013966108000987298,-0.0000002643698735482758,0,0,-0.0000024637945443828357,0.49295416474342346,-0.024647708982229233,-0.0000000000028909713165048423,232.07240295410156
0.32596999406814575,0.000000000000001087535988286779,0.0000004998009330847708,-0.00000000000019291480305577702,0.00000005366206323742517,0,0,-0.000002496821025488316,0.49956342577934265,-0.024978172034025192,-0.0000000000013218493140343401,118.94849395751953
0.3259750008583069,0.0000000000000010786451069559242,0.0000004998028089175932,-0.0000000000017781728780391637,0.0000003708399276547425,0,0,-0.0000024901175947888987,0.49822187423706055,-0.024911094456911087,0.00000000000026831030344558193,119.00511932373047
0.32597997784614563,0.0000000000000010619753926748412,0.0000004998062195227249,-0.0000000000033339379434255134,0.0000006821157398917421,0,0,-0.00000244379020841734,0.4889508783817291,-0.024447543546557426,0.0000000000018541995196186267,122.11503601074219
0.32598498463630676,0.000000000000001037798107744888,0.0000004998111080567469,-0.000000000004835453652068944,0.0000009825353117776103,0,0,-0.0000023585755570820766,0.47189798951148987,-0.023594899103045464,0.0000000000034105786771154722,83.73806762695313
0.3259899914264679,0.0000000000000010065039461129859,0.0000004998174176762404,-0.00000000000625882635649222,0.0000012673174296651268,0,0,-0.000002235828105767723,0.4473346173763275,-0.022366730496287346,0.0000000000049126766023255275,219.2021026611328
0.32599499821662903,0.000000000000000968596892382751,0.0000004998250915377866,-0.000000000007581403387024732,0.0000015319294561777497,0,0,-0.0000020774994027306093,0.41565167903900146,-0.020782584324479103,0.000000000006336587071026356,119.2463607788086
0.32600000500679016,0.000000000000000924686175001496,0.0000004998339591111289,-0.000000000008782136476370717,0.0000017721602034725947,0,0,-0.0000018861071566789178,0.3773534297943115,-0.018867671489715576,0.000000000007659647222046928,126.50221252441406
0.3260049819946289,0.000000000000000875476631260455,0.0000004998439067094296,-0.000000000009841913742314468,0.0000019841861558234086,0,0,-0.00000166469408213743,0.3330494165420532,-0.01665247045457363,0.000000000008860800981835837,123.16787719726563
0.32600998878479004,0.0000000000000008217573252895544,0.0000004998547069590131,-0.000000000010743864131690373,0.000002164632633139263,0,0,-0.0000014167814015308977,0.28344476222991943,-0.014172238297760487,0.000000000009920930396645211,81.03070831298828
0.32601499557495117,0.0000000000000007643891602005599,0.0000004998662461730419,-0.000000000011473629338287772,0.0000023106279058993096,0,0,-0.0000011463115470178309,0.2293289452791214,-0.01146644726395607,0.000000000010823162678585962,206.91082763671875
0.3260200023651123,0.0000000000000007042912196808017,0.0000004998783538212592,-0.00000000001201958671481762,0.0000024198486698878696,0,0,-0.0000008575867695981287,0.1715632528066635,-0.008578162640333176,0.000000000011553139521447431,115.91515350341797
0.32602497935295105,0.0000000000000006424260507957157,0.0000004998908025299897,-0.000000000012373038357771371,0.0000024905559712351533,0,0,-0.0000005552000743591634,0.1110670417547226,-0.005553352180868387,0.000000000012099242614749262,119.33174133300781
0.3260299861431122,0.0000000000000005797843115166752,0.0000004999034217689768,-0.00000000001252834988529905,0.0000025216252197424183,0,0,-0.0000002439624324779288,0.04880314692854881,-0.0024401573464274406,0.000000000012452779259153335,121.12403106689453
0.3260349929332733,0.0000000000000005173691006114659,0.0000004999159841645451,-0.000000000012483038908106536,0.0000025125611955445493,0,0,0.00000007117364475561772,-0.014237480238080025,0.0007118740468285978,0.000000000012608125481150534,82.31807708740234
0.32603999972343445,0.0000000000000004561800228369665,0.0000004999283191864379,-0.000000000012237818397542455,0.000002463508508299128,0,0,0.00000038519283407367766,-0.07705151289701462,0.003852575784549117,0.00000000001256280583034064,223.5635986328125
0.3260450065135956,0.00000000000000039719712178292973,0.0000004999401994609798,-0.000000000011796579338363422,0.000002375247959207627,0,0,0.000000693096751547273,-0.13863922655582428,0.006931961514055729,0.000000000012317541951689659,118.09163665771484
0.3260499835014343,0.00000000000000034136544799047495,0.0000004999514544579142,-0.000000000011166336952306288,0.000002249184262836934,0,0,0.0000009899837323246174,-0.19802042841911316,0.009901021607220173,0.000000000011876239575103753,120.70005798339844
0.32605499029159546,0.00000000000000028957989176837636,0.0000004999619136469846,-0.000000000010357112736891771,0.0000020873237644991605,0,0,0.000001271126734536665,-0.25425001978874207,0.012712500989437103,0.000000000011245920861213676,119.68881225585938
0.3260599970817566,0.0000000000000002426709953911964,0.0000004999713496545155,-0.000000000009381780075035095,0.0000018922424942502403,0,0,0.0000015320488273573574,-0.3064331114292145,0.015321656130254269,0.00000000001043661858324274,83.87150573730469
0.3260650038719177,0.00000000000000020139170497459512,0.000000499979705637088,-0.000000000008255857802952349,0.0000016670452396283508,0,0,0.000001768594529494294,-0.3537391722202301,0.017686959356069565,0.000000000009461212195638335,216.91973876953125
0.32606998085975647,0.00000000000000016640539290006047,0.0000004999867542210268,-0.000000000006997262578384289,0.000001415315978192666,0,0,0.000001976996372832218,-0.3954153060913086,0.01977076567709446,0.000000000008335225738786978,117.71630096435547
0.3260749876499176,0.00000000000000013827526990306755,0.0000004999924385629129,-0.00000000000562602525330802,0.0000011410612614781712,0,0,0.0000021539340195886325,-0.430798202753067,0.02153990976512432,0.0000000000070765797735572455,119.26058197021484
0.32607999444007874,0.00000000000000011745541181779366,0.0000004999967018193274,-0.0000000000041639716848174135,0.0000008486460387757688,0,0,0.0000022965889456827426,-0.45932474732398987,0.022966237738728523,0.000000000005705306019287981,121.16806030273438
0.32608500123023987,0.00000000000000010428354656217686,0.0000004999994303034327,-0.000000000002634372754661829,0.000000542724194474431,0,0,0.000002402688778602169,-0.4805409014225006,0.02402704581618309,0.000000000004243229899392187,84.26019287109375
0.3260899782180786,0.00000000000000009897566092032209,0.00000050000056717181,-0.000000000001061576607869208,0.0000002281646516166802,0,0,0.0000024705423129489645,-0.49410900473594666,0.024705450981855392,0.0000000000027136209945766154,205.1702880859375
0.32609498500823975,0.00000000000000010162255947115297,0.0000005000001124244591,0.0000000000005293797084721108,-0.00000009002624778986501,0,0,0.000002499068386896397,-0.49981310963630676,0.024990655481815338,0.0000000000011408232214807357,120.62725830078125
0.3260999917984009,0.0000000000000001121884153679786,0.0000004999980660613801,0.000000000002113170532655473,-0.0000004067843519806047,0,0,0.000002487812935214606,-0.4975624680519104,0.02487812377512455,-0.0000000000004501312246118355,119.77482604980469
0.326104998588562,0.00000000000000013051133943875503,0.0000004999944849259919,0.000000000003664584261042769,-0.0000007170682465584832,0,0,0.0000024369549009861657,-0.4873928725719452,0.02436964400112629,-0.000000000002033921642219383,119.21793365478516
0.32611000537872314,0.00000000000000015630596760704123,0.0000004999894258617132,0.000000000005158925370229994,-0.0000010159396879316773,0,0,0.0000023473050987377064,-0.4694661796092987,0.023473309352993965,-0.0000000000035853412252984107,84.44519805908203
