Timestamp,X Position,Y Position,X Velocity,Y Velocity,Rotation,Rotation Velocity,Data1,Data2,Data3,Data4,FPS
0.0028899998869746923,0,0.0000004999999987376214,0,0,0,0,0.001051450613886118,1791.448974609375,89.57244873046875,-0.00000000000021029011865181246,118.66619110107422
0.0028899998869746923,0,0.0000004999999987376214,0,0,0,0,0.001051450613886118,1791.448974609375,89.57244873046875,-0.00000000000021029011865181246,120.1201171875
0.0028899998869746923,0,0.0000004999999987376214,0,0,0,0,0.001051450613886118,1791.448974609375,89.57244873046875,-0.00000000000021029011865181246,55.19982147216797
0.0028899998869746923,0,0.0000004999999987376214,0,0,0,0,0.001051450613886118,1791.448974609375,89.57244873046875,-0.00000000000021029011865181246,123.94645690917969
0.0028899998869746923,0,0.0000004999999987376214,0,0,0,0,0.001051450613886118,1791.448974609375,89.57244873046875,-0.00000000000021029011865181246,120.6563720703125
0.0028899998869746923,0,0.0000004999999987376214,0,0,0,0,0.001051450613886118,1791.448974609375,89.57244873046875,-0.00000000000021029011865181246,119.37448120117188
0.0028899998869746923,0,0.0000004999999987376214,0,0,0,0,0.001051450613886118,1791.448974609375,89.57244873046875,-0.00000000000021029011865181246,119.84659576416016
0.0028899998869746923,0,0.0000004999999987376214,0,0,0,0,0.001051450613886118,1791.448974609375,89.57244873046875,-0.00000000000021029011865181246,119.54572296142578
0.0028899998869746923,0,0.0000004999999987376214,0,0,0,0,0.001051450613886118,1791.448974609375,89.57244873046875,-0.00000000000021029011865181246,119.48858642578125
0.0028899998869746923,0,0.0000004999999987376214,0,0,0,0,0.001051450613886118,1791.448974609375,89.57244873046875,-0.00000000000021029011865181246,120.06243133544922
0.0028899998869746923,0,0.0000004999999987376214,0,0,0,0,0.001051450613886118,1791.448974609375,89.57244873046875,-0.00000000000021029011865181246,119.94721984863281
0.0028899998869746923,0,0.0000004999999987376214,0,0,0,0,0.001051450613886118,1791.448974609375,89.57244873046875,-0.00000000000021029011865181246,119.44577026367188
0.0028899998869746923,0,0.0000004999999987376214,0,0,0,0,0.001051450613886118,1791.448974609375,89.57244873046875,-0.00000000000021029011865181246,121.21212005615234
0.0028899998869746923,0,0.0000004999999987376214,0,0,0,0,0.001051450613886118,1791.448974609375,89.57244873046875,-0.00000000000021029011865181246,119.71746826171875
0.0028899998869746923,0,0.0000004999999987376214,0,0,0,0,0.001051450613886118,1791.448974609375,89.57244873046875,-0.00000000000021029011865181246,117.70244598388672
0.0028899998869746923,0,0.0000004999999987376214,0,0,0,0,0.001051450613886118,1791.448974609375,89.57244873046875,-0.00000000000021029011865181246,118.5958251953125
0.0028899998869746923,0,0.0000004999999987376214,0,0,0,0,0.001051450613886118,1791.448974609375,89.57244873046875,-0.00000000000021029011865181246,122.8501205444336
0.0028899998869746923,0,0.0000004999999987376214,0,0,0,0,0.001051450613886118,1791.448974609375,89.57244873046875,-0.00000000000021029011865181246,119.5743179321289
0.0028899998869746923,0,0.0000004999999987376214,0,0,0,0,0.001051450613886118,1791.448974609375,89.57244873046875,-0.00000000000021029011865181246,119.8609619140625
0.0028899998869746923,0,0.0000004999999987376214,0,0,0,0,0.001051450613886118,1791.448974609375,89.57244873046875,-0.00000000000021029011865181246,120.01920318603516
0.0028899998869746923,0,0.0000004999999987376214,0,0,0,0,0.001051450613886118,1791.448974609375,89.57244873046875,-0.00000000000021029011865181246,119.37448120117188
0.0028899998869746923,0,0.0000004999999987376214,0,0,0,0,0.001051450613886118,1791.448974609375,89.57244873046875,-0.00000000000021029011865181246,120.81671905517578
0.0028899998869746923,0,0.0000004999999987376214,0,0,0,0,0.001051450613886118,1791.448974609375,89.57244873046875,-0.00000000000021029011865181246,119.09014892578125
0.0028899998869746923,0,0.0000004999999987376214,0,0,0,0,0.001051450613886118,1791.448974609375,89.57244873046875,-0.00000000000021029011865181246,121.63970184326172
0.0028899998869746923,0,0.0000004999999987376214,0,0,0,0,0.001051450613886118,1791.448974609375,89.57244873046875,-0.00000000000021029011865181246,119.9328384399414
0.0028899998869746923,0,0.0000004999999987376214,0,0,0,0,0.001051450613886118,1791.448974609375,89.57244873046875,-0.00000000000021029011865181246,119.3602294921875
0.0028899998869746923,0,0.0000004999999987376214,0,0,0,0,0.001051450613886118,1791.448974609375,89.57244873046875,-0.00000000000021029011865181246,119.3602294921875
0.0028899998869746923,0,0.0000004999999987376214,0,0,0,0,0.001051450613886118,1791.448974609375,89.57244873046875,-0.00000000000021029011865181246,118.03588104248047
0.0028899998869746923,0,0.0000004999999987376214,0,0,0,0,0.001051450613886118,1791.448974609375,89.57244873046875,-0.00000000000021029011865181246,121.22681427001953
0.0028899998869746923,0,0.0000004999999987376214,0,0,0,0,0.001051450613886118,1791.448974609375,89.57244873046875,-0.00000000000021029011865181246,120.33694458007813
0.0028899998869746923,0,0.0000004999999987376214,0,0,0,0,0.001051450613886118,1791.448974609375,89.57244873046875,-0.00000000000021029011865181246,117.74402618408203
0.0028899998869746923,0,0.0000004999999987376214,0,0,0,0,0.001051450613886118,1791.448974609375,89.57244873046875,-0.00000000000021029011865181246,124.34717559814453
0.0028899998869746923,0,0.0000004999999987376214,0,0,0,0,0.001051450613886118,1791.448974609375,89.57244873046875,-0.00000000000021029011865181246,119.83223724365234
0.0028899998869746923,0,0.0000004999999987376214,0,0,0,0,0.001051450613886118,1791.448974609375,89.57244873046875,-0.00000000000021029011865181246,120.06243133544922
0.0028899998869746923,0,0.0000004999999987376214,0,0,0,0,0.001051450613886118,1791.448974609375,89.57244873046875,-0.00000000000021029011865181246,119.60292053222656
0.0028899998869746923,0,0.0000004999999987376214,0,0,0,0,0.001051450613886118,1791.448974609375,89.57244873046875,-0.00000000000021029011865181246,119.21793365478516
0.0028899998869746923,0,0.0000004999999987376214,0,0,0,0,0.001051450613886118,1791.448974609375,89.57244873046875,-0.00000000000021029011865181246,119.96160888671875
0.0028899998869746923,0,0.0000004999999987376214,0,0,0,0,0.001051450613886118,1791.448974609375,89.57244873046875,-0.00000000000021029011865181246,114.95574188232422
0.0028899998869746923,0,0.0000004999999987376214,0,0,0,0,0.001051450613886118,1791.448974609375,89.57244873046875,-0.00000000000021029011865181246,125.03125762939453
0.0028899998869746923,0,0.0000004999999987376214,0,0,0,0,0.001051450613886118,1791.448974609375,89.57244873046875,-0.00000000000021029011865181246,117.45360565185547
0.0028899998869746923,0,0.0000004999999987376214,0,0,0,0,0.001051450613886118,1791.448974609375,89.57244873046875,-0.00000000000021029011865181246,116.9864273071289
0.0028899998869746923,0,0.0000004999999987376214,0,0,0,0,0.001051450613886118,1791.448974609375,89.57244873046875,-0.00000000000021029011865181246,122.88031768798828
0.0028899998869746923,0,0.0000004999999987376214,0,0,0,0,0.001051450613886118,1791.448974609375,89.57244873046875,-0.00000000000021029011865181246,117.92453002929688
0.0028899998869746923,0,0.0000004999999987376214,0,0,0,0,0.001051450613886118,1791.448974609375,89.57244873046875,-0.00000000000021029011865181246,120.77294921875
0.0028899998869746923,0,0.0000004999999987376214,0,0,0,0,0.001051450613886118,1791.448974609375,89.57244873046875,-0.00000000000021029011865181246,120.07685089111328
0.0028899998869746923,0,0.0000004999999987376214,0,0,0,0,0.001051450613886118,1791.448974609375,89.57244873046875,-0.00000000000021029011865181246,120.93360900878906
0.0028899998869746923,0,0.0000004999999987376214,0,0,0,0,0.001051450613886118,1791.448974609375,89.57244873046875,-0.00000000000021029011865181246,119.01927947998047
0.0028899998869746923,0,0.0000004999999987376214,0,0,0,0,0.001051450613886118,1791.448974609375,89.57244873046875,-0.00000000000021029011865181246,118.84953308105469
0.0028899998869746923,0,0.0000004999999987376214,0,0,0,0,0.001051450613886118,1791.448974609375,89.57244873046875,-0.00000000000021029011865181246,122.27928924560547
0.0028899998869746923,0,0.0000004999999987376214,0,0,0,0,0.001051450613886118,1791.448974609375,89.57244873046875,-0.00000000000021029011865181246,124.26991271972656
0.0028899998869746923,0,0.0000004999999987376214,0,0,0,0,0.001051450613886118,1791.448974609375,89.57244873046875,-0.00000000000021029011865181246,118.5114974975586
0.0028899998869746923,0,0.0000004999999987376214,0,0,0,0,0.001051450613886118,1791.448974609375,89.57244873046875,-0.00000000000021029011865181246,120.22120666503906
0.0028899998869746923,0,0.0000004999999987376214,0,0,0,0,0.001051450613886118,1791.448974609375,89.57244873046875,-0.00000000000021029011865181246,120.35142517089844
0.0028899998869746923,0,0.0000004999999987376214,0,0,0,0,0.001051450613886118,1791.448974609375,89.57244873046875,-0.00000000000021029011865181246,119.14691162109375
0.0028899998869746923,0,0.0000004999999987376214,0,0,0,0,0.001051450613886118,1791.448974609375,89.57244873046875,-0.00000000000021029011865181246,116.03620147705078
0.0028899998869746923,0,0.0000004999999987376214,0,0,0,0,0.001051450613886118,1791.448974609375,89.57244873046875,-0.00000000000021029011865181246,120.22120666503906
0.0028899998869746923,0,0.0000004999999987376214,0,0,0,0,0.001051450613886118,1791.448974609375,89.57244873046875,-0.00000000000021029011865181246,119.63153839111328
0.0028899998869746923,0,0.0000004999999987376214,0,0,0,0,0.001051450613886118,1791.448974609375,89.57244873046875,-0.00000000000021029011865181246,118.14744567871094
0.0028899998869746923,0,0.0000004999999987376214,0,0,0,0,0.001051450613886118,1791.448974609375,89.57244873046875,-0.00000000000021029011865181246,121.22681427001953
0.0028899998869746923,0,0.0000004999999987376214,0,0,0,0,0.001051450613886118,1791.448974609375,89.57244873046875,-0.00000000000021029011865181246,120.58362579345703
0.0028899998869746923,0,0.0000004999999987376214,0,0,0,0,0.001051450613886118,1791.448974609375,89.57244873046875,-0.00000000000021029011865181246,119.16110229492188
0.0028899998869746923,0,0.0000004999999987376214,0,0,0,0,0.001051450613886118,1791.448974609375,89.57244873046875,-0.00000000000021029011865181246,119.9040756225586
0.0028899998869746923,0,0.0000004999999987376214,0,0,0,0,0.001051450613886118,1791.448974609375,89.57244873046875,-0.00000000000021029011865181246,116.22501373291016
0.0028899998869746923,0,0.0000004999999987376214,0,0,0,0,0.001051450613886118,1791.448974609375,89.57244873046875,-0.00000000000021029011865181246,119.11852264404297
0.0028899998869746923,0,0.0000004999999987376214,0,0,0,0,0.001051450613886118,1791.448974609375,89.57244873046875,-0.00000000000021029011865181246,125.62814331054688
0.0028899998869746923,0,0.0000004999999987376214,0,0,0,0,0.001051450613886118,1791.448974609375,89.57244873046875,-0.00000000000021029011865181246,118.46937561035156
0.0028899998869746923,0,0.0000004999999987376214,0,0,0,0,0.001051450613886118,1791.448974609375,89.57244873046875,-0.00000000000021029011865181246,122.89541625976563
0.0028899998869746923,0,0.0000004999999987376214,0,0,0,0,0.001051450613886118,1791.448974609375,89.57244873046875,-0.00000000000021029011865181246,115.43345642089844
0.0028899998869746923,0,0.0000004999999987376214,0,0,0,0,0.001051450613886118,1791.448974609375,89.57244873046875,-0.00000000000021029011865181246,121.84720611572266
0.0028899998869746923,0,0.0000004999999987376214,0,0,0,0,0.001051450613886118,1791.448974609375,89.57244873046875,-0.00000000000021029011865181246,120.5981674194336
0.0028899998869746923,0,0.0000004999999987376214,0,0,0,0,0.001051450613886118,1791.448974609375,89.57244873046875,-0.00000000000021029011865181246,117.6885986328125
0.0028899998869746923,0,0.0000004999999987376214,0,0,0,0,0.001051450613886118,1791.448974609375,89.57244873046875,-0.00000000000021029011865181246,120.36591339111328
0.0028899998869746923,0,0.0000004999999987376214,0,0,0,0,0.001051450613886118,1791.448974609375,89.57244873046875,-0.00000000000021029011865181246,117.31581115722656
0.0028899998869746923,0,0.0000004999999987376214,0,0,0,0,0.001051450613886118,1791.448974609375,89.57244873046875,-0.00000000000021029011865181246,125.34469604492188
0.0028899998869746923,0,0.0000004999999987376214,0,0,0,0,0.001051450613886118,1791.448974609375,89.57244873046875,-0.00000000000021029011865181246,118.42728424072266
0.0028899998869746923,0,0.0000004999999987376214,0,0,0,0,0.001051450613886118,1791.448974609375,89.57244873046875,-0.00000000000021029011865181246,121.98097229003906
0.0028899998869746923,0,0.0000004999999987376214,0,0,0,0,0.001051450613886118,1791.448974609375,89.57244873046875,-0.00000000000021029011865181246,119.47431182861328
0.0028899998869746923,0,0.0000004999999987376214,0,0,0,0,0.001051450613886118,1791.448974609375,89.57244873046875,-0.00000000000021029011865181246,119.07597351074219
0.0028899998869746923,0,0.0000004999999987376214,0,0,0,0,0.001051450613886118,1791.448974609375,89.57244873046875,-0.00000000000021029011865181246,119.10433197021484
0.0028899998869746923,0,0.0000004999999987376214,0,0,0,0,0.001051450613886118,1791.448974609375,89.57244873046875,-0.00000000000021029011865181246,122.30919647216797
0.0028899998869746923,0,0.0000004999999987376214,0,0,0,0,0.001051450613886118,1791.448974609375,89.57244873046875,-0.00000000000021029011865181246,118.48341369628906
0.0028899998869746923,0,0.0000004999999987376214,0,0,0,0,0.001051450613886118,1791.448974609375,89.57244873046875,-0.00000000000021029011865181246,121.13870239257813
0.0028899998869746923,0,0.0000004999999987376214,0,0,0,0,0.001051450613886118,1791.448974609375,89.57244873046875,-0.00000000000021029011865181246,118.8212890625
0.0028899998869746923,0,0.0000004999999987376214,0,0,0,0,0.001051450613886118,1791.448974609375,89.57244873046875,-0.00000000000021029011865181246,121.00677490234375
0.0028899998869746923,0,0.0000004999999987376214,0,0,0,0,0.001051450613886118,1791.448974609375,89.57244873046875,-0.00000000000021029011865181246,120.36591339111328
0.0028899998869746923,0,0.0000004999999987376214,0,0,0,0,0.001051450613886118,1791.448974609375,89.57244873046875,-0.00000000000021029011865181246,118.07769775390625
0.0028899998869746923,0,0.0000004999999987376214,0,0,0,0,0.001051450613886118,1791.448974609375,89.57244873046875,-0.00000000000021029011865181246,120.67092895507813
0.0028899998869746923,0,0.0000004999999987376214,0,0,0,0,0.001051450613886118,1791.448974609375,89.57244873046875,-0.00000000000021029011865181246,123.1527099609375
0.0028899998869746923,0,0.0000004999999987376214,0,0,0,0,0.001051450613886118,1791.448974609375,89.57244873046875,-0.00000000000021029011865181246,115.62030029296875
0.0028899998869746923,0,0.0000004999999987376214,0,0,0,0,0.001051450613886118,1791.448974609375,89.57244873046875,-0.00000000000021029011865181246,120.06243133544922
0.0028899998869746923,0,0.0000004999999987376214,0,0,0,0,0.001051450613886118,1791.448974609375,89.57244873046875,-0.00000000000021029011865181246,120.5109634399414
0.0028899998869746923,0,0.0000004999999987376214,0,0,0,0,0.001051450613886118,1791.448974609375,89.57244873046875,-0.00000000000021029011865181246,119.2890396118164
0.0028899998869746923,0,0.0000004999999987376214,0,0,0,0,0.001051450613886118,1791.448974609375,89.57244873046875,-0.00000000000021029011865181246,120.78753662109375
0.0028899998869746923,0,0.0000004999999987376214,0,0,0,0,0.001051450613886118,1791.448974609375,89.57244873046875,-0.00000000000021029011865181246,120.26457977294922
0.0028899998869746923,0,0.0000004999999987376214,0,0,0,0,0.001051450613886118,1791.448974609375,89.57244873046875,-0.00000000000021029011865181246,124.64165496826172
0.0028899998869746923,0,0.0000004999999987376214,0,0,0,0,0.001051450613886118,1791.448974609375,89.57244873046875,-0.00000000000021029011865181246,113.5589370727539
0.0028899998869746923,0,0.0000004999999987376214,0,0,0,0,0.001051450613886118,1791.448974609375,89.57244873046875,-0.00000000000021029011865181246,122.53400421142578
0.0028899998869746923,0,0.0000004999999987376214,0,0,0,0,0.001051450613886118,1791.448974609375,89.57244873046875,-0.00000000000021029011865181246,119.0617904663086
0.0028899998869746923,0,0.0000004999999987376214,0,0,0,0,0.001051450613886118,1791.448974609375,89.57244873046875,-0.00000000000021029011865181246,120.62725830078125
0.0028899998869746923,0,0.0000004999999987376214,0,0,0,0,0.001051450613886118,1791.448974609375,89.57244873046875,-0.00000000000021029011865181246,116.89070892333984
0.0028899998869746923,0,0.0000004999999987376214,0,0,0,0,0.001051450613886118,1791.448974609375,89.57244873046875,-0.00000000000021029011865181246,126.90355682373047
0.0028899998869746923,0,0.0000004999999987376214,0,0,0,0,0.001051450613886118,1791.448974609375,89.57244873046875,-0.00000000000021029011865181246,115.63367462158203
0.0028899998869746923,0,0.0000004999999987376214,0,0,0,0,0.001051450613886118,1791.448974609375,89.57244873046875,-0.00000000000021029011865181246,126.05571746826172
0.0028899998869746923,0,0.0000004999999987376214,0,0,0,0,0.001051450613886118,1791.448974609375,89.57244873046875,-0.00000000000021029011865181246,113.75270080566406
0.0028899998869746923,0,0.0000004999999987376214,0,0,0,0,0.001051450613886118,1791.448974609375,89.57244873046875,-0.00000000000021029011865181246,121.96609497070313
0.0028899998869746923,0,0.0000004999999987376214,0,0,0,0,0.001051450613886118,1791.448974609375,89.57244873046875,-0.00000000000021029011865181246,123.5635757446289
0.0028899998869746923,0,0.0000004999999987376214,0,0,0,0,0.001051450613886118,1791.448974609375,89.57244873046875,-0.00000000000021029011865181246,115.06156158447266
0.0028899998869746923,0,0.0000004999999987376214,0,0,0,0,0.001051450613886118,1791.448974609375,89.57244873046875,-0.00000000000021029011865181246,120.09127044677734
0.0028899998869746923,0,0.0000004999999987376214,0,0,0,0,0.001051450613886118,1791.448974609375,89.57244873046875,-0.00000000000021029011865181246,122.15978240966797
0.0028899998869746923,0,0.0000004999999987376214,0,0,0,0,0.001051450613886118,1791.448974609375,89.57244873046875,-0.00000000000021029011865181246,123.19822692871094
0.0028899998869746923,0,0.0000004999999987376214,0,0,0,0,0.001051450613886118,1791.448974609375,89.57244873046875,-0.00000000000021029011865181246,116.25203704833984
0.0028899998869746923,0,0.0000004999999987376214,0,0,0,0,0.001051450613886118,1791.448974609375,89.57244873046875,-0.00000000000021029011865181246,124.93753051757813
0.0028899998869746923,0,0.0000004999999987376214,0,0,0,0,0.001051450613886118,1791.448974609375,89.57244873046875,-0.00000000000021029011865181246,118.80717468261719
0.0028899998869746923,0,0.0000004999999987376214,0,0,0,0,0.001051450613886118,1791.448974609375,89.57244873046875,-0.00000000000021029011865181246,120.78753662109375
0.0028899998869746923,0,0.0000004999999987376214,0,0,0,0,0.001051450613886118,1791.448974609375,89.57244873046875,-0.00000000000021029011865181246,113.64927673339844
0.0028899998869746923,0,0.0000004999999987376214,0,0,0,0,0.001051450613886118,1791.448974609375,89.57244873046875,-0.00000000000021029011865181246,126.42224884033203
0.0028899998869746923,0,0.0000004999999987376214,0,0,0,0,0.001051450613886118,1791.448974609375,89.57244873046875,-0.00000000000021029011865181246,120.42388916015625
0.0028899998869746923,0,0.0000004999999987376214,0,0,0,0,0.001051450613886118,1791.448974609375,89.57244873046875,-0.00000000000021029011865181246,118.73664093017578
0.0028899998869746923,0,0.0000004999999987376214,0,0,0,0,0.001051450613886118,1791.448974609375,89.57244873046875,-0.00000000000021029011865181246,119.99040222167969
0.0028899998869746923,0,0.0000004999999987376214,0,0,0,0,0.001051450613886118,1791.448974609375,89.57244873046875,-0.00000000000021029011865181246,113.90818786621094
0.0028899998869746923,0,0.0000004999999987376214,0,0,0,0,0.001051450613886118,1791.448974609375,89.57244873046875,-0.00000000000021029011865181246,122.38404083251953
0.0028899998869746923,0,0.0000004999999987376214,0,0,0,0,0.001051450613886118,1791.448974609375,89.57244873046875,-0.00000000000021029011865181246,124.44001770019531
0.0028899998869746923,0,0.0000004999999987376214,0,0,0,0,0.001051450613886118,1791.448974609375,89.57244873046875,-0.00000000000021029011865181246,119.87532806396484
0.0028899998869746923,0,0.0000004999999987376214,0,0,0,0,0.001051450613886118,1791.448974609375,89.57244873046875,-0.00000000000021029011865181246,119.91845703125
0.0028899998869746923,0,0.0000004999999987376214,0,0,0,0,0.001051450613886118,1791.448974609375,89.57244873046875,-0.00000000000021029011865181246,115.56685638427734
0.0028899998869746923,0,0.0000004999999987376214,0,0,0,0,0.001051450613886118,1791.448974609375,89.57244873046875,-0.00000000000021029011865181246,125.47051239013672
0.0028899998869746923,0,0.0000004999999987376214,0,0,0,0,0.001051450613886118,1791.448974609375,89.57244873046875,-0.00000000000021029011865181246,119.53143310546875
0.0028899998869746923,0,0.0000004999999987376214,0,0,0,0,0.001051450613886118,1791.448974609375,89.57244873046875,-0.00000000000021029011865181246,119.63153839111328
0.0028899998869746923,0,0.0000004999999987376214,0,0,0,0,0.001051450613886118,1791.448974609375,89.57244873046875,-0.00000000000021029011865181246,120.5400161743164
0.0028899998869746923,0,0.0000004999999987376214,0,0,0,0,0.001051450613886118,1791.448974609375,89.57244873046875,-0.00000000000021029011865181246,121.28562927246094
0.0028899998869746923,0,0.0000004999999987376214,0,0,0,0,0.001051450613886118,1791.448974609375,89.57244873046875,-0.00000000000021029011865181246,117.55025482177734
0.0028899998869746923,0,0.0000004999999987376214,0,0,0,0,0.001051450613886118,1791.448974609375,89.57244873046875,-0.00000000000021029011865181246,121.75818634033203
0.0028899998869746923,0,0.0000004999999987376214,0,0,0,0,0.001051450613886118,1791.448974609375,89.57244873046875,-0.00000000000021029011865181246,119.3602294921875
0.0028899998869746923,0,0.0000004999999987376214,0,0,0,0,0.001051450613886118,1791.448974609375,89.57244873046875,-0.00000000000021029011865181246,120.94823455810547
0.0028899998869746923,0,0.0000004999999987376214,0,0,0,0,0.001051450613886118,1791.448974609375,89.57244873046875,-0.00000000000021029011865181246,117.205810546875
0.0028899998869746923,0,0.0000004999999987376214,0,0,0,0,0.001051450613886118,1791.448974609375,89.57244873046875,-0.00000000000021029011865181246,119.11852264404297
0.0028899998869746923,0,0.0000004999999987376214,0,0,0,0,0.001051450613886118,1791.448974609375,89.57244873046875,-0.00000000000021029011865181246,122.36906433105469
0.0028899998869746923,0,0.0000004999999987376214,0,0,0,0,0.001051450613886118,1791.448974609375,89.57244873046875,-0.00000000000021029011865181246,120.2501220703125
0.0028899998869746923,0,0.0000004999999987376214,0,0,0,0,0.001051450613886118,1791.448974609375,89.57244873046875,-0.00000000000021029011865181246,120.43839263916016
0.0028899998869746923,0,0.0000004999999987376214,0,0,0,0,0.001051450613886118,1791.448974609375,89.57244873046875,-0.00000000000021029011865181246,116.55011749267578
0.0028899998869746923,0,0.0000004999999987376214,0,0,0,0,0.001051450613886118,1791.448974609375,89.57244873046875,-0.00000000000021029011865181246,123.50253295898438
0.0028899998869746923,0,0.0000004999999987376214,0,0,0,0,0.001051450613886118,1791.448974609375,89.57244873046875,-0.00000000000021029011865181246,119.74613952636719
0.0028899998869746923,0,0.0000004999999987376214,0,0,0,0,0.001051450613886118,1791.448974609375,89.57244873046875,-0.00000000000021029011865181246,119.44577026367188
0.0028899998869746923,0,0.0000004999999987376214,0,0,0,0,0.001051450613886118,1791.448974609375,89.57244873046875,-0.00000000000021029011865181246,120.62725830078125
0.0028899998869746923,0,0.0000004999999987376214,0,0,0,0,0.001051450613886118,1791.448974609375,89.57244873046875,-0.00000000000021029011865181246,118.38522338867188
0.0028899998869746923,0,0.0000004999999987376214,0,0,0,0,0.001051450613886118,1791.448974609375,89.57244873046875,-0.00000000000021029011865181246,121.75818634033203
0.0028899998869746923,0,0.0000004999999987376214,0,0,0,0,0.001051450613886118,1791.448974609375,89.57244873046875,-0.00000000000021029011865181246,117.92453002929688
0.0028899998869746923,0,0.0000004999999987376214,0,0,0,0,0.001051450613886118,1791.448974609375,89.57244873046875,-0.00000000000021029011865181246,120.48192596435547
0.0028899998869746923,0,0.0000004999999987376214,0,0,0,0,0.001051450613886118,1791.448974609375,89.57244873046875,-0.00000000000021029011865181246,121.31505584716797
0.0028899998869746923,0,0.0000004999999987376214,0,0,0,0,0.001051450613886118,1791.448974609375,89.57244873046875,-0.00000000000021029011865181246,117.84114837646484
0.0028899998869746923,0,0.0000004999999987376214,0,0,0,0,0.001051450613886118,1791.448974609375,89.57244873046875,-0.00000000000021029011865181246,118.3572006225586
0.0028899998869746923,0,0.0000004999999987376214,0,0,0,0,0.001051450613886118,1791.448974609375,89.57244873046875,-0.00000000000021029011865181246,122.2045669555664
0.0028899998869746923,0,0.0000004999999987376214,0,0,0,0,0.001051450613886118,1791.448974609375,89.57244873046875,-0.00000000000021029011865181246,107.9097900390625
0.0028899998869746923,0,0.0000004999999987376214,0,0,0,0,0.001051450613886118,1791.448974609375,89.57244873046875,-0.00000000000021029011865181246,128.3697052001953
0.0028899998869746923,0,0.0000004999999987376214,0,0,0,0,0.001051450613886118,1791.448974609375,89.57244873046875,-0.00000000000021029011865181246,118.21728515625
0.0028899998869746923,0,0.0000004999999987376214,0,0,0,0,0.001051450613886118,1791.448974609375,89.57244873046875,-0.00000000000021029011865181246,123.47203063964844
0.0028899998869746923,0,0.0000004999999987376214,0,0,0,0,0.001051450613886118,1791.448974609375,89.57244873046875,-0.00000000000021029011865181246,120.94823455810547
0.0028899998869746923,0,0.0000004999999987376214,0,0,0,0,0.001051450613886118,1791.448974609375,89.57244873046875,-0.00000000000021029011865181246,111.1728744506836
0.0028899998869746923,0,0.0000004999999987376214,0,0,0,0,0.001051450613886118,1791.448974609375,89.57244873046875,-0.00000000000021029011865181246,122.12994384765625
0.0028899998869746923,0,0.0000004999999987376214,0,0,0,0,0.001051450613886118,1791.448974609375,89.57244873046875,-0.00000000000021029011865181246,125.64392852783203
0.0028899998869746923,0,0.0000004999999987376214,0,0,0,0,0.001051450613886118,1791.448974609375,89.57244873046875,-0.00000000000021029011865181246,114.75785827636719
0.0028899998869746923,0,0.0000004999999987376214,0,0,0,0,0.001051450613886118,1791.448974609375,89.57244873046875,-0.00000000000021029011865181246,126.18296813964844
0.0028899998869746923,0,0.0000004999999987376214,0,0,0,0,0.001051450613886118,1791.448974609375,89.57244873046875,-0.00000000000021029011865181246,109.05125427246094
0.0028899998869746923,0,0.0000004999999987376214,0,0,0,0,0.001051450613886118,1791.448974609375,89.57244873046875,-0.00000000000021029011865181246,133.6540985107422
0.0028899998869746923,0,0.0000004999999987376214,0,0,0,0,0.001051450613886118,1791.448974609375,89.57244873046875,-0.00000000000021029011865181246,118.65211486816406
0.0028899998869746923,0,0.0000004999999987376214,0,0,0,0,0.001051450613886118,1791.448974609375,89.57244873046875,-0.00000000000021029011865181246,120.04801940917969
0.0028899998869746923,0,0.0000004999999987376214,0,0,0,0,0.001051450613886118,1791.448974609375,89.57244873046875,-0.00000000000021029011865181246,119.5743179321289
0.0028899998869746923,0,0.0000004999999987376214,0,0,0,0,0.001051450613886118,1791.448974609375,89.57244873046875,-0.00000000000021029011865181246,120.1056900024414
0.0028899998869746923,0,0.0000004999999987376214,0,0,0,0,0.001051450613886118,1791.448974609375,89.57244873046875,-0.00000000000021029011865181246,120.35142517089844
0.0028899998869746923,0,0.0000004999999987376214,0,0,0,0,0.001051450613886118,1791.448974609375,89.57244873046875,-0.00000000000021029011865181246,120.23566436767578
0.0028899998869746923,0,0.0000004999999987376214,0,0,0,0,0.001051450613886118,1791.448974609375,89.57244873046875,-0.00000000000021029011865181246,119.67448425292969
0.0028899998869746923,0,0.0000004999999987376214,0,0,0,0,0.001051450613886118,1791.448974609375,89.57244873046875,-0.00000000000021029011865181246,123.016357421875
0.0028899998869746923,0,0.0000004999999987376214,0,0,0,0,0.001051450613886118,1791.448974609375,89.57244873046875,-0.00000000000021029011865181246,116.64527893066406
0.0028899998869746923,0,0.0000004999999987376214,0,0,0,0,0.001051450613886118,1791.448974609375,89.57244873046875,-0.00000000000021029011865181246,120.35142517089844
0.0028899998869746923,0,0.0000004999999987376214,0,0,0,0,0.001051450613886118,1791.448974609375,89.57244873046875,-0.00000000000021029011865181246,120.16342163085938
0.0028899998869746923,0,0.0000004999999987376214,0,0,0,0,0.001051450613886118,1791.448974609375,89.57244873046875,-0.00000000000021029011865181246,119.58861541748047
0.0028899998869746923,0,0.0000004999999987376214,0,0,0,0,0.001051450613886118,1791.448974609375,89.57244873046875,-0.00000000000021029011865181246,120.40939331054688
0.0028899998869746923,0,0.0000004999999987376214,0,0,0,0,0.001051450613886118,1791.448974609375,89.57244873046875,-0.00000000000021029011865181246,112.82861328125
0.002894999925047159,0,0.0000004920422611576214,0,-0.001591549371369183,0,0,-0.006250000558793545,2500,125,0.0000000000012500001034254637,118.03588104248047
0.002899999963119626,0,0.00000047625343313484336,0,-0.0031577683985233307,0,0,-0.006052589043974876,2460.211181640625,123.01055908203125,0.0000000000012105177971122316,114.60004425048828
0.002905000001192093,0,0.00000045288479100236145,0,-0.004673730581998825,0,0,-0.0056703947484493256,2381.26708984375,119.0633544921875,0.0000000000011340789418667896,134.71641540527344
0.0029100000392645597,0,0.00000042230826124978194,0,-0.006115307100117207,0,0,-0.005127634387463331,2264.423828125,113.22119140625,0.000000000001025526885634065,115.60693359375
0.002914999844506383,0,0.0000003850104803859722,0,-0.0074595557525753975,0,0,-0.004458586219698191,2111.541259765625,105.57706451416016,0.0000000000008917172555911179,120.55455017089844
0.00291999988257885,0,0.0000003415850642340956,0,-0.008685082197189331,0,0,-0.003705854993313551,1925.0523681640625,96.25261688232422,0.0000000000007411710134519467,123.79301452636719
0.0029249999206513166,0,0.0000002927231719240808,0,-0.00977238081395626,0,0,-0.0029170415364205837,1707.92529296875,85.3962631225586,0.0000000000005834083216527119,115.8882827758789
0.0029299999587237835,0,0.00000023920244984765304,0,-0.010704146698117256,0,0,-0.0021421753335744143,1463.61572265625,73.1807861328125,0.0000000000004284350652028479,119.66016387939453
0.0029349999967962503,0,0.0000001818746966364415,0,-0.01146555133163929,0,0,-0.0014304530341178179,1196.0120849609375,59.80060577392578,0.00000000000028609059565809503,115.58021545410156
0.002940000034868717,0,0.00000012165230600658106,0,-0.012044476345181465,0,0,-0.0008269079844467342,909.373291015625,45.468666076660156,0.00000000000016538159730572488,118.92020416259766
0.0029449998401105404,0,0.00000005949377168690262,0,-0.012431707233190536,0,0,-0.0003699818335007876,608.2613525390625,30.413068771362305,0.00000000000007399636459126668,129.06556701660156
0.0029499998781830072,0,-0.000000003611638987877086,0,-0.012621082365512848,0,0,-0.00008847090066410601,297.46868896484375,14.873435020446777,0.000000000000017694179454963432,114.99539947509766
0.002954999916255474,0,-0.0000000666595667553338,0,-0.012609586119651794,0,0,-0.00000034694468808993406,-18.058364868164063,-0.90291827917099,0.00000000000000006938893903907228,125.75452423095703
0.002959999954327941,0,-0.00000012864657605859975,0,-0.01239740289747715,0,0,-0.00011109169281553477,-333.2980041503906,-16.664899826049805,0.000000000000022218338280310945,114.2073974609375
0.002964999992400408,0,-0.00000018858611383620882,0,-0.011987907811999321,0,0,-0.00041369686368852854,-643.2330932617188,-32.16165542602539,0.00000000000008273937091018979,123.50253295898438
0.0029700000304728746,0,-0.0000002455242054111295,0,-0.011387620121240616,0,0,-0.0008891498437151313,-942.9307861328125,-47.146541595458984,0.00000000000017782997296933445,118.8212890625
0.002974999835714698,0,-0.0000002985546529998828,0,-0.010606091469526291,0,0,-0.001507058390416205,-1227.621337890625,-61.38106918334961,0.0000000000003014116733979222,113.08379364013672
0.0029799998737871647,0,-0.0000003468334739409329,0,-0.00965576246380806,0,0,-0.002228356432169676,-1492.7735595703125,-74.63867950439453,0.00000000000044567127766015346,122.41400146484375
0.0029849999118596315,0,-0.0000003895922588981193,0,-0.008551757782697678,0,0,-0.003007316729053855,-1734.1676025390625,-86.70838165283203,0.0000000000006014633235906786,123.63996124267578
0.0029899999499320984,0,-0.00000042615050688254996,0,-0.007311647292226553,0,0,-0.003794534131884575,-1947.9615478515625,-97.39807891845703,0.0000000000007589068262703336,124.73493957519531
0.0029949999880045652,0,-0.00000045592634023705614,0,-0.005955167580395937,0,0,-0.0045401183888316154,-2130.752685546875,-106.53763580322266,0.0000000000009080236562652999,122.83502960205078
0.003000000026077032,0,-0.0000004784458838003047,0,-0.004503909032791853,0,0,-0.005196676589548588,-2279.6318359375,-113.9815902709961,0.0000000000010393352845028403,112.66336059570313
0.0030049998313188553,0,-0.0000004933507398163783,0,-0.002980968449264765,0,0,-0.0057227835059165955,-2392.2294921875,-119.6114730834961,0.0000000000011445566716616895,125.72290802001953
0.003009999869391322,0,-0.000000500403643854952,0,-0.001410584431141615,0,0,-0.00608485471457243,-2466.753662109375,-123.33768463134766,0.0000000000012169709684428653,120.61270904541016
0.003014999907463789,0,-0.0000004994923870071943,0,0.00018224981613457203,0,0,-0.006260062102228403,-2502.018310546875,-125.10091400146484,0.0000000000012520123826575968,114.0120849609375
0.003019999945536256,0,-0.000000490631464344915,0,0.001772183459252119,0,0,-0.00623730244114995,-2497.462158203125,-124.87310791015625,0.0000000000012474604682566337,124.67273712158203
0.0030249999836087227,0,-0.0000004739619043903076,0,0.0033339117653667927,0,0,-0.006017963867634535,-2453.157470703125,-122.65787506103516,0.0000000000012035927809961322,120.99213409423828
0.0030300000216811895,0,-0.00000044974899537919555,0,0.004842579364776611,0,0,-0.005615993868559599,-2369.8095703125,-118.490478515625,0.000000000001123198756225463,120.5109634399414
0.0030349998269230127,0,-0.0000004183781356914551,0,0.006274174898862839,0,0,-0.005056857597082853,-2248.7451171875,-112.437255859375,0.0000000000010113715420700942,114.70520782470703
0.0030399998649954796,0,-0.00000038034858107494074,0,0.0076059140264987946,0,0,-0.004376013297587633,-2091.890869140625,-104.59454345703125,0.0000000000008752026880998187,126.02394104003906
0.0030449999030679464,0,-0.0000003362655718319729,0,0.00881660170853138,0,0,-0.003616620786488056,-1901.7430419921875,-95.08715057373047,0.0000000000007233241783310973,116.41443634033203
0.0030499999411404133,0,-0.0000002868307262815506,0,0.0098869688808918,0,0,-0.002826835960149765,-1681.3280029296875,-84.06639862060547,0.0000000000005653671975025532,123.71643829345703
0.00305499997921288,0,-0.00000023283082839498093,0,0.010799979791045189,0,0,-0.002056826837360859,-1434.15380859375,-71.70769500732422,0.00000000000041136538619923613,120.5254898071289
0.003060000017285347,0,-0.00000017512530803287518,0,0.011541103944182396,0,0,-0.0013552353484556079,-1164.154296875,-58.20771408081055,0.00000000000027104707367442415,119.94721984863281
0.00306499982252717,0,-0.00000011463258431376744,0,0.012098545208573341,0,0,-0.0007666783640161157,-875.626708984375,-43.78133773803711,0.00000000000015333567748854193,116.1170425415039
0.003069999860599637,0,-0.000000052315428433757916,0,0.012463431805372238,0,0,-0.00032848725095391273,-573.1630859375,-28.65815544128418,0.00000000000006569744748219364,124.68827819824219
0.003074999898672104,0,0.000000010834362740297365,0,0.012629957869648933,0,0,-0.0000684174956404604,-261.5773010253906,-13.078865051269531,0.000000000000013683498778505054,118.90606689453125
0.0030799999367445707,0,0.00000007381171940323838,0,0.012595470994710922,0,0,-0.0000029143354822736,54.171653747558594,2.708582639694214,0.0000000000000005828670879282072,120.78753662109375
0.0030849999748170376,0,0.00000013561432865571987,0,0.012360520660877228,0,0,-0.0001362104812869802,369.0584411621094,18.452922821044922,0.00000000000002724209746673978,120.07685089111328
0.0030900000128895044,0,0.00000019525856487234705,0,0.011928847059607506,0,0,-0.0004597711085807532,678.0714721679688,33.9035758972168,0.00000000000009195422201457859,119.33174133300781
0.0030949998181313276,0,0.00000025179517137985385,0,0.01130731962621212,0,0,-0.0009531264659017324,976.2926635742188,48.814632415771484,0.00000000000019062529332813938,120.20675659179688
0.0030999998562037945,0,0.0000003043243168576737,0,0.010505830869078636,0,0,-0.001584982150234282,1258.9755859375,62.94878005981445,0.0000000000003169964291060978,120.5254898071289
0.0031049998942762613,0,0.00000035201000514462066,0,0.009537136182188988,0,0,-0.002315300749614835,1521.621337890625,76.08106994628906,0.000000000000463060145783345,119.23214721679688
0.003109999932348728,0,0.00000039409326291206526,0,0.008416654542088509,0,0,-0.003097799839451909,1760.0498046875,88.00249481201172,0.0000000000006195599588920686,119.38873291015625
0.003114999970421195,0,0.00000042990433257728,0,0.007162217050790787,0,0,-0.003882727585732937,1970.4661865234375,98.52330780029297,0.0000000000007765454945740657,119.96160888671875
0.003120000008493662,0,0.000000458873273601057,0,0.005793789401650429,0,0,-0.0046204011887311935,2149.521484375,107.47607421875,0.0000000000009240802567589412,119.91845703125
0.003124999813735485,0,0.0000004805390290130163,0,0.004333150573074818,0,0,-0.0052641225047409534,2294.3662109375,114.71831512451172,0.000000000001052824494252036,119.94721984863281
0.003129999851807952,0,0.0000004945567866343481,0,0.0028035473078489304,0,0,-0.005772951524704695,2402.695068359375,120.13475799560547,0.0000000000011545903122467394,120.09127044677734
0.0031349998898804188,0,0.0000005007034360460239,0,0.0012293243780732155,0,0,-0.006114622578024864,2472.78369140625,123.6391830444336,0.0000000000012229245394124177,116.090087890625
0.0031399999279528856,0,0.0000004988810928807652,0,-0.0003644638927653432,0,0,-0.006267625372856855,2503.516845703125,125.17584228515625,0.0000000000012535250615286486,120.4529037475586
0.0031449999660253525,0,0.0000004891188609690289,0,-0.0019524515373632312,0,0,-0.00622203666716814,2494.4052734375,124.72026824951172,0.0000000000012444073549389145,118.80717468261719
0.0031500000040978193,0,0.00000047157203653114266,0,-0.0035093650221824646,0,0,-0.005980910267680883,2445.593994140625,122.27970123291016,0.0000000000011961820423067593,119.54572296142578
0.0031549998093396425,0,0.00000044651991970567906,0,-0.005010425113141537,0,0,-0.005559511017054319,2357.85986328125,117.89299774169922,0.000000000001111902236949902,116.82243347167969
0.0031599998474121094,0,0.0000004143612102325278,0,-0.006431741639971733,0,0,-0.004984484985470772,2232.59912109375,111.62995910644531,0.0000000000009968970093865437,125.17211151123047
0.0031649998854845762,0,0.00000037560775467682106,0,-0.007750693708658218,0,0,-0.004292399622499943,2071.8056640625,103.59028625488281,0.0000000000008584799537914023,114.37721252441406
0.003169999923557043,0,0.00000033087630413319857,0,-0.008946290239691734,0,0,-0.003527039662003517,1878.038330078125,93.90191650390625,0.0000000000007054079542712088,125.07817077636719
0.00317499996162951,0,0.00000028087879400118254,0,-0.009999502450227737,0,0,-0.0027369773015379906,1654.381103515625,82.71905517578125,0.0000000000005473954622914334,119.8609619140625
0.0031799999997019768,0,0.0000002264109610905507,0,-0.010893566533923149,0,0,-0.0019723111763596535,1404.3935546875,70.21968078613281,0.0000000000003944622406493181,120.71463012695313
0.0031849998049438,0,0.00000016833968174978509,0,-0.011614255607128143,0,0,-0.0012815443333238363,1132.054443359375,56.60272216796875,0.0000000000002563088630225252,120.33694458007813
0.003189999843016267,0,0.00000010758919444242565,0,-0.012150097638368607,0,0,-0.0007084610406309366,841.6980590820313,42.084903717041016,0.0000000000001416922135177856,119.0617904663086
0.0031949998810887337,0,0.00000004512637730158531,0,-0.01249256357550621,0,0,-0.00028942126664333045,537.9456176757813,26.897281646728516,0.0000000000000578842529463941,121.08003234863281
0.0031999999191612005,0,-0.000000018054649331133987,0,-0.012636205181479454,0,0,-0.00005093148138257675,225.63153076171875,11.281577110290527,0.000000000000010186296250935811,119.2463607788086
0.0032049999572336674,0,-0.00000008094832537608454,0,-0.012578735128045082,0,0,-0.000008118506229948252,-90.27360534667969,-4.513680458068848,0.0000000000000016237011735142914,119.8609619140625
0.0032099999953061342,0,-0.0000001425536595434096,0,-0.012321067973971367,0,0,-0.00016382728063035756,-404.7419738769531,-20.237098693847656,0.00000000000003276545701424993,120.09127044677734
0.003215000033378601,0,-0.0000002018901881228885,0,-0.011867305263876915,0,0,-0.0005080658011138439,-712.7686767578125,-35.63843536376953,0.00000000000010161316232881745,120.23566436767578
0.0032199998386204243,0,-0.0000002580135287644225,0,-0.011224668473005295,0,0,-0.0010189765598624945,-1009.4512939453125,-50.472564697265625,0.0000000000002037953139577553,121.16806030273438
0.003224999876692891,0,-0.0000003100304581948876,0,-0.010403385385870934,0,0,-0.001664293697103858,-1290.0679931640625,-64.50340270996094,0.00000000000033285874057042975,127.95905303955078
0.003229999914765358,0,-0.00000035711309465114027,0,-0.009416528046131134,0,0,-0.002403008285909891,-1550.152587890625,-77.50762939453125,0.0000000000004806016695724225,121.787841796875
0.003234999952837825,0,-0.0000003985120997640479,0,-0.008279802277684212,0,0,-0.0031882135663181543,-1785.5657958984375,-89.27828979492188,0.0000000000006376427164056508,113.75270080566406
0.0032399999909102917,0,-0.00000043356860146559484,0,-0.007011299021542072,0,0,-0.003970296122133732,-1992.560791015625,-99.62804412841797,0.0000000000007940592627875276,118.34319305419922
0.0032450000289827585,0,-0.00000046172465317795286,0,-0.00563120748847723,0,0,-0.004699504468590021,-2167.84326171875,-108.39216613769531,0.0000000000009399009348598497,118.87779235839844
0.0032499998342245817,0,-0.0000004825321298085328,0,-0.0041614919900894165,0,0,-0.00532969506457448,-2308.62353515625,-115.4311752319336,0.0000000000010659390037304206,119.74613952636719
0.0032549998722970486,0,-0.0000004956598331773421,0,-0.0026255445554852486,0,0,-0.00582096865400672,-2412.660888671875,-120.63304901123047,0.000000000001164193741409747,116.76786804199219
0.0032599999103695154,0,-0.0000005008988637200673,0,-0.001047810073941946,0,0,-0.006141962017863989,-2478.299560546875,-123.91497802734375,0.0000000000012283923878086966,121.66930389404297
0.0032649999484419823,0,-0.0000004981658321412397,0,0.0005466009024530649,0,0,-0.006272482685744762,-2504.494873046875,-125.22474670410156,0.0000000000012544965066751956,119.26058197021484
0.003269999986514449,0,-0.0000004875042804997065,0,0.0021323123946785927,0,0,-0.006204203702509403,-2490.829833984375,-124.54149627685547,0.0000000000012408407634723062,118.9343490600586
0.003275000024586916,0,-0.00000046908385797905794,0,0.0036840871907770634,0,0,-0.005941497161984444,-2437.52197265625,-121.8760986328125,0.0000000000011882994588319207,121.71372985839844
0.003279999829828739,0,-0.00000044319773451206856,0,0.0051772273145616055,0,0,-0.0055009471252560616,-2345.419677734375,-117.27098846435547,0.0000000000011001893840401067,119.04762268066406
0.003284999867901206,0,-0.0000004102578827769321,0,0.006587969604879618,0,0,-0.0049105859361588955,-2215.989013671875,-110.79945373535156,0.0000000000009821171653712213,120.3948974609375
0.003289999905973673,0,-0.00000037078856962580176,0,0.007893861271440983,0,0,-0.0042078145779669285,-2051.289794921875,-102.56449127197266,0.0000000000008415629304536765,120.78753662109375
0.0032949999440461397,0,-0.00000032541797168050834,0,0.009074118919670582,0,0,-0.003437111619859934,-1853.9432373046875,-92.6971664428711,0.0000000000006874223412722813,117.67474365234375
0.0032999999821186066,0,-0.00000027486819931255013,0,0.010109956376254559,0,0,-0.0026473961770534515,-1627.0902099609375,-81.3545150756836,0.000000000000529479238231545,122.01073455810547
0.0033050000201910734,0,-0.00000021994375742906414,0,0.010984889231622219,0,0,-0.0018888362683355808,-1374.34130859375,-68.7170639038086,0.00000000000037776726191651733,119.66016387939453
0.0033099998254328966,0,-0.00000016151879833614657,0,0.011684992350637913,0,0,-0.0012093798723071814,-1099.7191162109375,-54.985958099365234,0.00000000000024187596370239817,119.70313262939453
0.0033149998635053635,0,-0.00000010052318089037726,0,0.01219912339001894,0,0,-0.0006521866307593882,-807.5942993164063,-40.37971496582031,0.00000000000013043732760564808,119.91845703125
0.0033199999015778303,0,-0.00000003792769120991579,0,0.01251909788697958,0,0,-0.00025264511350542307,-502.6162109375,-25.13081169128418,0.00000000000005052902540825244,120.5981674194336
0.003324999939650297,0,0.000000025271432946283312,0,0.012639825232326984,0,0,-0.00003594347072066739,-189.63876342773438,-9.481938362121582,0.000000000000007188694084447889,118.5817642211914
0.003329999977722764,0,0.00000008806834728147805,0,0.012559383176267147,0,0,-0.00001595945650478825,126.35685729980469,6.317842960357666,0.000000000000003191891195797325,118.99095916748047
0.003335000015795231,0,0.00000014946360238354828,0,0.012279053218662739,0,0,-0.00019387269276194274,440.3414306640625,22.017072677612305,0.00000000000003877453913503359,122.14486694335938
0.003339999821037054,0,0.00000020848008830398612,0,0.011803296394646168,0,0,-0.0005585115868598223,747.3177490234375,37.36588668823242,0.00000000000011170231406509856,120.2501220703125
0.003344999859109521,0,0.0000002641785101786809,0,0.011139684356749058,0,0,-0.0010865613585337996,1042.400146484375,52.1200065612793,0.00000000000021731227928256658,115.06156158447266
0.0033499998971819878,0,0.00000031567239489049825,0,0.010298778302967548,0,0,-0.0017447154968976974,1320.8922119140625,66.04460906982422,0.0000000000003489430966396867,124.47100067138672
0.0033549999352544546,0,0.00000036214220244801254,0,0.009293961338698864,0,0,-0.002491201739758253,1578.3616943359375,78.91808319091797,0.0000000000004982403378761546,120.91898345947266
0.0033599999733269215,0,0.00000040284834312842577,0,0.00814122799783945,0,0,-0.0032786966767162085,1810.710693359375,90.53553771972656,0.0000000000006557393517070409,119.5743179321289
0.0033650000113993883,0,0.0000004371429440652719,0,0.00685892254114151,0,0,-0.004057171288877726,2014.241455078125,100.71207427978516,0.0000000000008114342531229113,119.17530822753906
0.0033699998166412115,0,0.0000004644801947506494,0,0.0054674530401825905,0,0,-0.004777358844876289,2185.714599609375,109.28572845458984,0.0000000000009554718127802175,119.67448425292969
0.0033749998547136784,0,0.0000004844250156565977,0,0.003988966345787048,0,0,-0.005393533036112785,2322.40087890625,116.12004852294922,0.00000000000107870656851361,117.73016357421875
0.003379999892786145,0,0.000000496659993132198,0,0.0024469937197864056,0,0,-0.005866696126759052,2422.125,121.10625457763672,0.0000000000011733392035750967,122.04051971435547
0.003384999930858612,0,0.0000005009903816244332,0,0.0008660759776830673,0,0,-0.006166733801364899,2483.2998046875,124.16499328613281,0.0000000000012333467580560864,119.2463607788086
0.003389999968931079,0,0.0000004973472300662252,0,-0.0007286256877705455,0,0,-0.006274772342294455,2504.95166015625,125.2475814819336,0.0000000000012549544736728535,120.99213409423828
0.0033950000070035458,0,0.0000004857885755882307,0,-0.0023117309901863337,0,0,-0.006183872930705547,2486.736083984375,124.33680725097656,0.0000000000012367745716446166,118.03588104248047
0.003399999812245369,0,0.0000004664983634938835,0,-0.003858044045045972,0,0,-0.005899725016206503,2428.94287109375,121.4471435546875,0.0000000000011799450305716164,121.98097229003906
0.003404999850317836,0,0.0000004397836050884507,0,-0.005342954304069281,0,0,-0.00544050894677639,2332.49169921875,116.62458801269531,0.0000000000010881018308595003,118.30119323730469
0.0034099998883903027,0,0.00000040606946072330175,0,-0.006742828991264105,0,0,-0.004835229367017746,2198.917724609375,109.94588470458984,0.0000000000009670458878119348,121.9066162109375
0.0034149999264627695,0,0.00000036589253227248264,0,-0.008035387843847275,0,0,-0.004122327547520399,2030.3470458984375,101.5173568725586,0.0000000000008244654958744491,117.88282775878906
0.0034199999645352364,0,0.00000031989225135475863,0,-0.009200058877468109,0,0,-0.003346906043589115,1829.46240234375,91.4731216430664,0.0000000000006693812171221225,122.68433380126953
0.003425000002607703,0,0.00000026880070436163805,0,-0.010218307375907898,0,0,-0.0025583007372915745,1599.4609375,79.9730453491211,0.0000000000005116601586863112,119.20372009277344
0.0034299998078495264,0,0.0000002134310648216342,0,-0.011073926463723183,0,0,-0.001806332846172154,1344.0032958984375,67.20016479492188,0.00000000000036126657221302594,120.14898681640625
0.0034349998459219933,0,0.0000001546645762573462,0,-0.011753298342227936,0,0,-0.00113881123252213,1067.1551513671875,53.357757568359375,0.00000000000022776225350185086,119.88970184326172
0.00343999988399446,0,0.00000009343652607185504,0,-0.012245610356330872,0,0,-0.000598063284996897,773.3226928710938,38.666133880615234,0.0000000000001196126531155528,121.24151611328125
0.003444999922066927,0,0.00000003072138810011893,0,-0.012543028220534325,0,0,-0.00021829760225955397,467.18243408203125,23.359121322631836,0.00000000000004365952044338428,115.70056915283203
0.003449999960139394,0,-0.00000003248269564437578,0,-0.01264081709086895,0,0,-0.000023592239813297056,153.60675048828125,7.680337429046631,0.000000000000004718447854656915,123.27416229248047
0.0034549999982118607,0,-0.00000009516980270518616,0,-0.01253742165863514,0,0,-0.000026367797545390204,-162.41366577148438,-8.120683670043945,0.0000000000000052735593669694936,120.13455200195313
0.003459999803453684,0,-0.00000015634222449989466,0,-0.012234486639499664,0,0,-0.0002264161012135446,-475.8492126464844,-23.792461395263672,0.00000000000004528322161689857,119.87532806396484
0.0034649998415261507,0,-0.00000021502640379367222,0,-0.011736834421753883,0,0,-0.000611038994975388,-781.7113647460938,-39.085567474365234,0.0000000000001222077994356141,121.27091979980469
0.0034699998795986176,0,-0.00000027028832505493483,0,-0.011052383109927177,0,0,-0.0011558809783309698,-1075.1322021484375,-53.75661087036133,0.0000000000002311761893025732,118.62396240234375
0.0034749999176710844,0,-0.00000032124847848535865,0,-0.010192029178142548,0,0,-0.001826386316679418,-1351.4417724609375,-67.57209014892578,0.0000000000003652772528894843,121.18274688720703
0.0034799999557435513,0,-0.0000003670957937629282,0,-0.009169463068246841,0,0,-0.0025800196453928947,-1606.2425537109375,-80.31212615966797,0.0000000000005160039062701571,119.37448120117188
0.003484999993816018,0,-0.0000004071006003414368,0,-0.008000960573554039,0,0,-0.0033689718693494797,-1835.4791259765625,-91.77395629882813,0.0000000000006737943536450075,118.8212890625
0.0034899997990578413,0,-0.00000044062619508622447,0,-0.006705119274556637,0,0,-0.004143282771110535,-2035.503173828125,-101.77516174316406,0.000000000000828656587792409,114.28571319580078
0.003494999837130308,0,-0.00000046713901724615425,0,-0.00530256237834692,0,0,-0.0048538255505263805,-2203.131103515625,-110.15655517578125,0.000000000000970765134944429,126.24668884277344
0.003499999875202775,0,-0.0000004862170612796035,0,-0.003815612755715847,0,0,-0.005455497186630964,-2335.695068359375,-116.78475189208984,0.0000000000010910994330259882,121.787841796875
0.003504999913275242,0,-0.0000004975567549081461,0,-0.0022679357789456844,0,0,-0.0059101334773004055,-2431.08544921875,-121.55427551269531,0.0000000000011820266987427885,117.85504150390625
0.0035099999513477087,0,-0.0000005009775918551895,0,-0.000684163358528167,0,0,-0.006189077161252499,-2487.783935546875,-124.38919830322266,0.0000000000012378154057302027,118.6380386352539
0.0035149999894201756,0,-0.0000004964251161254651,0,0.0009104978526011109,0,0,-0.00627442542463541,-2504.887939453125,-125.24440002441406,0.0000000000012548850847338144,118.89192962646484
0.0035199997946619987,0,-0.0000004839718030780205,0,0.0024906680919229984,0,0,-0.0061609745025634766,-2482.12548828125,-124.10627746582031,0.0000000000012321949016680378,123.22859191894531
0.0035249998327344656,0,-0.00000046381580887100426,0,0.004031198099255562,0,0,-0.005855732597410679,-2419.85888671875,-120.9929428100586,0.000000000001171146513101462,115.71395874023438
0.0035299998708069324,0,-0.00000043627795776046696,0,0.005507569760084152,0,0,-0.005378128495067358,-2319.078857421875,-115.95394134521484,0.000000000001075625699620275,123.22859191894531
0.0035349999088793993,0,-0.0000004017965409275348,0,0.006896285340189934,0,0,-0.004758485127240419,-2181.3896484375,-109.0694808959961,0.000000000000951697054496492,120.94823455810547
0.003539999946951866,0,-0.00000036092032473789004,0,0.008175243623554707,0,0,-0.004036007449030876,-2008.9825439453125,-100.44912719726563,0.0000000000008072015278415279,120.09127044677734
0.003544999985024333,0,-0.0000003142998821203946,0,0.009324087761342525,0,0,-0.0032565617002546787,-1804.6014404296875,-90.23007202148438,0.0000000000006513123373963481,119.71746826171875
0.0035500000230968,0,-0.0000002626772186431481,0,0.010324534960091114,0,0,-0.002469621831551194,-1571.499267578125,-78.57496643066406,0.0000000000004939243458679243,122.08521270751953
0.003554999828338623,0,-0.00000020687392066065513,0,0.011160661466419697,0,0,-0.0017249396769329906,-1313.3858642578125,-65.66929626464844,0.0000000000003449879271144596,117.57789611816406
0.00355999986641109,0,-0.00000014777812396005174,0,0.011819160543382168,0,0,-0.0010699080303311348,-1034.369384765625,-51.71847152709961,0.0000000000002139816102086911,120.26457977294922
0.0035649999044835567,0,-0.00000008633035974980885,0,0.012289552949368954,0,0,-0.0005459521780721843,-738.890380859375,-36.94451904296875,0.00000000000010919043447188415,120.48192596435547
0.0035699999425560236,0,-0.000000023508604840571934,0,0.012564350850880146,0,0,-0.00018630930571816862,-431.65155029296875,-21.582578659057617,0.000000000000037261860263981816,119.81787872314453
0.0035749999806284904,0,0.00000003968730055703418,0,0.01263918075710535,0,0,-0.000013808398762193974,-117.54277801513672,-5.877139091491699,0.000000000000002761679773755077,119.84659576416016
0.0035800000187009573,0,0.00000010225156188425899,0,0.012512852437794209,0,0,-0.000039343529351754114,198.43675231933594,9.92183780670166,0.000000000000007868705687030797,117.37089538574219
0.0035849998239427805,0,0.00000016318844586749037,0,0.01218737568706274,0,0,-0.00026138813700526953,511.258056640625,25.562902450561523,0.00000000000005227762667203706,121.16806030273438
0.0035899998620152473,0,0.00000022152809719955258,0,0.011667930521070957,0,0,-0.000665717467200011,815.9424438476563,40.797122955322266,0.0000000000001331434962281719,119.44577026367188
0.003594999900087714,0,0.00000027634200705506373,0,0.010962785221636295,0,0,-0.0012268658028915524,1107.6407470703125,55.38203811645508,0.0000000000002453731662299674,119.00511932373047
0.003599999938160181,0,0.000000326757799484767,0,0.010083160363137722,0,0,-0.0019090978894382715,1381.7103271484375,69.08551788330078,0.00000000000038181957595639915,121.47716522216797
0.003604999976232648,0,0.0000003719731012097327,0,0.009043057449162006,0,0,-0.002669253619387746,1633.789306640625,81.68946838378906,0.0000000000005338507413910065,119.76048278808594
0.0036100000143051147,0,0.0000004112682461254735,0,0.007859029807150364,0,0,-0.0034591080620884895,1859.86572265625,92.9932861328125,0.0000000000006918216000073585,121.46240997314453
0.003614999819546938,0,0.00000044401784293768287,0,0.006549921818077564,0,0,-0.004228492733091116,2056.341552734375,102.81707763671875,0.0000000000008456985112204052,119.37448120117188
0.003619999857619405,0,0.000000469700694338826,0,0.005136569030582905,0,0,-0.004928765818476677,2220.089599609375,111.00447845458984,0.0000000000009857531457768687,120.30799102783203
0.0036249998956918716,0,0.0000004879080393038748,0,0.0036414647474884987,0,0,-0.0055154492147266865,2348.50390625,117.4251937866211,0.00000000000110308984169194,119.11852264404297
0.0036299999337643385,0,0.0000004983500616617675,0,0.002088405191898346,0,0,-0.005951350554823875,2439.54052734375,121.9770278930664,0.0000000000011902701047006303,120.09127044677734
0.0036349999718368053,0,0.000000500860608099174,0,0.0005021074321120977,0,0,-0.006208852864801884,2491.750732421875,124.58753967285156,0.0000000000012417705752554298,120.75836181640625
0.003640000009909272,0,0.000000495399717692635,0,-0.0010921816574409604,0,0,-0.0062715113162994385,2504.303466796875,125.21517181396484,0.0000000000012543022176458862,118.49745178222656
0.0036449998151510954,0,0.0000004820543040295888,0,-0.002669088076800108,0,0,-0.006135508883744478,2476.9990234375,123.8499526977539,0.0000000000012271017535425699,121.22681427001953
0.0036499998532235622,0,0.00000046103673412289936,0,-0.004203514661639929,0,0,-0.0058093806728720665,2410.271728515625,120.51358795166016,0.000000000001161876150845842,120.07685089111328
0.003654999891296029,0,0.0000004326815314925625,0,-0.005671040620654821,0,0,-0.0053138742223382,2305.183837890625,115.25919342041016,0.000000000001062774868110239,118.94849395751953
0.003659999929368496,0,0.0000003974399760409142,0,-0.0070483083836734295,0,0,-0.004680353216826916,2163.40771484375,108.1703872680664,0.000000000000936070665424893,121.46240997314453
0.003664999967440963,0,0.0000003558729986252729,0,-0.00831339880824089,0,0,-0.003948993980884552,1987.199951171875,99.36000061035156,0.0000000000007897987819305285,118.90606689453125
0.0036700000055134296,0,0.00000030864211453263124,0,-0.009446177631616592,0,0,-0.0031661479733884335,1779.364990234375,88.96825408935547,0.0000000000006332295798827658,120.43839263916016
0.003674999810755253,0,0.0000002564990211340046,0,-0.010428616777062416,0,0,-0.002381497761234641,1543.2105712890625,77.16053009033203,0.000000000000476299555352,119.54572296142578
0.0036799998488277197,0,0.0000002002736323447607,0,-0.011245079338550568,0,0,-0.0016447954112663865,1282.4951171875,64.124755859375,0.0000000000003289590821964339,119.09014892578125
0.0036849998869001865,0,0.00000014086077726460644,0,-0.011882569640874863,0,0,-0.0010027395328506827,1001.3681640625,50.06840896606445,0.00000000000020054791161072671,121.40342712402344
0.0036899999249726534,0,0.00000007920606037714606,0,-0.01233094371855259,0,0,-0.0004960615187883377,704.3038940429688,35.21519470214844,0.00000000000009921230503806555,120.19230651855469
0.0036949999630451202,0,0.000000016290741200464254,0,-0.012583063915371895,0,0,-0.00015681900549679995,396.0303039550781,19.801515579223633,0.00000000000003136380044566067,115.79434967041016
0.003700000001117587,0,-0.000000046883847915069055,0,-0.012634918093681335,0,0,-0.000006661338375124615,81.45370483398438,4.072685241699219,0.0000000000000013322676295501878,124.4090576171875
0.0037049998063594103,0,-0.0000001093122605766439,0,-0.012485682964324951,0,0,-0.00005495603909366764,-234.4192352294922,-11.720961570739746,0.00000000000001099120794378905,120.4529037475586
0.003709999844431877,0,-0.00000017000091645513749,0,-0.012137731537222862,0,0,-0.0002987193875014782,-546.561279296875,-27.32806396484375,0.00000000000005974387651264124,120.00479888916016
0.003714999882504344,0,-0.00000022798391796641226,0,-0.011596601456403732,0,0,-0.0007224776200018823,-850.0045776367188,-42.50022888183594,0.00000000000014449552665496412,117.99410247802734
0.003719999920576811,0,-0.0000002823384477323998,0,-0.010870905593037605,0,0,-0.0012994466815143824,-1139.9195556640625,-56.99597930908203,0.00000000000025988933227694133,122.44398498535156
0.0037249999586492777,0,-0.00000033219941997231217,0,-0.009972194209694862,0,0,-0.0019929197151213884,-1411.692138671875,-70.58460998535156,0.000000000000398583943628239,117.04119873046875
0.0037299999967217445,0,-0.00000037677327213714307,0,-0.008914770558476448,0,0,-0.0027589041274040937,-1660.9969482421875,-83.04985046386719,0.0000000000005517808432387028,120.32246398925781
0.0037349998019635677,0,-0.0000004153505983595096,0,-0.007715463638305664,0,0,-0.003548966720700264,-1883.8662109375,-94.19331359863281,0.0000000000007097933352184782,120.40939331054688
0.0037399998400360346,0,-0.00000044731740445058676,0,-0.006393361836671829,0,0,-0.0043129390105605125,-2076.752685546875,-103.83763885498047,0.0000000000008625877789825154,120.00479888916016
0.0037449998781085014,0,-0.0000004721649418115703,0,-0.004969506524503231,0,0,-0.005002317950129509,-2236.586669921875,-111.82933807373047,0.000000000001000463600853152,119.67448425292969
0.0037499999161809683,0,-0.0000004894977223557362,0,-0.0034665593411773443,0,0,-0.005573458503931761,-2360.82421875,-118.04121398925781,0.0000000000011146916722992728,120.8897476196289
0.003754999954253435,0,-0.0000004990399133930623,0,-0.0019084399100393057,0,0,-0.005990208126604557,-2447.48828125,-122.3744125366211,0.0000000000011980416658730064,120.35142517089844
0.003759999992325902,0,-0.000000500639657730062,0,-0.00031994679011404514,0,0,-0.006225991994142532,-2495.19921875,-124.75996398925781,0.00000000000124519838884396,119.16110229492188
0.003764999797567725,0,-0.0000004942714895150857,0,0.0012736385688185692,0,0,-0.006265960168093443,-2503.197998046875,-125.15990447998047,0.000000000001253191994621261,120.01920318603516
0.003769999835640192,0,-0.0000004800367037205433,0,0.0028469529934227467,0,0,-0.006107614375650883,-2471.35693359375,-123.5678482055664,0.0000000000012215228828438285,118.97679901123047
0.003774999873712659,0,-0.0000004581619066357234,0,0.004374957177788019,0,0,-0.00576087785884738,-2400.18310546875,-120.0091552734375,0.0000000000011521755771681796,118.99095916748047
0.0037799999117851257,0,-0.0000004289952357794391,0,0.005833331495523453,0,0,-0.005247815977782011,-2290.80908203125,-114.54045867919922,0.0000000000010495632141171995,120.8021240234375
0.0037849999498575926,0,-0.0000003930009029318171,0,0.0071988655254244804,0,0,-0.004600903019309044,-2144.975830078125,-107.24879455566406,0.0000000000009201805983849454,120.16342163085938
0.0037899999879300594,0,-0.0000003507517760681367,0,0.008449825458228588,0,0,-0.003861216828227043,-1965.004150390625,-98.25020599365234,0.0000000000007722433803536433,120.19230651855469
0.0037949997931718826,0,-0.0000003029202559901023,0,0.00956630241125822,0,0,-0.0030756646301597357,-1753.758544921875,-87.68792724609375,0.0000000000006151329445813758,113.66219329833984
0.0037999998312443495,0,-0.00000025026761818480736,0,0.010530526749789715,0,0,-0.0022939983755350113,-1514.6009521484375,-75.73004913330078,0.0000000000004587996649263459,122.50398254394531
0.0038049998693168163,0,-0.00000019363184833309788,0,0.011327153071761131,0,0,-0.0015658307820558548,-1251.3377685546875,-62.566890716552734,0.00000000000031316615967114103,123.93109130859375
0.003809999907389283,0,-0.00000013391434094955912,0,0.011943502351641655,0,0,-0.0009373057982884347,-968.158935546875,-48.4079475402832,0.00000000000018746115770795768,118.18933868408203
0.00381499994546175,0,-0.00000007206551799754379,0,0.012369764968752861,0,0,-0.0004483219236135483,-669.5714111328125,-33.478572845458984,0.0000000000000896643870262892,121.08003234863281
0.003819999983534217,0,-0.000000009069736961464514,0,0.01259915716946125,0,0,-0.00012982670159544796,-360.3273010253906,-18.01636505126953,0.00000000000002596534098842085,120.61270904541016
0.00382499978877604,0,0.00000005407039083138443,0,0.012628026306629181,0,0,-0.000002012279310292797,-45.34839630126953,-2.2674198150634766,0.00000000000000040245584642661925,117.15088653564453
0.003829999826848507,0,0.00000011634995900067224,0,0.012455914169549942,0,0,-0.00007306655606953427,270.35223388671875,13.517611503601074,0.000000000000014613310561628623,119.48858642578125
0.0038349998649209738,0,0.00000017677776043001359,0,0.012085560709238052,0,0,-0.0003384098527021706,581.7500610351563,29.08750343322754,0.0000000000000676819711387111,120.03360748291016
0.0038399999029934406,0,0.00000023439204710484773,0,0.011522859334945679,0,0,-0.0007812500698491931,883.8890380859375,44.194454193115234,0.00000000000015625001292818297,124.65719604492188
0.0038449999410659075,0,0.00000028827588494095835,0,0.010776765644550323,0,0,-0.0013734846143051982,1171.96044921875,58.5980224609375,0.00000000000027469693186787936,116.17100524902344
0.0038499999791383743,0,0.0000003375716630671377,0,0.009859154000878334,0,0,-0.0020775741431862116,1441.379638671875,72.06898498535156,0.00000000000041551484475377265,124.3935775756836
0.003855000017210841,0,0.0000003814948001945595,0,0.00878462940454483,0,0,-0.002848832169547677,1687.8585205078125,84.39292907714844,0.0000000000005697664562376303,118.76484680175781
0.0038599998224526644,0,0.00000041934626437978295,0,0.007570293266326189,0,0,-0.003638478461652994,1907.4742431640625,95.37371063232422,0.0000000000007276956814905589,120.33694458007813
0.0038649998605251312,0,0.0000004505236290697212,0,0.006235472392290831,0,0,-0.0043962751515209675,2096.7314453125,104.8365707397461,0.0000000000008792550021397005,119.78916931152344
0.003869999898597598,0,0.00000047453067963942885,0,0.004801411181688309,0,0,-0.005074274260550737,2252.6181640625,112.63091278076172,0.0000000000010148548668098556,119.26058197021484
0.003874999936670065,0,0.0000004909853714707424,0,0.003290932858362794,0,0,-0.005629455205053091,2372.653564453125,118.63268280029297,0.000000000001125891047060179,120.3948974609375
0.0038799999747425318,0,0.0000004996257416678418,0,0.0017280776519328356,0,0,-0.006026637740433216,2454.927001953125,122.74635314941406,0.000000000001205327504472109,119.16110229492188
0.0038850000128149986,0,0.0000005003143428439216,0,0.0001377194421365857,0,0,-0.006240632850676775,2498.12890625,124.90644836425781,0.0000000000012481266020714088,121.77301788330078
0.003889999818056822,0,0.0000004930402042191417,0,-0.0014548305189236999,0,0,-0.0062578413635492325,2501.57177734375,125.0785903930664,0.0000000000012515682934477468,116.8497314453125
0.0038949998561292887,0,0.0000004779190589943028,0,-0.0030242260545492172,0,0,-0.0060772220604121685,2465.200927734375,123.26004791259766,0.0000000000012154444117840058,123.53304290771484
0.0038999998942017555,0,0.00000045519161062657076,0,-0.00454548979178071,0,0,-0.00571015477180481,2389.59521484375,119.4797592163086,0.0000000000011420309142806673,117.39845275878906
0.0039049999322742224,0,0.0000004252195537901571,0,-0.005994409788399935,0,0,-0.005179953761398792,2275.9580078125,113.79790496826172,0.000000000001035990737641157,120.48192596435547
0.003909999970346689,0,0.0000003884799184561416,0,-0.007347925566136837,0,0,-0.004520272836089134,2126.09765625,106.30488586425781,0.000000000000904054608952265,119.23214721679688
0.003914999775588512,0,0.00000034555745287434547,0,-0.008584494702517986,0,0,-0.003772954223677516,1942.3995361328125,97.11997985839844,0.0000000000007545908342621033,121.22681427001953
0.003920000046491623,0,0.00000029713527283092844,0,-0.009684438817203045,0,0,-0.0029852509032934904,1727.7872314453125,86.38936614990234,0.0000000000005970501870677936,118.90606689453125
0.003924999851733446,0,0.0000002439840329770959,0,-0.010630249045789242,0,0,-0.00220719282515347,1485.67626953125,74.2838134765625,0.00000000000044143855237877005,120.06243133544922
0.003930000122636557,0,0.00000018694966286147974,0,-0.011406873352825642,0,0,-0.0014881845563650131,1219.9200439453125,60.996002197265625,0.00000000000029763691511419665,121.56576538085938
0.00393499992787838,0,0.00000012693990925072285,0,-0.012001953087747097,0,0,-0.0008737455355003476,934.7482299804688,46.73741149902344,0.00000000000017474910407599964,119.77482604980469
0.003939999733120203,0,0.00000006490983395224248,0,-0.01240601483732462,0,0,-0.0004028721887152642,634.6994018554688,31.734970092773438,0.00000000000008057443601217074,120.48192596435547
0.0039450000040233135,0,0.0000000018466934648131428,0,-0.012612628750503063,0,0,-0.00010533240856602788,324.54901123046875,16.22745132446289,0.000000000000021066481892262345,119.6458511352539
0.003949999809265137,0,-0.00000006124584217559459,0,-0.012618507258594036,0,0,-0.00000006938893903907228,9.233308792114258,0.46166545152664185,0.000000000000000013877787807814457,119.97600555419922
0.003955000080168247,0,-0.00000012336361976394983,0,-0.012423555366694927,0,0,-0.00009374445653520525,-306.2293701171875,-15.311469078063965,0.00000000000001874889132835733,118.31519317626953
0.00395999988541007,0,-0.00000018351799724314333,0,-0.012030876241624355,0,0,-0.00038045956171117723,-616.8182373046875,-30.840911865234375,0.00000000000007609191055024667,121.86205291748047
0.003964999690651894,0,-0.00000024075160354186664,0,-0.01144672092050314,0,0,-0.0008419653750024736,-917.5901489257813,-45.87950897216797,0.00000000000016839307726002062,119.48858642578125
0.003969999961555004,0,-0.00000029415352287287533,0,-0.010680384002625942,0,0,-0.0014489798340946436,-1203.7581787109375,-60.18790817260742,0.0000000000002897959650027815,120.75836181640625
0.003974999766796827,0,-0.0000003428738466482173,0,-0.009744063951075077,0,0,-0.0021631307899951935,-1470.767822265625,-73.53839111328125,0.0000000000004326261571208079,118.6943588256836
0.003980000037699938,0,-0.00000038613714536950283,0,-0.008652661927044392,0,0,-0.0029390379786491394,-1714.369384765625,-85.71846771240234,0.0000000000005878075803877891,121.50668334960938
0.003984999842941761,0,-0.0000004232549031257804,0,-0.007423548959195614,0,0,-0.0037275045178830624,-1930.6859130859375,-96.53429412841797,0.0000000000007455008832479848,119.33174133300781
0.0039900001138448715,0,-0.0000004536363462648296,0,-0.006076286546885967,0,0,-0.004478639457374811,-2116.274658203125,-105.81373596191406,0.0000000000008957279362675763,119.34598541259766
0.003994999919086695,0,-0.00000047679793624411104,0,-0.004632317461073399,0,0,-0.005144634749740362,-2268.181884765625,-113.40909576416016,0.0000000000010289269436469795,117.75788879394531
0.003999999724328518,0,-0.0000004923710434923123,0,-0.003114622551947832,0,0,-0.005683370400220156,-2383.98974609375,-119.1994857788086,0.0000000000011366740881868509,121.08003234863281
0.004004999995231628,0,-0.0000005001078307032003,0,-0.0015473567182198167,0,0,-0.0060607073828577995,-2461.855224609375,-123.09276580810547,0.000000000001212141498285746,117.79950714111328
0.004009999800473452,0,-0.0000004998851750315225,0,0.00004453584551811218,0,0,-0.00625270651653409,-2500.5390625,-125.0269546508789,0.0000000000012505413371499685,122.78978729248047
0.004015000071376562,0,-0.0000004917066007692483,0,0.0016357197891920805,0,0,-0.0062471553683280945,-2499.42578125,-124.9712905883789,0.0000000000012494311141253434,119.67448425292969
0.004019999876618385,0,-0.00000047570225092385954,0,0.0032008702401071787,0,0,-0.006044401321560144,-2458.53271484375,-122.9266357421875,0.0000000000012088802181509095,117.13716888427734
0.0040249996818602085,0,-0.00000045212686927698087,0,0.004715077579021454,0,0,-0.0056573497131466866,-2378.510986328125,-118.92555236816406,0.0000000000011314699177589205,123.93109130859375
0.004029999952763319,0,-0.0000004213556508148031,0,0.006154241971671581,0,0,-0.005110425874590874,-2260.634033203125,-113.03170013427734,0.000000000001022085194257727,120.1201171875
0.004034999758005142,0,-0.0000003838783584342309,0,0.007495458237826824,0,0,-0.00443853298202157,-2106.778076171875,-105.33890533447266,0.0000000000008877065749146595,119.43150329589844
0.004040000028908253,0,-0.0000003402914501293708,0,0.00871738139539957,0,0,-0.0036840669345110655,-1919.3916015625,-95.9695816040039,0.000000000000736813388080293,120.61270904541016
0.004044999834150076,0,-0.00000029128864298400003,0,0.009800562635064125,0,0,-0.002894975943490863,-1701.45703125,-85.0728530883789,0.000000000000578995185129827,119.60292053222656
0.004050000105053186,0,-0.00000023764982870488893,0,0.010727763175964355,0,0,-0.002121219877153635,-1456.4429931640625,-72.82215118408203,0.00000000000042424397328488794,118.53958892822266
0.00405499991029501,0,-0.0000001802286959673438,0,0.01148422621190548,0,0,-0.0014119261177256703,-1188.2489013671875,-59.412445068359375,0.00000000000028238522631340857,121.31505584716797
0.004059999715536833,0,-0.0000001199391306272446,0,0.012057911604642868,0,0,-0.0008120587444864213,-901.1432495117188,-45.05716323852539,0.0000000000001624117507148526,120.5400161743164
0.004064999986439943,0,-0.00000005774069222752587,0,0.012439688667654991,0,0,-0.0003596428723540157,-599.6954345703125,-29.984771728515625,0.00000000000007192857420790233,118.9343490600586
0.0040699997916817665,0,0.000000005376719514060824,0,0.012623483315110207,0,0,-0.0000833361191325821,-288.7032470703125,-14.435162544250488,0.000000000000016667223157185163,118.83541107177734
0.004075000062584877,0,0.00000006840856769940729,0,0.012606369331479073,0,0,-0.000000763278308113513,26.883811950683594,1.3441905975341797,0.00000000000000015265566588595902,120.72920227050781
0.0040799998678267,0,0.00000013035165125074855,0,0.012388618662953377,0,0,-0.00011698975140461698,342.0430603027344,17.102153778076172,0.000000000000023397950243975174,119.54572296142578
0.004084999673068523,0,0.0000001902201347547816,0,0.011973695829510689,0,0,-0.0004247990727890283,651.7584838867188,32.58792495727539,0.0000000000000849598169594401,120.77294921875
0.004089999943971634,0,0.00000024706116619199747,0,0.011368205770850182,0,0,-0.0009045542101375759,951.1008911132813,47.55504608154297,0.00000000000018091084186266926,118.34319305419922
0.004094999749213457,0,0.00000029997008255122637,0,0.010581785812973976,0,0,-0.0015260014915838838,1235.3060302734375,61.76530075073242,0.00000000000030520030946945553,120.97750091552734
0.004100000020116568,0,0.0000003481048338471737,0,0.009626951068639755,0,0,-0.0022495200391858816,1499.8507080078125,74.99253845214844,0.00000000000044990400294153687,120.5981674194336
0.004104999825358391,0,0.000000390699312902143,0,0.008518898859620094,0,0,-0.0030294517055153847,1740.5245361328125,87.02622985839844,0.0000000000006058903379013714,119.63153839111328
0.004110000096261501,0,0.0000004270756335245096,0,0.007275264244526625,0,0,-0.003816114040091634,1953.4969482421875,97.67485046386719,0.0000000000007632228182785639,121.71372985839844
0.0041149999015033245,0,0.00000045665484549317625,0,0.0059158396907150745,0,0,-0.004559824708849192,2135.378662109375,106.76893615722656,0.0000000000009119649480027192,123.71643829345703
0.004119999706745148,0,0.0000004789661716131377,0,0.004462262149900198,0,0,-0.005213329568505287,2283.274658203125,114.16373443603516,0.0000000000010426659535767158,117.35711669921875
0.004124999977648258,0,0.0000004936545110467705,0,0.002937665209174156,0,0,-0.005735204089432955,2394.831298828125,119.74156951904297,0.0000000000011470407956792883,117.95234680175781
0.004129999782890081,0,0.0000005004860668123001,0,0.0013663140125572681,0,0,-0.00609234906733036,2468.27294921875,123.41365051269531,0.0000000000012184697695261093,119.2890396118164
0.004135000053793192,0,0.0000004993521542928647,0,-0.0002267829841002822,0,0,-0.006262143608182669,2502.430908203125,125.12154388427734,0.0000000000012524287162918313,119.38873291015625
0.004139999859035015,0,0.0000004902707928522432,0,-0.0018162705237045884,0,0,-0.00623383279889822,2496.76123046875,124.83806610107422,0.000000000001246766578866243,120.27904510498047
0.004144999664276838,0,0.0000004733865353045985,0,-0.003376851323992014,0,0,-0.006009151693433523,2451.3544921875,122.5677261352539,0.0000000000012018303019445398,117.5088119506836
0.004149999935179949,0,0.0000004489681089125952,0,-0.004883687477558851,0,0,-0.005602393765002489,2366.93310546875,118.3466567993164,0.0000000000011204787098151314,123.8850326538086
0.004154999740421772,0,0.00000041740412370927515,0,-0.00631279731169343,0,0,-0.0050393021665513515,2244.8408203125,112.2420425415039,0.0000000000010078604617547171,118.62396240234375
0.0041600000113248825,0,0.00000037919693340882077,0,-0.007641436066478491,0,0,-0.004355682525783777,2087.02099609375,104.3510513305664,0.0000000000008711364962721291,120.13455200195313
0.004164999816566706,0,0.00000033495464890620497,0,-0.008848457597196102,0,0,-0.003594763344153762,1895.985107421875,94.79925537109375,0.0000000000007189526751716357,118.72254180908203
0.004170000087469816,0,0.0000002853813896308566,0,-0.009914652444422245,0,0,-0.002804839750751853,1674.773681640625,83.73868560791016,0.000000000000560967938767476,120.97750091552734
0.004174999892711639,0,0.0000002312661422365636,0,-0.010823049582540989,0,0,-0.0020360101480036974,1426.9073486328125,71.34536743164063,0.0000000000004072020498568918,120.99213409423828
0.004179999697953463,0,0.0000001734701697841956,0,-0.011559193022549152,0,0,-0.0013370554661378264,1156.3310546875,57.81655502319336,0.00000000000026741109326877677,119.78916931152344
0.004184999968856573,0,0.00000011291334089946758,0,-0.012111366726458073,0,0,-0.0007523148669861257,867.3512573242188,43.3675651550293,0.00000000000015046297541232434,119.88970184326172
0.004189999774098396,0,0.00000005055943574916455,0,-0.012470780871808529,0,0,-0.0003187727998010814,564.567138671875,28.228357315063477,0.00000000000006375455718909961,119.83223724365234
0.004195000045001507,0,-0.000000012599144838532084,0,-0.012631717137992382,0,0,-0.00006390720955096185,252.797607421875,12.639880180358887,0.000000000000012781442570997115,120.4529037475586
0.00419999985024333,0,-0.00000007555720316076986,0,-0.01259161252528429,0,0,-0.0000039551696318085305,-62.995296478271484,-3.1497647762298584,0.000000000000000791033905045424,117.92453002929688
0.0042050001211464405,0,-0.00000013731272474615253,0,-0.01235110592097044,0,0,-0.0001427330425940454,-377.78558349609375,-18.889280319213867,0.00000000000002854660952067434,117.57789611816406
0.004209999926388264,0,-0.00000019688286556629464,0,-0.01191402692347765,0,0,-0.00047135906061157584,-686.563232421875,-34.328163146972656,0.0000000000000942718125784836,118.8212890625
0.004214999731630087,0,-0.0000002533195129217347,0,-0.011287328787147999,0,0,-0.0009690859005786479,-984.4138793945313,-49.22069549560547,0.0000000000001938171845239367,122.27928924560547
0.004220000002533197,0,-0.0000003057244555293437,0,-0.010480987839400768,0,0,-0.001604272285476327,-1266.5970458984375,-63.32985305786133,0.00000000000032085445411667024,121.74336242675781
0.004224999807775021,0,-0.00000035326365832588635,0,-0.00950783770531416,0,0,-0.002336672507226467,-1528.6217041015625,-76.43108367919922,0.0000000000004673345044281518,120.71463012695313
0.004230000078678131,0,-0.0000003951804785629065,0,-0.008383364416658878,0,0,-0.00311986543238163,-1766.317626953125,-88.31587982177734,0.0000000000006239730954149536,119.2890396118164
0.004234999883919954,0,-0.0000004308078018766537,0,-0.007125466130673885,0,0,-0.003904168726876378,-1975.9017333984375,-98.79508972167969,0.0000000000007808337310066804,122.01073455810547
0.0042399996891617775,0,-0.00000045957861516399134,0,-0.005754162557423115,0,0,-0.004639829974621534,-2154.038330078125,-107.70191955566406,0.0000000000009279660373451293,119.40298461914063
0.004244999960064888,0,-0.0000004810349878425768,0,-0.00429127924144268,0,0,-0.005280290264636278,-2297.892333984375,-114.89461517333984,0.0000000000010560580188112567,118.14744567871094
0.004249999765306711,0,-0.0000004948354899170226,0,-0.002760097850114107,0,0,-0.005784886423498392,-2405.17431640625,-120.25872039794922,0.0000000000011569772917496834,119.48858642578125
0.004255000036209822,0,-0.0000005007604499951412,0,-0.0011849879520013928,0,0,-0.006121561396867037,-2474.1767578125,-123.7088394165039,0.0000000000012243123181931992,121.24151611328125
0.004259999841451645,0,-0.0000004987155648450425,0,0.00040898157749325037,0,0,-0.0062690130434930325,-2503.801513671875,-125.19007873535156,0.000000000001253802617284805,119.63153839111328
0.004265000112354755,0,-0.0000004887333489023149,0,0.0019964417442679405,0,0,-0.006217943038791418,-2493.576904296875,-124.67884826660156,0.0000000000012435885654582535,119.91845703125
0.004269999917596579,0,-0.00000047097270794438373,0,0.003552127629518509,0,0,-0.005971542559564114,-2443.665771484375,-122.18328857421875,0.0000000000011943085409527043,121.4476547241211
0.004274999722838402,0,-0.0000004457163242932438,0,0.005051279440522194,0,0,-0.005545355845242739,-2354.862548828125,-117.74312591552734,0.000000000001109071168237108,118.46937561035156
0.004279999993741512,0,-0.00000041336613776365994,0,0.006470037624239922,0,0,-0.004966582637280226,-2228.58056640625,-111.42903137207031,0.0000000000009933165401321276,119.97600555419922
0.0042849997989833355,0,-0.0000003744370360436733,0,0.00778582226485014,0,0,-0.0042717913165688515,-2066.82958984375,-103.34148406982422,0.0000000000008543582508124814,119.47431182861328
0.004290000069886446,0,-0.00000032954858397715725,0,0.008977691642940044,0,0,-0.003505112836137414,-1872.18408203125,-93.60920715332031,0.0000000000007010225733239395,121.13870239257813
0.004294999875128269,0,-0.00000027941518965235446,0,0.010026677511632442,0,0,-0.0027150504756718874,-1647.7418212890625,-82.38709259033203,0.0000000000005430100813441641,119.67448425292969
0.004299999680370092,0,-0.00000022483477835066878,0,0.010916083119809628,0,0,-0.001951841521076858,-1397.0748291015625,-69.85374450683594,0.00000000000039036829324601285,119.83223724365234
0.004304999951273203,0,-0.0000001666760169882764,0,0.011631754226982594,0,0,-0.0012637113686650991,-1124.1727294921875,-56.20863723754883,0.0000000000002527422715559169,118.48341369628906
0.004309999756515026,0,-0.00000010586452248162459,0,0.012162298895418644,0,0,-0.0006945139029994607,-833.37890625,-41.6689453125,0.0000000000001389027781684149,120.9628677368164
0.004315000027418137,0,-0.0000000433681464073743,0,0.012499275617301464,0,0,-0.00028019252931699157,-529.3214111328125,-26.4660701751709,0.000000000000056038507167954776,120.14898681640625
0.00431999983265996,0,0.000000019818450880393357,0,0.012637319974601269,0,0,-0.000046976310841273516,-216.8395233154297,-10.841976165771484,0.000000000000009395262345890387,120.01920318603516
0.00432500010356307,0,0.00000008268963114232974,0,0.012574235908687115,0,0,-0.00000978384014160838,99.09346008300781,4.9546732902526855,0.0000000000000019567680809018384,118.70845031738281
0.0043299999088048935,0,0.00000014424475125451863,0,0.012311025522649288,0,0,-0.00017097435193136334,413.4493713378906,20.672468185424805,0.00000000000003419486915845482,122.35409545898438
0.004334999714046717,0,0.00000020350414331460343,0,0.011851879768073559,0,0,-0.000520139466971159,721.2250366210938,36.06125259399414,0.00000000000010402789740737717,117.93843841552734
0.004339999984949827,0,0.00000025952468263312767,0,0.01120410580188036,0,0,-0.001035352353937924,1017.5220336914063,50.876102447509766,0.0000000000002070704718803995,121.47716522216797
0.00434499979019165,0,0.00000031141473755269544,0,0.010378011502325535,0,0,-0.0016837919829413295,1297.6246337890625,64.88123321533203,0.0000000000003367583989444256,116.8497314453125
0.004350000061094761,0,0.0000003583484726732422,0,0.009386747144162655,0,0,-0.002424518810585141,1557.074951171875,77.85375213623047,0.0000000000004849037837928449,123.28936004638672
0.004354999866336584,0,0.0000003995789086275181,0,0.008246087469160557,0,0,-0.003210348542779684,1791.74365234375,89.5871810913086,0.0000000000006420697307163437,119.00511932373047
0.004359999671578407,0,0.00000043444984498819395,0,0.006974187679588795,0,0,-0.003991598729044199,1997.8958740234375,99.8947982788086,0.0000000000007983197436445266,118.6802749633789
0.004364999942481518,0,0.00000046240629103522224,0,0.005591290071606636,0,0,-0.004718656186014414,2172.25048828125,108.6125259399414,0.0000000000009437312042948065,121.37395477294922
0.004369999747723341,0,0.00000048300330490747,0,0.004119404591619968,0,0,-0.0053455159068107605,2312.03271484375,115.60163879394531,0.0000000000010691031393506023,119.61722564697266
0.0043750000186264515,0,0.000000495913070608367,0,0.0025819563306868076,0,0,-0.005832279101014137,2415.017822265625,120.75089263916016,0.0000000000011664558208224207,120.20675659179688
0.004379999823868275,0,0.0000005009301276004408,0,0.001003415323793888,0,0,-0.006148276384919882,2479.566650390625,123.97833251953125,0.0000000000012296552664992078,120.20675659179688
0.004385000094771385,0,0.0000004979746677236108,0,-0.000591095769777894,0,0,-0.00627324590459466,2504.652099609375,125.23260498046875,0.0000000000012546491623410816,119.73180389404297
0.004389999900013208,0,0.000000487093643641856,0,-0.002176199108362198,0,0,-0.006199485156685114,2489.874755859375,124.49373626708984,0.0000000000012398970739013748,119.96160888671875
0.004394999705255032,0,0.0000004684603140958643,0,-0.003726667258888483,0,0,-0.0059315054677426815,2435.4697265625,121.77349090576172,0.0000000000011863010573875954,118.13349151611328
0.004399999976158142,0,0.000000442371202780123,0,-0.005217823665589094,0,0,-0.0054863751865923405,2342.302978515625,117.11515045166016,0.0000000000010972750486004657,121.32977294921875
0.004404999781399965,0,0.00000040924152244770085,0,-0.006625935900956392,0,0,-0.004892336670309305,2211.857421875,110.5928726196289,0.000000000000978467307177766,119.70313262939453
0.004410000052303076,0,0.00000036959855265195074,0,-0.007928593084216118,0,0,-0.004186998121440411,2046.208984375,102.3104476928711,0.0000000000008373995941113321,120.72920227050781
0.004414999857544899,0,0.00000032407325534222764,0,-0.009105062112212181,0,0,-0.003415046026930213,1847.994140625,92.39971160888672,0.0000000000006830092047493963,118.5817642211914
0.004419999662786722,0,0.0000002733901567353314,0,-0.010136619210243225,0,0,-0.002625608118250966,1620.3675537109375,81.01837921142578,0.0000000000005251216128598912,120.14898681640625
0.004424999933689833,0,0.00000021835592178831575,0,-0.011006847023963928,0,0,-0.001868574763648212,1366.9520263671875,68.34760284423828,0.0000000000003737149478766355,120.2501220703125
0.004429999738931656,0,0.00000015984643653155217,0,-0.011701896786689758,0,0,-0.0011919632088392973,1091.7808837890625,54.589046478271484,0.00000000000023839263896263674,121.03607177734375
0.004435000009834766,0,0.00000009879291695824577,0,-0.012210704386234283,0,0,-0.0006387945613823831,799.2334594726563,39.961673736572266,0.0000000000001277589145587399,119.80352020263672
0.00443999981507659,0,0.000000036167051575830556,0,-0.012525172904133797,0,0,-0.00024397150264121592,493.9658508300781,24.698293685913086,0.00000000000004879430193227563,118.83541107177734
0.0044450000859797,0,-0.000000027034431582251273,0,-0.012640297412872314,0,0,-0.0000326821900671348,180.83651733398438,9.041826248168945,0.000000000000006536438057480609,119.3602294921875
0.004449999891221523,0,-0.00000008980565269212093,0,-0.012554245069622993,0,0,-0.00001824929131544195,-135.1708984375,-6.758544921875,0.000000000000003649858193455202,121.87690734863281
0.0044549996964633465,0,-0.000000151147574456445,0,-0.012268384918570518,0,0,-0.0002016442595049739,-449.0270080566406,-22.451351165771484,0.00000000000004032885136950881,117.96626281738281
0.004459999967366457,0,-0.0000002100839111562891,0,-0.01178726740181446,0,0,-0.0005711403791792691,-755.7366333007813,-37.78683090209961,0.0000000000001142280714461208,121.53621673583984
0.00446499977260828,0,-0.0000002656766469044669,0,-0.011118549853563309,0,0,-0.001103353570215404,-1050.4183349609375,-52.52091598510742,0.00000000000022067070393205768,118.99095916748047
0.004470000043511391,0,-0.00000031704101388640993,0,-0.010272875428199768,0,0,-0.001764630083926022,-1328.382080078125,-66.41910552978516,0.00000000000035292602174052945,120.97750091552734
0.004474999848753214,0,-0.0000003633595326846262,0,-0.009263703599572182,0,0,-0.002512851031497121,-1585.2039794921875,-79.26020050048828,0.0000000000005025702076721927,120.22120666503906
0.004479999653995037,0,-0.0000004038950009999098,0,-0.008107095956802368,0,0,-0.003300762502476573,-1816.7965087890625,-90.83982849121094,0.0000000000006601524882299259,119.11852264404297
0.004484999924898148,0,-0.00000043800230287160957,0,-0.006821459159255028,0,0,-0.004078265279531479,-2019.473876953125,-100.97369384765625,0.0000000000008156531006164869,120.8313217163086
0.004489999730139971,0,-0.0000004651385836496047,0,-0.005427255295217037,0,0,-0.004796163644641638,-2190.01025390625,-109.5005111694336,0.0000000000009592326932761353,119.81787872314453
0.004495000001043081,0,-0.0000004848719754591002,0,-0.003946674056351185,0,0,-0.0054088677279651165,-2325.691650390625,-116.28458404541016,0.000000000001081773559619137,118.62396240234375
0.0044999998062849045,0,-0.0000004968883899891807,0,-0.0024032797664403915,0,0,-0.005877520889043808,-2424.3583984375,-121.2179183959961,0.0000000000011755041384731157,121.12403106689453
0.004505000077188015,0,-0.000000500996577557089,0,-0.0008216358255594969,0,0,-0.006172423716634512,-2484.4404296875,-124.2220230102539,0.0000000000012344847366563272,119.96160888671875
0.004509999882429838,0,-0.0000004971311682311352,0,0.0007730849320068955,0,0,-0.006274911109358072,-2504.9814453125,-125.24907684326172,0.0000000000012549822292484691,120.48192596435547
0.004514999687671661,0,-0.0000004853536665905267,0,0.0023555015213787556,0,0,-0.0061784605495631695,-2485.654296875,-124.28271484375,0.000000000001235692104195607,119.09014892578125
0.004519999958574772,0,-0.00000046585151380895695,0,0.0039004292339086533,0,0,-0.00588917825371027,-2426.766845703125,-121.33834075927734,0.0000000000011778356068248286,119.14691162109375
0.004524999763816595,0,-0.00000043893510337511543,0,0.0053832801058888435,0,0,-0.005425451789051294,-2329.256103515625,-116.46280670166016,0.0000000000010850903509052046,120.68549346923828
0.004530000034719706,0,-0.0000004050328357152466,0,0.006780453026294708,0,0,-0.0048165637999773026,-2194.674072265625,-109.73370361328125,0.0000000000009633127628916327,117.9106216430664
0.004534999839961529,0,-0.0000003646842685611773,0,0.008069711737334728,0,0,-0.004101302474737167,-2025.1627197265625,-101.25814056396484,0.0000000000008202605261686813,121.87690734863281
0.004540000110864639,0,-0.00000031853159043748747,0,0.0092305364087224,0,0,-0.0033248404506593943,-1823.419921875,-91.1709976196289,0.0000000000006649680805992375,120.09127044677734
0.0045449999161064625,0,-0.00000026730933200269646,0,0.010244452394545078,0,0,-0.002536582062020898,-1592.656494140625,-79.63282775878906,0.0000000000005073164111024653,119.37448120117188
0.004549999721348286,0,-0.00000021183271314839658,0,0.011095323599874973,0,0,-0.0017863488756120205,-1336.545166015625,-66.82726287841797,0.00000000000035726976932437537,120.5981674194336
0.004554999992251396,0,-0.00000015298468269975274,0,0.011769606731832027,0,0,-0.001121810986660421,-1059.162109375,-52.958106994628906,0.00000000000022436219548893632,120.43839263916016
0.004559999797493219,0,-0.0000000917018283530524,0,0.012256571091711521,0,0,-0.000585087516810745,-764.9219360351563,-38.246097564697266,0.0000000000001170175067954915,118.18933868408203
0.00456500006839633,0,-0.000000028959497910818754,0,0.012548466213047504,0,0,-0.00021024848683737218,-458.5076599121094,-22.925382614135742,0.000000000000042049697057677804,121.72854614257813
0.004569999873638153,0,0.000000034243733182393044,0,0.012640646658837795,0,0,-0.000020955460058758035,-144.79600524902344,-7.239800453186035,0.000000000000004191091917959966,121.03607177734375
0.004574999678879976,0,0.00000009690195668099477,0,0.0125316446647048,0,0,-0.000029282131436048076,171.22015380859375,8.561007499694824,0.000000000000005856426454897701,118.70845031738281
0.004579999949783087,0,0.00000015801792585534713,0,0.012223194353282452,0,0,-0.00023474277986679226,484.5112609863281,24.225563049316406,0.00000000000004694855615383631,119.9328384399414
0.00458499975502491,0,0.00000021661895743818604,0,0.011720207519829273,0,0,-0.0006242229137569666,790.0911254882813,39.50455856323242,0.00000000000012484457911909885,119.44577026367188
0.0045900000259280205,0,0.0000002717723930345528,0,0.01103068608790636,0,0,-0.0011730893747881055,1083.0963134765625,54.154815673828125,0.0000000000002346178806789112,119.44577026367188
0.004594999831169844,0,0.0000003226004139378347,0,0.010165606625378132,0,0,-0.0018465090543031693,1358.8634033203125,67.94316864013672,0.0000000000003693018113537505,120.5109634399414
0.004600000102072954,0,0.0000003682940814542235,0,0.009138735942542553,0,0,-0.00260180770419538,1613.0035400390625,80.65017700195313,0.0000000000005203615316418109,119.96160888671875
0.004604999907314777,0,0.0000004081261693045235,0,0.007966418750584126,0,0,-0.0033909680787473917,1841.471923828125,92.07360076904297,0.0000000000006781936123800847,120.6563720703125
0.004609999712556601,0,0.00000044146273125988955,0,0.0066673122346401215,0,0,-0.004164169076830149,2040.63232421875,102.0316162109375,0.0000000000008328338019225612,118.18933868408203
0.004614999983459711,0,0.00000046777319084867486,0,0.005262091755867004,0,0,-0.0048722135834395885,2207.315185546875,110.36576080322266,0.0000000000009744427487134999,118.31519317626953
0.004619999788701534,0,0.0000004866387826041318,0,0.003773122327402234,0,0,-0.005470276810228825,2338.867431640625,116.94337463378906,0.0000000000010940554018290527,122.18963623046875
0.004625000059604645,0,0.0000004977592880095472,0,0.0022241019178181887,0,0,-0.00592040317133069,2433.195556640625,121.65978240966797,0.000000000001184080611338345,119.53143310546875
0.004629999864846468,0,0.0000005009576966585882,0,0.0006396839744411409,0,0,-0.006194073241204023,2488.798095703125,124.43990325927734,0.0000000000012388146064523653,121.31505584716797
0.004634999670088291,0,0.0000004961831336913747,0,-0.0009549150126986206,0,0,-0.006273939739912748,2504.790283203125,125.23951721191406,0.0000000000012547879402191597,120.00479888916016
0.004639999940991402,0,0.0000004835115419155045,0,-0.0025343159213662148,0,0,-0.006154937669634819,2480.91748046875,124.0458755493164,0.000000000001230987534128758,119.41724395751953
0.004644999746233225,0,0.0000004631446302028053,0,-0.004073381889611483,0,0,-0.005844560917466879,2417.5595703125,120.87798309326172,0.0000000000011689121892644039,119.00511932373047
0.004650000017136335,0,0.0000004354065481493308,0,-0.00554761802777648,0,0,-0.005362585186958313,2315.72509765625,115.7862548828125,0.0000000000010725170751513247,120.99213409423828
0.004654999822378159,0,0.00000040073874174595403,0,-0.006933561060577631,0,0,-0.004739472642540932,2177.03466796875,108.85173797607422,0.0000000000009478945406371508,120.33694458007813
0.004660000093281269,0,0.0000003596929900595569,0,-0.008209153078496456,0,0,-0.004014774691313505,2003.6956787109375,100.18478393554688,0.0000000000008029549247723367,119.11852264404297
0.004664999898523092,0,0.0000003129225376596878,0,-0.009354093112051487,0,0,-0.003234496107324958,1798.466796875,89.92333984375,0.0000000000006468992008734631,120.4529037475586
0.0046699997037649155,0,0.000000261171749116329,0,-0.010350157506763935,0,0,-0.0024479723069816828,1564.614501953125,78.23072814941406,0.0000000000004895944760718862,119.17530822753906
0.004674999974668026,0,0.00000020526428556877363,0,-0.011181493289768696,0,0,-0.0017053026240319014,1305.860595703125,65.29302978515625,0.0000000000003410605131648481,119.83223724365234
0.004679999779909849,0,0.00000014608994547415932,0,-0.011834870092570782,0,0,-0.0010533240856602788,1026.3232421875,51.316162109375,0.00000000000021066481892262345,120.23566436767578
0.00468500005081296,0,0.00000008459049638531724,0,-0.012299890629947186,0,0,-0.0005335315363481641,730.4514770507813,36.52257537841797,0.00000000000010670631045428536,120.17786407470703
0.004689999856054783,0,0.000000021744746447893704,0,-0.012569150887429714,0,0,-0.0001788846857380122,422.9542236328125,21.1477108001709,0.00000000000003577693696854567,119.53143310546875
0.004694999661296606,0,-0.0000000414470875398365,0,-0.012638366781175137,0,0,-0.000011865508895425592,108.72547149658203,5.436273574829102,0.000000000000002373101715136272,119.81787872314453
0.004699999932199717,0,-0.0000001039792749679691,0,-0.012506437487900257,0,0,-0.000042951753130182624,-207.23370361328125,-10.361685752868652,0.000000000000008590350653037149,115.72734832763672
0.00470499973744154,0,-0.00000016485658704823436,0,-0.012175462208688259,0,0,-0.00027033931110054255,-519.8946533203125,-25.994733810424805,0.000000000000054067861299245124,125.77033996582031
0.00471000000834465,0,-0.00000022311013481157715,0,-0.011650708504021168,0,0,-0.0006794565124437213,-824.2811889648438,-41.21406173706055,0.00000000000013589129821411916,119.34598541259766
0.0047149998135864735,0,-0.0000002778127736746683,0,-0.010940528474748135,0,0,-0.0012444212334230542,-1115.5489501953125,-55.77744674682617,0.00000000000024888424654534447,118.76484680175781
0.004720000084489584,0,-0.0000003280939040450903,0,-0.010056224651634693,0,0,-0.00192949827760458,-1389.0621337890625,-69.45310974121094,0.0000000000003858996455718966,119.74613952636719
0.004724999889731407,0,-0.00000037315325585041137,0,-0.009011871181428432,0,0,-0.002691111294552684,-1640.4677734375,-82.02339172363281,0.0000000000005382222445504681,120.75836181640625
0.00472999969497323,0,-0.0000004122736925182835,0,-0.00782408844679594,0,0,-0.0034810348879545927,-1865.7645263671875,-93.2882308959961,0.0000000000006962069809546279,120.22120666503906
0.004734999965876341,0,-0.00000044483260808192426,0,-0.0065117813646793365,0,0,-0.004249239806085825,-2061.36669921875,-103.0683364868164,0.0000000000008498479697749417,119.94721984863281
0.004739999771118164,0,-0.0000004703117895132891,0,-0.005095836706459522,0,0,-0.0049468763172626495,-2224.1611328125,-111.20806121826172,0.0000000000009893752483947083,119.71746826171875
0.004745000042021275,0,-0.000000488305715862225,0,-0.0035987887531518936,0,0,-0.005529812537133694,-2351.55712890625,-117.5778579711914,0.0000000000011059625437681575,120.71463012695313
0.004749999847263098,0,-0.0000004985280384062207,0,-0.002044464461505413,0,0,-0.0059610651805996895,-2441.52685546875,-122.07634735107422,0.0000000000011922129949937244,120.33694458007813
0.004754999652504921,0,-0.0000005008160428587871,0,-0.000457601563539356,0,0,-0.006213224492967129,-2492.638427734375,-124.63191986083984,0.000000000001242644875887322,116.78150177001953
0.0047599999234080315,0,-0.0000004951333494318533,0,0.0011365441605448723,0,0,-0.0062704007141292095,-2504.078369140625,-125.20391845703125,0.0000000000012540801730409612,122.78978729248047
0.004764999728649855,0,-0.0000004815703391614079,0,0.0027126013301312923,0,0,-0.00612891698256135,-2475.664794921875,-123.78324127197266,0.0000000000012257833637008275,119.91845703125
0.004769999999552965,0,-0.00000046034290335228434,0,0.004245486110448837,0,0,-0.0057977233082056046,-2407.849853515625,-120.39249420166016,0.0000000000011595446824941291,121.05072021484375
0.004774999804794788,0,-0.0000004317888908644818,0,0.005710802040994167,0,0,-0.005297915078699589,-2301.712646484375,-115.08563232421875,0.0000000000010595829769144416,116.60447692871094
0.004780000075697899,0,-0.00000039636276483179245,0,0.007085227407515049,0,0,-0.004660993814468384,-2158.942626953125,-107.94713592529297,0.0000000000009321987626265127,121.98097229003906
0.004784999880939722,0,-0.0000003546283267041872,0,0.008346888236701488,0,0,-0.003927552606910467,-1981.8118896484375,-99.0905990600586,0.0000000000007855105454979139,120.1056900024414
0.004789999686181545,0,-0.00000030724982025276404,0,0.009475703351199627,0,0,-0.00314401276409626,-1773.1396484375,-88.656982421875,0.000000000000628802565572073,119.60292053222656
0.004794999957084656,0,-0.0000002549812734287116,0,0.010453709401190281,0,0,-0.0023600566200912,-1536.2470703125,-76.8123550415039,0.0000000000004720113189193853,120.67092895507813
0.004799999762326479,0,-0.00000019865458966705773,0,0.011265338398516178,0,0,-0.0016253665089607239,-1274.904296875,-63.745216369628906,0.00000000000032507330161024584,120.06243133544922
0.0048050000332295895,0,-0.0000001391662181049469,0,0.011897674761712551,0,0,-0.0009865718893706799,-993.2708129882813,-49.66353988647461,0.00000000000019731438705150595,119.09014892578125
0.004809999838471413,0,-0.00000007746295693777938,0,0.012340652756392956,0,0,-0.00048412661999464035,-695.8289794921875,-34.79145050048828,0.00000000000009682532553512146,120.16342163085938
0.004815000109374523,0,-0.000000014526840175221878,0,0.012587224133312702,0,0,-0.0001500188809586689,-387.31268310546875,-19.36563491821289,0.000000000000030003777240494856,119.16110229492188
0.004819999914616346,0,0.00000004864047298269725,0,0.012633462436497211,0,0,-0.000005273559509078041,-72.6321029663086,-3.6316051483154297,0.0000000000000010547118733938987,120.04801940917969
0.0048249997198581696,0,0.00000011103364272457839,0,0.012478633783757687,0,0,-0.00005911937478231266,243.2044677734375,12.160223960876465,0.000000000000011823875212257917,118.14744567871094
0.00482999999076128,0,0.00000017165965005006,0,0.012125200591981411,0,0,-0.0003082256589550525,555.1702880859375,27.758514404296875,0.00000000000006164513344231182,119.88970184326172
0.004834999796003103,0,0.00000022955359213483462,0,0.011578789912164211,0,0,-0.0007367023499682546,858.30029296875,42.915016174316406,0.00000000000014734047315556609,121.41816711425781
0.004840000066906214,0,0.00000028379406558087794,0,0.010848096571862698,0,0,-0.0013174184132367373,1147.77001953125,57.38850021362305,0.0000000000002634836793191653,120.90436553955078
0.004844999872148037,0,0.0000003335178178076603,0,0.009944750927388668,0,0,-0.0020134588703513145,1418.972412109375,70.94862365722656,0.0000000000004026917688193521,118.39923858642578
0.00484999967738986,0,0.0000003779334747378016,0,0.008883128874003887,0,0,-0.0027808311861008406,1667.5911865234375,83.37956237792969,0.0000000000005561662241859722,122.48897552490234
0.004854999948292971,0,0.0000004163341031926393,0,0.007680128328502178,0,0,-0.0035708241630345583,1889.66943359375,94.48347473144531,0.0000000000007141648383779398,118.6943588256836
0.004859999753534794,0,0.0000004481085795760009,0,0.0063548944890499115,0,0,-0.004333339165896177,2081.672607421875,104.08363342285156,0.0000000000008666678485980128,120.67092895507813
0.004865000024437904,0,0.00000047275116799028183,0,0.004928519017994404,0,0,-0.0050200121477246284,2240.544921875,112.0272445678711,0.0000000000010040024367441447,121.22681427001953
0.0048699998296797276,0,0.0000004898697056887613,0,0.0034237040672451258,0,0,-0.005587336141616106,2363.7578125,118.1878890991211,0.0000000000011174672298608357,118.23126220703125
0.004875000100582838,0,0.0000004991916853214207,0,0.0018643994117155671,0,0,-0.005999298300594091,2449.350341796875,122.46752166748047,0.0000000000011998596560758301,120.67092895507813
0.004879999905824661,0,0.0000005005687739867426,0,0.00027542177122086287,0,0,-0.006229808554053307,2495.960205078125,124.79801177978516,0.0000000000012459616671733897,119.67448425292969
0.0048849997110664845,0,0.0000004939790869684657,0,-0.001317939255386591,0,0,-0.006264225114136934,2502.845703125,125.14228820800781,0.0000000000012528450499260657,120.09127044677734
0.004889999981969595,0,0.0000004795274435309693,0,-0.0028903246857225895,0,0,-0.006100398022681475,2469.897216796875,123.49486541748047,0.0000000000012200795929118158,119.63153839111328
0.004894999787211418,0,0.00000045744388899038313,0,-0.004416709300130606,0,0,-0.005748665425926447,2397.63916015625,119.8819580078125,0.0000000000011497330865140043,117.2745361328125
0.004900000058114529,0,0.0000004280798862055235,0,-0.005872799549251795,0,0,-0.005231370683759451,2287.221435546875,114.36107635498047,0.0000000000010462741784067475,123.18305206298828
0.004904999863356352,0,0.0000003919027733445546,0,-0.007235421333462,0,0,-0.004581335466355085,2140.4013671875,107.02007293701172,0.0000000000009162670622231417,120.20675659179688
0.004909999668598175,0,0.00000034948834581882693,0,-0.008482888340950012,0,0,-0.003839706303551793,1959.515869140625,97.97579193115234,0.0000000000007679412661332208,119.44577026367188
0.0049149999395012856,0,0.0000003015116192273126,0,-0.009595345705747604,0,0,-0.003053529653698206,1747.443603515625,87.37218475341797,0.000000000000610705930270683,119.5743179321289
0.004919999744743109,0,0.0000002487361712155689,0,-0.010555088520050049,0,0,-0.0022727653849869967,1507.5599365234375,75.37799835205078,0.0000000000004545530618571547,121.13870239257813
0.004925000015646219,0,0.00000019200196277324721,0,-0.011346841230988503,0,0,-0.0015467487974092364,1243.6827392578125,62.184139251708984,0.00000000000030934976802399206,118.8212890625
0.0049299998208880424,0,0.0000001322119516089515,0,-0.011958003044128418,0,0,-0.0009216238977387547,960.01171875,48.000587463378906,0.00000000000018432477766339161,120.38040161132813
0.004935000091791153,0,0.00000007031771787069374,0,-0.012378847226500511,0,0,-0.0004370115348137915,661.0616455078125,33.05308151245117,0.00000000000008740230761361545,118.18933868408203
0.004939999897032976,0,0.000000007304329585622327,0,-0.012602677568793297,0,0,-0.00012358170351944864,351.5904846191406,17.579524993896484,0.000000000000024716340085717547,121.34449768066406
0.004944999702274799,0,-0.0000000558253105964468,0,-0.012625928968191147,0,0,-0.0000013183898772695102,36.52354431152344,1.8261772394180298,0.0000000000000002636779683484747,118.8212890625
0.00494999997317791,0,-0.00000011806647393086678,0,-0.012448232620954514,0,0,-0.00007792378164594993,-279.1246643066406,-13.956233024597168,0.000000000000015584755708175635,121.21212005615234
0.004954999778419733,0,-0.0000001784285501571503,0,-0.01207241602241993,0,0,-0.00034847125061787665,-590.3305053710938,-29.516525268554688,0.0000000000000696942503708442,119.54572296142578
0.0049600000493228436,0,-0.00000023595086418026767,0,-0.011504461988806725,0,0,-0.0007959605427458882,-892.140869140625,-44.6070442199707,0.00000000000015919210394343963,120.13455200195313
0.004964999854564667,0,-0.00000028971788879061933,0,-0.010753408074378967,0,0,-0.0013918033801019192,-1179.75244140625,-58.98762130737305,0.00000000000027836066784914237,119.47431182861328
0.00496999965980649,0,-0.0000003388739173715294,0,-0.009831208735704422,0,0,-0.002098390832543373,-1448.587646484375,-72.42938232421875,0.000000000000419678181096117,120.61270904541016
0.0049749999307096004,0,-0.00000038263661394921655,0,-0.00875253975391388,0,0,-0.0028708979953080416,-1694.367919921875,-84.71839904785156,0.0000000000005741795927605153,119.17530822753906
0.004979999735951424,0,-0.00000042030947611237934,0,-0.0075345709919929504,0,0,-0.0036602665204554796,-1913.181396484375,-95.65907287597656,0.0000000000007320533068622126,119.77482604980469
0.004985000006854534,0,-0.0000004512928910571645,0,-0.0061966851353645325,0,0,-0.0044165365397930145,-2101.545654296875,-105.07728576660156,0.0000000000008833073161795824,121.08003234863281
0.004989999812096357,0,-0.000000475093770546664,0,-0.004760175943374634,0,0,-0.005091621540486813,-2256.462890625,-112.8231430053711,0.0000000000010183243137618092,120.19230651855469
0.004995000082999468,0,-0.0000004913333100375894,0,-0.0032479064539074898,0,0,-0.005642847158014774,-2375.46728515625,-118.77336883544922,0.0000000000011285694601070873,119.48858642578125
0.004999999888241291,0,-0.0000004997530140826711,0,-0.0016839448362588882,0,0,-0.006035172380506992,-2456.6650390625,-122.833251953125,0.0000000000012070344723724702,118.962646484375
0.005004999693483114,0,-0.0000005002189027436543,0,-0.00009318254888057709,0,0,-0.0062438249588012695,-2498.763671875,-124.93818664550781,0.0000000000012487649803105683,121.9214859008789
0.005009999964386225,0,-0.000000492723586376087,0,0.0014990628696978092,0,0,-0.0062554823234677315,-2501.09326171875,-125.0546646118164,0.000000000001251096448662281,118.3572006225586
0.005014999769628048,0,-0.0000004773863224727393,0,0.0030674501322209835,0,0,-0.006069381255656481,-2463.61669921875,-123.18083953857422,0.0000000000012138762217617227,119.56002044677734
0.0050200000405311584,0,-0.00000045445122509590874,0,0.004587016999721527,0,0,-0.0056974561884999275,-2386.930419921875,-119.34651947021484,0.0000000000011394912791118372,120.33694458007813
0.005024999845772982,0,-0.00000042428334268151957,0,0.006033578887581825,0,0,-0.005163161549717188,-2272.2548828125,-113.61274719238281,0.000000000001032632312991666,120.1056900024414
0.005029999651014805,0,-0.00000038736277474527014,0,0.007384113967418671,0,0,-0.0045003583654761314,-2121.41552734375,-106.0707778930664,0.0000000000009000716838514222,120.78753662109375
0.005034999921917915,0,-0.00000034427714012963406,0,0.008617127314209938,0,0,-0.0037512355484068394,-1936.812744140625,-96.84063720703125,0.0000000000007502470866782573,118.44131469726563
0.0050399997271597385,0,-0.0000002957121694180387,0,0.00971299409866333,0,0,-0.0029631853103637695,-1721.384521484375,-86.06922912597656,0.0000000000005926370505449086,120.71463012695313
0.005044999998062849,0,-0.00000024244079099844384,0,0.010654274374246597,0,0,-0.002186167985200882,-1478.5596923828125,-73.92798614501953,0.00000000000043723358267300227,119.30326843261719
0.005049999803304672,0,-0.00000018531085288486793,0,0.011425986886024475,0,0,-0.0014694496057927608,-1212.202880859375,-60.610145568847656,0.00000000000029388991240608675,120.48192596435547
0.005055000074207783,0,-0.0000001252316081945537,0,0.012015849351882935,0,0,-0.0008584799361415207,-926.55322265625,-46.32766342163086,0.00000000000017169599075828046,120.04801940917969
0.005059999879449606,0,-0.00000006315924139244089,0,0.012414474040269852,0,0,-0.0003921168972738087,-626.156982421875,-31.307849884033203,0.0000000000000784233789019595,121.02142333984375
0.005064999684691429,0,-0.00000000008166978204826592,0,0.012615514919161797,0,0,-0.00009971190593205392,-315.7951354980469,-15.789756774902344,0.000000000000019942381079829374,119.40298461914063
0.00506999995559454,0,0.00000006299719501612344,0,0.01261577382683754,0,0,0,-0.4072774350643158,-0.02036387287080288,0,119.5743179321289
0.005074999760836363,0,0.0000001250734271707188,0,0.012415247038006783,0,0,-0.00009922618482960388,314.987060546875,15.749353408813477,0.000000000000019845236565174673,119.54572296142578
0.005080000031739473,0,0.00000018515905253480014,0,0.012017125263810158,0,0,-0.00039107605698518455,625.3682250976563,31.26841163635254,0.00000000000007821521208484228,119.8609619140625
0.0050849998369812965,0,0.00000024229777295659005,0,0.011427745223045349,0,0,-0.0008570921490900218,925.7963256835938,46.289817810058594,0.00000000000017141843500212417,120.5400161743164
0.00508999964222312,0,0.0000002955802074211533,0,0.010656487196683884,0,0,-0.0014677147846668959,1211.489990234375,60.574501037597656,0.0000000000002935429677108914,119.01927947998047
0.00509499991312623,0,0.000000344158337384215,0,0.009715626016259193,0,0,-0.0021841556299477816,1477.9022216796875,73.89511108398438,0.00000000000043683112682657566,120.06243133544922
0.0050999997183680534,0,0.00000038725900708413974,0,0.008620135486125946,0,0,-0.0029611035715788603,1720.7928466796875,86.03964233398438,0.0000000000005922207169106741,119.50286865234375
0.005104999989271164,0,0.0000004241962585638248,0,0.007387451361864805,0,0,-0.003749223193153739,1936.2962646484375,96.81481170654297,0.0000000000007498446308318307,120.58362579345703
0.005109999794512987,0,0.0000004543822171854117,0,0.006037191953510046,0,0,-0.004498554393649101,2120.982421875,106.04912567138672,0.000000000000899710861368419,120.75836181640625
0.005115000065416098,0,0.0000004773364707943983,0,0.004590847995132208,0,0,-0.005161565728485584,2271.912109375,113.5956039428711,0.0000000000010323131238720862,119.5743179321289
0.005119999870657921,0,0.0000004926936867377663,0,0.003071438055485487,0,0,-0.005696276668459177,2386.683349609375,119.33416748046875,0.0000000000011392553567191044,118.72254180908203
0.005124999675899744,0,0.0000005002094098927046,0,0.0015031448565423489,0,0,-0.006068687420338392,2463.46923828125,123.1734619140625,0.0000000000012137374438836446,119.43150329589844
0.0051299999468028545,0,0.0000004997640417059301,0,-0.00008907157462090254,0,0,-0.006255204789340496,2501.0478515625,125.0523910522461,0.0000000000012510409375110498,121.30033874511719
0.005134999752044678,0,0.0000004913646876048006,0,-0.0016798705328255892,0,0,-0.006244102492928505,2498.821044921875,124.94105529785156,0.0000000000012488204914617995,119.6458511352539
0.005140000022947788,0,0.00000047514501488876704,0,-0.00324393343180418,0,0,-0.00603593559935689,2456.82421875,122.8412094116211,0.0000000000012071871280383561,110.32656860351563
0.0051449998281896114,0,0.0000004513631779445859,0,-0.004756367765367031,0,0,-0.005644027143716812,2375.725830078125,118.78629302978516,0.00000000000112880538249982,131.13034057617188
0.005150000099092722,0,0.0000004203976686767419,0,-0.006193102337419987,0,0,-0.005093217361718416,2256.816650390625,112.84083557128906,0.000000000001018643502881389,120.74378204345703
0.005154999904334545,0,0.00000038274131952675816,0,-0.007531270384788513,0,0,-0.004418340511620045,2101.989013671875,105.09944915771484,0.0000000000008836681386625855,119.66016387939453
0.005159999709576368,0,0.00000033899345908139367,0,-0.008749574422836304,0,0,-0.00366227887570858,1913.707275390625,95.68536376953125,0.0000000000007324557627086392,120.75836181640625
0.005164999980479479,0,0.000000289850333956565,0,-0.009828625246882439,0,0,-0.002872910350561142,1694.9678955078125,84.74839782714844,0.000000000000574582048606942,118.60989379882813
0.005169999785721302,0,0.0000002360940953849422,0,-0.01075124740600586,0,0,-0.0021003338042646646,1449.2523193359375,72.46261596679688,0.0000000000004200667591547358,120.68549346923828
0.0051750000566244125,0,0.00000017858030787465395,0,-0.011502759531140327,0,0,-0.0013934687012806535,1180.47119140625,59.0235595703125,0.0000000000002786937347565299,119.3602294921875
0.005179999861866236,0,0.00000011822432099961588,0,-0.012071197852492332,0,0,-0.0007972788880579174,892.9022216796875,44.645111083984375,0.0000000000001594557819117881,121.43290710449219
0.005184999667108059,0,0.000000055986738800584135,0,-0.012447517365217209,0,0,-0.00034944270737469196,591.122314453125,29.556116104125977,0.0000000000000698885394001536,118.27320861816406
0.005189999938011169,0,-0.000000007141906621654925,0,-0.01262572966516018,0,0,-0.0000783401119406335,279.9344177246094,13.996721267700195,0.000000000000015668022435022522,113.17337799072266
0.005194999743252993,0,-0.00000007015688652245444,0,-0.012602996081113815,0,0,-0.0000012490008884924464,-35.70880889892578,-1.785440444946289,0.0000000000000002498001805406602,113.99908447265625
0.005200000014156103,0,-0.0000001320552769357164,0,-0.012379679828882217,0,0,-0.00012302659160923213,-350.7837219238281,-17.539186477661133,0.000000000000024605317783255032,119.26058197021484
0.005204999819397926,0,-0.00000019185195299087354,0,-0.011959334835410118,0,0,-0.00043597069452516735,-660.2756958007813,-33.01378631591797,0.00000000000008719414079649823,120.91898345947266
0.005210000090301037,0,-0.0000002485951995367941,0,-0.011348651722073555,0,0,-0.000920166727155447,-959.2590942382813,-47.962955474853516,0.0000000000001840333441194275,118.70845031738281
0.00521499989554286,0,-0.0000003013819593888911,0,-0.010557349771261215,0,0,-0.0015450140926986933,-1242.975341796875,-62.14876937866211,0.0000000000003090028233287967,119.84659576416016
0.005219999700784683,0,-0.00000034937207260554715,0,-0.00959802232682705,0,0,-0.002270822413265705,-1506.9090576171875,-75.34545135498047,0.0000000000004541644837985359,100.54293060302734
0.005224999971687794,0,-0.00000039180176258923893,0,-0.008485937491059303,0,0,-0.0030515172984451056,-1746.859619140625,-87.34297943115234,0.0000000000006103034744242564,154.1544647216797
0.005229999776929617,0,-0.0000004279957295239001,0,-0.00723879411816597,0,0,-0.0038376939482986927,-1959.008056640625,-97.95040130615234,0.0000000000007675388102867942,115.35356140136719
0.005235000047832727,0,-0.0000004573779506245046,0,-0.005876441486179829,0,0,-0.004579461645334959,-2139.97802734375,-106.9989013671875,0.0000000000009158923619523307,121.13870239257813
0.005239999853074551,0,-0.0000004794807750840846,0,-0.004420562647283077,0,0,-0.005229844246059656,-2286.88916015625,-114.3444595336914,0.0000000000010459688670749756,119.34598541259766
0.005244999658316374,0,-0.00000049395242740502,0,-0.0028943284414708614,0,0,-0.005747555289417505,-2397.4033203125,-119.87017059326172,0.0000000000011495110419090793,123.47203063964844
0.005249999929219484,0,-0.0000005005625780540868,0,-0.0013220295077189803,0,0,-0.006099704187363386,-2469.761474609375,-123.48807525634766,0.0000000000012199408150337376,117.15088653564453
0.0052549997344613075,0,-0.0000004992060098629736,0,0.000271310331299901,0,0,-0.006264086347073317,-2502.812255859375,-125.14061737060547,0.00000000000125281729435045,121.03607177734375
0.005260000005364418,0,-0.0000004899043233308475,0,0.0018603319767862558,0,0,-0.006230155471712351,-2496.029541015625,-124.80147552490234,0.0000000000012460310561124288,117.82726287841797
0.005264999810606241,0,-0.00000047280559556384105,0,0.0034197454806417227,0,0,-0.006000130902975798,-2449.521240234375,-122.47606658935547,0.0000000000012000261895295239,122.2195053100586
0.005270000081509352,0,-0.0000004481819360080408,0,0.004924732260406017,0,0,-0.005588654428720474,-2364.027587890625,-118.20137786865234,0.0000000000011177309078291842,120.67092895507813
0.005274999886751175,0,-0.0000004164252231930732,0,0.006351339630782604,0,0,-0.005021677352488041,-2240.9091796875,-112.04546356201172,0.0000000000010043355036515322,118.72254180908203
0.005279999691992998,0,-0.0000003780409087994485,0,0.007676862180233002,0,0,-0.004335212521255016,-2082.125732421875,-104.10628509521484,0.0000000000008670425488688238,120.33694458007813
0.005284999962896109,0,-0.0000003336398890496639,0,0.00888020358979702,0,0,-0.0035729059018194675,-1890.2042236328125,-94.51021575927734,0.0000000000007145811720121742,119.54572296142578
0.005289999768137932,0,-0.0000002839288413269969,0,0.009942211210727692,0,0,-0.002782912692055106,-1668.1990966796875,-83.40995788574219,0.0000000000005565825578202066,117.6885986328125
0.005295000039041042,0,-0.00000022969891233515227,0,0.010845985263586044,0,0,-0.002015401842072606,-1419.643798828125,-70.98219299316406,0.0000000000004030803468779709,120.27904510498047
0.0052999998442828655,0,-0.00000017181321254611248,0,0.011577138677239418,0,0,-0.0013190143508836627,-1148.494140625,-57.42470932006836,0.000000000000263802868438745,122.36906433105469
0.005304999649524689,0,-0.00000011119302456563673,0,0.012124037370085716,0,0,-0.0007380207534879446,-859.065673828125,-42.953285217285156,0.00000000000014760415112391456,119.10433197021484
0.005309999920427799,0,-0.00000004880315174204952,0,0.012477975338697433,0,0,-0.0003090583486482501,-555.9647216796875,-27.798236846923828,0.00000000000006181166689600559,121.21212005615234
0.005314999725669622,0,0.000000014363443767706485,0,0.012633319944143295,0,0,-0.000059535708714975044,-244.01535034179688,-12.200767517089844,0.000000000000011907141939104804,119.2463607788086
0.005319999996572733,0,0.0000000773014363630864,0,0.012587599456310272,0,0,-0.000005134781531523913,71.817626953125,3.59088134765625,0.0000000000000010269562977782698,119.9040756225586
0.005324999801814556,0,0.00000013900913131692505,0,0.012341540306806564,0,0,-0.00014939438551664352,386.5075988769531,19.325380325317383,0.000000000000029878877150224525,121.13870239257813
0.005330000072717667,0,0.0000001985044235652822,0,0.011899059638381004,0,0,-0.0004830857797060162,695.0460815429688,34.75230407714844,0.00000000000009661715871800425,119.46003723144531
0.00533499987795949,0,0.0000002548404154367745,0,0.011267200112342834,0,0,-0.0009851147187873721,992.5225830078125,49.626129150390625,0.00000000000019702295350754184,118.83541107177734
0.005339999683201313,0,0.0000003071205014748557,0,0.010456018149852753,0,0,-0.0016235624207183719,1274.20263671875,63.71013259887695,0.00000000000032471247912724266,120.32246398925781
0.0053449999541044235,0,0.00000035451262192509603,0,0.009478423744440079,0,0,-0.0023581136483699083,1535.60302734375,76.7801513671875,0.0000000000004716227408607665,119.60292053222656
0.005349999759346247,0,0.000000396262493040922,0,0.008349975571036339,0,0,-0.0031420006416738033,1772.5635986328125,88.62818145751953,0.0000000000006284001097256464,121.15338134765625
0.005355000030249357,0,0.00000043170564367756015,0,0.007088632322847843,0,0,-0.003925609868019819,1981.31298828125,99.0656509399414,0.0000000000007851219674392951,120.70005798339844
0.00535999983549118,0,0.0000004602779881679453,0,0.005714470520615578,0,0,-0.0046592592261731625,2158.52880859375,107.92644500732422,0.0000000000009318518179313173,118.48341369628906
0.005364999640733004,0,0.0000004815248075829004,0,0.004249359481036663,0,0,-0.005296388175338507,2301.390625,115.06953430175781,0.0000000000010592776655826697,127.53475189208984
0.005369999911636114,0,0.0000004951078835802036,0,0.002716618124395609,0,0,-0.005796682555228472,2407.62451171875,120.3812255859375,0.000000000001159336515677012,113.16057586669922
0.005374999716877937,0,0.0000005008110974813462,0,0.0011406403500586748,0,0,-0.00612829253077507,2475.5400390625,123.7770004272461,0.0000000000012256584636105572,117.35711669921875
0.005379999987781048,0,0.0000004985436135029886,0,-0.0004534912295639515,0,0,-0.006270261947065592,2504.05615234375,125.20281219482422,0.0000000000012540524174653456,122.51898956298828
0.005384999793022871,0,0.0000004883415840595262,0,-0.0020404052920639515,0,0,-0.006213640794157982,2492.718994140625,124.63594818115234,0.000000000001242728142614169,122.89541625976563
0.0053900000639259815,0,0.00000047036735395522555,0,-0.0035948455333709717,0,0,-0.005961967166513205,2441.708984375,122.08544921875,0.000000000001192393406235226,121.16806030273438
