Timestamp,X Position,Y Position,X Velocity,Y Velocity,Rotation,Rotation Velocity,Data1,Data2,Data3,Data4,FPS
0.030524998903274536,0,0,0,0,0.004999999888241291,0,0,-197573.703125,-9878.685546875,0,121.19743347167969
0.030524998903274536,0,0,0,0,0.004999999888241291,0,0,-197573.703125,-9878.685546875,0,118.90606689453125
0.030524998903274536,0,0,0,0,0.004999999888241291,0,0,-197573.703125,-9878.685546875,0,53.025081634521484
0.030524998903274536,0,0,0,0,0.004999999888241291,0,0,-197573.703125,-9878.685546875,0,121.15338134765625
0.030524998903274536,0,0,0,0,0.004999999888241291,0,0,-197573.703125,-9878.685546875,0,120.68549346923828
0.030524998903274536,0,0,0,0,0.004999999888241291,0,0,-197573.703125,-9878.685546875,0,122.04051971435547
0.030524998903274536,0,0,0,0,0.004999999888241291,0,0,-197573.703125,-9878.685546875,0,118.18933868408203
0.030524998903274536,0,0,0,0,0.004999999888241291,0,0,-197573.703125,-9878.685546875,0,118.99095916748047
0.030524998903274536,0,0,0,0,0.004999999888241291,0,0,-197573.703125,-9878.685546875,0,121.35922241210938
0.030524998903274536,0,0,0,0,0.004999999888241291,0,0,-197573.703125,-9878.685546875,0,119.91845703125
0.030524998903274536,0,0,0,0,0.004999999888241291,0,0,-197573.703125,-9878.685546875,0,120.00479888916016
0.030524998903274536,0,0,0,0,0.004999999888241291,0,0,-197573.703125,-9878.685546875,0,120.30799102783203
0.030524998903274536,0,0,0,0,0.004999999888241291,0,0,-197573.703125,-9878.685546875,0,118.75074005126953
0.030524998903274536,0,0,0,0,0.004999999888241291,0,0,-197573.703125,-9878.685546875,0,113.83039093017578
0.030524998903274536,0,0,0,0,0.004999999888241291,0,0,-197573.703125,-9878.685546875,0,122.30919647216797
0.030524998903274536,0,0,0,0,0.004999999888241291,0,0,-197573.703125,-9878.685546875,0,120.3948974609375
0.030524998903274536,0,0,0,0,0.004999999888241291,0,0,-197573.703125,-9878.685546875,0,119.67448425292969
0.030524998903274536,0,0,0,0,0.004999999888241291,0,0,-197573.703125,-9878.685546875,0,120.99213409423828
0.030524998903274536,0,0,0,0,0.004999999888241291,0,0,-197573.703125,-9878.685546875,0,119.07597351074219
0.030524998903274536,0,0,0,0,0.004999999888241291,0,0,-197573.703125,-9878.685546875,0,118.38522338867188
0.030524998903274536,0,0,0,0,0.004999999888241291,0,0,-197573.703125,-9878.685546875,0,118.38522338867188
0.030524998903274536,0,0,0,0,0.004999999888241291,0,0,-197573.703125,-9878.685546875,0,120.75836181640625
0.030524998903274536,0,0,0,0,0.004999999888241291,0,0,-197573.703125,-9878.685546875,0,121.25621795654297
0.030524998903274536,0,0,0,0,0.004999999888241291,0,0,-197573.703125,-9878.685546875,0,120.32246398925781
0.030524998903274536,0,0,0,0,0.004999999888241291,0,0,-197573.703125,-9878.685546875,0,117.24703979492188
0.030524998903274536,0,0,0,0,0.004999999888241291,0,0,-197573.703125,-9878.685546875,0,119.48858642578125
0.030524998903274536,0,0,0,0,0.004999999888241291,0,0,-197573.703125,-9878.685546875,0,121.995849609375
0.030524998903274536,0,0,0,0,0.004999999888241291,0,0,-197573.703125,-9878.685546875,0,119.84659576416016
0.030524998903274536,0,0,0,0,0.004999999888241291,0,0,-197573.703125,-9878.685546875,0,122.29424285888672
0.030524998903274536,0,0,0,0,0.004999999888241291,0,0,-197573.703125,-9878.685546875,0,116.17100524902344
0.030524998903274536,0,0,0,0,0.004999999888241291,0,0,-197573.703125,-9878.685546875,0,122.8199462890625
0.030524998903274536,0,0,0,0,0.004999999888241291,0,0,-197573.703125,-9878.685546875,0,122.36906433105469
0.030524998903274536,0,0,0,0,0.004999999888241291,0,0,-197573.703125,-9878.685546875,0,119.41724395751953
0.030524998903274536,0,0,0,0,0.004999999888241291,0,0,-197573.703125,-9878.685546875,0,117.15088653564453
0.030524998903274536,0,0,0,0,0.004999999888241291,0,0,-197573.703125,-9878.685546875,0,121.38868713378906
0.030524998903274536,0,0,0,0,0.004999999888241291,0,0,-197573.703125,-9878.685546875,0,119.63153839111328
0.030524998903274536,0,0,0,0,0.004999999888241291,0,0,-197573.703125,-9878.685546875,0,120.5981674194336
0.030524998903274536,0,0,0,0,0.004999999888241291,0,0,-197573.703125,-9878.685546875,0,121.83235931396484
0.030524998903274536,0,0,0,0,0.004999999888241291,0,0,-197573.703125,-9878.685546875,0,118.55364227294922
0.030524998903274536,0,0,0,0,0.004999999888241291,0,0,-197573.703125,-9878.685546875,0,115.07479858398438
0.030524998903274536,0,0,0,0,0.004999999888241291,0,0,-197573.703125,-9878.685546875,0,121.66930389404297
0.030524998903274536,0,0,0,0,0.004999999888241291,0,0,-197573.703125,-9878.685546875,0,121.35922241210938
0.030524998903274536,0,0,0,0,0.004999999888241291,0,0,-197573.703125,-9878.685546875,0,115.36686706542969
0.030524998903274536,0,0,0,0,0.004999999888241291,0,0,-197573.703125,-9878.685546875,0,82.5014419555664
0.030524998903274536,0,0,0,0,0.004999999888241291,0,0,-197573.703125,-9878.685546875,0,102.76435852050781
0.030524998903274536,0,0,0,0,0.004999999888241291,0,0,-197573.703125,-9878.685546875,0,99.96001434326172
0.030524998903274536,0,0,0,0,0.004999999888241291,0,0,-197573.703125,-9878.685546875,0,160.53941345214844
0.030524998903274536,0,0,0,0,0.004999999888241291,0,0,-197573.703125,-9878.685546875,0,110.26573944091797
0.030524998903274536,0,0,0,0,0.004999999888241291,0,0,-197573.703125,-9878.685546875,0,126.07160949707031
0.030524998903274536,0,0,0,0,0.004999999888241291,0,0,-197573.703125,-9878.685546875,0,124.47100067138672
0.030524998903274536,0,0,0,0,0.004999999888241291,0,0,-197573.703125,-9878.685546875,0,120.35142517089844
0.030524998903274536,0,0,0,0,0.004999999888241291,0,0,-197573.703125,-9878.685546875,0,113.64927673339844
0.030524998903274536,0,0,0,0,0.004999999888241291,0,0,-197573.703125,-9878.685546875,0,118.21728515625
0.030524998903274536,0,0,0,0,0.004999999888241291,0,0,-197573.703125,-9878.685546875,0,119.09014892578125
0.030524998903274536,0,0,0,0,0.004999999888241291,0,0,-197573.703125,-9878.685546875,0,119.6458511352539
0.030524998903274536,0,0,0,0,0.004999999888241291,0,0,-197573.703125,-9878.685546875,0,125.73871612548828
0.030524998903274536,0,0,0,0,0.004999999888241291,0,0,-197573.703125,-9878.685546875,0,119.01927947998047
0.030524998903274536,0,0,0,0,0.004999999888241291,0,0,-197573.703125,-9878.685546875,0,115.94203186035156
0.030524998903274536,0,0,0,0,0.004999999888241291,0,0,-197573.703125,-9878.685546875,0,119.2890396118164
0.030524998903274536,0,0,0,0,0.004999999888241291,0,0,-197573.703125,-9878.685546875,0,119.5743179321289
0.030524998903274536,0,0,0,0,0.004999999888241291,0,0,-197573.703125,-9878.685546875,0,118.62396240234375
0.030524998903274536,0,0,0,0,0.004999999888241291,0,0,-197573.703125,-9878.685546875,0,126.51821899414063
0.030524998903274536,0,0,0,0,0.004999999888241291,0,0,-197573.703125,-9878.685546875,0,117.88282775878906
0.030524998903274536,0,0,0,0,0.004999999888241291,0,0,-197573.703125,-9878.685546875,0,119.41724395751953
0.030524998903274536,0,0,0,0,0.004999999888241291,0,0,-197573.703125,-9878.685546875,0,119.26058197021484
0.030524998903274536,0,0,0,0,0.004999999888241291,0,0,-197573.703125,-9878.685546875,0,120.97750091552734
0.030524998903274536,0,0,0,0,0.004999999888241291,0,0,-197573.703125,-9878.685546875,0,120.17786407470703
0.030524998903274536,0,0,0,0,0.004999999888241291,0,0,-197573.703125,-9878.685546875,0,354.3586120605469
0.030524998903274536,0,0,0,0,0.004999999888241291,0,0,-197573.703125,-9878.685546875,0,156.12802124023438
0.030524998903274536,0,0,0,0,0.004999999888241291,0,0,-197573.703125,-9878.685546875,0,130.94146728515625
0.030524998903274536,0,0,0,0,0.004999999888241291,0,0,-197573.703125,-9878.685546875,0,119.07597351074219
0.030524998903274536,0,0,0,0,0.004999999888241291,0,0,-197573.703125,-9878.685546875,0,120.70005798339844
0.030524998903274536,0,0,0,0,0.004999999888241291,0,0,-197573.703125,-9878.685546875,0,120.91898345947266
0.030524998903274536,0,0,0,0,0.004999999888241291,0,0,-197573.703125,-9878.685546875,0,118.27320861816406
0.030524998903274536,0,0,0,0,0.004999999888241291,0,0,-197573.703125,-9878.685546875,0,120.16342163085938
0.030524998903274536,0,0,0,0,0.004999999888241291,0,0,-197573.703125,-9878.685546875,0,119.71746826171875
0.030524998903274536,0,0,0,0,0.004999999888241291,0,0,-197573.703125,-9878.685546875,0,120.27904510498047
0.030524998903274536,0,0,0,0,0.004999999888241291,0,0,-197573.703125,-9878.685546875,0,120.27904510498047
0.030524998903274536,0,0,0,0,0.004999999888241291,0,0,-197573.703125,-9878.685546875,0,119.40298461914063
0.030524998903274536,0,0,0,0,0.004999999888241291,0,0,-197573.703125,-9878.685546875,0,121.03607177734375
0.030524998903274536,0,0,0,0,0.004999999888241291,0,0,-197573.703125,-9878.685546875,0,118.962646484375
0.030524998903274536,0,0,0,0,0.004999999888241291,0,0,-197573.703125,-9878.685546875,0,119.60292053222656
0.030524998903274536,0,0,0,0,0.004999999888241291,0,0,-197573.703125,-9878.685546875,0,120.40939331054688
0.030524998903274536,0,0,0,0,0.004999999888241291,0,0,-197573.703125,-9878.685546875,0,119.99040222167969
0.030524998903274536,0,0,0,0,0.004999999888241291,0,0,-197573.703125,-9878.685546875,0,118.86366271972656
0.030524998903274536,0,0,0,0,0.004999999888241291,0,0,-197573.703125,-9878.685546875,0,121.84720611572266
0.030524998903274536,0,0,0,0,0.004999999888241291,0,0,-197573.703125,-9878.685546875,0,118.9343490600586
0.030524998903274536,0,0,0,0,0.004999999888241291,0,0,-197573.703125,-9878.685546875,0,120.93360900878906
0.030524998903274536,0,0,0,0,0.004999999888241291,0,0,-197573.703125,-9878.685546875,0,119.00511932373047
0.030524998903274536,0,0,0,0,0.004999999888241291,0,0,-197573.703125,-9878.685546875,0,120.06243133544922
0.030524998903274536,0,0,0,0,0.004999999888241291,0,0,-197573.703125,-9878.685546875,0,119.44577026367188
0.030524998903274536,0,0,0,0,0.004999999888241291,0,0,-197573.703125,-9878.685546875,0,120.4529037475586
0.030524998903274536,0,0,0,0,0.004999999888241291,0,0,-197573.703125,-9878.685546875,0,119.84659576416016
0.03053000010550022,0,0.000003978872882726137,0,0.7957746386528015,0.00484084477648139,-31.83098602294922,0,-1250000,-62500,0,120.71463012695313
0.030534999445080757,0,0.000011746642485377379,0,1.5535539388656616,0.00453013414517045,-62.14215850830078,-0.39578577876091003,-1190316.875,-59515.84375,0.00000000007915715305450988,115.34025573730469
0.030539998784661293,0,0.000022932425054023042,0,2.237156391143799,0.004082703031599522,-89.48625946044922,-3.449589967727661,-1073800.375,-53690.01953125,0.0000000006899180116093362,121.75818634033203
0.030544999986886978,0,0.00003700213710544631,0,2.8139424324035645,0.0035199145786464214,-112.55770111083984,-13.1474027633667,-906013.625,-45300.68359375,0.000000002629480633231651,121.66930389404297
0.030549999326467514,0,0.00005328400220605545,0,3.2563729286193848,0.0028686400037258863,-130.25491333007813,-34.22895431518555,-694967.9375,-34748.3984375,0.000000006845790601062163,117.86892700195313
0.03055499866604805,0,0.00007100061338860542,0,3.543323040008545,0.0021599754691123962,-141.73291015625,-70.9796142578125,-450739.96875,-22536.998046875,0.000000014195923547788425,117.89672088623047
0.030559999868273735,0,0.00008930607145885006,0,3.6610918045043945,0.0014277570880949497,-146.44366455078125,-126.02716064453125,-184990.78125,-9249.5390625,0.000000025205432407915396,123.12238311767578
0.03056499920785427,0,0.00010732635564636439,0,3.6040563583374023,0.0007069457788020372,-144.16226196289063,-199.3893280029297,89591.0546875,4479.552734375,0.00000003987786456605136,120.07685089111328
0.030569998547434807,0,0.0001242010621353984,0,3.3749399185180664,0.0000319576938636601,-134.99761962890625,-287.97357177734375,359895.25,17994.763671875,0.000000057594714775177636,119.68881225585938
0.030574999749660492,0,0.00013912447320763022,0,2.984682083129883,-0.000564978807233274,-119.38729858398438,-385.6474304199219,613015.6875,30650.78515625,0.00000007712948502103245,120.3948974609375
0.030579999089241028,0,0.0001513840543339029,0,2.451916217803955,-0.001055362168699503,-98.07666015625,-483.8902282714844,836866.8125,41843.33984375,0.00000009677804513330557,121.25621795654297
0.030584998428821564,0,0.00016039445472415537,0,1.8020801544189453,-0.0014157781843096018,-72.08320617675781,-572.9279174804688,1020760.5,51038.02734375,0.00000011458558901722427,119.34598541259766
0.03058999963104725,0,0.0001657254615565762,0,1.0662012100219727,-0.001629018341191113,-42.648033142089844,-643.1591186523438,1155916.5,57795.82421875,0.00000012863182519140537,120.58362579345703
0.030594998970627785,0,0.00016712253272999078,0,0.27941498160362244,-0.0016849011881276965,-11.176570892333984,-686.6227416992188,1235881.5,61794.07421875,0.00000013732454817727557,119.74613952636719
0.03059999831020832,0,0.00016451897681690753,0,-0.5207122564315796,-0.001580758485943079,20.828536987304688,-698.2479858398438,1256837.625,62841.8828125,0.0000001396496003280845,119.68881225585938
0.030604999512434006,0,0.00015803909627720714,0,-1.2959773540496826,-0.0013215626822784543,51.83915710449219,-676.661865234375,1217784.125,60889.20703125,0.00000013533237108731555,120.20675659179688
0.03060999885201454,0,0.00014799227938055992,0,-2.009364128112793,-0.0009196895407512784,80.3746337890625,-624.408447265625,1120585.75,56029.2890625,0.00000012488169431890128,119.48858642578125
0.030615000054240227,0,0.000134858230012469,0,-2.6268110275268555,-0.00039432698395103216,105.072509765625,-547.5425415039063,969883.375,48494.16796875,0.00000010950851248026083,119.48858642578125
0.030619999393820763,0,0.0001192640484077856,0,-3.1188368797302246,0.0002294406876899302,124.7535400390625,-454.6683349609375,772872.5,38643.625,0.00000009093366770684952,119.37448120117188
0.0306249987334013,0,0.00010195429786108434,0,-3.461949348449707,0.0009218308259733021,138.47802734375,-355.5976867675781,538959.75,26947.98828125,0.00000007111953692628958,120.13455200195313
0.030629999935626984,0,0.00008375546894967556,0,-3.639765739440918,0.001649784273467958,145.5906982421875,-259.8669128417969,279313.53125,13965.6767578125,0.00000005197338026619036,119.66016387939453
0.03063499927520752,0,0.00006553648563567549,0,-3.643796443939209,0.0023785438388586044,145.75192260742188,-175.3744354248047,6331.06103515625,316.5530700683594,0.00000003507488699483474,119.67448425292969
0.030639998614788055,0,0.000048167246859520674,0,-3.473848342895508,0.0030733137391507626,138.95401000976563,-107.37576293945313,-266953.71875,-13347.6865234375,0.000000021475152323091606,119.6458511352539
0.03064499981701374,0,0.00003247706627007574,0,-3.1380362510681152,0.0037009213119745255,125.52152252197266,-58.0020866394043,-527492.4375,-26374.623046875,0.000000011600417515467143,121.47716522216797
0.030649999156594276,0,0.000019215098291169852,0,-2.6523938179016113,0.0042314003221690655,106.09583282470703,-26.368995666503906,-762845.25,-38142.26171875,0.000000005273799175142813,119.033447265625
0.030654998496174812,0,0.00000901455496205017,0,-2.0401086807250977,0.00463942252099514,81.60443878173828,-9.230499267578125,-961774.875,-48088.74609375,0.0000000018460999395841782,120.23566436767578
0.030659999698400497,0,0.000002362476607231656,0,-1.3304157257080078,0.004905506037175655,53.21672439575195,-2.031554937362671,-1114783.125,-55739.15625,0.00000000040631098485732764,122.0703125
0.030664999037981033,0,-0.00000042352371565357316,0,-0.5572000741958618,0.005016946699470282,22.288097381591797,-0.1395324170589447,-1214564.375,-60728.21875,0.000000000027906482680251088,119.6458511352539
0.03066999837756157,0,0.000000789576461102115,0,0.242620050907135,0.004968423396348953,-9.704706192016602,-0.0044843293726444244,-1256354.5,-62817.7265625,0.0000000000008968659148678171,118.90606689453125
0.030674999579787254,0,0.000005943855740042636,0,1.0308558940887451,0.004762252792716026,-41.2341423034668,-0.01558572705835104,-1238158.125,-61907.90625,0.0000000000031171454306644364,118.962646484375
0.03067999891936779,0,0.000014793216905673034,0,1.7698721885681152,0.004408278968185186,-70.79478454589844,-0.883235514163971,-1160844,-58042.19921875,0.00000000017664709972553538,120.86052703857422
0.030685000121593475,0,0.000026915131456917152,0,2.4243831634521484,0.003923402633517981,-96.97523498535156,-5.470981597900391,-1028103.75,-51405.1875,0.0000000010941962891308776,119.84659576416016
0.03068999946117401,0,0.0000417308256146498,0,2.9631385803222656,0.0033307753037661314,-118.52545166015625,-18.110607147216797,-846275.125,-42313.7578125,0.000000003622121491630992,119.84659576416016
0.030694998800754547,0,0.000058532896218821406,0,3.360414505004883,0.0026586928870528936,-134.41648864746094,-43.53654479980469,-624039.8125,-31201.990234375,0.00000000870730865187852,120.01920318603516
0.030700000002980232,0,0.00007651910709682852,0,3.597242832183838,0.0019392449175938964,-143.8896026611328,-85.6524887084961,-372008.875,-18600.443359375,0.000000017130497909079168,120.81671905517578
0.030704999342560768,0,0.00009483068424742669,0,3.6623153686523438,0.0012067824136465788,-146.4925079345703,-146.3793182373047,-102215.8203125,-5110.791015625,0.00000002927586351120226,119.30326843261719
0.030709998682141304,0,0.00011259331222390756,0,3.552525520324707,0.0004962778766639531,-142.1009063720703,-224.8214111328125,172457.65625,8622.8828125,0.000000044964281187276356,120.1201171875
0.03071499988436699,0,0.00012895888357888907,0,3.2731151580810547,-0.0001583445118740201,-130.9244842529297,-316.93121337890625,438896.875,21944.84375,0.00000006338624558566153,120.67092895507813
0.030719999223947525,0,0.00014314601139631122,0,2.8374252319335938,-0.0007258289260789752,-113.49688720703125,-415.7596435546875,684380.3125,34219.015625,0.00000008315193156249734,119.40298461914063
0.03072499856352806,0,0.00015447729674633592,0,2.2662582397460938,-0.0011790799908339977,-90.65020751953125,-512.2692260742188,897187,44859.3515625,0.00000010245384629570253,119.9040756225586
0.030729999765753746,0,0.00016241172852460295,0,1.586885929107666,-0.001496456447057426,-63.47529602050781,-596.5805053710938,1067156.125,53357.80859375,0.0000001193160983348207,120.48192596435547
0.030734999105334282,0,0.000166570462170057,0,0.8317453861236572,-0.0016628047451376915,-33.26966094970703,-659.4387817382813,1186172.375,59308.62109375,0.0000001318877593803336,115.8882827758789
0.030739998444914818,0,0.00016675492224749178,0,0.03689217567443848,-0.0016701823333278298,-1.475520133972168,-693.6424560546875,1248553,62427.65234375,0.00000013872849535800924,120.5109634399414
0.030744999647140503,0,0.00016295630484819412,0,-0.7597224116325378,-0.0015182369388639927,30.38907241821289,-695.1795654296875,1251319.75,62565.98828125,0.0000001390359187780632,122.62416076660156
0.03074999898672104,0,0.0001553559850435704,0,-1.520062804222107,-0.0012142234481871128,60.80270004272461,-663.8684692382813,1194340.375,59717.01953125,0.00000013277369248498871,119.97600555419922
0.030754998326301575,0,0.00014431685849558562,0,-2.2078256607055664,-0.0007726573385298252,88.31321716308594,-603.38671875,1080335.5,54016.77734375,0.0000001206773418971352,118.76484680175781
0.03075999952852726,0,0.00013036599557381123,0,-2.790172576904297,-0.00021462194854393601,111.60708618164063,-520.68359375,914748.375,45737.41796875,0.00000010413672413278618,120.87513732910156
0.030764998868107796,0,0.00011416950292186812,0,-3.2392983436584473,0.00043323857244104147,129.57211303710938,-424.88214111328125,705485.25,35274.26171875,0.00000008497642767224534,119.40298461914063
0.03077000007033348,0,0.00009650070569477975,0,-3.533759117126465,0.0011399912182241678,141.35052490234375,-325.86676025390625,462537.71875,23126.88671875,0.00000006517335293665383,118.09163665771484
0.030774999409914017,0,0.00007820322935003787,0,-3.6594953536987305,0.0018718910869210958,146.37997436523438,-232.80960083007813,197505.640625,9875.2822265625,0.00000004656191876506455,122.44398498535156
0.030779998749494553,0,0.000060150712670292705,0,-3.6105031967163086,0.0025939925108104944,144.4202880859375,-152.89361572265625,-76956.6875,-3847.83447265625,0.00000003057872177691934,119.88970184326172
0.030784999951720238,0,0.00004320510197430849,0,-3.3891220092773438,0.003271817695349455,135.56503295898438,-90.45269775390625,-347744.625,-17387.232421875,0.00000001809053884471723,113.68804168701172
0.030789999291300774,0,0.00002817549102474004,0,-3.005922317504883,0.0038730029482394457,120.23704528808594,-46.667015075683594,-601928.9375,-30096.447265625,0.000000009333403383493533,128.27090454101563
0.03079499863088131,0,0.000015779492969159037,0,-2.4791998863220215,0.004368843510746956,99.16815185546875,-19.846458435058594,-827373.3125,-41368.66796875,0.000000003969291562100352,112.75228118896484
0.030799999833106995,0,0.000006608970579691231,0,-1.8341045379638672,0.004735665395855904,73.36433410644531,-6.224809646606445,-1013313.5,-50665.67578125,0.0000000012449619113397148,126.59830474853516
0.03080499917268753,0,0.0000011017850738426205,0,-1.1014370918273926,0.004955953452736139,44.05763244628906,-1.0919623374938965,-1150871.5,-57543.57421875,0.00000000021839245689658782,112.49859619140625
0.030809998512268066,0,-0.0000004791131686943118,0,-0.31617966294288635,0.00501919025555253,12.647335052490234,-0.030348224565386772,-1233479.5,-61673.9765625,0.000000000006069644786776962,127.35608673095703
0.03081499971449375,0,0.0000019417582279857015,0,0.48417428135871887,0.004922355990856886,-19.366825103759766,-0.005738742649555206,-1257193.125,-62859.65625,0.0000000000011477485628574868,118.06375122070313
0.030819999054074287,0,0.000008248811354860663,0,1.2614107131958008,0.004670074675232172,-50.45628356933594,-0.09426064044237137,-1220880.25,-61044.01171875,0.000000000018852128191859663,124.10027313232422
0.030824998393654823,0,0.000018140908650821075,0,1.978419303894043,0.004274391569197178,-79.13662719726563,-1.7010722160339355,-1126274.625,-56313.73046875,0.00000000034021443995335687,118.31519317626953
0.03082999959588051,0,0.000031145737011684105,0,2.6009654998779297,0.0037541992496699095,-104.03848266601563,-8.227313995361328,-977893.375,-48894.66796875,0.0000000016454627660422716,116.37379455566406
0.030834998935461044,0,0.000046642358938697726,0,3.0993247032165527,0.0031343349255621433,-123.97285461425781,-24.251422882080078,-782821.125,-39141.05859375,0.000000004850284618385103,125.04689025878906
0.03084000013768673,0,0.0000638908677501604,0,3.449702262878418,0.0024443950969725847,-137.9879608154297,-54.38773727416992,-550371.9375,-27518.59765625,0.000000010877547751420025,120.30799102783203
0.030844999477267265,0,0.00008206770871765912,0,3.635368824005127,0.001717322040349245,-145.4146270751953,-102.05106353759766,-291644.4375,-14582.2216796875,0.00000002041021218701644,114.1943588256836
0.0308499988168478,0,0.00010030500561697409,0,3.6474595069885254,0.0009878308046609163,-145.8982391357422,-168.377685546875,-18991.96875,-949.5984497070313,0.00000003367553702560144,126.66244506835938
0.030855000019073486,0,0.00011773199366871268,0,3.4853968620300293,0.00029075221391394734,-139.4157257080078,-251.52728271484375,254567.265625,12728.36328125,0.00000005030545580098078,118.6802749633789
0.030859999358654022,0,0.00013351658708415926,0,3.156919002532959,-0.0003406308824196458,-126.27661895751953,-346.5204162597656,515971.78125,25798.58984375,0.00000006930408602556781,113.520263671875
0.030864998698234558,0,0.0001469051348976791,0,2.6777095794677734,-0.0008761720382608473,-107.10823822021484,-445.666748046875,752740.4375,37637.0234375,0.00000008913335136639944,121.89176177978516
0.030869999900460243,0,0.00015725838602520525,0,2.0706491470336914,-0.0012903010938316584,-82.82582092285156,-539.5276489257813,953568.375,47678.41796875,0.0000001079055351738134,119.63153839111328
0.03087499924004078,0,0.0001640819973545149,0,1.364722728729248,-0.001563244848512113,-54.58876037597656,-618.2545776367188,1108866.875,55443.34375,0.00000012365092061372707,118.2452392578125
0.030879998579621315,0,0.00016705018060747534,0,0.5936359167098999,-0.0016819712473079562,-23.745277404785156,-673.072021484375,1211220.875,60561.04296875,0.00000013461441028539411,122.56404113769531
0.030884999781847,0,0.0001660212001297623,0,-0.20579475164413452,-0.0016408114461228251,8.231964111328125,-697.6435546875,1255743.375,62787.16796875,0.00000013952870858702227,119.60292053222656
0.030889999121427536,0,0.00016104419773910195,0,-0.9953993558883667,-0.0014417306520044804,39.816162109375,-689.075439453125,1240308.5,62015.42578125,0.00000013781509267118963,118.84953308105469
0.030894998461008072,0,0.00015235680621117353,0,-1.7374769449234009,-0.001094234292395413,69.49927520751953,-648.3804321289063,1165653.375,58282.66796875,0.00000012967608142844256,115.42012786865234
0.030899999663233757,0,0.00014037382788956165,0,-2.3965961933135986,-0.0006149140535853803,95.86405181884766,-580.3145751953125,1035342.4375,51767.12109375,0.00000011606291394627988,125.37612915039063
0.030904999002814293,0,0.0001256674004253,0,-2.941286325454712,-0.00002665573265403509,117.65166473388672,-492.6200256347656,855597.5,42779.875,0.00000009852400495447,117.89672088623047
0.03090999834239483,0,0.00010893969738390297,0,-3.3455402851104736,0.0006424533785320818,133.8218231201172,-394.8072204589844,635000.8125,31750.041015625,0.00000007896144182950593,117.6885986328125
0.030914999544620514,0,0.00009098941518459469,0,-3.5900566577911377,0.0013604656560346484,143.6024627685547,-296.69635009765625,384085.0625,19204.25390625,0.00000005933927127443894,124.610595703125
0.03091999888420105,0,0.0000726736179785803,0,-3.6631600856781006,0.0020930985920131207,146.52659606933594,-206.976806640625,114830.609375,5741.53076171875,0.00000004139536002867317,119.18951416015625
0.030925000086426735,0,0.00005486681766342372,0,-3.5613605976104736,0.0028053715359419584,142.45460510253906,-132.03634643554688,-159906.609375,-7995.33056640625,0.00000002640726926017578,116.56370544433594
0.03092999942600727,0,0.000038419224438257515,0,-3.2895185947418213,0.003463276196271181,131.58091735839844,-75.25918579101563,-427008.875,-21350.443359375,0.000000015051837110036104,123.3958511352539
0.030934998765587807,0,0.00002411615969322156,0,-2.8606131076812744,0.0040353997610509396,114.42469787597656,-36.900917053222656,-673722.9375,-33686.1484375,0.000000007380183575378396,119.8609619140625
0.030939999967813492,0,0.000012640542990993708,0,-2.295123338699341,0.0044944253750145435,91.80511474609375,-14.539728164672852,-888269.125,-44413.45703125,0.0000000029079456620451083,117.24703979492188
0.030944999307394028,0,0.000004540295776678249,0,-1.6200494766235352,0.004818436224013567,64.80215454101563,-3.9945828914642334,-1060403.625,-53020.18359375,0.0000000007989165995425651,132.6787872314453
0.030949998646974564,0,0.00000020217703422531486,0,-0.8676238059997559,0.004991961643099785,34.70513153076172,-0.5153571367263794,-1181907.5,-59095.375,0.00000000010307142639387479,122.88031768798828
0.03095499984920025,0,-0.00000016668300872879627,0,-0.07377201318740845,0.005006717052310705,2.9510602951049805,-0.00102189090102911,-1246979.5,-62348.9765625,0.0000000000002043781810456835,108.58942413330078
0.030959999188780785,0,0.000003451327984294039,0,0.7236022353172302,0.004861997440457344,-28.943912506103516,-0.0006945832865312696,-1252512.625,-62625.6328125,0.0000000000001389166559562227,121.24151611328125
0.03096499852836132,0,0.000010883462891797535,0,1.4864270687103271,0.004564712755382061,-59.4569091796875,-0.29779157042503357,-1198242.625,-59912.1328125,0.00000000005955831661186295,120.56908416748047
0.030969999730587006,0,0.000021774863853352144,0,2.1782803535461426,0.004129057750105858,-87.13104248046875,-2.9612441062927246,-1086760.75,-54338.0390625,0.0000000005922488055531971,120.49644470214844
0.03097499907016754,0,0.00003560550612746738,0,2.7661285400390625,0.0035758328158408403,-110.64497375488281,-11.853616714477539,-923389.9375,-46169.49609375,0.00000000237072339537292,119.76048278808594
0.030979998409748077,0,0.000051715025620069355,0,3.2219038009643555,0.0029314528219401836,-128.87599182128906,-31.69379997253418,-715930.5,-35796.52734375,0.000000006338760183410841,117.21955108642578
0.030984999611973763,0,0.00006933424447197467,0,3.5238447189331055,0.002226684708148241,-140.95362854003906,-66.86109161376953,-474287.90625,-23714.396484375,0.000000013372217999574332,119.033447265625
0.0309899989515543,0,0.00008762191282585263,0,3.657534599304199,0.0014951785560697317,-146.3012237548828,-120.18092346191406,-209999.8125,-10499.9912109375,0.000000024036184598230648,122.53400421142578
0.030994998291134834,0,0.00010570486483629793,0,3.6165904998779297,0.0007718612323515117,-144.66346740722656,-191.93995666503906,64315.03125,3215.751708984375,0.00000003838799145228222,119.54572296142578
0.03099999949336052,0,0.0001227197062689811,0,3.4029669761657715,0.00009126868098974228,-136.11851501464844,-279.337890625,335559.09375,16777.955078125,0.00000005586757723108349,117.15088653564453
0.031004998832941055,0,0.00013785403280053288,0,3.0268640518188477,-0.0005141032161191106,-121.07438659667969,-376.5030212402344,590781.375,29539.068359375,0.00000007530060486260481,125.73871612548828
0.03101000003516674,0,0.00015038522542454302,0,2.5062389373779297,-0.0010153502225875854,-100.2493896484375,-475.0931396484375,817795.875,40889.79296875,0.00000009501862763272584,115.76753997802734
0.031014999374747276,0,0.00015971498214639723,0,1.865950107574463,-0.0013885393273085356,-74.63783264160156,-565.392578125,1005763.5,50288.17578125,0.00000011307851366382238,118.09163665771484
0.031019998714327812,0,0.0001653978251852095,0,1.1365690231323242,-0.001615852233953774,-45.46257781982422,-637.7214965820313,1145709.5,57285.4765625,0.0000001275442969017604,125.1251220703125
0.031024999916553497,0,0.00016716243408154696,0,0.35292109847068787,-0.0016864354256540537,-14.116645812988281,-683.9105224609375,1230951.875,61547.59375,0.0000001367821056419416,120.14898681640625
0.031029999256134033,0,0.00016492455324623734,0,-0.4475773870944977,-0.0015969189116731286,17.90331268310547,-698.5814819335938,1257420.75,62871.0390625,0.00000013971629186926293,119.96160888671875
0.03103499859571457,0,0.0001587910228408873,0,-1.226705551147461,-0.001351576647721231,49.068450927734375,-680.0022583007813,1223852.25,61192.61328125,0.00000013600045178918663,116.29259490966797
0.031039999797940254,0,0.00014905471471138299,0,-1.9472627639770508,-0.0009621229255571961,77.8907470703125,-630.3643188476563,1131849.125,56592.45703125,0.00000012607286237198423,123.4872817993164
0.03104499913752079,0,0.00013618048978969455,0,-2.5748448371887207,-0.00044715270632877946,102.99404907226563,-555.432373046875,985804.1875,49290.2109375,0.0000001110864786824095,118.5817642211914
0.031049998477101326,0,0.00012078305007889867,0,-3.0794873237609863,0.00016874604625627398,123.17974853515625,-463.6279296875,792690.5625,39634.52734375,0.00000009272558543216292,121.66930389404297
0.03105499967932701,0,0.00010359757288824767,0,-3.4370951652526855,0.0008561662398278713,137.48403930664063,-364.7135009765625,561728.75,28086.4375,0.00000007294269721569435,120.07685089111328
0.031059999018907547,0,0.00008544460433768108,0,-3.6305932998657227,0.001582286087796092,145.22396850585938,-268.31134033203125,303946.375,15197.3193359375,0.00000005366226929481854,117.12345123291016
0.031064998358488083,0,0.0000671908856020309,0,-3.6507434844970703,0.002312435768544674,146.02996826171875,-182.51947021484375,31651.62890625,1582.5814208984375,0.00000003650389501785867,122.26433563232422
0.031069999560713768,0,0.000049707967264112085,0,-3.4965834617614746,0.003011753549799323,139.86355590820313,-112.86536407470703,-242154.40625,-12107.720703125,0.000000022573072300247077,119.46003723144531
0.031074998900294304,0,0.00003383059811312705,0,-3.175473690032959,0.003646849188953638,127.01915740966797,-61.77204513549805,-504398.4375,-25219.921875,0.000000012354409051340554,119.3175048828125
0.03108000010251999,0,0.000020316869267844595,0,-2.7027459144592285,0.00418739952147007,108.11003875732422,-28.61273193359375,-742559.1875,-37127.9609375,0.0000000057225464367149925,120.04801940917969
0.031084999442100525,0,0.0000098120135589852,0,-2.100971221923828,0.004607594572007656,84.03905487060547,-10.319378852844238,-945265.375,-47263.26953125,0.0000000020638757369795258,121.06537628173828
0.03108999878168106,0,0.000002817601853166707,0,-1.3988823890686035,0.004887372255325317,55.955501556396484,-2.4068901538848877,-1102838.5,-55141.92578125,0.0000000004813780485335428,119.46003723144531
0.031094999983906746,0,-0.0000003324068984511541,0,-0.6300017833709717,0.005013373680412769,25.200275421142578,-0.1984720081090927,-1207754.875,-60387.74609375,0.00000000003969440054429896,127.43724060058594
0.031099999323487282,0,0.0000005123899882164551,0,0.168959379196167,0.004979582969099283,-6.758169174194336,-0.0027623737696558237,-1255005.25,-62750.26171875,0.0000000000005524747326290935,118.83541107177734
0.031104998663067818,0,0.000005311657332640607,0,0.9598534107208252,0.004787613172084093,-38.39392852783203,-0.006563568953424692,-1242333.5,-62116.67578125,0.0000000000013127138265289773,119.9328384399414
0.031109999865293503,0,0.00001383624658046756,0,1.7049179077148438,0.004446630831807852,-68.1965103149414,-0.7053425908088684,-1170344.75,-58517.23828125,0.0000000001410685179781268,115.38018035888672
0.03111499920487404,0,0.000025679140890133567,0,2.3685789108276367,0.003972915932536125,-94.7429428100586,-4.7860426902771,-1042476.1875,-52123.80859375,0.0000000009572085346576387,125.34469604492188
0.031119998544454575,0,0.000040274884668178856,0,2.9191489219665527,0.0033890872728079557,-116.76573944091797,-16.485456466674805,-864833,-43241.65234375,0.0000000032970912666741015,119.56002044677734
0.03112499974668026,0,0.00005692658305633813,0,3.3303399085998535,0.002723020501434803,-133.21337890625,-40.55165481567383,-645897.125,-32294.857421875,0.000000008110331073396537,120.35142517089844
0.031129999086260796,0,0.00007483917579520494,0,3.582519054412842,0.0020065177232027054,-143.300537109375,-81.01588439941406,-396121.9375,-19806.09765625,0.000000016203177466422858,120.64181518554688
0.03113499842584133,0,0.00009315740317106247,0,3.6636457443237305,0.0012737897923216224,-146.54559326171875,-140.0225372314453,-127433.3203125,-6371.666015625,0.000000028004507157675107,119.16110229492188
0.031139999628067017,0,0.00011100663687102497,0,3.5698461532592773,0.0005598217830993235,-142.79360961914063,-216.95748901367188,147339.765625,7366.98828125,0.00000004339149839438505,120.67092895507813
0.031144998967647552,0,0.0001275346294278279,0,3.3055992126464844,-0.00010129681322723627,-132.22372436523438,-308.0617370605469,415077.875,20753.89453125,0.000000061612347224127,119.3175048828125
0.03114999830722809,0,0.00014195224503055215,0,2.8835220336914063,-0.0006779999821446836,-115.34063720703125,-406.6268615722656,662997.4375,33149.87109375,0.00000008132537487881564,120.16342163085938
0.031154999509453773,0,0.00015357107622548938,0,2.3237671852111816,-0.0011427521239966154,-92.950439453125,-503.7607421875,879261.1875,43963.05859375,0.0000001007521461815486,118.70845031738281
0.03115999884903431,0,0.00016183637490030378,0,1.6530609130859375,-0.001473363023251295,-66.12217712402344,-589.6015625,1053543.375,52677.16796875,0.00000011792030818469357,118.07769775390625
0.031165000051259995,0,0.00016635350766591728,0,0.9034270644187927,-0.0016540470533072948,-36.136810302734375,-654.7748413085938,1177522.625,58876.1328125,0.00000013095497308768245,122.74456787109375
0.03116999939084053,0,0.00016690680058673024,0,0.11065801978111267,-0.0016761772567406297,-4.426036834716797,-691.8367919921875,1245279.25,62263.96484375,0.0000001383673549071318,119.2463607788086
0.031174998730421066,0,0.00016346982738468796,0,-0.687394380569458,-0.0015386969316750765,27.496068954467773,-696.4464721679688,1253578.25,62678.9140625,0.00000013928929831763526,120.8021240234375
0.03117999993264675,0,0.00015620670455973595,0,-1.4526259899139404,-0.0012481702724471688,58.10533905029297,-668.0591430664063,1202023.375,60101.16796875,0.00000013361183448523661,119.56002044677734
0.031184999272227287,0,0.0001454642042517662,0,-2.1484997272491455,-0.0008184687467291951,85.94029998779297,-610.0130004882813,1093076.125,54653.80859375,0.00000012200260357531079,119.84659576416016
0.031189998611807823,0,0.0001317552523687482,0,-2.7417900562286377,-0.0002701092162169516,109.67191314697266,-528.99560546875,931938.3125,46596.91796875,0.00000010579911702279787,120.43839263916016
0.03119499981403351,0,0.00011573440860956907,0,-3.204169511795044,0.0003707261639647186,128.16708374023438,-433.9859619140625,726303.75,36315.1875,0.00000008679719343263059,119.5743179321289
0.031199999153614044,0,0.00009816660167416558,0,-3.5135610103607178,0.0010734398383647203,140.542724609375,-334.8612060546875,485990.71875,24299.537109375,0.00000006697224108620503,119.84659576416016
0.03120499849319458,0,0.00007989064033608884,0,-3.6551921367645264,0.001804479630663991,146.20794677734375,-240.91697692871094,222473.328125,11123.6669921875,0.00000004818339505163749,121.10935974121094
0.031209999695420265,0,0.00006177913746796548,0,-3.622300386428833,0.002528941025957465,144.89227294921875,-159.56283569335938,-51666.3828125,-2583.319091796875,0.00000003191256681134291,117.55025482177734
0.0312149990350008,0,0.00004469685518415645,0,-3.416456460952759,0.003212233539670706,136.65850830078125,-95.41653442382813,-323339.21875,-16166.9609375,0.000000019083307378764403,121.35922241210938
0.031219998374581337,0,0.000029459413781296462,0,-3.0474884510040283,0.0038217324763536453,121.8997802734375,-49.94521713256836,-579573.75,-28978.6875,0.00000000998904337023987,121.31505584716797
0.031224999576807022,0,0.000016794348994153552,0,-2.533013105392456,0.00432833656668663,101.32077026367188,-21.69642448425293,-808135.6875,-40406.78515625,0.000000004339284931376142,119.41724395751953
0.031229998916387558,0,0.000007306373845494818,0,-1.8975951671600342,0.00470785703510046,75.904052734375,-7.051253795623779,-998112,-49905.6015625,0.0000000014102508050228835,117.13716888427734
0.031235000118613243,0,0.0000014485058272839524,0,-1.1715736389160156,0.004942173138260841,46.863189697265625,-1.3345774412155151,-1140432,-57021.6015625,0.0000000002669154897105841,122.60912322998047
0.03123999945819378,0,-0.0000004995608833269216,0,-0.3896133601665497,0.0050200968980789185,15.58477783203125,-0.05245422199368477,-1228300.375,-61415.01953125,0.0000000000104908443043783,115.72734832763672
0.031244998797774315,0,0.0000015551877368125133,0,0.4109497368335724,0.00493790814653039,-16.437747955322266,-0.006239037029445171,-1257521.625,-62876.08203125,0.000000000001247807412951829,118.5817642211914
0.03125,0,0.000007514645858464064,0,1.1918916702270508,0.004699531011283398,-47.6754264831543,-0.060465242713689804,-1226700.75,-61335.0390625,0.000000000012093048784578286,123.93109130859375
0.031254999339580536,0,0.000017094271242967807,0,1.9159252643585205,0.004316347185522318,-76.63676452636719,-1.4117475748062134,-1137309.125,-56865.45703125,0.00000000028234950488759125,120.32246398925781
0.03125999867916107,0,0.000029836672183591872,0,2.548480272293091,0.0038066525012254715,-101.93896484375,-7.305352210998535,-993615.0625,-49680.75390625,0.0000000014610704868189828,119.97600555419922
0.03126499801874161,0,0.00004513344538281672,0,3.059354543685913,0.0031947828829288483,-122.37393188476563,-22.255674362182617,-802479.375,-40123.96875,0.000000004451135016125818,121.25621795654297
0.031269997358322144,0,0.00006225422112038359,0,3.4241554737091064,0.002509952988475561,-136.96597290039063,-50.92569351196289,-573028.125,-28651.40625,0.000000010185138954454942,119.96160888671875
0.03127500042319298,0,0.00008038154919631779,0,3.625465154647827,0.0017848610877990723,-145.01837158203125,-96.88968658447266,-316216.8125,-15810.8408203125,0.000000019377937476861007,120.5109634399414
0.031279999762773514,0,0.00009864990715868771,0,3.653671979904175,0.0010541279334574938,-146.14663696289063,-161.52981567382813,-44307.25390625,-2215.36279296875,0.00000003230596234971017,119.47431182861328
0.03128499910235405,0,0.00011618705320870504,0,3.5074288845062256,0.00035264325561001897,-140.29693603515625,-243.2950439453125,229717.78125,11485.8896484375,0.00000004865900748995955,119.68881225585938
0.031289998441934586,0,0.0001321556483162567,0,3.193718671798706,-0.0002860993845388293,-127.74853515625,-337.48565673828125,492774.59375,24638.73046875,0.00000006749713321596573,120.36591339111328
0.03129499778151512,0,0.00014579325215891004,0,2.727520227432251,-0.0008316023158840835,-109.1005859375,-436.627685546875,732303.1875,36615.16015625,0.00000008732553880008709,119.6458511352539
0.031300000846385956,0,0.00015644871746189892,0,2.1310923099517822,-0.001257819589227438,-85.24346923828125,-531.3915405273438,936866.875,46843.34375,0.00000010627830704379448,118.60989379882813
0.03130500018596649,0,0.0001636132801650092,0,1.4329125881195068,-0.0015444009331986308,-57.31626892089844,-611.9046020507813,1096698.5,54834.92578125,0.0000001223809249495389,119.74613952636719
0.03130999952554703,0,0.00016694486839696765,0,0.6663167476654053,-0.0016776630654931068,-26.652420043945313,-669.232177734375,1204166.625,60208.33203125,0.00000013384644148572988,121.31505584716797
0.031314998865127563,0,0.00016628440062049776,0,-0.13209325075149536,-0.0016512430738657713,5.283990859985352,-696.7642211914063,1254140,62707,0.00000013935284925992164,120.26457977294922
0.0313199982047081,0,0.00016166342538781464,0,-0.9241960644721985,-0.0014664025511592627,36.96811294555664,-691.2620849609375,1244232.625,62211.6328125,0.00000013825241751419526,120.20675659179688
0.031324997544288635,0,0.00015330256428569555,0,-1.6721715927124023,-0.001131966826505959,66.88714599609375,-653.3761596679688,1174917.625,58745.8828125,0.0000001306752324126137,122.35409545898438
0.03133000060915947,0,0.00014160103455651551,0,-2.3403067588806152,-0.0006639040075242519,93.61256408691406,-587.5415649414063,1049504.5,52475.2265625,0.00000011750830708479043,116.90437316894531
0.031334999948740005,0,0.00012711752788163722,0,-2.896700382232666,-0.00008456245996057987,115.86831665039063,-501.27105712890625,873981.1875,43699.05859375,0.00000010025421204318263,119.54572296142578
0.03133999928832054,0,0.00011054359492845833,0,-3.314786434173584,0.0005783963715657592,132.59176635742188,-403.9714660644531,656728.375,32836.41796875,0.00000008079429392182647,121.02142333984375
0.03134499862790108,0,0.00009267058339901268,0,-3.5746030807495117,0.0012933185789734125,142.98443603515625,-305.4970703125,408119.0625,20405.953125,0.00000006109941352860915,117.4122314453125
0.03134999796748161,0,0.00007435186125803739,0,-3.6637449264526367,0.002026068978011608,146.55010986328125,-214.6958770751953,140023.484375,7001.17431640625,0.00000004293917399422753,121.43290710449219
0.03135500103235245,0,0.000056462082284269854,0,-3.577955722808838,0.0027416616212576628,143.1185302734375,-138.2049560546875,-134757.75,-6737.8876953125,0.0000000276409917177034,119.71746826171875
0.03136000037193298,0,0.00003985542571172118,0,-3.32133150100708,0.003405929310247302,132.85354614257813,-79.69916534423828,-403104.8125,-20155.240234375,0.00000001593983256498177,120.5109634399414
0.03136499971151352,0,0.00002532479993533343,0,-2.906125068664551,0.003987155854701996,116.24528503417969,-39.71137237548828,-652205,-32610.25,0.000000007942274393712978,120.4529037475586
0.031369999051094055,0,0.000013563995707954746,0,-2.352160930633545,0.004457589238882065,94.08671569824219,-16.03363609313965,-870164.75,-43508.23828125,0.000000003206727328119996,121.09469604492188
0.03137499839067459,0,0.000005134549610374961,0,-1.6858892440795898,0.004794768523424864,67.43585205078125,-4.599549293518066,-1046577.1875,-52328.859375,0.0000000009199098705003905,119.73180389404297
0.03137999773025513,0,0.00000043893987822229974,0,-0.9391219615936279,0.004982594400644302,37.565162658691406,-0.659089982509613,-1173019.25,-58650.96484375,0.00000000013181800095907192,120.00479888916016
0.03138500079512596,0,-0.0000002986336085086805,0,-0.1475147008895874,0.005012098699808121,5.900874137878418,-0.00481670256704092,-1243453.75,-62172.6875,0.0000000000009633405184672483,119.0617904663086
0.0313900001347065,0,0.000002957046490337234,0,0.651136040687561,0.004881872795522213,-26.045154571533203,-0.0022295359522104263,-1254517.75,-62725.88671875,0.0000000000004459072000528863,118.5817642211914
0.03139499947428703,0,0.000010050534910988063,0,1.4186975955963135,0.004598134662955999,-56.747615814208984,-0.21860305964946747,-1205682.875,-60284.14453125,0.00000000004372061046531428,120.42388916015625
0.03139999881386757,0,0.00002064314321614802,0,2.1185214519500732,0.004174431785941124,-84.74057006835938,-2.5253312587738037,-1099280.875,-54964.04296875,0.0000000005050662665873062,119.70313262939453
0.031404998153448105,0,0.0000342291132255923,0,2.717193841934204,0.003630994586274028,-108.68745422363281,-10.653483390808105,-940392.125,-47019.60546875,0.00000000213069673016264,121.27091979980469
0.03140999749302864,0,0.00005015976057620719,0,3.1861298084259033,0.0029937701765447855,-127.44490051269531,-29.290803909301758,-736602.9375,-36830.1484375,0.000000005858160623262165,120.03360748291016
0.031415000557899475,0,0.00006767445302102715,0,3.502939462661743,0.0022931837011128664,-140.11729431152344,-62.9000358581543,-497643.5625,-24882.177734375,0.000000012580007258122805,118.11953735351563
0.03141999989748001,0,0.0000859369320096448,0,3.652496099472046,0.001562685938552022,-146.0995635986328,-114.49577331542969,-234923.484375,-11746.1748046875,0.000000022899154572542102,116.30611419677734
0.03142499923706055,0,0.00010407522495370358,0,3.627659559249878,0.000837155501358211,-145.10609436035156,-184.6288604736328,39013.3359375,1950.6668701171875,0.00000003692577266178887,123.8850326538086
0.03142999857664108,0,0.00012122330372221768,0,3.4296152591705322,0.00015123398043215275,-137.18431091308594,-270.7912292480469,311087.40625,15554.3701171875,0.00000005415824588794749,121.00677490234375
0.03143499791622162,0,0.0001365623902529478,0,3.0678188800811768,-0.00046232837485149503,-122.71247100830078,-367.3771057128906,568308.125,28415.40625,0.00000007347541952640313,121.50668334960938
0.03144000098109245,0,0.00014936011575628072,0,2.5595455169677734,-0.0009742359980009496,-102.38153076171875,-466.23193359375,798394.125,39919.70703125,0.00000009324638483576564,119.00511932373047
0.03144500032067299,0,0.00015900543075986207,0,1.929063320159912,-0.0013600471429526806,-77.1622314453125,-557.7107543945313,990359.625,49517.98046875,0.00000011154215684427982,118.92020416259766
0.031449999660253525,0,0.00016503781080245972,0,1.2064752578735352,-0.001601340714842081,-48.258705139160156,-632.0677490234375,1135038.875,56751.9453125,0.00000012641355340292648,119.37448120117188
0.03145499899983406,0,0.0001671692298259586,0,0.426282674074173,-0.0016865956131368876,-17.050989151000977,-680.9364624023438,1225524.125,61276.20703125,0.0000001361872961069821,121.81752014160156
0.0314599983394146,0,0.00016529791173525155,0,-0.3742630183696747,-0.0016117413761094213,14.970854759216309,-698.6383056640625,1257494.875,62874.74609375,0.0000001397276605530351,118.79306030273438
0.03146499767899513,0,0.00015951321984175593,0,-1.1569387912750244,-0.0013803518377244473,46.27790069580078,-683.0845336914063,1229424.75,61471.23828125,0.00000013661690445587737,116.42798614501953
0.03147000074386597,0,0.00015009134949650615,0,-1.8843746185302734,-0.0010034751612693071,75.3753433227539,-636.1112670898438,1142654,57132.69921875,0.00000012722225051220448,122.80486297607422
0.0314750000834465,0,0.00013748215860687196,0,-2.5218381881713867,-0.0004991057212464511,100.87389373779297,-563.1849975585938,1001325.5,50066.27734375,0.00000011263700372410312,115.43345642089844
0.03147999942302704,0,0.00012228768900968134,0,-3.0388927459716797,0.00010867463424801826,121.55606842041016,-472.53338623046875,812187.25,40609.36328125,0.00000009450667448618333,115.18083190917969
0.031484998762607574,0,0.00010523344099055976,0,-3.4108505249023438,0.0007908465340733528,136.43438720703125,-373.8568115234375,584269.9375,29213.498046875,0.00000007477136421130126,125.07817077636719
0.03148999810218811,0,0.0000871336815180257,0,-3.6199522018432617,0.0015148386592045426,144.79843139648438,-276.8518371582031,328455.75,16422.787109375,0.000000055370367846308,113.90818786621094
0.031494997441768646,0,0.00006885261973366141,0,-3.6562132835388184,0.002246082993224263,146.24887084960938,-189.8069305419922,56958.95703125,2847.947998046875,0.000000037961385146445537,126.55023956298828
0.03150000050663948,0,0.00005126310861669481,0,-3.5179028511047363,0.0029496653005480766,140.71646118164063,-118.51705932617188,-217257.4375,-10862.8720703125,0.00000002370341256607844,120.04801940917969
0.031504999846220016,0,0.000035204986488679424,0,-3.2116246223449707,0.00359199196100235,128.46533203125,-65.6976547241211,-481100.5625,-24055.029296875,0.000000013139530352646034,114.22044372558594
0.03150999918580055,0,0.000021444975573103875,0,-2.752002239227295,0.0041423942893743515,110.0804443359375,-30.98477554321289,-721972.875,-36098.64453125,0.0000000061969549491891485,114.57378387451172
0.03151499852538109,0,0.000010640070286171976,0,-2.1609811782836914,0.004574592225253582,86.43960571289063,-11.497174263000488,-928373.5,-46418.67578125,0.000000002299434864738714,131.11314392089844
0.031519997864961624,0,0.0000033061669455491938,0,-1.466780662536621,0.004867949988692999,58.67158508300781,-2.830277442932129,-1090447.5,-54522.375,0.0000000005660554802666695,114.1943588256836
0.03152500092983246,0,-0.0000002065646640403429,0,-0.7025463581085205,0.005008460953831673,28.102210998535156,-0.2732684910297394,-1200456.5,-60022.82421875,0.0000000000546536982337642,122.23444366455078
0.031530000269412994,0,0.00000026959716592500627,0,0.09523236751556396,0.004989416338503361,-3.8089351654052734,-0.001066716155037284,-1253147.875,-62657.39453125,0.00000000000021334323196953164,124.17732238769531
0.03153499960899353,0,0.0000047119183363975026,0,0.8884642720222473,0.004811725113540888,-35.538211822509766,-0.001817088108509779,-1246005.875,-62300.29296875,0.0000000000003634176293232372,118.75074005126953
0.031539998948574066,0,0.000012908295502711553,0,1.6392755508422852,0.004483871627599001,-65.5706558227539,-0.5550543069839478,-1179371.5,-58968.57421875,0.00000000011101086716536201,121.63970184326172
0.0315449982881546,0,0.00002446738290018402,0,2.3118174076080322,0.004021510016173124,-92.47232818603516,-4.165602207183838,-1056426.25,-52821.3125,0.0000000008331204615075194,119.20372009277344
0.03154999762773514,0,0.000038837275496916845,0,2.87397837638855,0.0034467163495719433,-114.9587631225586,-14.966320037841797,-883040.375,-44152.01953125,0.0000000029932640810415023,119.40298461914063
0.03155500069260597,0,0.00005533186049433425,0,3.298917055130005,0.0027869348414242268,-131.95631408691406,-37.70834732055664,-667492.5,-33374.625,0.000000007541669511113014,120.81671905517578
0.03156000003218651,0,0.00007316358096431941,0,3.5663444995880127,0.002073667710646987,-142.65342712402344,-76.54036712646484,-420074.1875,-21003.708984375,0.00000001530807303140591,116.33317565917969
0.031564999371767044,0,0.00009148103708866984,0,3.66349196434021,0.0013409710954874754,-146.53932189941406,-133.82272338867188,-152598.8125,-7629.94091796875,0.000000026764544358570674,121.27091979980469
0.03156999871134758,0,0.00010940963693428785,0,3.5857207775115967,0.0006238287314772606,-143.42848205566406,-209.21945190429688,122162.59375,6108.1298828125,0.00000004184389013062173,115.55350494384766
0.031574998050928116,0,0.00012609336408786476,0,3.336744546890259,-0.000043518433813005686,-133.4694366455078,-299.2616271972656,391091.15625,19554.55859375,0.00000005985232576222188,121.81752014160156
0.03157999739050865,0,0.0001407356176059693,0,2.9284508228302,-0.0006292068283073604,-117.13768005371094,-397.4882507324219,641346.5,32067.326171875,0.00000007949765290504729,125.81781768798828
0.031585000455379486,0,0.0001526372943772003,0,2.3803341388702393,-0.0011052718618884683,-95.2130126953125,-495.16259765625,860979.8125,43048.9921875,0.00000009903251907417143,120.32246398925781
0.03158999979496002,0,0.0001612301275599748,0,1.7185652256011963,-0.0014489830937236547,-68.74224853515625,-582.4532470703125,1039504.375,51975.21875,0.00000011649064646235274,119.87532806396484
0.03159499913454056,0,0.0001661038404563442,0,0.9747414588928223,-0.0016439295141026378,-38.989280700683594,-649.87841796875,1168396.25,58419.8125,0.00000012997568887840316,119.68881225585938
0.031599998474121094,0,0.00016702573338989168,0,0.184377521276474,-0.001680803019553423,-7.374709129333496,-689.7616577148438,1241501.375,62075.0703125,0.00000013795232689517434,119.38873291015625
0.03160499781370163,0,0.00016395178681705147,0,-0.6147894859313965,-0.0015578430611640215,24.59198760986328,-697.4393920898438,1255329.25,62766.46484375,0.0000001394878808014255,119.26058197021484
0.031610000878572464,0,0.00015702877135481685,0,-1.3846021890640259,-0.0012809205800294876,55.38450622558594,-672.0042724609375,1209219.5,60460.9765625,0.00000013440084956073406,121.77301788330078
0.031615000218153,0,0.00014658724830951542,0,-2.0883047580718994,-0.0008632574463263154,83.53262329101563,-616.450439453125,1105373.875,55268.6953125,0.00000012329009280165337,115.40680694580078
0.031619999557733536,0,0.00013312575174495578,0,-2.692298173904419,-0.00032479572109878063,107.69235229492188,-537.1952514648438,948750.5625,47437.52734375,0.00000010743904965693218,124.56402587890625
0.03162499889731407,0,0.00011728703248081729,0,-3.167743444442749,0.00030875508673489094,126.71015930175781,-443.0614318847656,746827.75,37341.38671875,0.00000008861228906198448,120.5109634399414
0.03162999823689461,0,0.00009982733172364533,0,-3.4919397830963135,0.001007145270705223,139.6780242919922,-343.90606689453125,509246.53125,25462.326171875,0.00000006878121183717667,113.89521789550781
0.03163499757647514,0,0.00008158029231708497,0,-3.6494081020355225,0.0017370290588587523,145.9767608642578,-249.1373291015625,247350.546875,12367.52734375,0.000000049827466597207604,125.48625946044922
0.03164000064134598,0,0.00006341714470181614,0,-3.632629632949829,0.002463557058945298,145.3056182861328,-166.38356018066406,-26355.572265625,-1317.7786865234375,0.00000003327671294073298,121.56576538085938
0.031644999980926514,0,0.00004620511754183099,0,-3.4424054622650146,0.003152040299028158,137.69664001464844,-100.54334259033203,-298803.3125,-14940.166015625,0.00000002010866850810089,118.97679901123047
0.03164999932050705,0,0.000030766026611672714,0,-3.0878183841705322,0.0037696058861911297,123.51314544677734,-53.37281799316406,-556984.25,-27849.212890625,0.000000010674563455381758,119.96160888671875
0.031654998660087585,0,0.000017837035557022318,0,-2.585798501968384,0.004286767449229956,103.4323501586914,-23.66370964050293,-788571.125,-39428.55859375,0.000000004732741754054359,115.75413513183594
0.03165999799966812,0,0.000008035458449739963,0,-1.960315465927124,0.004678832367062569,78.41303253173828,-7.953995704650879,-982506.5,-49125.32421875,0.0000000015907991590680126,123.3045654296875
0.03166499733924866,0,0.0000018292894310434349,0,-1.2412338256835938,0.0049270810559391975,49.64977264404297,-1.6142147779464722,-1129530.625,-56476.53125,0.00000000032284294682050074,116.5772933959961
0.03167000040411949,0,-0.0000004851476660405751,0,-0.4628874361515045,0.005019660573452711,18.51591682434082,-0.08365752547979355,-1222623.625,-61131.18359375,0.00000000001673150507031096,124.85953521728516
0.03167499974370003,0,0.0000012026548574795015,0,0.3375605046749115,0.004952150397002697,-13.502001762390137,-0.005884251557290554,-1257340.75,-62867.0390625,0.0000000000011768502838904737,118.32919311523438
0.03167999908328056,0,0.000006812112133047776,0,1.1218914985656738,0.004727774299681187,-44.875240325927734,-0.03615947812795639,-1232024.25,-61601.21484375,0.000000000007231895637893615,120.77294921875
0.0316849984228611,0,0.000016075393432402052,0,1.852656364440918,0.004357245285063982,-74.1058349609375,-1.1601217985153198,-1147882.875,-57394.14453125,0.00000000023202435806002342,120.46741485595703
0.031689997762441635,0,0.0000285502101178281,0,2.4949636459350586,0.0038582547567784786,-99.79812622070313,-6.460456848144531,-1008934.1875,-50446.7109375,0.0000000012920913228242625,118.87779235839844
0.03169500082731247,0,0.00004364093911135569,0,3.0181455612182617,0.0032546278089284897,-120.72540283203125,-20.37786102294922,-821812.4375,-41090.62109375,0.000000004075572324069299,120.9628677368164
0.031700000166893005,0,0.00006062704778742045,0,3.3972220420837402,0.002575185615569353,-135.88845825195313,-47.613285064697266,-595452.0625,-29772.603515625,0.000000009522657329341655,120.71463012695313
0.03170499950647354,0,0.00007869751425459981,0,3.61409330368042,0.0018523689359426498,-144.56332397460938,-91.8909683227539,-340660.96875,-17033.048828125,0.00000001837819318950551,119.87532806396484
0.03170999884605408,0,0.00009698953363113105,0,3.65840482711792,0.0011206900235265493,-146.33578491210938,-154.8324432373047,-69604.515625,-3480.225830078125,0.000000030966489816819376,118.2452392578125
0.03171499818563461,0,0.00011462973634479567,0,3.528040885925293,0.00041508395224809647,-141.1212158203125,-235.17417907714844,204775.296875,10238.7646484375,0.0000000470348346937044,120.14898681640625
0.03171999752521515,0,0.00013077586481813341,0,3.2292256355285645,-0.00023075909120962024,-129.16860961914063,-328.4992980957031,469377.78125,23468.888671875,0.0000000656998579984247,120.36591339111328
0.03172500059008598,0,0.00014465699496213347,0,2.77622652053833,-0.0007860023179091513,-111.04864501953125,-427.5579833984375,711569.125,35578.45703125,0.00000008551159424996513,120.1056900024414
0.03172999992966652,0,0.00015561035252176225,0,2.1906728744506836,-0.0012241348158568144,-87.62649536132813,-523.140869140625,919785.5625,45989.27734375,0.00000010462817812140202,120.58362579345703
0.031734999269247055,0,0.00016311297076754272,0,1.5005228519439697,-0.0015242372173815966,-60.02049255371094,-605.3641357421875,1084085.375,54204.26953125,0.00000012107282998385926,120.32246398925781
0.03173999860882759,0,0.00016680661065038294,0,0.7387287020683289,-0.0016719808336347342,-29.54871368408203,-665.1455688476563,1196624,59831.19921875,0.00000013302911838763976,119.01927947998047
0.03174499794840813,0,0.00016651493206154555,0,-0.058336853981018066,-0.0016603112453594804,2.3339176177978516,-695.610595703125,1252028.125,62601.40625,0.00000013912212182276562,120.86052703857422
0.03175000101327896,0,0.00016225184663198888,0,-0.8526166081428528,-0.001489785616286099,34.10511779785156,-693.1800537109375,1247652.25,62382.61328125,0.0000001386360111155227,118.30119323730469
0.0317550003528595,0,0.00015422090655192733,0,-1.6061866283416748,-0.0011685460340231657,64.24793243408203,-658.14111328125,1183705.5,59185.27734375,0.00000013162822654066986,120.68549346923828
0.03175999969244003,0,0.00014280556933954358,0,-2.283066511154175,-0.0007119303336367011,91.3231430053711,-594.6018676757813,1063241,53162.05078125,0.00000011892036866356648,117.619384765625
0.03176499903202057,0,0.00012855087697971612,0,-2.850938081741333,-0.00014174031093716621,114.03800201416016,-509.83551025390625,892010.5,44600.52734375,0.00000010196710320542479,121.15338134765625
0.031769998371601105,0,0.00011213744437554851,0,-3.282686948776245,0.0005147994379512966,131.30795288085938,-413.1330261230469,678189.625,33909.48046875,0.00000008262660600166782,122.74456787109375
0.03177499771118164,0,0.00009434895036974922,0,-3.557698965072632,0.001226341468282044,142.30841064453125,-314.37005615234375,431987.5625,21599.37890625,0.00000006287400822202471,119.07597351074219
0.031780000776052475,0,0.0000760347320465371,0,-3.6628429889678955,0.0019589122384786606,146.51416015625,-222.5430450439453,165159.640625,8257.982421875,0.000000044508610130833404,120.07685089111328
0.03178500011563301,0,0.00005806923581985757,0,-3.5930988788604736,0.0026775342412292957,143.72439575195313,-144.531982421875,-109554.109375,-5477.70556640625,0.000000028906397275818563,118.5114974975586
0.03178999945521355,0,0.00004131025343667716,0,-3.3517963886260986,0.003347895573824644,134.07229614257813,-84.30089569091797,-379037.0625,-18951.853515625,0.000000016860179030686595,121.27091979980469
0.03179499879479408,0,0.000026557969249552116,0,-2.9504570960998535,0.003937989007681608,118.01872253417969,-42.66342544555664,-630422.375,-31521.119140625,0.000000008532684780959698,119.50286865234375
0.03179999813437462,0,0.000014516751434712205,0,-2.4082436561584473,0.004419639706611633,96.33018493652344,-17.633142471313477,-851707.1875,-42585.359375,0.000000003526628544747723,119.34598541259766
0.031804997473955154,0,0.000005761528882430866,0,-1.7510446310043335,0.004769850987941027,70.04222106933594,-5.268401622772217,-1032326,-51616.30078125,0.0000000010536803651817195,120.23566436767578
0.03181000053882599,0,0.0000007103340067260433,0,-1.0102390050888062,0.0049719009548425674,40.409996032714844,-0.82988041639328,-1163654.875,-58182.74609375,0.00000000016597608010204823,117.28829193115234
0.031814999878406525,0,-0.0000003956539558203076,0,-0.22119760513305664,0.005016142502427101,8.848341941833496,-0.012614353559911251,-1239423.375,-61971.16796875,0.0000000000025228708011582057,118.75074005126953
0.03181999921798706,0,0.0000024963737814687192,0,0.5784055590629578,0.0049004633910954,-23.135784149169922,-0.003913536202162504,-1256013.75,-62800.6875,0.0000000000007827072323607354,123.94645690917969
0.031824998557567596,0,0.00000924833511817269,0,1.3503923416137695,0.004630387295037508,-54.01525115966797,-0.15579703450202942,-1212633.875,-60631.6953125,0.00000000003115940838682718,122.30919647216797
0.03182999789714813,0,0.000019537848856998608,0,2.0579028129577637,0.004218808840960264,-82.315673828125,-2.1382925510406494,-1111355,-55567.75,0.00000000042765851970827384,114.63945770263672
0.03183500096201897,0,0.00003287362778792158,0,2.667156219482422,0.0036853798665106297,-106.68580627441406,-9.543188095092773,-957012.8125,-47850.640625,0.0000000019086376923382886,123.27416229248047
0.0318400003015995,0,0.00004861893830820918,0,3.1490626335144043,0.003055569715797901,-125.96205139160156,-27.016883850097656,-756976.625,-37848.83203125,0.0000000054033768570604934,119.66016387939453
0.03184499964118004,0,0.00006602200301131234,0,3.4806127548217773,0.0023594493977725506,-139.2240447998047,-59.095027923583984,-520797.5,-26039.875,0.000000011819005329982701,121.03607177734375
0.031849998980760574,0,0.00008425187843386084,0,3.6459760665893555,0.0016302565345540643,-145.8385772705078,-108.97261047363281,-259752.140625,-12987.607421875,0.000000021794521742890538,114.9293212890625
0.03185499832034111,0,0.00010243816359434277,0,3.6372570991516113,0.0009028074564412236,-145.4898223876953,-177.4594268798828,13695.4453125,684.7722778320313,0.00000003549188676288395,125.1094741821289
0.031859997659921646,0,0.00011971252388320863,0,3.4548726081848145,0.00021183525677770376,-138.19444274902344,-262.33935546875,286489.09375,14324.455078125,0.000000052467871825001566,119.83223724365234
0.03186500072479248,0,0.00013525017129722983,0,3.1075305938720703,-0.0004096685443073511,-124.3007583618164,-358.2770690917969,545603.875,27280.193359375,0.00000007165541404674514,120.00479888916016
0.031870000064373016,0,0.0001483092491980642,0,2.6118154525756836,-0.0009320292738266289,-104.4721450805664,-457.31500244140625,778668,38933.40234375,0.00000009146300072870872,119.71746826171875
0.03187499940395355,0,0.00015826622257009149,0,1.9913954734802246,-0.0013303059386089444,-79.65534210205078,-549.8905029296875,974553.5,48727.67578125,0.00000010997810306889733,120.23566436767578
0.03187999874353409,0,0.00016464569489471614,0,1.2758939266204834,-0.0015854822704568505,-51.03527069091797,-626.2045288085938,1123907.5,56195.375,0.00000012524090209353744,119.58861541748047
0.031884998083114624,0,0.000167143065482378,0,0.4994734525680542,-0.001685374416410923,-19.978439331054688,-677.7046508789063,1219598.875,60979.9453125,0.00000013554092959111586,119.68881225585938
0.03188999742269516,0,0.00016563909593969584,0,-0.3007946014404297,-0.0016252129571512341,12.03229808807373,-698.4196166992188,1257058.75,62852.9375,0.0000001396839195422217,120.07685089111328
0.031895000487565994,0,0.00016020559996832162,0,-1.086700439453125,-0.00140787020791322,43.468544006347656,-685.9072875976563,1234498.5,61724.92578125,0.0000001371814590811482,119.68881225585938
0.03189999982714653,0,0.00015110199456103146,0,-1.8207197189331055,-0.0010437235468998551,72.82933044433594,-641.6454467773438,1152995.375,57649.76953125,0.00000012832909135340742,119.73180389404297
0.031904999166727066,0,0.0001387629599776119,0,-2.467805862426758,-0.0005501596606336534,98.71278381347656,-570.7949829101563,1016440.75,50822.0390625,0.00000011415900047495597,121.37395477294922
0.0319099985063076,0,0.0001237776450579986,0,-2.9970626831054688,0.00004925561370328069,119.883056640625,-481.3787536621094,831354.6875,41567.734375,0.00000009627574826254204,117.86892700195313
0.03191499784588814,0,0.00010686154564609751,0,-3.3832197189331055,0.0007259023259393871,135.329345703125,-383.0224609375,606574.375,30328.71875,0.00000007660449341528874,122.56404113769531
0.03192000091075897,0,0.0000888223439687863,0,-3.607839584350586,0.0014474730705842376,144.31414794921875,-285.48468017578125,352832.25,17641.61328125,0.00000005709693340349986,121.4476547241211
0.03192500025033951,0,0.00007052135333651677,0,-3.6601977348327637,0.0021795155480504036,146.40847778320313,-197.23516845703125,82243.609375,4112.1806640625,0.00000003944703408365058,116.90437316894531
0.031929999589920044,0,0.00005283238715492189,0,-3.5377936363220215,0.0028870771639049053,141.5123291015625,-124.33151245117188,-192271.90625,-9613.595703125,0.000000024866302794634976,119.34598541259766
0.03193499892950058,0,0.000036600027669919655,0,-3.246471881866455,0.0035363745409995317,129.85946655273438,-69.78152465820313,-457607.125,-22880.357421875,0.000000013956304556472787,119.73180389404297
0.031939998269081116,0,0.000022599317162530497,0,-2.800142288208008,0.0040964060463011265,112.00627136230469,-33.48904800415039,-701093.25,-35054.6640625,0.000000006697809862288295,116.90437316894531
0.03194499760866165,0,0.000011498741514515132,0,-2.2201151847839355,0.0045404317788779736,88.80519104003906,-12.768227577209473,-911104.625,-45555.23046875,0.0000000025536455172670003,119.60292053222656
0.031950000673532486,0,0.000003828317858278751,0,-1.5340847969055176,0.004847251810133457,61.36397933959961,-3.3055264949798584,-1077614,-53880.69921875,0.0000000006611052816296592,120.03360748291016
0.03195500001311302,0,-0.00000004571575118461624,0,-0.7748067378997803,0.005002215970307589,30.992855072021484,-0.36640045046806335,-1192671.125,-59633.55859375,0.00000000007328009032914196,120.81671905517578
0.03195999935269356,0,0.0000000616146280663088,0,0.021466076374053955,0.004997925832867622,-0.8580570220947266,-0.00005224987035035156,-1250782.375,-62539.12109375,0.000000000000010449974219284286,120.30799102783203
0.031964998692274094,0,0.0000041451862671237905,0,0.816714346408844,0.004834585823118687,-32.66798782348633,-0.00009485468035563827,-1249173.125,-62458.65625,0.000000000000018970935933282362,119.07597351074219
0.03196999803185463,0,0.000012010024875053205,0,1.5729678869247437,0.004519995301961899,-62.91812515258789,-0.4295642375946045,-1187920.25,-59396.01171875,0.00000000008591284628156615,118.52554321289063
0.031974997371435165,0,0.00002328061600564979,0,2.2541182041168213,0.004069174639880657,-90.16413879394531,-3.6060173511505127,-1069948.375,-53497.41796875,0.0000000007212034858206096,119.38873291015625
0.031980000436306,0,0.000037418831198010594,0,2.8276426792144775,0.003503649029880762,-113.10511779785156,-13.549676895141602,-900890.25,-45044.51171875,0.0000000027099353872017673,120.42388916015625
0.031984999775886536,0,0.0000537496198376175,0,3.266157865524292,0.00285042030736804,-130.64572143554688,-35.00422286987305,-688817.8125,-34440.890625,0.000000007000844348681312,120.6563720703125
0.03198999911546707,0,0.00007149324665078893,0,3.5487258434295654,0.00214067823253572,-141.94842529296875,-72.22554016113281,-443856.71875,-22192.8359375,0.000000014445107332505813,112.12019348144531
0.03199499845504761,0,0.0000898025173228234,0,3.6618549823760986,0.0014083102578297257,-146.47360229492188,-127.78208923339844,-177703.0625,-8885.1533203125,0.000000025556417426741973,128.28736877441406
0.03199999779462814,0,0.0001078032364603132,0,3.600144147872925,0.0006882844609208405,-144.00515747070313,-201.6122589111328,96935.2734375,4846.763671875,0.00000004032245115581645,120.62725830078125
0.03200500085949898,0,0.0001246359315700829,0,3.366539239883423,0.000014979566913098097,-134.66098022460938,-290.5383605957031,366945.28125,18347.263671875,0.00000005810766978697757,116.18450164794922
0.032010000199079514,0,0.0001394969003740698,0,2.9721949100494385,-0.0005794563912786543,-118.88719177246094,-388.3527526855469,619434.9375,30971.748046875,0.00000007767054910345905,128.93243408203125
0.03201499953866005,0,0.00015167659148573875,0,2.435939073562622,-0.0010666411835700274,-97.43695068359375,-486.484375,842348.75,42117.4375,0.00000009729687633353024,119.04762268066406
0.032019998878240585,0,0.0001605934667168185,0,1.7833764553070068,-0.0014233133988454938,-71.33444213867188,-575.1443481445313,1025043.3125,51252.16796875,0.00000011502887531378292,121.05072021484375
0.03202499821782112,0,0.00016582179523538798,0,1.0456645488739014,-0.0016324431635439396,-41.825950622558594,-644.7561645507813,1158795.75,57939.7890625,0.00000012895122836198425,115.98236846923828
0.03202999755740166,0,0.0001671119243837893,0,0.25802627205848694,-0.001684045186266303,-10.320408821105957,-687.4212036132813,1237219.75,61860.98828125,0.0000001374842355517103,120.06243133544922
0.03203500062227249,0,0.00016440227045677602,0,-0.5419312119483948,-0.001575655653141439,21.677902221679688,-698.159423828125,1256570.875,62828.54296875,0.00000013963187939225463,119.61722564697266
0.03203999996185303,0,0.00015782219998072833,0,-1.3160128593444824,-0.0013124498073011637,52.64118194580078,-675.7022094726563,1215925.25,60796.26171875,0.00000013514043928353203,115.98236846923828
0.03204499930143356,0,0.00014768590335734189,0,-2.027259111404419,-0.000906994566321373,81.0910415649414,-622.69580078125,1117223.5,55861.17578125,0.00000012453915587684605,122.98609924316406
0.0320499986410141,0,0.00013447734818328172,0,-2.6417105197906494,-0.0003786490415222943,105.66910552978516,-545.27783203125,965178.25,48258.9140625,0.0000001090555699079232,118.5817642211914
0.032054997980594635,0,0.00011882719991263002,0,-3.1300289630889893,0.0002473602071404457,125.20185089111328,-452.10369873046875,767049.1875,38352.4609375,0.00000009042074111675902,122.75963592529297
0.03206000104546547,0,0.00010148270666832104,0,-3.4688990116119385,0.0009411435457877815,138.7566680908203,-352.9974670410156,532296.1875,26614.810546875,0.00000007059949069798677,118.03588104248047
0.032065000385046005,0,0.00008327200339408591,0,-3.642141103744507,0.0016695752274245024,145.6863555908203,-257.4684143066406,272127.90625,13606.3955078125,0.00000005149368575985136,121.63970184326172
0.03206999972462654,0,0.0000650645888526924,0,-3.6414830684661865,0.0023978755343705416,145.66004943847656,-173.35562133789063,-1033.5159912109375,-51.67580032348633,0.000000034671124637952744,126.03982543945313
0.03207499906420708,0,0.000047729805373819545,0,-3.466956615447998,0.0030912705697119236,138.6790008544922,-105.83500671386719,-274145.65625,-13707.283203125,0.000000021167000596733487,114.49507904052734
0.03207999840378761,0,0.000032095333153847605,0,-3.126894474029541,0.00371665321290493,125.07652282714844,-56.95335388183594,-534168.3125,-26708.416015625,0.00000001139067062894128,120.5109634399414
0.03208499774336815,0,0.000018907665435108356,0,-2.637533664703369,0.004244163632392883,105.50209045410156,-25.75275993347168,-768686.3125,-38434.31640625,0.0000000051505519849115444,119.17530822753906
0.03209000080823898,0,0.000008796469955996145,0,-2.0222392082214355,0.004648615140467882,80.89031982421875,-8.937495231628418,-966502.25,-48325.11328125,0.0000000017874990376753885,120.43839263916016
0.03209500014781952,0,0.000002244523784611374,0,-1.3103892803192139,0.004910696763545275,52.41632080078125,-1.9344470500946045,-1118171.125,-55908.55859375,0.00000000038688940939834993,119.48858642578125
0.032099999487400055,0,-0.00000043533782445592806,0,-0.5359723567962646,0.00501789478585124,21.43964385986328,-0.12594716250896454,-1216451.25,-60822.5625,0.000000000025189433872085942,120.93360900878906
0.03210499882698059,0,0.0000008848421657603467,0,0.26403599977493286,0.004965091124176979,-10.560688018798828,-0.004737946204841137,-1256650.125,-62832.5078125,0.000000000000947589229305379,121.03607177734375
0.03210999816656113,0,0.000006142032361822203,0,1.0514380931854248,0.004754807334393263,-42.05677032470703,-0.019573647528886795,-1236848.375,-61842.41796875,0.000000000003914729651555149,112.72686004638672
0.03211499750614166,0,0.00001508522382209776,0,1.7886383533477783,0.004397083539515734,-71.5447769165039,-0.9431139826774597,-1157991.5,-57899.57421875,0.0000000001886227979364108,123.47203063964844
0.0321200005710125,0,0.00002728741310420446,0,2.4404380321502686,0.003908999729901552,-97.61676788330078,-5.689099311828613,-1023844.5625,-51192.23046875,0.000000001137819838348264,126.83916473388672
0.03212499991059303,0,0.0000421659933635965,0,2.9757158756256104,0.0033138603903353214,-119.02788543701172,-18.61507225036621,-840812.625,-42040.6328125,0.0000000037230143412614325,117.05490112304688
0.03212999925017357,0,0.00005901056283619255,0,3.3689143657684326,0.002640081336721778,-134.75582885742188,-44.44927215576172,-617634.875,-30881.744140625,0.000000008889854186122648,118.5114974975586
0.032134998589754105,0,0.00007701685535721481,0,3.601259469985962,0.0019198330119252205,-144.04965209960938,-87.05615997314453,-364967.25,-18248.36328125,0.000000017411231567621144,120.74378204345703
0.03213999792933464,0,0.00009532514377497137,0,3.6616580486297607,0.001187504967674613,-146.46560668945313,-148.2898712158203,-94873.734375,-4743.68701171875,0.000000029657975630925648,120.27904510498047
0.032145000994205475,0,0.00011306127271382138,0,3.5472257137298584,0.00047806347720324993,-141.8883056640625,-227.17202758789063,179749.671875,8987.4833984375,0.00000004543440468296467,119.53143310546875
0.03215000033378601,0,0.00012937840074300766,0,3.2634265422821045,-0.00017461820971220732,-130.53634643554688,-319.5711669921875,445790.65625,22289.533203125,0.00000006391423568175014,119.37448120117188
0.03215499967336655,0,0.0001434974547009915,0,2.8238108158111572,-0.0007393768173642457,-112.95172119140625,-418.4690856933594,690546.6875,34527.3359375,0.00000008369381987449742,118.90606689453125
0.03215999901294708,0,0.000154744295286946,0,2.249368906021118,-0.0011892470065504313,-89.97402954101563,-514.7877197265625,902331.5625,45116.578125,0.00000010295754293565551,120.23566436767578
0.03216499835252762,0,0.00016258194227702916,0,1.567528247833252,-0.0015027489280328155,-62.70039367675781,-598.64453125,1071033.25,53551.6640625,0.0000001197289094534426,120.38040161132813
0.032169997692108154,0,0.00016663616406731308,0,0.8108441829681396,-0.0016649140743538737,-32.433021545410156,-660.8217163085938,1188596.875,59429.84375,0.00000013216434524565557,116.8497314453125
0.03217500075697899,0,0.00016671339108143002,0,0.015445947647094727,-0.001667999429628253,-0.6170768737792969,-694.1898193359375,1249409.25,62470.46484375,0.00000013883796157188044,123.70114135742188
0.032180000096559525,0,0.0001628099416848272,0,-0.7806892395019531,-0.0015118577284738421,31.228343963623047,-694.8333740234375,1250566.75,62528.33984375,0.00000013896666928303603,119.76048278808594
0.03218499943614006,0,0.00015511219680774957,0,-1.539548635482788,-0.0012039440916851163,61.582733154296875,-662.6764526367188,1192014.125,59600.70703125,0.00000013253529118628649,118.09163665771484
0.032189998775720596,0,0.00014398769417311996,0,-2.2248995304107666,-0.0007589602028019726,88.99678039550781,-601.4944458007813,1076547,53827.3515625,0.00000012029889262521465,120.8313217163086
0.03219499811530113,0,0.00012996760779060423,0,-2.80401873588562,-0.0001981524401344359,112.16156005859375,-518.3110961914063,909678.5625,45483.9296875,0.00000010366222369384559,121.52144622802734
0.03219999745488167,0,0.00011372133303666487,0,-3.249255418777466,0.0004517026827670634,129.9710235595703,-422.289306640625,699376.1875,34968.80859375,0.0000000844578593728329,114.09013366699219
0.0322050005197525,0,0.00009602458158042282,0,-3.539351224899292,0.0011595769319683313,141.57484436035156,-323.31341552734375,455681.09375,22784.0546875,0.00000006466268587246304,124.67273712158203
0.03220999985933304,0,0.00007772231037961319,0,-3.660454511642456,0.0018916719127446413,146.4189910888672,-230.5179443359375,190228.796875,9511.4404296875,0.00000004610359027878985,119.78916931152344
0.032214999198913574,0,0.000059688391047529876,0,-3.606783628463745,0.002613032702356577,144.2721405029297,-151.01890563964844,-84306.25,-4215.3125,0.00000003020378258611345,119.77482604980469
0.03221999853849411,0,0.0000427838895120658,0,-3.3809006214141846,0.003289216896519065,135.23683166503906,-89.06758880615234,-354816,-17740.80078125,0.0000000178135177719696,118.65211486816406
0.032224997878074646,0,0.000027815935027319938,0,-2.993591070175171,0.0038879390340298414,119.74444580078125,-45.76152801513672,-608384.5625,-30419.228515625,0.000000009152305580073516,120.78753662109375
0.03223000094294548,0,0.000015499199434998445,0,-2.4633471965789795,0.004380612634122372,98.53469848632813,-19.343156814575195,-832904.875,-41645.24609375,0.000000003868631193171268,121.71372985839844
0.032235000282526016,0,0.000006421766556741204,0,-1.8154866695404053,0.004743713885545731,72.62028503417969,-6.005629539489746,-1017656.9375,-50882.84765625,0.0000000012011258654354151,119.84659576416016
0.03223999962210655,0,0.000001017054728436051,0,-1.0809423923492432,0.004959906451404095,43.23851013183594,-1.0309771299362183,-1153819.5,-57690.9765625,0.00000000020619542184796558,118.7789535522461
0.03224499896168709,0,-0.0000004568763642964768,0,-0.2947862148284912,0.005018867552280426,11.79226303100586,-0.025860007852315903,-1234891.25,-61744.5625,0.000000000005172001715791907,121.03607177734375
0.032249998301267624,0,0.0000020703519112430513,0,0.505445659160614,0.004917782731354237,-20.217010498046875,-0.005218395031988621,-1257001.25,-62850.0625,0.0000000000010436790320866862,117.53643798828125
0.03225499764084816,0,0.000008478076779283583,0,1.2815449237823486,0.0046614776365458965,-51.26097869873047,-0.10715893656015396,-1219093.875,-60954.6953125,0.000000000021431786900727445,122.11503601074219
0.032260000705718994,0,0.000018460354112903588,0,1.996455430984497,0.004262190777808428,-79.8573989868164,-1.796944499015808,-1122979,-56148.94921875,0.00000000035938890752262864,120.00479888916016
0.03226500004529953,0,0.00003154056685161777,0,2.6160428524017334,0.0037389863282442093,-104.64090728759766,-8.519617080688477,-973245.875,-48662.29296875,0.0000000017039233357607486,120.99213409423828
0.032269999384880066,0,0.0000470941886305809,0,3.1107242107391357,0.0031168456189334393,-124.42815399169922,-24.87018394470215,-777043.6875,-38852.18359375,0.000000004974036738047971,120.03360748291016
0.0322749987244606,0,0.00006437858974095434,0,3.4568798542022705,0.0024254736490547657,-138.27438354492188,-55.446563720703125,-543740.375,-27187.01953125,0.000000011089312579315447,120.26457977294922
0.03227999806404114,0,0.00008256849832832813,0,3.6379826068878174,0.0016978811472654343,-145.51849365234375,-103.61505126953125,-284475.40625,-14223.7705078125,0.00000002072301086286643,118.65211486816406
0.032284997403621674,0,0.00010079542698804289,0,3.6453850269317627,0.0009688081336207688,-145.81460571289063,-170.43890380859375,-11627.759765625,-581.3880004882813,0.00000003408777971003474,118.34319305419922
0.03229000046849251,0,0.00011818909842986614,0,3.478733777999878,0.00027306535048410296,-139.1485595703125,-253.9928741455078,261775.078125,13088.75390625,0.00000005079857601231197,121.40342712402344
0.032294999808073044,0,0.00013391903485171497,0,3.1459858417510986,-0.0003561279154382646,-125.83865356445313,-349.2164306640625,522679.0625,26133.953125,0.00000006984328848602672,122.29424285888672
0.03229999914765358,0,0.00014723418280482292,0,2.6630289554595947,-0.0008887297590263188,-106.52037048339844,-448.35748291015625,758626.9375,37931.34765625,0.00000008967149511818207,117.71630096435547
0.032304998487234116,0,0.0001574987982166931,0,2.052922487258911,-0.0012993102427572012,-82.11610412597656,-541.9473266601563,958353.0625,47917.65234375,0.00000010838946451485754,120.99213409423828
0.03230999782681465,0,0.00016422278713434935,0,1.344797134399414,-0.0015682656085118651,-53.79107666015625,-620.1464233398438,1112321.125,55616.05859375,0.00000012402928462051932,119.26058197021484
0.032315000891685486,0,0.00016708510520402342,0,0.5724631547927856,-0.0016827541403472424,-22.897705078125,-674.2276000976563,1213179.875,60658.99609375,0.00000013484552141562745,119.96160888671875
0.03232000023126602,0,0.00016594909538980573,0,-0.22720323503017426,-0.0016373093239963055,9.088966369628906,-697.935302734375,1256113.625,62805.68359375,0.00000013958705835648288,119.67448425292969
0.03232499957084656,0,0.0001608689926797524,0,-1.0160208940505981,-0.0014341009082272649,40.641685485839844,-688.47705078125,1239072.375,61953.62109375,0.0000001376954088527782,119.68881225585938
0.032329998910427094,0,0.0001520873629488051,0,-1.75632643699646,-0.0010828312952071428,70.25392150878906,-646.9703979492188,1162869.75,58143.48828125,0.0000001293940812274741,120.49644470214844
0.03233499825000763,0,0.00014002350508235395,0,-2.4127728939056396,-0.000600272323936224,96.51179504394531,-578.2637939453125,1031144.25,51557.21484375,0.00000011565276025748972,119.88970184326172
0.032339997589588165,0,0.0001252534129889682,0,-2.954017400741577,-0.000009464449249207973,118.16157531738281,-490.164306640625,850185.25,42509.26171875,0.0000000980328636046579,118.44131469726563
0.032345000654459,0,0.0001084823306882754,0,-3.354217290878296,0.0006613834411837161,134.16958618164063,-392.2102966308594,628632.875,31431.64453125,0.00000007844205640594737,121.08003234863281
0.032349999994039536,0,0.0000905110064195469,0,-3.5942647457122803,0.0013802407775074244,143.771484375,-294.2102966308594,377065.5,18853.275390625,0.000000058842061889663455,120.43839263916016
0.03235499933362007,0,0.0000721975156920962,0,-3.6626980304718018,0.0021127848885953426,146.50881958007813,-204.80599975585938,107494.578125,5374.72900390625,0.00000004096120065355535,120.58362579345703
0.03235999867320061,0,0.00005441626854008064,0,-3.5562498569488525,0.0028240391984581947,142.25088500976563,-130.31201171875,-167208.859375,-8360.443359375,0.000000026062402014304098,118.13349151611328
0.03236499801278114,0,0.00003801625643973239,0,-3.2800023555755615,0.0034800441935658455,131.20098876953125,-74.02825164794922,-433928.6875,-21696.435546875,0.000000014805650039306784,121.69891357421875
0.03236999735236168,0,0.000023780528863426298,0,-2.8471453189849854,0.004049477633088827,113.88671875,-36.130889892578125,-679930,-33996.5,0.000000007226178322383703,119.80352020263672
0.03237500041723251,0,0.000012388794857542962,0,-2.2783467769622803,0.00450515141710639,91.134765625,-14.137838363647461,-893467,-44673.3515625,0.0000000028275677355082962,120.06243133544922
0.03237999975681305,0,0.000004384974090498872,0,-1.600764274597168,0.004825308918952942,64.03146362304688,-3.8370559215545654,-1064344.125,-53217.20703125,0.0000000007674111901501135,119.26058197021484
0.032384999096393585,0,0.00000015122304830583744,0,-0.8467502593994141,0.004994663409888744,33.87090301513672,-0.48069992661476135,-1184402.5,-59220.125,0.00000000009613998486202036,120.04801940917969
0.03238999843597412,0,-0.00000011030752489205042,0,-0.05230611562728882,0.005005129147320986,2.0931396484375,-0.0005716954474337399,-1247909.875,-62395.49609375,0.0000000000001143390937485833,120.68549346923828
0.03239499777555466,0,0.0000036128728879702976,0,0.7446361184120178,0.004856206476688385,-29.784549713134766,-0.00030420112307183444,-1251834,-62591.69921875,0.00000000000006084022174945858,119.78916931152344
0.03240000084042549,0,0.000011142999028379563,0,1.5060253143310547,0.004555006045848131,-60.240116119384766,-0.3263212740421295,-1195987.375,-59799.37109375,0.00000000006526425233577271,119.41724395751953
0.03240500018000603,0,0.000022120537323644385,0,2.195507764816284,0.004115908872336149,-87.81941223144531,-3.1041605472564697,-1083036.625,-54151.83203125,0.0000000006208321079448353,120.42388916015625
0.03240999951958656,0,0.00003602135257096961,0,2.780163049697876,0.0035598808899521828,-111.20562744140625,-12.232953071594238,-918374.6875,-45918.734375,0.000000002446590707805285,118.27320861816406
0.0324149988591671,0,0.000052181734645273536,0,3.2320761680603027,0.002913470147177577,-129.2821502685547,-32.438446044921875,-709863.5625,-35493.1796875,0.000000006487689052647738,123.6552505493164
0.032419998198747635,0,0.00006983008643146604,0,3.529669761657715,0.002207540674135089,-141.18589782714844,-68.07332611083984,-467458.96875,-23372.94921875,0.000000013614665839156714,117.60555267333984
0.03242499753832817,0,0.0000881237574503757,0,3.6587347984313965,0.001475798198953271,-146.34849548339844,-121.906005859375,-202734.890625,-10136.7451171875,0.00000002438120105807684,120.68549346923828
0.032430000603199005,0,0.00010618929809425026,0,3.6131086349487305,0.0007531809387728572,-144.52345275878906,-194.14488220214844,71669.046875,3583.452392578125,0.00000003882897559037701,119.26058197021484
0.03243499994277954,0,0.00012316415086388588,0,3.394969940185547,0.00007419130997732282,-135.7979278564453,-281.90411376953125,342651.03125,17132.552734375,0.0000000563808200126914,118.62396240234375
0.03243999928236008,0,0.00013823782501276582,0,3.0147342681884766,-0.0005287512321956456,-120.58850860595703,-379.23504638671875,597272.625,29863.630859375,0.00000007584701222640433,119.48858642578125
0.03244499862194061,0,0.00015069061191752553,0,2.4905567169189453,-0.0010268581099808216,-99.62139129638672,-477.7421875,823376.5625,41168.828125,0.000000095548436718218,117.619384765625
0.03244999796152115,0,0.00015992793487384915,0,1.8474645614624023,-0.0013963466044515371,-73.89769744873047,-567.691162109375,1010167.125,50508.35546875,0.00000011353823481385916,124.50199127197266
0.03245500102639198,0,0.00016550875443499535,0,1.1161632537841797,-0.0016195748466998339,-44.64563751220703,-639.4231567382813,1148725.75,57436.2890625,0.00000012788463266133476,119.80352020263672
0.03246000036597252,0,0.0001671666104812175,0,0.3315699100494385,-0.001685884315520525,-13.261890411376953,-684.8281860351563,1232436.875,61621.84375,0.00000013696563883058843,120.00479888916016
0.032464999705553055,0,0.0001648223405936733,0,-0.4688539505004883,-0.0015921089798212051,18.755077362060547,-698.6163940429688,1257303.5,62865.17578125,0.0000001397232836097828,114.74468994140625
0.03246999904513359,0,0.00015858789265621454,0,-1.2468910217285156,-0.0013427261728793383,49.8765754699707,-679.1596069335938,1222138.375,61106.91796875,0.00000013583192526311905,124.95314025878906
0.03247499838471413,0,0.0001487609260948375,0,-1.965392827987671,-0.0009496429120190442,78.61665344238281,-628.7525634765625,1128620.375,56431.01953125,0.0000001257505175544793,118.97679901123047
0.03247999772429466,0,0.00013581066741608083,0,-2.5900533199310303,-0.0004316275008022785,103.60308837890625,-553.2449951171875,981214.8125,49060.7421875,0.00000011064900462542937,122.89541625976563
0.0324850007891655,0,0.00012035542749799788,0,-3.091047525405884,0.00018658675253391266,123.64285278320313,-461.11322021484375,786959.6875,39347.984375,0.00000009222264196750984,121.787841796875
0.03249000012874603,0,0.00010313315578969195,0,-3.4444544315338135,0.0008754822774790227,137.77911376953125,-362.1355895996094,555130,27756.5,0.00000007242712030119947,108.67202758789063
0.03249499946832657,0,0.00008496615919284523,0,-3.633399724960327,0.0016021670307964087,145.33694458007813,-265.9111022949219,296794.78125,14839.7392578125,0.00000005318222306982534,131.18194580078125
0.032499998807907104,0,0.00006672184827039018,0,-3.648862600326538,0.0023319441825151443,145.9554443359375,-180.48117065429688,24288.630859375,1214.4315185546875,0.000000036096235334071025,117.09601593017578
0.03250499814748764,0,0.000049271329771727324,0,-3.4901041984558105,0.0030299697536975145,139.6051025390625,-111.29511260986328,-249377.234375,-12468.8623046875,0.00000002225902306918215,121.4919204711914
0.032509997487068176,0,0.000033447806345066056,0,-3.1647047996520996,0.0036629154346883297,126.5891342163086,-60.691593170166016,-511136.21875,-25556.810546875,0.000000012138318794541192,112.85408020019531
0.03251500055193901,0,0.000020006802515126765,0,-2.6882009506225586,0.0042005605064332485,107.52898406982422,-27.968891143798828,-748490.25,-37424.51171875,0.000000005593778329426868,127.84454345703125
0.032519999891519547,0,0.000009590080480847973,0,-2.0833444595336914,0.004617234226316214,83.33472442626953,-10.006803512573242,-950106.5,-47505.32421875,0.0000000020013606327751177,119.73180389404297
0.03252499923110008,0,0.000002695006969588576,0,-1.3790147304534912,0.004893042147159576,55.161537170410156,-2.299241065979004,-1106358.5,-55317.92578125,0.00000000045984821506195317,119.16110229492188
0.03252999857068062,0,-0.0000003491988991299877,0,-0.6088411808013916,0.005014814902096987,24.354597091674805,-0.18157656490802765,-1209785.75,-60489.2890625,0.000000000036315311868762024,116.23851776123047
0.032534997910261154,0,0.0000006028166126270662,0,0.19040310382843018,0.004976739175617695,-7.615171432495117,-0.003048533573746681,-1255450,-62772.5,0.0000000000006097067295485203,119.63153839111328
0.03254000097513199,0,0.000005505602075572824,0,0.9805570840835571,0.004780632443726063,-39.22132873535156,-0.009084677323698997,-1241171,-62058.55078125,0.0000000000018169354909503,125.67550659179688
0.032545000314712524,0,0.000014125069355941378,0,1.723893642425537,0.004435858689248562,-68.95478820800781,-0.7577913403511047,-1167630.375,-58381.51953125,0.0000000001515582659372683,117.89672088623047
0.03254999965429306,0,0.00002604967448860407,0,2.384921073913574,0.003958879038691521,-95.39588928222656,-4.987939357757568,-1038339.5625,-51916.98046875,0.000000000997587901174768,116.95906066894531
0.032554998993873596,0,0.000040710063331061974,0,2.9320778846740723,0.00337246828712523,-117.28215026855469,-16.964637756347656,-859471.6875,-42973.5859375,0.0000000033929274945165844,125.42330169677734
0.03255999833345413,0,0.00005740625783801079,0,3.3392391204833984,0.0027046254836022854,-133.56858825683594,-41.4327278137207,-639567.0625,-31978.353515625,0.000000008286545671865042,114.6657485961914
0.03256499767303467,0,0.00007534107862738892,0,3.5869641304016113,0.0019872374832630157,-143.4775848388672,-82.38694763183594,-389125.375,-19456.26953125,0.000000016477390119007396,123.71643829345703
0.0325700007379055,0,0.00009365820733364671,0,3.6634249687194824,0.0012545573990792036,-146.53602600097656,-141.9069366455078,-120104.3359375,-6005.216796875,0.000000028381386130149622,119.1327133178711
0.03257500007748604,0,0.00011148305929964408,0,3.5649709701538086,0.0005415681516751647,-142.5978546142578,-219.2964324951172,154651.28125,7732.56396484375,0.000000043859287757186394,118.00802612304688
0.032579999417066574,0,0.00012796456576325,0,3.2963027954101563,-0.00011768745025619864,-131.8511199951172,-310.7117004394531,422022.8125,21101.140625,0.00000006214234105073047,119.26058197021484
0.03258499875664711,0,0.00014231581008061767,0,2.870248794555664,-0.000691732217092067,-114.8089599609375,-409.3730773925781,669244.1875,33462.2109375,0.00000008187461730813084,120.48192596435547
0.032589998096227646,0,0.00015385156439151615,0,2.3071513175964355,-0.0011531575582921505,-92.28506469726563,-506.344482421875,884511.5625,44225.578125,0.00000010126889549155749,124.37811279296875
0.03259499743580818,0,0.00016202105325646698,0,1.6338965892791748,-0.0014799318742007017,-65.3548583984375,-591.7572021484375,1057546.625,52877.33203125,0.00000011835144420047072,114.69205474853516
0.032600000500679016,0,0.00016643419803585857,0,0.8826298713684082,-0.0016564527759328485,-35.304176330566406,-656.2701416015625,1180087.5,59004.375,0.00000013125402631430916,119.17530822753906
0.03260499984025955,0,0.00016688030154909939,0,0.0892215371131897,-0.0016742919106036425,-3.5678329467773438,-692.5081176757813,1246283.375,62314.16796875,0.00000013850161906248104,119.97600555419922
0.03260999917984009,0,0.00016333807434421033,0,-0.7084460258483887,-0.001532597467303276,28.33888053894043,-696.225341796875,1252973.75,62648.6875,0.00000013924507413776155,124.95314025878906
0.032614998519420624,0,0.00015597663877997547,0,-1.4722869396209717,-0.0012381349224597216,58.89252471923828,-666.9827270507813,1199839,59991.94921875,0.0000001333965400363013,122.01073455810547
0.03261999785900116,0,0.0001451474818168208,0,-2.165830612182617,-0.0008049635216593742,86.63428497314453,-608.2174072265625,1089416.25,54470.8125,0.00000012164348106580292,114.9161148071289
0.032625000923871994,0,0.00013136766210664064,0,-2.75596284866333,-0.00025376566918566823,110.23957061767578,-526.6945190429688,926977.6875,46348.88671875,0.00000010533889849284606,123.70114135742188
0.03263000026345253,0,0.00011529512994457036,0,-3.2145066261291504,0.0003891409724019468,128.58132934570313,-431.4363708496094,720279.1875,36013.9609375,0.00000008628727243831236,120.5981674194336
0.032634999603033066,0,0.00009769728785613552,0,-3.51956844329834,0.0010930600110441446,140.7838134765625,-332.3240661621094,479189.90625,23959.49609375,0.00000006646481409688931,112.89230346679688
0.0326399989426136,0,0.00007941437797853723,0,-3.6565823554992676,0.001824381877668202,146.26437377929688,-238.6189422607422,215220.96875,10761.048828125,0.000000047723787588438427,128.00819396972656
0.03264499828219414,0,0.00006131934787845239,0,-3.619006633758545,0.0025481886696070433,144.7613525390625,-157.6660614013672,-59024.02734375,-2951.201416015625,0.000000031533211597434274,120.04801940917969
0.03264999762177467,0,0.00004427617386681959,0,-3.408635139465332,0.003229921218007803,136.34649658203125,-94.00155639648438,-330450.875,-16522.544921875,0.00000001880031064160903,118.53958892822266
0.03265500068664551,0,0.00002909861177613493,0,-3.0355124473571777,0.003837029216811061,121.42159271240234,-49.00948715209961,-586099.875,-29304.994140625,0.000000009801897071781696,120.9628677368164
0.032660000026226044,0,0.000016511343346792273,0,-2.517453670501709,0.00434052525088191,100.6992416381836,-21.168230056762695,-813764.6875,-40688.234375,0.0000000042336458783154285,118.60989379882813
0.03266499936580658,0,0.000007115370863175485,0,-1.8791946172714233,0.004716369789093733,75.16887664794922,-6.815611362457275,-1002575.125,-50128.7578125,0.0000000013631222817167554,121.62490844726563
0.032669998705387115,0,0.0000013593225958175026,0,-1.1512097120285034,0.004946616943925619,46.049476623535156,-1.2657124996185303,-1143516.125,-57175.80859375,0.00000000025314250695629426,118.5817642211914
0.03267499804496765,0,-0.0000004819655714527471,0,-0.36825764179229736,0.005020273849368095,14.731395721435547,-0.04619394987821579,-1229858.25,-61492.9140625,0.00000000000923879028835728,123.07691955566406
0.03267999738454819,0,0.0000016794258499430725,0,0.43227827548980713,0.004933823831379414,-17.2900390625,-0.005807299166917801,-1257478.875,-62873.9453125,0.0000000000011614598172116075,117.67474365234375
0.03268500044941902,0,0.000007740301953162998,0,1.2121752500534058,0.004691394045948982,-48.48591613769531,-0.07051178812980652,-1225059.375,-61252.96875,0.00000000001410235817012051,120.58362579345703
0.03268999978899956,0,0.000017411282897228375,0,1.9341959953308105,0.004304560367017984,-77.36674499511719,-1.4978069067001343,-1134147.625,-56707.3828125,0.0000000002995613757050819,119.9328384399414
0.03269499912858009,0,0.000030230614356696606,0,2.56386661529541,0.0037917925510555506,-102.55357360839844,-7.578819274902344,-989084.3125,-49454.21484375,0.0000000015157638477703017,118.97679901123047
0.03269999846816063,0,0.000045586224587168545,0,3.071122646331787,0.003177573438733816,-122.84381103515625,-22.84724998474121,-796795.6875,-39839.78515625,0.000000004569450151592491,119.6458511352539
0.032704997807741165,0,0.00006274494808167219,0,3.43174409866333,0.002491230145096779,-137.2686767578125,-51.95259475708008,-566462.875,-28323.14453125,0.00000001039051866769114,119.3602294921875
0.032710000872612,0,0.00008088751201285049,0,3.6285128593444824,0.0017655330011621118,-145.13943481445313,-98.4231948852539,-309083.46875,-15454.173828125,0.000000019684639696038175,120.07685089111328
0.032715000212192535,0,0.00009914768452290446,0,3.652033805847168,0.0010351317469030619,-146.08026123046875,-163.5697021484375,-36946.390625,-1847.319580078125,0.000000032713941777728905,118.8212890625
0.03271999955177307,0,0.00011665360216284171,0,3.50118350982666,0.00033490045461803675,-140.0462646484375,-245.7565155029297,236954.734375,11847.7373046875,0.000000049151303471717256,121.6841049194336
0.03272499889135361,0,0.0001325694320257753,0,3.1831650733947754,-0.0003017272101715207,-127.32553100585938,-340.20147705078125,499542.09375,24977.10546875,0.00000006804029339946283,121.13870239257813
0.03272999823093414,0,0.00014613525127060711,0,2.713162899017334,-0.000844354392029345,-108.52543640136719,-439.36614990234375,738278.0625,36913.90234375,0.00000008787323224623833,118.5817642211914
0.03273499757051468,0,0.00015670333232264966,0,2.113617420196533,-0.0012670723954215646,-84.54360961914063,-533.8875122070313,941763.875,47088.1953125,0.00000010677749884280274,120.23566436767578
0.03274000063538551,0,0.00016376910207327455,0,1.4131553173065186,-0.0015496979467570782,-56.525115966796875,-613.8980102539063,1100283.75,55014.1875,0.00000012277959626771917,118.06375122070313
0.03274499997496605,0,0.00016699520347174257,0,0.6452209949493408,-0.0016787366475909948,-25.80773162841797,-670.5075073242188,1206269,60313.44921875,0.00000013410149790615833,122.62416076660156
0.032749999314546585,0,0.00016622760449536145,0,-0.1535193771123886,-0.0016480271006003022,6.141901016235352,-697.1844482421875,1254659.125,62732.95703125,0.00000013943689225470735,120.00479888916016
0.03275499865412712,0,0.00016150296141859144,0,-0.9449290037155151,-0.0014590356731787324,37.79829406738281,-690.7899169921875,1243143.75,62157.1875,0.00000013815798638461274,120.09127044677734
0.03275999799370766,0,0.0001530468580313027,0,-1.6912206411361694,-0.001120785833336413,67.64997100830078,-652.0797119140625,1172272.75,58613.63671875,0.00000013041594115748012,118.65211486816406
0.03276499733328819,0,0.00014126305177342147,0,-2.3567616939544678,-0.0006494277040474117,94.2716293334961,-585.5831909179688,1045429.8125,52271.4921875,0.00000011711663461255739,119.9328384399414
0.03277000039815903,0,0.00012671417789533734,0,-2.9097750186920166,-0.00006746692815795541,116.39215850830078,-498.8809814453125,868671.3125,43433.56640625,0.00000009977619441770003,120.56908416748047
0.03277499973773956,0,0.00011009490117430687,0,-3.3238561153411865,0.0005973100196570158,132.9553985595703,-401.41192626953125,650436.8125,32521.841796875,0.0000000802823834078481,119.38873291015625
0.0327799990773201,0,0.00009219873027177528,0,-3.5792338848114014,0.0013131625019013882,143.17051696777344,-303.0220642089844,401146.21875,20057.310546875,0.00000006060441393174187,119.60292053222656
0.032784998416900635,0,0.00007388016092590988,0,-3.663714647293091,0.002045911271125078,146.5497589111328,-212.5150909423828,132702.265625,6635.11328125,0.00000004250301799402223,120.00479888916016
0.03278999775648117,0,0.00005601383600151166,0,-3.573265314102173,0.002760570030659437,142.93177795410156,-136.45693969726563,-142077.765625,-7103.88818359375,0.000000027291386928141037,118.32919311523438
0.032795000821352005,0,0.000039452817873097956,0,-3.312204122543335,0.0034230167511850595,132.4893341064453,-78.4387435913086,-410074.09375,-20503.705078125,0.000000015687747989545642,123.41107940673828
0.03280000016093254,0,0.00002498783760529477,0,-2.892996072769165,0.004001621622592211,115.72100830078125,-38.913116455078125,-658490.875,-32924.54296875,0.000000007782623434593461,118.17536926269531
0.03280499950051308,0,0.000013309555470186751,0,-2.3356564044952393,0.004468758590519428,93.42741394042969,-15.609800338745117,-875467.0625,-43773.35546875,0.000000003121960023833026,120.42388916015625
0.03280999884009361,0,0.00000497557357448386,0,-1.6667964458465576,0.0048021236434578896,66.67301940917969,-4.4286065101623535,-1050642.75,-52532.13671875,0.0000000008857213296131761,119.43150329589844
0.03281499817967415,0,0.0000003838140401057899,0,-0.9183518886566162,0.004985800012946129,36.73523712158203,-0.6189083456993103,-1175653.875,-58782.6953125,0.00000000012378166547311054,120.38040161132813
0.032819997519254684,0,-0.000000246477782184229,0,-0.12605836987495422,0.005011017434298992,5.043495178222656,-0.003682818030938506,-1244531.75,-62226.58984375,0.0000000000007365635878997523,120.55455017089844
0.03282500058412552,0,0.0000031147967547440203,0,0.6722549200057983,0.004876572173088789,-26.889036178588867,-0.0015187851386144757,-1253987.625,-62699.3828125,0.00000000000030375701953744283,120.58362579345703
0.032829999923706055,0,0.000010307153388566803,0,1.4384714365005493,0.004588883835822344,-57.53769302368164,-0.24254897236824036,-1203570,-60178.5,0.000000000048509793404427626,117.81338500976563
0.03283499926328659,0,0.000020987186871934682,0,2.1360068321228027,0.00416168849915266,-85.4391098022461,-2.655935287475586,-1095686.125,-54784.30859375,0.0000000005311870387991746,119.81787872314453
0.032839998602867126,0,0.00003464496694505215,0,2.7315564155578613,0.003615383058786392,-109.2610855102539,-11.01154899597168,-935487.0625,-46774.35546875,0.0000000022023098900092464,119.97600555419922
0.03284499794244766,0,0.00005062839045422152,0,3.1966848373413086,0.0029760519973933697,-127.86621856689453,-30.0068416595459,-730621.8125,-36531.08984375,0.000000006001368291208564,122.35409545898438
0.0328500010073185,0,0.00006817431130912155,0,3.509183406829834,0.0022742212750017643,-140.3661651611328,-64.08084106445313,-490871.9375,-24543.59765625,0.00000001281616857085055,119.27481079101563
0.03285500034689903,0,0.00008644496847409755,0,3.6541318893432617,0.0015434008091688156,-146.1641082763672,-116.19340515136719,-227684.6875,-11384.234375,0.000000023238680313397708,120.33694458007813
0.03285999968647957,0,0.000104568011010997,0,3.6246094703674316,0.0008184848120436072,-144.9832000732422,-186.8182830810547,46373.71484375,2318.685791015625,0.00000003736365528084207,117.93843841552734
0.032864999026060104,0,0.00012167813838459551,0,3.422025680541992,0.00013408565428107977,-136.8798370361328,-273.36163330078125,318217.90625,15910.8955078125,0.0000000546723271099836,120.30799102783203
0.03286999836564064,0,0.00013695840607397258,0,3.0560531616210938,-0.000477118999697268,-122.24092864990234,-370.1390686035156,574868.3125,28743.416015625,0.0000000740278167654651,119.23214721679688
0.032874997705221176,0,0.0001496792392572388,0,2.544166088104248,-0.00098594615701586,-101.76543426513672,-468.9399108886719,804070.75,40203.5390625,0.00000009378798182524406,120.07685089111328
0.03288000077009201,0,0.0001592332700965926,0,1.9108048677444458,-0.0013681009877473116,-76.43097686767578,-560.0965576171875,994881.625,49744.08203125,0.0000001120193076076248,121.74336242675781
0.032885000109672546,0,0.00016516432515345514,0,1.1862105131149292,-0.001605337020009756,-47.44719696044922,-633.8804321289063,1138190.375,56909.51953125,0.000000126776086517566,122.8199462890625
0.03288999944925308,0,0.00016718922415748239,0,0.40497997403144836,-0.0016863268101587892,-16.19796371459961,-681.9808959960938,1227154.625,61357.73046875,0.00000013639618146044086,116.91803741455078
0.03289499878883362,0,0.0001652112987358123,0,-0.39558592438697815,-0.0016072033904492855,15.824687957763672,-698.805419921875,1257526.625,62876.33203125,0.00000013976108448332525,120.29351806640625
0.032899998128414154,0,0.00015932497626636177,0,-1.1772631406784058,-0.0013717444380745292,47.0917854309082,-682.3688354492188,1227856.125,61392.80859375,0.00000013647377272718586,119.71746826171875
0.03290499746799469,0,0.0001498113269917667,0,-1.9027291536331177,-0.0009911921806633472,76.11044311523438,-634.6107788085938,1139559.875,56977.99609375,0.00000012692215989318356,120.06243133544922
0.032910000532865524,0,0.00013712460349779576,0,-2.5373456478118896,-0.0004837166052311659,101.4951171875,-561.0855102539063,996853.625,49842.68359375,0.00000011221710138897834,118.89192962646484
0.03291499987244606,0,0.00012187054380774498,0,-3.050812005996704,0.00012645224342122674,122.03376770019531,-470.0787048339844,806551.125,40327.55859375,0.0000000940157391937646,120.14898681640625
0.032919999212026596,0,0.00010477748583070934,0,-3.418611764907837,0.0008101810817606747,136.7457733154297,-371.3105773925781,577738.6875,28886.935546875,0.000000074262118232582,120.5254898071289
0.03292499855160713,0,0.00008666156645631418,0,-3.6231839656829834,0.0015348243759945035,144.9286651611328,-274.4579772949219,321341.21875,16067.0615234375,0.00000005489159349281181,120.56908416748047
0.03292999789118767,0,0.00006838775880169123,0,-3.6547610759735107,0.0022657830268144608,146.1917266845703,-187.75564575195313,49600.828125,2480.04150390625,0.00000003755112842895869,119.8609619140625
0.0329350009560585,0,0.00005082858478999697,0,-3.5118348598480225,0.0029681564774364233,140.4746856689453,-116.92212677001953,-224507.8125,-11225.390625,0.00000002338442506299998,118.11953735351563
0.03294000029563904,0,0.000034822434827219695,0,-3.2012298107147217,0.003608408849686384,128.0504913330078,-64.58861541748047,-487897.03125,-24394.8515625,0.000000012917723779537482,122.66928100585938
0.032944999635219574,0,0.000021133553673280403,0,-2.737776517868042,0.004155970644205809,109.51235961914063,-30.315048217773438,-727990.875,-36399.54296875,0.000000006063009649892592,119.76048278808594
0.03294999897480011,0,0.000010415538781671785,0,-2.1436030864715576,0.004584697540849447,85.74542236328125,-11.165677070617676,-933325.75,-46666.2890625,0.0000000022331354543325688,119.81787872314453
0.032954998314380646,0,0.0000031801441764400806,0,-1.4470789432525635,0.004874120000749826,57.884456634521484,-2.7120862007141113,-1094097.625,-54704.8828125,0.0000000005424172222490142,120.00479888916016
0.03295999765396118,0,-0.00000022715994418831542,0,-0.6814608573913574,0.005010418593883514,27.25973129272461,-0.25283288955688477,-1202630.125,-60131.5078125,0.00000000005056657870206038,117.35711669921875
0.032965000718832016,0,0.0000003563179689081153,0,0.1166955828666687,0.004987086169421673,-4.666524887084961,-0.0012900098226964474,-1253741.25,-62687.0625,0.00000000000025800195313507857,123.5635757446289
0.03297000005841255,0,0.0000049027239583665505,0,0.9092812538146973,0.004805236589163542,-36.36995315551758,-0.00317405816167593,-1244990.75,-62249.5390625,0.0000000000006348116476928567,119.51715087890625
0.03297499939799309,0,0.000013194988241593819,0,1.6584529876708984,0.004473552573472261,-66.33682250976563,-0.6009175181388855,-1176796.25,-58839.8125,0.00000000012018350203923944,120.4529037475586
0.032979998737573624,0,0.000024837190721882507,0,2.3284404277801514,0.004007870797067881,-93.13632202148438,-4.352692604064941,-1052413.875,-52620.6953125,0.000000000870538530151066,120.09127044677734
0.03298499807715416,0,0.00003927345824195072,0,2.887253999710083,0.003430426586419344,-115.48886108398438,-15.422150611877441,-877782.4375,-43889.12109375,0.000000003084430044708597,119.44577026367188
0.032989997416734695,0,0.00005581451841862872,0,3.3082125186920166,0.0027687905821949244,-132.3271942138672,-38.56011199951172,-661240,-33062,0.000000007712022132011498,119.87532806396484
0.03299500048160553,0,0.00007367059879470617,0,3.571216344833374,0.002054553711786866,-142.8473663330078,-77.88150787353516,-413125.75,-20656.287109375,0.00000001557630113779851,119.26058197021484
0.032999999821186066,0,0.00009198913903674111,0,3.663708448410034,0.001321818446740508,-146.5470428466797,-135.6839141845703,-145286.1875,-7264.3095703125,0.000000027136781710623836,119.34598541259766
0.0330049991607666,0,0.00010989549627993256,0,3.5812723636627197,0.0006055705016478896,-143.2495880126953,-211.54998779296875,129490.28125,6474.51416015625,0.000000042309999059853,121.43290710449219
0.03300999850034714,0,0.00012653472367674112,0,3.3278441429138184,-0.00005999184213578701,-133.1124725341797,-301.9254150390625,398084.03125,19904.201171875,0.00000006038508360006745,118.31519317626953
0.03301499783992767,0,0.0001411123521393165,0,2.915524482727051,-0.0006430902285501361,-116.61967468261719,-400.2757263183594,647670.625,32383.53125,0.00000008005514473552466,120.33694458007813
0.03302000090479851,0,0.00015293234901037067,0,2.363999843597412,-0.0011158837005496025,-94.55868530273438,-497.817138671875,866333.25,43316.6640625,0.00000009956342950090402,120.56908416748047
0.033025000244379044,0,0.00016143036191351712,0,1.69960355758667,-0.0014557978138327599,-67.98283386230469,-584.707275390625,1043631.5,52181.57421875,0.00000011694145030105574,120.36591339111328
0.03302999958395958,0,0.0001662006543483585,0,0.9540584087371826,-0.0016466028755530715,-38.16101837158203,-651.4935913085938,1171100.125,58555.0078125,0.00000013029871581693442,119.04762268066406
