Timestamp,X Position,Y Position,X Velocity,Y Velocity,Rotation,Rotation Velocity,Data1,Data2,Data3,Data4,FPS
1.4089299440383911,0,0.0000004999999987376214,0,0,0,0,0,0,0,0,119.04762268066406
1.4089299440383911,0,0.0000004999999987376214,0,0,0,0,0,0,0,0,120.8459243774414
1.4089299440383911,0,0.0000004999999987376214,0,0,0,0,0,0,0,0,99.08838653564453
1.4089299440383911,0,0.0000004999999987376214,0,0,0,0,0,0,0,0,142.49073791503906
1.4089299440383911,0,0.0000004999999987376214,0,0,0,0,0,0,0,0,127.74655151367188
1.4089299440383911,0,0.0000004999999987376214,0,0,0,0,0,0,0,0,118.32919311523438
1.4089299440383911,0,0.0000004999999987376214,0,0,0,0,0,0,0,0,120.86052703857422
1.4089299440383911,0,0.0000004999999987376214,0,0,0,0,0,0,0,0,111.75682067871094
1.4089299440383911,0,0.0000004999999987376214,0,0,0,0,0,0,0,0,129.16558837890625
1.4089299440383911,0,0.0000004999999987376214,0,0,0,0,0,0,0,0,120.94823455810547
1.4089299440383911,0,0.0000004999999987376214,0,0,0,0,0,0,0,0,117.04119873046875
1.4089299440383911,0,0.0000004999999987376214,0,0,0,0,0,0,0,0,100.52272033691406
1.4089299440383911,0,0.0000004999999987376214,0,0,0,0,0,0,0,0,142.0656280517578
1.4089299440383911,0,0.0000004999999987376214,0,0,0,0,0,0,0,0,127.21028137207031
1.4089299440383911,0,0.0000004999999987376214,0,0,0,0,0,0,0,0,120.33694458007813
1.4089299440383911,0,0.0000004999999987376214,0,0,0,0,0,0,0,0,115.42012786865234
1.4089299440383911,0,0.0000004999999987376214,0,0,0,0,0,0,0,0,121.66930389404297
1.4089299440383911,0,0.0000004999999987376214,0,0,0,0,0,0,0,0,123.33497619628906
1.4089299440383911,0,0.0000004999999987376214,0,0,0,0,0,0,0,0,120.48192596435547
1.4089299440383911,0,0.0000004999999987376214,0,0,0,0,0,0,0,0,118.92020416259766
1.4089299440383911,0,0.0000004999999987376214,0,0,0,0,0,0,0,0,119.5743179321289
1.4089299440383911,0,0.0000004999999987376214,0,0,0,0,0,0,0,0,122.17471313476563
1.4089299440383911,0,0.0000004999999987376214,0,0,0,0,0,0,0,0,120.00479888916016
1.4089299440383911,0,0.0000004999999987376214,0,0,0,0,0,0,0,0,118.94849395751953
1.4089299440383911,0,0.0000004999999987376214,0,0,0,0,0,0,0,0,119.3175048828125
1.4089299440383911,0,0.0000004999999987376214,0,0,0,0,0,0,0,0,116.87704467773438
1.4089299440383911,0,0.0000004999999987376214,0,0,0,0,0,0,0,0,111.19760131835938
1.4089299440383911,0,0.0000004999999987376214,0,0,0,0,0,0,0,0,136.10997009277344
1.4089299440383911,0,0.0000004999999987376214,0,0,0,0,0,0,0,0,119.48858642578125
1.4089299440383911,0,0.0000004999999987376214,0,0,0,0,0,0,0,0,119.10433197021484
1.4089299440383911,0,0.0000004999999987376214,0,0,0,0,0,0,0,0,119.83223724365234
1.4089299440383911,0,0.0000004999999987376214,0,0,0,0,0,0,0,0,121.03607177734375
1.4089299440383911,0,0.0000004999999987376214,0,0,0,0,0,0,0,0,119.8609619140625
1.4089299440383911,0,0.0000004999999987376214,0,0,0,0,0,0,0,0,120.27904510498047
1.4089299440383911,0,0.0000004999999987376214,0,0,0,0,0,0,0,0,118.72254180908203
1.4089299440383911,0,0.0000004999999987376214,0,0,0,0,0,0,0,0,91.65062713623047
1.4089299440383911,0,0.0000004999999987376214,0,0,0,0,0,0,0,0,175.0393829345703
1.4089299440383911,0,0.0000004999999987376214,0,0,0,0,0,0,0,0,121.02142333984375
1.4089299440383911,0,0.0000004999999987376214,0,0,0,0,0,0,0,0,119.23214721679688
1.4089299440383911,0,0.0000004999999987376214,0,0,0,0,0,0,0,0,117.45360565185547
1.4089299440383911,0,0.0000004999999987376214,0,0,0,0,0,0,0,0,123.22859191894531
1.4089299440383911,0,0.0000004999999987376214,0,0,0,0,0,0,0,0,120.19230651855469
1.4089299440383911,0,0.0000004999999987376214,0,0,0,0,0,0,0,0,118.6943588256836
1.4089349508285522,0.000000000000039788732340362634,0.0000004920422611576214,0.000000007957746461784154,-0.001591549371369183,0.000000026525826868351032,0.00530516542494297,0,-2500,10.416667938232422,0,116.02274322509766
1.4089399576187134,0.0000000000001180058926009836,0.0000004762745220432407,0.000000015643433215473124,-0.0031535467132925987,0.00000007908494836783575,0.010511824861168861,0,-2453.579833984375,10.223251342773438,0,124.90631866455078
1.4089449644088745,0.000000000000232025607494607,0.00000045298958184503135,0.000000022803945398663927,-0.00465698866173625,0.00000015670144648538553,0.01552329957485199,0,-2361.601318359375,9.840007781982422,0,120.58362579345703
1.4089499711990356,0.000000000000378138980631354,0.0000004226197916068486,0.000000029222675834716938,-0.0060739596374332905,0.00000025793411850827397,0.020246535539627075,0,-2225.7724609375,9.274053573608398,0,119.73180389404297
1.4089549779891968,0.0000000000005518111466894238,0.00000038572903804379166,0.00000003473443399570897,-0.007378148380666971,0.00000038090328757789393,0.024593833833932877,0,-2048.615234375,8.53589916229248,0,119.51715087890625
1.408959984779358,0.000000000000747994331404267,0.00000034300234119655215,0.000000039236631721450976,-0.008545339107513428,0.0000005233256388237351,0.028484471142292023,0,-1833.4193115234375,7.639248371124268,0,114.46886444091797
1.408964991569519,0.0000000000009614737391666628,0.00000029523303624046093,0.000000042695880608789594,-0.009553859010338783,0.0000006825566742918454,0.03184620663523674,0,-1584.1802978515625,6.600751876831055,0,120.19230651855469
1.4089699983596802,0.0000000000011872218702926873,0.0000002433081363051315,0.000000045149633365326736,-0.010384982451796532,0.0000008556397688153083,0.0346166156232357,0,-1305.526123046875,5.439692497253418,0,126.77484893798828
1.4089750051498413,0.0000000000014207351657982703,0.00000018819174840700725,0.00000004670265951745023,-0.011023277416825294,0.0000010393611091785715,0.036744263023138046,0,-1002.6307983398438,4.177628517150879,0,119.2463607788086
1.4089800119400024,0.0000000000016583285309193507,0.00000013090729567011294,0.000000047518682322333916,-0.011456890031695366,0.0000012303092944421223,0.038189638406038284,0,-681.1185913085938,2.837993860244751,0,119.84659576416016
1.4089850187301636,0.0000000000018973676796374406,0.00000007251843925359935,0.00000004780783058322413,-0.011677771806716919,0.0000014249388868847745,0.038925912231206894,0,-346.9593200683594,1.4456634521484375,0,109.89010620117188
1.4089899063110352,0.000000000002136421465084859,0.000000014109343027257637,0.00000004781076512472282,-0.011681819334626198,0.0000016196358956221957,0.03893940523266792,0,-6.357630252838135,0.026489511132240295,0,127.59984588623047
1.4089949131011963,0.0000000000023753251969516054,-0.00000004323544544604374,0.00000004778073048328224,-0.011468958109617233,0.000001810785192901676,0.038229864090681076,0,334.3620910644531,-1.3931763172149658,0,124.3935775756836
1.4089999198913574,0.000000000002615149416462792,-0.00000009845114590234516,0.00000004796483210611768,-0.011043140664696693,0.000001994837475649547,0.03681046888232231,0,668.8733520507813,-2.786973476409912,0,116.71334838867188
1.4090049266815186,0.0000000000028580790078364116,-0.00000015051250557007734,0.0000000485859317223003,-0.010412272065877914,0.000002168375431210734,0.03470757231116295,0,990.9649047851563,-4.129021644592285,0,122.71444702148438
1.4090099334716797,0.0000000000031072113198388207,-0.00000019845285237352073,0.0000000498264611792365,-0.009588068351149559,0.000002328176606170018,0.031960222870111465,0,1294.6561279296875,-5.394402503967285,0,111.93194580078125
1.4090149402618408,0.000000000003366288367848136,-0.00000024138202547874243,0.00000005181542661603089,-0.008585833013057709,0.0000024712737740628654,0.028619434684515,0,1574.30810546875,-6.559619426727295,0,130.27618408203125
1.409019947052002,0.00000000000363938566783073,-0.00000027850290962305735,0.00000005461946273044305,-0.007424175273627043,0.0000025950100734917214,0.024747241288423538,0,1824.728271484375,-7.603036880493164,0,119.76048278808594
1.409024953842163,0.000000000003930578952593411,-0.0000003091262215093593,0.00000005823864057674655,-0.006124664563685656,0.000002697087666092557,0.0204155370593071,0,2041.2667236328125,-8.505281448364258,0,119.44577026367188
1.4090299606323242,0.000000000004243615441684723,-0.0000003326833848404931,0.00000006260731311158452,-0.00471143051981926,0.0000027756113922805525,0.01570475473999977,0,2219.90283203125,-9.249597549438477,0,118.94849395751953
1.4090349674224854,0.00000000000458161503527621,-0.00000034873696108661534,0.00000006759994164440286,-0.0032107140868902206,0.0000028291233320487663,0.010702366009354591,0,2357.319580078125,-9.82216739654541,0,101.17361450195313
1.4090399742126465,0.000000000004946822031864917,-0.00000035698886335922,0.00000007304140581254615,-0.0016503812512382865,0.000002856629635061836,0.005501254927366972,0,2450.96533203125,-10.212358474731445,0,151.35462951660156
1.4090449810028076,0.0000000000053404268854362336,-0.0000003572858702227677,0.00000007872101548400678,-0.00005940394476056099,0.0000028576196200447157,0.00019799591973423958,0,2499.101318359375,-10.412925720214844,0,118.72254180908203
1.4090499877929688,0.000000000005762473397757928,-0.00000034962249628733844,0.0000000844092937768437,0.0015326763968914747,0.000002832074869729695,-0.005108939949423075,0,2500.833984375,-10.420145034790039,0,120.1056900024414
1.4090549945831299,0.000000000006211853947890589,-0.0000003341410206303408,0.00000008987606747723476,0.003096297848969698,0.0000027804699129774235,-0.010321012698113918,0,2456.130859375,-10.233880996704102,0,119.37448120117188
1.409060001373291,0.000000000006686397095723162,-0.00000031112887199924444,0.00000009490865693351225,0.004602427128702402,0.000002703762675082544,-0.015341444872319698,0,2365.822265625,-9.857595443725586,0,101.37875366210938
1.4090650081634521,0.000000000007183041054320549,-0.0000002810133707953355,0.00000009932877276241925,0.00602309824898839,0.000002603377652121708,-0.020077014341950417,0,2231.584716796875,-9.298271179199219,0,147.7978057861328
1.4090700149536133,0.000000000007698074816486766,-0.0000002443537141516572,0.00000010300676933638897,0.007331931497901678,0.0000024811786261125235,-0.024439794942736626,0,2055.910888671875,-8.566298484802246,0,120.91898345947266
1.4090750217437744,0.000000000008227436093521945,-0.00000020183058779821295,0.00000010587228871372645,0.008504625409841537,0.0000023394347863359144,-0.028348775580525398,0,1842.0628662109375,-7.675264835357666,0,119.43150329589844
1.409079909324646,0.000000000008767038310597552,-0.00000015423357524468884,0.00000010792042814955494,0.009519403800368309,0.000002180777983085136,-0.03173137456178665,0,1594.01123046875,-6.641716003417969,0,119.3175048828125
1.4090849161148071,0.000000000009313103239982912,-0.00000010244644244039591,0.00000010921293380761199,0.010357426479458809,0.0000020081540696992306,-0.03452478349208832,0,1316.3619384765625,-5.484844207763672,0,108.01468658447266
1.4090899229049683,0.00000000000986247541967522,-0.00000004743078818592039,0.00000010987443488374993,0.011003131046891212,0.0000018247684465677594,-0.036677129566669464,0,1014.270263671875,-4.226128578186035,0,136.74278259277344
1.4090949296951294,0.000000000010412894504985282,0.000000009791847332962789,0.00000011008378919541428,0.01144452765583992,0.0000016340261481673224,-0.03814845532178879,0,693.3455810546875,-2.888942241668701,0,118.89192962646484
1.4090999364852905,0.000000000010963201700631142,0.00000006815895403633476,0.00000011006137867752841,0.011673422530293465,0.0000014394689742402988,-0.03891143947839737,0,359.5468444824219,-1.498113989830017,0,120.70005798339844
1.4091049432754517,0.00000000001151346726291358,0.00000012658676951105008,0.00000011005310796008416,0.011685563251376152,0.0000012447094377421308,-0.03895191103219986,0,19.071985244750977,-0.07946865260601044,0,118.56770324707031
1.4091099500656128,0.000000000012065029530994309,0.00000018399039447558607,0.00000011031239921521774,0.011480726301670074,0.0000010533638032939052,-0.038269124925136566,0,-321.7569580078125,1.3406522274017334,0,91.44110870361328
1.409114956855774,0.000000000012620436813659541,0.00000023930397219373845,0.00000011108150488325919,0.011062715202569962,0.000000868985011948098,-0.036875754594802856,0,-656.6115112304688,2.73587965965271,0,177.55682373046875
1.409119963645935,0.000000000013183303407271474,0.000000291500413140966,0.00000011257338883297052,0.01043928973376751,0.0000006949966859792767,-0.03479766845703125,0,-979.2741088867188,4.080307483673096,0,120.4529037475586
1.4091249704360962,0.00000000001375808234699294,0.0000003396105512365466,0.0000001149557107282817,0.009622026234865189,0.0000005346294074115576,-0.03207346051931381,0,-1283.75341796875,5.348971366882324,0,119.6458511352539
1.4091299772262573,0.000000000014349772238519964,0.0000003827410637313733,0.00000011833797941562807,0.008626101538538933,0.0000003908608618985454,-0.02875370904803276,0,-1564.3958740234375,6.518315315246582,0,118.97679901123047
1.4091349840164185,0.00000000001496358592589786,0.0000004200910836971161,0.00000012276284167000995,0.007470006123185158,0.00000026636058692020015,-0.024900056421756744,0,-1815.990478515625,7.56662654876709,0,84.43093872070313
1.4091399908065796,0.000000000015604597475293858,0.00000045096712142367323,0.00000012820218842080067,0.00617520697414875,0.00000016344029063475318,-0.02058405801653862,0,-2033.86572265625,8.47443962097168,0,209.86358642578125
1.4091449975967407,0.00000000001627738915876975,0.0000004747958541884145,0.0000001345583910961068,0.004765746183693409,0.00000008401101325716809,-0.0158858560025692,0,-2213.97607421875,9.224900245666504,0,120.36591339111328
1.4091500043869019,0.000000000016985742673503168,0.0000004911348128189275,0.00000014167061124226166,0.0032677948474884033,0.000000029547596369638995,-0.010892683640122414,0,-2352.97705078125,9.804070472717285,0,118.14744567871094
1.409155011177063,0.000000000017732371127010538,0.0000004996806524104613,0.00000014932557235169952,0.0017091664485633373,0.0000000010613181444796282,-0.005697255954146385,0,-2448.287841796875,10.20119857788086,0,110.22927856445313
1.4091600179672241,0.000000000018518733421735156,0.0000005002746661375568,0.0000001572723107301499,0.0001188019523397088,-0.0000000009188925176317753,-0.0003960421308875084,0,-2498.138671875,10.408909797668457,0,130.804443359375
1.4091649055480957,0.000000000019344931906362106,0.0000004929058263769548,0.00000016523954116109962,-0.0014737684978172183,0.000000023643728752631432,0.004912524484097958,0,-2501.603759765625,10.423346519470215,0,121.15338134765625
1.4091699123382568,0.000000000020209703702200876,0.0000004777109552378533,0.0000001729545289208545,-0.003038973780348897,0.00000007429309789586114,0.01012987457215786,0,-2458.618896484375,10.244243621826172,0,120.90436553955078
1.409174919128418,0.000000000021110514378253065,0.00000045497219502976805,0.0000001801621323238578,-0.004547751042991877,0.00000015008876630417944,0.015159131959080696,0,-2369.982177734375,9.874924659729004,0,119.00511932373047
1.409179925918579,0.000000000022043726219389548,0.000000425111778667997,0.0000001866424526042465,-0.0059720855206251144,0.00000024962332645372953,0.019906913861632347,0,-2237.339599609375,9.322246551513672,0,99.06875610351563
1.4091849327087402,0.000000000023004856700148402,0.00000038868412843839906,0.00000019222606795210595,-0.007285529747605324,0.00000037104862826708995,0.02428506128489971,0,-2063.15380859375,8.596471786499023,0,152.97537231445313
1.4091899394989014,0.000000000023988883796066673,0.00000034636565260370844,0.00000019680540219724207,-0.008463695645332336,0.0000005121100343785656,0.028212280943989754,0,-1850.6593017578125,7.711077690124512,0,120.4529037475586
1.4091949462890625,0.000000000024990592928375577,0.0000002989421261645475,0.00000020034183023653895,-0.009484706446528435,0.0000006701882853121788,0.03161565214395523,0,-1603.801513671875,6.682503700256348,0,120.40939331054688
1.4091999530792236,0.00000000002600493084758959,0.00000024729411052248906,0.00000020286758228849067,-0.010329606011509895,0.0000008423481858699233,0.034431979060173035,0,-1327.164306640625,5.529849052429199,0,118.87779235839844
1.4092049598693848,0.000000000027027343904584278,0.00000019238059678627906,0.00000020448264592687337,-0.010982703417539597,0.0000010253929758619051,0.036608971655368805,0,-1025.8841552734375,4.274515151977539,0,98.38645935058594
1.409209966659546,0.000000000028054078157757623,0.00000013522122799258796,0.00000020534675115868595,-0.011431874707341194,0.0000012159239304310177,0.03810620307922363,0,-705.5553588867188,2.9398117065429688,0,121.61011505126953
1.409214973449707,0.000000000029082413560699294,0.00000007687734182582062,0.00000020566709224567603,-0.011668777093291283,0.0000014104033425610396,0.038895875215530396,0,-372.1257629394531,1.550521731376648,0,153.37423706054688
1.4092199802398682,0.000000000030110827026197384,0.00000001843227792619473,0.00000020568263892073446,-0.011689012870192528,0.0000016052199498517439,0.03896332532167435,0,-31.786523818969727,0.13244116306304932,0,118.66619110107422
1.4092249870300293,0.00000000003113906008045397,-0.000000039028748233249644,0.00000020564637281950127,-0.011492205783724785,0.000001796756464500504,0.038307301700115204,0,309.1429748535156,-1.2880985736846924,0,118.94849395751953
1.4092299938201904,0.00000000003216809110750951,-0.00000009443880344406352,0.00000020580647230872273,-0.011082010343670845,0.000001981456307476037,0.03693998605012894,0,644.3322143554688,-2.684720754623413,0,91.63383483886719
1.4092350006103516,0.00000000003320003300055774,-0.00000014676902537757996,0.0000002063881794356348,-0.010466044768691063,0.0000021558901153184706,0.034886762499809265,0,967.5574340820313,-4.031492710113525,0,177.21070861816406
1.4092400074005127,0.000000000034237921525681614,-0.00000019504774684264703,0.00000020757745744504064,-0.009655743837356567,0.000002316818836334278,0.032185763120651245,0,1272.8170166015625,-5.303407192230225,0,120.74378204345703
1.4092450141906738,0.00000000003528545858277887,-0.00000023837851870212035,0.00000020950763257587823,-0.008666153997182846,0.0000024612545530544594,0.028887130320072174,0,1554.4427490234375,-6.47684907913208,0,118.28720092773438
1.409250020980835,0.000000000036346710363677204,-0.00000027595677920544404,0.00000021225018542736507,-0.007515651639550924,0.000002586515165603487,0.02505211904644966,0,1807.2054443359375,-7.530026912689209,0,120.36591339111328
1.4092549085617065,0.00000000003742576040743906,-0.0000003070847753861017,0.00000021581017506377975,-0.006225597579032183,0.0000026902748686552513,0.020751938223838806,0,2026.411865234375,-8.443387985229492,0,89.01548767089844
1.4092599153518677,0.000000000038526393880689014,-0.0000003311845091502619,0.00000022012672218352236,-0.004819946363568306,0.0000027706071250577224,0.016066431999206543,0,2207.99169921875,-9.199970245361328,0,186.0465087890625
1.4092649221420288,0.00000000003965178532738811,-0.00000034780850910465233,0.0000002250784092439062,-0.003324798308312893,0.000002826020136126317,0.0110826026648283,0,2348.573486328125,-9.785727500915527,0,120.35142517089844
1.40926992893219,0.000000000040804252338100255,-0.00000035664808706314943,0.00000023049337016800564,-0.0017679148586466908,0.0000028554850359796546,0.005892988760024309,0,2445.546630859375,-10.189783096313477,0,119.87532806396484
1.409274935722351,0.00000000004198506819985681,-0.0000003575391076537926,0.00000023616304645202035,-0.00017820484936237335,0.0000028584547635546187,0.000593951903283596,0,2497.11083984375,-10.404634475708008,0,118.21728515625
1.4092799425125122,0.000000000043194361282195004,-0.00000035046502944169333,0.00000024185871438930917,0.0014148140326142311,0.000002834874294421752,-0.004716113209724426,0,2502.308349609375,-10.426289558410645,0,121.87690734863281
1.4092849493026733,0.000000000044431108098264005,-0.00000033555721756783896,0.00000024734961812100664,0.0029815626330673695,0.0000027851813229062827,-0.009938610717654228,0,2461.04296875,-10.254350662231445,0,119.67448425292969
1.4092899560928345,0.000000000045693213102104835,-0.0000003130924710603722,0.00000025242118795176793,0.004492949228733778,0.0000027102985313831596,-0.014976568520069122,0,2374.08056640625,-9.892006874084473,0,119.63153839111328
1.4092949628829956,0.0000000000469776717526571,-0.00000028348790692689363,0.0000002568920365320082,0.0059209102764725685,0.000002611616309877718,-0.01973644271492958,0,2243.0361328125,-9.345989227294922,0,117.02750396728516
1.4092999696731567,0.00000000004828081337504564,-0.00000024729325787120615,0.00000026062846814056684,0.007238931022584438,0.0000024909670628403546,-0.024129848927259445,0,2070.3427734375,-8.626433372497559,0,113.86927795410156
1.4093049764633179,0.00000000004959858912467752,-0.00000020518055521279166,0.00000026355544946454756,0.008422539569437504,0.000002350591103095212,-0.028075210750102997,0,1859.2071533203125,-7.746700763702393,0,129.600830078125
1.409309983253479,0.00000000005092690505414943,-0.00000015793176544320886,0.0000002656630897490686,0.00944975670427084,0.000002193094815083896,-0.03149927034974098,0,1613.5496826171875,-6.723127841949463,0,120.72920227050781
1.4093149900436401,0.00000000005226194477181423,-0.00000010642420988915546,0.0000002670082892564096,0.01030151080340147,0.000002021402679019957,-0.03433844819664955,0,1337.931640625,-5.574719429016113,0,109.21800231933594
1.4093199968338013,0.000000000053600499039241356,-0.000000051614279072964564,0.0000002677112149740424,0.010961986146867275,0.0000018387024738331093,-0.03654003515839577,0,1037.4708251953125,-4.3227996826171875,0,132.03062438964844
1.4093250036239624,0.00000000005494023291863215,0.00000000548030598679361,0.00000026794705831889587,0.011418917216360569,0.0000016483867284478038,-0.03806314244866371,0,717.7461547851563,-2.9906129837036133,0,116.23851776123047
1.4093300104141235,0.00000000005627990087853085,0.00000006379941197565131,0.0000002679336432720447,0.011663821525871754,0.000001453989284527779,-0.03887948766350746,0,384.6943054199219,-1.6028966903686523,0,126.13521575927734
1.4093350172042847,0.00000000005761947863280881,0.0000001222601611061691,0.000000267915567064847,0.011692150495946407,0.0000012591196991706965,-0.03897392377257347,0,44.4994010925293,-0.18541781604290009,0,119.3602294921875
1.4093400239944458,0.00000000005896021171292176,0.00000017977706079363998,0.00000026814635134542186,0.011503378860652447,0.000001067396283360722,-0.03834468498826027,0,-296.5217590332031,1.235503911972046,0,117.068603515625
1.4093449115753174,0.00000000006030455995675865,0.00000023528211556822498,0.0000002688697406938445,0.011101012118160725,0.0000008823789698908513,-0.03700346127152443,0,-632.037109375,2.6334848403930664,0,121.98097229003906
1.4093499183654785,0.00000000006165606913910437,0.00000028774471161341353,0.0000002703013990412728,0.010492519475519657,0.0000007075032044667751,-0.03497515991330147,0,-955.8167114257813,3.9825665950775146,0,119.84659576416016
1.4093549251556396,0.0000000000630191315798001,0.00000033619070904933324,0.0000002726128798258287,0.009689201600849628,0.0000005460160537040792,-0.03229743614792824,0,-1261.8486328125,5.257699489593506,0,121.27091979980469
1.4093599319458008,0.00000000006439872246577494,0.00000037972057498336653,0.00000027591838147600356,0.00870597455650568,0.00000040091600794767146,-0.02902001142501831,0,-1544.450439453125,6.435207366943359,0,119.9328384399414
1.409364938735962,0.00000000006580005290635071,0.0000004175260528427316,0.0000002802657093070593,0.007561094127595425,0.00000027489730314300687,-0.02520374208688736,0,-1798.3748779296875,7.493225574493408,0,117.6885986328125
1.409369945526123,0.0000000000672282160496529,0.00000044890515482620685,0.00000028563206910803274,0.0062758177518844604,0.00000017029985599492647,-0.020919490605592728,0,-2018.9068603515625,8.412109375,0,122.74456787109375
1.4093749523162842,0.0000000000686878401379154,0.0000004732752074687596,0.00000029192486294959963,0.004874011501669884,0.0000000890658213847928,-0.01624680683016777,0,-2201.95166015625,9.174796104431152,0,119.91845703125
1.4093799591064453,0.00000000007018277625725489,0.0000004901837087345484,0.00000029898760089963616,0.003381704678758979,0.00000003270356785378681,-0.011272450909018517,0,-2344.1103515625,9.767125129699707,0,119.94721984863281
1.4093849658966064,0.00000000007171582772080853,0.0000004993167408429144,0.00000030661041705570824,0.0018266059923917055,0.000000002259621822986446,-0.00608878955245018,0,-2442.743408203125,10.178095817565918,0,119.68881225585938
1.4093899726867676,0.00000000007328854884081082,0.0000005005047114536865,0.0000003145446214602998,0.00023759063333272934,-0.0000000017007413255498705,-0.0007920726202428341,0,-2496.01953125,10.400079727172852,0,119.96160888671875
1.4093949794769287,0.00000000007490114778407886,0.0000004937255084769276,0.00000032251980996989005,-0.0013558364007622004,0.000000020896008479098782,0.00451934989541769,0,-2502.949462890625,10.428954124450684,0,114.86331176757813
1.4093999862670898,0.0000000000765524588164368,0.0000004791050969288335,0.00000033026267942659615,-0.002924088155850768,0.00000006963028198470056,0.0097468551248312,0,-2463.404296875,10.264183044433594,0,125.015625
1.409404993057251,0.00000000007824003944723046,0.000000456914875712755,0.0000003375161270469107,-0.004438045434653759,0.0000001435971768160016,0.014793379232287407,0,-2378.118408203125,9.908825874328613,0,120.49644470214844
1.409409999847412,0.00000000007996032308499323,0.00000042756690277201415,0.0000003440570992552239,-0.0058695971965789795,0.00000024142326537912595,0.019565215334296227,0,-2248.675537109375,9.36948013305664,0,120.04801940917969
1.4094150066375732,0.00000000008170888271541443,0.0000003916060791198106,0.0000003497119394069159,-0.007192161865532398,0.0000003612920522755303,0.02397376112639904,0,-2077.47900390625,8.65616226196289,0,118.90606689453125
1.4094200134277344,0.00000000008348072233488324,0.00000034970017281921173,0.00000035436821121948014,-0.00838118139654398,0.0000005009778760722838,0.027937160804867744,0,-1867.707763671875,7.782115459442139,0,98.12580108642578
1.4094250202178955,0.00000000008527063083407782,0.0000003026272850092937,0.000000357982031573556,-0.009414578787982464,0.0000006578869715667679,0.031381819397211075,0,-1623.2568359375,6.763569355010986,0,156.03057861328125
1.409429907798767,0.00000000008707353588155442,0.00000025126146852016973,0.00000036058034424968355,-0.010273165069520473,0.0000008291058293252718,0.03424377366900444,0,-1348.6651611328125,5.619436740875244,0,119.63153839111328
1.4094349145889282,0.00000000008888483005176084,0.00000019655647065519588,0.0000003622583619744546,-0.01094099972397089,0.0000010114553106177482,0.03646988794207573,0,-1049.0313720703125,4.370962619781494,0,120.14898681640625
1.4094399213790894,0.00000000009070069001415604,0.00000013952806909856008,0.00000036317172202871006,-0.011405681259930134,0.0000012015494803563342,0.03801882639527321,0,-729.9190673828125,3.041327476501465,0,116.56370544433594
1.4094449281692505,0.00000000009251831245560282,0.00000008123517147851089,0.00000036352460597299796,-0.011658580042421818,0.0000013958585896034492,0.038861822336912155,0,-397.2535095214844,1.6552209854125977,0,82.41305541992188
1.4094499349594116,0.00000000009433608061382159,0.00000002276016175528639,0.00000036355422139422444,-0.01169500220566988,0.00000159077467287716,0.03898322954773903,0,-57.21173095703125,0.23838001489639282,0,239.46360778808594
1.4094549417495728,0.00000000009615364754411715,-0.00000003481119392745313,0.0000003635130667589692,-0.01151427160948515,0.0000017826786233854364,0.03838079050183296,0,283.892333984375,-1.182887077331543,0,119.033447265625
1.4094599485397339,0.00000000009797190142490919,-0.00000009040990534003868,0.00000036365040045893693,-0.011119742877781391,0.00000196800715457357,0.03706568852066994,0,619.72509765625,-2.5821902751922607,0,120.1201171875
1.409464955329895,0.00000000009979286841321766,-0.00000014300361783625704,0.0000003641937666998274,-0.01051874179393053,0.0000021433188521768898,0.03506234660744667,0,944.05078125,-3.9335474967956543,0,109.3254623413086
1.4094699621200562,0.00000000010161953223342124,-0.00000019161575437465217,0.00000036533251090986596,-0.00972242746502161,0.000002305358748344588,0.0324079655110836,0,1250.8472900390625,-5.211866855621338,0,122.77471160888672
1.4094749689102173,0.00000000010345555662150119,-0.00000023534369120170595,0.0000003672043078495335,-0.008745587430894375,0.0000024511177798558492,0.029151827096939087,0,1534.41796875,-6.393411159515381,0,129.5504608154297
1.4094799757003784,0.00000000010530498695260349,-0.0000002733754911332653,0.0000003698853845435224,-0.007606358267366886,0.000002577889745225548,0.02535439282655716,0,1789.4974365234375,-7.456242084503174,0,120.55455017089844
1.4094849824905396,0.00000000010717191717413144,-0.000000305004959955113,0.0000003733858591203898,-0.0063258931040763855,0.00000268332064479182,0.021086174994707108,0,2011.349365234375,-8.38062572479248,0,118.8212890625
1.4094899892807007,0.00000000010906016367773219,-0.00000032964479146357917,0.0000003776495702823013,-0.004927968606352806,0.0000027654527912091,0.01642642542719841,0,2195.8544921875,-9.149396896362305,0,120.35142517089844
1.4094949960708618,0.00000000011097295998796497,-0.000000346837509823672,0.0000003825593637429847,-0.003438541665673256,0.0000028227611892361892,0.011461665853857994,0,2339.586669921875,-9.748281478881836,0,120.71463012695313
1.409500002861023,0.00000000011291269308433272,-0.0000003562638539733598,0.0000003879466987655178,-0.0018852675566449761,0.0000028541815026983386,0.0062840841710567474,0,2439.877197265625,-10.166158676147461,0,119.2463607788086
1.409505009651184,0.00000000011488071605114669,-0.0000003577488030259701,0.00000039360517689601693,-0.0002969878842122853,0.000002859130518118036,0.0009898161515593529,0,2494.864013671875,-10.395271301269531,0,120.72920227050781
1.4095100164413452,0.00000000011687725787190573,-0.00000035126475950164604,0.000000399306969711688,0.0012968061491847038,0.0000028375163765304023,-0.004322833381593227,0,2503.52587890625,-10.431363105773926,0,117.59172058105469
1.4095150232315063,0.00000000011890136097925108,-0.0000003369321461832442,0.00000040482083818460524,0.0028665210120379925,0.000002789740392472595,-0.009555217809975147,0,2465.7021484375,-10.273763656616211,0,98.28975677490234
1.409519910812378,0.00000000012095101309395062,-0.00000031501710395787086,0.00000040993037941916555,0.004383009858429432,0.000002716689550652518,-0.014610182493925095,0,2382.09521484375,-9.925400733947754,0,158.37820434570313
1.409524917602539,0.0000000001230232721249891,-0.00000028592654643944115,0.00000041445119336458447,0.0058181146159768105,0.00000261972013504419,-0.019393865019083023,0,2254.25732421875,-9.392742156982422,0,119.40298461914063
1.4095299243927002,0.00000000012511450209196084,-0.00000025020059979397047,0.0000004182456621038,0.007145187817513943,0.000002500632945157122,-0.02381744608283043,0,2084.56201171875,-8.68567943572998,0,119.09014892578125
1.4095349311828613,0.00000000012722067843640161,-0.00000020850265514127386,0.0000004212340343201504,0.008339588530361652,0.0000023616389626113232,-0.027798783034086227,0,1876.1605224609375,-7.817339897155762,0,118.4553451538086
1.4095399379730225,0.00000000012933767945533248,-0.0000001616069624787997,0.00000042340153072473186,0.009379139170050621,0.0000022053191059967503,-0.03126395493745804,0,1632.92236328125,-6.803846836090088,0,110.97547149658203
1.4095449447631836,0.00000000013146167487931848,-0.00000011038427771836723,0.0000004248000493589643,0.010244537144899368,0.0000020345760276541114,-0.03414861857891083,0,1359.3638916015625,-5.66402006149292,0,134.21017456054688
1.4095499515533447,0.00000000013358940342822478,-0.00000005578570849706921,0.00000042554532342364837,0.010919714346528053,0.0000018525799987401115,-0.03639920800924301,0,1060.564697265625,-4.419023036956787,0,119.2463607788086
1.4095549583435059,0.00000000013571845036697283,0.0000000011749570205665805,0.0000004258088495134871,0.011392133310437202,0.0000016627102468191879,-0.03797394037246704,0,742.0728759765625,-3.0919735431671143,0,118.62396240234375
1.409559965133667,0.00000000013784748342793307,0.00000005944006176150651,0.0000004258057799688686,0.011653020977973938,0.0000014684924281027634,-0.03884357213973999,0,409.8021545410156,-1.7075117826461792,0,118.72254180908203
1.4095649719238281,0.00000000013997637771101523,0.00000011792773335628226,0.0000004257793477790983,0.01169753447175026,0.0000012735326890833676,-0.03899195045232773,0,69.92217254638672,-0.2913450598716736,0,97.162841796875
1.4095699787139893,0.00000000014210629895039517,0.0000001755519605239897,0.0000004259830177488766,0.011524846777319908,0.0000010814510460477322,-0.03841632604598999,0,-271.256103515625,1.1302313804626465,0,163.3719940185547
1.4095749855041504,0.00000000014423960637000022,0.00000023124277959141182,0.00000042666184185691236,0.01113816536962986,0.0000008958140824688599,-0.03712739050388336,0,-607.3976440429688,2.5308213233947754,0,118.73664093017578
1.4095799922943115,0.00000000014637978329457013,0.0000002839661306097696,0.0000004280342693618877,0.01054466888308525,0.000000720068726423051,-0.03514907509088516,0,-932.260986328125,3.8844187259674072,0,120.5254898071289
1.4095849990844727,0.00000000014853115959390095,0.0000003327430135868781,0.00000043027560536756937,0.00975537858903408,0.000000557478188056848,-0.032518111169338226,0,-1239.8140869140625,5.165889739990234,0,116.91803741455078
1.4095900058746338,0.00000000015069867576045226,0.0000003766677707517374,0.00000043350465261937643,0.008784949779510498,0.0000004110614497676579,-0.029283348470926285,0,-1524.34619140625,6.351439952850342,0,90.5223159790039
1.409595012664795,0.0000000001528875498424398,0.0000004149247843088233,0.00000043777438918368716,0.0076514012180268764,0.00000028353719017104595,-0.025504853576421738,0,-1780.5740966796875,7.419057369232178,0,185.4943389892578
1.409600019454956,0.00000000015510288886577683,0.0000004468036820526322,0.0000004430672504440736,0.0063757807947695255,0.00000017727327872307796,-0.021252784878015518,0,-2003.740234375,8.348916053771973,0,117.82726287841797
1.4096049070358276,0.0000000001573493696449546,0.0000004717125534625666,0.00000044929569753549004,0.0049817743711173534,0.0000000942428002304041,-0.016606096178293228,0,-2189.70068359375,9.123751640319824,0,121.21212005615234
1.4096099138259888,0.00000000015963090571613492,0.0000004891888920610654,0.00000045630773115590273,0.0034952652640640736,0.00000003598746545208087,-0.011651067063212395,0,-2335.002685546875,9.72917652130127,0,110.2049789428711
1.40961492061615,0.0000000001619503975369696,0.000000498908150348143,0.0000004638970665382658,0.0019438560120761395,0.000000003588951358324266,-0.006479702889919281,0,-2436.9482421875,10.153949737548828,0,134.28225708007813
1.409619927406311,0.00000000016430948268641998,0.000000500689907312335,0.00000047181723061839875,0.00035635288804769516,-0.0000000023511796953812336,-0.001188026275485754,0,-2493.644287109375,10.390182495117188,0,118.90606689453125
1.4096249341964722,0.00000000016670848035360564,0.0000004945010800838645,0.0000004797988140126108,-0.001237767282873392,0.000000018277351188089597,0.004125706385821104,0,-2504.0380859375,10.433490753173828,0,120.32246398925781
1.4096299409866333,0.00000000016914632194886536,0.0000004804565492122492,0.0000004875680588156683,-0.002808904740959406,0.00000006509149841349426,0.009362829849123955,0,-2467.936767578125,10.283068656921387,0,119.8609619140625
1.4096349477767944,0.00000000017162064824827183,0.00000045881711230322253,0.0000004948660716763698,-0.004327886272221804,0.00000013722200264965068,0.014426100999116898,0,-2386.010498046875,9.9417085647583,0,104.19922637939453
1.4096399545669556,0.0000000001741279759270853,0.00000042998456706300203,0.0000005014667294744868,-0.00576650770381093,0.0000002333295157086468,0.019221503287553787,0,-2259.78076171875,9.415751457214355,0,141.68319702148438
1.4096449613571167,0.00000000017666393348214626,0.00000039449429323212826,0.0000005071922259958228,-0.00709805591031909,0.0000003516294952987664,0.023659996688365936,0,-2091.59130859375,8.714961051940918,0,119.73180389404297
1.4096499681472778,0.00000000017922355266541956,0.0000003530052481437451,0.0000005119251227370114,-0.008297807537019253,0.000000489925355395826,0.027659166604280472,0,-1884.56494140625,7.852351665496826,0,119.94721984863281
1.409654974937439,0.00000000018180162930647725,0.00000030628783065367315,0.0000005156164206709946,-0.009343485347926617,0.0000006456491519202245,0.031144756823778152,0,-1642.5457763671875,6.84393835067749,0,117.30205535888672
1.4096599817276,0.00000000018439307025719387,0.0000002552094713337283,0.0000005182878339837771,-0.01021567266434431,0.0000008159094022630597,0.0340520478785038,0,-1370.0277099609375,5.708446025848389,0,113.79153442382813
1.4096649885177612,0.00000000018699321258086599,0.0000002007186026276031,0.00000052002963002451,-0.010898173786699772,0.000000997544702840969,0.0363270528614521,0,-1072.07080078125,4.466958522796631,0,127.89359283447266
1.4096699953079224,0.00000000018959818437469522,0.00000014382702318016527,0.0000005209933533478761,-0.011378317140042782,0.000001187182306239265,0.037927526980638504,0,-754.2076416015625,3.142529249191284,0,122.71444702148438
1.4096750020980835,0.00000000019220508518102974,0.00000008559108266581461,0.000000521380115969805,-0.011647188104689121,0.000001381301103720034,0.03882375732064247,0,-422.3403015136719,1.7597483396530151,0,118.53958892822266
1.4096800088882446,0.0000000001948122080319692,0.000000027092120546967635,0.0000005214251359575428,-0.011699792928993702,0.000001576296654093312,0.038999106734991074,0,-82.63089752197266,0.34429222345352173,0,119.61722564697266
1.4096850156784058,0.00000000019741910883830371,-0.00000003058365649621919,0.0000005213805707171559,-0.011535155586898327,0.0000017685481452645035,0.03845031186938286,0,258.61279296875,-1.0775567293167114,0,97.53243255615234
1.409690022468567,0.00000000020002659251172616,-0.00000008636531845240825,0.0000005214964176047943,-0.011156332679092884,0.0000019544859242159873,0.03718756511807442,0,595.0545654296875,-2.4793975353240967,0,158.22784423828125
1.4096949100494385,0.00000000020263660194252964,-0.00000013921710717568203,0.0000005220025514063309,-0.01057035755366087,0.0000021306575490598334,0.03523431345820427,0,920.4473266601563,-3.835200786590576,0,119.67448425292969
1.4096999168395996,0.00000000020525206534394158,-0.00000018815765656654548,0.0000005230915576248663,-0.00978811178356409,0.0000022937915673537645,0.03262682631611824,0,1228.7491455078125,-5.1197919845581055,0,120.5254898071289
1.4097049236297607,0.00000000020787659094079203,-0.000000232278253520235,0.0000005249054311207146,-0.00882412027567625,0.0000024408591343672015,0.02941351756453514,0,1514.2354736328125,-6.3093180656433105,0,118.14744567871094
1.4097099304199219,0.00000000021051421716933305,-0.00000027075967068412865,0.0000005275251169223338,-0.007696281187236309,0.000002569129492258071,0.025654051452875137,0,1771.6053466796875,-7.381692886352539,0,95.02993774414063
1.409714937210083,0.00000000021316905185475576,-0.0000003028873436505819,0.0000005309657353791408,-0.006425537168979645,0.0000026762206744024297,0.021418236196041107,0,1996.0799560546875,-8.317004203796387,0,165.01649475097656
1.4097199440002441,0.00000000021584492526649512,-0.00000032806477179292415,0.0000005351760137273232,-0.005035483278334141,0.0000027601442980085267,0.01678472012281418,0,2183.4912109375,-9.097884178161621,0,120.77294921875
1.4097249507904053,0.0000000002185451403180494,-0.00000034582441799102526,0.0000005400430609370233,-0.003551930421963334,0.000002819341943904874,0.011839542537927628,0,2330.359130859375,-9.709834098815918,0,117.99410247802734
1.4097299575805664,0.00000000022127215337786055,-0.0000003558365335720737,0.0000005454015763461939,-0.002002425491809845,0.000002852714487744379,0.0066745225340127945,0,2433.956787109375,-10.141491889953613,0,121.41816711425781
1.4097349643707275,0.0000000002240273938580728,-0.00000035791524055639456,0.0000005510476057679625,-0.000415739428717643,0.0000028596423362614587,0.0013855667784810066,0,2492.360595703125,-10.38484001159668,0,119.43150329589844
1.4097399711608887,0.00000000022681116707001792,-0.000000352021913840872,0.0000005567542302742368,0.0011786659015342593,0.0000028399967959558126,-0.003929120022803545,0,2504.486083984375,-10.43536376953125,0,120.8313217163086
1.4097449779510498,0.00000000022962261259085182,-0.00000033826597700681305,0.0000005622898697765777,0.0027511855587363243,0.0000027941425742028514,-0.009170854464173317,0,2470.108154296875,-10.292121887207031,0,119.8609619140625
1.409749984741211,0.0000000002324597875302814,-0.00000031690288437857816,0.0000005674363592333975,0.0042726206593215466,0.0000027229309580434347,-0.014242308214306831,0,2389.864990234375,-9.957775115966797,0,118.03588104248047
1.409754991531372,0.00000000023531981918623046,-0.0000002883292893329781,0.0000005720064564229688,0.005714721512049437,0.00000262768435277394,-0.01904931105673313,0,2265.24658203125,-9.438530921936035,0,115.51345825195313
1.4097599983215332,0.00000000023819909933386896,-0.00000025307573991995014,0.0000005758585075454903,0.00705071073025465,0.0000025101712708419655,-0.023502608761191368,0,2098.56689453125,-8.744032859802246,0,127.89359283447266
1.4097650051116943,0.00000000024109364504809605,-0.0000002117968307402407,0.0000005789082706542104,0.00825578160583973,0.000002372573817410739,-0.02751951478421688,0,1892.9208984375,-7.887174129486084,0,119.50286865234375
1.4097700119018555,0.000000000243999320748145,-0.00000016525903845376888,0.0000005811358505525277,0.009307557716965675,0.000002217446535723866,-0.031025437638163567,0,1652.126953125,-6.883865833282471,0,119.3175048828125
1.4097750186920166,0.00000000024691226840900526,-0.00000011432648960862934,0.0000005825884272780968,0.010186510160565376,0.0000020476700228755362,-0.03395528346300125,0,1380.65625,-5.752737522125244,0,117.75788879394531
1.4097799062728882,0.00000000024982915736160294,-0.0000000599448952698367,0.0000005833770728713716,0.01087631843984127,0.0000018663968148757704,-0.0362546443939209,0,1083.5494384765625,-4.514791965484619,0,122.39901733398438
1.4097849130630493,0.00000000025274751735970824,-0.0000000031240219300343597,0.0000005836694754179916,0.011364175006747246,0.0000016769927242421545,-0.037880830466747284,0,766.3231811523438,-3.1930158138275146,0,120.68549346923828
1.4097899198532104,0.00000000025566590511338916,0.00000005508107747687063,0.0000005836781156176585,0.011641019955277443,0.0000014829744259259314,-0.03880365192890167,0,434.8677673339844,-1.8119515180587769,0,120.09127044677734
1.4097949266433716,0.0000000002585841263336164,0.00000011358964968621876,0.0000005836446916873683,0.011701714247465134,0.0000012879445421276614,-0.03900596499443054,0,95.33768463134766,-0.39724257588386536,0,118.92020416259766
1.4097999334335327,0.0000000002615032357322633,0.00000017131529261860123,0.0000005838226115884027,0.011545129120349884,0.0000010955244533761288,-0.03848401457071304,0,-245.96258544921875,1.0248422622680664,0,118.92020416259766
1.4098049402236938,0.00000000026442553702210603,0.00000022718616321526497,0.0000005844581210112665,0.011174174025654793,0.0000009092869959204108,-0.037247493863105774,0,-582.69580078125,2.4278974533081055,0,106.53031158447266
1.409809947013855,0.00000000026735438862779404,0.0000002801648406602908,0.0000005857722271684906,0.010595735162496567,0.0000007326901823034859,-0.03531936556100845,0,-908.6094970703125,3.785871744155884,0,138.08340454101563
1.4098149538040161,0.00000000027029412041912337,0.0000003292676069577283,0.0000005879439868294867,0.009820554405450821,0.0000005690130251423398,-0.0327354297041893,0,-1217.652099609375,5.073549270629883,0,121.34449768066406
1.4098199605941772,0.0000000002732496173774024,0.0000003735827363016142,0.0000005910968639000203,0.008863024413585663,0.0000004212947146697843,-0.029543664306402206,0,-1504.085205078125,6.2670207023620605,0,119.9040756225586
1.4098249673843384,0.0000000002762260697952712,0.0000004122873633605195,0.0000005952888386673294,0.007740924134850502,0.00000029227805953269126,-0.025803331285715103,0,-1762.5904541015625,7.344125747680664,0,117.9106216430664
1.4098299741744995,0.0000000002792286124542187,0.00000044466281678978703,0.0000006005077466397779,0.0064750900492072105,0.0000001843586403538211,-0.021583884954452515,0,-1988.36767578125,8.284865379333496,0,96.79605102539063
1.4098349809646606,0.00000000028226196380209956,0.00000047010794901325426,0.0000006066710511731799,0.005089025944471359,0.00000009954028001857296,-0.016963671892881393,0,-2177.224853515625,9.071770668029785,0,158.75535583496094
1.4098399877548218,0.0000000002853301206418024,0.0000004881503059550596,0.0000006136313004390104,0.0036084679886698723,0.000000039397882289904373,-0.01202847994863987,0,-2325.655029296875,9.690228462219238,0,121.10935974121094
1.409844994544983,0.00000000028843605281991813,0.000000498454824082728,0.000000621185677118774,0.0020609074272215366,0.000000005048157447617996,-0.0068699452094733715,0,-2430.90234375,10.12876033782959,0,119.73180389404297
1.409850001335144,0.0000000002915815089377105,0.0000005008301968700835,0.000000629090322945558,0.0004750796942971647,-0.000000002871107795954231,-0.0015838530380278826,0,-2491.012451171875,10.379218101501465,0,119.5743179321289
1.4098550081253052,0.0000000002947669053288138,0.0000004952323706675088,0.0000006370768232955015,-0.0011195694096386433,0.000000015787113838428013,0.003731644246727228,0,-2504.869140625,10.436954498291016,0,97.18173217773438
1.4098600149154663,0.0000000002979912705480814,0.0000004817651984012628,0.0000006448710792028578,-0.00269343052059412,0.00000006067635638373758,0.00897784810513258,0,-2472.21533203125,10.300897598266602,0,157.80337524414063
1.4098650217056274,0.00000000030125232863831286,0.00000046067879111433285,0.0000006522124067487312,-0.004217280074954033,0.00000013096308748572483,0.014057346619665623,0,-2393.6572265625,9.973572731018066,0,120.38040161132813
1.409869909286499,0.0000000003045466934192831,0.00000043236468627583236,0.0000006588717269551125,-0.005662823095917702,0.0000002253422053399845,0.01887582242488861,0,-2270.653564453125,9.46105670928955,0,120.1201171875
1.4098749160766602,0.00000000030787003502119603,0.00000039734860024509544,0.0000006646671408816474,-0.007003218866884708,0.0000003420612415538926,0.023343808948993683,0,-2105.48828125,8.772868156433105,0,116.63167572021484
1.4098799228668213,0.0000000003112174129515921,0.00000035628070804705203,0.0000006694764351777849,-0.008213577792048454,0.0000004789529270965431,0.02737833932042122,0,-1901.22802734375,7.921782970428467,0,123.16787719726563
1.4098849296569824,0.0000000003145836369178312,0.00000030992356414571987,0.0000006732453812219319,-0.009271426126360893,0.0000006334754516501562,0.030904501676559448,0,-1661.6656494140625,6.923605918884277,0,120.74378204345703
1.4098899364471436,0.00000000031796359989400003,0.00000025913794843290816,0.0000006759903499187203,-0.01015712320804596,0.0000008027595868043136,0.0338568240404129,0,-1391.2493896484375,5.796871185302734,0,119.54572296142578
1.4098949432373047,0.00000000032135258343224393,0.00000020486683638409886,0.0000006777968337701168,-0.010854221880435944,0.0000009836620620262693,0.036180488765239716,0,-1095.000244140625,4.5625,0,118.72254180908203
1.4098999500274658,0.0000000003247466462408255,0.00000014811794812885637,0.0000006788120572309708,-0.01134977862238884,0.0000011728237723218626,0.037832342088222504,0,-778.4191284179688,3.2434115409851074,0,119.21793365478516
1.409904956817627,0.00000000032814281847315385,0.00000008994499012260349,0.0000006792339490857557,-0.011634591966867447,0.0000013667323628396844,0.03878171741962433,0,-447.3842468261719,1.8640992641448975,0,121.31505584716797
1.409909963607788,0.000000000331539296016814,0.000000031428122326815355,0.0000006792957947254763,-0.011703373864293098,0.0000015617872577422531,0.03901098668575287,0,-108.04232025146484,0.450174480676651,0,121.09469604492188
1.4099149703979492,0.0000000003349355515158692,-0.00000002634610751783839,0.0000006792490694351727,-0.011554846540093422,0.0000017543667354402714,0.03851589560508728,0,233.30575561523438,-0.9721092581748962,0,118.09163665771484
1.4099199771881104,0.00000000033833227885970985,-0.00000008230495041061658,0.0000006793446800656966,-0.011191768571734428,0.0000019408948901400436,0.03730563074350357,0,570.32177734375,-2.3763427734375,0,117.99410247802734
1.4099249839782715,0.00000000034173136542747784,-0.0000001354093512873078,0.000000679814547766,-0.010620880872011185,0.0000021179082523303805,0.03540267050266266,0,896.748046875,-3.736452579498291,0,88.3548355102539
1.4099299907684326,0.00000000034513564228788596,-0.00000018467326867721567,0.0000006808546686443151,-0.009852783754467964,0.0000022821200218459126,0.03284234553575516,0,1206.5234375,-5.027183532714844,0,197.0831756591797
1.4099349975585938,0.0000000003485486899101886,-0.00000022918196407317737,0.0000006826110166002763,-0.008901739493012428,0.0000024304808903252706,0.029672197997570038,0,1493.89599609375,-6.224568843841553,0,120.13455200195313
1.4099400043487549,0.0000000003519745328528501,-0.0000002681090052192303,0.0000006851694251963636,-0.007785407826304436,0.00000256023622569046,0.025951091200113297,0,1753.5296630859375,-7.306375980377197,0,119.33174133300781
1.409945011138916,0.00000000035541727894106145,-0.0000003007315854119952,0.0000006885500170028536,-0.006524516269564629,0.000002668976776476484,0.021748118102550507,0,1980.603759765625,-8.252518653869629,0,119.26058197021484
1.4099500179290771,0.00000000035888081395540894,-0.0000003264439669692365,0.0000006927062941031181,-0.005142477340996265,0.0000027546834644454066,0.017141319811344147,0,2170.90185546875,-9.045426368713379,0,82.80887603759766
1.4099549055099487,0.0000000003623684685649664,-0.00000034476872201594233,0.0000006975295718802954,-0.003664952702820301,0.0000028157646738691255,0.0122162364423275,0,2320.890380859375,-9.670379638671875,0,217.9123992919922
1.4099599123001099,0.0000000003658827685271149,-0.0000003553656142685213,0.0000007028581876511453,-0.0021193772554397583,0.00000285108626485453,0.007064316421747208,0,2427.784423828125,-10.115771293640137,0,120.71463012695313
1.409964919090271,0.0000000003694252126429376,-0.00000035803785181087733,0.0000007084904609655496,-0.0005344491801224649,0.000002859992264347966,0.001781221479177475,0,2489.599365234375,-10.373332977294922,0,118.25922393798828
1.4099699258804321,0.0000000003729962172460688,-0.0000003527358387600543,0.0000007142006097637932,0.0010604022536426783,0.0000028423175990610616,-0.003534951712936163,0,2505.18701171875,-10.438282012939453,0,121.56576538085938
1.4099749326705933,0.00000000037659500518039124,-0.0000003395580279175192,0.000000719756712896924,0.0026355639565736055,0.0000027983901418338064,-0.008785491809248924,0,2474.25830078125,-10.309412002563477,0,85.85164642333984
1.4099799394607544,0.00000000038021968906676307,-0.0000003187490733580489,0.0000007249391273944639,0.004161788150668144,0.0000027290257094136905,-0.013872906565666199,0,2397.387451171875,-9.989116668701172,0,198.84669494628906
1.4099849462509155,0.0000000003838674655920471,-0.0000002906953966430592,0.0000007295576551769045,0.005610736086964607,0.0000026355121462984243,-0.018702734261751175,0,2276.001708984375,-9.483342170715332,0,121.28562927246094
1.4099899530410767,0.00000000038753480979814015,-0.0000002559178824412811,0.0000007334667770919623,0.006955503486096859,0.0000025195856778736925,-0.02318529039621353,0,2112.35498046875,-8.801481246948242,0,119.30326843261719
1.4099949598312378,0.00000000039121769712657795,-0.0000002150622862018281,0.0000007365777037193766,0.00817111972719431,0.0000023833990780985914,-0.027237344533205032,0,1909.4857177734375,-7.956192493438721,0,99.80039978027344
1.409999966621399,0.0000000003949120197521694,-0.0000001688872117711071,0.0000007388657650153618,0.009235014207661152,0.00000222948074224405,-0.030783656984567642,0,1671.1610107421875,-6.963172435760498,0,151.46925354003906
1.41000497341156,0.0000000003986138918943283,-0.00000011825005685750511,0.0000007403729114230373,0.010127431713044643,0.0000020606887574103894,-0.03375838324427605,0,1401.80615234375,-5.840859889984131,0,119.46003723144531
1.4100099802017212,0.0000000004023199273728295,-0.00000006409104713611669,0.0000007412057811961859,0.010831802152097225,0.000001880157356026757,-0.03610628470778465,0,1106.42236328125,-4.61009407043457,0,120.23566436767578
1.4100149869918823,0.00000000040602757267471645,-0.000000007415817293576765,0.0000007415283107548021,0.011335046030580997,0.000001691238480816537,-0.03778376802802086,0,790.4944458007813,-3.2937278747558594,0,117.31581115722656
1.4100199937820435,0.00000000040973532899890586,0.00000005072328335131715,0.0000007415500249408069,0.011627820320427418,0.0000014974400528444676,-0.038759682327508926,0,459.8885803222656,-1.9162031412124634,0,121.09469604492188
1.4100250005722046,0.00000000041344289103406595,0.00000010924672011469738,0.0000007415110303554684,0.011704687960445881,0.0000013023604878981132,-0.03901590779423714,0,120.74348449707031,-0.5030984282493591,0,122.2045669555664
1.4100300073623657,0.00000000041715120246976767,0.00000016706782446362922,0.0000007416645075863926,0.011564222164452076,0.00000110962207600096,-0.03854769095778465,0,-220.64358520507813,0.9193479418754578,0,119.74613952636719
1.4100350141525269,0.00000000042086248375206026,0.0000002231129769825202,0.0000007422579528792994,0.011209030635654926,0.0000009228034514308092,-0.03736371919512749,0,-557.9337768554688,2.324723720550537,0,119.04762268066406
1.410040020942688,0.0000000004245800655500176,0.0000002763415238860034,0.0000007435147608703119,0.010645709000527859,0.0000007453735406670603,-0.03548597916960716,0,-884.8641967773438,3.686933755874634,0,118.73664093017578
1.4100449085235596,0.00000000042830816671113325,0.0000003257651144394913,0.0000007456177399944863,0.009884716011583805,0.000000580626874580048,-0.03294933959841728,0,-1195.3643798828125,4.980685234069824,0,121.65450286865234
1.4100499153137207,0.00000000043205164446113997,0.00000037046604006718553,0.0000007486946742574219,0.00894018355756998,0.0000004316223964906385,-0.029800895601511,0,-1483.6689453125,6.181954383850098,0,118.28720092773438
1.4100549221038818,0.00000000043581568909267787,0.0000004096142731668806,0.0000007528087735408917,0.007829648442566395,0.0000003011268461250438,-0.026099111884832382,0,-1744.4246826171875,7.268436908721924,0,120.5254898071289
1.410059928894043,0.00000000043960546314281146,0.0000004424829285198939,0.0000007579532166346326,0.006573731079697609,0.0000001915632452664795,-0.021912720054388046,0,-1972.789794921875,8.219958305358887,0,121.37395477294922
1.410064935684204,0.000000000443425712814971,0.00000046846167833791696,0.000000764050582802156,0.005195752717554569,0.00000010496597013798237,-0.017319455742836,0,-2164.52392578125,9.018850326538086,0,118.70845031738281
1.4100699424743652,0.0000000004472804904231964,0.0000004870681777902064,0.0000007709578540016082,0.003721298649907112,0.000000042942922107158665,-0.012404609471559525,0,-2316.067138671875,9.650279998779297,0,102.10332489013672
1.4100749492645264,0.00000000045117287683638096,0.0000004979569325769262,0.0000007784759645801387,0.002177746966481209,0.000000006645741734701005,-0.007259436417371035,0,-2424.60546875,10.102522850036621,0,146.4128875732422
1.4100799560546875,0.00000000045510470392251534,0.0000005009257506571885,0.0000007863635573812644,0.0005937583628110588,-0.0000000032516300763063555,-0.0019794744439423084,0,-2488.12353515625,10.367181777954102,0,120.87513732910156
1.4100849628448486,0.0000000004590764712819606,0.0000004959194939146983,0.0000007943533546495019,-0.001001255470328033,0.000000013434560131031503,0.003337237983942032,0,-2505.44189453125,10.43934154510498,0,119.78916931152344
1.4100899696350098,0.0000000004630873184918727,0.0000004830311013392929,0.0000008021711437322665,-0.0025776783004403114,0.000000056394462433217996,0.008591980673372746,0,-2476.239013671875,10.317663192749023,0,117.35711669921875
1.410094976425171,0.0000000004671351083729292,0.000000462499912146086,0.0000008095545354080969,-0.004106238950043917,0.00000012483036471166997,0.013687181286513805,0,-2401.05712890625,10.00440502166748,0,97.38046264648438
1.410099983215332,0.0000000004712164547449049,0.0000004347071467236674,0.0000008162714948412031,-0.005558554548770189,0.00000021747152345596987,0.018528234213590622,0,-2281.292236328125,9.505385398864746,0,160.8234100341797
1.4101049900054932,0.0000000004753271110047308,0.000000400168858050165,0.0000008221361440519104,-0.006907659117132425,0.0000003325977786516887,0.02302524819970131,0,-2119.16796875,8.829867362976074,0,119.38873291015625
1.4101099967956543,0.0000000004794621921710984,0.00000035952635357716645,0.0000008270216085293214,-0.00812850147485733,0.00000046807139142401866,0.027094721794128418,0,-1917.6949462890625,7.990396022796631,0,118.32919311523438
1.4101150035858154,0.0000000004836165357069433,0.0000003135342865334678,0.0000008308682026836323,-0.009198414161801338,0.0000006213768415364029,0.030661094933748245,0,-1680.614013671875,7.002558708190918,0,117.74402618408203
1.4101200103759766,0.0000000004877849790752009,0.00000026304664402232447,0.0000008336871815117775,-0.010097529739141464,0.0000007896675811025489,0.03365814685821533,0,-1412.3272705078125,5.884697914123535,0,124.3935775756836
1.4101250171661377,0.0000000004919627483168654,0.00000020900087349673413,0.0000008355590352948639,-0.010809153318405151,0.0000009698187568574212,0.036030225455760956,0,-1117.81640625,4.65756893157959,0,118.39923858642578
1.4101300239562988,0.0000000004961459021401993,0.00000015240050288412021,0.000000836626895761583,-0.011320073157548904,0.0000011584852472878993,0.0377332866191864,0,-802.5498046875,3.3439576625823975,0,121.65450286865234
1.4101349115371704,0.0000000005003313319207336,0.00000009429649594494549,0.0000008370851674044388,-0.011620800942182541,0.0000013521637356461724,0.038735710084438324,0,-472.3813781738281,1.9682552814483643,0,119.26058197021484
1.4101399183273315,0.0000000005045171502793266,0.00000003576773366376074,0.0000008371653166250326,-0.011705752462148666,0.0000015472581935682683,0.03901888430118561,0,-133.4417266845703,0.5560064911842346,0,116.07660675048828
1.4101449251174927,0.0000000005087027465933147,-0.00000002209902305594369,0.0000008371179092137027,-0.011573351919651031,0.0000017401459899701877,0.038577549159526825,0,207.97569274902344,-0.8665663003921509,0,126.53422546386719
1.4101499319076538,0.0000000005128887314853614,-0.00000007822930570000608,0.0000008371946478291648,-0.011226056143641472,0.000001927245421029511,0.037419892847537994,0,545.5314331054688,-2.2730488777160645,0,119.46003723144531
1.410154938697815,0.0000000005170768813123061,-0.0000001315808759727588,0.0000008376293862966122,-0.010670313611626625,0.0000021050825580459787,0.03556741774082184,0,872.9577026367188,-3.6373250484466553,0,119.63153839111328
1.410159945487976,0.0000000005212699716317104,-0.0000001811631022974325,0.0000008386213039557333,-0.00991644524037838,0.000002270355253131129,0.033054523169994354,0,1184.1748046875,-4.93406343460083,0,118.72254180908203
1.4101649522781372,0.0000000005254715551572531,-0.00000022605533445130277,0.0000008403205811191583,-0.008978446945548058,0.000002419994643787504,0.02992786280810833,0,1473.404052734375,-6.139185905456543,0,121.75818634033203
1.4101699590682983,0.0000000005296856286918228,-0.00000026542400632934005,0.0000008428178261965513,-0.007873736321926117,0.0000025512222237011883,0.026245495304465294,0,1735.2750244140625,-7.230315208435059,0,120.46741485595703
1.4101749658584595,0.0000000005339163000606106,-0.00000029853813998670375,0.0000008461380502922111,-0.006622825749218464,0.0000026616012291924562,0.022075792774558067,0,1964.92529296875,-8.187191009521484,0,120.06243133544922
1.4101799726486206,0.0000000005381675105553541,-0.00000032478286016157654,0.0000008502396440235316,-0.0052489424124360085,0.0000027490821139508625,0.017496181651949883,0,2158.090576171875,-8.992046356201172,0,119.18951416015625
1.4101849794387817,0.0000000005424425908451269,-0.0000003436708482240647,0.000000855018356560322,-0.003777596866711974,0.000002812040520439041,0.012591695412993431,0,2311.184326171875,-9.629938125610352,0,118.89192962646484
1.4101899862289429,0.0000000005467441499540371,-0.000000354851380279797,0.0000008603160495113116,-0.0022361089941114187,0.0000028493075205915375,0.007453400641679764,0,2421.36376953125,-10.089019775390625,0,89.8714828491211
1.410194993019104,0.0000000005510737977054703,-0.0000003581168925848033,0.0000008659334298499743,-0.000653100898489356,0.0000028601909889403032,0.0021767050493508577,0,2486.583251953125,-10.360767364501953,0,181.58706665039063
1.4101999998092651,0.0000000005554320336997876,-0.000000353406733211159,0.0000008716458523849724,0.0009420335991308093,0.0000028444890176615445,-0.003140412038192153,0,2505.631591796875,-10.440135955810547,0,120.55455017089844
1.4102050065994263,0.0000000005598181362920229,-0.00000034080835575878154,0.0000008772213959673536,0.0025196762289851904,0.000002802492872433504,-0.00839922297745943,0,2478.1552734375,-10.325651168823242,0,119.3602294921875
1.4102100133895874,0.000000000564230329125337,-0.00000032055569931799255,0.000000882438712324074,0.0040505328215658665,0.0000027349824449629523,-0.013502080924808979,0,2404.664306640625,-10.019438743591309,0,117.59172058105469
1.4102150201797485,0.0000000005686658366421682,-0.0000002930248115262657,0.00000088710487489152,0.005506178829818964,0.0000026432112463226076,-0.01835423707962036,0,2286.5234375,-9.527185440063477,0,95.89566802978516
1.4102199077606201,0.0000000005731212171511402,-0.00000025872688524941623,0.0000008910707265386009,0.006859585177153349,0.0000025288832148362417,-0.022865593433380127,0,2125.92626953125,-8.858030319213867,0,165.59033203125
1.4102249145507813,0.0000000005775924183382131,-0.0000002182987657306512,0.0000008942428166847094,0.008085622452199459,0.000002394121338511468,-0.026952385902404785,0,1925.8546142578125,-8.024397850036621,0,119.56002044677734
1.4102299213409424,0.000000000582075387889347,-0.0000001724911413703012,0.0000008965914730652003,0.009161525405943394,0.0000022414276372728636,-0.030538730323314667,0,1690.0235595703125,-7.041768550872803,0,120.42388916015625
1.4102349281311035,0.0000000005865661845128045,-0.00000012215457445563516,0.0000008981538712760084,0.010067314840853214,0.000002073637460853206,-0.03355803340673447,0,1422.81201171875,-5.928386688232422,0,105.92098236083984
1.4102399349212646,0.0000000005910613665172093,-0.00000006822369869041722,0.0000008990319884105702,0.010786174796521664,0.0000018938662833534181,-0.03595422953367233,0,1129.181640625,-4.704926490783691,0,138.19790649414063
1.4102449417114258,0.0000000005955582693673023,-0.000000011699921032004568,0.0000008993857818495599,0.011304755695164204,0.000001705452177702682,-0.03768283128738403,0,814.5845336914063,-3.3941049575805664,0,120.16342163085938
1.410249948501587,0.0000000006000553942620002,0.000000046367215844611565,0.0000008994219342639553,0.01161342766135931,0.0000015118935152713675,-0.03871174156665802,0,484.86212158203125,-2.020261287689209,0,119.48858642578125
1.410254955291748,0.0000000006045522971120931,0.00000010489952018133408,0.0000008993788469524588,0.011706461198627949,0.0000013167842780603678,-0.03902185708284378,0,146.13677978515625,-0.6089054942131042,0,119.37448120117188
1.4102599620819092,0.0000000006090498660960009,0.0000001628101529149717,0.0000008995092457553255,0.011582127772271633,0.00000112374721084052,-0.038607411086559296,0,-195.30206298828125,0.8137564063072205,0,122.80486297607422
1.4102649688720703,0.0000000006135501551263189,0.00000021902383195993025,0.0000009000617637866526,0.01124273706227541,0.00000093636668907493,-0.037476107478141785,0,-533.114501953125,2.221308469772339,0,118.21728515625
1.4102699756622314,0.00000000061805643936097,0.0000002724967771428055,0.0000009012622967929929,0.010694590397179127,0.0000007581219279018114,-0.035648949444293976,0,-861.028076171875,3.5876150131225586,0,119.70313262939453
1.4102749824523926,0.0000000006225729376474476,0.00000032223610446635575,0.0000009032970638145343,0.009947865270078182,0.0000005923225785409159,-0.03315986692905426,0,-1172.9539794921875,4.887306213378906,0,119.66016387939453
1.4102799892425537,0.0000000006271044239447576,0.00000036731825048264,0.0000009062985100172227,0.009016427211463451,0.0000004420472237143258,-0.03005507029592991,0,-1463.1004638671875,6.096250534057617,0,117.068603515625
1.4102849960327148,0.0000000006316561163011158,0.00000040690611058380455,0.000000910334847503691,0.007917570881545544,0.0000003100861363236618,-0.026392215862870216,0,-1726.0799560546875,7.1919989585876465,0,95.01187896728516
1.410290002822876,0.0000000006362331217424355,0.00000044026461409885087,0.0000009154043709713733,0.006671699695289135,0.0000001988895661497736,-0.022239314392209053,0,-1957.009521484375,8.154205322265625,0,170.61935424804688
1.410295009613037,0.0000000006408402697388738,0.00000046677433829245274,0.0000009214348892783164,0.005301947705447674,0.00000011052218695795091,-0.017673475667834282,0,-2151.60107421875,8.965003967285156,0,119.41724395751953
1.4103000164031982,0.0000000006454817236267729,0.0000004859430760006944,0.0000009282880455430131,0.003833748633041978,0.00000004662479113903828,-0.0127794798463583,0,-2306.24169921875,9.609339714050293,0,120.19230651855469
1.4103050231933594,0.0000000006501605920306019,0.0000004974148737346695,0.0000009357685257782578,0.002294363919645548,0.000000008383803873357465,-0.0076481979340314865,0,-2418.059814453125,10.075247764587402,0,118.962646484375
1.410309910774231,0.0000000006548787623295027,0.0000005009767392039066,0.0000009436375876248349,0.0007123769610188901,-0.0000000034907436941011838,-0.002374909585341811,0,-2484.979248046875,10.35407829284668,0,93.68559265136719
1.410314917564392,0.00000000065963690065729,0.0000004965625635122706,0.0000009516292038824758,-0.000882837688550353,0.000000011221611195821879,0.0029424710664898157,0,-2505.75732421875,10.440652847290039,0,169.06170654296875
1.4103199243545532,0.0000000006644342298578465,0.0000004842542580263398,0.0000009594690482117585,-0.0024616599548608065,0.000000052247663973048475,0.008205210790038109,0,-2480.00830078125,10.333365440368652,0,120.61270904541016
1.4103249311447144,0.0000000006692686960185767,0.00000046428039013335365,0.000000966893253462331,-0.0039947740733623505,0.00000011882561068432551,0.013315590098500252,0,-2408.210205078125,10.034207344055176,0,119.48858642578125
1.4103299379348755,0.0000000006741370239815581,0.0000004370118347196694,0.0000009736667152537848,-0.005453713238239288,0.00000020971918957002345,0.01817871816456318,0,-2291.6962890625,9.54873275756836,0,117.37089538574219
1.4103349447250366,0.0000000006790350504104481,0.00000040295489611708035,0.0000009795998039408005,-0.006811387836933136,0.0000003232406697861734,0.022704297676682472,0,-2132.630126953125,8.885956764221191,0,95.9969253540039
1.4103399515151978,0.0000000006839578348127873,0.0000003627419573604129,0.0000009845610975389718,-0.008042587898671627,0.00000045728216946372413,0.026808297261595726,0,-1933.965087890625,8.058185577392578,0,162.46954345703125
1.4103449583053589,0.0000000006889002701626623,0.0000003171196851781133,0.000000988485567177122,-0.00912445317953825,0.0000006093547426644363,0.030414512380957603,0,-1699.3900146484375,7.080789566040039,0,121.35922241210938
1.41034996509552,0.0000000006938571384118575,0.00000026693521704146406,0.0000009913791245708126,-0.010036895982921124,0.0000007766346357129805,0.0334559828042984,0,-1433.260498046875,5.971916198730469,0,120.2501220703125
1.4103549718856812,0.0000000006988237211125181,0.00000021312035869414103,0.0000009933172577802907,-0.010762971825897694,0.0000009560158105159644,0.035876236855983734,0,-1140.5181884765625,4.7521562576293945,0,113.43013000488281
1.4103599786758423,0.0000000007037959104394531,0.00000015667436059629836,0.0000009944386647475767,-0.011289200745522976,0.000001144167526945239,0.03763033449649811,0,-826.5986328125,3.444157838821411,0,117.09601593017578
1.4103649854660034,0.0000000007087705977681935,0.00000009864530170489161,0.0000009949347941073938,-0.011605811305344105,0.0000013375960179473623,0.03868570178747177,0,-497.3307189941406,2.0722081661224365,0,131.04441833496094
1.4103699922561646,0.000000000713745784697295,0.00000004011067744613683,0.0000009950346111509134,-0.011706924997270107,0.0000015327096889450331,0.039022743701934814,0,-158.8282928466797,0.6617812514305115,0,119.33174133300781
1.4103749990463257,0.0000000007187207495817916,-0.000000017842641142351567,0.0000009949879995474475,-0.011590664274990559,0.0000017258856814805767,0.03863520175218582,0,182.62327575683594,-0.7609335780143738,0,119.37448120117188
1.4103800058364868,0.0000000007236959920220443,-0.00000007413856906168803,0.0000009950471167030628,-0.011259186081588268,0.0000019135370621370384,0.03753027319908142,0,520.6838989257813,-2.1695196628570557,0,120.64181518554688
1.410385012626648,0.0000000007286732328637413,-0.00000012773179491887277,0.0000009954479764928692,-0.010718646459281445,0.0000020921793293382507,0.03572847694158554,0,849.0763549804688,-3.5378217697143555,0,99.74067687988281
1.410390019416809,0.000000000733655192153293,-0.00000017762721427061479,0.0000009963927141143358,-0.009979083202779293,0.0000022584956695936853,0.03326326608657837,0,1161.703125,-4.840433120727539,0,150.6931915283203
1.4103949069976807,0.0000000007386453670932269,-0.0000002228983504437565,0.0000009980354889194132,-0.009054227732121944,0.000002409397666269797,0.030180415138602257,0,1452.75927734375,-6.053167343139648,0,120.1056900024414
1.4103999137878418,0.0000000007436476989752805,-0.000000262704617171039,0.0000010004717978517874,-0.007961253635585308,0.0000025420833935640985,0.02653716318309307,0,1716.8404541015625,-7.153505802154541,0,119.01927947998047
1.410404920578003,0.000000000748666351135796,-0.0000002963068936878699,0.0000010037314268629416,-0.006720454432070255,0.0000026540892577031627,0.02240116335451603,0,1949.043212890625,-8.121017456054688,0,116.197998046875
1.410409927368164,0.000000000753705264866511,-0.0000003230812239962688,0.0000010077777687911293,-0.005354869179427624,0.000002743335244304035,0.017849210649728775,0,2145.05615234375,-8.937738418579102,0,102.33319854736328
1.4104149341583252,0.0000000007587678263476505,-0.0000003425304839765886,0.0000010125110065928311,-0.0038898547645658255,0.00000280816448139376,0.01296582818031311,0,2301.239501953125,-9.5885009765625,0,142.69406127929688
1.4104199409484863,0.0000000007638567001144736,-0.00000035429354738880647,0.0000010177765261687455,-0.002352613490074873,0.0000028473730253608664,0.007841689512133598,0,2414.693115234375,-10.061223983764648,0,127.17792510986328
1.4104249477386475,0.0000000007689736070126685,-0.00000035815199339594983,0.000001023377649289614,-0.0007716889958828688,0.0000028602328256965848,0.002571939490735531,0,2483.310546875,-10.34713077545166,0,118.962646484375
1.4104299545288086,0.0000000007741190466425962,-0.0000003540341708685446,0.0000010290910950061516,0.0008235640125349164,0.000002846504912668024,-0.0027455720119178295,0,2505.817626953125,-10.440910339355469,0,118.21728515625
1.4104349613189697,0.0000000007792924638927445,-0.0000003420165342049586,0.0000010346847147957305,0.0024035247042775154,0.000002806444399539032,-0.008012109436094761,0,2481.796630859375,-10.340822219848633,0,120.61270904541016
1.4104399681091309,0.0000000007844921379174252,-0.0000003223222506676393,0.000001039935909830092,0.0039388565346598625,0.000002740795025601983,-0.013129882514476776,0,2411.693359375,-10.048725128173828,0,122.39901733398438
1.410444974899292,0.0000000007897154041813792,-0.00000029531699397011835,0.0000010446489113746793,0.0054010506719350815,0.0000026507757411309285,-0.018003864213824272,0,2296.8095703125,-9.570042610168457,0,120.46741485595703
1.4104499816894531,0.0000000007949587654820789,-0.0000002615022083318763,0.0000010486709243195946,0.0067629581317305565,0.0000025380579700140515,-0.02254355512559414,0,2139.278564453125,-8.913662910461426,0,116.67250061035156
1.4104549884796143,0.0000000008002182805277869,-0.00000022150575773594028,0.000001051903950610722,0.007999289780855179,0.000002404734686933807,-0.02666466124355793,0,1942.025146484375,-8.091774940490723,0,123.21340942382813
1.4104599952697754,0.000000000805489841493312,-0.0000001760703156605814,0.0000010543134294493939,0.009087089449167252,0.0000022532813090947457,-0.03029066137969494,0,1708.7120361328125,-7.119636535644531,0,120.86052703857422
1.4104650020599365,0.000000000810769507086917,-0.00000012603952370682237,0.0000010559316478975234,0.010006159543991089,0.0000020865102214884246,-0.03335423022508621,0,1443.6715087890625,-6.015300273895264,0,119.2463607788086
1.4104700088500977,0.0000000008160537801060741,-0.00000007234235255282329,0.0000010568559218882,0.010739434510469437,0.0000019075177988270298,-0.03579848259687424,0,1151.82470703125,-4.799272537231445,0,119.3602294921875
1.4104750156402588,0.0000000008213399960155243,-0.000000015975860634398487,0.0000010572422297627782,0.011273298412561417,0.0000017196276758113527,-0.0375780314207077,0,838.5907592773438,-3.4941303730010986,0,117.37089538574219
1.41048002243042,0.0000000008266264894807307,0.00000004201332970410476,0.0000010572940709607792,0.011597838252782822,0.0000015263285604305565,-0.03865983337163925,0,509.7857360839844,-2.1241095066070557,0,121.65450286865234
1.4104849100112915,0.0000000008319127053901809,0.00000010054846910634296,0.0000010572481414783397,0.01170702837407589,0.0000013312095461515128,-0.03902380168437958,0,171.51499938964844,-0.7146480083465576,0,122.23444366455078
1.4104899168014526,0.0000000008371994764111435,0.00000015854266166570596,0.0000010573568260952015,0.011598840355873108,0.0000011378936051187338,-0.03866317868232727,0,-169.9404296875,0.7080832719802856,0,119.60292053222656
1.4104949235916138,0.0000000008424888009450626,0.000000214919083418863,0.0000010578697811070015,0.011275283992290497,0.000000949970285546442,-0.037584662437438965,0,-508.24041748046875,2.117666482925415,0,118.53958892822266
1.410499930381775,0.0000000008477838986387098,0.0000002686309130695008,0.000001059015062310209,0.010742368176579475,0.0000007709289207014081,-0.035808272659778595,0,-837.1033325195313,3.487928867340088,0,120.48192596435547
1.410504937171936,0.000000000853088821806125,0.0000003186808328337065,0.0000010609825267238193,0.01000998541712761,0.0000006040939410922874,-0.03336700052022934,0,-1150.4228515625,4.793426513671875,0,120.3948974609375
1.4105099439620972,0.000000000858408344406314,0.00000036413950965652475,0.0000010639088259267737,0.009091736748814583,0.0000004525630856733187,-0.030306175351142883,0,-1442.3812255859375,6.009920120239258,0,120.06243133544922
1.4105149507522583,0.0000000008637476844874925,0.0000004041628756112914,0.000001067867174242565,0.008004672825336456,0.00000031914996156956477,-0.026682626456022263,0,-1707.557373046875,7.114820957183838,0,118.9343490600586
1.4105199575424194,0.0000000008691120045867251,0.0000004380077598398202,0.0000010728614370236755,0.006768976338207722,0.00000020633176234241546,-0.022563640028238297,0,-1941.0274658203125,8.087614059448242,0,118.73664093017578
1.4105249643325806,0.0000000008745061341741689,0.00000046504572992489557,0.0000010788243116621743,0.005407592281699181,0.00000011620328166372929,-0.018025696277618408,0,-2138.45654296875,8.910233497619629,0,118.80717468261719
1.4105299711227417,0.0000000008799342365861662,0.0000004847747163694294,0.000001085622329810576,0.003945799544453621,0.00000005043800399562315,-0.013153055682778358,0,-2296.178466796875,9.56740951538086,0,105.2964096069336
1.4105349779129028,0.0000000008853995314694885,0.0000004968284201822826,0.0000010930638154604821,0.002410740591585636,0.000000010257032556637569,-0.008036194369196892,0,-2411.264892578125,10.046935081481934,0,145.09576416015625
1.410539984703064,0.0000000008909040727367312,0.0000005009829919799813,0.0000011009127547367825,0.000830918550491333,-0.000000003593577879712484,-0.002770122140645981,0,-2481.57861328125,10.339908599853516,0,119.76048278808594
1.410544991493225,0.0000000008964485820328605,0.0000004971613520865503,0.0000011089047120549367,-0.0007643322460353374,0.000000009143317214466151,0.0025473791174590588,0,-2505.814208984375,10.440889358520508,0,118.86366271972656
1.4105499982833862,0.0000000009020323932240615,0.000000485434384245309,0.0000011167650200150092,-0.0023453913163393736,0.00000004823118970875839,0.00781757477670908,0,-2483.521728515625,10.348005294799805,0,113.58473205566406
1.4105550050735474,0.0000000009076535634200411,0.00000046601988401562267,0.0000011242285609114333,-0.003882901044562459,0.00000011294422108676372,0.012942606583237648,0,-2415.114990234375,10.062976837158203,0,108.15487670898438
1.4105600118637085,0.000000000913308872974028,0.000000439278323938197,0.0000011310577292533708,-0.005348313134163618,0.0000002020807841063288,0.017827313393354416,0,-2301.8642578125,9.591099739074707,0,145.2432861328125
1.4105650186538696,0.0000000009189941585496797,0.0000004057062312767812,0.000001137058802669344,-0.006714418064802885,0.00000031398573696606036,0.022380992770195007,0,-2145.872314453125,8.941131591796875,0,118.83541107177734
1.4105699062347412,0.0000000009247046461879904,0.0000003659269793843123,0.000001142095356954087,-0.007955849170684814,0.000000446581196911211,0.02651909366250038,0,-1950.03564453125,8.125144958496094,0,119.60292053222656
1.4105749130249023,0.0000000009304351178407444,0.00000032067919164546765,0.0000011460975883892388,-0.009049555286765099,0.0000005974051191515173,0.03016478195786476,0,-1717.9906005859375,7.158291339874268,0,120.93360900878906
1.4105799198150635,0.0000000009361804664820284,0.00000027080304221271945,0.0000011490659517221502,-0.009975230321288109,0.000000763656885283126,0.0332503579556942,0,-1454.0457763671875,6.058520317077637,0,114.4295654296875
1.4105849266052246,0.0000000009419358626416852,0.00000021722462406614795,0.000001151071160165884,-0.010715683922171593,0.0000009422495850230916,0.035718534141778946,0,-1163.10205078125,4.846254825592041,0,126.39029693603516
1.4105899333953857,0.0000000009476971429833725,0.0000001609387823009456,0.000001152247364188952,-0.011257167905569077,0.0000011298669733150746,0.037523481994867325,0,-850.5618286132813,3.544003486633301,0,121.25621795654297
1.4105949401855469,0.000000000953461087860319,0.00000010299064001628722,0.0000011527823744472698,-0.01158962957561016,0.0000013230253443907714,0.038631681352853775,0,-522.228271484375,2.1759469509124756,0,115.52680206298828
1.410599946975708,0.0000000009592255878487776,0.00000004445616852422063,0.0000011529031098689302,-0.011706894263625145,0.0000015181381058937404,0.03902256116271019,0,-184.19793701171875,0.7674869298934937,0,103.78826904296875
1.4106049537658691,0.0000000009649898657926315,-0.000000013577754032212397,0.0000011528585446285433,-0.011606784537434578,0.000001711582399366307,0.03868885710835457,0,157.25262451171875,-0.6552237868309021,0,148.61048889160156
1.4106099605560303,0.0000000009707543657810902,-0.0000000700335505143812,0.0000011529012908795266,-0.011291159316897392,0.000001899766175483819,0.03763676807284355,0,495.7833251953125,-2.0657684803009033,0,118.94849395751953
1.4106149673461914,0.0000000009765207531486908,-0.00000012386294656607788,0.0000011532691814863938,-0.010765878483653069,0.0000020791953829757404,0.035885829478502274,0,825.1082763671875,-3.437955856323242,0,119.47431182861328
1.4106199741363525,0.00000000098229158140839,-0.00000017406642882633605,0.0000011541673075043946,-0.01004069671034813,0.0000022465380880021257,0.03346855565905571,0,1139.112548828125,-4.746307373046875,0,119.78916931152344
1.4106249809265137,0.0000000009880704032738663,-0.00000021971182206925732,0.0000011557541483853129,-0.009129079058766365,0.0000023986872292880435,0.03042982891201973,0,1431.9656982421875,-5.966528415679932,0,104.0799331665039
1.4106299877166748,0.0000000009938611045257062,-0.00000025995157670877234,0.0000011581295211726683,-0.008047951385378838,0.0000025328176889161114,0.026826072484254837,0,1698.22998046875,-7.075963020324707,0,144.75970458984375
1.410634994506836,0.0000000009996677929891007,-0.0000002940385286365199,0.0000011613284414124792,-0.006817390210926533,0.000002646438588271849,0.022724200040102005,0,1932.9613037109375,-8.054010391235352,0,118.86366271972656
1.410640001296997,0.000000001005494354444636,-0.00000032133974059433967,0.0000011653190767901833,-0.005460243672132492,0.0000027374403543944936,0.018200375139713287,0,2131.80126953125,-8.882511138916016,0,119.11852264404297
1.4106450080871582,0.0000000010113443416059908,-0.00000034134828297283093,0.0000011700059303620947,-0.0040017105638980865,0.000002804133373501827,0.013338596560060978,0,2291.057861328125,-9.546079635620117,0,117.82726287841797
1.4106500148773193,0.0000000010172205300307269,-0.00000035369265560802887,0.0000011752382533813943,-0.0024688742123544216,0.0000028452791411837097,0.008229139260947704,0,2407.77392578125,-10.03239631652832,0,102.2494888305664
1.4106550216674805,0.000000001023124585053381,-0.0000003581436374133773,0.0000011808218687292538,-0.0008901958353817463,0.000002860113454516977,0.002966875210404396,0,2479.7822265625,-10.33243179321289,0,135.3179931640625
1.410659909248352,0.0000000010290572838300704,-0.0000003546185780578526,0.0000011865350870721159,0.0007050113053992391,0.0000028483609639806673,-0.002350484486669302,0,2505.74560546875,-10.440611839294434,0,132.87271118164063
1.4106649160385132,0.0000000010350179602269804,-0.00000034318293273827294,0.0000011921455325136776,0.002287127310410142,0.000002810239948303206,-0.007624207530170679,0,2485.18212890625,-10.354930877685547,0,118.13349151611328
1.4106699228286743,0.0000000010410050599318765,-0.00000032404906846750237,0.0000011974292419836274,0.0038267753552645445,0.000002746457994362572,-0.012756370939314365,0,2418.4736328125,-10.07697868347168,0,117.3846664428711
1.4106749296188354,0.000000001047016029431802,-0.0000002975722281917115,0.0000012021881730106543,0.005295366980135441,0.00000265819949163415,-0.01765168085694313,0,2306.85888671875,-9.611917495727539,0,124.48649597167969
1.4106799364089966,0.0000000010530473160130782,-0.0000002642440506406274,0.0000012062656651323778,0.006665633991360664,0.000002547103349570534,-0.02221924066543579,0,2152.41015625,-8.96838092803955,0,120.06243133544922
1.4106849431991577,0.0000000010590951449174213,-0.00000022468339011538774,0.0000012095594001948484,0.007912132889032364,0.0000024152320747816702,-0.02637423947453499,0,1957.9952392578125,-8.158318519592285,0,118.86366271972656
1.4106899499893188,0.0000000010651552972973377,-0.0000001796248056962213,0.0000012120300425522146,0.009011717513203621,0.0000022650344817520818,-0.030039526522159576,0,1727.22412109375,-7.19677209854126,0,120.43839263916016
1.41069495677948,0.0000000010712237763499388,-0.00000012990494724363089,0.000001213704649671854,0.009943971410393715,0.00000209929930861108,-0.033147044479846954,0,1464.3817138671875,-6.101595401763916,0,119.3175048828125
1.4106999635696411,0.0000000010772971403838483,-0.00000007644702293418959,0.000001214675762639672,0.010691585019230843,0.0000019211038306821138,-0.035639092326164246,0,1174.3486328125,-4.893124103546143,0,121.62490844726563
1.4107049703598022,0.0000000010833726138415045,-0.00000002024364320618588,0.0000012150954944445402,0.011240676045417786,0.0000017337569033770706,-0.037469394505023956,0,862.5101318359375,-3.593796491622925,0,119.58861541748047
1.4107099771499634,0.0000000010894484203660681,0.000000037661596508087314,0.0000012151643886681995,0.011581048369407654,0.0000015407370028697187,-0.038603976368904114,0,534.656494140625,-2.2277395725250244,0,119.77482604980469
1.4107149839401245,0.0000000010955240048460269,0.00000009619351715173252,0.0000012151170949437073,0.011706383898854256,0.0000013456282204060699,-0.03902176022529602,0,196.87530517578125,-0.8203179240226746,0,111.53245544433594
1.4107199907302856,0.0000000011016000334151954,0.00000015426527966155845,0.0000012152055433034548,0.011614352464675903,0.0000011520533007569611,-0.03871499001979828,0,-144.56146240234375,0.6023355722427368,0,130.0390167236328
1.4107249975204468,0.0000000011076783934527157,0.00000021079860346162604,0.0000012156802995377802,0.01130666583776474,0.0000009636064532969613,-0.037689365446567535,0,-483.31402587890625,2.0138049125671387,0,119.87532806396484
1.410730004310608,0.000000001113762304605359,0.0000002647437895575422,0.0000012167714658062323,0.010789034888148308,0.0000007837867883608851,-0.03596393018960953,0,-813.0923461914063,3.3878815174102783,0,120.5109634399414
1.410735011100769,0.0000000011198556526537118,0.00000031509915743299644,0.0000012186723097329377,0.010071072727441788,0.0000006159331746857788,-0.03357072174549103,0,-1127.7730712890625,4.699051856994629,0,118.53958892822266
1.4107400178909302,0.0000000011259633225790822,0.0000003609297039020021,0.0000012215238029966713,0.009166108444333076,0.00000046316228008436156,-0.03055417723953724,0,-1421.5133056640625,5.922969818115234,0,119.81787872314453
1.4107449054718018,0.000000001132090310385081,0.00000040138442614079395,0.000001225404389515461,0.008090946823358536,0.00000032831073326633486,-0.026970310136675835,0,-1688.8587646484375,7.0369086265563965,0,119.81787872314453
1.410749912261963,0.0000000011382419451422265,0.00000043571219521254534,0.000001230322936862649,0.006865552626550198,0.00000021388241577824374,-0.02288566343486309,0,-1924.8453369140625,8.020186424255371,0,120.86052703857422
1.410754919052124,0.0000000011444230008095246,0.00000046327556901815115,0.0000012362175993985147,0.0055126771330833435,0.00000012200200671941275,-0.018376080319285393,0,-2125.09130859375,8.854544639587402,0,120.6563720703125
1.4107599258422852,0.0000000011506378072567713,0.0000004835627578358981,0.000001242959456249082,0.004057441838085651,0.00000005437551919840189,-0.013525297865271568,0,-2285.87841796875,9.524490356445313,0,118.31519317626953
1.4107649326324463,0.000000001156889584130738,0.0000004961971171724144,0.0000012503606967584346,0.00252686720341444,0.000000012258599468850662,-0.00842338427901268,0,-2404.22119140625,10.017584800720215,0,118.39923858642578
1.4107699394226074,0.000000001163180551877474,0.0000005009439973946428,0.0000012581882629092433,0.0009493730030953884,-0.0000000035667593323296387,-0.0031650718301534653,0,-2477.922119140625,10.32467269897461,0,123.94645690917969
1.4107749462127686,0.0000000011695114876530965,0.00000049771523435993,0.0000012661788559853449,-0.0006457496201619506,0.00000000719325043974095,0.002152001950889826,0,-2505.61279296875,10.44005012512207,0,119.46003723144531
1.4107799530029297,0.0000000011758817253237908,0.0000004865707978751743,0.0000012740582633341546,-0.00222888239659369,0.0000000443387975224141,0.007429109420627356,0,-2486.779052734375,10.361576080322266,0,119.77482604980469
1.4107849597930908,0.0000000011822894885327173,0.00000046771765482844785,0.0000012815600030080532,-0.0037706291768699884,0.00000010718011367316649,0.012568263337016106,0,-2421.7705078125,10.090706825256348,0,118.8212890625
1.410789966583252,0.0000000011887316686554072,0.0000004415058469930955,0.0000012884435136584216,-0.005242363084107637,0.00000019455032429505081,0.017474042251706123,0,-2311.79443359375,9.63247299194336,0,118.07769775390625
1.410794973373413,0.000000001195204268888972,0.00000040842206772140344,0.0000012945114349349751,-0.006616756785660982,0.00000030482709689749754,0.022055352106690407,0,-2158.892822265625,8.995383262634277,0,116.64527893066406
1.4107999801635742,0.000000001201702404252103,0.0000003690806238410005,0.0000012996230225326144,-0.00786829087883234,0.0000004359627610028838,0.026227129623293877,0,-1965.9046630859375,8.191266059875488,0,126.82308197021484
1.4108049869537354,0.000000001208220967718887,0.00000032421201012766687,0.0000013037030157647678,-0.008973726071417332,0.0000005855223434991785,0.029911911115050316,0,-1736.4134521484375,7.235053062438965,0,119.2890396118164
1.4108099937438965,0.0000000012147547412411086,0.0000002746493237282266,0.0000013067466397842509,-0.009912536479532719,0.000000750728759157937,0.03304127976298332,0,-1474.680419921875,6.144498825073242,0,117.426025390625
1.4108150005340576,0.0000000012212988398374591,0.00000022131285959403613,0.0000013088196055832668,-0.010667291469871998,0.0000009285143960369169,0.03555712476372719,0,-1185.5654296875,4.939852714538574,0,122.98609924316406
1.4108200073242188,0.000000001227849044660445,0.00000016519298640105262,0.0000013100515161568183,-0.011223974637687206,0.0000011155780157423578,0.03741273656487465,0,-874.436767578125,3.643482208251953,0,118.04981994628906
1.4108250141143799,0.000000001234402136063295,0.00000010733172928212298,0.0000013106267715556896,-0.01157225202769041,0.000001308446258008189,0.03857365623116493,0,-547.0714721679688,2.2794604301452637,0,122.2195053100586
1.410830020904541,0.0000000012409560046222623,0.0000000488034572754259,0.0000013107700169712189,-0.011705654673278332,0.0000015035378737593419,0.03901832923293114,0,-209.548095703125,0.8731130361557007,0,119.91845703125
1.4108349084854126,0.0000000012475096511366246,-0.00000000930506871554826,0.000001310729089709639,-0.011621705256402493,0.0000016972303455986548,0.03873850032687187,0,131.8661651611328,-0.5494466423988342,0,115.15430450439453
1.4108399152755737,0.0000000012540634086732894,-0.00000006591488954654778,0.0000013107570566717186,-0.011321964673697948,0.0000018859271904148045,0.03773936256766319,0,470.8319091796875,-1.9618041515350342,0,110.07154846191406
1.4108449220657349,0.000000001260618831544491,-0.00000011997487092685333,0.0000013110931149640237,-0.010811996646225452,0.0000020661245798692107,0.03603946790099144,0,801.0552368164063,-3.3377346992492676,0,139.00473022460938
1.410849928855896,0.0000000012671785842854888,-0.0000001704812291336566,0.0000013119457662469358,-0.010101270861923695,0.0000022344765966408886,0.03367038443684578,0,1116.404541015625,-4.6516900062561035,0,119.67448425292969
1.4108549356460571,0.0000000012737459975653564,-0.00000021649614723173727,0.000001313477127951046,-0.009202984161674976,0.0000023878569663793314,0.030676094815135002,0,1411.0242919921875,-5.879272937774658,0,118.65211486816406
1.4108599424362183,0.0000000012803249571646802,-0.00000025716522600305325,0.000001315791791967058,-0.00813381653279066,0.000002523418061173288,0.02711220271885395,0,1679.4439697265625,-6.997688293457031,0,121.43290710449219
1.4108649492263794,0.0000000012869195709086512,-0.00000029173332904974814,0.0000013189297760618501,-0.006913620047271252,0.0000026386423996882513,0.023044878616929054,0,1916.6796875,-7.986169815063477,0,106.6894302368164
1.4108699560165405,0.000000001293533835600158,-0.0000003195585804860457,0.0000013228640227680444,-0.005565051920711994,0.0000027313906230119755,0.01854964904487133,0,2118.326171875,-8.82636547088623,0,131.0615997314453
1.4108749628067017,0.0000000013001713039528795,-0.00000034012433047792,0.0000013275035826154635,-0.004113151691854,0.000002799940602926654,0.013709979131817818,0,2280.6396484375,-9.502670288085938,0,121.72854614257813
1.4108799695968628,0.0000000013068348625466797,-0.00000035304873335917364,0.0000013327015722097713,-0.0025848783552646637,0.0000028430192742234794,0.008615732192993164,0,2400.60595703125,-10.00252914428711,0,121.71372985839844
1.410884976387024,0.0000000013135261767160955,-0.0000003580917677936668,0.0000013382665429162444,-0.0010086093097925186,0.000002859826736312243,0.003361499635502696,0,2475.99755859375,-10.316661834716797,0,120.86052703857422
1.410889983177185,0.0000000013202460236172442,-0.0000003551598410922452,0.0000013439781696433784,0.00058638711925596,0.000002850051032510237,-0.001955157844349742,0,2505.41455078125,-10.43923282623291,0,121.46240997314453
1.4108949899673462,0.0000000013269940701832184,-0.0000003443073524067586,0.0000013496043038685457,0.0021704952232539654,0.0000028138733796367887,-0.0072355205193161964,0,2488.31103515625,-10.367968559265137,0,118.11953735351563
1.4108999967575073,0.000000001333768651079481,-0.000000325735840078778,0.0000013549198456530576,0.0037143006920814514,0.0000027519656669028336,-0.012381541542708874,0,2425.004150390625,-10.1041898727417,0,121.15338134765625
1.4109050035476685,0.0000000013405673238153781,-0.0000002997901447088225,0.0000013597240240414976,0.00518913846462965,0.000002665477268237737,-0.017297670245170593,0,2316.669677734375,-9.652795791625977,0,118.41326141357422
1.4109100103378296,0.0000000013473866466995332,-0.00000026695204269344686,0.0000013638565405926784,0.006567623466253281,0.0000025560141239111545,-0.021892622113227844,0,2165.319091796875,-9.022168159484863,0,117.426025390625
1.4109150171279907,0.0000000013542227339513602,-0.00000022783123654335213,0.0000013672109844264924,0.007824160158634186,0.000002425608727207873,-0.026081077754497528,0,1973.7626953125,-8.224017143249512,0,116.46867370605469
1.4109200239181519,0.0000000013610714777456678,-0.00000018315415672987,0.0000013697427903025527,0.008935416117310524,0.0000022766823803976877,-0.029785268008708954,0,1745.557373046875,-7.273160934448242,0,127.95905303955078
1.4109249114990234,0.0000000013679288812795676,-0.0000001337503618970004,0.000001371474240841053,0.009880758821964264,0.000002112000402121339,-0.03293640911579132,0,1484.9404296875,-6.187256336212158,0,119.80352020263672
1.4109299182891846,0.0000000013747913918393806,-0.00000008053719113831903,0.0000013724933296543895,0.010642634704709053,0.0000019346205135661876,-0.03547599911689758,0,1196.7509765625,-4.986466884613037,0,118.21728515625
1.4109349250793457,0.0000000013816561228452429,-0.000000024502707418605496,0.0000013729478496316005,0.011206896975636482,0.000001747836108734191,-0.03735687583684921,0,886.340087890625,-3.6930882930755615,0,91.0746841430664
1.4109399318695068,0.000000001388521297940315,0.00000003331263087602565,0.0000013730351611229707,0.011563068255782127,0.00000155511554567056,-0.03854411095380783,0,559.4715576171875,-2.3311362266540527,0,154.79876708984375
1.410944938659668,0.0000000013953862509907822,0.00000009183530380596494,0.000001372988094772154,0.01170453429222107,0.0000013600372312794207,-0.03901566565036774,0,222.2147216796875,-0.9258990287780762,0,135.4462890625
1.410949945449829,0.0000000014022515371081568,0.00000014997864639099134,0.0000013730576711168396,0.011628668755292892,0.000001166223341897421,-0.038762785494327545,0,-119.1681900024414,0.4965301752090454,0,120.01920318603516
1.4109549522399902,0.0000000014091190436715806,0.00000020666305999839096,0.0000013734953654420679,0.011336881667375565,0.0000009772725206858013,-0.03779016435146332,0,-458.33837890625,1.909739375114441,0,113.5589370727539
1.4109599590301514,0.0000000014159916572609177,0.00000026083600346282765,0.0000013745333262704662,0.01083458960056305,0.0000007966932003000693,-0.036115862429142,0,-788.9981079101563,3.2874889373779297,0,110.47282409667969
1.4109649658203125,0.0000000014228734857013592,0.00000031149158985499525,0.000001376368231831293,0.010131120681762695,0.0000006278384034885676,-0.03377096354961395,0,-1105.0076904296875,4.604195594787598,0,132.64358520507813
1.4109699726104736,0.0000000014297691919296085,0.0000003576892595447134,0.0000013791453739031567,0.00923953577876091,0.00000047384332901856396,-0.03079901449382305,0,-1400.4993896484375,5.8354105949401855,0,126.3423843383789
1.4109749794006348,0.0000000014366838829715789,0.00000039857121691966313,0.0000013829481986249448,0.008176390081644058,0.0000003375673713890137,-0.027255194261670113,0,-1669.986572265625,6.958273887634277,0,118.41326141357422
1.410979986190796,0.0000000014436228878977886,0.0000004333783181209583,0.0000013877908031645347,0.006961422972381115,0.0000002215408301253774,-0.023205308243632317,0,-1908.46533203125,7.951935768127441,0,119.9328384399414
1.410984992980957,0.0000000014505909806672435,0.00000046146431031957036,0.0000013936163441030658,0.00561719574034214,0.00000012791807080247963,-0.018724551424384117,0,-2111.507568359375,8.797944068908691,0,107.9330825805664
1.4109899997711182,0.0000000014575924911497395,0.0000004823076551474514,0.000001400300675413746,0.004168666899204254,0.000000058437450434212224,-0.013896124437451363,0,-2275.34326171875,9.48059368133545,0,125.5965805053711
1.4109950065612793,0.0000000014646307500143507,0.0000004955213057655783,0.0000014076603065404925,0.002642733510583639,0.000000014389041069762243,-0.008809681981801987,0,-2396.93017578125,9.987205505371094,0,130.82156372070313
1.4110000133514404,0.0000000014717080887294287,0.0000005008599259781477,0.000001415464680576406,0.0010677296668291092,-0.000000003409310167512558,-0.0035596704110503197,0,-2474.010498046875,10.30837345123291,0,117.92453002929688
1.4110050201416016,0.0000000014788253954733932,0.0000004982244377060852,0.0000014234525451684021,-0.0005271004047244787,0.000000005372830180760957,0.0017564281588420272,0,-2505.1533203125,10.438135147094727,0,117.15088653564453
1.4110099077224731,0.0000000014859821151347319,0.0000004876637262896111,0.0000014313496876638965,-0.00211214367300272,0.00000004057234903598328,0.007039904128760099,0,-2489.7802734375,10.374080657958984,0,101.76045227050781
1.4110149145126343,0.0000000014931765823789078,0.0000004693738731020858,0.0000014388880344995414,-0.003657969180494547,0.0000001015356048128524,0.012192652560770512,0,-2428.1767578125,10.117399215698242,0,140.25245666503906
1.4110199213027954,0.000000001500405688581452,0.0000004436945175712026,0.000001445824977963639,-0.005135873798280954,0.0000001871305954637137,0.017118997871875763,0,-2321.48681640625,9.672857284545898,0,129.0489044189453
1.4110249280929565,0.000000001507665436939476,0.00000041110243387265655,0.000001451959292353422,-0.00651841564103961,0.00000029576793281194114,0.021727468818426132,0,-2171.691162109375,9.048709869384766,0,120.06243133544922
1.4110299348831177,0.000000001514951164516276,0.00000037220280546534923,0.0000014571454585166066,-0.007779922802001238,0.0000004254303860307118,0.025932490825653076,0,-1981.5714111328125,8.25654411315918,0,116.5772933959961
1.4110349416732788,0.0000000015222576532636367,0.00000032771794167274493,0.0000014613032135457615,-0.008896972984075546,0.0000005737103379033215,0.02965598925948143,0,-1754.65771484375,7.311069488525391,0,124.34717559814453
1.41103994846344,0.0000000015295797961556445,0.00000027847383421431005,0.0000014644225529991672,-0.0098488237708807,0.0000007378544637504092,0.03282882273197174,0,-1495.1634521484375,6.229843616485596,0,119.2463607788086
1.411044955253601,0.0000000015369125971886888,0.0000002253848236932754,0.0000014665639582744916,-0.010617801919579506,0.0000009148148478743678,0.03539207577705383,0,-1207.9068603515625,5.032940864562988,0,119.51715087890625
1.4110499620437622,0.0000000015442518375152758,0.0000001694366744686704,0.0000014678527122669038,-0.011189628392457962,0.0000011013056564479484,0.037298157811164856,0,-898.2217407226563,3.7425854206085205,0,117.00011444091797
1.4110549688339233,0.0000000015515941864663318,0.00000011166825686359516,0.0000014684695770483813,-0.011553684249520302,0.0000012938639883941505,0.03851167857646942,0,-571.8583374023438,2.382737636566162,0,116.95906066894531
1.4110599756240845,0.0000000015589374235958076,0.0000000531521990865258,0.0000014686364693261567,-0.011703211814165115,0.0000014889144495100481,0.039010100066661835,0,-234.87661743164063,0.9786472320556641,0,117.75788879394531
1.4110649824142456,0.0000000015662804386806783,-0.000000005024968885436465,0.0000014686005442854366,-0.0116354338824749,0.0000016828353182063438,0.03878416866064072,0,106.46630859375,-0.4436151087284088,0,129.16558837890625
1.4110699892044067,0.0000000015736235647878516,-0.00000006178300537840187,0.0000014686148688269896,-0.011351607739925385,0.000001872025677585043,0.037838079035282135,0,445.8323669433594,-1.8576406240463257,0,119.9328384399414
1.4110749959945679,0.0000000015809681341849569,-0.00000011606802274854999,0.0000014689204590467853,-0.010857004672288895,0.000002052972604360548,0.036189399659633636,0,776.9201049804688,-3.237173080444336,0,106.99764251708984
1.411080002784729,0.0000000015883168114072532,-0.00000016687206993992731,0.0000014697285450893105,-0.010160809382796288,0.000002222316425104509,0.03386874496936798,0,1093.58203125,-4.556597709655762,0,106.96331024169922
1.4110850095748901,0.0000000015956728161015121,-0.00000021325180910025665,0.0000014712051097376388,-0.009275946766138077,0.0000023769123345118714,0.03091920167207718,0,1389.938232421875,-5.791414737701416,0,159.0330810546875
1.4110900163650513,0.0000000016030401450706222,-0.00000025434604822294204,0.000001473459292355983,-0.008218849077820778,0.0000025138899673038395,0.027395538985729218,0,1660.48583984375,-6.918697834014893,0,119.50286865234375
1.4110950231552124,0.0000000016104227951174721,-0.00000028939177809661487,0.0000014765361129320809,-0.0070091430097818375,0.0000026307059215469053,0.023363184183835983,0,1900.2015380859375,-7.9175124168396,0,119.88970184326172
1.411099910736084,0.000000001617824874067253,-0.00000031773822684044717,0.0000014804135162194143,-0.005669291131198406,0.0000027251910523773404,0.018897008150815964,0,2104.634033203125,-8.769314765930176,0,119.07597351074219
1.4111049175262451,0.0000000016252499346336435,-0.0000003388590812392067,0.000001485005100221315,-0.0042241718620061874,0.0000027955907171417493,0.014079942367970943,0,2269.987548828125,-9.458288192749023,0,96.55305480957031
1.4111099243164063,0.0000000016327007523742054,-0.0000003523621785461728,0.000001490167846895929,-0.0027006184682250023,0.0000028405979719536845,0.009001429192721844,0,2393.19189453125,-9.971638679504395,0,161.86468505859375
1.4111149311065674,0.000000001640179325690383,-0.0000003579967824407504,0.0000014957130360926385,-0.0011269203387200832,0.000002859376763808541,0.0037557666655629873,0,2471.959228515625,-10.299835205078125,0,119.77482604980469
1.4111199378967285,0.0000000016476864317382933,-0.0000003556582726105262,0.0000015014217069619917,0.00046770196058787405,0.0000028515785288618645,-0.0015596438897773623,0,2504.826904296875,-10.436784744262695,0,116.25203704833984
1.4111249446868896,0.0000000016552217374510292,-0.0000003453900774275098,0.000001507062165728712,0.0020536393858492374,0.0000028173481041449122,-0.006846104748547077,0,2491.184814453125,-10.379942893981934,0,81.63265228271484
1.4111299514770508,0.0000000016627837995386585,-0.00000032738284971856046,0.0000015124081755857333,0.0036014444194734097,0.0000027573207717068726,-0.0120054567232728,0,2431.2861328125,-10.130365371704102,0,246.54832458496094
1.411134958267212,0.0000000016703700644882247,-0.0000003019709708951268,0.0000015172564644672093,0.005082376766949892,0.000002672611344678444,-0.016941901296377182,0,2326.2431640625,-9.692686080932617,0,119.00511932373047
1.411139965057373,0.0000000016779773126529562,-0.000000269626269755463,0.0000015214435507004964,0.006468938663601875,0.0000025647925667726668,-0.021563775837421417,0,2178.00634765625,-9.075033187866211,0,119.26058197021484
1.4111449718475342,0.000000001685601658252267,-0.00000023094935386325233,0.0000015248582485583029,0.007735384628176689,0.0000024358662358281435,-0.025785263627767563,0,1989.328125,-8.288874626159668,0,118.72254180908203
1.4111499786376953,0.0000000016932388824386635,-0.00000018665836876152753,0.000001527451445326733,0.008858198300004005,0.000002288226369273616,-0.029527980834245682,0,1763.7119140625,-7.348806381225586,0,83.26394653320313
1.4111549854278564,0.0000000017008850994315594,-0.00000013757571082351205,0.0000015292401940314448,0.009816531091928482,0.0000021246141841402277,-0.03272242844104767,0,1505.3470458984375,-6.2722859382629395,0,192.23374938964844
1.4111599922180176,0.0000000017085366454949735,-0.0000000846127576892286,0.0000015303079408113263,0.010592591017484665,0.0000019480676201055758,-0.03530929237604141,0,1219.03076171875,-5.079301357269287,0,130.106689453125
1.4111649990081787,0.0000000017161906340490418,-0.000000028752936032105936,0.0000015307981584555819,0.011171964928507805,0.0000017618649508222006,-0.037240542471408844,0,910.0794067382813,-3.7920033931732178,0,119.27481079101563
1.4111700057983398,0.0000000017238451777146224,0.000000028966553600184852,0.0000015309050240830402,0.011543897911906242,0.0000015694633930252166,-0.03848031908273697,0,584.2296142578125,-2.434295892715454,0,117.73016357421875
1.411175012588501,0.000000001731499499335598,0.00000008747396407216002,0.000001530859321974276,0.01170148141682148,0.0000013744354419031879,-0.03900559991598129,0,247.53175354003906,-1.0313879251480103,0,88.2378921508789
1.411180019378662,0.0000000017391540430011787,0.0000001456829181734065,0.000001530911617919628,0.011641791090369225,0.0000011804022506112233,-0.03880663216114044,0,-93.76226806640625,0.39067065715789795,0,195.4652099609375
1.4111849069595337,0.0000000017468105850682036,0.0000002025125809268502,0.0000015313133872041362,0.01136593334376812,0.0000009909666687235585,-0.03788711130619049,0,-433.3153381347656,1.8054753541946411,0,119.63153839111328
1.4111899137496948,0.0000000017544721231388394,0.0000002569077537373232,0.0000015322995068345335,0.0108790323138237,0.0000008096461669993005,-0.03626410663127899,0,-764.8225708007813,3.186755657196045,0,121.12403106689453
1.411194920539856,0.0000000017621424319713697,0.00000030785838589508785,0.0000015340693835241836,0.010190127417445183,0.0000006398073537638993,-0.0339677631855011,0,-1082.1285400390625,4.508863925933838,0,113.04544067382813
1.411199927330017,0.0000000017698262855248004,0.00000035441843238004367,0.0000015367726291515282,0.009312011301517487,0.0000004846037882089149,-0.03104071319103241,0,-1379.3414306640625,5.747251510620117,0,92.14041900634766
1.4112049341201782,0.0000000017775287908250448,0.00000039572336163473665,0.0000015404976920763147,0.00826098769903183,0.0000003469172611403337,-0.027537304908037186,0,-1650.942626953125,6.878922939300537,0,188.2884521484375
1.4112099409103394,0.0000000017852550548980162,0.00000043100624225189677,0.0000015452638990609557,0.0070565734058618546,0.00000022930430532142054,-0.023522593080997467,0,-1891.888916015625,7.882865905761719,0,119.74613952636719
1.4112149477005005,0.0000000017930101847696278,0.00000045961189698573435,0.0000015510196362811257,0.005721132270991802,0.00000013394868858540576,-0.019071124494075775,0,-2097.70654296875,8.740439414978027,0,118.8212890625
1.4112199544906616,0.0000000018007983992873733,0.000000481009180930414,0.0000015576457599308924,0.004279459826648235,0.00000006262092711040168,-0.014265552163124084,0,-2264.57373046875,9.435718536376953,0,116.03620147705078
1.4112249612808228,0.0000000018086232511649314,0.0000004948008154315175,0.0000015649626448066556,0.002758325543254614,0.000000016645387290736835,-0.009195107966661453,0,-2389.39208984375,9.955796241760254,0,104.36234283447266
1.4112299680709839,0.0000000018164869608483514,0.0000005007306640436582,0.0000015727426898592967,0.0011859741061925888,-0.0000000031243043707718243,-0.003953938372433186,0,-2469.843994140625,10.29101276397705,0,149.2537384033203
1.411234974861145,0.0000000018243906385606579,0.0000004986886779079214,0.0000015807262343514594,-0.0004083991516381502,0.000000003678878979229694,0.0013606366701424122,0,-2504.435791015625,10.435144424438477,0,119.46003723144531
1.4112399816513062,0.000000001832333840212641,0.0000004887127147412684,0.0000015886392930042348,-0.0019951898138970137,0.00000003692856154202673,0.006649937015026808,0,-2492.52490234375,10.385517120361328,0,116.63167572021484
1.4112449884414673,0.0000000018403149004697639,0.00000047098805566747615,0.0000015962131101332488,-0.0035449343267828226,0.00000009600730521697187,0.011815749108791351,0,-2434.332763671875,10.143049240112305,0,121.93634796142578
1.4112499952316284,0.0000000018483309327521624,0.00000044584376723832975,0.000001603202122169023,-0.005028856452554464,0.00000017981807332034805,0.016762154176831245,0,-2330.939697265625,9.712244987487793,0,122.2045669555664
1.4112550020217896,0.000000001856377940256948,0.0000004137467612963519,0.000001609401692803658,-0.00641940301284194,0.00000028680460673058406,0.021397307515144348,0,-2184.265625,9.101102828979492,0,119.74613952636719
1.4112600088119507,0.0000000018644512600474172,0.00000037529298424487934,0.0000016146617554113618,-0.0076907542534172535,0.0000004149803203290503,0.025635141879320145,0,-1997.033935546875,8.320971488952637,0,119.58861541748047
1.4112650156021118,0.0000000018725456740753543,0.0000003311964746899321,0.0000016188970448638429,-0.00881930347532034,0.0000005619651801680448,0.029396969825029373,0,-1772.72119140625,7.38633394241333,0,119.56002044677734
1.411270022392273,0.000000001880656075314846,0.0000002822760052367812,0.0000016220923271248466,-0.009784095920622349,0.0000007250299063343846,0.03261294215917587,0,-1515.492431640625,6.314546585083008,0,118.30119323730469
1.4112749099731445,0.000000001888777578784584,0.00000022943991950796772,0.0000016243028539975057,-0.010567217133939266,0.0000009011466204356111,0.0352233424782753,0,-1230.1239013671875,5.125511169433594,0,122.57906341552734
1.4112799167633057,0.0000000018969057435924697,0.00000017366929228046502,0.0000016256493609034806,-0.011154125444591045,0.000001087045120584662,0.037179701030254364,0,-921.914306640625,3.841304302215576,0,120.86052703857422
1.4112849235534668,0.0000000019050372390694292,0.00000011599966853736987,0.0000016263089719359414,-0.011533924378454685,0.0000012792736470146338,0.038445696234703064,0,-596.5865478515625,2.485771894454956,0,119.26058197021484
1.411289930343628,0.0000000019131698447694134,0.000000057501868155895863,0.000001626501102691691,-0.011699560098350048,0.0000014742627172381617,0.03899781405925751,0,-260.18133544921875,1.0840831995010376,0,113.90818786621094
1.411294937133789,0.0000000019213022284247927,-0.0000000007379270527962944,0.0000016264715441138833,-0.011647959239780903,0.0000016683917465343256,0.038825809955596924,0,81.05492401123047,-0.33773475885391235,0,125.48625946044922
1.4112999439239502,0.000000001929434612080172,-0.00000005763832078287123,0.0000016264735904769623,-0.011380079202353954,0.0000018580560663394863,0.0379328727722168,0,420.7861633300781,-1.7532817125320435,0,122.1001205444336
1.4113049507141113,0.000000001937568328003181,-0.00000011214278572424519,0.0000016267498494926258,-0.010900893248617649,0.000002039733999481541,0.03633558005094528,0,752.7042236328125,-3.1362740993499756,0,118.0219497680664
1.4113099575042725,0.0000000019457058186844733,-0.00000016323927809480665,0.000001627514279789466,-0.010219299234449863,0.000002210051889051101,0.03406359255313873,0,1070.64599609375,-4.461031436920166,0,120.46741485595703
1.4113149642944336,0.0000000019538504147931235,-0.00000020997903504849091,0.0000016289367295030388,-0.009347951970994473,0.000002365847421970102,0.03115910105407238,0,1368.7080078125,-5.702956676483154,0,103.87451934814453
1.4113199710845947,0.00000000196200611313202,-0.0000002514941854769859,0.000001631130885471066,-0.008303032256662846,0.000002504227495592204,0.027676032856106758,0,1641.355712890625,-6.838988780975342,0,141.1432647705078
1.4113249778747559,0.000000001970176910504051,-0.00000028701390419882955,0.0000016341465425284696,-0.007103942334651947,0.0000026226227873848984,0.023679060861468315,0,1883.526611328125,-7.848033905029297,0,120.74378204345703
1.411329984664917,0.000000001978366803712106,-0.00000031587862281412526,0.0000016379666476495913,-0.005772946402430534,0.000002718834821280325,0.019242404028773308,0,2090.72412109375,-8.711356163024902,0,120.36591339111328
1.4113349914550781,0.0000000019865793454698633,-0.0000003375524215698533,0.000001642509573684947,-0.004334758035838604,0.0000027910771223105257,0.014448439702391624,0,2259.100830078125,-9.412925720214844,0,119.3175048828125
1.4113399982452393,0.000000001994817422357187,-0.00000035163282063876977,0.0000016476359405714902,-0.0028160824440419674,0.0000028380079584167106,0.009386183694005013,0,2385.5302734375,-9.939715385437012,0,121.24151611328125
1.4113450050354004,0.000000002003083254820126,-0.0000003578584255592432,0.0000016531599840163835,-0.001245118211954832,0.000002858756033674581,0.004149632528424263,0,2467.6650390625,-10.281943321228027,0,118.92020416259766
1.4113500118255615,0.0000000020113775089924957,-0.00000035611358839560125,0.0000016588645621595788,0.0003489648224785924,0.000002852936177077936,-0.0011639812728390098,0,2503.97998046875,-10.433257102966309,0,119.73180389404297
1.4113550186157227,0.0000000020197001848742957,-0.00000034643073831830407,0.0000016645182085994747,0.0019365675980225205,0.000002820656163748936,-0.006455994211137295,0,2493.80078125,-10.390843391418457,0,120.3948974609375
1.4113599061965942,0.0000000020280497281532917,-0.00000032898967106120836,0.0000016698935496606282,0.003488211426883936,0.0000027625153506960487,-0.011628144420683384,0,2437.316650390625,-10.155491828918457,0,118.962646484375
1.4113649129867554,0.0000000020364236963388294,-0.0000003041142520032736,0.0000016747852669141139,0.004975085612386465,0.000002679593308130279,-0.01658439263701439,0,2335.576171875,-9.731573104858398,0,117.08230590820313
1.4113699197769165,0.000000002044818758761835,-0.0000002722663339227438,0.0000016790260133348056,0.00636958098039031,0.000002573429810581729,-0.021232713013887405,0,2190.468505859375,-9.126957893371582,0,101.96797943115234
1.4113749265670776,0.0000000020532313627086296,-0.00000023403731574944686,0.000001682500737842929,0.007645804900676012,0.0000024459957330691395,-0.025486797094345093,0,2004.6881103515625,-8.352872848510742,0,151.60704040527344
1.4113799333572388,0.000000002061657067287115,-0.0000001901370154655524,0.0000016851553255037288,0.008780060335993767,0.0000022996575808065245,-0.029267650097608566,0,1781.6844482421875,-7.4236907958984375,0,120.64181518554688
1.4113849401474,0.000000002070092097739007,-0.0000001413805819083791,0.0000016870020544956787,0.00975128635764122,0.000002137132241841755,-0.03250507265329361,0,1525.598388671875,-6.35666561126709,0,118.89192962646484
1.411389946937561,0.000000002078532679306022,-0.00000008867334599926835,0.0000016881191413631313,0.01054144836962223,0.0000019614374195953133,-0.03513894975185394,0,1241.1849365234375,-5.171609401702881,0,119.33174133300781
1.4113949537277222,0.0000000020869759254082965,-0.00000003299396666989196,0.0000016886461935428088,0.011135876178741455,0.0000017758354715624591,-0.037120379507541656,0,933.72509765625,-3.8905258178710938,0,119.40298461914063
1.4113999605178833,0.0000000020954198376443856,0.000000024623691530223368,0.0000016887742049220833,0.011523531749844551,0.0000015837727005418856,-0.038412563502788544,0,608.927734375,-2.537203311920166,0,122.50398254394531
1.4114049673080444,0.0000000021038635278358697,0.00000008310976795655733,0.0000016887314586711,0.011697215959429741,0.0000013888151215724065,-0.03899151831865311,0,272.8237609863281,-1.1367697715759277,0,119.44577026367188
1.4114099740982056,0.000000002112307440071959,0.00000014137829396076995,0.0000016887676110854954,0.011653706431388855,0.0000011945826372539159,-0.03884648531675339,0,-68.3460464477539,0.2847711145877838,0,119.46003723144531
1.4114149808883667,0.0000000021207531286648873,0.00000019834733677726035,0.0000016891350469450117,0.011393807828426361,0.0000010046818488262943,-0.03798016160726547,0,-408.2467956542969,1.7010244131088257,0,115.90171813964844
1.4114199876785278,0.0000000021292034801945192,0.00000025295906880273833,0.0000016900702348721097,0.010922348126769066,0.0000008226386967180588,-0.03640863299369812,0,-740.5671997070313,3.085692882537842,0,123.51778411865234
1.411424994468689,0.0000000021376622694191383,0.00000030419946028814593,0.0000016917757648116094,0.010248079895973206,0.0000006518333179883484,-0.034161075949668884,0,-1059.13671875,4.4130659103393555,0,121.53621673583984
1.41143000125885,0.000000002146134381320053,0.00000035111708029944566,0.0000016944057961154613,0.00938352569937706,0.0000004954371775056643,-0.03127922862768173,0,-1358.0400390625,5.658496379852295,0,119.73180389404297
1.4114350080490112,0.0000000021546247008785713,0.0000003928407465991768,0.0000016980530972432462,0.008344735950231552,0.0000003563541781659296,-0.027816597372293472,0,-1631.7271728515625,6.798859596252441,0,114.1943588256836
