Timestamp,X Position,Y Position,X Velocity,Y Velocity,Rotation,Rotation Velocity,Data1,Data2,Data3,Data4,FPS
0.16413000226020813,0,0,0,0,0.004999999888241291,0,0,0,0,0,119.48858642578125
0.16413000226020813,0,0,0,0,0.004999999888241291,0,0,0,0,0,121.18274688720703
0.16413000226020813,0,0,0,0,0.004999999888241291,0,0,0,0,0,117.39845275878906
0.16413000226020813,0,0,0,0,0.004999999888241291,0,0,0,0,0,122.60912322998047
0.16413000226020813,0,0,0,0,0.004999999888241291,0,0,0,0,0,118.60989379882813
0.16413000226020813,0,0,0,0,0.004999999888241291,0,0,0,0,0,121.08003234863281
0.16413000226020813,0,0,0,0,0.004999999888241291,0,0,0,0,0,119.88970184326172
0.16413000226020813,0,0,0,0,0.004999999888241291,0,0,0,0,0,120.03360748291016
0.16413000226020813,0,0,0,0,0.004999999888241291,0,0,0,0,0,120.19230651855469
0.16413000226020813,0,0,0,0,0.004999999888241291,0,0,0,0,0,119.43150329589844
0.16413000226020813,0,0,0,0,0.004999999888241291,0,0,0,0,0,120.55455017089844
0.16413000226020813,0,0,0,0,0.004999999888241291,0,0,0,0,0,119.73180389404297
0.16413000226020813,0,0,0,0,0.004999999888241291,0,0,0,0,0,119.81787872314453
0.16413000226020813,0,0,0,0,0.004999999888241291,0,0,0,0,0,119.9328384399414
0.16413000226020813,0,0,0,0,0.004999999888241291,0,0,0,0,0,120.20675659179688
0.16413000226020813,0,0,0,0,0.004999999888241291,0,0,0,0,0,118.55364227294922
0.16413000226020813,0,0,0,0,0.004999999888241291,0,0,0,0,0,119.61722564697266
0.16413000226020813,0,0,0,0,0.004999999888241291,0,0,0,0,0,120.01920318603516
0.16413000226020813,0,0,0,0,0.004999999888241291,0,0,0,0,0,122.66928100585938
0.16413000226020813,0,0,0,0,0.004999999888241291,0,0,0,0,0,118.44131469726563
0.16413000226020813,0,0,0,0,0.004999999888241291,0,0,0,0,0,121.55098724365234
0.16413000226020813,0,0,0,0,0.004999999888241291,0,0,0,0,0,118.65211486816406
0.16413000226020813,0,0,0,0,0.004999999888241291,0,0,0,0,0,120.55455017089844
0.16413000226020813,0,0,0,0,0.004999999888241291,0,0,0,0,0,119.97600555419922
0.16413000226020813,0,0,0,0,0.004999999888241291,0,0,0,0,0,119.96160888671875
0.16413000226020813,0,0,0,0,0.004999999888241291,0,0,0,0,0,120.94823455810547
0.16413000226020813,0,0,0,0,0.004999999888241291,0,0,0,0,0,119.94721984863281
0.16413000226020813,0,0,0,0,0.004999999888241291,0,0,0,0,0,117.98017883300781
0.16413000226020813,0,0,0,0,0.004999999888241291,0,0,0,0,0,122.33912658691406
0.16413000226020813,0,0,0,0,0.004999999888241291,0,0,0,0,0,118.99095916748047
0.16413000226020813,0,0,0,0,0.004999999888241291,0,0,0,0,0,120.40939331054688
0.16413000226020813,0,0,0,0,0.004999999888241291,0,0,0,0,0,119.56002044677734
0.16413000226020813,0,0,0,0,0.004999999888241291,0,0,0,0,0,119.38873291015625
0.16413000226020813,0,0,0,0,0.004999999888241291,0,0,0,0,0,121.13870239257813
0.16413000226020813,0,0,0,0,0.004999999888241291,0,0,0,0,0,119.58861541748047
0.16413000226020813,0,0,0,0,0.004999999888241291,0,0,0,0,0,120.5109634399414
0.16413000226020813,0,0,0,0,0.004999999888241291,0,0,0,0,0,119.11852264404297
0.16413000226020813,0,0,0,0,0.004999999888241291,0,0,0,0,0,119.58861541748047
0.16413000226020813,0,0,0,0,0.004999999888241291,0,0,0,0,0,121.6841049194336
0.16413000226020813,0,0,0,0,0.004999999888241291,0,0,0,0,0,118.60989379882813
0.16413000226020813,0,0,0,0,0.004999999888241291,0,0,0,0,0,120.68549346923828
0.16413000226020813,0,0,0,0,0.004999999888241291,0,0,0,0,0,119.48858642578125
0.16413000226020813,0,0,0,0,0.004999999888241291,0,0,0,0,0,120.36591339111328
0.16413000226020813,0,0,0,0,0.004999999888241291,0,0,0,0,0,120.14898681640625
0.16413000226020813,0,0,0,0,0.004999999888241291,0,0,0,0,0,120.48192596435547
0.16413000226020813,0,0,0,0,0.004999999888241291,0,0,0,0,0,118.49745178222656
0.16413000226020813,0,0,0,0,0.004999999888241291,0,0,0,0,0,120.75836181640625
0.16413000226020813,0,0,0,0,0.004999999888241291,0,0,0,0,0,115.16757202148438
0.16413000226020813,0,0,0,0,0.004999999888241291,0,0,0,0,0,125.62814331054688
0.16413000226020813,0,0,0,0,0.004999999888241291,0,0,0,0,0,118.75074005126953
0.16413000226020813,0,0,0,0,0.004999999888241291,0,0,0,0,0,120.22120666503906
0.16413000226020813,0,0,0,0,0.004999999888241291,0,0,0,0,0,119.0617904663086
0.16413000226020813,0,0,0,0,0.004999999888241291,0,0,0,0,0,120.19230651855469
0.16413000226020813,0,0,0,0,0.004999999888241291,0,0,0,0,0,121.24151611328125
0.16413000226020813,0,0,0,0,0.004999999888241291,0,0,0,0,0,121.09469604492188
0.16413000226020813,0,0,0,0,0.004999999888241291,0,0,0,0,0,117.49500274658203
0.16413000226020813,0,0,0,0,0.004999999888241291,0,0,0,0,0,121.9214859008789
0.16413000226020813,0,0,0,0,0.004999999888241291,0,0,0,0,0,120.23566436767578
0.16413000226020813,0,0,0,0,0.004999999888241291,0,0,0,0,0,119.40298461914063
0.16413000226020813,0,0,0,0,0.004999999888241291,0,0,0,0,0,120.70005798339844
0.16413000226020813,0,0,0,0,0.004999999888241291,0,0,0,0,0,120.13455200195313
0.16413000226020813,0,0,0,0,0.004999999888241291,0,0,0,0,0,119.10433197021484
0.16413000226020813,0,0,0,0,0.004999999888241291,0,0,0,0,0,119.56002044677734
0.16413000226020813,0,0,0,0,0.004999999888241291,0,0,0,0,0,121.995849609375
0.16413000226020813,0,0,0,0,0.004999999888241291,0,0,0,0,0,118.73664093017578
0.16413000226020813,0,0,0,0,0.004999999888241291,0,0,0,0,0,118.7789535522461
0.16413000226020813,0,0,0,0,0.004999999888241291,0,0,0,0,0,120.14898681640625
0.16413000226020813,0,0,0,0,0.004999999888241291,0,0,0,0,0,120.48192596435547
0.16413000226020813,0,0,0,0,0.004999999888241291,0,0,0,0,0,121.71372985839844
0.16413000226020813,0,0,0,0,0.004999999888241291,0,0,0,0,0,119.43150329589844
0.16413000226020813,0,0,0,0,0.004999999888241291,0,0,0,0,0,119.26058197021484
0.16413000226020813,0,0,0,0,0.004999999888241291,0,0,0,0,0,119.37448120117188
0.16413000226020813,0,0,0,0,0.004999999888241291,0,0,0,0,0,120.5254898071289
0.16413000226020813,0,0,0,0,0.004999999888241291,0,0,0,0,0,120.78753662109375
0.16413499414920807,0,0.000003978872882726137,0,0.7957746386528015,0.004840781446546316,-31.843719482421875,0,1250000,-62525,0,118.9343490600586
0.1641400009393692,-0.00000000015201317982160845,0.00001174659155367408,-0.000030402636184589937,1.5535438060760498,0.00452994741499424,-62.16680908203125,-0.39578577876091003,1190301,-59539.25390625,0.00000000007915715305450988,121.30033874511719
0.16414499282836914,-0.0000000007140698587981831,0.000022932174033485353,-0.00011241134052397683,2.237116813659668,0.0040823412127792835,-89.52125549316406,-2.6894943714141846,1073753.875,-53710.34375,0.000000000537898892094546,120.20675659179688
0.16414999961853027,-0.0000000019678931817423972,0.000037001402233727276,-0.00025076468591578305,2.8138461112976074,0.00351933715865016,-112.600830078125,-9.576766014099121,905924.375,-45316.6328125,0.0000000019153532093696413,119.07597351074219
0.1641549915075302,-0.0000000041177079523890825,0.0000532823360117618,-0.00042996290721930563,3.2561869621276855,0.002867820207029581,-130.3034210205078,-24.388126373291016,694827.1875,-34758.95703125,0.000000004877625414678732,120.4529037475586
0.16415999829769135,-0.000000007192042517090158,0.00007099739741533995,-0.0006148669635877013,3.5430116653442383,0.0021589016541838646,-141.78370666503906,-50.38664245605469,450543.25,-22541.501953125,0.000000010077328305158062,118.16140747070313
0.16416499018669128,-0.000000010970525821107913,0.00008930049807531759,-0.0007556967902928591,3.6606197357177734,0.0014264341443777084,-146.49351501464844,-90.05553436279297,184738.328125,-9247.7109375,0.00000001801110727228661,120.94823455810547
0.16416999697685242,-0.000000014953478455481672,0.00010731744987424463,-0.0007965906988829374,3.603391170501709,0.0007053940207697451,-144.20802307128906,-144.51182556152344,-89894.0390625,4487.56982421875,0.000000028902364945793124,119.77482604980469
0.16417498886585236,-0.00000001838435359502455,0.0001241877325810492,-0.0006861749570816755,3.374055862426758,0.000030211929697543383,-135.0364227294922,-213.15843200683594,-360238.8125,18008.4140625,0.00000004263168662532735,121.18274688720703
0.1641799956560135,-0.000000020325199301396424,0.0001391055411659181,-0.0003881690790876746,2.983562469482422,-0.0005668718949891627,-119.41676330566406,-293.6429748535156,-613385.6875,30669.1328125,0.000000058728595320189925,120.72920227050781
0.16418500244617462,-0.00000001977520014406764,0.00015135831199586391,0.00010999978985637426,2.4505553245544434,-0.0010573470499366522,-98.09503173828125,-382.1326599121094,-837245.625,41865.1171875,0.00000007642653088169027,119.44577026367188
0.16418999433517456,-0.000000015813860443358863,0.00016036073793657124,0.0007922679651528597,1.8004851341247559,-0.0014177946140989661,-72.08952331542969,-473.8572692871094,-1021128.25,51061.69921875,0.00000009477145113123697,118.89192962646484
0.1641950011253357,-0.000000007745198260522557,0.00016568269347772002,0.0016137324273586273,1.0643925666809082,-0.0016310055507346988,-42.64219665527344,-563.8195190429688,-1156252.125,57819.6953125,0.00000011276390665670988,121.09469604492188
0.16419999301433563,0.000000004781604445724952,0.00016706982569303364,0.0025053606368601322,0.27742600440979004,-0.0016868023667484522,-11.159370422363281,-647.54248046875,-1236164.625,61816.38671875,0.00000012950849281878618,118.87779235839844
0.16420499980449677,0.00000002169609381041937,0.00016445564688183367,0.003382897935807705,-0.5228361487388611,-0.0015825252048671246,20.855422973632813,-721.7156372070313,-1257049.375,62860.90234375,0.00000014434313300171198,121.55098724365234
0.1642099916934967,0.000000042488544238494796,0.00015796473599039018,0.0041584898717701435,-1.2981808185577393,-0.0013231589691713452,51.873252868652344,-784.621337890625,-1217909.125,60903.37109375,0.0000001569242726873199,119.78916931152344
0.16421499848365784,0.00000006625371185009499,0.00014790681598242372,0.004753034096211195,-2.011584997177124,-0.000921095022931695,80.41278839111328,-836.2635498046875,-1120612.875,56037.26171875,0.000000167252707683474,119.87532806396484
0.16421999037265778,0.00000009178941695608955,0.0001347618963336572,0.005107141565531492,-2.628983736038208,-0.00039553974056616426,105.1110610961914,-878.1785278320313,-969807.125,48494.9609375,0.00000017563570509082638,119.17530822753906
0.1642249971628189,0.0000001177336130808726,0.00011915741197299212,0.005188839044421911,-3.120896100997925,0.00022840301971882582,124.7885513305664,-912.9656982421875,-772693.5625,38636.65625,0.00000018259314060742327,121.28562927246094
0.16422998905181885,0.00000014271731174630986,0.0001018382390611805,0.004996740724891424,-3.463834524154663,0.0009209304116666317,138.50547790527344,-943.6297607421875,-538685.375,26933.126953125,0.0000001887259486466064,119.54572296142578
0.16423499584197998,0.0000001655085668517131,0.00008363111555809155,0.004558251705020666,-3.6414248943328857,0.0016489641275256872,145.6067352294922,-972.8617553710938,-278957.59375,13943.275390625,0.00000019457235111985938,120.23566436767578
0.1642400026321411,0.00000018512483279664593,0.00006540516915265471,0.003923254553228617,-3.6451900005340576,0.0023777298629283905,145.7531280517578,-1002.3966064453125,-5913.49658203125,287.4300231933594,0.00000020047932025590853,117.16461944580078
0.16424499452114105,0.0000002008976167644505,0.00004803040064871311,0.003154556732624769,-3.4749534130096436,0.0030724178068339825,138.93760681152344,-1032.56982421875,267407.71875,-13382.2744140625,0.00000020651397392157378,122.75963592529297
0.16425000131130219,0.00000021248227710657375,0.00003233616007491946,0.00231693172827363,-3.138848066329956,0.0036998456344008446,125.48554992675781,-1062.160888671875,527953.5625,-26413.041015625,0.00000021243218384370266,120.8021240234375
0.16425499320030212,0.00000021981632869483292,0.000019071520000579767,0.0014668104704469442,-2.652928113937378,0.004230041988193989,106.03932189941406,-1088.552001953125,763281.6875,-38182.5859375,0.00000021771040792373242,119.61722564697266
0.16425999999046326,0.00000022303886737518042,0.000008869509656506125,0.0006445068283937871,-2.0404021739959717,0.004637679550796747,81.52749633789063,-1108.1746826171875,962154.0625,-48128.85546875,0.00000022163493440530146,119.87532806396484
0.1642649918794632,0.00000022239055397221819,0.000002216887423855951,-0.00012966245412826538,-1.3305244445800781,0.004903282504528761,53.120574951171875,-1117.1610107421875,1115073.5,-55776.86328125,0.0000002234322096228425,118.10558319091797
0.16426999866962433,0.00000021811668204918533,-0.000000569105623071664,-0.0008547755423933268,-0.5571986436843872,0.0050141578540205956,22.17505645751953,-1112.07568359375,1214737.375,-60761.38671875,0.00000022241512454002077,120.17786407470703
0.16427499055862427,0.00000021039410569301253,0.0000006441022151193465,-0.001544515835121274,0.24264156818389893,0.004965001251548529,-9.831320762634277,-1090.591552734375,1256386.125,-62844.37890625,0.00000021811830208662286,120.06243133544922
0.1642799973487854,0.00000019929758821035648,0.0000057980846577265766,-0.002219304209575057,1.0307965278625488,0.004758150316774845,-41.37015914916992,-1051.98095703125,1238030.875,-61926.37109375,0.00000021039618047780095,120.1201171875
0.16428498923778534,0.00000018481227925803978,0.000014646206182078458,-0.0028970609419047832,1.7696244716644287,0.0044034733437001705,-70.93539428710938,-997.328369140625,1160548.25,-58051.203125,0.0000001994656741999279,119.76048278808594
0.16428999602794647,0.0000001668894356043893,0.000026765403163153678,-0.00358456838876009,2.4238393306732178,0.003917897120118141,-97.11520385742188,-929.4241333007813,1027638.375,-51403.9375,0.00000018588482930681494,121.28562927246094
0.1642950028181076,0.00000014553299365616112,0.00004157637886237353,-0.004271288402378559,2.962195634841919,0.0033245999366045,-118.65943908691406,-852.3568115234375,845648.375,-42302.0078125,0.00000017047136680048425,119.74613952636719
0.16429999470710754,0.00000012089792278402456,0.000058371282648295164,-0.0049270149320364,3.358980894088745,0.002651903312653303,-134.53932189941406,-770.8797607421875,623269.125,-31180.080078125,0.0000001541759502288187,119.80352020263672
0.16430500149726868,0.00000009337801998299256,0.00007634749636054039,-0.005503981374204159,3.595243215560913,0.0019319204147905111,-143.99656677246094,-689.669677734375,371120.40625,-18569.279296875,0.00000013793393804917287,121.18274688720703
0.16430999338626862,0.00000006366205695940153,0.00009464597678743303,-0.005943192169070244,3.659696340560913,0.0011990221682935953,-146.5796356201172,-612.6134643554688,101243.53125,-5071.83642578125,0.00000012252269243617775,116.82243347167969
0.16431500017642975,0.00000003274266191510833,0.00011239227023907006,-0.00618387944996357,3.5492594242095947,0.0004881960921920836,-142.16522216796875,-542.256591796875,-173473.515625,8667.6806640625,0.00000010845132436543281,122.89541625976563
0.1643199920654297,0.0000000018707346782775858,0.00012873829109594226,-0.0061743855476379395,3.269202947616577,-0.00016662490088492632,-130.96420288085938,-479.513671875,-439911.625,21993.140625,0.00000009590273464255006,119.63153839111328
0.16432499885559082,-0.00000002754138606064771,0.00014290277613326907,-0.0058824243023991585,2.832897424697876,-0.0007341827149502933,-113.51156616210938,-423.69219970703125,-685347.0625,34268.1875,0.00000008473843848832985,119.033447265625
0.16432999074459076,-0.000000054055206533121236,0.00015420865383930504,-0.005302764475345612,2.2611753940582275,-0.0011873866897076368,-90.64080810546875,-372.8230285644531,-898059.0625,44906.625,0.00000007456460338062243,120.29351806640625
0.1643349975347519,-0.00000007635923537918643,0.00016211533511523157,-0.004460806027054787,1.581336259841919,-0.0015046077314764261,-63.44419860839844,-324.2316589355469,-1067889.625,53400.41796875,0.0000000648463327479476,120.30799102783203
0.16433998942375183,-0.00000009341551532315862,0.00016624454292468727,-0.0034112557768821716,0.8258421421051025,-0.0016707106260582805,-33.2205810546875,-275.2384338378906,-1186728.375,59343.94140625,0.000000055047685521003586,120.64181518554688
0.16434499621391296,-0.00000010457550558840012,0.00016639838577248156,-0.0022319979034364223,0.03076833486557007,-0.001677777385339141,-1.413344383239746,-223.85379028320313,-1248900.25,62453.3671875,0.000000044770757767764735,119.87532806396484
0.1643500030040741,-0.00000010964610908104078,0.0001625687873456627,-0.0010141213424503803,-0.7659197449684143,-0.0015254849568009377,30.45848846435547,-169.33328247070313,-1251436.25,62580.203125,0.000000033866655257952516,117.02750396728516
0.16435499489307404,-0.00000010889502988220556,0.0001549378939671442,0.0001502154627814889,-1.5261797904968262,-0.0012211209395900369,60.87281036376953,-112.48500061035156,-1194215.25,59718.390625,0.00000002249699981859976,123.76237487792969
0.16436000168323517,-0.00000010299493169441121,0.00014386934344656765,0.001180020160973072,-2.2137091159820557,-0.0007792352698743343,88.37712860107422,-55.66891098022461,-1079969.75,54004.59375,0.000000011133781896432993,118.79306030273438
0.1643649935722351,-0.0000000929163661567145,0.0001298909483011812,0.0020157136023044586,-2.795677900314331,-0.00022094580344855785,111.65789031982422,-2.4852986335754395,-914155.625,45711.6796875,0.0000000004970597267117682,120.30799102783203
0.16437000036239624,-0.0000000797880090885883,0.00011366946273483336,0.002625672146677971,-3.244297742843628,0.000427070539444685,129.603271484375,42.7901611328125,-704691.3125,35235.671875,-0.00000000855803250487952,119.56002044677734
0.16437499225139618,-0.0000000647478941573354,0.00009597872121958062,0.0030080238357186317,-3.5381481647491455,0.0011338514741510153,141.356201171875,75.92122650146484,-461579.75,23076.8515625,-0.00000001518424497248816,119.54572296142578
0.1643799990415573,-0.00000004881022874769769,0.00007766272756271064,0.0031875334680080414,-3.6631996631622314,0.001865628408268094,146.35537719726563,93.4415054321289,-196430.78125,9815.8701171875,-0.000000018688300684743808,121.63970184326172
0.16438499093055725,-0.00000003276874593893808,0.00005959530972177163,0.003208296373486519,-3.6134836673736572,0.002587438328191638,144.36199951171875,93.26361083984375,78093.4609375,-3914.001220703125,-0.00000001865272203360746,119.09014892578125
0.16438999772071838,-0.00000001715018527193024,0.00004263842129148543,0.003123712260276079,-3.3913776874542236,0.0032647941261529922,135.47119140625,75.0536880493164,348883.0625,-17457.08984375,-0.0000000150107375418429,120.14898681640625
0.16439498960971832,-0.0000000022217605533114693,0.00002760096322163008,0.002985685132443905,-3.0074918270111084,0.0038653314113616943,120.10743713378906,40.300048828125,603006.5,-30166.650390625,-0.000000008060009548671587,119.6458511352539
0.16439999639987946,0.000000011953660283836598,0.0000152001539390767,0.002835084218531847,-2.4801619052886963,0.004360353574156761,99.00439453125,-7.936526298522949,828328.125,-41435.734375,0.0000000015873052872095172,119.09014892578125
0.1644050031900406,0.000000025429795158515844,0.000006027286872267723,0.0026952270418405533,-1.83457350730896,0.004726202227175236,73.16975402832031,-65.54441833496094,1014087.6875,-50726.1875,0.000000013108883756274281,122.15978240966797
0.16440999507904053,0.00000003827740968631588,0.0000005194842742639594,0.0025695227086544037,-1.1015605926513672,0.004945388063788414,43.837196350097656,-128.05718994140625,1151414.25,-57594.34375,0.000000025611436527128717,119.14691162109375
0.16441500186920166,0.00000005049539808510417,-0.000001061171360561275,0.0024435976520180702,-0.3161311447620392,0.0050074253231287,12.407424926757813,-191.393798828125,1233749.75,-61712.21484375,0.00000003827875971751382,119.11852264404297
0.1644199937582016,0.00000006195210033865806,0.0000013598441910289694,0.002291340846568346,0.48420313000679016,0.004909331910312176,-19.618698120117188,-252.50514221191406,1257162.25,-62883.15234375,0.00000005050102913628507,120.9628677368164
0.16442500054836273,0.00000007236982924041513,0.000007665938937861938,0.0020835455507040024,1.2612190246582031,0.004655772820115089,-50.71183776855469,-309.8067321777344,1220533.75,-61051.234375,0.0000000619613444996503,119.73180389404297
0.16442999243736267,0.00000008135641138551364,0.000017554972146172076,0.0017973168287426233,1.977806806564331,0.00425883661955595,-79.38720703125,-363.31829833984375,1125613.5,-56303.953125,0.000000072663659977934,119.51715087890625
0.1644349992275238,0.00000008847774068954095,0.000030553685064660385,0.0014242660254240036,2.5997426509857178,0.0037374591920524836,-104.27548217773438,-414.4864807128906,976934.3125,-48868.01171875,0.00000008289729436228299,120.22120666503906
0.16443999111652374,0.00000009335646922181695,0.00004604029527399689,0.0009757462539710104,3.0973222255706787,0.003116518259048462,-124.18818664550781,-465.72686767578125,781596.4375,-39098.5078125,0.00000009314537408044998,120.32246398925781
0.16444499790668488,0.00000009577624382473005,0.0000632742012385279,0.0004839556640945375,3.4467804431915283,0.0024256459437310696,-138.17445373535156,-519.7750244140625,548928.1875,-27461.9921875,0.00000010395500282811554,116.8497314453125
0.16444998979568481,0.00000009576893233997907,0.00008143132436089218,-0.0000014620018191635609,3.631425619125366,0.0016978136263787746,-145.5664520263672,-578.9717407226563,290040.625,-14514.16015625,0.00000011579434300301727,124.36264038085938
0.16445499658584595,0.00000009366489450712834,0.0000996435119304806,-0.0004208071914035827,3.6424367427825928,0.0009677574271336198,-146.01124572753906,-644.6209716796875,17296.93359375,-873.3357543945313,0.00000012892419931631593,120.27904510498047
0.1644599884748459,0.00000009009287538219724,0.000117039933684282,-0.000714403809979558,3.4792845249176025,0.0002703191712498665,-139.48765563964844,-716.544921875,-256278,12809.0615234375,0.0000001433089806823773,117.43981170654297
0.16446499526500702,0.00000008592529354700673,0.00013278871483635157,-0.0008335162419825792,3.149757146835327,-0.0003612171276472509,-126.30726623535156,-792.9225463867188,-517619.65625,25879.630859375,0.00000015858451263284223,120.68549346923828
0.16447000205516815,0.00000008217504188223757,0.00014613664825446904,-0.0007500505307689309,2.6695878505706787,-0.0008967150934040546,-107.09959411621094,-870.4469604492188,-754247.625,37714.1875,0.00000017408939356755582,120.8897476196289
0.1644749939441681,0.00000007985918415442939,0.0001564451667945832,-0.00046317127998918295,2.06170392036438,-0.0013106248807162046,-82.78195190429688,-944.7725219726563,-954861.75,47747.5703125,0.000000188954501822991,118.89192962646484
0.16448000073432922,0.00000007985165240143033,0.00016322082956321537,-0.0000015062105376273394,1.3551311492919922,-0.0015832034405320883,-54.51571273803711,-1011.1723022460938,-1109881.75,55500.640625,0.000000202234460289219,119.74613952636719
0.16448499262332916,0.00000008274963647636469,0.00016613886691629887,0.0005795969627797604,0.5836086273193359,-0.0017014573095366359,-23.65078353881836,-1065.283203125,-1211904.625,60603.1484375,0.00000021305665143245278,121.38868713378906
0.1644899994134903,0.00000008877660206962901,0.00016505875100847334,0.0012053927639499307,-0.21602298319339752,-0.001659763278439641,8.338809967041016,-1103.8001708984375,-1256058.25,62811.421875,0.00000022076004313476005,119.68881225585938
0.16449499130249023,0.00000009773876286089944,0.00016003084601834416,0.0017924326239153743,-1.0055806636810303,-0.0014601366128772497,39.92533874511719,-1124.99169921875,-1240234.125,62020.0078125,0.00000022499834528844076,119.99040222167969
0.16449999809265137,0.00000010904278724410688,0.00015129403618630022,0.002260805107653141,-1.7473623752593994,-0.0011121350107714534,69.6003189086914,-1128.9395751953125,-1165187.875,58266.6953125,0.0000002257879145872721,119.68881225585938
0.1645049899816513,0.0000001217718192947359,0.0001392643025610596,0.0025458065792918205,-2.4059479236602783,-0.0006324021960608661,95.94656372070313,-1117.4600830078125,-1034503.375,51730.73046875,0.00000022349202311033878,121.27091979980469
0.16450999677181244,0.00000013480700999934925,0.0001245148596353829,0.0026070368476212025,-2.949889898300171,-0.000043872976675629616,117.70584106445313,-1093.721923828125,-854421.4375,42724.234375,0.0000002187443755019558,117.74402618408203
0.16451498866081238,0.00000014697390327000903,0.00010774878319352865,0.0024333796463906765,-3.3532159328460693,0.0006253218161873519,133.83895874023438,-1061.6331787109375,-633541.875,31677.314453125,0.00000021232662561487814,120.97750091552734
0.1645199954509735,0.00000015718933354946785,0.00008976544631877914,0.002043087501078844,-3.596668004989624,0.0013431990519165993,143.575439453125,-1025.114013671875,-382412.75,19117.51171875,0.0000002050228005145982,120.23566436767578
0.16452500224113464,0.00000016458476181924198,0.00007142232789192349,0.0014790850691497326,-3.668623685836792,0.0020754500292241573,146.45022583007813,-987.3922119140625,-113026.75,5644.62158203125,0.00000019747844248740876,118.62396240234375
0.16452999413013458,0.00000016858706430866732,0.000053594078053720295,0.0008004619739949703,-3.5656497478485107,0.0027870796620845795,142.32595825195313,-950.4523315429688,161751.640625,-8097.95947265625,0.0000001900904607055054,121.61011505126953
0.16453500092029572,0.00000016894614418561105,0.00003713074329425581,0.00007181597175076604,-3.2926671504974365,0.0034440774470567703,131.3995361328125,-914.7433471679688,428800.3125,-21453.951171875,0.0000001829486677706882,118.31519317626953
0.16453999280929565,0.00000016570842831242771,0.000022817162971477956,-0.00064754270715639,-2.86271595954895,0.004015041049569845,114.19270324707031,-879.1979370117188,675366.375,-33785.5390625,0.00000017583958822342538,121.25621795654297
0.1645449995994568,0.00000015914578455067385,0.00001133550722443033,-0.001312527689151466,-2.2963311672210693,0.004472676664590836,91.52708435058594,-841.5577392578125,889675.125,-44503.83203125,0.00000016831154425744899,117.77175903320313
0.16454999148845673,0.0000001496570263270769,0.0000032326861401088536,-0.001897751004435122,-1.6205642223358154,0.004795101936906576,64.48501586914063,-798.9412841796875,1061492.25,-53096.9765625,0.00000015978825729234813,123.62467193603516
0.16455499827861786,0.00000013766388917701988,-0.0000011057618394261226,-0.002398628508672118,-0.8676896095275879,0.0049668909050524235,34.357818603515625,-748.54638671875,1182612.625,-59154.609375,0.0000001497092796398647,118.70845031738281
0.1645599901676178,0.00000012352356293376943,-0.0000014740830920345616,-0.002828065538778901,-0.07366424798965454,0.004979811608791351,2.584156036376953,-688.3499755859375,1247252.125,-62387.44140625,0.00000013766999984454742,121.37395477294922
0.16456499695777893,0.00000010747588419235399,0.000002143866367987357,-0.0032095357310026884,0.7235898971557617,0.004833218175917864,-29.31869125366211,-617.6721801757813,1252323.875,-62641.09375,0.00000012353443423762656,118.99095916748047
0.16456998884677887,0.00000008963558428831675,0.000009573849638400134,-0.0035680599976330996,1.4859967231750488,0.004534082021564245,-59.827266693115234,-537.4943237304688,1197585.75,-59903.453125,0.00000010749886314442847,118.62396240234375
0.16457499563694,0.0000000700305520240363,0.00002045957080554217,-0.0039210072718560696,2.1771440505981445,0.004096658434718847,-87.48470306396484,-450.4693908691406,1085651.75,-54305.2578125,0.00000009009387724745466,120.8313217163086
0.16458000242710114,0.00000004867727199098226,0.00003427968476898968,-0.0042706565000116825,2.7640228271484375,0.003541806945577264,-110.97029876708984,-360.6175842285156,921867.25,-46113.84765625,0.00000007212351960106389,121.41816711425781
0.16458499431610107,0.000000025676611059566312,0.00005037270238972269,-0.00460013234987855,3.2186036109924316,0.0028959941118955612,-129.1625518798828,-272.7637634277344,714053.75,-35720.3984375,0.00000005455275342569621,119.01927947998047
0.1645900011062622,0.0000000013083454319939847,0.0000679685763316229,-0.004873653408139944,3.519174098968506,0.0021900301799178123,-141.19276428222656,-191.81825256347656,472135.4375,-23621.251953125,0.00000003836365181086876,119.68881225585938
0.16459499299526215,-0.00000002389765541011002,0.00008622546738479286,-0.005041200201958418,3.6513776779174805,0.001457597711123526,-146.4864959716797,-122.03489685058594,207665.078125,-10394.2041015625,0.000000024406979548530217,120.64181518554688
0.16459999978542328,-0.000000049131813284475356,0.00010426995868328959,-0.005046831909567118,3.6088976860046387,0.0007336427224799991,-144.79100036621094,-66.38251495361328,-66727.546875,3329.08935546875,0.000000013276502563996928,118.21728515625
0.16460499167442322,-0.00000007332757689937353,0.0001212387578561902,-0.004839152563363314,3.393759250640869,0.00005270610563457012,-136.1873321533203,-26.146596908569336,-337938.84375,16893.2734375,0.00000000522931919988423,122.17471313476563
0.16460999846458435,-0.00000009523745347905788,0.00013631992624141276,-0.004381974693387747,3.016232967376709,-0.0005527259199880064,-121.08641052246094,-0.8331546783447266,-593017.0625,29650.58984375,0.00000000016663093127533557,119.11852264404297
0.1646149903535843,-0.00000011355318463301955,0.00014879164518788457,-0.0036631457041949034,2.494344711303711,-0.0010537732159718871,-100.20945739746094,11.608990669250488,-819781,40991.8125,-0.0000000023217980871237387,120.48192596435547
0.16461999714374542,-0.00000012705217500297294,0.0001580567186465487,-0.0026997991371899843,1.8530136346817017,-0.001426540780812502,-74.55351257324219,14.291768074035645,-1007401.5,50375.34375,-0.000000002858353553847337,118.28720092773438
0.16462498903274536,-0.00000013474681281877565,0.0001636710367165506,-0.0015389265026897192,1.1228634119033813,-0.001653259969316423,-45.343833923339844,10.712323188781738,-1146918.75,57353.0703125,-0.000000002142464650134457,122.02562713623047
0.1646299958229065,-0.00000013601184889466822,0.0001653648359933868,-0.0002530082128942013,0.3387589156627655,-0.0017231369856745005,-13.97540283203125,4.028413772583008,-1231670.125,61591.7734375,-0.0000000008056827427438407,120.09127044677734
0.16463500261306763,-0.00000013066858173260698,0.00016305554891005158,0.0010686543537303805,-0.4618584215641022,-0.0016328684287145734,18.05371856689453,-3.579432249069214,-1257608.375,62889.03515625,0.000000000715886461222226,119.61722564697266
0.16463999450206757,-0.00000011901118313062398,0.000156851761857979,0.0023314792197197676,-1.2407582998275757,-0.001386798918247223,49.21391296386719,-11.335309028625488,-1223494.75,61182.90234375,0.0000000022670618715636692,120.42388916015625
0.1646450012922287,-0.00000010177087972351728,0.00014704802015330642,0.003448060480877757,-1.9607478380203247,-0.000996713642962277,78.01705932617188,-20.00630760192871,-1130958.375,56554.85546875,0.000000004001261544317458,119.80352020263672
0.16464999318122864,-0.00000008002380980087764,0.00013411078543867916,0.004349414724856615,-2.58744740486145,-0.00048127566697075963,103.08760070800781,-31.72385597229004,-984418.25,49225.8984375,0.000000006344771374955371,119.21793365478516
0.16465499997138977,-0.000000055058237080629624,0.00011865612759720534,0.004993115086108446,-3.0909321308135986,0.0001348654623143375,123.22822570800781,-49.5236701965332,-790872.5,39546.03125,0.000000009904733921928255,121.34449768066406
0.1646599918603897,-0.000000028223334780363984,0.00010142032260773703,0.005366980563849211,-3.4471614360809326,0.0008222507894970477,137.47706604003906,-76.6907958984375,-559563.8125,27977.517578125,0.000000015338159187194833,119.2463607788086
0.16466499865055084,-0.000000000784325493441429,0.00008322468784172088,0.005487801972776651,-3.6391265392303467,0.0015480186557397246,145.15357971191406,-116.0353775024414,-301538.34375,15072.806640625,0.0000000232070753725111,120.5254898071289
0.16466999053955078,0.000000026193124114115562,0.00006493637192761526,0.00539549021050334,-3.657663583755493,0.002277474384754896,145.89112854003906,-169.23704528808594,-29118.123046875,1448.1661376953125,0.000000033847410207954454,118.16140747070313
0.16467499732971191,0.00000005191237661961168,0.00004742691817227751,0.005143850576132536,-3.5018908977508545,0.002975746523588896,139.65440368652344,-236.38389587402344,244687.4375,-12245.759765625,0.00000004727677804794439,119.04762268066406
0.16467998921871185,0.0000000758613296625299,0.00003153066791128367,0.004789791069924831,-3.179250478744507,0.003609452396631241,126.74119567871094,-315.794677734375,506802.78125,-25355.017578125,0.00000006315893585906451,122.02562713623047
0.16468499600887299,0.00000009777636478247587,0.00001800490281311795,0.004383007995784283,-2.705153226852417,0.004148292820900679,107.76811218261719,-404.1612243652344,744710.5625,-37253.57421875,0.00000008083224400934341,118.97679901123047
0.16469000279903412,0.00000011756667817053312,0.000007493689736293163,0.0039580632001161575,-2.1022427082061768,0.004566498566418886,83.64112854003906,-496.9862365722656,947049.5625,-47373.21875,0.00000009939724776586445,120.94823455810547
0.16469499468803406,0.00000013521801633942232,0.0000004971179805579595,0.0035302676260471344,-1.3993144035339355,0.004844060633331537,55.51237487792969,-589.2373046875,1104157,-55230.68359375,0.00000011784745623799608,120.43839263916016
0.1647000014781952,0.00000015069815617607674,-0.0000026525819976086495,0.003096026834100485,-0.6299400329589844,0.004967685788869858,24.725067138671875,-676.0962524414063,1208530.375,-60450.73828125,0.00000013521925268378254,119.23214721679688
0.16470499336719513,0.0000001638852751284503,-0.0000018069033558276715,0.0026374240405857563,0.16913573443889618,0.004931432660669088,-7.250612258911133,-753.6666870117188,1255185.25,-62784.1015625,0.00000015073334225235158,121.05072021484375
0.16471000015735626,0.00000017453524492339056,0.0000029918458039901452,0.002129994798451662,0.9597498178482056,0.004736993927508593,-38.887733459472656,-819.5079956054688,1241893.625,-62119.33984375,0.00000016390160340051807,118.62396240234375
0.1647149920463562,0.0000001822953379360115,0.000011512561286508571,0.0015520183369517326,1.7041431665420532,0.00439361622557044,-68.67552947998047,-872.8999633789063,1169290.25,-58488.19921875,0.00000017457999490488874,120.1201171875
0.16471999883651733,0.00000018676213642265793,0.000023346379748545587,0.0008933604112826288,2.3667638301849365,0.00391765870153904,-95.1915512084961,-914.7901611328125,1040842.25,-52064.08203125,0.0000001829580327239455,118.07769775390625
0.16472499072551727,0.00000018757205566544144,0.000037926205550320446,0.00016198490629903972,2.9159653186798096,0.00333181070163846,-117.16959381103516,-947.4369506835938,862683.75,-43153.77734375,0.00000018948739466395637,123.62467193603516
0.1647299975156784,0.0000001845055805915763,0.00005455379141494632,-0.0006132953567430377,3.325516939163208,0.002664010040462017,-133.56015014648438,-973.8201293945313,643322.625,-32182.791015625,0.00000019476402712825802,118.17536926269531
0.16473498940467834,0.0000001775829190364675,0.00007243307481985539,-0.001384531264193356,3.575857400894165,0.0019461072515696287,-143.58056640625,-996.9306640625,393234.53125,-19675.046875,0.0000001993861360460869,121.50668334960938
0.16473999619483948,0.00000016712971273591393,0.00009070821397472173,-0.0020906426943838596,3.6550285816192627,0.0012123454362154007,-146.75238037109375,-1019.0780639648438,124362.3984375,-6227.8505859375,0.00000020381561682825122,120.29351806640625
0.1647450029850006,0.00000015379619355826435,0.0001085044423234649,-0.0026667029596865177,3.559246301651001,0.0004977245116606355,-142.9241943359375,-1041.34765625,-150453.796875,7516.62841796875,0.0000002082695402805257,119.04762268066406
0.16474999487400055,0.0000001385220542715615,0.000124969839816913,-0.0030548274517059326,3.293081045150757,-0.0001636698143556714,-132.27886962890625,-1063.310791015625,-418090.1875,20902.021484375,0.00000021266215810555877,119.14691162109375
0.16475500166416168,0.00000012244882441336813,0.00013931604917161167,-0.0032146447338163853,2.8692409992218018,-0.000740294111892581,-115.32485961914063,-1083.046142578125,-665765.8125,33289.109375,0.00000021660922300270613,120.1201171875
0.16475999355316162,0.0000001067920010200396,0.00015085586346685886,-0.003131365403532982,2.3079631328582764,-0.0012046534102410078,-92.87187194824219,-1097.46728515625,-881652.9375,44086.34765625,0.00000021949345807570353,121.52144622802734
0.16476500034332275,0.00000009269265888178779,0.00015903610619716346,-0.002819869201630354,1.6360478401184082,-0.0015346144791692495,-65.99220275878906,-1102.8963623046875,-1055441.875,52778.1171875,0.00000022057926685192797,118.76484680175781
0.1647699922323227,0.00000008107292615022743,0.0001634640066185966,-0.002323946449905634,0.8855791091918945,-0.0017144621815532446,-35.96955108642578,-1095.7742919921875,-1178833.375,58949.34375,0.00000021915487025125913,120.32246398925781
0.16477499902248383,0.00000007251939848629263,0.00016392597171943635,-0.0017107058083638549,0.09239232540130615,-0.0017356507014483213,-4.237713813781738,-1073.375732421875,-1245934.875,62305.31640625,0.00000021467513988682185,120.68549346923828
0.16477999091148376,0.0000000672141879931587,0.00016039778711274266,-0.0010610426543280482,-0.7056372761726379,-0.001597211230546236,27.687889099121094,-1034.38916015625,-1253541.875,62685.7734375,0.0000002068778286457018,120.29351806640625
0.1647849977016449,0.0000000649252314133264,0.00015304576663766056,-0.0004577910585794598,-1.4704029560089111,-0.00130579830147326,58.28258514404297,-979.25634765625,-1201291.125,60072.54296875,0.0000001958512712008087,119.67448425292969
0.16478998959064484,0.00000006505722893734855,0.00014221883611753583,0.000026399065973237157,-2.16538667678833,-0.0008753720321692526,86.08525848388672,-910.2006225585938,-1091677.875,54590.421875,0.00000018204012519618118,119.61722564697266
0.16479499638080597,0.00000006675404762290782,0.00012843182776123285,0.0003393633814994246,-2.7574028968811035,-0.0003265313571318984,109.76813507080078,-830.9404907226563,-929936.6875,46501.2109375,0.00000016618810150248464,120.00479888916016
0.1648000031709671,0.00000006903476901243266,0.00011234091653022915,0.0004561447130981833,-3.2181830406188965,0.00031446944922208786,128.20016479492188,-746.13818359375,-723791.5,36191.20703125,0.00000014922763114100235,120.72920227050781
0.16480499505996704,0.00000007093994724982622,0.0000947122898651287,0.0003810351772699505,-3.525725841522217,0.0010169747984036803,140.50106811523438,-660.6856079101563,-483086.78125,24152.767578125,0.00000013213711724802124,120.55455017089844
0.16481000185012817,0.00000007166342896880451,0.00007638554961886257,0.0001446967653464526,-3.6653480529785156,0.0017473914194852114,146.08334350585938,-578.9599609375,-219317.3125,10960.78125,0.00000011579199110656191,119.60292053222656
0.1648149937391281,0.0000000706485039358995,0.00005823362516821362,-0.0002029848110396415,-3.630384922027588,0.002470793202519417,144.68035888671875,-504.1858215332031,54920.55078125,-2754.7646484375,0.00000010083716261988229,119.26058197021484
0.16482000052928925,0.00000006763404769571935,0.00004112107853870839,-0.0006028913194313645,-3.42250919342041,0.0031525883823633194,136.35903930664063,-438.0213317871094,326530.625,-16338.8857421875,0.0000000876042633990437,121.03607177734375
0.16482499241828918,0.0000000626460945341023,0.000025862820621114224,-0.00099759001750499,-3.0516514778137207,0.0037601718213409185,121.51669311523438,-380.44378662109375,582542.125,-29142.869140625,0.00000007608876018139199,119.26058197021484
0.16482999920845032,0.00000005594045049406304,0.000013185193893150426,-0.0013411290710791945,-2.535525321960449,0.004264482297003269,100.862060546875,-329.9526062011719,810729.25,-40555.265625,0.00000006599051971534209,119.0617904663086
0.16483499109745026,0.00000004791087349076406,0.000003691286110552028,-0.0016059157205745578,-1.898781657218933,0.004641389474272728,75.38143920898438,-284.0484924316406,1000194.9375,-50031.0703125,0.00000005680969650256884,121.69891357421875
0.1648399978876114,0.000000038983515082691156,-0.0000021678692974091973,-0.0017854714533314109,-1.1718311309814453,0.004872847348451614,46.291603088378906,-239.89500427246094,1141891.25,-57117.76953125,0.00000004797900032826874,118.66619110107422
0.16484498977661133,0.0000000295201534328271,-0.00000411483233619947,-0.001892672386020422,-0.389392614364624,0.0049477554857730865,14.981656074523926,-195.03506469726563,1229051.5,-61476.94140625,0.00000003900701273096274,121.15338134765625
0.16484999656677246,0.00000001975032404288868,-0.0000020590061922121095,-0.001953965751454234,0.4111652374267578,0.004862489178776741,-17.053258895874023,-148.02406311035156,1257513.375,-62900.41015625,0.000000029604812823436077,119.97600555419922
0.1648549884557724,0.000000009746167428659192,0.000003899037437804509,-0.002000831300392747,1.1916086673736572,0.004621072206646204,-48.28337478637695,-98.85760498046875,1225917.625,-61320.1953125,0.00000001977152130905324,120.27904510498047
0.16485999524593353,-0.0000000005552740489633834,0.000013472358659782913,-0.002060288330540061,1.9146642684936523,0.004234985448420048,-77.21736907958984,-49.110897064208984,1135773.125,-56811.76171875,0.000000009822179514173968,118.17536926269531
0.16486500203609467,-0.000000011287466072928964,0.000026201354557997547,-0.0021464384626597166,2.5457992553710938,0.0037226176355034113,-102.47356414794922,-1.761240839958191,991384.8125,-49590.41796875,0.00000000035224817507284456,121.25621795654297
0.1648699939250946,-0.000000022561561507927763,0.00004147570871282369,-0.0022548192646354437,3.054871082305908,0.0031083880458027124,-122.84590911865234,39.27455139160156,799647.875,-40001.0078125,-0.000000007854910499816015,119.77482604980469
0.16487500071525574,-0.00000003436562323599901,0.00005856353527633473,-0.0023608121555298567,3.41756534576416,0.0024215802550315857,-137.36158752441406,69.80194091796875,569718.6875,-28501.4765625,-0.000000013960388400846568,120.2501220703125
0.16487999260425568,-0.0000000464783518339118,0.00007664632721571252,-0.0024225458037108183,3.61655855178833,0.0016949429409578443,-145.3274688720703,86.08589935302734,312577.5625,-15640.986328125,-0.00000001721718057012822,120.8459243774414
0.1648849993944168,-0.000000058417661819021305,0.00009485804912401363,-0.0023878624197095633,3.6423444747924805,0.0009631269495002925,-146.3632049560547,85.52523040771484,40504.2578125,-2033.6876220703125,-0.00000001710504626828424,118.70845031738281
0.16488999128341675,-0.00000006943820807236989,0.00011232649558223784,-0.002204109448939562,3.4936885833740234,0.00026102986885234714,-140.41941833496094,67.13699340820313,-233508.375,11670.603515625,-0.000000013427398748433461,119.38873291015625
0.16489499807357788,-0.00000007858288597617502,0.00012821493146475405,-0.001828936394304037,3.1776866912841797,-0.0003778701648116112,-127.7800064086914,31.759885787963867,-496374.875,24817.439453125,-0.0000000063519771664743985,119.97600555419922
0.16489998996257782,-0.00000008478316004811859,0.00014176206605043262,-0.0012400553096085787,2.7094264030456543,-0.0009231132571585476,-109.04862213134766,-18.06243324279785,-735542.0625,36778.9921875,0.00000000361248675417869,120.40939331054688
0.16490499675273895,-0.00000008699347375795696,0.00015231838915497065,-0.0004420629993546754,2.1112661361694336,-0.001348712481558323,-85.1198501586914,-78.49645233154297,-939588.5,46984.04296875,0.000000015699290756288065,119.40298461914063
0.1649099886417389,-0.00000008433818976527618,0.00015937723219394684,0.0005310568958520889,1.4117681980133057,-0.0016343947499990463,-57.13646697998047,-145.05508422851563,-1098769.875,54945.23828125,0.00000002901101581187504,119.58861541748047
0.16491499543190002,-0.00000007624639408732037,0.0001625988952582702,0.001618359237909317,0.6443336009979248,-0.0017665692139416933,-26.434890747070313,-213.33673095703125,-1205484.625,60282.40234375,0.00000004266734521252147,121.72854614257813
0.16492000222206116,-0.00000006255140050370755,0.00016182693070732057,0.0027389987371861935,-0.1543920785188675,-0.001738975872285664,5.51866340637207,-279.72808837890625,-1254636.5,62740.66015625,0.0000000559456196924657,119.5743179321289
0.1649249941110611,-0.000000043537490057588,0.00015709559374954551,0.0038027819246053696,-0.9462687373161316,-0.0015529849333688617,37.19818878173828,-341.9418640136719,-1243878.25,62202.609375,0.00000006838837407485698,120.26457977294922
0.16493000090122223,-0.000000019925343153204267,0.0001486281689722091,0.0047224294394254684,-1.693483829498291,-0.0012175310403108597,67.09076690673828,-399.2880554199219,-1173723.625,58693.9453125,0.00000007985761385498336,117.6885986328125
0.16493499279022217,0.000000007201842677773129,0.0001368263765471056,0.005425437353551388,-2.3603572845458984,-0.000748686958104372,93.7688217163086,-452.6313781738281,-1047522.9375,52382.234375,0.00000009052627802930147,122.1001205444336
0.1649399995803833,0.00000003651940261306663,0.00012225114915054291,0.005863511934876442,-2.915045738220215,-0.00016889558173716068,115.9582748413086,-504.0453796386719,-871302.875,43568.88671875,0.0000001008090748655377,119.71746826171875
0.16494499146938324,0.00000006660935270019763,0.00010559583461144939,0.006017990410327911,-3.3310632705688477,0.0004941014340147376,132.5994110107422,-556.2303466796875,-653478.75,32674.783203125,0.00000011124606658086122,118.5817642211914
0.16494999825954437,0.00000009611131446263244,0.00008765310485614464,0.005900392308831215,-3.5885462760925293,0.0012085887137800455,142.89744567871094,-611.8084716796875,-404452.8125,20220.169921875,0.00000012236169766310923,121.4476547241211
0.1649549901485443,0.00000012385198999709246,0.00006927709910087287,0.005548136308789253,-3.675201416015625,0.0019403914920985699,146.3605499267578,-672.6329956054688,-136117.234375,6799.81884765625,0.00000013452660141410888,120.38040161132813
0.16495999693870544,0.00000014893370803292783,0.00005134262755746022,0.0050163427367806435,-3.5868940353393555,0.002654507989063859,142.8232879638672,-739.24267578125,138713.546875,-6945.37939453125,0.00000014784853874516557,118.80717468261719
0.16496498882770538,0.0000001707702779185638,0.00003470340743660927,0.004367315210402012,-3.3278441429138184,0.0033167805522680283,132.4545135498047,-810.5701293945313,406915.0625,-20359.025390625,0.0000001621140199858928,122.02562713623047
0.16496999561786652,0.0000001890688281491748,0.000020151277567492798,0.003659711219370365,-2.910426139831543,0.0038955272175371647,115.74932861328125,-883.95947265625,655679.3125,-32800.55078125,0.0000001767919002304552,119.61722564697266
0.16497500240802765,0.00000020376589304760273,0.000008378395250474568,0.002939412835985422,-2.354576587677002,0.004363054409623146,93.50541687011719,-955.4959716796875,873126.625,-43675.80859375,0.00000019109918980575458,118.34319305419922
0.1649799942970276,0.00000021493461588306673,-0.000000055821146816015244,0.002233743667602539,-1.6868433952331543,0.004696979187428951,66.78497314453125,-1020.5844116210938,1048872.875,-52465.4609375,0.0000002041168869482135,122.08521270751953
0.16498500108718872,0.00000022268463339969458,-0.000004751408141601132,0.0015500029549002647,-0.939117431640625,0.00488129910081625,36.863975524902344,-1074.673095703125,1174525.125,-58749.7421875,0.00000021493463009392144,118.5958251953125
0.16498999297618866,0.00000022707686753165035,-0.000005486956979439128,0.000878447899594903,-0.1471097469329834,0.004907155409455299,5.171231269836426,-1113.987548828125,1244083,-62228.55859375,0.00000022279751021869743,121.25621795654297
0.1649949997663498,0.0000002280717268376975,-0.0000022301849185168976,0.00019897206220775843,0.6513544321060181,0.004773256368935108,-26.779834747314453,-1136.136962890625,1254224.75,-62735.7734375,0.00000022722740311564849,120.19230651855469
0.16499999165534973,0.00000022552181633272994,0.000004860521585214883,-0.0005099812406115234,1.4181413650512695,0.004485939163714647,-57.46346664428711,-1140.4830322265625,1204466.125,-60247.171875,0.0000002280965958334491,119.46003723144531
0.16500499844551086,0.00000021921098891652946,0.0000154436711454764,-0.0012621654896065593,2.1166298389434814,0.0040588672272861,-85.4144287109375,-1128.19970703125,1097183.25,-54881.59375,0.0000002256399369571227,120.64181518554688
0.1650099903345108,0.00000020893146768230508,0.000029010971047682688,-0.002055903896689415,2.7134602069854736,0.0035123773850500584,-109.29798889160156,-1102.017578125,937499.4375,-46895.265625,0.00000022040352121166507,120.99213409423828
0.16501499712467194,0.00000019458279609807505,0.000044911612349096686,-0.0028697331435978413,3.1801278591156006,0.0028725091833621264,-127.97364807128906,-1065.6982421875,733040.4375,-36669.5859375,0.00000021313964282398956,119.58861541748047
0.16501998901367188,0.00000017627114345941663,0.00006238333298824728,-0.0036623310297727585,3.4943439960479736,0.002169760875403881,-140.5496368408203,-1023.3402099609375,493570.15625,-24692.87109375,0.0000002046680407374879,119.67448425292969
0.165024995803833,0.00000015438659772826213,0.00008058883395278826,-0.004376908764243126,3.6411001682281494,0.0014376337639987469,-146.42543029785156,-978.6475830078125,230524.46875,-11537.072265625,0.00000019572951259760885,119.11852264404297
0.16503000259399414,0.00000012963977269464522,0.00009865575702860951,-0.004949364811182022,3.613384485244751,0.0007110313745215535,-145.3204803466797,-934.2966918945313,-43534.87890625,2169.555908203125,0.00000018685933866890991,119.01927947998047
0.16503499448299408,0.00000010304597708454821,0.00011571834329515696,-0.005318759940564632,3.412517786026001,0.000024593202397227287,-137.2876434326172,-891.5224609375,-315520.15625,15772.453125,0.0000001783044893954866,120.48192596435547
0.1650400012731552,0.00000007585509820273728,0.00013095878239255399,-0.005438175052404404,3.048088788986206,-0.0005889596650376916,-122.71057891845703,-849.997802734375,-572442.75,28622.015625,0.00000016999956642393954,120.5254898071289
0.16504499316215515,0.000000049435492144311866,0.00014364627713803202,-0.005283921025693417,2.5374982357025146,-0.0011003869585692883,-102.28546905517578,-808.030029296875,-802033.3125,40104.609375,0.00000016160601035153377,120.32246398925781
0.16504999995231628,0.000000025128965575049733,0.00015317190263886005,-0.004861305467784405,1.9051259756088257,-0.001485325861722231,-76.98778533935547,-763.033203125,-993327.75,49671.890625,0.00000015260664554261893,119.77482604980469
0.16505499184131622,0.000000004099982575667127,0.00015907773922663182,-0.004205796867609024,1.1811679601669312,-0.0017254542326554656,-48.02568054199219,-712.1851806640625,-1137190.75,56866.96484375,0.00000014243703105876193,119.88970184326172
0.16505999863147736,-0.000000012796240511647738,0.0001610787003301084,-0.0033792448230087757,0.40019360184669495,-0.0018093656981363893,-16.782302856445313,-653.1427001953125,-1226752.125,61346.234375,0.00000013062853554401954,120.5109634399414
0.1650649905204773,-0.00000002510477870032446,0.00015907618217170238,-0.0024617076851427555,-0.4005049765110016,-0.001733114360831678,15.250262260437012,-584.6771850585938,-1257735,62895.796875,0.00000011693543200408385,119.60292053222656
0.16506999731063843,-0.00000003280610982869803,0.00015316272038035095,-0.0015402663266286254,-1.1826934814453125,-0.0015004031592980027,46.542236328125,-507.10662841796875,-1228659.625,61441.6484375,0.0000001014213282246601,116.30611419677734
0.16507498919963837,-0.000000036289787175292076,0.00014361760986503214,-0.0006967355730012059,-1.9090218544006348,-0.0011224071495234966,75.59920501708984,-422.43975830078125,-1140914.625,57053.234375,0.00000008448795085769234,123.5635757446289
0.1650799959897995,-0.00000003627176070608584,0.00013089357526041567,0.0000036052661016583443,-2.5448074340820313,-0.000617239682469517,101.03350067138672,-334.201416015625,-998690.125,49940.1171875,0.00000006684028619474702,120.1056900024414
0.16508500277996063,-0.000000033670112031813915,0.00011559511767700315,0.0005203297478146851,-3.0596914291381836,-0.000009087496437132359,121.63043975830078,-246.9693603515625,-808778.125,40441.9921875,0.00000004939387210356472,120.5109634399414
0.16508999466896057,-0.00000002946089416866471,0.00009844967280514538,0.0008418436045758426,-3.429088592529297,0.0006729442975483835,136.40635681152344,-165.70521545410156,-580247.8125,29012.435546875,0.000000033141041910766944,119.33174133300781
0.1650950014591217,-0.00000002453870884266962,0.00008027286821743473,0.0009844371816143394,-3.6353611946105957,0.0013962220400571823,144.6555633544922,-95.00399017333984,-324012.65625,16197.2685546875,0.0000000190007973799311,119.87532806396484
0.16509999334812164,-0.000000019605094436769832,0.00006192956061568111,0.0009867228800430894,-3.6686620712280273,0.002126142382621765,145.9840545654297,-38.399803161621094,-52309.171875,2608.4775390625,0.000000007679960667417163,120.46741485595703
0.16510500013828278,-0.000000015102058270599628,0.00004429253749549389,0.0009006072068586946,-3.527404308319092,0.0028277840465307236,140.3283233642578,2.143702268600464,221887.4375,-11105.0029296875,-0.00000000042874043204577106,120.23566436767578
0.16510999202728271,-0.000000011199253080462768,0.000028200856831972487,0.0007805610075592995,-3.2183361053466797,0.0034675761125981808,127.9583969116211,26.46456527709961,485482.9375,-24288.287109375,-0.000000005292913218823969,114.33798217773438
0.16511499881744385,-0.00000000783309594964976,0.00001441975291527342,0.0006732314359396696,-2.756220817565918,0.004014900885522366,109.4649429321289,36.11405563354492,725889.375,-36311.80859375,-0.00000000722281123799462,126.39029693603516
0.1651199907064438,-0.0000000047864299190791826,0.0000036041064959135838,0.0006093332776799798,-2.1631293296813965,0.004443556070327759,85.7310562133789,33.967247009277344,931626.0625,-46601.37890625,-0.000000006793449358610815,120.55455017089844
0.16512499749660492,-0.0000000017899950410793508,-0.000003732832738023717,0.0005992869846522808,-1.4673879146575928,0.0047330064699053764,57.89008331298828,23.60740852355957,1092868.125,-54665.625,-0.000000004721481872138611,115.34025573730469
0.16512998938560486,0.0000000013766308093465796,-0.000007243956133606844,0.000633325194939971,-0.7022247314453125,0.0048693642020225525,27.271507263183594,8.601624488830566,1201915.375,-60119.43359375,-0.000000001720324882548141,123.86968994140625
0.165134996175766,0.000000004806219422448521,-0.000006764873432985041,0.0006859177956357598,0.09581655263900757,0.004846051335334778,-4.662544250488281,-8.195026397705078,1253560.375,-62702.3671875,0.0000000016390052648418418,120.6563720703125
0.16514000296592712,0.00000000842383496291177,-0.0000023217608031700365,0.0007235230877995491,0.888622522354126,0.004664115607738495,-36.387123107910156,-25.17518424987793,1245336.75,-62291.0703125,0.000000005035036831912976,119.70313262939453
0.16514499485492706,0.000000011993983584090984,0.000005869887900189497,0.000714029767550528,1.6383297443389893,0.004332179203629494,-66.38728332519531,-42.253936767578125,1177637.25,-58905.18359375,0.00000000845078762523599,119.94721984863281
0.1651500016450882,0.000000015173624134945385,0.000017415552065358497,0.0006359280087053776,2.3091328144073486,0.003866027109324932,-93.23043823242188,-60.8313102722168,1053694.875,-52706.40625,0.000000012166261775803378,118.73664093017578
0.16515499353408813,0.00000001760011691942509,0.00003176052268827334,0.00048529868945479393,2.8689944744110107,0.003287853440269828,-115.63475036621094,-83.4506607055664,879428.5,-43990.75390625,0.000000016690131943164488,120.61270904541016
0.16516000032424927,0.00000001899578983000083,0.00004821639595320448,0.00027913448866456747,3.291175127029419,0.0026252015959471464,-132.53036499023438,-113.2188491821289,663160.1875,-33174.44921875,0.000000022643769526098367,120.49644470214844
0.1651649922132492,0.000000019266865436406988,0.00006599394691875204,0.00005421516107162461,3.5555107593536377,0.0019096492324024439,-143.1104736328125,-153.09945678710938,415217.875,-20774.01953125,0.00000003061989062302928,120.32246398925781
0.16516999900341034,0.000000018574999316456342,0.00008424081897828728,-0.00013837317237630486,3.6493752002716064,0.0011752997525036335,-146.86990356445313,-205.2143096923828,147442.046875,-7381.65087890625,0.00000004104286333017626,119.63153839111328
0.16517499089241028,0.000000017364344628845174,0.00010208223102381453,-0.0002421308308839798,3.5682828426361084,0.0004571537137962878,-143.62921142578125,-270.287841796875,-127379.6796875,6363.107421875,0.00000005405756553500396,118.84953308105469
0.1651799976825714,0.000000016335222952079675,0.00011866274871863425,-0.00020582429715432227,3.3161027431488037,-0.00021056219702586532,-133.54318237304688,-347.3411560058594,-396123.21875,19803.875,0.00000006946822850295575,121.787841796875
0.16518498957157135,0.000000016365468979984144,0.0001331871171714738,0.000006049245712347329,2.9048750400543213,-0.0007960299262776971,-117.09355163574219,-433.6971435546875,-645954.75,32298.791015625,0.0000000867394263082133,119.99040222167969
0.16518999636173248,0.000000018390547751323538,0.0001449582923669368,0.0004050158313475549,2.3542349338531494,-0.0012713595060631633,-95.06591796875,-525.2973022460938,-864943.5,43251.15625,0.00000010505945624572632,114.16828155517578
0.16519500315189362,0.000000023261650383687993,0.0001534106704639271,0.0009742206311784685,1.6904752254486084,-0.0016139209037646651,-68.51228332519531,-617.2750244140625,-1042631.6875,52137.94140625,0.0000001234550097706233,125.61235809326172
0.16519999504089355,0.000000031605651429345016,0.00015813711797818542,0.0016688003670424223,0.9452903270721436,-0.0018074248218908906,-38.700775146484375,-704.6786499023438,-1170533.875,58534.765625,0.00000014093572531237442,119.033447265625
0.1652050018310547,0.00000004371113959678041,0.000158908442244865,0.0024210980627685785,0.15426373481750488,-0.0018427002942189574,-7.055100440979004,-783.2113647460938,-1242542,62136.13671875,0.00000015664227248635143,121.5805435180664
0.16520999372005463,0.00000005946061776285205,0.00015568427625112236,0.003149895230308175,-0.6448322534561157,-0.0017181331058964133,24.913436889648438,-849.852294921875,-1255217.375,62770.08203125,0.0000001699704625934828,118.6802749633789
0.16521500051021576,0.00000007832109361061157,0.00014861507224850357,0.003772096009925008,-1.4138399362564087,-0.00143974251113832,55.678123474121094,-903.2421875,-1207954.625,60406.32421875,0.00000018064844198306673,119.9328384399414
0.1652199923992157,0.0000000993953293004779,0.00013803488400299102,0.004214847460389137,-2.1160385608673096,-0.001020893920212984,83.76972961425781,-943.7657470703125,-1103010.875,55157.7421875,0.0000001887531482225313,121.56576538085938
0.16522499918937683,0.00000012152527517628187,0.00012444538879208267,0.004425989463925362,-2.717897653579712,-0.0004816605360247195,107.8466796875,-973.316650390625,-945397.6875,47274.98828125,0.0000001946633290117461,118.27320861816406
0.16522999107837677,0.00000014343046927933756,0.00010849199315998703,0.004381038248538971,-3.190678358078003,0.00015213509323075414,126.75912475585938,-994.7921142578125,-742641.8125,37134.5,0.00000019895841774086875,120.56908416748047
0.1652349978685379,0.00000016385821766107256,0.00009093296102946624,0.0040855491533875465,-3.5118062496185303,0.0008501542033627629,139.60382080078125,-1011.4146728515625,-504425.875,25220.533203125,0.00000020228293351465254,120.35142517089844
0.16523998975753784,0.0000001817209067667136,0.00007260321581270546,0.0035725366324186325,-3.6659491062164307,0.0015789908356964588,145.767333984375,-1026.0107421875,-242125.890625,12102.0439453125,0.00000020520215571195877,120.20675659179688
0.16524499654769897,0.00000019619861291175766,0.00005437447543954477,0.0028955405578017235,-3.6457483768463135,0.002303767018020153,144.95526123046875,-1040.3848876953125,31732.041015625,-1594.4970703125,0.0000002080769831991347,120.03360748291016
0.1652499884366989,0.00000020679216561347857,0.00003711361569003202,0.002118709497153759,-3.452172040939331,0.0029897987842559814,137.20632934570313,-1054.907470703125,304069.875,-15215.0126953125,0.0000002109814971618107,120.5254898071289
0.16525499522686005,0.0000002133211154387027,0.000021641280909534544,0.0013057903852313757,-3.0944669246673584,0.0036042514257133007,122.8905029296875,-1068.396240234375,561882.0625,-28109.052734375,0.0000002136792573992352,119.1327133178711
0.16526000201702118,0.00000021587152332358528,0.000008692688425071537,0.0005100804846733809,-2.5897185802459717,0.004117708187550306,102.69139099121094,-1078.314208984375,792856.875,-39660.8671875,0.00000021566283692209254,118.18933868408203
0.16526499390602112,0.00000021470739852702536,-0.000001117483407142572,-0.00023282499751076102,-1.9620344638824463,0.004505575634539127,77.57353210449219,-1081.2467041015625,985964.0625,-49318.79296875,0.00000021624933310704364,122.18963623046875
0.16527000069618225,0.0000002101662630593637,-0.000007324445050471695,-0.0009082267642952502,-1.2413923740386963,0.004749257583171129,48.73638153076172,-1073.5682373046875,1131981.875,-56621.62109375,0.00000021471363709224534,120.20675659179688
0.1652749925851822,0.00000020256130994766863,-0.0000096354933702969,-0.001520989928394556,-0.4622097313404083,0.004837042652070522,17.55698585510254,-1052.1724853515625,1223937.125,-61220.6015625,0.00000021043449294211314,118.6802749633789
0.16527999937534332,0.00000019211077528780152,-0.00000794399056758266,-0.0020901071839034557,0.3383006155490875,0.004764663986861706,-14.475744247436523,-1015.1276245117188,1257438.625,-62896.1171875,0.00000020302552172779542,121.41816711425781
0.16528499126434326,0.00000017890891967908829,-0.0000023344541659753304,-0.002640369813889265,1.121907353401184,0.0045355032198131084,-45.8321418762207,-962.131591796875,1230886.375,-61568.14453125,0.00000019242631310589786,119.87532806396484
0.1652899980545044,0.00000016294433180519263,0.000006921476142451866,-0.003192916512489319,1.8511861562728882,0.004160428885370493,-75.01484680175781,-894.6807861328125,1145548.5,-57300.1015625,0.00000017893616188757733,120.03360748291016
0.16529498994350433,0.0000001441610635311008,0.00001937801243911963,-0.0037566525861620903,2.491307497024536,0.0036572774406522512,-100.63029479980469,-815.9193725585938,1005500.3125,-50295.8203125,0.00000016318386997227208,120.19230651855469
0.16529999673366547,0.00000012254932357791404,0.00003443651075940579,-0.004322349093854427,3.0116994380950928,0.003050000872462988,-121.45529174804688,-730.1929931640625,817429.75,-40889.7734375,0.0000001460386016560733,119.18951416015625
0.1653049886226654,0.00000009824570668115484,0.00005137404514243826,-0.004860724322497845,3.387507438659668,0.0023675239644944668,-136.49539184570313,-642.3934326171875,590318.125,-29531.15625,0.00000012847868902099435,113.98609161376953
0.16530999541282654,0.00000007162059034726553,0.00006937795842532068,-0.0053250230848789215,3.6007819175720215,0.001642361981794238,-145.03240966796875,-557.2107543945313,335011.125,-16762.39453125,0.00000011144215505964894,126.72665405273438
0.16531500220298767,0.00000004333189096428214,0.00008758463081903756,-0.0056577399373054504,3.6413350105285645,0.000909068388864398,-146.65872192382813,-478.4353942871094,63700.99609375,-3193.26171875,0.00000009568707781681951,120.16342163085938
0.1653199940919876,0.000000014330391095995765,0.00010512076551094651,-0.005800300277769566,3.5072269439697266,0.0002025847788900137,-141.29672241210938,-408.43603515625,-210655.859375,10528.248046875,0.00000008168720455614675,120.49644470214844
0.16532500088214874,-0.000000014189289743171685,0.00012114506534999236,-0.005703936330974102,3.204859733581543,-0.00044342793989926577,-129.20254516601563,-347.9112243652344,-474957.53125,23746.86328125,0.00000006958224219033582,119.78916931152344
0.16532999277114868,-0.000000040887769614528224,0.00013488841068465263,-0.005339696072041988,2.748669147491455,-0.000998196890577674,-110.95379638671875,-295.9566345214844,-716582.3125,35831.33203125,0.000000059191325618712654,120.36591339111328
0.16533499956130981,-0.00000006441612754315429,0.00014569060294888914,-0.0047056712210178375,2.1604385375976563,-0.001435306970961392,-87.42201232910156,-250.43319702148438,-923991.375,46204.55859375,0.00000005008664061278978,119.3175048828125
0.16533999145030975,-0.00000008356612823945397,0.0001530318841105327,-0.003829999826848507,1.4682552814483643,-0.0017339619807898998,-59.73100280761719,-208.56321716308594,-1087280,54371.17578125,0.000000041712642229185803,120.49644470214844
0.1653449982404709,-0.00000009741092554804709,0.00015655774041078985,-0.0027689593844115734,0.7051715850830078,-0.0018799779936671257,-29.203208923339844,-167.63844299316406,-1198650.25,59941.18359375,0.00000003352768729314448,120.55455017089844
0.16534999012947083,-0.0000001054127451993736,0.00015609586262144148,-0.0016003637574613094,-0.09237432479858398,-0.0018664607778191566,2.703451156616211,-125.70374298095703,-1252783.625,62648.58203125,0.000000025140748149965475,119.04762268066406
0.16535499691963196,-0.00000010747942269517807,0.00015166436787694693,-0.0004133359179832041,-0.8862987756729126,-0.0016941346693783998,34.46521759033203,-82.08448791503906,-1247095,62364.08203125,0.00000001641689806319846,81.97393035888672
0.1653599888086319,-0.00000010396040295290732,0.00014347091200761497,0.000703803903888911,-1.6386908292770386,-0.0013713084626942873,64.56524658203125,-37.65517807006836,-1181856,59101.2734375,0.000000007531035350893944,226.19317626953125
0.16536499559879303,-0.00000009558315383628724,0.0001319027942372486,0.0016754493117332458,-2.3136229515075684,-0.0009134782012552023,91.56605529785156,5.204187870025635,-1060182.125,53015.96484375,-0.0000000010408375272774606,59.908939361572266
0.16537000238895416,-0.00000008334130541243212,0.00011750846169888973,0.0024483697488904,-2.8788671493530273,-0.00034258741652593017,114.17816162109375,42.956871032714844,-887884,44398.76953125,-0.000000008591373834576643,119.67448425292969
0.1653749942779541,-0.00000006835385590875376,0.00010097130143549293,0.0029974891804158688,-3.3074326515197754,0.0003140209009870887,131.32167053222656,71.50040435791016,-673189.5625,33661.19140625,-0.000000014300080231066659,120.43839263916016
0.16538000106811523,-0.00000005171953176841271,0.00008307701500598341,0.0033268649131059647,-3.5788564682006836,0.0010249100159853697,142.17784118652344,86.88908386230469,-426351.65625,21316.013671875,-0.000000017377816519115186,119.83223724365234
0.16538499295711517,-0.000000034390410519336,0.00006467611819971353,0.0034658238291740417,-3.6801795959472656,0.001756050856783986,146.22816467285156,86.05284118652344,-159157.90625,7952.77099609375,-0.000000017210568969971973,117.08230590820313
0.1653899997472763,-0.00000001708487573637285,0.00004664329026127234,0.0034611071459949017,-3.6065659523010254,0.0024724467657506466,143.27915954589844,67.37702178955078,115631.8203125,-5790.37158203125,-0.000000013475404792018253,119.78916931152344
0.16539499163627625,-0.00000000025200996844887413,0.000029835620807716623,0.0033665732480585575,-3.3615341186523438,0.0031398048158735037,133.4716033935547,31.034460067749023,384894.9375,-19257.109375,-0.0000000062068918893487535,123.8850326538086
0.16539999842643738,0.000000015910238460037363,0.000015051678929012269,0.003232449758797884,-2.9567885398864746,0.003726173657923937,117.27378845214844,-20.994054794311523,635772.8125,-31804.33984375,0.00000000419881107660558,119.9040756225586
0.16540499031543732,0.000000031390982258017175,0.0000029933762561995536,0.003096149303019047,-2.411660671234131,0.00420346949249506,95.45918273925781,-85.21501922607422,856284.75,-42832.8671875,0.000000017043003452954508,119.56002044677734
0.16540999710559845,0.00000004627271010804179,-0.000005767554284830112,0.0029763453640043736,-1.7521861791610718,0.004548816941678524,69.06948852539063,-157.1789093017578,1035900.25,-51816.03125,0.00000003143578197750685,120.04801940917969
0.1654149889945984,0.00000006062940371975856,-0.0000108168587757973,0.0028713392093777657,-1.0098609924316406,0.004745641257613897,39.364898681640625,-232.19517517089844,1166041.75,-58324.83203125,0.000000046439033951628517,119.26058197021484
0.16541999578475952,0.00000007443895810865797,-0.000011917547453776933,0.002761910669505596,-0.22013771533966064,0.00478446064516902,7.763884544372559,-306.0721130371094,1240494.375,-62048.44921875,0.00000006121442197581928,120.13455200195313
0.16542500257492065,0.00000008752882507678805,-0.000009021210644277744,0.0026179729029536247,0.5792674422264099,0.004663337953388691,-24.224502563476563,-375.7454833984375,1255702.625,-62809.0546875,0.00000007514909583505869,120.32246398925781
0.1654299944639206,0.00000009956687563317246,-0.0000022703316062688828,0.002407609950751066,1.3501758575439453,0.00438797427341342,-55.072715759277344,-439.6786804199219,1210940.25,-60570.33203125,0.00000008793573869070315,119.5743179321289
0.16543500125408173,0.00000011009995404265283,0.000008008519216673449,0.0021066158078610897,2.0557701587677,0.003971436060965061,-83.30766296386719,-497.9632263183594,1108345,-55439.19140625,0.00000009959264701819848,120.2501220703125
0.16543999314308167,0.00000011863274096413079,0.000021320278392522596,0.0017065578140318394,2.6623518466949463,0.003433530917391181,-107.58103942871094,-552.1032104492188,952816.1875,-47660.66796875,0.00000011042063619015607,120.30799102783203
0.1654449999332428,0.00000012473107346977486,0.00003702503090607934,0.001219665165990591,3.1409504413604736,0.0027998622972518206,-126.73373413085938,-604.5275268554688,751781.125,-37606.22265625,0.00000012090551138044248,120.30799102783203
0.16544999182224274,0.00000012812839145226462,0.00005436856736196205,0.0006794639630243182,3.468707799911499,0.0021006064489483833,-139.85116577148438,-657.9266357421875,514840.21875,-25756.009765625,0.00000013158532397028466,120.2501220703125
0.16545499861240387,0.00000012881288569133176,0.00007251840725075454,0.0001368981902487576,3.6299688816070557,0.0013690716587007046,-146.30697631835938,-714.5404052734375,253308.59375,-12675.9326171875,0.00000014290807826000673,119.76048278808594
0.1654599905014038,0.0000001270756797566719,0.00009060355660039932,-0.0003474409750197083,3.6170294284820557,0.0006401071441359818,-145.79290771484375,-775.5372314453125,-20324.328125,1009.3710327148438,0.00000015510744333369075,119.81787872314453
0.16546499729156494,0.0000001235077320416167,0.00010775608097901568,-0.0007135882624424994,3.4305050373077393,-0.000051560753490775824,-138.33358764648438,-840.6031494140625,-292991.15625,14646.357421875,0.00000016812063563520496,118.28720092773438
0.16546998918056488,0.00000011894232443410147,0.00012315258209127933,-0.000913082214538008,3.0793001651763916,-0.0006729871383868158,-124.2852783203125,-907.822509765625,-551670.75,27583.794921875,0.00000018156450209971808,115.42012786865234
0.165474995970726,0.00000011435034252826881,0.0001360534952254966,-0.0009183965739794075,2.580183744430542,-0.0011945817386731505,-104.31892395019531,-973.875,-784009.8125,39203.85546875,0.00000019477499790809816,126.438232421875
0.16548000276088715,0.0000001107047893356139,0.00014583843585569412,-0.0007291110814549029,1.9569880962371826,-0.0015915220137685537,-79.3880615234375,-1034.5147705078125,-978913.0625,48951.625,0.0000002069029534368383,117.28829193115234
0.16548499464988708,0.00000010883686485385624,0.00015203579096123576,-0.0003735851787496358,1.2394709587097168,-0.001844938611611724,-50.68333435058594,-1085.2442626953125,-1127072.875,56361.6015625,0.00000021704886421503033,122.66928100585938
0.16549000144004822,0.000000109308288642751,0.00015434526721946895,0.0000942843034863472,0.46189460158348083,-0.0019428165396675467,-19.575592041015625,-1122.055419921875,-1221413.75,61079.9140625,0.00000022441108171733504,120.6563720703125
0.16549499332904816,0.00000011232198460220388,0.00015265221009030938,0.0006027394556440413,-0.33861085772514343,-0.0018805686850100756,12.449562072753906,-1142.1019287109375,-1257430.625,62881.24609375,0.00000022842039015813498,117.26078796386719
0.1655000001192093,0.00000011768683805257751,0.00014703310444019735,0.0010729710338637233,-1.1238200664520264,-0.0016612551407888532,43.862709045410156,-1144.1763916015625,-1233403.375,61679.57421875,0.0000002288352760615453,123.016357421875
0.16550499200820923,0.00000012484275657698163,0.0001377519074594602,0.0014311851700767875,-1.8562383651733398,-0.0012954368721693754,73.16365814208984,-1128.901611328125,-1150479.5,57532.28125,0.00000022578032599085418,119.87532806396484
0.16550999879837036,0.00000013294182110712427,0.00012524744670372456,0.0016198138473555446,-2.500892162322998,-0.0008006714633665979,98.95308685302734,-1098.6026611328125,-1012618.9375,50637.42578125,0.00000021972053332319774,118.46937561035156
0.1655149906873703,0.00000014097139455770957,0.00011011245078407228,0.0016059154877439141,-3.026998519897461,-0.00020067463628947735,119.9993667602539,-1056.8814697265625,-826405.3125,41324.26953125,0.00000021137630312750844,121.35922241210938
0.16551999747753143,0.00000014789803515213862,0.00009306526771979406,0.0013853291748091578,-3.4094362258911133,0.00047581217950209975,135.29736328125,-1007.9752197265625,-600731.125,30037.560546875,0.00000020159504288130847,119.80352020263672
0.16552498936653137,0.00000015280765808256547,0.0000749155442463234,0.0009819254046306014,-3.6299448013305664,0.0011963946744799614,144.11648559570313,-956.0184326171875,-346373.5,17316.296875,0.00000019120368222047546,119.5743179321289
0.1655299961566925,0.00000015501865391343017,0.0000565255613764748,0.00044219871051609516,-3.6779966354370117,0.001926572062075138,146.03549194335938,-904.3465576171875,-75479.265625,3767.9814453125,0.0000001808693070870504,119.81787872314453
0.16553500294685364,0.00000015415011489494646,0.00003876905975630507,-0.00017370906425639987,-3.551300048828125,0.002631385577842593,140.96270751953125,-854.9716186523438,199015.015625,-9960.3837890625,0.00000017099432625400368,121.34449768066406
0.16553999483585358,0.00000015013598897439806,0.000022489519324153662,-0.0008028261945582926,-3.2559080123901367,0.0032770871184766293,129.14031982421875,-808.3264770507813,464000.875,-23213.201171875,0.0000001616652980374056,120.1201171875
0.1655450016260147,0.00000014318612784336437,0.000008459868695354089,-0.0013899713521823287,-2.8059301376342773,0.0038327514193952084,111.13284301757813,-763.3244018554688,706824,-35357.5859375,0.00000015266488162524183,118.31519317626953
0.16554999351501465,0.00000013370505769216834,-0.0000026544184947852045,-0.0018962131580337882,-2.2228574752807617,0.004271752201020718,87.80018615722656,-717.7198486328125,915888.3125,-45813.578125,0.00000014354397137594788,120.75836181640625
0.16555500030517578,0.00000012218680467412923,-0.000010327107702323701,-0.0023036508355289698,-1.5345377922058105,0.004573034588247538,60.25651931762695,-668.701416015625,1081210,-54081.859375,0.00000013374028640100732,120.32246398925781
0.16555999219417572,0.00000010910818559750624,-0.00001419633008481469,-0.0026157235261052847,-0.7738444805145264,0.004722120240330696,29.817142486572266,-613.6002807617188,1194894.125,-59767.57421875,0.00000012272005278646247,119.91845703125
0.16556499898433685,0.00000009484255514280449,-0.000014081867448112462,-0.0028531260322779417,0.02289259433746338,0.004711798392236233,-2.064361572265625,-550.579345703125,1251511.625,-62599.19140625,0.0000001101158630945065,120.36591339111328
0.1655699908733368,0.0000000796112402667859,-0.000009993755156756379,-0.003046262776479125,0.8176226019859314,0.004542470443993807,-33.86555480957031,-479.17022705078125,1248358.875,-62441.50390625,0.00000009583404647628413,116.41443634033203
0.16557499766349792,0.00000006348207648443349,-0.0000021318037397577427,-0.003225833410397172,1.5723903179168701,0.004222131334245205,-64.06782531738281,-400.5530700683594,1185586.375,-59302.03125,0.00000008011061680690545,123.68583679199219
0.16557998955249786,0.000000046414548648954224,0.000009123941708821803,-0.003413505619391799,2.2511491775512695,0.003765986766666174,-91.22892761230469,-317.52398681640625,1066191.875,-53330.70703125,0.0000000635047996411231,117.34334564208984
0.165584996342659,0.000000028341501590034568,0.000023231352315633558,-0.0036146093625575304,2.8214821815490723,0.0031957277096807957,-114.05183410644531,-234.15390014648438,895877,-44812.6796875,0.00000004683078103084881,121.93634796142578
0.16559000313282013,0.000000009269541578760254,0.00003951210237573832,-0.0038143920246511698,3.256150245666504,0.002538494300097227,-131.4467010498047,-155.19989013671875,682775.125,-34154.734375,0.000000031039977699265364,120.56908416748047
0.16559499502182007,-0.00000001062388221839683,0.00005718406828236766,-0.003978685010224581,3.534393310546875,0.001825579907745123,-142.58287048339844,-85.37785339355469,437062.96875,-21865.841796875,0.000000017075571179248072,120.09127044677734
0.1656000018119812,-0.000000030918744897689976,0.00007539866783190519,-0.004058972466737032,3.64292049407959,0.001090936828404665,-146.92860412597656,-28.631031036376953,170474.515625,-8532.853515625,0.000000005726206175893367,120.2501220703125
0.16560499370098114,-0.00000005092368837722461,0.00009328140004072338,-0.004000989254564047,3.576547145843506,0.0003695546183735132,-144.2764434814453,12.469725608825684,-104259.296875,5207.51025390625,-0.000000002493945050474622,119.38873291015625
0.16561000049114227,-0.00000006970004307049749,0.0001099735964089632,-0.0037552714347839355,3.338439464569092,-0.0003042106982320547,-134.75306701660156,37.08289337158203,-374018.59375,18699.08203125,-0.000000007416578462482448,120.78753662109375
0.1656149923801422,-0.00000008613843505145269,0.0001246734318556264,-0.003287678584456444,2.9399662017822266,-0.000898277445230633,-118.8133544921875,46.145301818847656,-625920.9375,31297.568359375,-0.000000009229060182747162,119.48858642578125
0.16561999917030334,-0.00000009907778064643935,0.00013667419261764735,-0.0025878697633743286,2.400153160095215,-0.0013843701453879476,-97.21853637695313,42.10538101196289,-847936.8125,42401.33203125,-0.00000000842107628074018,120.40939331054688
0.16562499105930328,-0.00000010744809486595841,0.0001453980803489685,-0.0016740630380809307,1.744776725769043,-0.0017393698217347264,-70.99993896484375,28.392791748046875,-1029463.8125,51480.11328125,-0.000000005678558512300924,120.58362579345703
0.16562999784946442,-0.00000011041348102480697,0.0001504237443441525,-0.000593077449593693,1.005131483078003,-0.0019464181968942285,-41.40967559814453,8.725149154663086,-1161833.125,58100.35546875,-0.0000000017450298983590073,118.89192962646484
0.16563498973846436,-0.00000010749103296348039,0.00015150642138905823,0.0005844900733791292,0.2165365219116211,-0.0019957225304096937,-9.860885620117188,-13.615462303161621,-1238723.5,61945.90625,0.000000002723092418221995,119.66016387939453
0.1656399965286255,-0.00000009862502992064037,0.00014858966460451484,0.0017732004635035992,-0.583351731300354,-0.0018850236665457487,22.13976287841797,-36.40000915527344,-1256463,62833.12890625,0.0000000072800014905283206,120.27904510498047
0.16564498841762543,-0.00000008420345665172135,0.00014180797734297812,0.002884315326809883,-1.356337547302246,-0.0016197036020457745,53.06402587890625,-58.8472900390625,-1214204.5,60719.65234375,0.00000001176945829683973,119.66016387939453
0.16564999520778656,-0.00000006501368687850118,0.00013148042489774525,0.0038379537872970104,-2.065509796142578,-0.0012125283246859908,81.43505859375,-81.72044372558594,-1113966,55706.3984375,0.000000016344088749065122,121.02142333984375
0.1656550019979477,-0.00000004214487603348971,0.0001180954059236683,0.004573761951178312,-2.677004337310791,-0.0006830386118963361,105.89794921875,-107.10920715332031,-960534.375,48032.78125,0.000000021421842077984365,117.96626281738281
0.16565999388694763,-0.000000016853579865028223,0.00010228728933725506,0.00505825923755765,-3.1616225242614746,-0.00005661649629473686,125.284423828125,-137.9387664794922,-761236.75,38065.25390625,0.000000027587752526869735,115.72734832763672
0.16566500067710876,0.000000009584624649505713,0.00008480616816086695,0.005287641193717718,-3.4962239265441895,0.0006367265596054494,138.66860961914063,-177.29931640625,-525590.5625,26279.8125,0.00000003545986260178324,126.00806427001953
0.1656699925661087,0.00000003601290643473476,0.00006648201087955385,0.0052856565453112125,-3.66483211517334,0.0013637831434607506,145.41131591796875,-227.7252197265625,-264849.125,13239.2724609375,0.000000045545043292349874,121.12403106689453
0.16567499935626984,0.00000006149824116619129,0.000048185022023972124,0.005097067449241877,-3.659398078918457,0.002089735586196184,145.19049072265625,-290.5609130859375,8535.9052734375,-433.61419677734375,0.00000005811218528606332,119.50286865234375
0.16567999124526978,0.00000008538826534731925,0.00003078410372836515,0.00477800564840436,-3.4801840782165527,0.00277981860563159,138.0166015625,-365.53607177734375,281509.03125,-14085.900390625,0.00000007310721628073225,119.87532806396484
0.1656849980354309,0.00000010731373123462618,0.000015105350030353293,0.004385093692690134,-3.1357507705688477,0.0034009795635938644,124.2322006225586,-450.6328430175781,541034.4375,-27065.62109375,0.00000009012656931872698,119.80352020263672
0.16568998992443085,0.00000012714059494101093,0.0000018926029952126555,0.003965372685343027,-2.642549514770508,0.003923457115888596,104.49549102783203,-542.27294921875,774718.5,-38752.9296875,0.00000010845458575658995,119.43150329589844
0.16569499671459198,0.0000001448851492114045,-0.000008228076694649644,0.0035489103756844997,-2.0241360664367676,0.004322201944887638,79.74896240234375,-635.79248046875,971401.625,-48589.69921875,0.00000012715850061795209,120.81671905517578
0.16569998860359192,0.00000016061217422702612,-0.000014778303011553362,0.00314540509134531,-1.3100452423095703,0.004578073509037495,51.174320220947266,-726.1182861328125,1121691.25,-56106.17578125,0.0000001452236517707206,120.22120666503906
0.16570499539375305,0.00000017433875143524347,-0.000017450209270464256,0.0027453145012259483,-0.5343811511993408,0.004678754135966301,20.1361026763916,-808.5208129882813,1218410.25,-60943.40234375,0.00000016170416472505167,119.66016387939453
0.16571000218391418,0.00000018596458062347665,-0.000016121150110848248,0.0023251655511558056,0.2658117413520813,0.004619336687028408,-11.883520126342773,-879.3065185546875,1256939.875,-62870.38671875,0.0000001758613024094302,117.89672088623047
0.16571499407291412,0.00000019524397032455454,-0.000010859563190024346,0.0018558790907263756,1.0523173809051514,0.004402559250593185,-43.355506896972656,-936.3201904296875,1235440.125,-61795.10546875,0.00000018726403538948944,122.29424285888672
0.16572000086307526,0.00000020180580406758963,-0.000001921695911732968,0.0013123666867613792,1.7875735759735107,0.004038674291223288,-72.77696990966797,-979.1680908203125,1154937.75,-57768.90234375,0.00000019583362131925242,119.80352020263672
0.1657249927520752,0.00000020521785870641907,0.000010260630915581714,0.0006824098527431488,2.4364655017852783,0.003544959705322981,-98.74293518066406,-1009.121337890625,1019277.1875,-50984.0546875,0.00000020182426396786468,120.06243133544922
0.16572999954223633,0.00000020508268505636806,0.000025100642233155668,-0.000027033383958041668,2.9680025577545166,0.002944892505183816,-120.01345825195313,-1028.7213134765625,834936.875,-41764.5703125,0.00000020574425718677958,119.67448425292969
0.16573499143123627,0.0000002011454398598289,0.00004188463572063483,-0.000787449418567121,3.3567988872528076,0.0022670284379273653,-135.57281494140625,-1041.1644287109375,610720,-30550.724609375,0.00000020823289048621518,119.33174133300781
0.1657399982213974,0.00000019339084644798277,0.00005980605783406645,-0.0015509173972532153,3.584284543991089,0.0015436384128406644,-144.67800903320313,-1049.585205078125,357334,-17878.03515625,0.0000002099170330893685,120.13455200195313
0.16574499011039734,0.00000018210832308795943,0.00007800402818247676,-0.002256503328680992,3.6395933628082275,0.0008091668714769185,-146.89431762695313,-1056.3731689453125,86879.359375,-4351.68603515625,0.00000021127463867287588,120.56908416748047
0.16574999690055847,0.00000016790937706900877,0.00009560443868394941,-0.0028397878631949425,3.5200812816619873,0.00009858736302703619,-142.11590576171875,-1062.656982421875,-187728.375,9382.373046875,0.0000002125314040313242,115.2073745727539
0.1657549887895584,0.00000015169042910656572,0.00011176170664839447,-0.0032437900081276894,3.2314531803131104,-0.0005542678409256041,-130.571044921875,-1068.0516357421875,-453375.3125,22668.2734375,0.00000021361033475386648,125.976318359375
0.16575999557971954,0.00000013454418024139159,0.0001256991527043283,-0.003429250791668892,2.787489652633667,-0.0011183233000338078,-112.81111145019531,-1070.718505859375,-697375.5,34871.546875,0.00000021414371076389216,118.87779235839844
0.16576500236988068,0.00000011763256679842016,0.0001367460936307907,-0.0033823219127953053,2.2093896865844727,-0.0015667446423321962,-89.68428039550781,-1067.72705078125,-908076.6875,45409.42578125,0.00000021354541956952744,120.5981674194336
0.16576999425888062,0.00000010204175282524375,0.0001443698856746778,-0.00311816344037652,1.5247578620910645,-0.0018782197730615735,-62.29502868652344,-1055.6494140625,-1075416.875,53778.6796875,0.00000021112988690674683,119.61722564697266
0.16577500104904175,0.00000008864330425240041,0.0001482013176428154,-0.0026796902529895306,0.7662859559059143,-0.002037976635619998,-31.951377868652344,-1031.2745361328125,-1191404.625,59579.625,0.00000020625491004011565,120.5400161743164
0.1657799929380417,0.00000007798534085168285,0.00014805227692704648,-0.002131592482328415,-0.029807865619659424,-0.0020384888630360365,-0.10244083404541016,-992.3064575195313,-1250501.125,62535.24609375,0.00000019846129362122156,120.00479888916016
0.16578499972820282,0.00000007023216852530823,0.00014392472803592682,-0.0015506346244364977,-0.825508713722229,-0.0018798349192366004,31.73078155517578,-937.912841796875,-1249884,62504.39453125,0.0000001875825716979307,119.94721984863281
0.16578999161720276,0.00000006516260953048914,0.00013601062528323382,-0.0010139110963791609,-1.5828206539154053,-0.0015696947230026126,62.028045654296875,-869.0184326171875,-1189582.875,59488.54296875,0.00000017380368433350668,119.37448120117188
0.1657949984073639,0.00000006222699511226892,0.0001246827159775421,-0.0005871233297511935,-2.2655811309814453,-0.0011229824740439653,89.34245300292969,-788.2847900390625,-1072477.375,53631.71875,0.00000015765695593472628,119.94721984863281
0.16579999029636383,0.00000006065231872298682,0.00011047677980968729,-0.0003149358672089875,-2.8411874771118164,-0.0005611347150988877,112.36955261230469,-699.779052734375,-904159.875,45213.609375,0.00000013995581582548766,120.9628677368164
0.16580499708652496,0.00000005957690163427287,0.00009406601020600647,-0.0002150834770873189,-3.282154083251953,0.00008891342440620065,130.00962829589844,-608.3892822265625,-692668.3125,34636.22265625,0.000000121677857123359,118.5958251953125
0.1658099889755249,0.00000005819086723590772,0.00007622888369951397,-0.0002772065927274525,-3.56742525100708,0.0007960146176628768,141.4202423095703,-519.0946655273438,-448102.46875,22404.6796875,0.00000010381893389421748,121.22681427001953
0.16581499576568604,0.0000000558582406995356,0.00005781198342447169,-0.0004665250889956951,-3.683380126953125,0.001526296604424715,146.05641174316406,-436.2253112792969,-182141.59375,9103.099609375,0.0000000872450627298349,118.73664093017578
0.16582000255584717,0.000000052200395117552034,0.000039689562981948256,-0.0007315693655982614,-3.6244845390319824,0.002244780072942376,143.6967010498047,-362.8467712402344,92513.3984375,-4633.30126953125,0.00000007256935674604392,121.4476547241211
0.1658249944448471,0.00000004712811829676866,0.000022721796995028853,-0.0010144551051780581,-3.3935532569885254,0.0029170485213398933,134.45372009277344,-300.3835144042969,362746.34375,-18148.541015625,0.0000000600767009473202,119.68881225585938
0.16583000123500824,0.0000000408194154033481,0.000007713712875556666,-0.0012617403408512473,-3.001616954803467,0.0035108926240354776,118.76882934570313,-248.54757690429688,615652.3125,-30797.201171875,0.00000004970951650307143,114.16828155517578
0.16583499312400818,0.00000003365027723134517,-0.000004623263521352783,-0.001433827797882259,-2.467395305633545,0.003997847903519869,97.39102172851563,-205.58460998535156,839153.75,-41975.2421875,0.000000041116923199524535,126.95188903808594
0.1658399999141693,0.000000026094362226558587,-0.00001370527570543345,-0.0015111829852685332,-1.8164024353027344,0.004354553297162056,71.34112548828125,-168.78575134277344,1022577.375,-51148.859375,0.00000003375714996423085,112.86681365966797
0.16584499180316925,0.000000018613011576462668,-0.00001910392165882513,-0.0014962704153731465,-1.0797290802001953,0.004563868977129459,41.86309814453125,-135.1676788330078,1157163.875,-57879.96875,0.000000027033534522047376,127.55101776123047
0.16584999859333038,0.000000011558284995771828,-0.000020566709281411022,-0.0014109454350546002,-0.2925577163696289,0.00461569195613265,10.364619255065918,-102.18904876708984,1236486,-61847.12109375,0.000000020437809666873363,119.38873291015625
0.16585499048233032,0.000000005108687251009769,-0.00001802912083803676,-0.0012899196008220315,0.5075178146362305,0.004507441073656082,-21.65015411376953,-68.36616516113281,1256755.75,-62860.8671875,0.00000001367323232415174,120.71463012695313
0.16585999727249146,-0.0000000007496638865234218,-0.000011617684322118293,-0.0011716702720150352,1.282287359237671,0.0042441789992153645,-52.65241241455078,-33.6696662902832,1217005.125,-60872.79296875,0.000000006733932966795919,120.2501220703125
0.1658649891614914,-0.000000006192966583995485,-0.000001643938958295621,-0.001088660559616983,1.9947490692138672,0.003838370554149151,-81.16168975830078,0.37405475974082947,1119132.375,-55977.83984375,-0.00000000007481094910222197,119.78916931152344
0.16586999595165253,-0.000000011487276907473642,0.000011410445949877612,-0.001058861962519586,2.61087703704834,0.0033092875964939594,-105.81658172607422,30.897268295288086,967811.5625,-48409.76953125,-0.000000006179453837518167,119.0617904663086
0.16587500274181366,-0.000000016888886733568143,0.000026916672140941955,-0.001080322195775807,3.101245403289795,0.0026820888742804527,-125.43975067138672,54.181427001953125,770268.9375,-38529.9921875,-0.000000010836285646576016,118.97679901123047
0.1658799946308136,-0.000000022538539923289136,0.00004412884300108999,-0.001129930722527206,3.442434310913086,0.0019866181537508965,-139.09413146972656,66.33174896240234,535938.125,-26810.31640625,-0.000000013266349796481336,121.25621795654297
0.16588500142097473,-0.00000002837214907458474,0.00006221958028618246,-0.0011667216895148158,3.618147373199463,0.0012559795286506414,-146.1277313232422,64.00881958007813,276009.59375,-13810.4130859375,-0.000000012801764093239854,120.56908416748047
0.16588999330997467,-0.000000034068001752984856,0.0000803195362095721,-0.0011391708394512534,3.6199913024902344,0.0005249560927040875,-146.20469665527344,45.078826904296875,2896.247314453125,-151.09226989746094,-0.000000009015765023434597,119.47431182861328
0.1658950001001358,-0.0000000390438046338204,0.00009755890641827136,-0.0009951606625691056,3.4478750228881836,-0.00017165084136649966,-139.32139587402344,9.059285163879395,-270359.40625,13515.345703125,-0.000000001811856997768757,121.27091979980469
0.16589999198913574,-0.00000004250754415124902,0.00011310898116789758,-0.0006927482318133116,3.110015869140625,-0.0008006838033907115,-125.80659484863281,-42.724517822265625,-530708,26536.2578125,0.000000008544903451479513,119.73180389404297
0.16590499877929688,-0.00000004355597837957248,0.00012622171198017895,-0.0002096870302921161,2.6225457191467285,-0.0013322124723345041,-106.30574035644531,-107.3033447265625,-765716.5625,38289.83203125,0.000000021460669685779976,120.33694458007813
0.16590999066829681,-0.00000004130524899892407,0.0001362654147669673,0.0004501462390180677,2.0087413787841797,-0.0017409631982445717,-81.75015258789063,-180.51812744140625,-964162.3125,48214.77734375,0.00000003610362497852293,118.99095916748047
0.16591499745845795,-0.000000035031668232932134,0.00014275497233029455,0.0012547164224088192,1.2979121208190918,-0.0020075258798897266,-53.31254196166992,-257.6802978515625,-1116568.5,55837.12890625,0.00000005153606252861209,122.26433563232422
0.16591998934745789,-0.00000002429826650995892,0.0001453749864595011,0.002146680373698473,0.5240014791488647,-0.0021192808635532856,-22.350984573364258,-334.31610107421875,-1215656.875,60792.8828125,0.00000006686322251425736,117.93843841552734
0.16592499613761902,-0.0000000090446601319627,0.00014399481005966663,0.003050721250474453,-0.2760351896286011,-0.002071001334115863,9.655900955200195,-406.8556823730469,-1256695.5,62845.37109375,0.00000008137113383099859,119.37448120117188
0.16593000292778015,0.000000010375998726885882,0.0001386748335789889,0.003884132020175457,-1.0639947652816772,-0.0018651034915819764,41.17957305908203,-473.13909912109375,-1237724.625,61896.5859375,0.00000009462782202263043,113.99908447265625
0.1659349948167801,0.000000033220064921124504,0.00012966357462573797,0.004568813368678093,-1.8022507429122925,-0.0015115307178348303,70.71456909179688,-532.6474609375,-1159650.125,57991.83203125,0.00000010652949100631304,128.2051239013672
0.16594000160694122,0.0000000584329633568359,0.00011738582543330267,0.005042579956352711,-2.455550193786621,-0.0010272787185385823,96.85040283203125,-586.4160766601563,-1026200.5625,51317.5859375,0.00000011728321425152899,119.83223724365234
0.16594499349594116,0.00000008477201163259451,0.00010242233838653192,0.005267810076475143,-2.992697238922119,-0.0004355842247605324,118.33889770507813,-636.6502685546875,-843748.6875,42192.5703125,0.000000127330054056074,119.9040756225586
0.1659500002861023,0.00000011095168872543582,0.00008548212645109743,0.005235935561358929,-3.38804292678833,0.00023518496891483665,134.15383911132813,-686.1181030273438,-621007.5,31052.552734375,0.0000001372236226870882,118.89192962646484
0.16595499217510223,0.000000135787018962219,0.00006736857176292688,0.0049670664593577385,-3.6227102279663086,0.0009528845548629761,143.5399169921875,-737.4380493164063,-368614.03125,18429.525390625,0.00000014748761145710887,119.37448120117188
0.16595999896526337,0.00000015831155053547263,0.00004894109588349238,0.0045049069449305534,-3.685494899749756,0.0016831287648528814,146.04885864257813,-792.3980102539063,-98621.328125,4926.30224609375,0.0000001584796081033346,121.59532928466797
0.1659649908542633,0.0000001778515752448584,0.00003107409065705724,0.0039080046117305756,-3.5734009742736816,0.002390932757407427,141.560791015625,-851.4384765625,176077.15625,-8812.2734375,0.00000017028769150329026,120.17786407470703
0.16596999764442444,0.00000019404660633881576,0.000014615172403864563,0.003239007666707039,-3.2917838096618652,0.0030423826538026333,130.29000854492188,-913.3977661132813,442363.1875,-22130.115234375,0.0000001826795568149464,120.14898681640625
0.16597498953342438,0.00000020681645196418685,0.00000034469758247723803,0.002553969621658325,-2.854094982147217,0.0036062560975551605,112.77470397949219,-975.5731201171875,687520.3125,-34391.2265625,0.00000019511462312493677,118.32919311523438
0.1659799963235855,0.00000021628483182212221,-0.000011061494660680182,0.0018936758860945702,-2.281238555908203,0.004055512137711048,89.85125732421875,-1034.085205078125,899841.0625,-45010.0859375,0.0000002068170488200849,122.17471313476563
0.16598500311374664,0.0000002226776558700294,-0.000019064362277276814,0.0012785641010850668,-1.6005735397338867,0.004368583671748638,62.61433029174805,-1084.4830322265625,1069186.125,-53479.5859375,0.00000021689660911761166,119.71746826171875
0.16598999500274658,0.00000022621813400292012,-0.000023287400836125016,0.0007080945069901645,-0.8446075916290283,0.004530406557023525,32.36457443237305,-1122.4744873046875,1187468.375,-59395.26171875,0.0000002244948973384453,118.42728424072266
0.16599500179290771,0.00000022704094249093032,-0.00002353462332393974,0.00016456126468256116,-0.04944443702697754,0.004533139057457447,0.5465154647827148,-1144.648193359375,1249039.25,-62474.6171875,0.00000022892963613685424,115.95547485351563
0.16599999368190765,0.00000022514333863909997,-0.00001979992157430388,-0.00037952192360535264,0.746940553188324,0.004376537166535854,-31.320423126220703,-1149.0516357421875,1250958.5,-62570.58984375,0.00000022981032543611946,125.1094741821289
0.1660050004720688,0.00000022038324232198647,-0.00001226735366799403,-0.0009520202875137329,1.5065135955810547,0.004067964851856232,-61.7144889831543,-1135.517578125,1193134.5,-59678.609375,0.00000022710351288424135,121.35922241210938
0.16600999236106873,0.00000021252472492960806,-0.0000013023591236560605,-0.0015717034693807364,2.1929988861083984,0.0036220436450093985,-89.18425750732422,-1105.6783447265625,1078328.5,-53936.765625,0.000000221135678657447,118.53958892822266
0.16601499915122986,0.0000002013214412954767,0.000012565696124511305,-0.002240655943751335,2.773611068725586,0.0030599539168179035,-112.41796112060547,-1062.666015625,912023.1875,-45619.26953125,0.00000021253320880987303,120.29351806640625
0.1660199910402298,0.00000018662061052054923,0.00002866879731300287,-0.002940164878964424,3.2206201553344727,0.002408423461019993,-130.30612182617188,-1010.5546264648438,702160.4375,-35123.3203125,0.00000020211092532917974,110.1685562133789
0.16602499783039093,0.00000016846557571170706,0.00004623218410415575,-0.0036310069262981415,3.5126771926879883,0.0016984507674351335,-141.99453735351563,-953.6505126953125,458762.28125,-22950.15625,0.00000019073010548709135,130.9071807861328
0.16602998971939087,0.00000014717454632773297,0.0000644113461021334,-0.004258205182850361,3.6358323097229004,0.0009638253832235932,-146.92507934570313,-895.76318359375,193452.125,-9681.0986328125,0.000000179152635837454,119.67448425292969
0.166034996509552,0.00000012337729060618585,0.00008233235712395981,-0.004759451374411583,3.584202289581299,0.00023951369803398848,-144.86233520507813,-839.5930786132813,-81100.09375,4050.185546875,0.00000016791861412457365,120.1201171875
0.16603998839855194,0.00000009799892097817064,0.00009913360554492101,-0.005075673572719097,3.3602499961853027,-0.0004400105099193752,-135.90484619140625,-786.3516235351563,-351783.15625,17587.9609375,0.00000015727032121048978,121.52144622802734
0.16604499518871307,0.00000007219001219027632,0.00011400694347685203,-0.005161781795322895,2.974668025970459,-0.0010424127103760839,-120.4804458618164,-735.6810913085938,-605670.5625,30285.728515625,0.00000014713621965256607,120.00479888916016
0.1660500019788742,0.000000047212193265977476,0.00012623627844732255,-0.0049955639988183975,2.4458675384521484,-0.0015390415210276842,-99.32576751708984,-685.8893432617188,-830637.9375,41537.109375,0.00000013717786373490526,119.34598541259766
0.16605499386787415,0.000000024297136747009063,0.00013523177767638117,-0.004583011381328106,1.7990989685058594,-0.0019062970532104373,-73.45110321044922,-634.4505615234375,-1015941.9375,50804.79296875,0.00000012689011441580078,121.61011505126953
0.16606000065803528,0.000000004502103578829519,0.0001405580114806071,-0.003959006629884243,1.065246343612671,-0.0021267577540129423,-44.092140197753906,-578.6762084960938,-1152733.375,57646.19921875,0.00000011573524005825675,118.52554321289063
0.16606499254703522,-0.000000011413574085850087,0.00014195477706380188,-0.003183135762810707,0.2793523073196411,-0.0021900124847888947,-12.650954246520996,-516.424072265625,-1234479.875,61734.62890625,0.00000010328481891974661,120.5400161743164
0.16606999933719635,-0.000000023070095167554427,0.00013934950402472168,-0.0023313043639063835,-0.5210550427436829,-0.0020931577309966087,19.370929718017578,-446.7109069824219,-1257277.5,62874.82421875,0.00000008934217987643933,118.7789535522461
0.1660749912261963,-0.000000030493069402837136,0.00013286073226481676,-0.001484594540670514,-1.2977546453475952,-0.0018409364856779575,50.44425964355469,-370.10650634765625,-1220037.5,61012.33984375,0.00000007402130108857818,120.8459243774414
0.16607999801635742,-0.000000034079658206565,0.0001227924512932077,-0.0007173179183155298,-2.013657569885254,-0.0014455111231654882,79.0850830078125,-288.83392333984375,-1124538.375,56236.125,0.00000005776678690949666,121.12403106689453
0.16608498990535736,-0.00000003451150121236424,0.00010961956286337227,-0.00008636858547106385,-2.634578227996826,-0.000925883068703115,103.92561340332031,-206.5513458251953,-975340.625,48774.2578125,0.000000041310268983352216,118.20330810546875
0.1660899966955185,-0.00000003263016523646911,0.00009396523091709241,0.00037626715493388474,-3.1308670043945313,-0.0003069853992201388,123.779541015625,-127.85372161865234,-779569.1875,38983.08984375,0.000000025570743744651736,121.05072021484375
0.16609498858451843,-0.000000029297327230892733,0.00007657110108993948,0.0006665675900876522,-3.4788260459899902,0.000381508085411042,137.69869995117188,-57.58580780029297,-546573.125,27330.19140625,0.000000011517161446761293,118.21728515625
0.16609999537467957,-0.00000002526409836889343,0.00005826189590152353,0.0008066457230597734,-3.6618409156799316,0.0011065995786339045,145.018310546875,-0.09172114729881287,-287479.125,14372.048828125,0.00000000001834422891366927,121.37395477294922
0.1661050021648407,-0.00000002107171326315438,0.00003990602635894902,0.0008384770480915904,-3.6711740493774414,0.0018335436470806599,145.38882446289063,41.459266662597656,-14660.21875,727.4779663085938,-0.00000000829185342610117,119.37448120117188
0.16610999405384064,-0.000000016999498697600757,0.000022374118998413906,0.0008144429884850979,-3.5063815116882324,0.0025275058578699827,138.79244995117188,65.5462875366211,258855.171875,-12951.9267578125,-0.000000013109257679388975,114.28571319580078
0.16611500084400177,-0.000000013066907555980833,0.000006497439244412817,0.0007865182124078274,-3.1753358840942383,0.003155226819217205,125.544189453125,72.48246002197266,520005.25,-26012.900390625,-0.000000014496492006799144,126.48621368408203
0.1661199927330017,-0.000000009086131846913759,-0.000006971800758037716,0.0007961551891639829,-2.693848133087158,0.0036866101436316967,106.27665710449219,64.27912139892578,756318.875,-37831.71875,-0.000000012855823960933321,120.91898345947266
0.16612499952316284,-0.0000000047523451840447706,-0.000017396370822098106,0.0008667573565617204,-2.084914207458496,0.004096159711480141,81.90992736816406,44.21550750732422,956510.875,-47843.9765625,-0.000000008843101362288053,118.94849395751953
0.16612999141216278,0.0000000002482156702399152,-0.00002428445077384822,0.0010001121554523706,-1.3776161670684814,0.0043641976080834866,53.607574462890625,16.19588279724121,1111021.125,-55571.5390625,-0.00000000323917648259453,120.94823455810547
0.1661349982023239,0.000000006135133290285921,-0.000027313117243465967,0.0011773835867643356,-0.6057331562042236,0.0044778031297028065,22.72114372253418,-15.984441757202148,1212471,-60645.37109375,0.000000003196888309631163,119.61722564697266
0.16613999009132385,0.000000012957026562787632,-0.00002634376141941175,0.0013643787242472172,0.19387127459049225,0.00443143118172884,-9.274435043334961,-49.32582473754883,1256015.75,-62823.17578125,0.000000009865164685152195,120.06243133544922
0.16614499688148499,0.000000020556919722025668,-0.00002142871198884677,0.0015199787449091673,0.9830098152160645,0.004227174911648035,-40.85125732421875,-82.13497161865234,1239575.875,-62000.953125,0.00000001642699487547361,120.8021240234375
0.16614998877048492,0.000000028587015421521755,-0.000012808738574676681,0.001606019213795662,1.7239947319030762,0.0038746679201722145,-70.50141906738281,-114.26434326171875,1163936.5,-58217.9609375,0.00000002285286804237785,119.56002044677734
0.16615499556064606,0.000000036570128258972545,-0.0000009015475370688364,0.0015966228675097227,2.3814382553100586,0.003390622790902853,-96.80902099609375,-147.0366668701172,1032709.875,-51654.8671875,0.000000029407333457243112,119.18951416015625
0.1661600023508072,0.00000004399559827561461,0.000013718160516873468,0.001485094428062439,2.9239416122436523,0.0027980338782072067,-118.51779174804688,-182.87095642089844,852162.625,-42625.0859375,0.00000003657419256342109,120.67092895507813
0.16616499423980713,0.0000000504303869774958,0.000030346138373715803,0.0012869574129581451,3.3255958557128906,0.0021250785794109106,-134.59107971191406,-224.6826934814453,630916.8125,-31559.83203125,0.0000000449365380461586,119.30326843261719
0.16617000102996826,0.00000005562265315006698,0.00004818222441826947,0.001038453308865428,3.5672173500061035,0.0014037719229236245,-144.26133728027344,-275.17413330078125,379538.09375,-18987.53125,0.00000005503482469748633,119.80352020263672
0.1661749929189682,0.00000005957616266982768,0.00006636854959651828,0.0007907020626589656,3.637265205383301,0.0006684378604404628,-147.0668182373047,-336.1513977050781,110031.0234375,-5508.5703125,0.00000006723028178612367,119.91845703125
0.16617999970912933,0.00000006257898377270976,0.00008403050742344931,0.000600563595071435,3.5323920249938965,-0.00004593015182763338,-142.8736114501953,-408.0003662109375,-164734.09375,8233.3623046875,0.00000008160007070046049,120.77294921875
0.16618499159812927,0.00000006517844752806923,0.00010031853162217885,0.0005198927829042077,3.2576041221618652,-0.0007053400040604174,-131.88197326660156,-489.4229431152344,-431635.875,21582.0234375,0.00000009788458754655949,118.34319305419922
0.1661899983882904,0.00000006810449804106611,0.00011444863775977865,0.000585209927521646,2.826021194458008,-0.0012784244026988745,-114.61686706542969,-577.4872436523438,-677928.375,33899.9453125,0.00000011549744272087992,120.91898345947266
0.16619499027729034,0.00000007215330555254695,0.00012573989806696773,0.0008097614627331495,2.258251667022705,-0.001737938611768186,-91.90284729003906,-667.9844360351563,-891849.9375,44598.890625,0.00000013359688466607622,120.3948974609375
0.16619999706745148,0.00000007805090973533879,0.00013364692858885974,0.0011795209720730782,1.581407070159912,-0.0020620618015527725,-64.82464599609375,-756.0291137695313,-1063184.75,53167.9296875,0.0000001512058247499226,111.68193054199219
0.16620498895645142,0.00000008632072479031194,0.0001377859734930098,0.0016539636999368668,0.8278079032897949,-0.002235438907518983,-34.675437927246094,-836.7915649414063,-1183750.625,59197.84375,0.00000016735830854486267,130.70187377929688
0.16620999574661255,0.00000009717856386259882,0.00013795317499898374,0.0021715674083679914,0.03344005346298218,-0.002249913988634944,-2.895033836364746,-906.2273559570313,-1247790,62400.6796875,0.0000001812454684113618,119.47431182861328
0.16621500253677368,0.00000011047414716358617,0.0001341343595413491,0.0026591161731630564,-0.7637637257575989,-0.002104919869452715,28.998844146728516,-961.6690673828125,-1252244.75,62623.48828125,0.0000001923338146525566,119.43150329589844
0.16621999442577362,0.0000001256900361568114,0.0001265056780539453,0.003043178701773286,-1.5257353782653809,-0.001807504566386342,59.483062744140625,-1002.1707153320313,-1196902,59855.625,0.0000002004341439487689,120.61270904541016
0.16622500121593475,0.00000014199865461250738,0.00011542523134266958,0.0032617237884551287,-2.2160890102386475,-0.0013719955459237099,87.101806640625,-1028.5416259765625,-1084404.75,54229.27734375,0.00000020570833214605955,119.46003723144531
0.1662299931049347,0.0000001583677118333071,0.00010141593520529568,0.0032738118898123503,-2.801859140396118,-0.000819315027911216,110.53610229492188,-1043.0672607421875,-920125.1875,46013.12109375,0.0000002086134571754883,120.91898345947266
0.16623499989509583,0.00000017369595184391073,0.0000851405638968572,0.003065649652853608,-3.2550747394561768,-0.00017598108388483524,128.6667938232422,-1048.9678955078125,-711908.5,35599.5234375,0.0000002097935691836028,119.66016387939453
0.16623999178409576,0.00000018695583037242613,0.00006737009243806824,0.002651974791660905,-3.5540943145751953,0.0005271589034236968,140.6280059814453,-1049.702392578125,-469698.09375,23485.78515625,0.00000020994046678879386,120.49644470214844
0.1662449985742569,0.00000019731876932382875,0.00004894689118373208,0.002072588773444295,-3.684640407562256,0.0012564014177769423,145.84849548339844,-1048.2471923828125,-205060.703125,10250.3994140625,0.00000020964942848422652,119.88970184326172
0.16624999046325684,0.00000020424256774731475,0.000030744486139155924,0.0013847588561475277,-3.6404809951782227,0.0019767959602177143,144.0789031982422,-1046.4886474609375,69365.9375,-3474.578857421875,0.0000002092977382517347,119.21793365478516
0.16625499725341797,0.00000020750732687702111,0.000013625851352117024,0.0006529511883854866,-3.423727035522461,0.002653814386576414,135.40370178222656,-1044.8433837890625,340476.59375,-17033.71484375,0.00000020896867169994948,119.74613952636719
0.1662599891424179,0.00000020719652127354493,-0.0000015978066585375927,-0.00006216124165803194,-3.044731616973877,0.0032550001051276922,120.23713684082031,-1042.17822265625,595324.375,-29779.48828125,0.00000020843565096129169,120.8021240234375
0.16626499593257904,0.0000002036296677943028,-0.000014205788829713129,-0.0007133701583370566,-2.5215964317321777,0.0037515172734856606,99.30343627929688,-1036.04638671875,821739.0625,-41103.23046875,0.00000020720928262107918,119.38873291015625
0.16627000272274017,0.00000019726209643522452,-0.000023602315195603296,-0.001273512956686318,-1.879305362701416,0.004119528457522392,73.60224914550781,-1023.1934204101563,1008908.25,-50464.171875,0.0000002046386811116463,119.81787872314453
0.1662749946117401,0.00000018857306827158027,-0.000029344981157919392,-0.0017378049669787288,-1.1485333442687988,0.004341332707554102,44.36088562011719,-1000.2371826171875,1147893.75,-57415.28515625,0.00000020004743817025883,117.56407165527344
0.16628000140190125,0.00000017796511997403286,-0.00003116588413831778,-0.00212158914655447,-0.36418065428733826,0.00440621143206954,12.975727081298828,-964.3934936523438,1232058.25,-61624.62109375,0.0000001928787014549016,123.2437744140625
0.16628499329090118,0.00000016569484273531998,-0.000028984413802390918,-0.0024540540762245655,0.43629398941993713,0.004310938995331526,-19.054473876953125,-914.1083984375,1257382.5,-62891.15625,0.00000018282167957295314,119.9328384399414
0.16629000008106232,0.00000015184862434125534,-0.00002291110467922408,-0.0027692425064742565,1.2146618366241455,0.004059938248246908,-50.200157165527344,-849.4765625,1222657.125,-61154.41015625,0.00000016989531559374882,113.16057586669922
0.16629499197006226,0.00000013636764606417273,-0.000013242356544651557,-0.0030961954034864902,1.9337496757507324,0.0036650681868195534,-78.97400665283203,-772.3660888671875,1129540.375,-56497.3203125,0.0000001544732128877513,127.73023223876953
0.1662999987602234,0.00000011911649266949098,-0.0000004462790457182564,-0.0034502316266298294,2.559215545654297,0.0031450584065169096,-104.00196075439453,-686.2222290039063,982479.125,-49142.28125,0.00000013724444158924598,120.2501220703125
0.16630499064922333,0.00000009998072414418857,0.000014859660041111056,-0.0038271541707217693,3.061187744140625,0.0025246141012758017,-124.08885955810547,-595.5874633789063,788496.25,-39440.5390625,0.00000011911748742932105,119.76048278808594
0.16630999743938446,0.00000007897274656443187,0.00003193812517565675,-0.004201595205813646,3.4156928062438965,0.0018332366598770022,-138.27549743652344,-505.4238586425781,556855.4375,-27855.39453125,0.00000010108477255243997,119.54572296142578
0.1663149893283844,0.00000005632312394254768,0.00004996712232241407,-0.004529924597591162,3.6057991981506348,0.0011038146913051605,-145.88441467285156,-420.3647766113281,298618.71875,-14940.1025390625,0.00000008407295837287165,120.19230651855469
0.16631999611854553,0.00000003253686742255013,0.00006807925819884986,-0.004757251124829054,3.6224265098571777,0.0003710531163960695,-146.5523223876953,-344.0334167480469,26118.208984375,-1311.4295654296875,0.00000006880668479425367,120.42388916015625
0.16632500290870667,0.000000008400574458278243,0.00008540315320715308,-0.004827258642762899,3.464778423309326,-0.00033018365502357483,-140.2473602294922,-278.5539245605469,-247632.921875,12379.791015625,0.000000055710785318296985,118.97679901123047
0.1663299947977066,-0.000000015064607339354552,0.00010110506264027208,-0.004693036433309317,3.140381336212158,-0.0009665368706919253,-127.27064514160156,-224.3452911376953,-509561.65625,25479.734375,0.000000044869057802543466,121.08003234863281
0.16633500158786774,-0.0000000366989247879701,0.00011442868708400056,-0.004326863680034876,2.664724826812744,-0.001507746521383524,-108.24192810058594,-180.23277282714844,-747159.5625,37362.8125,0.00000003604655418598668,120.06243133544922
0.16633999347686768,-0.00000005533423319548092,0.00012473130482248962,-0.00372706213966012,2.0605220794677734,-0.0019280962878838181,-84.06996154785156,-143.85350036621094,-949080.1875,47461.546875,0.000000028770699600499938,119.8609619140625
0.1663450002670288,-0.0000000699370232837282,0.00013151443272363394,-0.0029205582104623318,1.3566243648529053,-0.0022076419554650784,-55.90911865234375,-112.27635192871094,-1105680.75,55293.6796875,0.00000002245526964372857,120.27904510498047
0.16634999215602875,-0.00000007973992666165941,0.00013444764772430062,-0.0019605811685323715,0.586644172668457,-0.002333163283765316,-25.104270935058594,-82.71614837646484,-1209482.875,60485.18359375,0.000000016543229008902927,114.60004425048828
0.16635499894618988,-0.00000008433902110027702,0.00013338439748622477,-0.0009198193438351154,-0.21265001595020294,-0.002298796083778143,6.873462677001953,-53.20476531982422,-1255529.375,62788.13671875,0.000000010640953007623466,126.00806427001953
0.16635999083518982,-0.00000008373999094146711,0.00012836894893553108,0.00011980556882917881,-1.0030899047851563,-0.0021063112653791904,38.496944427490234,-23.090003967285156,-1241621.375,62092.5625,0.000000004618000648548559,119.40298461914063
0.16636499762535095,-0.00000007834521653649063,0.00011963430006289855,0.0010789543157443404,-1.7469303607940674,-0.0017650314839556813,68.2559585571289,6.735109329223633,-1168423,58431.68359375,-0.0000000013470218274136414,119.63153839111328
0.1663699895143509,-0.0000000688842547447166,0.00010759104043245316,0.0018921924056485295,-2.40865159034729,-0.0012913849204778671,94.72931671142578,33.91679000854492,-1039429.8125,51980.31640625,-0.000000006783358319495392,120.86052703857422
0.16637499630451202,-0.000000056300127226904806,0.0000928077643038705,0.0025168254505842924,-2.9566547870635986,-0.0007081211660988629,116.65274810791016,55.02536392211914,-860801.875,43046.55078125,-0.000000011005072408920569,118.83541107177734
0.16638000309467316,-0.00000004161155686688289,0.00007598390220664442,0.002937714336439967,-3.364772081375122,-0.00004322495078667998,132.979248046875,66.16854095458984,-641069.5625,32057.01953125,-0.000000013233707463200517,110.48503112792969
0.1663849949836731,-0.000000025775134915306808,0.00005791632429463789,0.003167284419760108,-3.613516092300415,0.0006714205956086516,142.92910766601563,63.71891403198242,-390726.15625,19536.5234375,-0.00000001274378291782341,131.33700561523438
0.16639000177383423,-0.00000000957100887433171,0.000039461276173824444,0.0032408253755420446,-3.691009759902954,0.0014015564229339361,146.02716064453125,45.01814651489258,-121726.8359375,6082.98486328125,-0.000000009003628953507814,120.03360748291016
0.16639499366283417,0.000000006469242919138196,0.00002149350257241167,0.0032080502714961767,-3.593554735183716,0.002112183254212141,142.1253662109375,8.9252347946167,153082.375,-7661.12646484375,-0.0000000017850469991032014,118.5114974975586
0.1664000004529953,0.000000022082028650061147,0.000004864470611209981,0.0031225571874529123,-3.3258063793182373,0.0027692336589097977,131.41006469726563,-43.895477294921875,420577.96875,-21039.458984375,0.000000008779095672650783,122.42899322509766
0.16640499234199524,0.000000037238052641441755,-0.000009638296432967763,0.003031205153092742,-2.9005534648895264,0.0033411982003599405,114.39289855957031,-111.00172424316406,667985.6875,-33413.1328125,0.00000002220034467370624,120.33694458007813
0.16640999913215637,0.0000000520650758062402,-0.000021328825823729858,0.0029654044192284346,-2.3381059169769287,0.003800630569458008,91.88648986816406,-188.5126953125,883490.625,-44191.23828125,0.00000003770253798052181,119.6458511352539
0.1664149910211563,0.00000006674473951306936,-0.000029655453545274213,0.0029359322506934404,-1.665325403213501,0.004125458654016256,64.96559143066406,-271.6983337402344,1056801.375,-52859.07421875,0.000000054339668764669113,118.25922393798828
0.16641999781131744,0.00000008140567331338389,-0.000034227166906930506,0.0029321874026209116,-0.9143423438072205,0.004300037398934364,34.91576385498047,-355.7098388671875,1179641.5,-59002.703125,0.00000007114196876045753,122.02562713623047
0.16642498970031738,0.00000009603542849845326,-0.00003483227555989288,0.002925950800999999,-0.12102189660072327,0.004315897356718779,3.171999931335449,-436.3157958984375,1246144.75,-62328.73828125,0.00000008726316025331471,119.51715087890625
0.16642999649047852,0.00000011042958902862665,-0.00003144853326375596,0.002878831932321191,0.6767487525939941,0.004172148182988167,-28.74981689453125,-510.50927734375,1253135.25,-62678.34375,0.0000001021018576352617,120.40939331054688
0.16643498837947845,0.0000001241890288383729,-0.000024244181986432523,0.002751888008788228,1.4408702850341797,0.0038755217101424932,-59.32530212402344,-576.8731689453125,1200279.25,-60034.82421875,0.00000011537463251443114,119.40298461914063
0.1664399951696396,0.00000013676641685833602,-0.000013569931979873218,0.002515476895496249,2.134850025177002,0.0034400499425828457,-87.0943603515625,-635.6396484375,1090100.875,-54524.421875,0.00000012712793306945969,119.81787872314453
0.16644500195980072,0.00000014755322297332896,0.00000005779202183475718,0.0021573619451373816,2.7255449295043945,0.002886395435780287,-110.73092651367188,-688.4356079101563,927861.6875,-46410.28515625,0.00000013768712392447924,120.75836181640625
0.16644999384880066,0.0000001559903211045821,0.000015981517208274454,0.001687420066446066,3.1847448348999023,0.0022408640943467617,-129.10626220703125,-737.7661743164063,721309.375,-36079.90234375,0.00000014755323718418367,118.84953308105469
0.1664550006389618,0.00000016168009153716412,0.000033434109354857355,0.0011379553470760584,3.490518093109131,0.0015341496327891946,-141.3428955078125,-786.3368530273438,480307.9375,-24026.6015625,0.00000015726736535270902,121.6841049194336
0.16645999252796173,0.00000016447742723357806,0.0000515754145453684,0.0005594675894826651,3.628261089324951,0.0007998669752851129,-146.85653686523438,-836.3463745117188,216366.390625,-10825.990234375,0.00000016726927754007193,119.37448120117188
0.16646499931812286,0.00000016454042395253055,0.00006953238334972411,0.000012598582543432713,3.59139347076416,0.00007294758688658476,-145.38388061523438,-888.8876342773438,-57910.76171875,2891.538818359375,0.00000017777752248093748,120.20675659179688
0.1664699912071228,0.00000016232904442858853,0.00008644075569463894,-0.00044227487524040043,3.381674289703369,-0.0006120290490798652,-136.99533081054688,-943.5706787109375,-329425.40625,16470.90625,0.00000018871413942633808,107.53844451904297
0.16647499799728394,0.00000015854972446049942,0.00010148633737117052,-0.0007558639626950026,3.0091166496276855,-0.0012224864913150668,-122.09149169921875,-998.4450073242188,-585211.375,29263.62890625,0.0000001996889977817773,134.12017822265625
0.16647998988628387,0.00000015405389319766982,0.00011394389002816752,-0.0008991656359285116,2.4915103912353516,-0.0017294071149080992,-101.38414001464844,-1050.2349853515625,-813053.625,40658.79296875,0.00000021004700556659373,121.25621795654297
0.166484996676445,0.0000001497075032830253,0.00012321175017859787,-0.000869277399033308,1.8535714149475098,-0.0021087180357426405,-75.86219787597656,-1094.84912109375,-1002071.5625,50112.2265625,0.00000021896981650115777,119.56002044677734
0.16648998856544495,0.00000014625409505697462,0.00012884056195616722,-0.0006906820926815271,1.125762701034546,-0.0023424404207617044,-46.74449920654297,-1128.065185546875,-1143238.625,57172.4765625,0.00000022561303580914682,119.78916931152344
0.16649499535560608,0.00000014419561011891346,0.0001305547630181536,-0.0004116969648748636,0.3428388833999634,-0.0024195483420044184,-15.421595573425293,-1146.2669677734375,-1229813.375,61502.3828125,0.00000022925338782897597,120.78753662109375
0.1665000021457672,0.0000001437122563174853,0.0001282656885450706,-0.00009667006088420749,-0.4578135013580322,-0.002336495090276003,16.61064910888672,-1147.0909423828125,-1257661.375,62895.16796875,0.00000022941817690025346,119.2463607788086
0.16650499403476715,0.00000014463573450029799,0.00012207588588353246,0.00018469689530320466,-1.2379612922668457,-0.002097382675856352,47.82249450683594,-1129.8626708984375,-1225452.75,61284.3203125,0.000000225972542011732,120.61270904541016
0.16651000082492828,0.0000001464806729245538,0.00011227413779124618,0.0003689876466523856,-1.9603502750396729,-0.0017137657850980759,76.723388671875,-1095.740966796875,-1134725.625,56746.76953125,0.0000002191482053603977,119.6458511352539
0.16651499271392822,0.00000014852857077585213,0.0000993217108771205,0.00040957980672828853,-2.590484857559204,-0.0012041002046316862,101.93312072753906,-1047.5399169921875,-989812.625,49499.19921875,0.0000002095079736363914,119.9040756225586
0.16651999950408936,0.00000014994927255429502,0.00008383033855352551,0.0002841404057107866,-3.0982749462127686,-0.0005928613827563822,122.24777221679688,-989.2625122070313,-797634.125,39887.7265625,0.0000001978525006052223,120.00479888916016
0.1665249913930893,0.00000014993818808761716,0.0000665329716866836,-0.0000022166932467371225,-3.459472894668579,0.00009062449680641294,136.69717407226563,-925.4342651367188,-567367.5625,28371.34375,0.0000001850868471819922,119.66016387939453
0.16652999818325043,0.00000014784504287490563,0.000048248817620333284,-0.0004186286823824048,-3.6568310260772705,0.0008135808748193085,144.59127807617188,-860.356689453125,-310009.28125,15500.0107421875,0.0000001720713385111594,121.43290710449219
0.16653499007225037,0.00000014327174824302347,0.000029844182790839113,-0.0009146585362032056,-3.680927038192749,0.0015413460787385702,145.55303955078125,-797.423828125,-37849.4296875,1888.403564453125,0.00000015948477027905028,119.44577026367188
0.1665399968624115,0.00000013612303462195996,0.000012191125279059634,-0.001429742551408708,-3.530611753463745,0.0022390284575521946,139.5364990234375,-738.6256103515625,236115.046875,-11813.458984375,0.00000014772511747196404,119.61722564697266
0.16654498875141144,0.00000012660247250551038,-0.000003874201865983196,-0.0019041135674342513,-3.2130653858184814,0.002873173216357827,126.82894134521484,-684.3307495117188,498800.9375,-24951.2421875,0.0000001368661486367273,120.06243133544922
0.16654999554157257,0.00000011515673747908295,-0.000017591471987543628,-0.0022891468834131956,-2.7434542179107666,0.0034133591689169407,108.03717803955078,-633.3875732421875,737663.75,-36897.5546875,0.00000012667752002926136,114.1031494140625
0.1665550023317337,0.00000010238068171020132,-0.000028312502763583325,-0.002555210841819644,-2.1442062854766846,0.0038336520083248615,84.0585708618164,-583.5202026367188,941296.625,-47081.8984375,0.00000011670403665675622,123.86968994140625
0.16655999422073364,0.00000008890271629979907,-0.00003553220449248329,-0.002695593750104308,-1.4439404010772705,0.004113842733204365,56.03817367553711,-531.943359375,1099975,-55017.91796875,0.00000010638866854151274,110.41183471679688
0.16656500101089478,0.00000007527350476266292,-0.00003891270171152428,-0.002725843107327819,-0.6760997772216797,0.004240413196384907,25.314075469970703,-476.0769958496094,1206121.25,-60326.6328125,0.00000009521539823253988,135.0803680419922
0.16656999289989471,0.00000006187984524785861,-0.00003829947308986448,-0.002678732154890895,0.12264561653137207,0.004207180347293615,-6.646537780761719,-414.22247314453125,1254666.375,-62754.5234375,0.00000008284449393158866,118.83541107177734
0.16657499969005585,0.000000048900318461164716,-0.000033728723792592064,-0.0025959054473787546,0.9141499996185303,0.004015593323856592,-38.31742477416992,-346.0704345703125,1243292.125,-62185.64453125,0.00000006921408868265644,120.06243133544922
0.1665799915790558,0.000000036310851214693685,-0.000025425657440791838,-0.0025178936775773764,1.6606132984161377,0.0036746624391525984,-68.18617248535156,-272.9422607421875,1172541.625,-58647.16015625,0.0000000545884510927408,119.99040222167969
0.16658499836921692,0.000000023938419246860576,-0.000013793726793664973,-0.002474486595019698,2.3263862133026123,0.003200530307367444,-94.82644653320313,-197.71585083007813,1045793.625,-52308.0546875,0.00000003954317051579892,121.02142333984375
0.16658999025821686,0.000000011551448686475396,0.0000006046375347068533,-0.0024773941840976477,2.8796730041503906,0.0026157000102102757,-116.966064453125,-124.44876861572266,869100.9375,-43471.05078125,0.000000024889754257628738,114.82374572753906
0.166594997048378,-0.0000000010319265442149117,0.00001707488627289422,-0.002516675041988492,3.2940497398376465,0.0019479610491544008,-133.54779052734375,-57.76638412475586,650901.5625,-32558.15625,0.000000011553276557663139,124.20817565917969
0.16659998893737793,-0.000000013840359969208293,0.0000348235153069254,-0.0025616867933422327,3.5497260093688965,0.0012290619779378176,-143.77981567382813,-2.1291606426239014,401615.5625,-20090.517578125,0.00000000042583214732161423,121.02142333984375
0.16660499572753906,-0.000000026672609010347514,0.00005299596523400396,-0.0025664500426501036,3.634490489959717,0.000493194384034723,-147.17352294921875,38.88486862182617,133147.640625,-6663.52734375,-0.000000007776973731665748,120.40939331054688
0.1666100025177002,-0.000000039064847356939936,0.0000707174331182614,-0.0024784475099295378,3.5442934036254883,-0.0002246400690637529,-143.56689453125,63.14872360229492,-141681.546875,7081.611328125,-0.000000012629744361447592,120.17786407470703
0.16661499440670013,-0.00000005031096961261028,0.00008713463466847315,-0.002249224344268441,3.283440113067627,-0.0008903010748326778,-133.1322021484375,70.30032348632813,-409747.53125,20488.5,-0.000000014060064223997415,118.72254180908203
0.16662000119686127,-0.00000005953484816245691,0.00010145656415261328,-0.0018447756301611662,2.8643860816955566,-0.0014721399638801813,-116.36776733398438,61.743675231933594,-658248.8125,32916.89453125,-0.000000012348735367595509,121.13870239257813
0.1666249930858612,-0.00000006580351907814475,0.00011299227480776608,-0.0012537338770925999,2.3071417808532715,-0.0019425110658630729,-94.07421875,40.33829879760742,-875318.1875,43773.26953125,-0.000000008067659429400464,118.5958251953125
0.16662999987602234,-0.00000006826226695011428,0.00012118385348003358,-0.0004917503101751208,1.6383161544799805,-0.002279092324897647,-67.31623840332031,9.836137771606445,-1050589.5,52539.1875,-0.000000001967227492016832,119.63153839111328
0.16663499176502228,-0.00000006626810744592149,0.0001256330870091915,0.00039883150020614266,0.8898475170135498,-0.00246595055796206,-37.371665954589844,-25.826934814453125,-1175692.625,58796.02734375,0.000000005165386784966586,121.05072021484375
