Timestamp,X Position,Y Position,X Velocity,Y Velocity,Rotation,Rotation Velocity,Data1,Data2,Data3,Data4,FPS
0.07499999552965164,0,0,0,0,0,0,0,0,0,0,121.03607177734375
0.07500499486923218,0.000000004999999969612645,0.000000004999999969612645,0.0010000000474974513,0.0010000000474974513,0,0,25,-24.999998092651367,1.2499998807907104,0,23.244461059570313
0.07501000165939331,0.00000000999999993922529,0.00000000999999993922529,0.0010000000474974513,0.0010000000474974513,0,0,50,-49.999996185302734,2.499999761581421,0,23.244461059570313
0.07501500099897385,0.000000014999999464748726,0.000000014999999464748726,0.0010000000474974513,0.0010000000474974513,0,0,75,-74.99999237060547,3.749999761581421,0,23.244461059570313
0.07502000033855438,0.00000001999999987845058,0.00000001999999987845058,0.0010000000474974513,0.0010000000474974513,0,0,100.00000762939453,-99.99998474121094,4.999999523162842,0,23.244461059570313
0.07502499967813492,0.000000025000000292152436,0.000000025000000292152436,0.0010000000474974513,0.0010000000474974513,0,0,125.00000762939453,-124.9999771118164,6.249999046325684,0,23.244461059570313
0.07502999901771545,0.00000002999999892949745,0.00000002999999892949745,0.0010000000474974513,0.0010000000474974513,0,0,150.00001525878906,-149.99996948242188,7.499998569488525,0,23.244461059570313
0.07503499835729599,0.000000034999999343199306,0.000000034999999343199306,0.0010000000474974513,0.0010000000474974513,0,0,175.00001525878906,-174.9999542236328,8.749998092651367,0,23.244461059570313
0.07503999769687653,0.00000003999999975690116,0.00000003999999975690116,0.0010000000474974513,0.0010000000474974513,0,0,200.00001525878906,-199.99993896484375,9.99999713897705,0,23.244461059570313
0.07504499703645706,0.000000045000000170603016,0.000000045000000170603016,0.0010000000474974513,0.0010000000474974513,0,0,225.00003051757813,-224.9999237060547,11.249996185302734,0,23.244461059570313
0.0750499963760376,0.00000005000000058430487,0.00000005000000058430487,0.0010000000474974513,0.0010000000474974513,0,0,250.00001525878906,-249.99990844726563,12.499995231628418,0,23.244461059570313
0.07505499571561813,0.000000055000000998006726,0.000000055000000998006726,0.0010000000474974513,0.0010000000474974513,0,0,275,-274.9998779296875,13.749994277954102,0,23.244461059570313
0.07505999505519867,0.0000000599999978589949,0.0000000599999978589949,0.0010000000474974513,0.0010000000474974513,0,0,300.0000305175781,-299.9998474121094,14.999992370605469,0,23.244461059570313
0.0750649943947792,0.00000006499999471998308,0.00000006499999471998308,0.0010000000474974513,0.0010000000474974513,0,0,325.0000305175781,-324.99981689453125,16.249990463256836,0,23.244461059570313
0.07507000118494034,0.00000006999999158097125,0.00000006999999158097125,0.0010000000474974513,0.0010000000474974513,0,0,350.0000305175781,-349.9997863769531,17.499990463256836,0,23.244461059570313
0.07507500052452087,0.00000007499998844195943,0.00000007499998844195943,0.0010000000474974513,0.0010000000474974513,0,0,375.0000305175781,-374.999755859375,18.749988555908203,0,23.244461059570313
0.07507999986410141,0.00000007999998530294761,0.00000007999998530294761,0.0010000000474974513,0.0010000000474974513,0,0,400.0000305175781,-399.9997253417969,19.99998664855957,0,23.244461059570313
0.07508499920368195,0.00000008499998216393578,0.00000008499998216393578,0.0010000000474974513,0.0010000000474974513,0,0,425.00006103515625,-424.99969482421875,21.249984741210938,0,23.244461059570313
0.07508999854326248,0.00000008999997902492396,0.00000008999997902492396,0.0010000000474974513,0.0010000000474974513,0,0,450.0000305175781,-449.9996643066406,22.499982833862305,0,23.244461059570313
0.07509499788284302,0.00000009499997588591214,0.00000009499997588591214,0.0010000000474974513,0.0010000000474974513,0,0,475.0000915527344,-474.9996337890625,23.749982833862305,0,23.244461059570313
0.07509999722242355,0.00000009999997274690031,0.00000009999997274690031,0.0010000000474974513,0.0010000000474974513,0,0,500.0000915527344,-499.9996032714844,24.999980926513672,0,23.244461059570313
0.07510499656200409,0.00000010499996960788849,0.00000010499996960788849,0.0010000000474974513,0.0010000000474974513,0,0,525.0001220703125,-524.9995727539063,26.24997901916504,0,23.244461059570313
0.07510999590158463,0.00000010999996646887666,0.00000010999996646887666,0.0010000000474974513,0.0010000000474974513,0,0,550.0001831054688,-549.9995727539063,27.49997901916504,0,23.244461059570313
0.07511499524116516,0.00000011499996332986484,0.00000011499996332986484,0.0010000000474974513,0.0010000000474974513,0,0,575.000244140625,-574.9995727539063,28.74997901916504,0,23.244461059570313
0.0751199945807457,0.00000011999996729628037,0.00000011999996729628037,0.0010000000474974513,0.0010000000474974513,0,0,600.0003662109375,-599.9995727539063,29.99997901916504,0,23.244461059570313
0.07512500137090683,0.0000001249999712626959,0.0000001249999712626959,0.0010000000474974513,0.0010000000474974513,0,0,625.0003051757813,-624.99951171875,31.249975204467773,0,23.244461059570313
0.07513000071048737,0.00000012999997522911144,0.00000012999997522911144,0.0010000000474974513,0.0010000000474974513,0,0,650.0003051757813,-649.9994506835938,32.49997329711914,0,23.244461059570313
0.0751350000500679,0.00000013499997919552698,0.00000013499997919552698,0.0010000000474974513,0.0010000000474974513,0,0,675.0003051757813,-674.9993896484375,33.749969482421875,0,23.244461059570313
0.07513999938964844,0.0000001399999831619425,0.0000001399999831619425,0.0010000000474974513,0.0010000000474974513,0,0,700.0003051757813,-699.9993286132813,34.99996566772461,0,23.244461059570313
0.07514499872922897,0.00000014499998712835804,0.00000014499998712835804,0.0010000000474974513,0.0010000000474974513,0,0,725.0003051757813,-724.999267578125,36.24996566772461,0,23.244461059570313
0.07514999806880951,0.00000014999999109477358,0.00000014999999109477358,0.0010000000474974513,0.0010000000474974513,0,0,750.0003051757813,-749.9992065429688,37.499961853027344,0,23.244461059570313
0.07515499740839005,0.0000001549999950611891,0.0000001549999950611891,0.0010000000474974513,0.0010000000474974513,0,0,775.0003662109375,-774.9991455078125,38.74995803833008,0,23.244461059570313
0.07515999674797058,0.00000015999999902760464,0.00000015999999902760464,0.0010000000474974513,0.0010000000474974513,0,0,800.0003662109375,-799.9990844726563,39.99995422363281,0,23.244461059570313
0.07516499608755112,0.00000016500000299402018,0.00000016500000299402018,0.0010000000474974513,0.0010000000474974513,0,0,825.0003662109375,-824.9990234375,41.24995040893555,0,23.244461059570313
0.07516999542713165,0.0000001700000069604357,0.0000001700000069604357,0.0010000000474974513,0.0010000000474974513,0,0,850.0004272460938,-849.9989624023438,42.49995040893555,0,23.244461059570313
0.07517499476671219,0.00000017500001092685125,0.00000017500001092685125,0.0010000000474974513,0.0010000000474974513,0,0,875.0004272460938,-874.9989013671875,43.74994659423828,0,23.244461059570313
0.07518000155687332,0.00000018000001489326678,0.00000018000001489326678,0.0010000000474974513,0.0010000000474974513,0,0,900.00048828125,-899.9988403320313,44.999942779541016,0,23.244461059570313
0.07518500089645386,0.00000018500001885968231,0.00000018500001885968231,0.0010000000474974513,0.0010000000474974513,0,0,925.0004272460938,-924.998779296875,46.24993896484375,0,23.244461059570313
0.0751900002360344,0.00000019000002282609785,0.00000019000002282609785,0.0010000000474974513,0.0010000000474974513,0,0,950.0005493164063,-949.9987182617188,47.499935150146484,0,23.244461059570313
0.07519499957561493,0.00000019500002679251338,0.00000019500002679251338,0.0010000000474974513,0.0010000000474974513,0,0,975.0005493164063,-974.9986572265625,48.749935150146484,0,23.244461059570313
0.07519999891519547,0.00000020000003075892892,0.00000020000003075892892,0.0010000000474974513,0.0010000000474974513,0,0,1000.0006103515625,-999.9985961914063,49.99993133544922,0,23.244461059570313
0.075204998254776,0.00000020500003472534445,0.00000020500003472534445,0.0010000000474974513,0.0010000000474974513,0,0,1025.0006103515625,-1024.99853515625,51.24992752075195,0,23.244461059570313
0.07520999759435654,0.00000021000003869175998,0.00000021000003869175998,0.0010000000474974513,0.0010000000474974513,0,0,1050.000732421875,-1049.99853515625,52.49992752075195,0,23.244461059570313
0.07521499693393707,0.00000021500004265817552,0.00000021500004265817552,0.0010000000474974513,0.0010000000474974513,0,0,1075.0008544921875,-1074.99853515625,53.74992752075195,0,23.244461059570313
0.07521999627351761,0.00000022000004662459105,0.00000022000004662459105,0.0010000000474974513,0.0010000000474974513,0,0,1100.0008544921875,-1099.99853515625,54.99992752075195,0,23.244461059570313
0.07522499561309814,0.00000022500005059100658,0.00000022500005059100658,0.0010000000474974513,0.0010000000474974513,0,0,1125.0009765625,-1124.99853515625,56.24992752075195,0,23.244461059570313
0.07522999495267868,0.00000023000005455742212,0.00000023000005455742212,0.0010000000474974513,0.0010000000474974513,0,0,1150.001220703125,-1149.99853515625,57.49992752075195,0,23.244461059570313
0.07523500174283981,0.00000023500005852383765,0.00000023500005852383765,0.0010000000474974513,0.0010000000474974513,0,0,1175.0013427734375,-1174.99853515625,58.74992752075195,0,23.244461059570313
0.07524000108242035,0.00000024000004827939847,0.00000024000004827939847,0.0010000000474974513,0.0010000000474974513,0,0,1200.00146484375,-1199.99853515625,59.99992752075195,0,23.244461059570313
0.07524500042200089,0.000000245000052245814,0.000000245000052245814,0.0010000000474974513,0.0010000000474974513,0,0,1225.00146484375,-1224.9984130859375,61.24991989135742,0,23.244461059570313
0.07524999976158142,0.00000025000005621222954,0.00000025000005621222954,0.0010000000474974513,0.0010000000474974513,0,0,1250.00146484375,-1249.998291015625,62.499916076660156,0,23.244461059570313
0.07525499910116196,0.00000025500006017864507,0.00000025500006017864507,0.0010000000474974513,0.0010000000474974513,0,0,1275.00146484375,-1274.9981689453125,63.749908447265625,0,23.244461059570313
0.07525999844074249,0.0000002600000641450606,0.0000002600000641450606,0.0010000000474974513,0.0010000000474974513,0,0,1300.0013427734375,-1299.998046875,64.9999008178711,0,23.244461059570313
0.07526499778032303,0.00000026500006811147614,0.00000026500006811147614,0.0010000000474974513,0.0010000000474974513,0,0,1325.00146484375,-1324.9979248046875,66.2499008178711,0,23.244461059570313
0.07526999711990356,0.00000027000007207789167,0.00000027000007207789167,0.0010000000474974513,0.0010000000474974513,0,0,1350.00146484375,-1349.997802734375,67.49989318847656,0,23.244461059570313
0.0752749964594841,0.0000002750000760443072,0.0000002750000760443072,0.0010000000474974513,0.0010000000474974513,0,0,1375.00146484375,-1374.9976806640625,68.74988555908203,0,23.244461059570313
0.07527999579906464,0.00000028000008001072274,0.00000028000008001072274,0.0010000000474974513,0.0010000000474974513,0,0,1400.00146484375,-1399.99755859375,69.9998779296875,0,23.244461059570313
0.07528499513864517,0.0000002850000839771383,0.0000002850000839771383,0.0010000000474974513,0.0010000000474974513,0,0,1425.00146484375,-1424.9974365234375,71.24987030029297,0,23.244461059570313
0.07528999447822571,0.0000002900000879435538,0.0000002900000879435538,0.0010000000474974513,0.0010000000474974513,0,0,1450.00146484375,-1449.997314453125,72.49987030029297,0,23.244461059570313
0.07529500126838684,0.00000029500009190996934,0.00000029500009190996934,0.0010000000474974513,0.0010000000474974513,0,0,1475.0015869140625,-1474.9971923828125,73.74986267089844,0,23.244461059570313
0.07530000060796738,0.0000003000000958763849,0.0000003000000958763849,0.0010000000474974513,0.0010000000474974513,0,0,1500.0015869140625,-1499.9970703125,74.9998550415039,0,23.244461059570313
0.07530499994754791,0.0000003050000998428004,0.0000003050000998428004,0.0010000000474974513,0.0010000000474974513,0,0,1525.0015869140625,-1524.9969482421875,76.24984741210938,0,23.244461059570313
0.07530999928712845,0.00000031000010380921594,0.00000031000010380921594,0.0010000000474974513,0.0010000000474974513,0,0,1550.0015869140625,-1549.996826171875,77.49983978271484,0,23.244461059570313
0.07531499862670898,0.0000003150001077756315,0.0000003150001077756315,0.0010000000474974513,0.0010000000474974513,0,0,1575.001708984375,-1574.9967041015625,78.74983978271484,0,23.244461059570313
0.07531999796628952,0.000000320000111742047,0.000000320000111742047,0.0010000000474974513,0.0010000000474974513,0,0,1600.001953125,-1599.99658203125,79.99983215332031,0,23.244461059570313
0.07532499730587006,0.00000032500011570846254,0.00000032500011570846254,0.0010000000474974513,0.0010000000474974513,0,0,1625.001708984375,-1624.9964599609375,81.24982452392578,0,23.244461059570313
0.07532999664545059,0.0000003300001196748781,0.0000003300001196748781,0.0010000000474974513,0.0010000000474974513,0,0,1650.0018310546875,-1649.996337890625,82.49981689453125,0,23.244461059570313
0.07533499598503113,0.0000003350001236412936,0.0000003350001236412936,0.0010000000474974513,0.0010000000474974513,0,0,1675.0018310546875,-1674.9962158203125,83.74980926513672,0,23.244461059570313
0.07533999532461166,0.00000034000012760770915,0.00000034000012760770915,0.0010000000474974513,0.0010000000474974513,0,0,1700.0018310546875,-1699.99609375,84.99980926513672,0,23.244461059570313
0.0753449946641922,0.0000003450001315741247,0.0000003450001315741247,0.0010000000474974513,0.0010000000474974513,0,0,1725.001953125,-1724.9959716796875,86.24980163574219,0,23.244461059570313
0.07535000145435333,0.0000003500001355405402,0.0000003500001355405402,0.0010000000474974513,0.0010000000474974513,0,0,1750.001953125,-1749.995849609375,87.49979400634766,0,23.244461059570313
0.07535500079393387,0.00000035500013950695575,0.00000035500013950695575,0.0010000000474974513,0.0010000000474974513,0,0,1775.0023193359375,-1774.9957275390625,88.74978637695313,0,23.244461059570313
0.0753600001335144,0.0000003600001434733713,0.0000003600001434733713,0.0010000000474974513,0.0010000000474974513,0,0,1800.0023193359375,-1799.99560546875,89.9997787475586,0,23.244461059570313
0.07536499947309494,0.0000003650001474397868,0.0000003650001474397868,0.0010000000474974513,0.0010000000474974513,0,0,1825.002197265625,-1824.9954833984375,91.2497787475586,0,23.244461059570313
0.07536999881267548,0.00000037000015140620235,0.00000037000015140620235,0.0010000000474974513,0.0010000000474974513,0,0,1850.002197265625,-1849.995361328125,92.49977111816406,0,23.244461059570313
0.07537499815225601,0.0000003750001553726179,0.0000003750001553726179,0.0010000000474974513,0.0010000000474974513,0,0,1875.0023193359375,-1874.9952392578125,93.74976348876953,0,23.244461059570313
0.07537999749183655,0.0000003800001593390334,0.0000003800001593390334,0.0010000000474974513,0.0010000000474974513,0,0,1900.0023193359375,-1899.9951171875,94.999755859375,0,23.244461059570313
0.07538499683141708,0.00000038500016330544895,0.00000038500016330544895,0.0010000000474974513,0.0010000000474974513,0,0,1925.00244140625,-1924.9949951171875,96.24974822998047,0,23.244461059570313
0.07538999617099762,0.0000003900001672718645,0.0000003900001672718645,0.0010000000474974513,0.0010000000474974513,0,0,1950.00244140625,-1949.994873046875,97.49974822998047,0,23.244461059570313
0.07539499551057816,0.00000039500017123828,0.00000039500017123828,0.0010000000474974513,0.0010000000474974513,0,0,1975.0025634765625,-1974.9947509765625,98.74974060058594,0,23.244461059570313
0.07539999485015869,0.00000040000017520469555,0.00000040000017520469555,0.0010000000474974513,0.0010000000474974513,0,0,2000.002685546875,-1999.99462890625,99.9997329711914,0,23.244461059570313
0.07540500164031982,0.0000004050001791711111,0.0000004050001791711111,0.0010000000474974513,0.0010000000474974513,0,0,2025.002685546875,-2024.9945068359375,101.24972534179688,0,23.244461059570313
0.07541000097990036,0.0000004100001831375266,0.0000004100001831375266,0.0010000000474974513,0.0010000000474974513,0,0,2050.002685546875,-2049.994384765625,102.49971771240234,0,23.244461059570313
0.0754150003194809,0.00000041500018710394215,0.00000041500018710394215,0.0010000000474974513,0.0010000000474974513,0,0,2075.0029296875,-2074.994384765625,103.74971771240234,0,23.244461059570313
0.07541999965906143,0.0000004200001910703577,0.0000004200001910703577,0.0010000000474974513,0.0010000000474974513,0,0,2100.003173828125,-2099.994384765625,104.99971771240234,0,23.244461059570313
0.07542499899864197,0.0000004250001950367732,0.0000004250001950367732,0.0010000000474974513,0.0010000000474974513,0,0,2125.003173828125,-2124.994384765625,106.24971771240234,0,23.244461059570313
0.0754299983382225,0.00000043000019900318875,0.00000043000019900318875,0.0010000000474974513,0.0010000000474974513,0,0,2150.003662109375,-2149.994384765625,107.49971771240234,0,23.244461059570313
0.07543499767780304,0.0000004350002029696043,0.0000004350002029696043,0.0010000000474974513,0.0010000000474974513,0,0,2175.00390625,-2174.994384765625,108.74971771240234,0,23.244461059570313
0.07543999701738358,0.0000004400002069360198,0.0000004400002069360198,0.0010000000474974513,0.0010000000474974513,0,0,2200.004150390625,-2199.994384765625,109.99971771240234,0,23.244461059570313
0.07544499635696411,0.00000044500021090243536,0.00000044500021090243536,0.0010000000474974513,0.0010000000474974513,0,0,2225.00439453125,-2224.994384765625,111.24971771240234,0,23.244461059570313
0.07544999569654465,0.0000004500002148688509,0.0000004500002148688509,0.0010000000474974513,0.0010000000474974513,0,0,2250.00439453125,-2249.994384765625,112.49971771240234,0,23.244461059570313
0.07545499503612518,0.0000004550002188352664,0.0000004550002188352664,0.0010000000474974513,0.0010000000474974513,0,0,2275.004638671875,-2274.994384765625,113.74971771240234,0,23.244461059570313
0.07545999437570572,0.00000046000022280168196,0.00000046000022280168196,0.0010000000474974513,0.0010000000474974513,0,0,2300.004638671875,-2299.994384765625,114.99971771240234,0,23.244461059570313
0.07546500116586685,0.0000004650002267680975,0.0000004650002267680975,0.0010000000474974513,0.0010000000474974513,0,0,2325.0048828125,-2324.994384765625,116.24971771240234,0,23.244461059570313
0.07547000050544739,0.000000470000230734513,0.000000470000230734513,0.0010000000474974513,0.0010000000474974513,0,0,2350.00537109375,-2349.994384765625,117.49971771240234,0,23.244461059570313
0.07547499984502792,0.00000047500023470092856,0.00000047500023470092856,0.0010000000474974513,0.0010000000474974513,0,0,2375.005615234375,-2374.994384765625,118.74971771240234,0,23.244461059570313
0.07547999918460846,0.0000004800002102456347,0.0000004800002102456347,0.0010000000474974513,0.0010000000474974513,0,0,2400.005859375,-2399.994384765625,119.99971771240234,0,23.244461059570313
0.075484998524189,0.0000004850002142120502,0.0000004850002142120502,0.0010000000474974513,0.0010000000474974513,0,0,2425.006103515625,-2424.994384765625,121.24971771240234,0,23.244461059570313
0.07548999786376953,0.0000004900002181784657,0.0000004900002181784657,0.0010000000474974513,0.0010000000474974513,0,0,2450.006591796875,-2449.994384765625,122.49971771240234,0,23.244461059570313
0.07549499720335007,0.0000004950002221448813,0.0000004950002221448813,0.0010000000474974513,0.0010000000474974513,0,0,2475.0068359375,-2474.994384765625,123.74971771240234,0,23.244461059570313
0.0754999965429306,0.0000005000002261112968,0.0000005000002261112968,0.0010000000474974513,0.0010000000474974513,0,0,2500.006591796875,-2499.994140625,124.99971008300781,0,23.244461059570313
0.0754999965429306,0.0000005050002300777123,0.0000005050002300777123,0.0010000000474974513,0.0010000000474974513,0,0,2525.006591796875,-2524.993896484375,126.24969482421875,0,23.244461059570313
0.07550499588251114,0.0000005009815708945098,0.0000005009815708945098,-0.0008037308580242097,-0.0008037345833145082,0.0000001607461115327169,0.03214922174811363,2464.7265625,-2464.714111328125,123.06826782226563,0,6.963691234588623
0.07550999522209167,0.0000004889895421911206,0.0000004891174398835574,-0.0023984008003026247,-0.0023728280793875456,0.0000006348829515445686,0.09482736885547638,2286.87158203125,-2286.859375,113.68163299560547,0,6.963691234588623
0.07551499456167221,0.0000004692150525897887,0.00000046997396907499933,-0.003954899497330189,-0.0038286957424134016,0.0000013985077202960383,0.152724951505661,2000.2471923828125,-2000.2362060546875,98.5550308227539,0,6.963691234588623
0.07552000135183334,0.0000004419727872573276,0.0000004444634953415516,-0.005448454990983009,-0.005102092400193214,0.000002413100901321741,0.2029186189174652,1619.0460205078125,-1619.0362548828125,78.43816375732422,0,6.963691234588623
0.07552500069141388,0.00000040769629094938864,0.0000004137994551456359,-0.006855296902358532,-0.006132809445261955,0.0000036274350350140594,0.24286684393882751,1162.1416015625,-1162.1331787109375,54.32807922363281,0,6.963691234588623
0.07553000003099442,0.00000036693111837848846,0.0000003794361873588059,-0.008153034374117851,-0.006872652098536491,0.0000049801146815298125,0.2705359160900116,652.1547241210938,-652.1477661132813,27.419767379760742,0,6.963691234588623
0.07553499937057495,0.0000003203260519057949,0.0000003429970547585981,-0.00932101346552372,-0.0072878263890743256,0.000006402618055290077,0.28450068831443787,114.33251190185547,-114.3270034790039,-0.9530446529388428,0,6.963691234588623
0.07553999871015549,0.0000002686228413040226,0.00000030619398216913396,-0.010340644046664238,-0.007360612973570824,0.000007822694897186011,0.28401532769203186,424.70257568359375,424.7066955566406,-29.383975982666016,0,6.963691234588623
0.07554499804973602,0.00000021264435190460063,0.000000270742788188727,-0.011195698752999306,-0.007090238854289055,0.000009167945790977683,0.2690502107143402,938.2717895507813,938.274658203125,-56.463680267333984,0,6.963691234588623
0.07554999738931656,0.00000015328150482218916,0.00000023827820427868573,-0.011872569099068642,-0.006492916494607925,0.000010369412848376669,0.240293487906456,1400.9617919921875,1400.963623046875,-80.84965515136719,0,6.963691234588623
0.0755549967288971,0.00000009147910162710104,0.000000210273029210839,-0.012360481545329094,-0.005601036362349987,0.000011364998499630019,0.19911710917949677,1789.8841552734375,1789.88525390625,-101.33280181884766,0,6.963691234588623
0.07555999606847763,0.000000028220746628448978,0.00000018796522738284693,-0.012651670724153519,-0.004461560398340225,0.000012102542314096354,0.14750874042510986,2085.809326171875,2085.8095703125,-116.89730072021484,0,6.963691234588623
0.07556499540805817,-0.00000003548676374975912,0.00000017229676529950666,-0.01274150237441063,-0.003133692778646946,0.000012542409422167111,0.0879734456539154,2362.835205078125,2362.834716796875,-131.2067413330078,0,6.963691234588623
0.0755699947476387,-0.00000009806471013007467,0.0000001641494407067512,-0.012515589594841003,-0.0016294652596116066,0.00001264816182811046,0.02115040272474289,2497.184326171875,2497.182861328125,-138.0343017578125,0,6.963691234588623
0.07557500153779984,-0.00000015752118542877724,0.0000001639509008555251,-0.01189129427075386,-0.00003970833495259285,0.000012402412721712608,-0.04914988577365875,2376.295166015625,2376.292724609375,-131.7338104248047,0,6.963691234588623
0.07558000087738037,-0.00000021196362354203302,0.00000017131634422185016,-0.010888487100601196,0.0014730880502611399,0.000011821205589512829,-0.11624136567115784,2012.0374755859375,2012.033935546875,-112.91545867919922,0,6.963691234588623
0.07558500021696091,-0.0000002596590604753146,0.0000001850862929586583,-0.009539088234305382,0.00275399093516171,0.000010952461707347538,-0.17374873161315918,1439.966552734375,1439.961669921875,-83.40689849853516,0,6.963691234588623
0.07558999955654144,-0.0000002990893221976876,0.000000203439796564453,-0.007886050269007683,0.003670701989904046,0.000009871324436971918,-0.21622750163078308,715.8630981445313,715.8569946289063,-46.07548141479492,0,6.963691234588623
0.07559499889612198,-0.00000032899927759899583,0.00000022407196809126617,-0.005981991067528725,0.004126434680074453,0.000008672856893099379,-0.2396935522556305,225.36083984375,225.353515625,-20.301902770996094,0,6.963691234588623
0.07559999823570251,-0.0000003484368562567397,0.00000024542148935324803,-0.003887518309056759,0.004269903991371393,0.000007422690941893961,-0.2500332295894623,242.5211181640625,-242.5296630859375,4.394512176513672,0,6.963691234588623
0.07560499757528305,-0.00000035678337440003816,0.000000265999034354536,-0.0016693021170794964,0.004115510266274214,0.000006183715413499158,-0.24779513478279114,676.0181274414063,-676.0276489257813,27.360013961791992,0,6.963691234588623
0.07560999691486359,-0.00000035377311746742635,0.0000002844247433131386,0.0006020500441081822,0.0036851437762379646,0.00000501441172673367,-0.2338607907295227,1052.9464111328125,-1052.9564208984375,47.424476623535156,0,6.963691234588623
0.07561499625444412,-0.0000003395019234631036,0.00000029949882218716084,0.002854238962754607,0.0030148173682391644,0.000003965873474953696,-0.20970770716667175,1354.77294921875,-1354.7830810546875,63.608036041259766,0,6.963691234588623
0.07561999559402466,-0.00000031442405656889605,0.00000031026053193272674,0.005015574861317873,0.0021523418836295605,0.000003079311454712297,-0.17731240391731262,1567.52734375,-1567.537109375,75.16923522949219,0,6.963691234588623
0.0756249949336052,-0.00000027933776891586604,0.0000003160326400575286,0.007017260883003473,0.0011544229928404093,0.000002384166236879537,-0.13902902603149414,1682.458740234375,-1682.467529296875,81.6398696899414,0,6.963691234588623
0.07563000172376633,-0.00000023535986315437185,0.0000003164493307394878,0.008795580826699734,0.00008333649020642042,0.0000018969153643411119,-0.09745018184185028,1696.41064453125,-1696.418212890625,82.84495544433594,0,6.963691234588623
0.07563500106334686,-0.0000001838902221606986,0.00000031146618084676447,0.010293927974998951,-0.0009966320358216763,0.0000016206274722208036,-0.05525759235024452,1611.8936767578125,-1611.8995361328125,78.90682983398438,0,6.963691234588623
0.0756400004029274,-0.00000012656717274239782,0.0000003013522018591175,0.011464609764516354,-0.0020227953791618347,0.0000015452741308763507,-0.015070678666234016,1436.855712890625,-1436.859619140625,70.23331451416016,0,6.963691234588623
0.07564499974250793,-0.00000006521536022319196,0.00000028666457296822045,0.012270362116396427,-0.002937525976449251,0.0000016487683751620352,0.020698854699730873,1184.1656494140625,-1184.16748046875,57.49090576171875,0,6.963691234588623
0.07564999908208847,-0.0000000017876828906082665,0.0000002682076285509538,0.012685535475611687,-0.003691389225423336,0.0000018986620489158668,0.04997873306274414,870.8394165039063,-870.8394775390625,41.56420135498047,0,6.963691234588623
0.075654998421669,0.0000000616968947042551,0.00000024697871481293987,0.012696916237473488,-0.00424578320235014,0.000002254398168588523,0.07114720344543457,671.2925415039063,-671.2918090820313,31.216259002685547,0,6.963691234588623
0.07565999776124954,0.00000012419954487086216,0.000000223613014327384,0.012500528246164322,-0.0046731410548090935,0.000002689625716811861,0.08704550564289093,445.6571044921875,-445.65570068359375,19.48109245300293,0,6.963691234588623
0.07566499710083008,0.00000018472547935743933,0.00000019882874369159254,0.012105189263820648,-0.004956855438649654,0.000003174461426169728,0.09696714580059052,200.526611328125,-200.52479553222656,6.719509124755859,0,6.963691234588623
0.07566999644041061,0.00000024231141537711665,0.00000017340616409455833,0.01151718944311142,-0.005084514617919922,0.0000036764081414730754,0.10038936138153076,52.07315444946289,52.07525634765625,-6.433355331420898,0,6.963691234588623
0.07567499577999115,0.0000002960408664876013,0.00000014814933990692225,0.010745888575911522,-0.005051364190876484,0.0000041619723560870625,0.09711287915706635,299.7486877441406,299.7508850097656,-19.322933197021484,0,6.963691234588623
0.07567999511957169,0.0000003450586802955513,0.00000012384664671571954,0.009803561493754387,-0.004860538057982922,0.0000045983315430930816,0.0872717946767807,530.3522338867188,530.3543701171875,-31.307647705078125,0,6.963691234588623
0.07568499445915222,0.0000003885847092988115,0.00000010123211779955454,0.008705204352736473,-0.004522905685007572,0.000004954966243531089,0.07132694125175476,732.583984375,732.5859375,-41.79072189331055,0,6.963691234588623
0.07569000124931335,0.0000004259262027517252,0.00000008094947645531647,0.007468299940228462,-0.004056528210639954,0.0000052051818784093484,0.050043098628520966,896.5513916015625,896.5531616210938,-50.249725341796875,0,6.963691234588623
0.07569500058889389,0.0000004564888627101027,0.00000006352064474413055,0.006112534552812576,-0.0034857657738029957,0.000005327437520463718,0.0244511216878891,1014.2598266601563,1014.2612915039063,-56.262481689453125,0,6.963691234588623
0.07569999992847443,0.0000004797863084604614,0.000000049320306061417796,0.004659485071897507,-0.0028400677256286144,0.000005306421826389851,-0.004203123971819878,1080.0079345703125,1080.0091552734375,-59.52798080444336,0,6.963691234588623
0.07570499926805496,0.0000004954476935381535,0.00000003855774011185531,0.0031322776339948177,-0.0021525132469832897,0.000005133819286129437,-0.034520477056503296,1090.6705322265625,1090.67138671875,-59.88129806518555,0,6.963691234588623
0.0757099986076355,0.0000005032237595514744,0.000000031266885969216673,0.0015552183613181114,-0.00145817082375288,0.000004808730409422424,-0.06501777470111847,1045.8526611328125,1045.8533935546875,-57.30176544189453,0,6.963691234588623
0.07571499794721603,0.0000005029908152209828,0.000000027305084415729652,-0.000046592787839472294,-0.0007923603989183903,0.000004337724021752365,-0.09420132637023926,947.9100952148438,947.9107666015625,-51.91400146484375,0,6.963691234588623
0.07571999728679657,0.0000004947524985254859,0.000000026360574167938466,-0.0016476623713970184,-0.0001889021077658981,0.000003734519395948155,-0.12064090371131897,801.8316040039063,801.8321533203125,-43.98173522949219,0,6.963691234588623
0.0757249966263771,0.0000004786399472322955,0.000000027968372506848027,-0.0032225088216364384,0.0003215597243979573,0.00000301931640933617,-0.14304062724113464,614.99169921875,614.9923706054688,-33.89474105834961,0,6.963691234588623
0.07572999596595764,0.0000004549096104256023,0.00000003153375160991345,-0.004746066872030497,0.0007130756275728345,0.000002217801011283882,-0.16030308604240417,396.7858581542969,396.7865905761719,-22.149539947509766,0,6.963691234588623
0.07573499530553818,0.0000004239391557803174,0.00000003636213818936085,-0.006194089073687792,0.0009656773181632161,0.0000013598823898064438,-0.17158374190330505,158.1641387939453,158.16493225097656,-9.324790954589844,0,6.963691234588623
0.07573999464511871,0.00000038622150100309227,0.000000041693976271517386,-0.007543529383838177,0.0010663677239790559,0.000000478218282751186,-0.17633283138275146,88.91114807128906,-88.91033935546875,3.9473729133605957,0,6.963691234588623
0.07574500143527985,0.00000034235694101880654,0.000000046742801629306996,-0.008772910572588444,0.0010097651975229383,-0.0000003933939751732396,-0.1743224561214447,332.0584411621094,-332.0576477050781,17.01266860961914,0,6.963691234588623
0.07575000077486038,0.0000002930436266979086,0.00000005073465203508931,-0.009862666018307209,0.000798370223492384,-0.0000012216837603773456,-0.16565796732902527,559.0902099609375,-559.0894775390625,29.227060317993164,0,6.963691234588623
0.07575500011444092,0.00000023906636670290027,0.000000052946862894032165,-0.010795452632009983,0.00044244236778467894,-0.000001975547547772294,-0.15077275037765503,758.6171875,-758.6165771484375,39.98868942260742,0,6.963691234588623
0.07575999945402145,0.00000018128423562302487,0.00000005274432268720375,-0.011556425131857395,-0.000040508341044187546,-0.0000026275808977516135,-0.1304066777229309,920.6128540039063,-920.6123657226563,48.76768493652344,0,6.963691234588623
0.07576499879360199,0.000000120616874710322,0.00000004961137989312192,-0.012133470736443996,-0.0006265887059271336,-0.000003155428430545726,-0.1055694967508316,1036.9100341796875,-1036.90966796875,55.132389068603516,0,6.963691234588623
0.07576999813318253,0.000000058029840488416085,0.00000004317784885188303,-0.012517406605184078,-0.0012867060722783208,-0.0000035428824958216865,-0.07749080657958984,1101.6058349609375,-1101.605712890625,58.770790100097656,0,6.963691234588623
0.07577499747276306,-0.000000005480764286858175,0.000000033237800067809076,-0.012702121399343014,-0.0019880100153386593,-0.0000037806780710525345,-0.047559093683958054,1125.056396484375,-1125.056396484375,60.1910285949707,0,6.963691234588623
0.0757799968123436,-0.00000006881691660964862,0.00000001971658392108111,-0.01266723033040762,-0.0027042431756854057,-0.0000038651983231829945,-0.016904054209589958,1032.104248046875,-1032.1044921875,55.631473541259766,0,6.963691234588623
0.07578499615192413,-0.00000012996255804864632,0.000000002910079288653833,-0.012229128740727901,-0.0033613010309636593,-0.0000038080543163232505,0.011428821831941605,835.4674072265625,-835.4674072265625,45.74009323120117,0,6.963691234588623
0.07578999549150467,-0.00000018697136283662985,-0.000000016555800286255362,-0.011401762254536152,-0.003893176093697548,-0.000003634434051491553,0.03472405672073364,553.9987182617188,-553.9984130859375,31.485790252685547,0,6.963691234588623
0.0757949948310852,-0.00000023802869009159622,-0.00000003778511370455817,-0.010211464948952198,-0.004245862364768982,-0.0000033806359169830102,0.050759635865688324,214.80691528320313,-214.8060302734375,14.261796951293945,0,6.963691234588623
0.07580000162124634,-0.00000028150932962489605,-0.00000005969818062112608,-0.008696126751601696,-0.004382613115012646,-0.000003090520294790622,0.058023110032081604,149.38095092773438,149.38265991210938,-4.249841690063477,0,6.963691234588623
0.07580500096082687,-0.000000316029229452397,-0.00000008113575233892334,-0.006903982721269131,-0.00428751390427351,-0.0000028112267500546295,0.055858686566352844,492.9468078613281,492.9493713378906,-21.71910858154297,0,6.963691234588623
0.07581000030040741,-0.000000340489634709229,-0.00000010100422542791421,-0.004892078228294849,-0.003973694518208504,-0.0000025872404876281507,0.04479723423719406,709.4359130859375,709.4393310546875,-32.77692794799805,0,6.963691234588623
0.07581499963998795,-0.00000035411190424383676,-0.00000011861449422667647,-0.0027244538068771362,-0.003522053826600313,-0.0000024467201455991017,0.028104081749916077,866.6723022460938,866.676513671875,-40.785160064697266,0,6.963691234588623
0.07581999897956848,-0.00000035646243645715003,-0.00000013346605953756807,-0.00047010742127895355,-0.002970313187688589,-0.0000024100581867969595,0.007332370616495609,955.9713134765625,955.9761352539063,-45.288330078125,0,6.963691234588623
0.07582499831914902,-0.000000347466425409948,-0.00000014527466873914818,0.0017992029897868633,-0.002361722756177187,-0.0000024887222025427036,-0.0157327838242054,972.8580322265625,972.863037109375,-46.05073165893555,0,6.963691234588623
0.07582999765872955,-0.00000032741021982474194,-0.0000001539865763788839,0.004011242650449276,-0.0017423820681869984,-0.000002684653281903593,-0.039186228066682816,917.2941284179688,917.2991333007813,-43.068443298339844,0,6.963691234588623
0.07583499699831009,-0.00000029693222813875764,-0.00000015977865075456066,0.006095601245760918,-0.0011584144085645676,-0.000002990257371493499,-0.06112080439925194,793.6585083007813,793.6632690429688,-36.56830978393555,0,6.963691234588623
0.07583999633789063,-0.00000025700256855998305,-0.00000016304443306580652,0.007985930889844894,-0.0006531557301059365,-0.0000033889818951138295,-0.07974489033222198,610.4822998046875,610.4865112304688,-26.99413299560547,0,6.963691234588623
0.07584499567747116,-0.00000020889227414500056,-0.0000001643669804707315,0.009622059762477875,-0.0002645106287673116,-0.000003856446255667834,-0.09349289536476135,379.95361328125,379.95703125,-14.980719566345215,0,6.963691234588623
0.0758499950170517,-0.00000015413273501962976,-0.0000001644800988742645,0.010951908305287361,-0.000022624648408964276,-0.000004362058916740352,-0.10112251341342926,117.2176513671875,117.22021484375,-1.31719970703125,0,6.963691234588623
0.07585500180721283,-0.00000009446699777981848,-0.0000001642201112872499,0.01193314790725708,0.0000519984241691418,-0.0000048710257942730095,-0.10179336369037628,160.48782348632813,-160.4862823486328,13.098299980163574,0,6.963691234588623
0.07586000114679337,-0.00000003179428631483461,-0.00000016447096129468264,0.012534542009234428,-0.000050171300244983286,-0.000005346637863112846,-0.09512245655059814,434.81787109375,-434.8173522949219,27.310283660888672,0,6.963691234588623
0.0758650004863739,0.000000031890465379547095,-0.0000001661058917079572,0.012736950069665909,-0.00032698496943339705,-0.000005752704964834265,-0.08121344447135925,607.6452026367188,-607.6454467773438,36.37467575073242,0,6.963691234588623
0.07586999982595444,0.00000009506765508149329,-0.00000016967500471309904,0.012635437771677971,-0.0007138238870538771,-0.0000060661450334009714,-0.06268797814846039,668.1595458984375,-668.1603393554688,39.7269172668457,0,6.963691234588623
0.07587499916553497,0.0000001567317866602025,-0.00000017537094265662745,0.012332826852798462,-0.0011391874868422747,-0.000006278421096794773,-0.04245522618293762,692.7488403320313,-692.750244140625,41.17753601074219,0,6.963691234588623
0.07587999850511551,0.0000002159014513836155,-0.00000018327196471545903,0.011833932250738144,-0.0015802050475031137,-0.00000638583969703177,-0.021483682096004486,680.0983276367188,-680.1002807617188,40.65693283081055,0,6.963691234588623
0.07588499784469604,0.00000027163491722603794,-0.00000019333781153818563,0.011146694421768188,-0.0020131689961999655,-0.000006389725967892446,-0.0007772762328386307,630.7405395507813,-630.7431640625,38.19312286376953,0,6.963691234588623
0.07588999718427658,0.00000032304518526871107,-0.00000020541136791507597,0.010282052680850029,-0.0024147110525518656,-0.0000062963545133243315,0.018674321472644806,547.02978515625,-547.0330200195313,33.91035461425781,0,6.963691234588623
0.07589499652385712,0.00000036931402291884297,-0.0000002192261661093653,0.009253766387701035,-0.0027629609685391188,-0.000006116631084296387,0.03594472259283066,433.0245666503906,-433.02862548828125,28.022924423217773,0,6.963691234588623
0.07589999586343765,0.0000004097050236850919,-0.00000023441933194590092,0.008078202605247498,-0.0030386329162865877,-0.000005865547791472636,0.0502166822552681,294.2876281738281,-294.29241943359375,20.824567794799805,0,6.963691234588623
0.07590499520301819,0.00000044357537376527034,-0.00000025054924890355323,0.006774069741368294,-0.0032259824220091105,-0.000005561435045819962,0.06082254648208618,137.6095733642578,-137.61512756347656,12.673918724060059,0,6.963691234588623
0.07590999454259872,0.0000004703859985966119,-0.0000002671171728252375,0.005362124182283878,-0.0033135872799903154,-0.000005225048425927525,0.06727732717990875,29.327131271362305,29.32084846496582,3.976717233657837,0,6.963691234588623
0.07591500133275986,0.0000004897102030554379,-0.0000002835917598531523,0.003864837810397148,-0.003294917056336999,-0.000004878535037278198,0.06930264830589294,198.3287811279297,198.32180786132813,-4.834282875061035,0,6.963691234588623
0.0759200006723404,0.000000501240378980583,-0.000000299435043871199,0.0023060408420860767,-0.003168657189235091,-0.0000045443321141647175,0.06684057414531708,361.0962829589844,361.0887756347656,-13.320759773254395,0,6.963691234588623
0.07592500001192093,0.0000005047930926593835,-0.00000031412892553817073,0.0007105423719622195,-0.002938776044175029,-0.000004244050160195911,0.06005636975169182,509.6365051269531,509.6285705566406,-21.0605411529541,0,6.963691234588623
0.07592999935150146,0.0000005003117848900729,-0.0000003272005812959833,-0.0008962643914856017,-0.0026143311988562346,-0.000003997398380306549,0.04933032765984535,636.6580200195313,636.6498413085938,-27.668535232543945,0,6.963691234588623
0.075934998691082,0.0000004878677373199025,-0.00000033824568390627974,-0.002488806378096342,-0.002209021942690015,-0.000003821204245468834,0.03523885831236839,735.9324340820313,735.9241943359375,-32.81578826904297,0,6.963691234588623
0.07593999803066254,0.00000046765904926360236,-0.00000034694824080361286,-0.004041737876832485,-0.0017405127873644233,-0.0000037285747112036915,0.01852591708302498,802.6029052734375,802.5947875976563,-36.24580764770508,0,6.963691234588623
0.07594499737024307,0.00000044000734078508685,-0.00000035309602708366583,-0.0055303433910012245,-0.0012295598862692714,-0.0000037282443372532725,0.00006607919931411743,833.4246215820313,833.4168701171875,-37.78725814819336,0,6.963691234588623
0.07594999670982361,0.0000004053526936331764,-0.0000003565909594271943,-0.00693093053996563,-0.0006989852990955114,-0.000003824138275376754,-0.019178813323378563,826.92578125,826.9185791015625,-37.362449645996094,0,6.963691234588623
0.07595499604940414,0.0000003642466595010774,-0.00000035745370041695423,-0.008221208117902279,-0.00017254799604415894,-0.000004015174909000052,-0.03820735216140747,783.4803466796875,783.4738159179688,-34.991214752197266,0,6.963691234588623
0.07595999538898468,0.00000031734344929645886,-0.0000003558225500910339,-0.009380641393363476,0.0003262310638092458,-0.000004295316102798097,-0.05602823197841644,705.289306640625,705.2835693359375,-30.78989028930664,0,6.963691234588623
0.07596499472856522,0.0000002653895592175104,-0.0000003519463973589154,-0.010390778072178364,0.0007752321544103324,-0.000004653863015846582,-0.07170939445495605,596.2716064453125,596.2669067382813,-24.9655704498291,0,6.963691234588623
0.07597000151872635,0.00000020921186205669073,-0.00000034617224287103454,-0.011235539801418781,0.0011548304464668036,-0.000005075984518043697,-0.08442425727844238,461.87042236328125,461.8667907714844,-17.80585479736328,0,6.963691234588623
0.07597500085830688,0.00000014970444794926152,-0.00000033892791861944715,-0.01190148200839758,0.0014488662127405405,-0.000005543447969102999,-0.09349270164966583,308.7828063964844,308.7802734375,-9.66458797454834,0,6.963691234588623
0.07598000019788742,0.00000008781440641314475,-0.00000033070071481233754,-0.012378008104860783,0.001645443495362997,-0.000006035522346792277,-0.0984148383140564,144.6280975341797,144.6266632080078,-0.9443299174308777,0,6.963691234588623
0.07598499953746796,0.00000002452674863206994,-0.00000032201313615587424,-0.012657531537115574,0.0017375166062265635,-0.000006530001428473042,-0.09889578819274902,22.42957305908203,-22.429967880249023,7.923584461212158,0,6.963691234588623
0.07598999887704849,-0.000000039151274222604115,-0.0000003133969528335001,-0.01273560430854559,0.001723237568512559,-0.000007004303370194975,-0.09486034512519836,266.25653076171875,-266.25531005859375,20.608917236328125,0,6.963691234588623
0.07599499821662903,-0.00000010158309038388325,-0.0000003056282764646312,-0.012486363761126995,0.001553733367472887,-0.000007426124739140505,-0.08436430990695953,554.8539428710938,-554.850830078125,35.47808837890625,0,6.963691234588623
0.07599999755620956,-0.0000001607814397175389,-0.000000299625753541477,-0.01183967012912035,0.001200502272695303,-0.000007757602361380123,-0.06629547476768494,780.61767578125,-780.6128540039063,47.111480712890625,0,6.963691234588623
0.0760049968957901,-0.00000021486198420461733,-0.00000029610802698698535,-0.010816107504069805,0.000703545636497438,-0.00000796911172074033,-0.04230179637670517,921.5493774414063,-921.5430297851563,54.37831115722656,0,6.963691234588623
0.07600999623537064,-0.0000002621032706429105,-0.00000029552367664109624,-0.009448257274925709,0.0001168691087514162,-0.000008042147783271503,-0.014607151038944721,963.9107055664063,-963.9029541015625,56.5723876953125,0,6.963691234588623
0.07601499557495117,-0.0000003010015632298746,-0.00000029800756351505697,-0.007779660634696484,-0.0004967754939571023,-0.000007971123523020651,0.01420492772012949,903.5596923828125,-903.55078125,53.48078918457031,0,6.963691234588623
0.07601999491453171,-0.0000003303186986158835,-0.000000303367556853118,-0.005863429978489876,-0.0010719994315877557,-0.000007763911526126321,0.041442468762397766,746.353759765625,-746.34375,45.40459442138672,0,6.963691234588623
0.07602500170469284,-0.0000003491215068152087,-0.00000031110326403904764,-0.003760560415685177,-0.0015471429796889424,-0.000007441077286785003,0.06456683576107025,507.5797424316406,-507.5688781738281,33.12956619262695,0,6.963691234588623
0.07603000104427338,-0.0000003568114550489554,-0.00000032045466014096746,-0.0015379880787804723,-0.0018702782690525055,-0.000007033879228401929,0.08143958449363708,210.4671630859375,-210.45574951171875,17.84974479675293,0,6.963691234588623
0.07603500038385391,-0.0000003531437471337995,-0.00000033047598435587133,0.0007335402187891304,-0.002004265785217285,-0.00000658122735330835,0.0905303806066513,116.07169342041016,116.08335876464844,1.0512781143188477,0,6.963691234588623
0.07603999972343445,-0.00000033823513945208106,-0.0000003401278547698894,0.0029817200265824795,-0.0019303723238408566,-0.000006125898380560102,0.09106579422950745,440.25445556640625,440.2659606933594,-15.63215446472168,0,6.963691234588623
0.07604499906301498,-0.0000003125601892861596,-0.0000003483783359570225,0.00513498904183507,-0.0016500975470989943,-0.0000057103761719190516,0.08310440182685852,730.5201416015625,730.531005859375,-30.57823944091797,0,6.963691234588623
0.07604999840259552,-0.00000027693616289070633,-0.0000003543034949871071,0.007124807219952345,-0.0011850339360535145,-0.000005372720806917641,0.0675310343503952,958.5992431640625,958.6090087890625,-42.333866119384766,0,6.963691234588623
0.07605499774217606,-0.0000002324969869960114,-0.0000003571773561361624,0.008887835778295994,-0.0005747707327827811,-0.000005142867848917376,0.045970574021339417,1081.4110107421875,1081.4193115234375,-48.71381378173828,0,6.963691234588623
0.07605999708175659,-0.000000180657210080426,-0.0000003566089787909732,0.010367955081164837,0.00011367688421159983,-0.000005037063601776026,0.021160833537578583,975.421630859375,975.4281005859375,-43.52446365356445,0,6.963691234588623
0.07606499642133713,-0.00000012306693975006056,-0.00000035293572864247835,0.011518052779138088,0.0007346495985984802,-0.000005042093562224181,-0.0010059922933578491,811.8233642578125,811.8276977539063,-35.339202880859375,0,6.963691234588623
0.07606999576091766,-0.00000006155934784146666,-0.0000003466783766725712,0.012301518581807613,0.0012514723930507898,-0.00000513711393068661,-0.01900409907102585,603.013671875,603.0158081054688,-24.79962730407715,0,6.963691234588623
0.0760749951004982,0.0000000019077290858149354,-0.00000033850156455628166,0.012693415395915508,0.0016353628598153591,-0.000005295285973261343,-0.03163444623351097,368.6907653808594,368.69073486328125,-12.918614387512207,0,6.963691234588623
0.07607999444007874,0.00000006534443741657014,-0.0000003291511632141919,0.012687341310083866,0.0018700787331908941,-0.000005486355348693905,-0.03821384534239769,274.1714782714844,274.17041015625,-7.993566513061523,0,6.963691234588623
0.07608500123023987,0.00000012774114566127537,-0.00000031892804486233217,0.012479341588914394,0.0020446216221898794,-0.000005697780125046847,-0.04228493198752403,170.19973754882813,170.1977081298828,-2.574697256088257,0,6.963691234588623
0.0760900005698204,0.00000018810479218700493,-0.0000003081631803070195,0.012072728015482426,0.0021529740188270807,-0.0000059157609939575195,-0.043596211820840836,61.880069732666016,61.877174377441406,3.0683932304382324,0,6.963691234588623
0.07609499990940094,0.0000002454746379498829,-0.00000029720135330535413,0.011473971419036388,0.002192368032410741,-0.0000061259283938852604,-0.04203348979353905,45.47109603881836,-45.4747428894043,8.654913902282715,0,6.963691234588623
0.07609999924898148,0.0000002989376355344575,-0.0000002863842496481084,0.010692599229514599,0.0021634201984852552,-0.000006314056463452289,-0.03762557730078697,146.5886993408203,-146.59298706054688,13.906792640686035,0,6.963691234588623
0.07610499858856201,0.00000034764289580380137,-0.00000027603374519458157,0.009741050191223621,0.0020700988825410604,-0.000006466771083069034,-0.030542906373739243,236.5199737548828,-236.52476501464844,18.56245994567871,0,6.963691234588623
0.07610999792814255,0.0000003908152450549096,-0.00000026643613182386616,0.008634467609226704,0.0019195255590602756,-0.0000065722165345505346,-0.02108912542462349,310.8696594238281,-310.8748779296875,22.38980484008789,0,6.963691234588623
0.07611499726772308,0.0000004277675600405928,-0.00000025782802026697027,0.007390462793409824,0.00172161974478513,-0.000006620647127419943,-0.009686091914772987,366.0179138183594,-366.0234680175781,25.197683334350586,0,6.963691234588623
0.07611999660730362,0.000000457911738749317,-0.00000025038499984475493,0.006028834730386734,0.0014886055141687393,-0.0000066049124143319204,0.003146982751786709,399.2995300292969,-399.3052673339844,26.845380783081055,0,6.963691234588623
0.07612499594688416,0.0000004807679943041876,-0.0000002442129698465578,0.00457125436514616,0.0012344035785645247,-0.0000065208164414798375,0.016819223761558533,409.1357421875,-409.1416015625,27.24959945678711,0,6.963691234588623
0.07612999528646469,0.0000004959725856679142,-0.0000002393432794178807,0.003040920477360487,0.0009739396627992392,-0.000006367329660861287,0.030697330832481384,395.1127014160156,-395.1186218261719,26.388566970825195,0,6.963691234588623
0.07613499462604523,0.0000005032835588281159,-0.00000023573126384235366,0.001462189364247024,0.0007224030559882522,-0.000006146644864202244,0.04413691908121109,358.001708984375,-358.00762939453125,24.303136825561523,0,6.963691234588623
0.07614000141620636,0.0000005025844984629657,-0.00000023325880249558395,-0.00013981328811496496,0.0004944921238347888,-0.000005864073045813711,0.05651440471410751,299.7210693359375,-299.7269287109375,21.094757080078125,0,6.963691234588623
0.0761450007557869,0.0000004938865458825603,-0.00000023174038688011933,-0.001739590778015554,0.000303683802485466,-0.000005527783741854364,0.06725787371397018,223.2408905029297,-223.24658203125,16.920438766479492,0,6.963691234588623
0.07615000009536743,0.0000004773281148118258,-0.00000023093257084383367,-0.003311682026833296,0.0001615642395336181,-0.000005148406671651173,0.07587537914514542,132.43576049804688,-132.44126892089844,11.98498821258545,0,6.963691234588623
0.07615499943494797,0.00000045317278818401974,-0.00000023054630560181977,-0.0048310658894479275,0.00007725301838945597,-0.0000047385101424879394,0.08197928220033646,31.892995834350586,-31.89822006225586,6.53085994720459,0,6.963691234588623
0.0761599987745285,0.00000042180499804089777,-0.00000023026156270589127,-0.00627356069162488,0.00005694930950994603,-0.000004311983047955437,0.08530541509389877,73.31503295898438,73.3101806640625,0.8261406421661377,0,6.963691234588623
0.07616499811410904,0.0000003837239432868955,-0.00000022974344915382972,-0.007616208400577307,0.00010362310422351584,-0.000003883352292177733,0.08572616428136826,177.8821563720703,177.87774658203125,-4.848728179931641,0,6.963691234588623
0.07616999745368958,0.0000003395357452973258,-0.00000022865911830649566,-0.008837640285491943,0.00021686640684492886,-0.0000034670686090976233,0.08325672894716263,276.5313720703125,276.5274963378906,-10.214844703674316,0,6.963691234588623
0.07617499679327011,0.00000028994367085033446,-0.00000022669455290724727,-0.009918415918946266,0.00039291175198741257,-0.00000307679692923557,0.07805434614419937,364.2764892578125,364.273193359375,-15.008662223815918,0,6.963691234588623
0.07617999613285065,0.00000023573699081680388,-0.0000002235704670283667,-0.010841336101293564,0.0006248173303902149,-0.00000272474449047877,0.07041049748659134,436.6690979003906,436.6664733886719,-18.99504852294922,0,6.963691234588623
0.07618499547243118,0.00000017777844618649397,-0.0000002190564174497922,-0.011591710150241852,0.0009028095519170165,-0.000002421062617941061,0.06073639541864395,490.0193176269531,490.0173645019531,-21.978927612304688,0,6.963691234588623
0.07618999481201172,0.00000011699046353896847,-0.00000021298258445767715,-0.01215759664773941,0.0012147655943408608,-0.00000217334945773473,0.0495426207780838,521.5784301757813,521.5771484375,-23.814950942993164,0,6.963691234588623
0.07619500160217285,0.00000005434051786323835,-0.00000020524852573089447,-0.012529989704489708,0.0015468128258362412,-0.0000019862807221215917,0.03741376847028732,529.6751708984375,529.6746826171875,-24.414691925048828,0,6.963691234588623
0.07620000094175339,-0.000000009174286219604255,-0.00000019582844856813608,-0.012702960520982742,0.001884014462120831,-0.0000018613833390190848,0.024979468435049057,536.7343139648438,536.7344970703125,-24.897781372070313,0,6.963691234588623
0.07620500028133392,-0.00000007239706434347681,-0.00000018469989981895196,-0.012644555419683456,0.002225710079073906,-0.0000017998876273850328,0.012299132533371449,456.1966552734375,456.197998046875,-20.935014724731445,0,6.963691234588623
0.07620999962091446,-0.00000013331538184502278,-0.00000017211922909154964,-0.012183662503957748,0.0025161337107419968,-0.0000017917025161295896,0.0016370173543691635,334.48260498046875,334.4848937988281,-14.857888221740723,0,6.963691234588623
0.076214998960495,-0.00000018999013207121607,-0.00000015847386691802967,-0.011334950104355812,0.002729071769863367,-0.0000018213527255284134,-0.005930042359977961,183.20411682128906,183.20712280273438,-7.2631144523620605,0,6.963691234588623
0.07621999830007553,-0.000000240617310964808,-0.00000014424534811041667,-0.010125435888767242,0.0028457031585276127,-0.0000018694983054956538,-0.009629116393625736,16.846435546875,16.84991455078125,1.104898452758789,0,6.963691234588623
0.07622499763965607,-0.0000002835853933902399,-0.00000012996321174796321,-0.008593618869781494,0.0028564278036355972,-0.0000019148303636029596,-0.00906639639288187,148.64059448242188,-148.6369171142578,9.426462173461914,0,6.963691234588623
0.0762299969792366,-0.00000031752668405715667,-0.00000011615421158239769,-0.006788258440792561,0.0027618003077805042,-0.0000019361580143595347,-0.004265539348125458,297.39404296875,-297.390380859375,16.886350631713867,0,6.963691234588623
0.07623499631881714,-0.0000003413607885249803,-0.00000010329184618740328,-0.00476682186126709,0.002572473604232073,-0.0000019144849829899613,0.004334608092904091,415.18084716796875,-415.17730712890625,22.753122329711914,0,6.963691234588623
0.07623999565839767,-0.00000035432904610388505,-0.00000009175104054293115,-0.002593652345240116,0.002308161463588476,-0.000001834871568462404,0.015922678634524345,490.7817687988281,-490.778564453125,26.450254440307617,0,6.963691234588623
0.07624499499797821,-0.0000003560186598861037,-0.00000008177244126272853,-0.0003379243426024914,0.0019957199692726135,-0.0000016879031363714603,0.02939368225634098,517.0831909179688,-517.080322265625,27.61224937438965,0,6.963691234588623
0.07625000178813934,-0.00000034637585599739396,-0.00000007343976449192269,0.0019285602029412985,0.0016665346920490265,-0.0000014706207593917497,0.043456483632326126,491.7684631347656,-491.76593017578125,26.120193481445313,0,6.963691234588623
0.07625500112771988,-0.00000032570756047789473,-0.00000006667244178970577,0.004133656620979309,0.0013534652534872293,-0.0000011868238516399288,0.056759390980005264,417.5430603027344,-417.5408630371094,22.113319396972656,0,6.963691234588623
0.07626000046730042,-0.000000294671679057501,-0.00000006123419638015548,0.006207175552845001,0.0010876490268856287,-0.0000008467158068015124,0.06802161037921906,301.87127685546875,-301.8694763183594,15.975469589233398,0,6.963691234588623
0.07626499980688095,-0.00000025425612193430425,-0.000000056756839228455647,0.008083113469183445,0.000895471777766943,-0.0000004659265471218532,0.07615785300731659,156.2501220703125,-156.24867248535156,8.297774314880371,0,6.963691234588623
0.07626999914646149,-0.00000020574734094225278,-0.00000005277684067550581,0.009701757691800594,0.0007959998911246657,-0.00000006400713914445078,0.08038388192653656,4.9096832275390625,4.9107818603515625,-0.1788654327392578,0,6.963691234588623
0.07627499848604202,-0.00000015068940228957217,-0.00000004878121373508293,0.011011586524546146,0.0007991255261003971,0.00000033745681093932944,0.08029279112815857,165.68548583984375,165.6862335205078,-8.635828971862793,0,6.963691234588623
0.07627999782562256,-0.00000009083488095029679,-0.00000004425819355446947,0.011970904655754566,0.0009046042105183005,0.0000007169297759901383,0.07589459419250488,310.1918640136719,310.1922302246094,-16.256412506103516,0,6.963691234588623
0.0762849971652031,-0.000000028088990688956983,-0.0000000387477996355301,0.01254917774349451,0.0011020784731954336,0.0000010550061233516317,0.06761527061462402,424.1261291503906,424.1262512207031,-22.30527687072754,0,6.963691234588623
0.07628999650478363,0.000000035550996813071833,-0.00000003188737096593286,0.01272799726575613,0.001372085651382804,0.0000013362825939111644,0.0562552884221077,493.5121154785156,493.5120544433594,-26.06756591796875,0,6.963691234588623
0.07629499584436417,0.00000009862516492376017,-0.00000002345604599440776,0.012614834122359753,0.0016862652264535427,0.0000015511785704802605,0.04297918826341629,505.0794677734375,505.079345703125,-26.86977767944336,0,6.963691234588623
0.0762999951839447,0.00000016012967307688086,-0.000000013417002620030871,0.012300900183618069,0.002007808769121766,0.0000016976512142719002,0.02929452247917652,491.50238037109375,491.50225830078125,-26.3435001373291,0,6.963691234588623
0.07630499452352524,0.00000021908562075623195,-0.000000001813457828347964,0.011791191063821316,0.002320708939805627,0.000001777040665729146,0.015877889469265938,453.3319091796875,453.3318786621094,-24.517677307128906,0,6.963691234588623
0.07631000131368637,0.0000002745547362792422,0.000000011233087349182824,0.011093820445239544,0.0026093090418726206,0.0000017939963754542987,0.0033911392092704773,392.33795166015625,392.3381042480469,-21.48565101623535,0,6.963691234588623
0.0763150006532669,0.000000325654156085875,0.000000025528482439085565,0.010219885967671871,0.002859079046174884,0.0000017562392713443842,-0.007551413029432297,311.4215087890625,311.42193603515625,-17.4005126953125,0,6.963691234588623
0.07631999999284744,0.0000003715706498041982,0.00000004081516280507458,0.009183296002447605,0.003057336201891303,0.0000016741721537982812,-0.01641342043876648,214.47109985351563,214.47186279296875,-12.467523574829102,0,6.963691234588623
0.07632499933242798,0.00000041157341001962777,0.00000005678452552615454,0.008000549860298634,0.0031938727479428053,0.000001560356736263202,-0.022763077169656754,106.17015838623047,106.17132568359375,-6.933938503265381,0,6.963691234588623
0.07632999867200851,0.0000004450257620192133,0.0000000730918401359304,0.0066904714331030846,0.003261462552472949,0.0000014288841612142278,-0.02629450336098671,8.234879493713379,-8.233253479003906,-1.0767585039138794,0,6.963691234588623
0.07633499801158905,0.0000004713953103419044,0.00000008937293927147039,0.005273910239338875,0.0032562201377004385,0.0000012946696870130836,-0.026842892169952393,123.1943588256836,-123.19225311279297,4.810998439788818,0,6.963691234588623
0.07633999735116959,0.0000004902623800262518,0.00000010526189697657173,0.0037734126672148705,0.003177792066708207,0.0000011727063338184962,-0.02439267188310623,233.1304168701172,-233.1278076171875,10.434821128845215,0,6.963691234588623
0.07634499669075012,0.0000005013266672904138,0.0000001204087851647273,0.002212858758866787,0.0030293765012174845,0.0000010773150052045821,-0.019078262150287628,332.7130126953125,-332.7099914550781,15.513297080993652,0,6.963691234588623
0.07634999603033066,0.0000005044121280661784,0.0000001344966165106598,0.0006170865963213146,0.0028175648767501116,0.000001021428033709526,-0.011177405714988708,417.1242370605469,-417.120849609375,19.792055130004883,0,6.963691234588623
0.0763549953699112,0.0000004994695927962312,0.00000014725669927884155,-0.000988507061265409,0.0025520154740661383,0.00000101594105217373,-0.001097395084798336,482.29669189453125,-482.2929992675781,23.056379318237305,0,6.963691234588623
0.07635999470949173,0.0000004865777327722753,0.00000015848158341214003,-0.002578367944806814,0.002244975883513689,0.000001069166614797723,0.010645121335983276,525.1149291992188,-525.111083984375,25.14183807373047,0,6.963691234588623
0.07636500149965286,0.0000004659417811581079,0.00000016803497260298172,-0.00412719277665019,0.0019106772961094975,0.000001186415374831995,0.02344975247979164,543.5698852539063,-543.5659790039063,25.94244956970215,0,6.963691234588623
0.0763700008392334,0.00000043789012238448777,0.000000175858119177974,-0.005610331427305937,0.00156462995801121,0.0000013697260783374077,0.036662131547927856,536.858154296875,-536.8543090820313,25.415918350219727,0,6.963691234588623
0.07637500017881393,0.0000004028692330848571,0.00000018197239626260853,-0.00700417859479785,0.0012228555278852582,0.0000016177577890630346,0.04960635304450989,505.4217224121094,-505.4180603027344,23.585737228393555,0,6.963691234588623
0.07637999951839447,0.0000003614364914028556,0.00000018647786248493503,-0.008286550641059875,0.0009010940557345748,0.000001925850028783316,0.06161846965551376,450.9260559082031,-450.9226989746094,20.540040969848633,0,6.963691234588623
0.076384998857975,0.0000003142512809972686,0.000000189547989748462,-0.009437039494514465,0.0006140256300568581,0.0000022862470814288827,0.07207942754030228,376.177490234375,-376.17449951171875,16.427217483520508,0,6.963691234588623
0.07638999819755554,0.00000026206461711808515,0.00000019142071039368602,-0.010437332093715668,0.0003745435969904065,0.0000026884758881351445,0.08044574409723282,284.98388671875,-284.9814147949219,11.448575019836426,0,6.963691234588623
0.07639499753713608,0.0000002057070673799899,0.00000019238629533901985,-0.011271510273218155,0.0001931172446347773,0.0000031198580927593866,0.08627644926309586,181.96630859375,-181.96432495117188,5.848363399505615,0,6.963691234588623
0.07639999687671661,0.00000014607559251089697,0.00000019277266005701676,-0.011926297098398209,0.00007727390038780868,0.000003566133045751485,0.08925499767065048,72.32940673828125,-72.32799530029297,-0.09832267463207245,0,6.963691234588623
0.07640499621629715,0.00000008411923602125171,0.0000001929287947177727,-0.012391271069645882,0.00003122757334494963,0.0000040121576603269204,0.08920492976903915,38.39607238769531,38.39688491821289,-6.099175930023193,0,6.963691234588623
0.07640999555587769,0.00000002082407490888727,0.00000019320715693993407,-0.01265903189778328,0.00005567126936512068,0.000004442651061253855,0.08609864860773087,144.62759399414063,144.62779235839844,-11.859151840209961,0,6.963691234588623
0.07641499489545822,-0.00000004280251175714511,0.0000001939458798005944,-0.012725317850708961,0.00014774405281059444,0.00000484294514535577,0.08005883544683456,304.018310546875,304.0174865722656,-20.245609283447266,0,6.963691234588623
0.07642000168561935,-0.00000010506666114906693,0.00000019565231923479587,-0.012452829629182816,0.00034128810511901975,0.000005191684067540336,0.06974782794713974,461.323486328125,461.3214416503906,-28.474079132080078,0,6.963691234588623
0.07642500102519989,-0.00000016398644220316783,0.00000019882719470842858,-0.011783955618739128,0.0006349757313728333,0.0000054679144341207575,0.05524609982967377,567.6900024414063,567.686767578125,-34.08008575439453,0,6.963691234588623
0.07643000036478043,-0.000000217686377368409,0.00000020380907983508223,-0.010739987716078758,0.0009963783668354154,0.000005657360816258006,0.037889257073402405,612.5942993164063,612.58984375,-36.522579193115234,0,6.963691234588623
0.07643499970436096,-0.00000026445715661793656,0.00000021074092160233704,-0.009354155510663986,0.0013863680651411414,0.000005753803179686656,0.01928846165537834,591.4971923828125,591.4916381835938,-35.56813049316406,0,6.963691234588623
0.0764399990439415,-0.00000030281000817922177,0.00000021955555951080896,-0.0076705715619027615,0.001762926927767694,0.000005759672148997197,0.0011737626045942307,506.2855224609375,506.27886962890625,-31.313602447509766,0,6.963691234588623
0.07644499838352203,-0.00000033152412015624577,0.00000022998175097654894,-0.005742825102061033,0.002085238229483366,0.000005685801625077147,-0.014774123206734657,365.088623046875,365.08099365234375,-24.176761627197266,0,6.963691234588623
0.07644999772310257,-0.00000034968550721714564,0.000000241570063508334,-0.00363227934576571,0.002317660953849554,0.000005550365585804684,-0.027087246999144554,181.4878692626953,181.4794158935547,-14.855602264404297,0,6.963691234588623
0.0764549970626831,-0.00000035671607179210696,0.0000002537360614951467,-0.0014061143156141043,0.0024331999011337757,0.000005377100023906678,-0.03465314209461212,26.804542541503906,-26.81359100341797,-4.260467052459717,0,6.963691234588623
0.07645999640226364,-0.0000003523920213410747,0.00000026581673751024937,0.0008648084476590157,0.0024161357432603836,0.0000051929850997112226,-0.036822982132434845,239.6683349609375,-239.67770385742188,6.574525833129883,0,6.963691234588623
0.07646499574184418,-0.0000003368510022028204,0.0000002771345180008211,0.0031082038767635822,0.0022635580971837044,0.000005025612153986003,-0.033474601805210114,436.5323486328125,-436.54168701171875,16.592071533203125,0,6.963691234588623
0.07646999508142471,-0.0000003105876942299801,0.00000028706278953904985,0.005252662114799023,0.0019856528379023075,0.000004900490694126347,-0.025024328380823135,598.37548828125,-598.3843994140625,24.81454086303711,0,6.963691234588623
0.07647499442100525,-0.00000027443809358373983,0.0000002950863517980906,0.007229923270642757,0.0016047151293605566,0.0000048385586524091195,-0.012386386282742023,709.5769653320313,-709.5850830078125,30.439088821411133,0,6.963691234588623
0.07648000121116638,-0.00000022955285317038943,0.0000003008512692304066,0.00897704903036356,0.001152984332293272,0.0000048541392061451916,0.003116113133728504,759.435791015625,-759.4426879882813,32.915740966796875,0,6.963691234588623
0.07648500055074692,-0.0000001773607181121406,0.00000030419883501053846,0.010438426397740841,0.0006695125484839082,0.0000049535392463440076,0.019879963248968124,726.0052490234375,-726.0106201171875,31.140594482421875,0,6.963691234588623
0.07648999989032745,-0.00000011952303680118348,0.0000003052354600185936,0.011567537672817707,0.0002073232753900811,0.000005132238129590405,0.03573973849415779,541.9202880859375,-541.9239501953125,21.7501163482666,0,6.963691234588623
0.07649499922990799,-0.000000057880825465872476,0.0000003045470862161892,0.012328443117439747,-0.00013767389464192092,0.00000536632296643802,0.046816982328891754,325.8526611328125,-325.85443115234375,10.702800750732422,0,6.963691234588623
0.07649999856948853,0.000000005603780550700321,0.00000030282149054983165,0.012696920894086361,-0.00034511814010329545,0.000005627662176266313,0.05226787179708481,107.18984985351563,-107.18976593017578,-0.5026604533195496,0,6.963691234588623
0.07650499790906906,0.00000006899919213765315,0.0000003007546922617621,0.012679082341492176,-0.0004133573092985898,0.000005887721727049211,0.052011869847774506,31.84107780456543,-31.84004020690918,-4.541042327880859,0,6.963691234588623
0.0765099972486496,0.00000013129644571563404,0.00000029858654215786373,0.012459450401365757,-0.0004336279525887221,0.000006136217507446418,0.04969913512468338,41.1235466003418,41.12550735473633,-8.448169708251953,0,6.963691234588623
0.07651499658823013,0.00000019150404284573597,0.0000002965493024476018,0.012041519396007061,-0.0004074478929396719,0.000006363200100167887,0.04539651423692703,108.05540466308594,108.05824279785156,-12.031246185302734,0,6.963691234588623
0.07651999592781067,0.00000024866375269994023,0.0000002948560222648666,0.011431940831243992,-0.0003386576718185097,0.000006559545454365434,0.03926905244588852,165.60816955566406,165.61183166503906,-15.113452911376953,0,6.963691234588623
0.0765249952673912,0.00000030186583899194375,0.00000029368987952693715,0.010640417225658894,-0.00023322823108173907,0.000006717404630762758,0.03157183527946472,210.90367126464844,210.90811157226563,-17.54270362854004,0,6.963691234588623
0.07652999460697174,0.00000035026357636525063,0.0000002931950575657538,0.009679547511041164,-0.00009896278061205521,0.0000068305917011457495,0.02263740822672844,241.67449951171875,241.6796417236328,-19.199182510375977,0,6.963691234588623
0.07653500139713287,0.00000039308667965087807,0.0000002934695260137232,0.008564622141420841,0.000054891974286874756,0.000006894888429087587,0.012859344482421875,256.3763732910156,256.38214111328125,-20.001283645629883,0,6.963691234588623
0.07654000073671341,0.000000429653596256685,0.00000029456006700456783,0.007313386537134647,0.00021810623002238572,0.000006908252089488087,0.0026727747172117233,254.26466369628906,254.27099609375,-19.90964698791504,0,6.963691234588623
0.07654500007629395,0.0000004593823632603744,0.0000002964599445931526,0.005945755168795586,0.0003799761470872909,0.000006870916422485607,-0.0074671246111392975,235.43130493164063,235.43812561035156,-18.929113388061523,0,6.963691234588623
0.07654999941587448,0.000000481799816043349,0.00000029910921739428886,0.004483493976294994,0.0005298563628457487,0.000006785377991036512,-0.01710764318704605,200.80029296875,200.8074951171875,-17.108478546142578,0,6.963691234588623
0.07655499875545502,0.0000004965492053088383,0.00000030239766601880547,0.0029498757794499397,0.0006576898158527911,0.000006656273399130441,-0.025820918381214142,152.08181762695313,152.08932495117188,-14.5380859375,0,6.963691234588623
0.07655999809503555,0.0000005033957677369472,0.0000003061701931983407,0.0013693086802959442,0.0007545081316493452,0.0000064901478253887035,-0.033225104212760925,91.6876449584961,91.69535064697266,-11.34533977508545,0,6.963691234588623
0.07656499743461609,0.0000005022305344937195,0.0000003102345829120168,-0.00023305148351937532,0.000812878308352083,0.000006295131697697798,-0.03900323808193207,22.611539840698242,22.61932945251465,-7.688396453857422,0,6.963691234588623
0.07656999677419662,0.0000004930720365337038,0.0000003143709363939706,-0.001831702422350645,0.0008272732957266271,0.000006080537332309177,-0.04291890561580658,51.71903991699219,-51.711280822753906,-3.7483298778533936,0,6.963691234588623
0.07657499611377716,0.0000004760660203828593,0.00000031834267133490357,-0.003401201218366623,0.0007943478995002806,0.00000585639782002545,-0.044827915728092194,127.61271667480469,-127.60514068603516,0.2798418700695038,0,6.963691234588623
0.0765799954533577,0.0000004514831744018011,0.0000003219082032046572,-0.004916568286716938,0.0007131071179173887,0.000005632970896840561,-0.04468539357185364,201.29722595214844,-201.2899627685547,4.196819305419922,0,6.963691234588623
0.07658499479293823,0.00000041971475184254814,0.00000032483299605701177,-0.006353684701025486,0.0005849573644809425,0.0000054202309911488555,-0.04254797101020813,269.1061706542969,-269.099365234375,7.80889368057251,0,6.963691234588623
0.07659000158309937,0.0000003812663464941579,0.0000003269011870088434,-0.00768967904150486,0.00041363906348124146,0.000005227376277616713,-0.03857093304395676,327.6608581542969,-327.6546325683594,10.93754768371582,0,6.963691234588623
0.0765950009226799,0.00000033674990618237644,0.00000032792641491141694,-0.008903289213776588,0.00020504368876572698,0.000005062373929831665,-0.033000484108924866,374.03759765625,-374.0320739746094,13.428297996520996,0,6.963691234588623
0.07660000026226044,0.0000002868738988581754,0.0000003277610289842414,-0.009975198656320572,-0.000033076037652790546,0.0000049315663090965245,-0.02616150677204132,405.9125671386719,-405.9078674316406,15.158344268798828,0,6.963691234588623
0.07660499960184097,0.00000023243217128765536,0.00000032630359214635973,-0.010888347402215004,-0.00029148798785172403,0.00000483935900774668,-0.018441427499055862,421.6771240234375,-421.67333984375,16.042667388916016,0,6.963691234588623
0.07660999894142151,0.00000017429115928280225,0.0000003235039116589178,-0.011628203094005585,-0.0005599359283223748,0.000004788004389411071,-0.010270964354276657,420.51739501953125,-420.51458740234375,16.038225173950195,0,6.963691234588623
0.07661499828100204,0.00000011337620975382379,0.00000031936568234414153,-0.012182990089058876,-0.0008276456501334906,0.000004777490630658576,-0.0021027643233537674,402.4546813964844,-402.452880859375,15.14609146118164,0,6.963691234588623
0.07661999762058258,0.00000005065681563110047,0.0000003139464013202087,-0.012543879449367523,-0.0010838562157005072,0.000004805545813724166,0.005611076485365629,368.3443908691406,-368.3436279296875,13.41140365600586,0,6.963691234588623
0.07662499696016312,-0.000000012868817123035114,0.00000030735463951714337,-0.012705126777291298,-0.001318351598456502,0.00000486775297758868,0.01244144793599844,352.0044860839844,-352.0048828125,12.529667854309082,0,6.963691234588623
0.07662999629974365,-0.00000007598483620085972,0.00000029964240866320324,-0.012623203918337822,-0.0015424445737153292,0.0000049618665798334405,0.01882275566458702,227.82537841796875,-227.82763671875,6.222770690917969,0,6.963691234588623
0.07663499563932419,-0.000000136682189122439,0.00000029120499789314636,-0.012139471247792244,-0.0016874826978892088,0.000005071826308267191,0.02199198678135872,88.4713363647461,-88.47531127929688,-0.8593873977661133,0,6.963691234588623
0.07663999497890472,-0.000000193028824924113,0.00000028248598482605303,-0.011269327253103256,-0.0017438053619116545,0.000005179597792448476,0.021554306149482727,52.604583740234375,52.59912872314453,-8.025371551513672,0,6.963691234588623
0.07664500176906586,-0.00000024323117031599395,0.0000002739344040492142,-0.010040469467639923,-0.0017103161662817001,0.000005266932930680923,0.017467018216848373,181.7877655029297,181.78111267089844,-14.575444221496582,0,6.963691234588623
0.07665000110864639,-0.00000028569124310706684,0.000000265961460854669,-0.008492013439536095,-0.001594586530700326,0.000005317152044881368,0.010043805465102196,286.62640380859375,286.61883544921875,-19.86964225769043,0,6.963691234588623
0.07665500044822693,-0.00000031905747732707823,0.00000025890088295454916,-0.006673249416053295,-0.0014121145941317081,0.00000531677324033808,-0.00007572025060653687,357.0426025390625,357.03436279296875,-23.390024185180664,0,6.963691234588623
0.07665999978780746,-0.0000003422678105380328,0.0000002529768039494229,-0.004642069339752197,-0.0011848141439259052,0.000005256832537270384,-0.011988161131739616,386.312744140625,386.3040771484375,-24.791072845458984,0,6.963691234588623
0.076664999127388,-0.0000003545834488249966,0.0000002482824186245125,-0.002463127486407757,-0.0009388797916471958,0.000005133761987963226,-0.02461414970457554,371.7211608886719,371.71240234375,-23.93328857421875,0,6.963691234588623
0.07666999846696854,-0.0000003556123715497961,0.00000024477125748489925,-0.00020578200928866863,-0.0007022347999736667,0.000004949745743942913,-0.03680327162146568,314.8246154785156,314.81591796875,-20.89678192138672,0,6.963691234588623
0.07667499780654907,-0.000000345321808481458,0.0000002422621889763832,0.0020581139251589775,-0.00050181127153337,0.000004712516329163918,-0.047445911914110184,221.30032348632813,221.29196166992188,-15.973469734191895,0,6.963691234588623
0.07667999714612961,-0.00000032403931982116774,0.0000002404575525360997,0.004256498534232378,-0.00036092713708058,0.0000044346106733428314,-0.05558113381266594,100.3937759399414,100.38599395751953,-9.638686180114746,0,6.963691234588623
0.07668499648571014,-0.000000292442337013199,0.00000023897248979665164,0.006319394800812006,-0.00029701448511332273,0.000004132160484004999,-0.06049007549881935,35.98072052001953,-35.987709045410156,-2.504948854446411,0,6.963691234588623
0.07668999582529068,-0.0000002515366475108749,0.00000023737288756819908,0.008181138895452023,-0.00031992053845897317,0.00000382333109882893,-0.06176583841443062,174.39932250976563,-174.40530395507813,4.737627983093262,0,6.963691234588623
0.07669499516487122,-0.00000020262430666662112,0.00000023521815251115186,0.00978246983140707,-0.0004309465875849128,0.00000352656616087188,-0.05935298278927803,301.2344970703125,-301.2392578125,11.388456344604492,0,6.963691234588623
0.07669999450445175,-0.00000014726222730132577,0.0000002321045542430511,0.011072414927184582,-0.0006227183621376753,0.0000032588018257229123,-0.05355289205908775,403.9808654785156,-403.98431396484375,16.804630279541016,0,6.963691234588623
0.07670500129461288,-0.00000008721266198108424,0.00000022770505836433586,0.01200991403311491,-0.0008799005299806595,0.000003033829898413387,-0.04499436542391777,472.47186279296875,-472.47381591796875,20.463451385498047,0,6.963691234588623
0.07671000063419342,-0.00000002438703461393743,0.00000022180162773111078,0.012565125711262226,-0.0011806853581219912,0.0000028609679247892927,-0.03457241877913475,454.73260498046875,-454.733154296875,19.75648307800293,0,6.963691234588623
0.07671499997377396,0.00000003921484648117257,0.0000002144507362800141,0.012720377184450626,-0.0014701772015541792,0.000002738415332714794,-0.024510525166988373,387.649658203125,-387.64923095703125,16.529945373535156,0,6.963691234588623
0.07671999931335449,0.00000010219260815347297,0.00000020586591631399642,0.012595552019774914,-0.0017169625498354435,0.0000026579559744277503,-0.01609189435839653,364.8404235839844,-364.8393859863281,15.473265647888184,0,6.963691234588623
0.07672499865293503,0.00000016354391618733644,0.00000019611978530065244,0.012270263396203518,-0.0019492271821945906,0.0000026168988824792905,-0.008211424574255943,326.3739929199219,-326.37237548828125,13.592681884765625,0,6.963691234588623
0.07672999799251556,0.00000022229235696613614,0.0000001853347697533536,0.011749687604606152,-0.0021570033859461546,0.0000026104553398909047,-0.0012887287884950638,274.0596923828125,-274.05767822265625,10.983658790588379,0,6.963691234588623
0.0767349973320961,0.0000002775028917767486,0.00000017367739246765268,0.011042109690606594,-0.002331475028768182,0.0000026319812604924664,0.004305202513933182,210.3912353515625,-210.38882446289063,7.777793884277344,0,6.963691234588623
0.07673999667167664,0.0000003282968350504234,0.00000016135032865349785,0.010158791206777096,-0.0024654141161590815,0.000002673313247214537,0.008266400545835495,138.4227294921875,-138.42007446289063,4.1363019943237305,0,6.963691234588623
0.07674499601125717,0.0000003738657881058316,0.00000014858264307804347,0.009113789536058903,-0.0025535367894917727,0.0000027251783194515156,0.010373001918196678,61.61784362792969,-61.61506652832031,0.24202550947666168,0,6.963691234588623
0.07674999535083771,0.00000041348448576172814,0.00000013561881928580988,0.007923738099634647,-0.0025927640963345766,0.000002777659574348945,0.010496264323592186,16.321828842163086,16.32463264465332,-3.709627389907837,0,6.963691234588623
0.07675499469041824,0.00000044652236397269007,0.00000012270695037841506,0.00660757627338171,-0.0025823733303695917,0.0000028206943625264103,0.008606966584920883,91.64012908935547,91.64286804199219,-7.52036714553833,0,6.963691234588623
0.07676000148057938,0.00000047245362111425493,0.00000011008678058033183,0.005186251364648342,-0.002524033421650529,0.0000028445788302633446,0.004776875488460064,160.71234130859375,160.71493530273438,-10.998849868774414,0,6.963691234588623
0.07676500082015991,0.0000004908655455437838,0.00000009797818023571381,0.003682384267449379,-0.002421720651909709,0.0000028404549539118307,-0.0008247923105955124,220.22467041015625,220.22705078125,-13.970160484313965,0,6.963691234588623
0.07677000015974045,0.0000005014650810153398,0.00000008657057293248727,0.0021199104376137257,-0.002281521214172244,0.0000028007561923004687,-0.007939736358821392,267.3382873535156,267.3404541015625,-16.28447723388672,0,6.963691234588623
0.07677499949932098,0.0000005040835731051629,0.0000000760139329258891,0.0005236972938291728,-0.0021113285329192877,0.000002719589474509121,-0.016233351081609726,299.830078125,299.8320007324219,-17.824506759643555,0,6.963691234588623
0.07677999883890152,0.0000004986792987438093,0.00000006641167971110917,-0.001080850837752223,-0.0019204507116228342,0.0000025930330593837425,-0.025311298668384552,316.2024841308594,316.2041320800781,-18.511281967163086,0,6.963691234588623
0.07678499817848206,0.0000004853383188674343,0.000000057815931597815506,-0.0026681965682655573,-0.0017191499937325716,0.000002419337988612824,-0.034739017486572266,315.7576599121094,315.7590637207031,-18.30809783935547,0,6.963691234588623
0.07678999751806259,0.0000004642729436454829,0.000000050225271053250253,-0.004213076550513506,-0.001518132397904992,0.0000021990217646816745,-0.044063255190849304,298.6320495605469,298.63323974609375,-17.22231101989746,0,6.963691234588623
0.07679499685764313,0.0000004358184355623962,0.0000000435851852387259,-0.005690902937203646,-0.0013280173297971487,0.0000019348492514836835,-0.05283450335264206,265.7895202636719,265.79046630859375,-15.304991722106934,0,6.963691234588623
0.07679999619722366,0.00000040042766613623826,0.00000003779113200153006,-0.007078156340867281,-0.0011588104534894228,0.0000016317028439516434,-0.06062927097082138,218.9733123779297,218.9740753173828,-12.648394584655762,0,6.963691234588623
0.0768049955368042,0.0000003586638683827914,0.00000003269409276640545,-0.008352757431566715,-0.0010194077622145414,0.000001296347591051017,-0.06707104295492172,160.61984252929688,160.6204071044922,-9.38138198852539,0,6.963691234588623
0.07680999487638474,0.0000003111917692422139,0.000000028108322780440176,-0.0094944192096591,-0.0009171540150418878,0.0000009371029250360152,-0.07184893637895584,93.73758697509766,93.73802185058594,-5.663050174713135,0,6.963691234588623
0.07681500166654587,0.00000025876690301629424,0.000000023820929229145804,-0.010484973900020123,-0.00085747882258147,0.0000005634374247165397,-0.07473310083150864,21.758241653442383,21.75855255126953,-1.6748417615890503,0,6.963691234588623
0.0768200010061264,0.000000202223631617926,0.00000001960279405466281,-0.011308654211461544,-0.0008436271455138922,0.00000018550699110164715,-0.07558608800172806,51.63363265991211,-51.6334342956543,2.388435125350952,0,6.963691234588623
0.07682500034570694,0.0000001424618716328041,0.000000015220303239971145,-0.011952352710068226,-0.0008764981757849455,-0.00000018634131038197665,-0.07436966150999069,122.6832046508789,-122.68309783935547,6.32826042175293,0,6.963691234588623
0.07682999968528748,0.00000008043275556701701,0.000000010447299914062569,-0.012405822984874249,-0.0009546007495373487,-0.0000005420748152573651,-0.07114670425653458,187.7515411376953,-187.75149536132813,9.95223617553711,0,6.963691234588623
0.07683499902486801,0.000000017123511497629806,0.000000005076664422176691,-0.012661849148571491,-0.0010741271544247866,-0.0000008724651934244321,-0.0660780742764473,243.4959259033203,-243.4959259033203,13.083614349365234,0,6.963691234588623
0.07683999836444855,-0.00000004645826834348554,-0.0000000010690421881065504,-0.012716355733573437,-0.0012291413731873035,-0.0000011695384500853834,-0.05941464751958847,391.5424499511719,-391.5424499511719,20.795391082763672,0,6.963691234588623
0.07684499770402908,-0.00000010856123822122754,-0.000000008461066514087179,-0.01242059376090765,-0.0014784049708396196,-0.0000014136566051092814,-0.04882363975048065,439.6813049316406,-439.6812438964844,23.456623077392578,0,6.963691234588623
0.07684999704360962,-0.000000167208597190438,-0.00000001725263842899949,-0.011729472316801548,-0.0017583146691322327,-0.000001598043013473216,-0.036877281963825226,443.95892333984375,-443.9586181640625,23.862560272216797,0,6.963691234588623
0.07685499638319016,-0.00000022053353632145445,-0.000000027457376816641954,-0.010664989240467548,-0.002040947787463665,-0.0000017216639207617845,-0.02472418174147606,403.72216796875,-403.7215576171875,21.979480743408203,0,6.963691234588623
0.07685999572277069,-0.0000002668386969162384,-0.000000038947202796180136,-0.00926102977246046,-0.002297965344041586,-0.000001789314524103247,-0.013530123978853226,322.64947509765625,-322.6484375,17.996292114257813,0,6.963691234588623
0.07686499506235123,-0.0000003046501149128744,-0.000000051464056127770164,-0.007562282495200634,-0.002503370400518179,-0.0000018111379631591262,-0.004364687949419022,208.3929901123047,-208.3914337158203,12.306174278259277,0,6.963691234588623
0.07686999440193176,-0.00000033276421618211316,-0.00000006464424018304271,-0.005622819997370243,-0.002636037301272154,-0.000001801623966457555,0.0019027948146685958,71.83456420898438,-71.83241271972656,5.468313217163086,0,6.963691234588623
0.0768750011920929,-0.00000035028611478082894,-0.00000007805308399611022,-0.0035043777897953987,-0.002681768499314785,-0.0000017781850374376518,0.004687783773988485,73.97285461425781,73.97560119628906,-1.8465032577514648,0,6.963691234588623
0.07688000053167343,-0.0000003566580630831595,-0.00000009122646105197418,-0.0012743872357532382,-0.002634675707668066,-0.0000017594481960259145,0.0037473675329238176,215.0745849609375,215.07785034179688,-8.921133995056152,0,6.963691234588623
0.07688499987125397,-0.00000035167721534890006,-0.00000010371523728736065,0.0009961683535948396,-0.002497754991054535,-0.0000017634288269618992,-0.0007961284136399627,337.9715576171875,337.9752197265625,-15.061856269836426,0,6.963691234588623
0.0768899992108345,-0.00000033550213629496284,-0.00000011512821629366954,0.0032350150868296623,-0.0022825957275927067,-0.0000018057642137137009,-0.008467068895697594,430.93328857421875,430.9371337890625,-19.66585350036621,0,6.963691234588623
0.07689499855041504,-0.0000003086476851876796,-0.00000012516949254859355,0.00537088792771101,-0.0020082551054656506,-0.0000018981781977345236,-0.018482806161046028,485.138671875,485.14251708984375,-22.279857635498047,0,6.963691234588623
0.07689999788999557,-0.0000002719687017815886,-0.0000001336665178541807,0.0073357997462153435,-0.0016994061879813671,-0.0000020473273707466433,-0.02982984483242035,495.5340881347656,495.5377197265625,-22.64425277709961,0,6.963691234588623
0.07690499722957611,-0.00000022663266463496257,-0.00000014058620934065402,0.009067206643521786,-0.001383939292281866,-0.000002254139644719544,-0.041362464427948,461.32470703125,461.327880859375,-20.718332290649414,0,6.963691234588623
0.07690999656915665,-0.00000017408268604413024,-0.00000014603746478769608,0.010509994812309742,-0.0010902509093284607,-0.0000025137107968475902,-0.05191422253847122,386.0515441894531,386.0541076660156,-16.684255599975586,0,6.963691234588623
0.07691499590873718,-0.00000011599149729590863,-0.0000001502598792058052,0.011618238873779774,-0.000844482914544642,-0.000002815768084474257,-0.060411445796489716,277.24700927734375,277.2487487792969,-10.929346084594727,0,6.963691234588623
0.07691999524831772,-0.00000005420817927870303,-0.00000015359978533524554,0.012356664054095745,-0.0006679820362478495,-0.000003145656592096202,-0.06597771495580673,117.10617065429688,117.10698699951172,-2.5786237716674805,0,6.963691234588623
0.07692499458789825,0.000000009300634928877116,-0.00000015656694074550614,0.012701763771474361,-0.0005934298969805241,-0.0000034821116514649475,-0.06729099899530411,87.69158935546875,-87.69166564941406,8.011783599853516,0,6.963691234588623
0.07693000137805939,0.00000007266142887374372,-0.00000015981322576408274,0.012672158889472485,-0.0006492560496553779,-0.000003798164698309847,-0.063210628926754,150.47348022460938,-150.47406005859375,11.480125427246094,0,6.963691234588623
0.07693500071763992,0.00000013486578609445132,-0.0000001635384734299805,0.012440870516002178,-0.0007450504926964641,-0.000004084984084329335,-0.057363852858543396,203.55201721191406,-203.55311584472656,14.432848930358887,0,6.963691234588623
0.07694000005722046,0.0000001949236718701286,-0.0000001679116508057632,0.012011579237878323,-0.0008746357634663582,-0.000004335050562076503,-0.05001326650381088,244.2026824951172,-244.20431518554688,16.725893020629883,0,6.963691234588623
0.076944999396801,0.0000002518792712180584,-0.00000017306214772361272,0.011391117237508297,-0.001030100043863058,-0.000004542524948192295,-0.041494838893413544,270.3186950683594,-270.32086181640625,18.247840881347656,0,6.963691234588623
0.07694999873638153,0.00000030482607371595805,-0.00000017907309768361301,0.010589360259473324,-0.0012021902948617935,-0.0000047035314310051035,-0.032201290130615234,280.5154724121094,-280.5181884765625,18.92542266845703,0,6.963691234588623
0.07695499807596207,0.00000035292140410092543,-0.0000001859769582779336,0.009619067423045635,-0.0013807720970362425,-0.000004816344699065667,-0.022562652826309204,274.1993408203125,-274.20263671875,18.727157592773438,0,6.963691234588623
0.0769599974155426,0.00000039539980889458093,-0.00000019375362114715244,0.00849568285048008,-0.0015553329139947891,-0.000004881469521933468,-0.013024989515542984,251.59713745117188,-251.60096740722656,17.664913177490234,0,6.963691234588623
0.07696499675512314,0.00000043158524931641296,-0.0000002023311367338465,0.007237085606902838,-0.001715504564344883,-0.000004901611191598931,-0.004028323572129011,213.7447509765625,-213.74911499023438,15.793301582336426,0,6.963691234588623
0.07696999609470367,0.0000004609017878465238,-0.0000002115890254117403,0.005863306578248739,-0.0018515787087380886,-0.000004881535460299347,0.00401513883844018,162.43614196777344,-162.4410400390625,13.206985473632813,0,6.963691234588623
0.07697499543428421,0.000000482882853702904,-0.000000221363961827592,0.004396209958940744,-0.0019549888093024492,-0.0000048278284339176025,0.010741401463747025,100.13446044921875,-100.13980865478516,10.035979270935059,0,6.963691234588623
0.07697999477386475,0.0000004971785756424651,-0.00000023145764771470567,0.002859145402908325,-0.002018736442551017,-0.00000474856506116339,0.015852684155106544,29.849958419799805,-29.855712890625,6.439208507537842,0,6.963691234588623
0.07698500156402588,0.0000005035614663029264,-0.0000002416463473764452,0.0012765759602189064,-0.0020377396140247583,-0.0000046529044084309135,0.01913214661180973,45.00897216796875,45.00288772583008,2.5966315269470215,0,6.963691234588623
0.07699000090360641,0.0000005019298896513646,-0.00000025169177320094605,-0.00032631098292768,-0.0020090860780328512,-0.000004550631274469197,0.02045459859073162,120.80462646484375,120.79830932617188,-1.2996740341186523,0,6.963691234588623
0.07699500024318695,0.0000004923098799736181,-0.00000026135268171856296,-0.0019240041729062796,-0.001932179438881576,-0.000004451667791727232,0.01979268155992031,193.85023498535156,193.84376525878906,-5.0550336837768555,0,6.963691234588623
0.07699999958276749,0.00000047485448817496945,-0.0000002703965265027364,-0.0034910759422928095,-0.00180877058301121,-0.00000436557684224681,0.017218174412846565,260.5924072265625,260.58599853515625,-8.481822967529297,0,6.963691234588623
0.07700499892234802,0.0000004498415648868104,-0.00000027861088369718345,-0.005002585239708424,-0.0016428722301498055,-0.000004301084572944092,0.012898417189717293,317.78741455078125,317.7811584472656,-11.408761024475098,0,6.963691234588623
0.07700999826192856,0.0000004176691845714231,-0.000000285813683831293,-0.006434476003050804,-0.001440562424249947,-0.000004265644747647457,0.007087983191013336,362.6616516113281,362.6556701660156,-13.689403533935547,0,6.963691234588623
0.0770149976015091,0.0000003788493927459058,-0.0000002918621078151773,-0.007763958536088467,-0.001209684764035046,-0.000004265064490027726,0.00011602789163589478,393.0489196777344,393.04339599609375,-15.209394454956055,0,6.963691234588623
0.07701999694108963,0.00000033400002052985656,-0.0000002966594081499352,-0.008969874121248722,-0.0009594620787538588,-0.000004303214609535644,-0.007630052976310253,407.49798583984375,407.4930419921875,-15.892136573791504,0,6.963691234588623
0.07702499628067017,0.00000028383487915562,-0.0000003001595985097083,-0.01003302913159132,-0.0007000407786108553,-0.000004381834060041001,-0.015723850578069687,405.3442687988281,405.3399963378906,-15.70258903503418,0,6.963691234588623
0.0770299956202507,0.0000002291523628628056,-0.0000003023695569481788,-0.010936504229903221,-0.0004419906181283295,-0.000004500439445109805,-0.023721113801002502,386.74267578125,386.73919677734375,-14.649001121520996,0,6.963691234588623
0.07703499495983124,0.00000017082277281588176,-0.00000030334845746438077,-0.011665919795632362,-0.00019578257342800498,-0.000004656348210119177,-0.031181789934635162,352.6600036621094,352.65740966796875,-12.78250789642334,0,6.963691234588623
0.07704000174999237,0.00000010977444020454641,-0.0000003032048141449195,-0.012209666892886162,0.00002872775075957179,-0.0000048448073357576504,-0.0376918688416481,304.8269958496094,304.8253173828125,-10.194591522216797,0,6.963691234588623
0.0770450010895729,0.00000004697898958738733,-0.0000003020908820872137,-0.012559089809656143,0.00022278664982877672,-0.000005059227078163531,-0.04288393259048462,245.65240478515625,245.6516876220703,-7.012555122375488,0,6.963691234588623
0.07705000042915344,-0.00000001656415804518474,-0.0000003001950119596586,-0.012708630412817001,0.00037917381268925965,-0.000005291503839544021,-0.046455398201942444,219.5128173828125,219.51332092285156,-5.463682174682617,0,6.963691234588623
0.07705499976873398,-0.0000000795800687569681,-0.00000029760042252746643,-0.012603182345628738,0.0005189200164750218,-0.000005537694050872233,-0.04923802614212036,70.47177124023438,70.47413635253906,2.244724750518799,0,6.963691234588623
0.07705999910831451,-0.0000001400628946157667,-0.0000002947815005427401,-0.01209656335413456,0.0005637836875393987,-0.000005778168087999802,-0.048094794154167175,77.9543685913086,-77.95023345947266,9.916437149047852,0,6.963691234588623
0.07706499844789505,-0.00000019608738455190178,-0.00000029221072850305063,-0.011204898357391357,0.0005141564179211855,-0.000005993390004732646,-0.04304439574480057,211.27313232421875,-211.26739501953125,16.80648422241211,0,6.963691234588623
0.07706999778747559,-0.0000002458702397234447,-0.00000029031244253019395,-0.009956570342183113,0.0003796557430177927,-0.000006165814738778863,-0.034484922885894775,316.46820068359375,-316.4610595703125,22.245777130126953,0,6.963691234588623
0.07707499712705612,-0.00000028782682193195797,-0.0000002894215072046791,-0.00839131511747837,0.00017818581545725465,-0.0000062815911405778024,-0.023155242204666138,383.2655944824219,-383.2572326660156,25.706188201904297,0,6.963691234588623
0.07707999646663666,-0.00000032062160926216166,-0.00000028975054533475486,-0.006558955647051334,-0.00006580865010619164,-0.000006331907115963986,-0.010063187219202518,405.133056640625,-405.12384033203125,26.8519287109375,0,6.963691234588623
0.0770849958062172,-0.00000034321070074838644,-0.00000029136916168681637,-0.004517818801105022,-0.00032372435089200735,-0.000006313845005934127,0.003612387226894498,379.9159851074219,-379.9059753417969,25.572221755981445,0,6.963691234588623
0.07708999514579773,-0.00000035487508398546197,-0.00000029419709335343214,-0.0023328750394284725,-0.0005655863787978888,-0.000006230663984752027,0.016636211425065994,310.04620361328125,-310.0357971191406,21.9920654296875,0,6.963691234588623
0.07709499448537827,-0.00000035524345776138944,-0.00000029801194045830925,-0.0000736734364181757,-0.0007629679748788476,-0.00000609148082730826,0.027836676687002182,202.3062744140625,-202.29571533203125,16.460079193115234,0,6.963691234588623
0.0771000012755394,-0.0000003443040839101741,-0.00000030247073823375104,0.002187873236835003,-0.0008917601080611348,-0.0000059103822422912344,0.036219727247953415,67.16914367675781,-67.15872192382813,9.514585494995117,0,6.963691234588623
0.07710500061511993,-0.00000032240518521575723,-0.00000030714335252923775,0.004379778169095516,-0.0009345213184133172,-0.000005705054718418978,0.04106546565890312,82.22042083740234,82.23033142089844,1.831249475479126,0,6.963691234588623
0.07710999995470047,-0.00000029024383252362895,-0.00000031155423130257986,0.006432270631194115,-0.0008821781957522035,-0.000005495064215210732,0.04199811443686485,231.3245086669922,231.33352661132813,-5.842650890350342,0,6.963691234588623
0.077114999294281,-0.000000248843747385763,-0.0000003152287888497085,0.008280017413198948,-0.0007349124643951654,-0.0000052999516810814384,0.039022479206323624,365.6261901855469,365.634033203125,-12.760918617248535,0,6.963691234588623
0.07711999863386154,-0.00000019952273078160943,-0.00000031773953423908097,0.009864202700555325,-0.000502147595398128,-0.00000513733448315179,0.032523397356271744,472.0420227050781,472.0483703613281,-18.251028060913086,0,6.963691234588623
0.07712499797344208,-0.00000014385072688583023,-0.00000031874770911599626,0.011134401895105839,-0.00020163632871117443,-0.0000050211933739774395,0.023228224366903305,540.1943969726563,540.198974609375,-21.779537200927734,0,6.963691234588623
0.07712999731302261,-0.00000008359981507055636,-0.00000031803639899408154,0.012050182558596134,0.00014226209896150976,-0.000004960513251717202,0.012135997414588928,559.054931640625,559.0576171875,-22.78567886352539,0,6.963691234588623
0.07713499665260315,-0.000000020687842550159985,-0.00000031554554880131036,0.012582394294440746,0.0004981675301678479,-0.000004957856617693324,0.0005313465371727943,389.986083984375,389.9867248535156,-14.334903717041016,0,6.963691234588623
0.07713999599218369,0.00000004288262545060206,-0.00000031181335202745686,0.01271409448236227,0.0007464403752237558,-0.000004991703463019803,-0.006769359577447176,311.1453552246094,311.1446838378906,-10.357542991638184,0,6.963691234588623
0.07714499533176422,0.00000010577059583738446,-0.00000030709074394508207,0.012577594257891178,0.0009445216273888946,-0.000005051925654697698,-0.012044413015246391,272.4767761230469,272.47515869140625,-8.361334800720215,0,6.963691234588623
0.07714999467134476,0.0000001669751696908861,-0.00000030150081897772907,0.012240915559232235,0.0011179858120158315,-0.000005133439572091447,-0.01630280539393425,224.1486053466797,224.14608764648438,-5.859971523284912,0,6.963691234588623
0.07715500146150589,0.0000002255222426583714,-0.0000002951973954168352,0.011709415353834629,0.0012606832897290587,-0.000005229876023804536,-0.019287265837192535,168.5223846435547,168.51907348632813,-2.978165626525879,0,6.963691234588623
0.07716000080108643,0.00000028048000899616454,-0.00000028835756893386133,0.010991554707288742,0.0013679679250344634,-0.0000053338962970883586,-0.020804032683372498,108.31808471679688,108.31404113769531,0.14044040441513062,0,6.963691234588623
0.07716500014066696,0.00000033097379059654486,-0.0000002811729302720778,0.010098757222294807,0.00143692537676543,-0.000005437558684207033,-0.02073250710964203,46.479217529296875,46.47456359863281,3.3403961658477783,0,6.963691234588623
0.0771699994802475,0.00000037619994941451296,-0.000000273840356612709,0.009045233950018883,0.0014665148919448256,-0.000005532715022127377,-0.019031256437301636,13.972844123840332,-13.977994918823242,6.4621453285217285,0,6.963691234588623
0.07717499881982803,0.00000041543870565874386,-0.0000002665522629285988,0.007847750559449196,0.0014576195972040296,-0.000005611415417661192,-0.015740111470222473,70.08860778808594,-70.09414672851563,9.349932670593262,0,6.963691234588623
0.07717999815940857,0.0000004480655491079233,-0.0000002594872512418078,0.0065253665670752525,0.0014129996998235583,-0.000005666306606144644,-0.010978229343891144,119.13653564453125,-119.14234924316406,11.85952091217041,0,6.963691234588623
0.0771849974989891,0.00000047356118670904834,-0.00000025280147042394674,0.005099128000438213,0.0013371551176533103,-0.000005690997568308376,-0.004938224796205759,158.73834228515625,-158.74432373046875,13.865339279174805,0,6.963691234588623
0.07718999683856964,0.0000004915198701382906,-0.0000002466209707563394,0.003591734915971756,0.001236099167726934,-0.00000568038103665458,0.0021233344450592995,186.98681640625,-186.99285888671875,15.266707420349121,0,6.963691234588623
0.07719499617815018,0.000000501655733842199,-0.00000024103567852762353,0.0020271772518754005,0.0011170596117153764,-0.000005630888153973501,0.009898603893816471,202.54017639160156,-202.5462188720703,15.992819786071777,0,6.963691234588623
0.07719999551773071,0.0000005038075414631749,-0.00000023609509014477226,0.0004303563036955893,0.0009881184669211507,-0.000005540669917536434,0.018043680116534233,204.68865966796875,-204.69461059570313,16.006261825561523,0,6.963691234588623
0.07720499485731125,0.0000004979409595762263,-0.00000023180604102890356,-0.0011733139399439096,0.0008578096749261022,-0.000005409691766544711,0.026195602491497993,193.38951110839844,-193.39527893066406,15.304861068725586,0,6.963691234588623
0.07721000164747238,0.0000004841493819185416,-0.000000228132577717588,-0.0027583104092627764,0.0007346940692514181,-0.000005239740403339965,0.03399030491709709,169.26907348632813,-169.27459716796875,13.921793937683105,0,6.963691234588623
0.07721500098705292,0.00000046265233777376125,-0.0000002249979047519446,-0.00429940689355135,0.0006269339937716722,-0.000005034337391407462,0.04108061268925667,133.5917205810547,-133.59693908691406,11.923949241638184,0,6.963691234588623
0.07722000032663345,0.0000004337919676800084,-0.00000022228846319194417,-0.005772075615823269,0.0005418868968263268,-0.000004798570444108918,0.04715343192219734,88.19718170166016,-88.2020034790039,9.408612251281738,0,6.963691234588623
0.07722499966621399,0.00000039802756646167836,-0.0000002198597712776973,-0.007152879610657692,0.00048573885578662157,-0.00000453884422313422,0.05194519832730293,35.40920639038086,-35.41358184814453,6.498642444610596,0,6.963691234588623
0.07722999900579453,0.0000003559283641152433,-0.00000021754378565219668,-0.008419841527938843,0.0004631966585293412,-0.0000042625697460607626,0.05525493249297142,22.079496383666992,22.07562255859375,3.3363962173461914,0,6.963691234588623
0.07723499834537506,0.0000003081643740188156,-0.00000021515752735012939,-0.009552797302603722,0.000477252877317369,-0.000003977799224230694,0.056954141706228256,81.34080505371094,81.33748626708984,0.0766669362783432,0,6.963691234588623
0.0772399976849556,0.0000002554957916345302,-0.00000021251234727515111,-0.010533716529607773,0.0005290360422804952,-0.0000036928331610397436,0.056993190199136734,139.35635375976563,139.3536376953125,-3.1209800243377686,0,6.963691234588623
0.07724499702453613,0.00000019876087264947273,-0.00000020942357537023781,-0.011346984654664993,0.0006177530158311129,-0.0000034158147173002362,0.0554036907851696,193.16709899902344,193.16502380371094,-6.10011100769043,0,6.963691234588623
0.07724999636411667,0.00000013886257477224717,-0.00000020571994241436187,-0.011979660019278526,0.0007407270604744554,-0.0000031543299883196596,0.05229693278670311,240.0200653076172,240.0186309814453,-8.715170860290527,0,6.963691234588623
0.0772549957036972,0.00000007675421187514075,-0.00000020125230548728723,-0.01242167316377163,0.0008935285732150078,-0.000002915038294304395,0.047858331352472305,277.5047302246094,277.50396728515625,-10.838699340820313,0,6.963691234588623
0.07725999504327774,0.000000013424269695860858,-0.00000019590133604197035,-0.012665988877415657,0.0010701934807002544,-0.000002703347263377509,0.04233822599053383,303.67266845703125,303.67254638671875,-12.367639541625977,0,6.963691234588623
0.07726499438285828,-0.000000050119325578634744,-0.00000018958374425892544,-0.012708719819784164,0.0012635174207389355,-0.0000025231499876099406,0.03603943809866905,382.3139343261719,382.3148498535156,-16.48746109008789,0,6.963691234588623
0.07727000117301941,-0.00000011206757477566498,-0.0000001820492201431989,-0.01238965056836605,0.0015069060027599335,-0.0000023849377157603158,0.027642441913485527,376.0747375488281,376.0768127441406,-16.319530487060547,0,6.963691234588623
0.07727500051259995,-0.0000001704486010112305,-0.0000001733176020479732,-0.011676207184791565,0.0017463227268308401,-0.000002288282757945126,0.01933097280561924,337.086181640625,337.089111328125,-14.470829010009766,0,6.963691234588623
0.07727999985218048,-0.00000022340410055221582,-0.00000016351300757833087,-0.010591099038720131,0.001960918540135026,-0.0000022284775695879944,0.011961041018366814,268.9429931640625,268.9466552734375,-11.126002311706543,0,6.963691234588623
0.07728499919176102,-0.0000002692484315502952,-0.00000015285233700979006,-0.009168865159153938,0.0021321328822523355,-0.000002197004505433142,0.006294615101069212,178.07315063476563,178.0772705078125,-6.615317344665527,0,6.963691234588623
0.07728999853134155,-0.000000306522309756474,-0.0000001416248522900787,-0.0074547771364450455,0.0022454976569861174,-0.000002182377102144528,0.0029254616238176823,73.11222839355469,73.11656951904297,-1.3825187683105469,0,6.963691234588623
0.07729499787092209,-0.0000003340392993322894,-0.0000001301646364026965,-0.0055033965036273,0.002292042365297675,-0.000002171270352846477,0.002221350558102131,35.9361572265625,-35.93181610107422,4.05833101272583,0,6.963691234588623
0.07729999721050262,-0.00000035092347161480575,-0.00000011881881079034429,-0.0033768368884921074,0.002269164891913533,-0.000002149829242625856,0.004288241732865572,138.6734161376953,-138.66925048828125,9.172867774963379,0,6.963691234588623
0.07730499655008316,-0.00000035663742892211303,-0.00000010791439564172833,-0.0011427891440689564,0.0021808824967592955,-0.0000021050295799796004,0.008959945291280746,225.3172607421875,-225.3134307861328,13.45841121673584,0,6.963691234588623
0.0773099958896637,-0.0000003509992438921472,-0.00000009772718811973391,0.0011276344303041697,0.002037441125139594,-0.0000020259583379811374,0.01581425778567791,287.6533203125,-287.64990234375,16.492868423461914,0,6.963691234588623
0.07731499522924423,-0.0000003341884280416707,-0.00000008845561438874938,0.0033621645998209715,0.0018543154001235962,-0.0000019048883359573665,0.02421400509774685,319.833740234375,-319.830810546875,17.975799560546875,0,6.963691234588623
0.07731999456882477,-0.0000003067400484724203,-0.00000008020209918413457,0.0054896739311516285,0.0016507029067724943,-0.0000017380433519065264,0.03336900472640991,318.94610595703125,-318.94366455078125,17.757644653320313,0,6.963691234588623
0.0773250013589859,-0.0000002695278453757055,-0.0000000729638216512285,0.007442441303282976,0.0014476554933935404,-0.0000015259788597177248,0.0424128994345665,285.29638671875,-285.29443359375,15.854283332824707,0,6.963691234588623
0.07733000069856644,-0.0000002237363077028931,-0.0000000666336745780427,0.009158308617770672,0.001266030129045248,-0.0000012735417840303853,0.050487421452999115,222.3791961669922,-222.37770080566406,12.445491790771484,0,6.963691234588623
0.07733500003814697,-0.00000017082301440041192,-0.00000006101137728364847,0.01058265846222639,0.0011244590859860182,-0.0000009894124559650663,0.05682586133480072,136.53736877441406,-136.53631591796875,7.857454776763916,0,6.963691234588623
0.07733999937772751,-0.00000011247226439081714,-0.000000055823694111722943,0.01167015079408884,0.0010375366546213627,-0.0000006852743581475806,0.060827627778053284,36.34504699707031,-36.34442138671875,2.5310487747192383,0,6.963691234588623
0.07734499871730804,-0.00000005054140217453096,-0.000000050751701508033875,0.012386172078549862,0.001014398643746972,-0.0000003746909555957245,0.06211668252944946,68.22679901123047,68.22704315185547,-3.0210490226745605,0,6.963691234588623
0.07734999805688858,0.000000012998242482353817,-0.00000004546253506987341,0.012707929126918316,0.0010578332003206015,-0.00000007180057082223357,0.06057807803153992,209.36729431152344,209.3672637939453,-10.393571853637695,0,6.963691234588623
0.07735499739646912,0.00000007633101262172204,-0.000000039506932836275155,0.012666554190218449,0.001191120594739914,0.0000002046228075869294,0.05528467893600464,248.6951141357422,248.69496154785156,-12.647897720336914,0,6.963691234588623
0.07735999673604965,0.0000001384489394240518,-0.000000032759707835339213,0.012423585169017315,0.0013494447339326143,0.00000044883859118272085,0.04884316027164459,276.0129089355469,276.0126953125,-14.268176078796387,0,6.963691234588623
0.07736499607563019,0.00000019836338083223382,-0.000000025133907399776945,0.011982888914644718,0.0015251599252223969,0.0000006567207719854196,0.04157643765211105,289.8544006347656,289.8541564941406,-15.17679214477539,0,6.963691234588623
0.07736999541521072,0.000000255120767178596,-0.000000016585472550900704,0.011351478286087513,0.0017096870578825474,0.0000008259555670520058,0.033846959471702576,289.42083740234375,289.4206237792969,-15.331401824951172,0,6.963691234588623
0.07737499475479126,0.00000030781779969402123,-0.000000007115782629796286,0.01053940411657095,0.0018939380533993244,0.0000009561492788634496,0.02603873983025551,274.6206970214844,274.6205749511719,-14.727017402648926,0,6.963691234588623
0.07738000154495239,0.0000003556157537332183,0.0000000032280516037985763,0.009559589438140392,0.0020687668584287167,0.0000010488408861419884,0.018538333475589752,246.0742950439453,246.07432556152344,-13.396259307861328,0,6.963691234588623
0.07738500088453293,0.000000397753893821573,0.00000001435516505665646,0.008427629247307777,0.002225422766059637,0.000001107419279833266,0.01171567477285862,205.08309936523438,205.08338928222656,-11.407731056213379,0,6.963691234588623
0.07739000022411346,0.00000043356158130336553,0.00000002613507632531764,0.007161539047956467,0.0023559825494885445,0.0000011369480716894032,0.005905765574425459,153.56552124023438,153.5660858154297,-8.862625122070313,0,6.963691234588623
0.077394999563694,0.00000046246893248280685,0.00000003840380458086656,0.005781469866633415,0.0024537453427910805,0.0000011439084346420714,0.00139206787571311,93.96170043945313,93.96259307861328,-5.889700889587402,0,6.963691234588623
0.07739999890327454,0.0000004840158567276376,0.000000050971621590178984,0.0043093860149383545,0.002513563260436058,0.0000011358707752151531,-0.0016075319144874811,29.1129150390625,29.11414909362793,-2.638906240463257,0,6.963691234588623
0.07740499824285507,0.0000004978594461135799,0.00000006363210758308924,0.0027687158435583115,0.0025320970453321934,0.0000011211132004973479,-0.0029515158385038376,37.879207611083984,-37.87762451171875,0.7260547876358032,0,6.963691234588623
0.07740999758243561,0.0000005037793471274199,0.00000007617202157916836,0.001183980144560337,0.002507982309907675,0.0000011082045148214092,-0.0025817393325269222,103.8062515258789,-103.80433654785156,4.035837173461914,0,6.963691234588623
0.07741499692201614,0.0000005016813702241052,0.0000000883815047814096,-0.0004195993533357978,0.0024418970569968224,0.000001105573005588667,-0.0005263045895844698,165.51187133789063,-165.50965881347656,7.123844623565674,0,6.963691234588623
0.07741999626159668,0.0000004915988824905071,0.00000010006414896679416,-0.0020165005698800087,0.0023365290835499763,0.0000011210821639906499,0.0031018394511193037,220.04812622070313,-220.04563903808594,9.834487915039063,0,6.963691234588623
0.07742499560117722,0.00000047369235289806966,0.00000011104636143954849,-0.0035813087597489357,0.0021964418701827526,0.0000011616347137533012,0.008110502734780312,264.8212890625,-264.81866455078125,12.03089714050293,0,6.963691234588623
0.07742999494075775,0.00000044824676592725154,0.00000012118562153773382,-0.005089118145406246,0.002027851529419422,0.0000012328237062320113,0.014237787574529648,297.7205810546875,-297.7178649902344,13.601702690124512,0,6.963691234588623
0.07743500173091888,0.0000004156671025157266,0.00000013037720236752648,-0.006515932269394398,0.0018383166752755642,0.0000013386490991251776,0.02116507664322853,317.22235107421875,-317.2196350097656,14.46655559539795,0,6.963691234588623
0.07744000107049942,0.00000037647188833034306,0.00000013855903091553046,-0.007839041762053967,0.001636366592720151,0.0000014813132338531432,0.028532832860946655,322.46563720703125,-322.4630432128906,14.580117225646973,0,6.963691234588623
0.07744500041007996,0.0000003312849514713889,0.0000001457144236383101,-0.009037389419972897,0.0014310786500573158,0.0000016611053297310718,0.0359584242105484,313.2947082519531,-313.29229736328125,13.934296607971191,0,6.963691234588623
0.07744999974966049,0.00000028082544645258167,0.00000015187256963145046,-0.010091901756823063,0.0012316289357841015,0.0000018763807929644827,0.04305510222911835,290.26666259765625,-290.2645263671875,12.558663368225098,0,6.963691234588623
0.07745499908924103,0.00000022589647130644153,0.00000015710676848357252,-0.010985796339809895,0.001046839402988553,0.0000021236367047094973,0.049451179802417755,254.62371826171875,-254.62196350097656,10.518976211547852,0,6.963691234588623
0.07745999842882156,0.00000016737223518248356,0.00000016153046544786775,-0.01170484721660614,0.0008847408462315798,0.000002397679054411128,0.05480845272541046,208.23175048828125,-208.2303924560547,7.913937091827393,0,6.963691234588623
0.0774649977684021,0.0000001061841885530157,0.00000016529135393739125,-0.012237610295414925,0.0007521763909608126,0.0000026918739877146436,0.05883898586034775,153.48745727539063,-153.486572265625,4.870293140411377,0,6.963691234588623
0.07746999710798264,0.000000043306158659106586,0.0000001685636732418061,-0.012575605884194374,0.0006544631905853748,0.00000299847101814521,0.06131940335035324,93.19979858398438,-93.19943237304688,1.5365639925003052,0,6.963691234588623
0.07747499644756317,-0.00000002026111189934454,0.0000001715393267431864,-0.01271345466375351,0.0005951303755864501,0.000003308980922156479,0.06210196763277054,59.565372467041016,-59.56571960449219,-0.46856963634490967,0,6.963691234588623
0.07747999578714371,-0.00000008318345834368301,0.00000017432537902095646,-0.012584470212459564,0.0005572098307311535,0.0000036182975691190222,0.06186332553625107,67.23245239257813,67.23100280761719,-7.130610942840576,0,6.963691234588623
0.07748499512672424,-0.00000014345800991577562,0.00000017732543255988276,-0.012054909020662308,0.000600011320784688,0.000003909456154360669,0.05823173373937607,182.81124877929688,182.80870056152344,-13.212785720825195,0,6.963691234588623
0.07748999446630478,-0.00000019916615201509558,0.00000018090739217768714,-0.01114162802696228,0.0007163925329223275,0.000004166968665231252,0.051502518355846405,275.74798583984375,275.744384765625,-18.127811431884766,0,6.963691234588623
0.07749500125646591,-0.0000002485346328739979,0.00000018536708523697598,-0.00987369753420353,0.0008919391548261046,0.000004378319317766,0.042270101606845856,336.82635498046875,336.82171630859375,-21.401836395263672,0,6.963691234588623
0.07750000059604645,-0.00000028999201617807557,0.00000019089893044110795,-0.00829147920012474,0.0011063694255426526,0.000004535170319286408,0.03137023746967316,359.93359375,359.92803955078125,-22.720539093017578,0,6.963691234588623
0.07750499993562698,-0.0000003222186819584749,0.00000019757648317408893,-0.006445334292948246,0.0013355101691558957,0.000004634164270100882,0.01979876309633255,342.6551513671875,342.6488037109375,-21.95969581604004,0,6.963691234588623
0.07750999927520752,-0.0000003441888338784338,0.0000002053447332173164,-0.004394028335809708,0.001553651294670999,0.000004677238393924199,0.008614782243967056,286.50982666015625,286.50274658203125,-19.197261810302734,0,6.963691234588623
0.07751499861478806,-0.00000035520309893399826,0.00000021402497907274665,-0.0022028558887541294,0.001736049191094935,0.00000467142672277987,-0.0011623026803135872,196.80191040039063,196.7943115234375,-14.70578670501709,0,6.963691234588623
0.07751999795436859,-0.0000003549109237610537,0.00000022333166782573244,0.00005843513645231724,0.0018613372230902314,0.000004628167062037392,-0.008651898242533207,82.10565185546875,82.09773254394531,-8.925894737243652,0,6.963691234588623
0.07752499729394913,-0.0000003433216022585839,0.0000002328997084077855,0.0023178663104772568,0.0019136072369292378,0.000004562177764455555,-0.013197818771004677,46.56891632080078,-46.57691192626953,-2.4234235286712646,0,6.963691234588623
0.07752999663352966,-0.000000320804019793286,0.0000002423195155643043,0.0045035178773105145,0.0018839604454115033,0.000004490017545322189,-0.014432057738304138,176.84674072265625,-176.85452270507813,4.165624618530273,0,6.963691234588623
0.0775349959731102,-0.0000002880749434552854,0.00000025117640234384453,0.006545817945152521,0.001771376351825893,0.000004428464762895601,-0.012310521677136421,296.191650390625,-296.1988525390625,10.1969575881958,0,6.963691234588623
0.07753999531269073,-0.0000002461761425820441,0.0000002590904841781594,0.008379758335649967,0.0015828149626031518,0.000004392878508951981,-0.007117254659533501,393.125244140625,-393.13165283203125,15.080665588378906,0,6.963691234588623
0.07754499465227127,-0.00000019644133431029331,0.0000002657532149896724,0.009946961887180805,0.0013325436739251018,0.0000043956947592960205,0.0005632652901113033,458.3441162109375,-458.3493347167969,18.3386173248291,0,6.963691234588623
0.0775500014424324,-0.00000014045360785530647,0.0000002709569741909945,0.011197545565664768,0.0010407527443021536,0.000004445209924597293,0.009903045371174812,485.6240234375,-485.6278381347656,19.650964736938477,0,6.963691234588623
0.07755500078201294,-0.00000007999511097978029,0.00000027461496188152523,0.012091699056327343,0.0007315948605537415,0.000004544765943137463,0.01991119794547558,436.86651611328125,-436.86871337890625,17.109302520751953,0,6.963691234588623
0.07756000012159348,-0.000000016990298945529503,0.00000027688236059475457,0.012600962072610855,0.0004534770268946886,0.000004687890395871364,0.028624894097447395,254.91111755371094,-254.91159057617188,7.862360000610352,0,6.963691234588623
0.07756499946117401,0.000000046555321375763015,0.0000002783383479254553,0.012709124013781548,0.0002911955816671252,0.000004851036010222742,0.032629162073135376,178.92999267578125,-178.92935180664063,3.8933041095733643,0,6.963691234588623
0.07756999880075455,0.0000001093599877322049,0.00000027922476419917075,0.012560933828353882,0.00017728522652760148,0.000005024096026318148,0.034612007439136505,140.0971221923828,-140.09559631347656,1.7713457345962524,0,6.963691234588623
0.07757499814033508,0.00000017042412991941092,0.00000027966524385192315,0.012212829664349556,0.00008809662540443242,0.000005201666681386996,0.03551414608955383,97.9068603515625,-97.90447998046875,-0.5231794714927673,0,6.963691234588623
0.07757999747991562,0.00000022877588889969047,0.00000027979407946077117,0.011670351028442383,0.000025767185434233397,0.000005377904926717747,0.035247690975666046,54.491432189941406,-54.48823165893555,-2.877573251724243,0,6.963691234588623
0.07758499681949615,0.00000028348654268484097,0.00000027974945737696544,0.010942133143544197,-0.000008923136192606762,0.000005546815827983664,0.03378215432167053,12.040661811828613,-12.036696434020996,-5.1760993003845215,0,6.963691234588623
0.07758999615907669,0.00000033368536378475255,0.0000002796665228288475,0.010039765387773514,-0.0000165884594025556,0.0000057025458772841375,0.031145989894866943,27.30653953552246,27.31120491027832,-7.305713176727295,0,6.963691234588623
0.07759499549865723,0.00000037857341794733657,0.0000002796705018681678,0.008977610617876053,0.000000795424057287164,0.000005839671757712495,0.027425222098827362,61.568180084228516,61.5734748840332,-9.161665916442871,0,6.963691234588623
0.07759999483823776,0.00000041743626866264094,0.00000027987044859401067,0.007772572338581085,0.00003999094042228535,0.000005953467734798323,0.022759225219488144,89.0174331665039,89.02327728271484,-10.652693748474121,0,6.963691234588623
0.0776050016283989,0.00000044965543111175066,0.0000002803537597628747,0.006443830206990242,0.00009666119876783341,0.000006040137122909073,0.017333853989839554,108.2682113647461,108.2745132446289,-11.705535888671875,0,6.963691234588623
0.07761000096797943,0.00000047471809239141294,0.00000028118168415858236,0.005012530833482742,0.00016558688366785645,0.000006096998276916565,0.011372273787856102,118.34385681152344,118.35053253173828,-12.268567085266113,0,6.963691234588623
0.07761500030755997,0.0000004922253538097721,0.0000002823863098910806,0.0035014546010643244,0.00024092692183330655,0.000006122617833170807,0.00512394355610013,118.72560119628906,118.73253631591797,-12.31435489654541,0,6.963691234588623
0.0776199996471405,0.0000005018986257709912,0.0000002839688590938749,0.0019346510525792837,0.0003165099769830704,0.000006116879376349971,-0.0011477055959403515,109.37816619873047,109.38529205322266,-11.841014862060547,0,6.963691234588623
0.07762499898672104,0.0000005035839194533764,0.0000002858995742371917,0.0003370566410012543,0.0003861422883346677,0.000006080987986933906,-0.00717828469350934,90.75170135498047,90.75890350341797,-10.872308731079102,0,6.963691234588623
0.07762999832630157,0.0000004972544047632255,0.0000002881191676351591,-0.0012659020721912384,0.0004439165932126343,0.000006017410669301171,-0.012715505436062813,63.75935363769531,63.766517639160156,-9.456462860107422,0,6.963691234588623
0.07763499766588211,0.0000004830108082387596,0.0000002905416920384596,-0.0028487136587500572,0.0004845070652663708,0.000005929752660449594,-0.01753164269030094,29.732067108154297,29.739084243774414,-7.663780689239502,0,6.963691234588623
0.07763999700546265,0.0000004610798782778147,0.0000002930588607341633,-0.004386186134070158,0.0005034350324422121,0.000005822578714287374,-0.02143477462232113,9.647334098815918,-9.640579223632813,-5.583158016204834,0,6.963691234588623
0.07764499634504318,0.00000043181063347219606,0.0000002955453339836822,-0.005853849928826094,0.0004972933093085885,0.00000570118754694704,-0.02427825517952442,52.42754364013672,-52.42116165161133,-3.3176796436309814,0,6.963691234588623
0.07764999568462372,0.000000395668905639468,0.0000002978649149554258,-0.007228347007185221,0.00046391692012548447,0.0000055713480833219364,-0.025967935100197792,96.48542785644531,-96.47953796386719,-0.9795113801956177,0,6.963691234588623
0.07765499502420425,0.00000035322989333508303,0.0000002998773709350644,-0.008487801067531109,0.0004024924128316343,0.00000543901387572987,-0.026466796174645424,139.6312713623047,-139.6259765625,1.315658688545227,0,6.963691234588623
0.07765999436378479,0.00000030516906690536416,0.00000030144536822263035,-0.009612168185412884,0.0003136004088446498,0.000005310030246619135,-0.025796735659241676,179.71722412109375,-179.71263122558594,3.4543497562408447,0,6.963691234588623
0.07766500115394592,0.0000002522513113945024,0.00000030244132176449057,-0.010583552531898022,0.0001991888857446611,0.000005189842795516597,-0.024037448689341545,214.7437744140625,-214.73995971679688,5.330911636352539,0,6.963691234588623
0.07767000049352646,0.00000019531884731804894,0.00000030275370477284014,-0.011386494152247906,0.00006247875717235729,0.000005083230462332722,-0.02132243849337101,242.95880126953125,-242.95584106445313,6.85275936126709,0,6.963691234588623
0.077674999833107,0.00000013527778719435446,0.0000003022927330675884,-0.012008213438093662,-0.00009219360799761489,0.000004994068603991764,-0.017832355573773384,262.94439697265625,-262.9423522949219,7.944962024688721,0,6.963691234588623
0.07767999917268753,0.00000007308370442160594,0.00000030099479886303016,-0.012438816949725151,-0.0002595892292447388,0.000004925138455291744,-0.013786019757390022,273.68719482421875,-273.68609619140625,8.55395221710205,0,6.963691234588623
0.07768499851226807,0.000000009726456084990787,0.00000029882568242101115,-0.012671450152993202,-0.0004338239086791873,0.000004877990704699187,-0.009429527446627617,274.6285095214844,-274.62835693359375,8.650177001953125,0,6.963691234588623
0.0776899978518486,-0.000000053785598197464424,0.0000002957823994620412,-0.01270241104066372,-0.0006086578359827399,0.000004852870461036218,-0.005024028941988945,299.2306213378906,-299.232177734375,9.906536102294922,0,6.963691234588623
0.07769499719142914,-0.00000011558561396896039,0.00000029178661975493014,-0.012360002845525742,-0.0007991539314389229,0.000004852977326663677,0.000021328218281269073,259.2195739746094,-259.22296142578125,7.90596342086792,0,6.963691234588623
0.07769999653100967,-0.00000017370643945469055,0.000000286965729401345,-0.011624164879322052,-0.0009641782380640507,0.00000487321631226223,0.004047802183777094,200.89125061035156,-200.89622497558594,4.968543529510498,0,6.963691234588623
0.07770499587059021,-0.000000226298027428129,0.00000028150537900728523,-0.01051831804215908,-0.001092069549486041,0.000004906107733404497,0.006578260567039251,129.8422088623047,-129.84857177734375,1.381899356842041,0,6.963691234588623
0.07770999521017075,-0.00000027168633209839754,0.0000002756317201146885,-0.009077662602066994,-0.0011747297830879688,0.000004942517989547923,0.007282056380063295,52.900726318359375,-52.90821075439453,-2.5030465126037598,0,6.963691234588623
0.07771499454975128,-0.0000003084265927100205,0.00000026958969101542607,-0.007348055485635996,-0.0012084073387086391,0.000004972554506821325,0.0060072652995586395,22.537643432617188,22.529327392578125,-6.306211948394775,0,6.963691234588623
0.07772000133991241,-0.0000003353493696067744,0.00000026361939831076597,-0.005384553223848343,-0.001194059383124113,0.000004986532076145522,0.0027955379337072372,89.2292709350586,89.22042846679688,-9.655326843261719,0,6.963691234588623
0.07772500067949295,-0.00000035159763456249493,0.0000002579331237484439,-0.003249655244871974,-0.0011372542940080166,0.000004975922820449341,-0.00212187971919775,140.78709411621094,140.77801513671875,-12.222155570983887,0,6.963691234588623
0.07773000001907349,-0.0000003566542261523864,0.00000025269500270042045,-0.0010113174794241786,-0.0010476263705641031,0.0000049341897465637885,-0.00834657158702612,172.30178833007813,172.29278564453125,-13.75442123413086,0,6.963691234588623
0.07773499935865402,-0.000000350358163814235,0.0000002480053353792755,0.0012592115672305226,-0.0009379356633871794,0.0000048574315769656096,-0.015351640991866589,180.81930541992188,180.81060791015625,-14.100356101989746,0,6.963691234588623
0.07773999869823456,-0.000000332909877442944,0.00000024389123609580565,0.0034896587021648884,-0.0008228225633502007,0.000004744767011288786,-0.02253289334475994,165.6280517578125,165.61993408203125,-13.22346305847168,0,6.963691234588623
0.0777449980378151,-0.0000003048647556624928,0.0000002403043311005604,0.0056090266443789005,-0.0007173804333433509,0.000004598429313773522,-0.02926754765212536,128.32809448242188,128.32077026367188,-11.206069946289063,0,6.963691234588623
0.07774999737739563,-0.0000002671154959443811,0.00000023712590291324886,0.007549853529781103,-0.000635684235021472,0.0000044235557652427815,-0.034974753856658936,72.67533111572266,72.66899108886719,-8.241320610046387,0,6.963691234588623
0.07775499671697617,-0.00000022086368289819802,0.00000023417881322984613,0.00925036147236824,-0.0005894176429137588,0.0000042276956264686305,-0.03917202353477478,4.216064453125,4.2108917236328125,-4.614394664764404,0,6.963691234588623
0.0777599960565567,-0.0000001675815752832932,0.00000023124513859329454,0.01065642200410366,-0.0005867335712537169,0.000004020085270894924,-0.04152211546897888,70.25260925292969,-70.25648498535156,-0.6747653484344482,0,6.963691234588623
0.07776499539613724,-0.00000010896518176650716,0.00000022808785615779925,0.01172327809035778,-0.0006314577767625451,0.000003810756425082218,-0.04186577349901199,143.34420776367188,-143.34669494628906,3.19779634475708,0,6.963691234588623
0.07776999473571777,-0.00000004688033072852704,0.00000022447429159910826,0.012416969984769821,-0.0007227135356515646,0.0000036095707400818355,-0.040237151086330414,207.80145263671875,-207.80250549316406,6.630155086517334,0,6.963691234588623
0.0777750015258789,0.00000001669675953053229,0.00000022019926859684347,0.012715417891740799,-0.000855004065670073,0.000003425268459977815,-0.03686044365167618,244.677978515625,-244.67779541015625,8.665901184082031,0,6.963691234588623
0.07778000086545944,0.00000008000810680641735,0.00000021514541970191203,0.012662269175052643,-0.0010107709094882011,0.0000032630337045702618,-0.03244693577289581,259.9673767089844,-259.9665222167969,9.599332809448242,0,6.963691234588623
0.07778500020503998,0.000000142046076234692,0.00000020926405852605967,0.012407595291733742,-0.001176271354779601,0.0000031252434382622596,-0.027558036148548126,265.00811767578125,-265.0066223144531,9.994868278503418,0,6.963691234588623
0.07778999954462051,0.00000020182331184059876,0.00000020253915522516763,0.011955447494983673,-0.0013449806720018387,0.000003012904926436022,-0.02246769145131111,259.4681701660156,-259.46612548828125,9.834863662719727,0,6.963691234588623
0.07779499888420105,0.00000025838841111180955,0.00000019498834546993749,0.011313023045659065,-0.001510163303464651,0.0000029256107154651545,-0.01745883747935295,243.5375518798828,-243.53504943847656,9.129240989685059,0,6.963691234588623
0.07779999822378159,0.00000031084115903468046,0.00000018666231937913835,0.010490547865629196,-0.0016652040649205446,0.0000028615638711926294,-0.012809352949261665,217.91905212402344,-217.91615295410156,7.915011882781982,0,6.963691234588623
0.07780499756336212,0.00000035834671052725753,0.0000001776426472588355,0.009501108899712563,-0.0018039357382804155,0.0000028176725663797697,-0.008778270334005356,183.7933807373047,-183.79017639160156,6.2544331550598145,0,6.963691234588623
0.07780999690294266,0.00000040014899127527315,0.0000001680379426716172,0.008360454812645912,-0.0019209422171115875,0.000002789708105410682,-0.0055929142981767654,142.76077270507813,-142.75741577148438,4.231924533843994,0,6.963691234588623
0.0778149962425232,0.0000004355827059043804,0.00000015797880337231618,0.007086740806698799,-0.002011826727539301,0.0000027725200197892264,-0.0034376131370663643,96.76192474365234,-96.75848388671875,1.9498823881149292,0,6.963691234588623
0.07781999558210373,0.00000046408388243435184,0.00000014761167221877258,0.005700238049030304,-0.0020734271965920925,0.0000027602973204921,-0.002444546204060316,47.98170852661133,-47.97828674316406,-0.47639578580856323,0,6.963691234588623
0.07782499492168427,0.0000004851989388043876,0.00000013709180279875,0.004223013296723366,-0.0021039731800556183,0.0000027468613552628085,-0.0026871724985539913,1.2588971853256226,1.2622230052947998,-2.9244253635406494,0,6.963691234588623
0.0778300017118454,0.0000004985918167221826,0.0000001265759408397571,0.0026785768568515778,-0.0021031717769801617,0.0000027259784474154003,-0.004176570102572441,48.617733001708984,48.620887756347656,-5.270605564117432,0,6.963691234588623
0.07783500105142593,0.0000005040493533670087,0.00000011621483508861274,0.0010915095917880535,-0.002072220668196678,0.000002691674126253929,-0.006860867142677307,91.84741973876953,91.85034942626953,-7.396345138549805,0,6.963691234588623
0.07784000039100647,0.0000005014846919948468,0.00000010614608925152424,-0.0005129294004291296,-0.0020137489773333073,0.000002638535079313442,-0.01062779501080513,128.9066619873047,128.90931701660156,-9.193940162658691,0,6.963691234588623
0.077844999730587,0.0000004909386461804388,0.00000009648766763348249,-0.0021092048846185207,-0.0019316845573484898,0.0000025619838197599165,-0.015310229733586311,158.06124877929688,158.0635986328125,-10.571913719177246,0,6.963691234588623
0.07784999907016754,0.00000047257907453968073,0.00000008733236711577774,-0.003671911545097828,-0.0018310595769435167,0.0000024585115170339122,-0.020694462582468987,177.96986389160156,177.971923828125,-11.45954704284668,0,6.963691234588623
0.07785499840974808,0.00000044669818066722655,0.00000007874356811043981,-0.0051761772483587265,-0.0017177604604512453,0.0000023258576220541727,-0.026530763134360313,187.75062561035156,187.75238037109375,-11.81038761138916,0,6.963691234588623
0.07785999774932861,0.0000004137078803978511,0.00000007075239238929498,-0.006598061881959438,-0.0015982347540557384,0.000002163129011023557,-0.03254574537277222,187.0244903564453,187.0259552001953,-11.604557991027832,0,6.963691234588623
0.07786499708890915,0.00000037413320796986227,0.0000000633565377938794,-0.007914935238659382,-0.0014791712164878845,0.000001970849552890286,-0.03845589607954025,175.93405151367188,175.93524169921875,-10.8497314453125,0,6.963691234588623
0.07786999642848969,0.0000003286040168859472,0.000000056520697455653135,-0.009105837903916836,-0.0013671680353581905,0.0000017509414647065569,-0.04398161917924881,155.1363525390625,155.1372833251953,-9.580761909484863,0,6.963691234588623
0.07787499576807022,0.00000027784491862803407,0.00000005017867010792543,-0.010151817463338375,-0.0012684052344411612,0.000001506636181147769,-0.048861064016819,125.770263671875,125.77095794677734,-7.8579607009887695,0,6.963691234588623
0.07787999510765076,0.0000002226638002866821,0.00000004423698385380703,-0.011036225594580173,-0.0011883373372256756,0.000001242320763594762,-0.052863091230392456,89.39990234375,89.40040588378906,-5.76410436630249,0,6.963691234588623
0.07788499444723129,0.00000016393886426158133,0.00000003857986641264688,-0.011744986288249493,-0.0011314235161989927,0.0000009633271247366793,-0.0557987242937088,47.937156677246094,47.93747329711914,-3.4003396034240723,0,6.963691234588623
0.07789000123739243,0.00000010260476557277798,0.00000003307533802399121,-0.01226681936532259,-0.001100905705243349,0.0000006756746415703674,-0.05753049999475479,3.5467236042022705,3.546893358230591,-0.8811725378036499,0,6.963691234588623
0.07789500057697296,0.00000003963766204151398,0.000000027582100159406764,-0.012593421153724194,-0.0010986477136611938,0.0000003857782644445251,-0.0579792782664299,41.46114730834961,-41.46109390258789,1.6712024211883545,0,6.963691234588623
0.0778999999165535,-0.000000023960289752267272,0.00000002195688608708224,-0.012719591148197651,-0.0011250427924096584,0.00000010013758355853497,-0.05712813884019852,115.85383605957031,-115.85388946533203,5.688384532928467,0,6.963691234588623
0.07790499925613403,-0.0000000867955662897657,0.000000015962896782184544,-0.01256705541163683,-0.001198797719553113,-0.00000017101774574257433,-0.05423106998205185,191.4916534423828,-191.49176025390625,9.752732276916504,0,6.963691234588623
0.07790999859571457,-0.0000001468680466132355,0.000000009359371944128725,-0.012014498002827168,-0.0013207050506025553,-0.0000004173379579697212,-0.04926404356956482,248.61651611328125,-248.61668395996094,12.865561485290527,0,6.963691234588623
0.0779149979352951,-0.00000020226558206104528,0.0000000019644765814064158,-0.011079507879912853,-0.00147897913120687,-0.0000006308962952061847,-0.04271166771650314,281.4468688964844,-281.4468994140625,14.729530334472656,0,6.963691234588623
0.07791999727487564,-0.0000002512248045150045,-0.000000006326291490665881,-0.00979184452444315,-0.0016581537202000618,-0.000000806946161446831,-0.03520997613668442,286.5643005371094,-286.56414794921875,15.168776512145996,0,6.963691234588623
0.07792499661445618,-0.00000029218728059277055,-0.000000015529224128840724,-0.008192497305572033,-0.0018405863083899021,-0.0000009443690487387357,-0.027484580874443054,263.2467041015625,-263.2462158203125,14.146028518676758,0,6.963691234588623
0.07792999595403671,-0.0000003238491501633689,-0.000000025570095374405355,-0.006332375109195709,-0.0020081743132323027,-0.0000010457694088472635,-0.02028006687760353,213.53839111328125,-213.53759765625,11.766222953796387,0,6.963691234588623
0.07793499529361725,-0.00000034520257941039745,-0.000000036290678906425455,-0.004270687699317932,-0.0021441171411424875,-0.0000011172072618137463,-0.01428757980465889,142.05184936523438,-142.05059814453125,8.266287803649902,0,6.963691234588623
0.07793999463319778,-0.0000003555678915745375,-0.00000004746343051920121,-0.0020730597898364067,-0.0022345499601215124,-0.0000011675952009682078,-0.010077593848109245,55.518733978271484,-55.517051696777344,3.992097854614258,0,6.963691234588623
0.07794500142335892,-0.00000035461511060930206,-0.00000005881290121578786,0.00019055558368563652,-0.002269894117489457,-0.00000120781737678044,-0.00804443471133709,37.864463806152344,37.86655044555664,-0.6351842880249023,0,6.963691234588623
0.07795000076293945,-0.0000003423745909003628,-0.00000007004184254810752,0.0024481050204485655,-0.0022457886952906847,-0.0000012496570889197756,-0.008367931470274925,129.23367309570313,129.23606872558594,-5.160077095031738,0,6.963691234588623
0.07795500010251999,-0.00000031923593724059174,-0.00000008085942226898624,0.0046277293004095554,-0.0021635161247104406,-0.0000013046367257629754,-0.010995937511324883,209.91921997070313,209.9218292236328,-9.137094497680664,0,6.963691234588623
0.07795999944210052,-0.00000028593569822987774,-0.00000009100880760115615,0.006660048384219408,-0.0020298773888498545,-0.0000013828838518747943,-0.015649421140551567,272.28924560546875,272.2918395996094,-12.174088478088379,0,6.963691234588623
0.07796499878168106,-0.0000002435338330997183,-0.00000010029147290424589,0.008480371907353401,-0.001856532646343112,-0.0000014921320143912453,-0.021849634125828743,310.49151611328125,310.49395751953125,-13.970394134521484,0,6.963691234588623
0.0779699981212616,-0.00000019338006040925393,-0.00000010858580878903012,0.010030755773186684,-0.0016588675789535046,-0.0000016369555169148953,-0.0289646964520216,321.02294921875,321.0250549316406,-14.346090316772461,0,6.963691234588623
0.07797499746084213,-0.00000013707081336633564,-0.00000011585829895466304,0.011261850595474243,-0.0014544979203492403,-0.0000018183110341851716,-0.036271099001169205,303.0699462890625,303.071533203125,-13.259502410888672,0,6.963691234588623
0.07797999680042267,-0.00000007639846444362774,-0.00000012216608524795447,0.012134470045566559,-0.0012615576852113008,-0.0000020334316559456056,-0.043024107813835144,258.58746337890625,258.5884094238281,-10.811262130737305,0,6.963691234588623
0.0779849961400032,-0.000000013294275902353547,-0.00000012765076462528668,0.012620838358998299,-0.001096935709938407,-0.000002276082796015544,-0.04853023588657379,102.47138977050781,102.4715576171875,-2.752657890319824,0,6.963691234588623
0.07798999547958374,0.00000005023307636520258,-0.00000013280926225434087,0.012705471366643906,-0.0010317002888768911,-0.0000025257436391257215,-0.04993215203285217,32.6132926940918,32.61296463012695,1.0003350973129272,0,6.963691234588623
0.07799499481916428,0.00000011296094726276351,-0.0000001378639495897005,0.012545574456453323,-0.0010109380818903446,-0.0000027728569875762332,-0.04942268878221512,3.8915977478027344,-3.89237642288208,3.0830118656158447,0,6.963691234588623
0.07800000160932541,0.00000017389098161402217,-0.00000014293102879037178,0.01218600757420063,-0.0010134156327694654,-0.000003012119577761041,-0.047852523624897,38.37183380126953,-38.373077392578125,5.056278705596924,0,6.963691234588623
0.07800000160932541,0.00000023205345200949523,-0.00000014812025028732023,0.011632494628429413,-0.0010378439910709858,-0.0000032385064514528494,-0.04527737945318222,69.02241516113281,-69.02413177490234,6.82465124130249,0,6.963691234588623
