Timestamp,X Position,Y Position,X Velocity,Y Velocity,Rotation,Rotation Velocity,Data1,Data2,Data3,Data4,FPS
0.044999998062849045,0,0,0,0,0,0,0,0,0,0,120.29351806640625
0.04500499740242958,0,0.000000004999999969612645,0,0.0010000000474974513,0,0,25,-25,1.25,0,26.13763999938965
0.045010000467300415,0,0.00000000999999993922529,0,0.0010000000474974513,0,0,50,-50,2.5,0,26.13763999938965
0.04501499980688095,0,0.000000014999999464748726,0,0.0010000000474974513,0,0,75,-75,3.75,0,26.13763999938965
0.04501999914646149,0,0.00000001999999987845058,0,0.0010000000474974513,0,0,100,-100,5,0,26.13763999938965
0.04502499848604202,0,0.000000025000000292152436,0,0.0010000000474974513,0,0,125,-125,6.25,0,26.13763999938965
0.04502999782562256,0,0.00000002999999892949745,0,0.0010000000474974513,0,0,150,-150,7.5,0,26.13763999938965
0.045034997165203094,0,0.000000034999999343199306,0,0.0010000000474974513,0,0,175,-175,8.75,0,26.13763999938965
0.04504000023007393,0,0.00000003999999975690116,0,0.0010000000474974513,0,0,200,-200,10,0,26.13763999938965
0.045044999569654465,0,0.000000045000000170603016,0,0.0010000000474974513,0,0,225,-225,11.25,0,26.13763999938965
0.045049998909235,0,0.00000005000000058430487,0,0.0010000000474974513,0,0,250,-250,12.5,0,26.13763999938965
0.045054998248815536,0,0.000000055000000998006726,0,0.0010000000474974513,0,0,275,-275,13.75,0,26.13763999938965
0.04505999758839607,0,0.0000000599999978589949,0,0.0010000000474974513,0,0,300,-300,15,0,26.13763999938965
0.04506500065326691,0,0.00000006499999471998308,0,0.0010000000474974513,0,0,325,-325,16.25,0,26.13763999938965
0.04506999999284744,0,0.00000006999999158097125,0,0.0010000000474974513,0,0,350,-350,17.5,0,26.13763999938965
0.04507499933242798,0,0.00000007499998844195943,0,0.0010000000474974513,0,0,375,-375,18.75,0,26.13763999938965
0.045079998672008514,0,0.00000007999998530294761,0,0.0010000000474974513,0,0,400,-400,20,0,26.13763999938965
0.04508499801158905,0,0.00000008499998216393578,0,0.0010000000474974513,0,0,425,-425,21.25,0,26.13763999938965
0.045089997351169586,0,0.00000008999997902492396,0,0.0010000000474974513,0,0,450,-450,22.5,0,26.13763999938965
0.04509500041604042,0,0.00000009499997588591214,0,0.0010000000474974513,0,0,475,-475,23.75,0,26.13763999938965
0.045099999755620956,0,0.00000009999997274690031,0,0.0010000000474974513,0,0,500,-500,25,0,26.13763999938965
0.04510499909520149,0,0.00000010499996960788849,0,0.0010000000474974513,0,0,525,-525,26.25,0,26.13763999938965
0.04510999843478203,0,0.00000010999996646887666,0,0.0010000000474974513,0,0,550,-550,27.5,0,26.13763999938965
0.045114997774362564,0,0.00000011499996332986484,0,0.0010000000474974513,0,0,575,-575,28.75,0,26.13763999938965
0.0451199971139431,0,0.00000011999996729628037,0,0.0010000000474974513,0,0,600,-600,30,0,26.13763999938965
0.045125000178813934,0,0.0000001249999712626959,0,0.0010000000474974513,0,0,625,-625,31.25,0,26.13763999938965
0.04512999951839447,0,0.00000012999997522911144,0,0.0010000000474974513,0,0,650,-650,32.5,0,26.13763999938965
0.045134998857975006,0,0.00000013499997919552698,0,0.0010000000474974513,0,0,675,-675,33.75,0,26.13763999938965
0.04513999819755554,0,0.0000001399999831619425,0,0.0010000000474974513,0,0,700,-700,35,0,26.13763999938965
0.04514499753713608,0,0.00000014499998712835804,0,0.0010000000474974513,0,0,725,-725,36.25,0,26.13763999938965
0.04515000060200691,0,0.00000014999999109477358,0,0.0010000000474974513,0,0,750,-750,37.5,0,26.13763999938965
0.04515499994158745,0,0.0000001549999950611891,0,0.0010000000474974513,0,0,775,-775,38.75,0,26.13763999938965
0.045159999281167984,0,0.00000015999999902760464,0,0.0010000000474974513,0,0,800,-800,40,0,26.13763999938965
0.04516499862074852,0,0.00000016500000299402018,0,0.0010000000474974513,0,0,825,-825,41.25,0,26.13763999938965
0.045169997960329056,0,0.0000001700000069604357,0,0.0010000000474974513,0,0,850,-850,42.5,0,26.13763999938965
0.04517499729990959,0,0.00000017500001092685125,0,0.0010000000474974513,0,0,875,-875,43.75,0,26.13763999938965
0.045180000364780426,0,0.00000018000001489326678,0,0.0010000000474974513,0,0,900,-900,45,0,26.13763999938965
0.04518499970436096,0,0.00000018500001885968231,0,0.0010000000474974513,0,0,925,-925,46.25,0,26.13763999938965
0.0451899990439415,0,0.00000019000002282609785,0,0.0010000000474974513,0,0,950,-950,47.5,0,26.13763999938965
0.045194998383522034,0,0.00000019500002679251338,0,0.0010000000474974513,0,0,975,-975,48.75,0,26.13763999938965
0.04519999772310257,0,0.00000020000003075892892,0,0.0010000000474974513,0,0,1000,-1000,50,0,26.13763999938965
0.045204997062683105,0,0.00000020500003472534445,0,0.0010000000474974513,0,0,1025,-1025,51.25,0,26.13763999938965
0.04521000012755394,0,0.00000021000003869175998,0,0.0010000000474974513,0,0,1050,-1050,52.5,0,26.13763999938965
0.045214999467134476,0,0.00000021500004265817552,0,0.0010000000474974513,0,0,1075,-1075,53.75,0,26.13763999938965
0.04521999880671501,0,0.00000022000004662459105,0,0.0010000000474974513,0,0,1100,-1100,55,0,26.13763999938965
0.04522499814629555,0,0.00000022500005059100658,0,0.0010000000474974513,0,0,1125,-1125,56.25,0,26.13763999938965
0.04522999748587608,0,0.00000023000005455742212,0,0.0010000000474974513,0,0,1150,-1150,57.5,0,26.13763999938965
0.04523500055074692,0,0.00000023500005852383765,0,0.0010000000474974513,0,0,1175,-1175,58.75,0,26.13763999938965
0.045239999890327454,0,0.00000024000004827939847,0,0.0010000000474974513,0,0,1200,-1200,60,0,26.13763999938965
0.04524499922990799,0,0.000000245000052245814,0,0.0010000000474974513,0,0,1225,-1225,61.25,0,26.13763999938965
0.045249998569488525,0,0.00000025000005621222954,0,0.0010000000474974513,0,0,1250,-1250,62.5,0,26.13763999938965
0.04525499790906906,0,0.00000025500006017864507,0,0.0010000000474974513,0,0,1275,-1275,63.75,0,26.13763999938965
0.0452599972486496,0,0.0000002600000641450606,0,0.0010000000474974513,0,0,1300,-1300,65,0,26.13763999938965
0.04526500031352043,0,0.00000026500006811147614,0,0.0010000000474974513,0,0,1325,-1325,66.25,0,26.13763999938965
0.04526999965310097,0,0.00000027000007207789167,0,0.0010000000474974513,0,0,1350,-1350,67.5,0,26.13763999938965
0.0452749989926815,0,0.0000002750000760443072,0,0.0010000000474974513,0,0,1375,-1375,68.75,0,26.13763999938965
0.04527999833226204,0,0.00000028000008001072274,0,0.0010000000474974513,0,0,1400,-1400,70,0,26.13763999938965
0.045284997671842575,0,0.0000002850000839771383,0,0.0010000000474974513,0,0,1425,-1425,71.25,0,26.13763999938965
0.04528999701142311,0,0.0000002900000879435538,0,0.0010000000474974513,0,0,1450,-1450,72.5,0,26.13763999938965
0.045295000076293945,0,0.00000029500009190996934,0,0.0010000000474974513,0,0,1475,-1475,73.75,0,26.13763999938965
0.04529999941587448,0,0.0000003000000958763849,0,0.0010000000474974513,0,0,1500,-1500,75,0,26.13763999938965
0.04530499875545502,0,0.0000003050000998428004,0,0.0010000000474974513,0,0,1525,-1525,76.25,0,26.13763999938965
0.04530999809503555,0,0.00000031000010380921594,0,0.0010000000474974513,0,0,1550,-1550,77.5,0,26.13763999938965
0.04531499743461609,0,0.0000003150001077756315,0,0.0010000000474974513,0,0,1575,-1575,78.75,0,26.13763999938965
0.04532000049948692,0,0.000000320000111742047,0,0.0010000000474974513,0,0,1600,-1600,80,0,26.13763999938965
0.04532499983906746,0,0.00000032500011570846254,0,0.0010000000474974513,0,0,1625,-1625,81.25,0,26.13763999938965
0.045329999178647995,0,0.0000003300001196748781,0,0.0010000000474974513,0,0,1650,-1650,82.5,0,26.13763999938965
0.04533499851822853,0,0.0000003350001236412936,0,0.0010000000474974513,0,0,1675,-1675,83.75,0,26.13763999938965
0.04533999785780907,0,0.00000034000012760770915,0,0.0010000000474974513,0,0,1700,-1700,85,0,26.13763999938965
0.0453449971973896,0,0.0000003450001315741247,0,0.0010000000474974513,0,0,1725,-1725,86.25,0,26.13763999938965
0.04535000026226044,0,0.0000003500001355405402,0,0.0010000000474974513,0,0,1750,-1750,87.5,0,26.13763999938965
0.04535499960184097,0,0.00000035500013950695575,0,0.0010000000474974513,0,0,1775,-1775,88.75,0,26.13763999938965
0.04535999894142151,0,0.0000003600001434733713,0,0.0010000000474974513,0,0,1800,-1800,90,0,26.13763999938965
0.045364998281002045,0,0.0000003650001474397868,0,0.0010000000474974513,0,0,1825,-1825,91.25,0,26.13763999938965
0.04536999762058258,0,0.00000037000015140620235,0,0.0010000000474974513,0,0,1850,-1850,92.5,0,26.13763999938965
0.045375000685453415,0,0.0000003750001553726179,0,0.0010000000474974513,0,0,1875,-1875,93.75,0,26.13763999938965
0.04538000002503395,0,0.0000003800001593390334,0,0.0010000000474974513,0,0,1900,-1900,95,0,26.13763999938965
0.04538499936461449,0,0.00000038500016330544895,0,0.0010000000474974513,0,0,1925,-1925,96.25,0,26.13763999938965
0.04538999870419502,0,0.0000003900001672718645,0,0.0010000000474974513,0,0,1950,-1950,97.5,0,26.13763999938965
0.04539499804377556,0,0.00000039500017123828,0,0.0010000000474974513,0,0,1975,-1975,98.75,0,26.13763999938965
0.045399997383356094,0,0.00000040000017520469555,0,0.0010000000474974513,0,0,2000,-2000,100,0,26.13763999938965
0.04540500044822693,0,0.0000004050001791711111,0,0.0010000000474974513,0,0,2025,-2025,101.25,0,26.13763999938965
0.045409999787807465,0,0.0000004100001831375266,0,0.0010000000474974513,0,0,2050,-2050,102.5,0,26.13763999938965
0.045414999127388,0,0.00000041500018710394215,0,0.0010000000474974513,0,0,2075,-2075,103.75,0,26.13763999938965
0.045419998466968536,0,0.0000004200001910703577,0,0.0010000000474974513,0,0,2100,-2100,105,0,26.13763999938965
0.04542499780654907,0,0.0000004250001950367732,0,0.0010000000474974513,0,0,2125,-2125,106.25,0,26.13763999938965
0.04542999714612961,0,0.00000043000019900318875,0,0.0010000000474974513,0,0,2150,-2150,107.5,0,26.13763999938965
0.04543500021100044,0,0.0000004350002029696043,0,0.0010000000474974513,0,0,2175,-2175,108.75,0,26.13763999938965
0.04543999955058098,0,0.0000004400002069360198,0,0.0010000000474974513,0,0,2200,-2200,110,0,26.13763999938965
0.045444998890161514,0,0.00000044500021090243536,0,0.0010000000474974513,0,0,2225,-2225,111.25,0,26.13763999938965
0.04544999822974205,0,0.0000004500002148688509,0,0.0010000000474974513,0,0,2250,-2250,112.5,0,26.13763999938965
0.045454997569322586,0,0.0000004550002188352664,0,0.0010000000474974513,0,0,2275,-2275,113.75,0,26.13763999938965
0.04546000063419342,0,0.00000046000022280168196,0,0.0010000000474974513,0,0,2300,-2300,115,0,26.13763999938965
0.045464999973773956,0,0.0000004650002267680975,0,0.0010000000474974513,0,0,2325,-2325,116.25,0,26.13763999938965
0.04546999931335449,0,0.000000470000230734513,0,0.0010000000474974513,0,0,2350,-2350,117.5,0,26.13763999938965
0.04547499865293503,0,0.00000047500023470092856,0,0.0010000000474974513,0,0,2375,-2375,118.75,0,26.13763999938965
0.045479997992515564,0,0.0000004800002102456347,0,0.0010000000474974513,0,0,2400,-2400,120,0,26.13763999938965
0.0454849973320961,0,0.0000004850002142120502,0,0.0010000000474974513,0,0,2425,-2425,121.25,0,26.13763999938965
0.045490000396966934,0,0.0000004900002181784657,0,0.0010000000474974513,0,0,2450,-2450,122.5,0,26.13763999938965
0.04549499973654747,0,0.0000004950002221448813,0,0.0010000000474974513,0,0,2475,-2475,123.75,0,26.13763999938965
0.045499999076128006,0,0.0000005000002261112968,0,0.0010000000474974513,0,0,2500,-2500,125,0,26.13763999938965
0.045499999076128006,0,0.0000005050002300777123,0,0.0010000000474974513,0,0,2525,-2525,126.25,0,26.13763999938965
0.04550499841570854,0,0.0000005009815708945098,0,-0.0008037324296310544,0.0000001607464810149395,0.0321492962539196,2464.719970703125,-2464.719970703125,123.06855773925781,0,6.776582717895508
0.04550999775528908,0,0.0000004891174398835574,0,-0.002372821792960167,0.000000634884429473459,0.09482759237289429,2286.864990234375,-2286.864990234375,113.68191528320313,0,6.776582717895508
0.045514997094869614,0,0.0000004699740259184182,0,-0.003828685265034437,0.0000013985109035274945,0.15272530913352966,2000.2412109375,-2000.2412109375,98.55528259277344,0,6.776582717895508
0.04552000015974045,0,0.00000044446363745009876,0,-0.005102077964693308,0.0000024131063582899515,0.2029190957546234,1619.0404052734375,-1619.0404052734375,78.43836212158203,0,6.776582717895508
0.045524999499320984,0,0.0000004137996825193113,0,-0.00613279128447175,0.0000036274432204663754,0.24286741018295288,1162.1363525390625,-1162.1363525390625,54.32823181152344,0,6.776582717895508
0.04552999883890152,0,0.0000003794365284193191,0,-0.006872630212455988,0.000004980126050213585,0.27053654193878174,652.14990234375,-652.14990234375,27.419862747192383,0,6.776582717895508
0.045534998178482056,0,0.000000342997509505949,0,-0.007287801709026098,0.000006402632607205305,0.2845013737678528,114.32816314697266,-114.32816314697266,-0.9530016183853149,0,6.776582717895508
0.04553999751806259,0,0.000000306194579025032,0,-0.0073605854995548725,0.000007822713087080047,0.2840160131454468,424.7064514160156,424.7064514160156,-29.383983612060547,0,6.776582717895508
0.045545000582933426,0,0.0000002707435271531722,0,-0.00709020858630538,0.000009167967618850525,0.2690508961677551,938.2753295898438,938.2753295898438,-56.46373748779297,0,6.776582717895508
0.04554999992251396,0,0.0000002382791137733875,0,-0.006492884363979101,0.000010369438314228319,0.24029415845870972,1400.965087890625,1400.965087890625,-80.8497543334961,0,6.776582717895508
0.0455549992620945,0,0.00000021027409502494265,0,-0.0056010023690760136,0.000011365026693965774,0.1991177201271057,1789.8873291015625,1789.8873291015625,-101.33293914794922,0,6.776582717895508
0.045559998601675034,0,0.00000018796647793806187,0,-0.0044615245424211025,0.000012102573236916214,0.14750927686691284,2085.81201171875,2085.81201171875,-116.89745330810547,0,6.776582717895508
0.04556499794125557,0,0.0000001722982005958329,0,-0.0031336555257439613,0.000012542443073471077,0.08797389268875122,2274.120849609375,2274.120849609375,-126.7710952758789,0,6.776582717895508
0.045569997280836105,0,0.00000016386867685014295,0,-0.0016859052702784538,0.000012659492313105147,0.023409903049468994,2345.53076171875,2345.53076171875,-130.46351623535156,0,6.776582717895508
0.04557500034570694,0,0.00000016290520932216168,0,-0.0001926941331475973,0.000012444319509086199,-0.04303461313247681,2296.554931640625,2296.554931640625,-127.79058837890625,0,6.776582717895508
0.045579999685287476,0,0.00000016925190493566333,0,0.0012693381868302822,0.000011903730410267599,-0.10811781883239746,2129.67431640625,2129.67431640625,-118.88343811035156,0,6.776582717895508
0.04558499902486801,0,0.00000018237756194139365,0,0.0026251310482621193,0.000011060406905016862,-0.16866466403007507,1853.2152099609375,1853.2152099609375,-104.18201446533203,0,6.776582717895508
0.04558999836444855,0,0.00000020140218737196847,0,0.0038049244321882725,0.000009951786523743067,-0.22172412276268005,1480.9368896484375,1480.9368896484375,-84.41329193115234,0,6.776582717895508
0.04559499770402908,0,0.00000022514078068525123,0,0.00474771810695529,0.000008628208888694644,-0.2647154629230499,1031.349609375,1031.349609375,-60.55520248413086,0,6.776582717895508
0.04559999704360962,0,0.00000025216226617885695,0,0.005404295865446329,0.000007150429155444726,-0.295555979013443,526.7972412109375,526.7972412109375,-33.78822708129883,0,6.776582717895508
0.045605000108480453,0,0.0000002808606041071471,0,0.005739665124565363,0.0000055866080401756335,-0.3127641975879669,7.649641990661621,-7.649641990661621,-5.436902046203613,0,6.776582717895508
0.04560999944806099,0,0.00000030953458463045536,0,0.005734795238822699,0.000004008942141808802,-0.31553319096565247,545.4359741210938,-545.4359741210938,23.09581756591797,0,6.776582717895508
0.045614998787641525,0,0.00000033647239661149797,0,0.005387559998780489,0.0000024900891730794683,-0.3037705719470978,1059.838134765625,-1059.838134765625,50.398067474365234,0,6.776582717895508
0.04561999812722206,0,0.0000003600366369482799,0,0.004712846130132675,0.0000010995740922226105,-0.2781030237674713,1525.2880859375,-1525.2880859375,75.11901092529297,0,6.776582717895508
0.0456249974668026,0,0.0000003787457103499037,0,0.0037418175488710403,-0.00000009965208391804481,-0.23984523117542267,1918.6400146484375,-1918.6400146484375,96.03580474853516,0,6.776582717895508
0.04563000053167343,0,0.0000003913475836725411,0,0.0025203735567629337,-0.0000010543250255068415,-0.19093459844589233,2220.317626953125,-2220.317626953125,112.11414337158203,0,6.776582717895508
0.04563499987125397,0,0.00000039688197261966707,0,0.0011068754829466343,-0.0000017235017821803922,-0.1338353455066681,2415.28369140625,-2415.28369140625,122.55949401855469,0,6.776582717895508
0.0456399992108345,0,0.00000039472826074415934,0,-0.0004307418130338192,-0.000002080583271890646,-0.07141630351543427,2493.78564453125,-2493.78564453125,126.85655975341797,0,6.776582717895508
0.04564499855041504,0,0.0000003846365927984152,0,-0.0020183350425213575,-0.0000021146272501937347,-0.00680878758430481,2451.838134765625,-2451.838134765625,124.79464721679688,0,6.776582717895508
0.045649997889995575,0,0.0000003667404655516293,0,-0.0035792237613350153,-0.0000018308842300029937,0.05674860626459122,2291.421875,-2291.421875,116.478271484375,0,6.776582717895508
0.04565499722957611,0,0.0000003415505318571377,0,-0.005037988070398569,-0.0000012505317954492057,0.11607050150632858,2020.384033203125,-2020.384033203125,102.32183837890625,0,6.776582717895508
0.045660000294446945,0,0.0000003099295042829908,0,-0.00632420415058732,-0.00000040961890590551775,0.1681825816631317,1652.0506591796875,-1652.0506591796875,83.02922058105469,0,6.776582717895508
0.04566499963402748,0,0.00000027304983518661174,0,-0.007375932298600674,0.0000006427261496355641,0.21046900749206543,1204.5660400390625,-1204.5660400390625,59.55879592895508,0,6.776582717895508
0.04566999897360802,0,0.0000002323359211686693,0,-0.008142783306539059,0.0000018467363815943827,0.24080204963684082,699.993896484375,-699.993896484375,33.076011657714844,0,6.776582717895508
0.04567499831318855,0,0.0000001893938588182209,0,-0.008588413707911968,0.0000031349738947028527,0.2576475143432617,163.22421264648438,-163.22421264648438,4.895612716674805,0,6.776582717895508
0.04567999765276909,0,0.00000014593223340853,0,-0.008692325092852116,0.000004435677965375362,0.2601408362388611,379.2599792480469,379.2599792480469,-23.583498001098633,0,6.776582717895508
0.045684996992349625,0,0.00000010367782721232288,0,-0.008450881578028202,0.0000056763274187687784,0.24812984466552734,900.6943359375,900.6943359375,-50.94755935668945,0,6.776582717895508
0.04569000005722046,0,0.00000006429041832234361,0,-0.007877481169998646,0.000006787239726691041,0.22218245267868042,1375.359375,1375.359375,-75.8380126953125,0,6.776582717895508
0.045694999396800995,0,0.000000029280919022767193,0,-0.007001900114119053,0.000007705031748628244,0.18355846405029297,1779.85498046875,1779.85498046875,-97.01882934570313,0,6.776582717895508
0.04569999873638153,0,-0.0000000000631263930017667,0,-0.005868809297680855,0.000008375767720281146,0.13414716720581055,2094.25927734375,2094.25927734375,-113.43772888183594,0,6.776582717895508
0.04570499807596207,0,-0.0000000227409380215704,0,-0.0045355623587965965,0.000008757636351219844,0.07637381553649902,2303.11572265625,2303.11572265625,-124.2783203125,0,6.776582717895508
0.0457099974155426,0,-0.00000003808770543400897,0,-0.0030693532899022102,0.000008823033567750826,0.013079389929771423,2396.19873046875,2396.19873046875,-129.00059509277344,0,6.776582717895508
0.04571500048041344,0,-0.000000045807134085862344,0,-0.0015438859118148685,0.00000855993312143255,-0.052620068192481995,2369.020751953125,2369.020751953125,-127.36763763427734,0,6.776582717895508
0.04571999981999397,0,-0.000000045985736107923,0,-0.0000357205281034112,0.000007972494131536223,-0.11748786270618439,2223.053955078125,2223.053955078125,-119.45738220214844,0,6.776582717895508
0.04572499915957451,0,-0.00000003908813894781815,0,0.0013795195845887065,0.00000708085917722201,-0.17832700908184052,1965.6572265625,1965.6572265625,-105.65875244140625,0,6.776582717895508
0.045729998499155045,0,-0.000000025933658776011725,0,0.002630895934998989,0.000005920166586292908,-0.23213855922222137,1609.711669921875,1609.711669921875,-86.65242767333984,0,6.776582717895508
0.04573499783873558,0,-0.000000007655307499021546,0,0.0036556702107191086,0.000004538815119303763,-0.2762702703475952,1172.9820556640625,1172.9820556640625,-63.377037048339844,0,6.776582717895508
0.045739997178316116,0,0.000000014356761113276661,0,0.004402413964271545,0.0000029960756364744157,-0.3085479140281677,677.23681640625,677.23681640625,-36.982757568359375,0,6.776582717895508
0.04574500024318695,0,0.0000000385245435552406,0,0.004833556711673737,0.0000013591601373263984,-0.3273831009864807,147.16903686523438,147.16903686523438,-8.77424430847168,0,6.776582717895508
0.04574999958276749,0,0.00000006316078327017749,0,0.004927247762680054,-0.00000030009869078639895,-0.3318517804145813,390.8268737792969,-390.8268737792969,19.853946685791016,0,6.776582717895508
0.04575499892234802,0,0.00000008655297989434985,0,0.004678439348936081,-0.000001908799958982854,-0.3217402696609497,909.963134765625,-909.963134765625,47.48649215698242,0,6.776582717895508
0.04575999826192856,0,0.00000010704867747790558,0,0.004099139012396336,-0.000003396577994863037,-0.2975556254386902,1384.3861083984375,-1384.3861083984375,72.75740814208984,0,6.776582717895508
0.045764997601509094,0,0.0000001231377382282517,0,0.003217811230570078,-0.000004699080818681978,-0.26050060987472534,1790.4571533203125,-1790.4571533203125,94.41773223876953,0,6.776582717895508
0.04577000066637993,0,0.0000001335275925384849,0,0.002077970653772354,-0.00000576115098738228,-0.21241405606269836,2107.924072265625,-2107.924072265625,111.39739990234375,0,6.776582717895508
0.045775000005960464,0,0.0000001372077207406619,0,0.0007360246381722391,-0.000006539550213346956,-0.1556798219680786,2320.924560546875,-2320.924560546875,122.85826110839844,0,6.776582717895508
0.045779999345541,0,0.0000001335001087454657,0,-0.0007415218860842288,-0.000007005093266343465,-0.09310862421989441,2418.772216796875,-2418.772216796875,128.23558044433594,0,6.776582717895508
0.045784998685121536,0,0.00000012209331146095792,0,-0.0022813600953668356,-0.000007144087248889264,-0.02779877930879593,2396.486572265625,-2396.486572265625,127.2660903930664,0,6.776582717895508
0.04578999802470207,0,0.00000010305825526302215,0,-0.003807010827586055,-0.000006959000529604964,0.037017300724983215,2255.039794921875,-2255.039794921875,120.0009536743164,0,6.776582717895508
0.04579499736428261,0,0.00000007684518976702748,0,-0.005242613609880209,-0.000006468334049714031,0.09813328087329865,2001.307861328125,-2001.307861328125,106.80323791503906,0,6.776582717895508
0.04580000042915344,0,0.00000004426176047900299,0,-0.006516685709357262,-0.000005705695457436377,0.15252773463726044,1647.7310791015625,-1647.7310791015625,88.32999420166016,0,6.776582717895508
0.04580499976873398,0,0.0000000064334422233969235,0,-0.007565664127469063,-0.000004718126547231805,0.19751383364200592,1211.697265625,-1211.697265625,65.49958038330078,0,6.776582717895508
0.045809999108314514,0,-0.0000000352518298996074,0,-0.008337054401636124,-0.000003563764039427042,0.2308724969625473,714.6802978515625,-714.6802978515625,39.44626998901367,0,6.776582717895508
0.04581499844789505,0,-0.00000007921200051441701,0,-0.008792033419013023,-0.0000023089523892849684,0.2509623169898987,181.17662048339844,-181.17662048339844,11.463990211486816,0,6.776582717895508
0.045819997787475586,0,-0.00000012374886182442424,0,-0.008907373994588852,-0.0000010249480055790627,0.25680088996887207,362.50885009765625,362.50885009765625,-17.057788848876953,0,6.776582717895508
0.04582499712705612,0,-0.0000001671318301532665,0,-0.008676594123244286,0.0000002156191385438433,0.24811343848705292,889.5654296875,889.5654296875,-44.70287322998047,0,6.776582717895508
0.045830000191926956,0,-0.00000020768322883668588,0,-0.008110279217362404,0.0000013423514246824197,0.22534646093845367,1374.0054931640625,1374.0054931640625,-70.09856414794922,0,6.776582717895508
0.04583499953150749,0,-0.00000024386102381868113,0,-0.007235560566186905,0.0000022905792320671026,0.18964554369449615,1791.951416015625,1791.951416015625,-91.98358917236328,0,6.776582717895508
0.04583999887108803,0,-0.0000002743348659350886,0,-0.006094768643379211,0.0000030045725907257292,0.14279867708683014,2122.819091796875,2122.819091796875,-109.27071380615234,0,6.776582717895508
0.045844998210668564,0,-0.00000029805156032125524,0,-0.00474334042519331,0.000003440310365476762,0.08714756369590759,2350.337158203125,2350.337158203125,-121.10051727294922,0,6.776582717895508
0.0458499975502491,0,-0.0000003142868933991849,0,-0.0032470691949129105,0.0000035676682728080777,0.025471577420830727,2463.353271484375,2463.353271484375,-126.88398742675781,0,6.776582717895508
0.045855000615119934,0,-0.000000322681131592617,0,-0.0016788496868684888,0.0000033719188650138676,-0.03914990648627281,2456.38720703125,2456.38720703125,-126.33177185058594,0,6.776582717895508
0.04585999995470047,0,-0.00000032325644383490726,0,-0.00011506513692438602,0.0000028544682209030725,-0.10349014401435852,2329.901123046875,2329.901123046875,-119.46846008300781,0,6.776582717895508
0.045864999294281006,0,-0.00000031641545206184674,0,0.0013681959826499224,0.000002032793645412312,-0.16433492302894592,2090.277587890625,2090.277587890625,-106.6313705444336,0,6.776582717895508
0.04586999863386154,0,-0.0000003029209096894192,0,0.0026989078614860773,0.0000009395845381732215,-0.21864181756973267,1749.5025634765625,1749.5025634765625,-88.45386505126953,0,6.776582717895508
0.04587499797344208,0,-0.00000028385753125803603,0,0.0038126755971461535,-0.00000037887048165430315,-0.2636910080909729,1324.5718994140625,1324.5718994140625,-65.83394622802734,0,6.776582717895508
0.045879997313022614,0,-0.00000026057790591949015,0,0.004655924160033464,-0.0000018649701587492018,-0.2972199320793152,836.6488647460938,836.6488647460938,-39.889766693115234,0,6.776582717895508
0.04588500037789345,0,-0.0000002346351521964607,0,0.005188551265746355,-0.000003452648343227338,-0.3175356388092041,310.01556396484375,310.01556396484375,-11.904269218444824,0,6.776582717895508
0.045889999717473984,0,-0.0000002077055825111529,0,0.005385913420468569,-0.000005070640327176079,-0.3235984444618225,229.13034057617188,-229.13034057617188,16.738435745239258,0,6.776582717895508
0.04589499905705452,0,-0.0000001815053565223934,0,0.005240044090896845,-0.000006646008387178881,-0.3150736093521118,753.9734497070313,-753.9734497070313,44.62160110473633,0,6.776582717895508
0.045899998396635056,0,-0.0000001577051023105014,0,0.004760049749165773,-0.000008107748726615682,-0.2923480272293091,1238.4097900390625,-1238.4097900390625,70.3660659790039,0,6.776582717895508
0.04590499773621559,0,-0.0000001378468397206234,0,0.003971653524786234,-0.000009390303603140637,-0.2565109133720398,1658.3397216796875,-1658.3397216796875,92.69855499267578,0,6.776582717895508
0.04590999707579613,0,-0.0000001232672275364166,0,0.0029159216210246086,-0.000010436802767799236,-0.20929992198944092,1992.8626708984375,-1992.8626708984375,110.51480865478516,0,6.776582717895508
0.04591500014066696,0,-0.00000011503109931254585,0,0.001647226046770811,-0.00001120187880587764,-0.15301519632339478,2225.312255859375,-2225.312255859375,122.93424224853516,0,6.776582717895508
0.0459199994802475,0,-0.00000011387835741061281,0,0.00023054820485413074,-0.0000116539049486164,-0.09040530025959015,2344.08251953125,-2344.08251953125,129.34361267089844,0,6.776582717895508
0.04592499881982803,0,-0.00000012018706740946072,0,-0.0012617410393431783,-0.0000117765603135922,-0.02453114092350006,2343.202880859375,-2343.202880859375,129.42739868164063,0,6.776582717895508
0.04592999815940857,0,-0.000000133954415559856,0,-0.0027534703258424997,-0.000011569632079044823,0.04138568788766861,2222.634033203125,-2222.634033203125,123.18341064453125,0,6.776582717895508
0.045934997498989105,0,-0.00000015479663773021457,0,-0.0041684433817863464,-0.000011049020031350665,0.10412248224020004,1988.2698974609375,-1988.2698974609375,110.92289733886719,0,6.776582717895508
0.04594000056385994,0,-0.0000001819677066805525,0,-0.005434215068817139,-0.000010245945304632187,0.16061504185199738,1651.645751953125,-1651.645751953125,93.2551498413086,0,6.776582717895508
0.045944999903440475,0,-0.0000002143961381761983,0,-0.006485685706138611,-0.00000920539787330199,0.20810949802398682,1229.36669921875,-1229.36669921875,71.05728912353516,0,6.776582717895508
0.04594999924302101,0,-0.0000002507377701022051,0,-0.0072683244943618774,-0.000007983904652064666,0.24429866671562195,742.2852172851563,-742.2852172851563,45.43083190917969,0,6.776582717895508
0.04595499858260155,0,-0.00000028944214136572555,0,-0.007740877568721771,-0.000006646722795267124,0.2674364149570465,214.4677276611328,-214.4677276611328,17.647056579589844,0,6.776582717895508
0.04595999792218208,0,-0.0000003288292020897643,0,-0.007877412252128124,-0.000005264602805254981,0.27642396092414856,327.9975280761719,327.9975280761719,-10.915915489196777,0,6.776582717895508
0.04596499726176262,0,-0.0000003671722197395866,0,-0.007668602280318737,-0.000003910280156560475,0.2708645164966583,858.293212890625,858.293212890625,-38.841453552246094,0,6.776582717895508
0.04597000032663345,0,-0.0000004027832005704113,0,-0.00712219625711441,-0.0000026548664209258277,0.25108274817466736,1350.2015380859375,1350.2015380859375,-64.74459075927734,0,6.776582717895508
0.04597499966621399,0,-0.000000434096364188008,0,-0.00626263115555048,-0.0000015643234974049847,0.21810859441757202,1779.4029541015625,1779.4029541015625,-87.34064483642578,0,6.776582717895508
0.045979999005794525,0,-0.0000004597455074417667,0,-0.005129828117787838,-0.0000006961917051739874,0.1736263632774353,2124.681640625,2124.681640625,-105.5088882446289,0,6.776582717895508
0.04598499834537506,0,-0.000000478631591249723,0,-0.003777214093133807,-0.00000009673601653048536,0.11989113688468933,2368.975830078125,2368.975830078125,-118.3480224609375,0,6.776582717895508
0.0459899976849556,0,-0.0000004899769692201517,0,-0.0022690773475915194,0.00000020134888245593174,0.05961698293685913,2500.223876953125,2500.223876953125,-125.22093200683594,0,6.776582717895508
0.04599499702453613,0,-0.0000004933638706461352,0,-0.000677385542076081,0.00000018056131523280783,-0.004157513380050659,2511.961669921875,2511.961669921875,-125.78617095947266,0,6.776582717895508
0.04600000008940697,0,-0.000000488754949401482,0,0.0009217788465321064,-0.00000016053807883054105,-0.0682198777794838,2403.642333984375,2403.642333984375,-120.014892578125,0,6.776582717895508
0.0460049994289875,0,-0.0000004764950176650018,0,0.0024519851431250572,-0.0000008072528885350039,-0.1293429583311081,2180.6640625,2180.6640625,-108.19231414794922,0,6.776582717895508
0.04600999876856804,0,-0.0000004572938223645906,0,0.003840239252895117,-0.0000017294771623710403,-0.184444859623909,1854.10205078125,1854.10205078125,-90.903564453125,0,6.776582717895508
0.046014998108148575,0,-0.0000004321908306792466,0,0.005020597483962774,-0.0000028831855161115527,-0.23074166476726532,1440.1600341796875,1440.1600341796875,-69.00468444824219,0,6.776582717895508
0.04601999744772911,0,-0.00000040250367305816326,0,0.00593743147328496,-0.000004212613021081779,-0.26588547229766846,959.3673706054688,959.3673706054688,-43.580230712890625,0,6.776582717895508
0.046025000512599945,0,-0.0000003697627448673302,0,0.0065481835044920444,-0.000005653016614814987,-0.28808069229125977,435.5618896484375,435.5618896484375,-15.889535903930664,0,6.776582717895508
0.04602999985218048,0,-0.00000033563537726877257,0,0.006825470831245184,-0.000007133882263588021,-0.2961731553077698,105.29134368896484,-105.29134368896484,12.695695877075195,0,6.776582717895508
0.04603499919176102,0,-0.0000003018431868895277,0,0.0067584398202598095,-0.000008582418558944482,-0.2897073030471802,636.386474609375,-636.386474609375,40.75934600830078,0,6.776582717895508
0.04603999853134155,0,-0.0000002700766685848066,0,0.006353303324431181,-0.000009927161954692565,-0.2689487338066101,1131.405029296875,-1131.405029296875,66.91104888916016,0,6.776582717895508
0.04604499787092209,0,-0.00000024191152192543086,0,0.005633028689771891,-0.000011101517884526402,-0.23487120866775513,1565.81982421875,-1565.81982421875,89.85507202148438,0,6.776582717895508
0.046049997210502625,0,-0.0000002187305341294632,0,0.004636196885257959,-0.000012047059499309398,-0.18910840153694153,1918.1102294921875,-1918.1102294921875,108.45452880859375,0,6.776582717895508
0.04605500027537346,0,-0.0000002016550837424802,0,0.003415090264752507,-0.000012716423952952027,-0.13387295603752136,2170.82861328125,-2170.82861328125,121.78771209716797,0,6.776582717895508
0.046059999614953995,0,-0.0000001914895904064906,0,0.002033097902312875,-0.000013075658898742404,-0.07184699177742004,2311.46484375,-2311.46484375,129.1937255859375,0,6.776582717895508
0.04606499895453453,0,-0.0000001886817244667327,0,0.000561573775485158,-0.000013105905054544564,-0.006049171090126038,2333.065673828125,-2333.065673828125,130.30526733398438,0,6.776582717895508
0.046069998294115067,0,-0.00000019330023803831864,0,-0.0009237019112333655,-0.00001280433116335189,0.06031475216150284,2234.57958984375,-2234.57958984375,125.06682586669922,0,6.776582717895508
0.0460749976336956,0,-0.00000020503163966623106,0,-0.0023462793324142694,-0.000012184277693449985,0.12401076406240463,2020.9091796875,-2020.9091796875,113.73741912841797,0,6.776582717895508
0.04608000069856644,0,-0.0000002231957978438004,0,-0.003632830223068595,-0.000011274593816779088,0.18193675577640533,1702.66748046875,-1702.66748046875,96.87774658203125,0,6.776582717895508
0.04608500003814697,0,-0.0000002467797060035082,0,-0.004716781899333,-0.000010118213140231092,0.23127618432044983,1295.6527099609375,-1295.6527099609375,75.32244873046875,0,6.776582717895508
0.04608999937772751,0,-0.0000002744878031535336,0,-0.005541619844734669,-0.000008770025488047395,0.2696376144886017,820.065185546875,-820.065185546875,50.13870620727539,0,6.776582717895508
0.046094998717308044,0,-0.0000003048062353627756,0,-0.006063689477741718,-0.000007294160241144709,0.2951730191707611,299.5066833496094,-299.5066833496094,22.57341957092285,0,6.776582717895508
0.04609999805688858,0,-0.0000003360780453931511,0,-0.0062543610110878944,-0.000005760812200605869,0.30666956305503845,240.18927001953125,240.18927001953125,-6.0086164474487305,0,6.776582717895508
0.046104997396469116,0,-0.00000036658531143984874,0,-0.006101451814174652,-0.000004242765498929657,0.3036094009876251,772.2373046875,772.2373046875,-34.192317962646484,0,6.776582717895508
0.04611000046133995,0,-0.000000394634469103039,0,-0.005609829910099506,-0.0000028117885904066497,0.28619539737701416,1270.227294921875,1270.227294921875,-60.58241653442383,0,6.776582717895508
0.046114999800920486,0,-0.00000041864035438266,0,-0.004801178351044655,-0.0000015350833564298227,0.2553410530090332,1709.43310546875,1709.43310546875,-83.87261199951172,0,6.776582717895508
0.04611999914050102,0,-0.000000437204960235249,0,-0.0037129195407032967,-0.0000004719579465017887,0.21262508630752563,2068.037353515625,2068.037353515625,-102.91024780273438,0,6.776582717895508
0.04612499848008156,0,-0.00000044918678554495273,0,-0.0023963660933077335,0.0000003291086159151746,0.16021332144737244,2328.213134765625,2328.213134765625,-116.75347900390625,0,6.776582717895508
0.046129997819662094,0,-0.000000453757678542388,0,-0.0009141795453615487,0.0000008328649414579559,0.10075127333402634,2477.006591796875,2477.006591796875,-124.71790313720703,0,6.776582717895508
0.04613499715924263,0,-0.00000045044401986160665,0,0.0006627317634411156,0.0000010190298098677886,0.03723297268152237,2506.9794921875,2506.9794921875,-126.41046905517578,0,6.776582717895508
0.046140000224113464,0,-0.00000043915039782405074,0,0.00225872453302145,0.000000883293068909552,-0.02714734710752964,2416.5771484375,2416.5771484375,-121.74895477294922,0,6.776582717895508
0.046144999563694,0,-0.00000042016458223770314,0,0.003797165583819151,0.0000004375252160571108,-0.08915357291698456,2210.2060546875,2210.2060546875,-110.966064453125,0,6.776582717895508
0.046149998903274536,0,-0.00000039414345565091935,0,0.005204226355999708,-0.00000029081536467856495,-0.1456681191921234,1898.0152587890625,1898.0152587890625,-94.59783172607422,0,6.776582717895508
0.04615499824285507,0,-0.000000362080754712224,0,0.0064125400967895985,-0.000001260047383766505,-0.19384640455245972,1495.393798828125,1495.393798828125,-73.45714569091797,0,6.776582717895508
0.04615999758243561,0,-0.0000003252580711432529,0,0.007364537101238966,-0.000002416336428723298,-0.231257826089859,1022.2080688476563,1022.2080688476563,-48.593387603759766,0,6.776582717895508
0.04616500064730644,0,-0.00000028518161343527026,0,0.008015294559299946,-0.000003696367457450833,-0.25600624084472656,501.81793212890625,501.81793212890625,-21.24051284790039,0,6.776582717895508
0.04616999998688698,0,-0.00000024350779881388007,0,0.008334762416779995,-0.000005030487045587506,-0.266823947429657,40.081050872802734,-40.081050872802734,7.244143962860107,0,6.776582717895508
0.046174999326467514,0,-0.00000020196156924612296,0,0.00830924604088068,-0.00000634615980743547,-0.26313453912734985,576.7303466796875,-576.7303466796875,35.44710159301758,0,6.776582717895508
0.04617999866604805,0,-0.00000016225112631218508,0,0.00794208887964487,-0.000007571567039121874,-0.24508148431777954,1081.6343994140625,-1081.6343994140625,61.968772888183594,0,6.776582717895508
0.046184998005628586,0,-0.00000012598363241522748,0,0.007253498770296574,-0.000008639171937829815,-0.21352103352546692,1529.8731689453125,-1529.8731689453125,85.4927978515625,0,6.776582717895508
0.04618999734520912,0,-0.00000009458587157951115,0,0.006279551424086094,-0.00000948907108977437,-0.16997990012168884,1899.3367919921875,-1899.3367919921875,104.8512954711914,0,6.776582717895508
0.046195000410079956,0,-0.00000006923389150870207,0,0.005070395767688751,-0.000010071968972624745,-0.116579569876194,2171.821044921875,-2171.821044921875,119.08269500732422,0,6.776582717895508
0.04619999974966049,0,-0.000000050795033956774205,0,0.003687771735712886,-0.000010351624950999394,-0.05593125894665718,2333.929443359375,-2333.929443359375,127.47941589355469,0,6.776582717895508
0.04620499908924103,0,-0.00000003978530216386389,0,0.0022019462194293737,-0.000010306657713954337,0.008993471041321754,2377.736328125,-2377.736328125,129.6229248046875,0,6.776582717895508
0.046209998428821564,0,-0.000000036344140141864045,0,0.0006882322486490011,-0.000009931608474289533,0.07500988245010376,2301.1796875,-2301.1796875,125.40441131591797,0,6.776582717895508
0.0462149977684021,0,-0.00000004022786015411839,0,-0.0007767442148178816,-0.000009237219273927622,0.13887782394886017,2108.163818359375,-2108.163818359375,115.03030395507813,0,6.776582717895508
0.046219997107982635,0,-0.000000050822073660583555,0,-0.0021188431419432163,-0.000008249908205471002,0.1974622756242752,1808.3648681640625,-1808.3648681640625,99.01190185546875,0,6.776582717895508
0.04622500017285347,0,-0.0000000671724933454243,0,-0.003270084038376808,-0.000007010465196799487,0.24788860976696014,1416.7520751953125,-1416.7520751953125,78.14017486572266,0,6.776582717895508
0.046229999512434006,0,-0.00000008803257856015989,0,-0.004172016400843859,-0.000005572039754042635,0.2876850664615631,952.8453369140625,-952.8453369140625,53.44647979736328,0,6.776582717895508
0.04623499885201454,0,-0.00000011192565807505162,0,-0.004778616596013308,-0.0000039975138861336745,0.3149051368236542,439.7485046386719,-439.7485046386719,26.15150260925293,0,6.776582717895508
0.04623999819159508,0,-0.00000013721850677939074,0,-0.005058569367974997,-0.0000023563939066661987,0.32822397351264954,96.99574279785156,96.99574279785156,-2.395209789276123,0,6.776582717895508
0.04624499753117561,0,-0.00000016220261045418738,0,-0.0049968198873102665,-0.0000007213734534161631,0.3270041048526764,630.6713256835938,630.6713256835938,-30.782136917114258,0,6.776582717895508
0.04625000059604645,0,-0.000000185179217737641,0,-0.004595322068780661,0.0000008352609484063578,0.31132689118385315,1134.7130126953125,1134.7130126953125,-57.605716705322266,0,6.776582717895508
0.046254999935626984,0,-0.00000020454392313240533,0,-0.003872941480949521,0.0000022452036319009494,0.2819885313510895,1584.022216796875,1584.022216796875,-81.53986358642578,0,6.776582717895508
0.04625999927520752,0,-0.00000021886653200908768,0,-0.0028645216953009367,0.0000034475067423045402,0.2404606193304062,1956.2110595703125,1956.2110595703125,-101.4017105102539,0,6.776582717895508
0.046264998614788055,0,-0.00000022696232804264582,0,-0.001619159011170268,0.000004391592483443674,0.18881715834140778,2232.71142578125,2232.71142578125,-116.21015167236328,0,6.776582717895508
0.04626999795436859,0,-0.00000022795117615714844,0,-0.00019777077250182629,0.000005039751613367116,0.12963181734085083,2399.695556640625,2399.695556640625,-125.2345199584961,0,6.776582717895508
0.04627499729394913,0,-0.00000022130156196453754,0,0.001329922815784812,0.000005369003702071495,0.0658504068851471,2448.760498046875,2448.760498046875,-128.03074645996094,0,6.776582717895508
0.04628000035881996,0,-0.00000020685730817149306,0,0.0028888520319014788,0.000005372228315536631,0.0006448850035667419,2377.34521484375,2377.34521484375,-124.46333312988281,0,6.776582717895508
0.0462849996984005,0,-0.00000018484571739918465,0,0.004402317106723785,0.000005058509486843832,-0.06274376809597015,2188.857666015625,2188.857666015625,-114.71216583251953,0,6.776582717895508
0.04628999903798103,0,-0.00000015586678614454286,0,0.005795787088572979,0.0000044526786950882524,-0.12116619944572449,1892.5052490234375,1892.5052490234375,-99.26347351074219,0,6.776582717895508
0.04629499837756157,0,-0.00000012086381673270807,0,0.007000593468546867,0.0000035940752241003793,-0.1717206835746765,1502.839599609375,1502.839599609375,-78.88581085205078,0,6.776582717895508
0.046299997717142105,0,-0.00000008107716098493256,0,0.007957330904901028,0.0000025345907488372177,-0.2118968963623047,1039.03515625,1039.03515625,-54.591957092285156,0,6.776582717895508
0.04630499705672264,0,-0.000000037983156175869226,0,0.008618800900876522,0.0000013360890989133622,-0.2397003471851349,523.939697265625,523.939697265625,-27.5887451171875,0,6.776582717895508
0.046310000121593475,0,0.00000000677859546271975,0,0.008952350355684757,0.0000000673331896905438,-0.2537511885166168,17.058015823364258,-17.058015823364258,0.7827620506286621,0,6.776582717895508
0.04631499946117401,0,0.00000005148605097815562,0,0.00894149113446474,-0.0000011994295618933393,-0.253352552652359,557.2860107421875,-557.2860107421875,29.11370849609375,0,6.776582717895508
0.04631999880075455,0,0.00000009441960457934329,0,0.008586711250245571,-0.0000023920547391753644,-0.23852506279945374,1070.110107421875,-1070.110107421875,55.997230529785156,0,6.776582717895508
0.04632499814033508,0,0.00000013394689801771165,0,0.007905458100140095,-0.0000034420841075188946,-0.21000590920448303,1530.25390625,-1530.25390625,80.09819793701172,0,6.776582717895508
0.04632999747991562,0,0.00000016860323626133322,0,0.006931268610060215,-0.000004288145191821968,-0.1692122220993042,1915.0509033203125,-1915.0509033203125,100.21936798095703,0,6.776582717895508
0.04633500054478645,0,0.00000019716378574230475,0,0.0057121096178889275,-0.000004878999789070804,-0.11817091703414917,2205.5673828125,-2205.5673828125,115.36066436767578,0,6.776582717895508
0.04633999988436699,0,0.0000002187038035117439,0,0.004308002069592476,-0.0000051760907808784395,-0.0594182163476944,2387.540283203125,-2387.540283203125,124.7687759399414,0,6.776582717895508
0.046344999223947525,0,0.0000002326440409206043,0,0.0027880468405783176,-0.000005155460712558124,0.004125997424125671,2452.083984375,-2452.083984375,127.97447204589844,0,6.776582717895508
0.04634999856352806,0,0.0000002387790516422683,0,0.0012270016595721245,-0.000004808946414414095,0.06930285692214966,2396.13037109375,-2396.13037109375,124.81584167480469,0,6.776582717895508
0.0463549979031086,0,0.00000023728694031888153,0,-0.0002984223247040063,-0.000004144591457588831,0.13287103176116943,2222.5810546875,-2222.5810546875,115.44633483886719,0,6.776582717895508
0.04635999724268913,0,0.00000022872013971664273,0,-0.001713361358270049,-0.000003186254616593942,0.191667377948761,1940.162841796875,-1940.162841796875,100.32715606689453,0,6.776582717895508
0.04636500030755997,0,0.00000021397760008312616,0,-0.002948507433757186,-0.0000019724366211448796,0.24276357889175415,1562.9957275390625,-1562.9957275390625,80.20440673828125,0,6.776582717895508
0.0463699996471405,0,0.00000019425989705723623,0,-0.003943541552871466,-0.0000005543798806684208,0.28361135721206665,1109.8929443359375,-1109.8929443359375,56.07212829589844,0,6.776582717895508
0.04637499898672104,0,0.0000001710092902840188,0,-0.004650121089071035,0.000001006463321573392,0.3121686577796936,603.4291381835938,-603.4291381835938,29.123058319091797,0,6.776582717895508
0.046379998326301575,0,0.00000014583791596578521,0,-0.005034275818616152,0.000002641467744979309,0.3270009160041809,68.82112121582031,-68.82112121582031,0.6895267367362976,0,6.776582717895508
0.04638499766588211,0,0.00000012044746711126209,0,-0.005078088957816362,0.000004278228516341187,0.3273521065711975,467.32122802734375,467.32122802734375,-27.822551727294922,0,6.776582717895508
0.046389997005462646,0,0.00000009654455368490744,0,-0.004780582617968321,0.000005844139195687603,0.31318217515945435,978.3135375976563,978.3135375976563,-55.00332260131836,0,6.776582717895508
0.04639500007033348,0,0.00000007575570748485916,0,-0.004157769028097391,0.000007269985417224234,0.28516924381256104,1438.7193603515625,1438.7193603515625,-79.50886535644531,0,6.776582717895508
0.04639999940991402,0,0.000000059546447772618194,0,-0.0032418519258499146,0.000008493363566230983,0.24467569589614868,1825.6103515625,1825.6103515625,-100.12776947021484,0,6.776582717895508
0.04640499874949455,0,0.000000049148287217803954,0,-0.002079632133245468,0.000009461768968321849,0.1936810314655304,2119.702392578125,2119.702392578125,-115.84113311767578,0,6.776582717895508
0.04640999808907509,0,0.00000004549734811121198,0,-0.0007301876903511584,0.00001013518703985028,0.13468363881111145,2306.311767578125,2306.311767578125,-125.87307739257813,0,6.776582717895508
0.046414997428655624,0,0.00000004918762641636931,0,0.0007380559691227973,0.000010488071893632878,0.07057701051235199,2376.08154296875,2376.08154296875,-129.72915649414063,0,6.776582717895508
0.04642000049352646,0,0.00000006044120937076514,0,0.002250716555863619,0.000010510604624869302,0.004506491124629974,2325.44677734375,2325.44677734375,-127.22088623046875,0,6.776582717895508
0.046424999833106995,0,0.00000007909692101293331,0,0.003731141798198223,0.000010209171705355402,-0.060286566615104675,2156.81005859375,2156.81005859375,-118.47505950927734,0,6.776582717895508
0.04642999917268753,0,0.00000010461796762228914,0,0.005104209296405315,0.000009606044841348194,-0.12062542140483856,1878.423095703125,1878.423095703125,-103.92745971679688,0,6.776582717895508
0.046434998512268066,0,0.0000001361182171422115,0,0.006300050765275955,0.00000873826866154559,-0.17355524003505707,1503.977783203125,1503.977783203125,-84.30125427246094,0,6.776582717895508
0.0464399978518486,0,0.00000017240577676602697,0,0.007257512770593166,0.000007655820809304714,-0.2164895087480545,1051.9281005859375,1051.9281005859375,-60.57122039794922,0,6.776582717895508
0.04644499719142914,0,0.00000021204172639954777,0,0.007927191443741322,0.000006419129931600764,-0.2473381906747818,544.5756225585938,544.5756225585938,-33.915374755859375,0,6.776582717895508
0.04645000025629997,0,0.0000002534111160912289,0,0.008273879066109657,0.000005096074346511159,-0.264611154794693,6.964725971221924,6.964725971221924,-5.656647682189941,0,6.776582717895508
0.04645499959588051,0,0.00000029480267471626576,0,0.008278312161564827,0.0000037586139569611987,-0.2674920856952667,534.358154296875,-534.358154296875,22.802684783935547,0,6.776582717895508
0.046459998935461044,0,0.0000003344933361404401,0,0.00793812982738018,0.000002479220256645931,-0.2558787763118744,1052.659912109375,-1052.659912109375,50.050472259521484,0,6.776582717895508
0.04646499827504158,0,0.0000003708332769747358,0,0.007267985492944717,0.0000013272788237372879,-0.23038828372955322,1522.344970703125,-1522.344970703125,74.73466491699219,0,6.776582717895508
0.046469997614622116,0,0.0000004023274300379853,0,0.006298830732703209,0.000000365647565558902,-0.19232624769210815,1920.2235107421875,-1920.2235107421875,95.63029479980469,0,6.776582717895508
0.04647500067949295,0,0.0000004277093239579699,0,0.005076378583908081,-0.00000035246307561465073,-0.14362213015556335,2226.66064453125,-2226.66064453125,111.70018005371094,0,6.776582717895508
0.046480000019073486,0,0.00000044600352566703805,0,0.003658842295408249,-0.0000007861315225454746,-0.08673369884490967,2426.548828125,-2426.548828125,122.14633178710938,0,6.776582717895508
0.04648499935865402,0,0.00000045657378677788074,0,0.002114053349941969,-0.0000009087569310395338,-0.02452508546411991,2510.056640625,-2510.056640625,126.44945526123047,0,6.776582717895508
0.04648999869823456,0,0.00000045915430746390484,0,0.0005161017179489136,-0.0000007093814815561927,0.0398750901222229,2473.115234375,-2473.115234375,124.39469909667969,0,6.776582717895508
0.046494998037815094,0,0.0000004538626399153145,0,-0.0010583322728052735,-0.00000019323761080158874,0.10322877764701843,2317.620849609375,-2317.620849609375,116.08232879638672,0,6.776582717895508
0.04649999737739563,0,0.00000044119377662354964,0,-0.002533775521442294,0.0000006185074425957282,0.16234901547431946,2051.340087890625,-2051.340087890625,101.9227294921875,0,6.776582717895508
0.046505000442266464,0,0.00000042199528138553433,0,-0.00383969908580184,0.0000016897965906537138,0.2142578363418579,1687.5252685546875,-1687.5252685546875,82.61605834960938,0,6.776582717895508
0.046509999781847,0,0.0000003974252251737198,0,-0.004914011340588331,0.0000029714658467128174,0.2563338577747345,1244.2576904296875,-1244.2576904296875,59.117610931396484,0,6.776582717895508
0.046514999121427536,0,0.00000036889457533106906,0,-0.005706130061298609,0.000004403676939546131,0.28644219040870667,743.5516967773438,-743.5516967773438,32.59041976928711,0,6.776582717895508
0.04651999846100807,0,0.00000033799713605731085,0,-0.00617948966100812,0.000005918878741795197,0.30304035544395447,210.2640380859375,-210.2640380859375,4.3477020263671875,0,6.776582717895508
0.04652499780058861,0,0.00000030643039394817606,0,-0.006313347723335028,0.0000074451518230489455,0.30525460839271545,329.13787841796875,329.13787841796875,-24.212261199951172,0,6.776582717895508
0.046529997140169144,0,0.0000002759113328920648,0,-0.006103812251240015,0.000008909768439480104,0.2929234206676483,847.887451171875,847.887451171875,-51.675384521484375,0,6.776582717895508
0.04653500020503998,0,0.0000002480911689417553,0,-0.005564030725508928,0.000010242794814985245,0.26660534739494324,1320.244873046875,1320.244873046875,-76.68182373046875,0,6.776582717895508
0.046539999544620514,0,0.0000002244734957912442,0,-0.004723536316305399,0.00001138055267801974,0.22755160927772522,1722.772705078125,1722.772705078125,-97.99337768554688,0,6.776582717895508
0.04654499888420105,0,0.0000002063395641016541,0,-0.003626785008236766,0.000012268772479728796,0.17764398455619812,2035.497314453125,2035.497314453125,-114.55484008789063,0,6.776582717895508
0.046549998223781586,0,0.0000001946848300349302,0,-0.0023309472016990185,0.000012865280950791202,0.1193016842007637,2242.898193359375,2242.898193359375,-125.54624938964844,0,6.776582717895508
0.04655499756336212,0,0.0000001901694588468672,0,-0.0009030738729052246,0.000013142088391759899,0.05536150187253952,2334.677001953125,2334.677001953125,-130.42352294921875,0,6.776582717895508
0.046560000628232956,0,0.00000019308559728870023,0,0.0005832276656292379,0.000013086774742987473,-0.011062651872634888,2306.26806640625,2306.26806640625,-128.94546508789063,0,6.776582717895508
0.04656499996781349,0,0.00000020334280748102174,0,0.002051443327218294,0.000012703104403044563,-0.0767340362071991,2159.064453125,2159.064453125,-121.18562316894531,0,6.776582717895508
0.04656999930739403,0,0.0000002204725433330168,0,0.003425946459174156,0.00001201083796331659,-0.13845336437225342,1900.34912109375,1900.34912109375,-107.52874755859375,0,6.776582717895508
0.046574998646974564,0,0.00000024365127160308475,0,0.004635746590793133,0.000011044751772715244,-0.19321730732917786,1542.933837890625,1542.933837890625,-88.65164184570313,0,6.776582717895508
0.0465799979865551,0,0.0000002717413281061454,0,0.0056180087849497795,0.000009852916264208034,-0.2383671998977661,1104.524658203125,1104.524658203125,-65.48969268798828,0,6.776582717895508
0.046584997326135635,0,0.0000003033471784874564,0,0.006321171298623085,0.000008494312169204932,-0.271720826625824,606.8442993164063,606.8442993164063,-39.19045639038086,0,6.776582717895508
0.04659000039100647,0,0.0000003368846819284954,0,0.006707500666379929,0.000007035910584818339,-0.29168033599853516,74.55635070800781,74.55635070800781,-11.056892395019531,0,6.776582717895508
0.046594999730587006,0,0.0000003706595066432783,0,0.006754964590072632,0.00000554935286345426,-0.29731154441833496,465.9571838378906,-465.9571838378906,17.517282485961914,0,6.776582717895508
0.04659999907016754,0,0.00000040295114445143554,0,0.0064583271741867065,0.000004107402673980687,-0.28839004039764404,987.9028930664063,-987.9028930664063,45.116600036621094,0,6.776582717895508
0.04660499840974808,0,0.00000043209817590650346,0,0.005829408764839172,0.0000027803412194771226,-0.2654123306274414,1465.403564453125,-1465.403564453125,70.37399291992188,0,6.776582717895508
0.04660999774932861,0,0.00000045658069325327233,0,0.004896503873169422,0.000001632485464142519,-0.2295711636543274,1874.780029296875,-1874.780029296875,92.03849792480469,0,6.776582717895508
0.04661499708890915,0,0.00000047509558953606756,0,0.003702982096001506,0.0000007190037649706937,-0.18269634246826172,2195.72509765625,-2195.72509765625,109.03729248046875,0,6.776582717895508
0.046620000153779984,0,0.0000004866212748311227,0,0.00230514002032578,0.00000008318329491885379,-0.1271640956401825,2412.308837890625,-2412.308837890625,120.52879333496094,0,6.776582717895508
0.04662499949336052,0,0.0000004904683805762033,0,0.0007694165105931461,-0.0000002457131245137134,-0.06577928364276886,2513.768310546875,-2513.768310546875,125.94436645507813,0,6.776582717895508
0.046629998832941055,0,0.0000004863138656219235,0,-0.0008308981196023524,-0.0000002538948820074438,-0.0016363486647605896,2495.041259765625,-2495.041259765625,125.01654052734375,0,6.776582717895508
0.04663499817252159,0,0.00000047421741555808694,0,-0.002419290831312537,0.00000005627535415442253,0.06203404814004898,2357.016357421875,-2357.016357421875,117.79220581054688,0,6.776582717895508
0.04663999751210213,0,0.0000004546183447473595,0,-0.0039198137819767,0.0000006664009788437397,0.12202512472867966,2106.489501953125,-2106.489501953125,104.63031005859375,0,6.776582717895508
0.04664500057697296,0,0.00000042831410951293947,0,-0.0052608465775847435,0.0000015429654922627378,0.17531290650367737,1755.8272705078125,-1755.8272705078125,86.18411254882813,0,6.776582717895508
0.0466499999165535,0,0.00000039642091564928705,0,-0.006378641352057457,0.000002638996193127241,0.21920612454414368,1322.3536376953125,-1322.3536376953125,63.36872863769531,0,6.776582717895508
0.04665499925613403,0,0.00000036031852346241067,0,-0.007220477797091007,0.000003896393991453806,0.2514795660972595,827.4922485351563,-827.4922485351563,37.31587219238281,0,6.776582717895508
0.04665999859571457,0,0.0000003215821493540716,0,-0.00774727575480938,0.0000052488157962216064,0.27048438787460327,295.70489501953125,-295.70489501953125,9.317728042602539,0,6.776582717895508
0.046664997935295105,0,0.0000002819045050728164,0,-0.007935527712106705,0.00000662496495351661,0.27522987127304077,246.72059631347656,246.72059631347656,-19.237035751342773,0,6.776582717895508
0.04666999727487564,0,0.0000002430122094665421,0,-0.007778460159897804,0.000007952127816679422,0.26543253660202026,772.9727783203125,772.9727783203125,-46.932106018066406,0,6.776582717895508
0.046675000339746475,0,0.0000002065803528239485,0,-0.007286370731890202,0.000009159778528555762,0.24153022468090057,1257.0447998046875,1257.0447998046875,-72.3936767578125,0,6.776582717895508
0.04667999967932701,0,0.00000017414978970009543,0,-0.00648611132055521,0.000010183081030845642,0.20466043055057526,1675.0230712890625,1675.0230712890625,-94.35852813720703,0,6.776582717895508
0.04668499901890755,0,0.000000147050997156839,0,-0.005419758148491383,0.000010966101399390027,0.15660403668880463,2006.2720947265625,2006.2720947265625,-111.73663330078125,0,6.776582717895508
0.04668999835848808,0,0.00000012633836377062835,0,-0.004142525605857372,0.000011464586350484751,0.0996970385313034,2234.45654296875,2234.45654296875,-123.66510772705078,0,6.776582717895508
0.04669499769806862,0,0.00000011273823474766687,0,-0.0027200262993574142,0.000011648160580080003,0.03671492263674736,2348.350830078125,2348.350830078125,-129.55104064941406,0,6.776582717895508
0.046699997037649155,0,0.00000010661313609716672,0,-0.0012250198051333427,0.000011501836524985265,-0.02926487661898136,2342.395263671875,2342.395263671875,-129.10084533691406,0,6.776582717895508
0.04670500010251999,0,0.00000010794411053893782,0,0.000266195391304791,0.00001102675923903007,-0.09501539170742035,2216.97119140625,2216.97119140625,-122.33477020263672,0,6.776582717895508
0.046709999442100525,0,0.00000011633192542603865,0,0.0016775629483163357,0.000010240159099339508,-0.15731997787952423,1978.3822021484375,1978.3822021484375,-109.58594512939453,0,6.776582717895508
0.04671499878168106,0,0.00000013101713136620674,0,0.002937040291726589,0.00000917450051929336,-0.2131316363811493,1638.5416259765625,1638.5416259765625,-91.48385620117188,0,6.776582717895508
0.0467199981212616,0,0.00000015091796967681148,0,0.003980168141424656,0.000007875880328356288,-0.2597239911556244,1214.3824462890625,1214.3824462890625,-68.92316436767578,0,6.776582717895508
0.04672499746084213,0,0.00000017468431678935303,0,0.004753268323838711,0.000006401749033102533,-0.2948262691497803,727.0179443359375,727.0179443359375,-43.01939010620117,0,6.776582717895508
0.04673000052571297,0,0.00000020076483053799166,0,0.0052161021158099174,0.00000481807001051493,-0.3167358636856079,200.69557189941406,200.69557189941406,-15.05360221862793,0,6.776582717895508
0.0467349998652935,0,0.00000022748417904949747,0,0.00534386932849884,0.0000031960571504896507,-0.3244025707244873,338.4043884277344,-338.4043884277344,13.59099292755127,0,6.776582717895508
0.04673999920487404,0,0.0000002531263589844457,0,0.005128434859216213,0.0000016086535197246121,-0.31748074293136597,863.4661865234375,-863.4661865234375,41.49762725830078,0,6.776582717895508
0.046744998544454575,0,0.0000002760200459306361,0,0.004578734748065472,0.00000012692260042967973,-0.29634618759155273,1348.3673095703125,-1348.3673095703125,67.2861557006836,0,6.776582717895508
0.04674999788403511,0,0.0000002946217421140318,0,0.003720337525010109,-0.0000011834655424536322,-0.2620776295661926,1768.9727783203125,-1768.9727783203125,89.6814193725586,0,6.776582717895508
0.046754997223615646,0,0.00000030759261449020414,0,0.002594174351543188,-0.0000022654817257716786,-0.21640324592590332,2104.331298828125,-2104.331298828125,107.57644653320313,0,6.776582717895508
0.04676000028848648,0,0.000000313865200496366,0,0.001254515489563346,-0.000003073556854360504,-0.1616150140762329,2337.712890625,-2337.712890625,120.08726501464844,0,6.776582717895508
0.04676499962806702,0,0.0000003126966134914255,0,-0.00023371877614408731,-0.000003575832124624867,-0.10045507550239563,2457.438720703125,-2457.438720703125,126.59676361083984,0,6.776582717895508
0.04676999896764755,0,0.0000003037057467736304,0,-0.0017981728306040168,-0.000003755731540877605,-0.03597987815737724,2457.459228515625,-2457.459228515625,126.78518676757813,0,6.776582717895508
0.04677499830722809,0,0.0000002868925434995617,0,-0.003362639807164669,-0.000003612775117289857,0.028591280803084373,2337.654052734375,-2337.654052734375,120.64601135253906,0,6.776582717895508
0.046779997646808624,0,0.0000002626383661663567,0,-0.004850836470723152,-0.0000031625961582903983,0.09003578126430511,2103.83837890625,-2103.83837890625,108.48628997802734,0,6.776582717895508
0.04678499698638916,0,0.00000023168746565715992,0,-0.006190181709825993,-0.00000243615932049579,0.1452873945236206,1767.474609375,-1767.474609375,90.9113998413086,0,6.776582717895508
0.046790000051259995,0,0.00000019511051618792408,0,-0.00731539074331522,-0.0000014782183370698476,0.19158819317817688,1345.1046142578125,-1345.1046142578125,68.7950439453125,0,6.776582717895508
0.04679499939084053,0,0.0000001542519640906903,0,-0.00817171111702919,-0.0000003450923031778075,0.2266252040863037,857.5303344726563,-857.5303344726563,43.23598861694336,0,6.776582717895508
0.046799998730421066,0,0.00000011066380523061525,0,-0.008717631921172142,0.0000008981331802715431,0.2486450970172882,328.7831726074219,-328.7831726074219,15.5036039352417,0,6.776582717895508
0.0468049980700016,0,0.00000006602910218589386,0,-0.008926941081881523,0.0000021808382371091284,0.25654104351997375,215.06663513183594,215.06663513183594,-13.025038719177246,0,6.776582717895508
0.04680999740958214,0,0.000000022078975092654218,0,-0.008790025487542152,0.0000034303755001019454,0.249907448887825,747.2015991210938,747.2015991210938,-40.933387756347656,0,6.776582717895508
0.04681500047445297,0,-0.00000001949273098489357,0,-0.008314341306686401,0.00000457567693956662,0.22906024754047394,1241.3853759765625,1241.3853759765625,-66.83560180664063,0,6.776582717895508
0.04681999981403351,0,-0.00000005711298456390068,0,-0.007524050772190094,0.000005550782589125447,0.19502116739749908,1673.2630615234375,1673.2630615234375,-89.44522094726563,0,6.776582717895508
0.046824999153614044,0,-0.0000000894070737444963,0,-0.006458817981183529,0.000006298118023551069,0.1494670957326889,2021.5673828125,2021.5673828125,-107.63890838623047,0,6.776582717895508
0.04682999849319458,0,-0.00000011526631737979187,0,-0.005171848461031914,0.0000067713531279878225,0.09464704990386963,2269.17236328125,2269.17236328125,-120.51211547851563,0,6.776582717895508
0.046834997832775116,0,-0.00000013390256015100022,0,-0.0037272486370056868,0.000006937706984899705,0.033270735293626785,2403.94189453125,2403.94189453125,-127.42387390136719,0,6.776582717895508
0.04683999717235565,0,-0.0000001448868260922609,0,-0.002196851884946227,0.000006779578598070657,-0.03162570670247078,2419.3310546875,2419.3310546875,-128.0286102294922,0,6.776582717895508
0.046845000237226486,0,-0.00000014817011617651588,0,-0.000656658026855439,0.000006295427738223225,-0.09683014452457428,2314.709716796875,2314.709716796875,-122.29322814941406,0,6.776582717895508
0.04684999957680702,0,-0.00000014408546178401593,0,0.0008169318898580968,0.000005499859980773181,-0.1591135710477829,2095.39453125,2095.39453125,-110.49874877929688,0,6.776582717895508
0.04685499891638756,0,-0.00000013333095694179065,0,0.002150901360437274,0.000004422909569257172,-0.21539011597633362,1772.3843994140625,1772.3843994140625,-93.22642517089844,0,6.776582717895508
0.046859998255968094,0,-0.00000011693477119933959,0,0.003279236378148198,0.000003108559667452937,-0.2628699541091919,1361.8160400390625,1361.8160400390625,-71.32888793945313,0,6.776582717895508
0.04686499759554863,0,-0.00000009620379159969161,0,0.004146195482462645,0.0000016125725323945517,-0.2991974353790283,884.164306640625,884.164306640625,-45.88798141479492,0,6.776582717895508
0.046870000660419464,0,-0.00000007265843038339881,0,0.004709071945399046,-0.0000000002673914423212409,-0.32256799936294556,363.2275390625,363.2275390625,-18.16109848022461,0,6.776582717895508
0.046875,0,-0.00000004795688113290453,0,0.004940310027450323,-0.0000016593543250564835,-0.3318173885345459,175.0519561767578,-175.0519561767578,10.48109245300293,0,6.776582717895508
0.046879999339580536,0,-0.000000023812537719436477,0,0.0048288688994944096,-0.000003291751454526093,-0.326479434967041,703.8729858398438,-703.8729858398438,38.62255859375,0,6.776582717895508
0.04688499867916107,0,-0.000000001908690094865051,0,0.004380769561976194,-0.000004825797077501193,-0.30680912733078003,1196.9036865234375,-1196.9036865234375,64.87205505371094,0,6.776582717895508
0.04688999801874161,0,0.000000016185293105763776,0,0.0036187968216836452,-0.000006194647085067118,-0.2737700343132019,1629.586181640625,-1629.586181640625,87.93206787109375,0,6.776582717895508
0.046894997358322144,0,0.00000002909214202873045,0,0.002581370063126087,-0.0000073395799518038984,-0.22898660600185394,1980.3536376953125,-1980.3536376953125,106.66307830810547,0,6.776582717895508
0.04690000042319298,0,0.00000003569532935898678,0,0.0013206377625465393,-0.000008212898137571756,-0.17466355860233307,2231.698974609375,-2231.698974609375,120.14006042480469,0,6.776582717895508
0.046904999762773514,0,0.000000035194801739635295,0,-0.00010010588448494673,-0.000008780281859799288,-0.11347673833370209,2371.042236328125,-2371.042236328125,127.6982421875,0,6.776582717895508
0.04690999910235405,0,0.000000027147009973305103,0,-0.0016095582395792007,-0.000009022484846354928,-0.048440560698509216,2391.35400390625,-2391.35400390625,128.96612548828125,0,6.776582717895508
0.046914998441934586,0,0.000000011487303552826233,0,-0.0031319414265453815,-0.000008936278391047381,0.017241345718503,2291.50390625,-2291.50390625,123.88381958007813,0,6.776582717895508
0.04691999778151512,0,-0.000000011466486427025302,0,-0.0045907581225037575,-0.000008534603693988174,0.0803348571062088,2076.31640625,-2076.31640625,112.7060317993164,0,6.776582717895508
0.04692499712109566,0,-0.00000004102939499261993,0,-0.005912582390010357,-0.000007845926120353397,0.13773556053638458,1756.3323974609375,-1756.3323974609375,95.98946380615234,0,6.776582717895508
0.04693000018596649,0,-0.00000007618288577759813,0,-0.007030698470771313,-0.0000069128132054174785,0.18662258982658386,1347.2867431640625,-1347.2867431640625,74.56519317626953,0,6.776582717895508
0.04693499952554703,0,-0.00000011562492119310264,0,-0.007888407446444035,-0.000005789821443613619,0.22459831833839417,869.3286743164063,-869.3286743164063,49.49749755859375,0,6.776582717895508
0.046939998865127563,0,-0.000000157834108449606,0,-0.008441838435828686,-0.000004540785539575154,0.2498071789741516,346.02374267578125,-346.02374267578125,22.031173706054688,0,6.776582717895508
0.0469449982047081,0,-0.00000020114472931709315,0,-0.008662124164402485,-0.0000032356476822315017,0.26102757453918457,196.81381225585938,196.81381225585938,-6.470223903656006,0,6.776582717895508
0.046949997544288635,0,-0.00000024382887886531535,0,-0.008536827750504017,-0.0000019469860035314923,0.2577323317527771,732.3999633789063,732.3999633789063,-34.591888427734375,0,6.776582717895508
0.04695500060915947,0,-0.0000002841817092757992,0,-0.008070566691458225,-0.0000007464118425559718,0.24011483788490295,1234.3077392578125,1234.3077392578125,-60.9378776550293,0,6.776582717895508
0.046959999948740005,0,-0.00000032060560783975234,0,-0.0072847818955779076,0.00000029898535558459116,0.20907944440841675,1677.776611328125,1677.776611328125,-84.20027160644531,0,6.776582717895508
0.04696499928832054,0,-0.00000035168898193660425,0,-0.006216675974428654,0.0000011299682682874845,0.16619658470153809,2040.939208984375,2040.939208984375,-103.22400665283203,0,6.776582717895508
0.04696999862790108,0,-0.00000037627586380040157,0,-0.00491737388074398,0.0000016980934560706373,0.11362502723932266,2305.90478515625,2305.90478515625,-117.0640869140625,0,6.776582717895508
0.04697499796748161,0,-0.0000003935228107820876,0,-0.0034493894781917334,0.00000196811743080616,0.05400478094816208,2459.6455078125,2459.6455078125,-125.03240203857422,0,6.776582717895508
0.04697999730706215,0,-0.0000004029404578886897,0,-0.00188353075645864,0.0000019197489109501475,-0.009673692286014557,2494.6416015625,2494.6416015625,-126.73181915283203,0,6.776582717895508
0.04698500037193298,0,-0.0000004044174204409501,0,-0.0002953927032649517,0.0000015486605207115645,-0.07421767711639404,2409.25439453125,2409.25439453125,-122.07591247558594,0,6.776582717895508
0.04698999971151352,0,-0.0000003982254952461517,0,0.001238386263139546,0.0000008667084330227226,-0.13639041781425476,2207.806640625,2207.806640625,-111.29315948486328,0,6.776582717895508
0.046994999051094055,0,-0.0000003850059044907539,0,0.002643919549882412,-0.00000009864925232250243,-0.19307154417037964,1900.3692626953125,1900.3692626953125,-94.91570281982422,0,6.776582717895508
0.04699999839067459,0,-0.0000003657372360521549,0,0.003853732254356146,-0.0000013057077694611507,-0.2414117157459259,1502.2613525390625,1502.2613525390625,-73.7529525756836,0,6.776582717895508
0.04700499773025513,0,-0.0000003416867286887282,0,0.004810101818293333,-0.0000027005767151422333,-0.278973788022995,1033.2916259765625,1033.2916259765625,-48.851478576660156,0,6.776582717895508
0.04700999706983566,0,-0.0000003143471474231774,0,0.005467915441840887,-0.000004219844868202927,-0.3038536608219147,516.7766723632813,516.7766723632813,-21.44316291809082,0,6.776582717895508
0.0470150001347065,0,-0.0000002853626028809231,0,0.0057969060726463795,-0.000005793717718916014,-0.31477460265159607,21.614253997802734,-21.614253997802734,7.115836143493652,0,6.776582717895508
0.04701999947428703,0,-0.0000002564468672971998,0,0.005783145781606436,-0.000007349470251938328,-0.31115052103996277,555.1309814453125,-555.1309814453125,35.41225051879883,0,6.776582717895508
0.04702499881386757,0,-0.0000002292981804430383,0,0.005429738666862249,-0.000008815046385279857,-0.2931152284145355,1057.2684326171875,-1057.2684326171875,62.0457649230957,0,6.776582717895508
0.047029998153448105,0,-0.0000002055148797808215,0,0.004756660666316748,-0.00001012262418953469,-0.2615155875682831,1503.0794677734375,-1503.0794677734375,85.69837951660156,0,6.776582717895508
0.04703499749302864,0,-0.00000018651603284070006,0,0.0037997704930603504,-0.000011211973287572619,-0.21786975860595703,1870.410888671875,-1870.410888671875,105.1996841430664,0,6.776582717895508
0.047040000557899475,0,-0.00000017347088032693136,0,0.0026090298779308796,-0.000012033433449687436,-0.16429200768470764,2141.001708984375,-2141.001708984375,119.58491516113281,0,6.776582717895508
0.04704499989748001,0,-0.00000016724075635465852,0,0.0012460260186344385,-0.000012550372957775835,-0.10338791459798813,2301.38720703125,-2301.38720703125,128.14266967773438,0,6.776582717895508
0.04704999923706055,0,-0.00000016833617166867043,0,-0.00021908257622271776,-0.000012741000318783335,-0.03812538832426071,2343.56689453125,-2343.56689453125,130.45022583007813,0,6.776582717895508
0.04705499857664108,0,-0.00000017689139042431634,0,-0.0017110436456277966,-0.000012599438377947081,0.028312362730503082,2265.400390625,-2265.400390625,126.39443969726563,0,6.776582717895508
0.04705999791622162,0,-0.00000019265759476638777,0,-0.0031532421708106995,-0.000012136015357100405,0.09268452227115631,2070.713623046875,-2070.713623046875,116.1773681640625,0,6.776582717895508
0.047064997255802155,0,-0.00000021501509195331892,0,-0.004471499472856522,-0.000011376749171176925,0.15185317397117615,1769.1097412109375,-1769.1097412109375,100.3062744140625,0,6.776582717895508
0.04707000032067299,0,-0.0000002430038534839696,0,-0.005597749724984169,-0.000010362055036239326,0.2029387354850769,1375.4925537109375,-1375.4925537109375,79.56843566894531,0,6.776582717895508
0.047074999660253525,0,-0.0000002753709225089551,0,-0.006473415531218052,-0.00000914474185265135,0.24346259236335754,909.3289184570313,-909.3289184570313,54.99222183227539,0,6.776582717895508
0.04707999899983406,0,-0.00000031063248684404243,0,-0.007052312605082989,-0.000007787391950841993,0.27146992087364197,393.6837463378906,-393.6837463378906,27.79605484008789,0,6.776582717895508
0.0470849983394146,0,-0.0000003471471927696257,0,-0.0073029398918151855,-0.000006359260623867158,0.2856263220310211,145.9226531982422,145.9226531982422,-0.6719018220901489,0,6.776582717895508
0.04708999767899513,0,-0.00000038319740269798785,0,-0.007210042327642441,-0.0000049328400564263575,0.2852841317653656,682.7788696289063,682.7788696289063,-29.000566482543945,0,6.776582717895508
0.04709499701857567,0,-0.0000004170742613496259,0,-0.006775371730327606,-0.0000035802686397801153,0.27051427960395813,1190.3060302734375,1190.3060302734375,-55.78585433959961,0,6.776582717895508
0.0471000000834465,0,-0.0000004471622503388062,0,-0.006017599254846573,-0.000002369754838582594,0.24210277199745178,1643.37451171875,1643.37451171875,-79.70022583007813,0,6.776582717895508
0.04710499942302704,0,-0.00000047201922370732063,0,-0.004971394315361977,-0.0000013621960306409164,0.20151177048683167,2019.549072265625,2019.549072265625,-99.55850219726563,0,6.776582717895508
0.047109998762607574,0,-0.0000004904477464151569,0,-0.0036857093218714,-0.0000006081608034946839,0.15080705285072327,2300.20068359375,2300.20068359375,-114.37653350830078,0,6.776582717895508
0.04711499810218811,0,-0.0000005015545525566267,0,-0.0022213561460375786,-0.00000014538298387378745,0.09255556762218475,2471.428955078125,2471.428955078125,-123.42000579833984,0,6.776582717895508
0.047119997441768646,0,-0.0000005047945137448551,0,-0.0006479956209659576,0.0000000031084255169844255,0.029698282480239868,2524.751708984375,2524.751708984375,-126.2408218383789,0,6.776582717895508
0.04712500050663948,0,-0.0000004999979523745424,0,0.0009593111462891102,-0.00000016986976447697089,-0.034595638513565063,2457.5244140625,2457.5244140625,-122.69927215576172,0,6.776582717895508
0.047129999846220016,0,-0.0000004873788270742807,0,0.0025238196831196547,-0.0000006552991180797108,-0.0970858633518219,2273.071533203125,2273.071533203125,-112.97097778320313,0,6.776582717895508
0.04713499918580055,0,-0.00000046752433036090224,0,0.003970901947468519,-0.000001428406676495797,-0.15462151169776917,1980.5220947265625,1980.5220947265625,-97.5381851196289,0,6.776582717895508
0.04713999852538109,0,-0.00000044136561427876586,0,0.005231741350144148,-0.000002449893145239912,-0.20429730415344238,1594.35693359375,1594.35693359375,-77.16587829589844,0,6.776582717895508
0.047144997864961624,0,-0.00000041013191776073654,0,0.006246740464121103,-0.000003667880946522928,-0.24359756708145142,1133.6915283203125,1133.6915283203125,-52.863868713378906,0,6.776582717895508
0.04714999720454216,0,-0.0000003752895736397477,0,0.006968470755964518,-0.000005020485332352109,-0.2705209255218506,621.32861328125,621.32861328125,-25.83675765991211,0,6.776582717895508
0.047155000269412994,0,-0.00000033846947644633474,0,0.007364021148532629,-0.00000643888279228122,-0.2836794853210449,82.62875366210938,82.62875366210938,2.575732707977295,0,6.776582717895508
0.04715999960899353,0,-0.00000030138636475385283,0,0.0074166241101920605,-0.000007850720976421144,-0.28236764669418335,455.74639892578125,-455.74639892578125,30.96515655517578,0,6.776582717895508
0.047164998948574066,0,-0.0000002657539255324082,0,0.007126487325876951,-0.000009183707334159408,-0.2665972113609314,967.155029296875,-967.155029296875,57.92411804199219,0,6.776582717895508
0.0471699982881546,0,-0.0000002332000406113366,0,0.006510776933282614,-0.000010369190931669436,-0.23709671199321747,1426.2952880859375,-1426.2952880859375,82.11600494384766,0,6.776582717895508
0.04717499762773514,0,-0.0000002051861969221136,0,0.005602769088000059,-0.000011345568054821342,-0.19527538120746613,1810.458740234375,-1810.458740234375,102.34123992919922,0,6.776582717895508
0.047179996967315674,0,-0.0000001829352243021276,0,0.004450195003300905,-0.000012061334928148426,-0.14315341413021088,2100.6552734375,-2100.6552734375,117.5966567993164,0,6.776582717895508
0.04718500003218651,0,-0.00000016737084251872147,0,0.003112876322120428,-0.000012477644304453861,-0.08326193690299988,2282.5546875,-2282.5546875,127.12528991699219,0,6.776582717895508
0.047189999371767044,0,-0.00000015907205863641138,0,0.0016597569920122623,-0.000012570231774589047,-0.01851756125688553,2347.195556640625,-2347.195556640625,130.45376586914063,0,6.776582717895508
0.04719499871134758,0,-0.00000015824463162061875,0,0.0001654858933761716,-0.000012330621757428162,0.04792199283838272,2291.43017578125,-2291.43017578125,127.41590881347656,0,6.776582717895508
0.047199998050928116,0,-0.00000016471105368509598,0,-0.001293283887207508,-0.000011766549505409785,0.11281438171863556,2118.080078125,-2118.080078125,118.16082763671875,0,6.776582717895508
0.04720499739050865,0,-0.0000001779195315521065,0,-0.00264169555157423,-0.000010901583664235659,0.17299319803714752,1835.796142578125,-1835.796142578125,103.1456298828125,0,6.776582717895508
0.047210000455379486,0,-0.00000019697152708886279,0,-0.003810399677604437,-0.000009773959391168319,0.22552482783794403,1458.630126953125,-1458.630126953125,83.11271667480469,0,6.776582717895508
0.04721499979496002,0,-0.00000022066649307816988,0,-0.004738992545753717,-0.000008434690244030207,0.2678537964820862,1005.338134765625,-1005.338134765625,59.053043365478516,0,6.776582717895508
0.04721999913454056,0,-0.00000024756155880822917,0,-0.005379010457545519,-0.0000069450438786589075,0.2979292869567871,498.4512634277344,-498.4512634277344,32.156986236572266,0,6.776582717895508
0.047224998474121094,0,-0.0000002760432380455313,0,-0.005696334410458803,-0.000005373510703066131,0.31430667638778687,36.8404426574707,36.8404426574707,3.755385637283325,0,6.776582717895508
0.04722999781370163,0,-0.00000030440764930972364,0,-0.005672880914062262,-0.000003792414418057888,0.3162192702293396,573.9365234375,573.9365234375,-24.746395111083984,0,6.776582717895508
0.047234997153282166,0,-0.00000033094516993514844,0,-0.005307501647621393,-0.0000022743342924513854,0.3036160469055176,1086.14404296875,1086.14404296875,-51.93810272216797,0,6.776582717895508
0.047240000218153,0,-0.0000003540253885603306,0,-0.004616041202098131,-0.0000008885135684977286,0.27716416120529175,1548.000244140625,1548.000244140625,-76.47447967529297,0,6.776582717895508
0.047244999557733536,0,-0.00000037217816384327307,0,-0.003630553837865591,0.0000003025666046596598,0.23821604251861572,1936.5340576171875,1936.5340576171875,-97.14187622070313,0,6.776582717895508
0.04724999889731407,0,-0.0000003841667535198212,0,-0.002397717908024788,0.0000012462770655474742,0.18874210119247437,2232.404541015625,2232.404541015625,-112.9184341430664,0,6.776582717895508
0.04725499823689461,0,-0.0000003890493758262892,0,-0.0009765250142663717,0.0000019024430457648123,0.13123321533203125,2420.859130859375,2420.859130859375,-123.02467346191406,0,6.776582717895508
0.04725999757647514,0,-0.00000038622616216343886,0,0.000564641784876585,0.0000022453293695434695,0.06857725977897644,2492.464599609375,2492.464599609375,-126.96211242675781,0,6.776582717895508
0.04726500064134598,0,-0.00000037546919884334784,0,0.0021513940300792456,0.000002264909426230588,0.003915995359420776,2443.57470703125,2443.57470703125,-124.53801727294922,0,6.776582717895508
0.047269999980926514,0,-0.0000003569340947251476,0,0.003707022173330188,0.0000019673559563671006,-0.059510692954063416,2276.5107421875,2276.5107421875,-115.87487030029297,0,6.776582717895508
0.04727499932050705,0,-0.00000033115261999228096,0,0.005156293977051973,0.0000013747295497523737,-0.11852528154850006,1999.44677734375,1999.44677734375,-101.40435028076172,0,6.776582717895508
0.047279998660087585,0,-0.0000002990067287100828,0,0.006429180968552828,0.0000005238791800366016,-0.17017008364200592,1626.004638671875,1626.004638671875,-81.84593963623047,0,6.776582717895508
0.04728499799966812,0,-0.00000026168510203206097,0,0.00746432738378644,-0.0000005353901997295907,-0.21185387670993805,1174.5791015625,1174.5791015625,-58.17125701904297,0,6.776582717895508
0.04728999733924866,0,-0.00000022062465632188832,0,0.00821208767592907,-0.000001742791368997132,-0.2414802461862564,667.4265747070313,667.4265747070313,-31.55592155456543,0,6.776582717895508
0.04729500040411949,0,-0.00000017743973046435713,0,0.00863698497414589,-0.0000030305491236504167,-0.25755155086517334,129.5625,129.5625,-3.321302652359009,0,6.776582717895508
0.04729999974370003,0,-0.00000013384240560299077,0,0.008719466626644135,-0.000004326764610596001,-0.25924307107925415,412.4779968261719,-412.4779968261719,25.13094711303711,0,6.776582717895508
0.04730499908328056,0,-0.00000009155803581961663,0,0.008456874638795853,-0.000005558984412346035,-0.2464439868927002,931.954833984375,-931.954833984375,52.38835525512695,0,6.776582717895508
0.0473099984228611,0,-0.000000052240167747186206,0,0.007863573729991913,-0.0000066577986217453144,-0.21976283192634583,1403.2476806640625,-1403.2476806640625,77.09759521484375,0,6.776582717895508
0.047314997762441635,0,-0.00000001738897381642346,0,0.006970238871872425,-0.000007560285212093731,-0.18049734830856323,1803.1253662109375,-1803.1253662109375,98.03157043457031,0,6.776582717895508
0.04731999710202217,0,0.00000001172269215032884,0,0.005822333507239819,-0.00000821313642518362,-0.13057029247283936,2111.896484375,-2111.896484375,114.15017700195313,0,6.776582717895508
0.047325000166893005,0,0.000000034111984348328406,0,0.004477858543395996,-0.00000857530721987132,-0.07243408262729645,2314.385498046875,-2314.385498046875,124.65188598632813,0,6.776582717895508
0.04732999950647354,0,0.00000004913435702746938,0,0.0030044750310480595,-0.000008620054359198548,-0.0089493989944458,2400.68408203125,-2400.68408203125,129.013427734375,0,6.776582717895508
0.04733499884605408,0,0.00000005651511969517742,0,0.0014761523343622684,-0.000008336271093867254,0.05675659328699112,2366.64208984375,-2366.64208984375,127.0157241821289,0,6.776582717895508
0.04733999818563461,0,0.000000056362626565942264,0,-0.000030498835258185863,-0.000007729045137239154,0.12144516408443451,2214.0732421875,-2214.0732421875,118.75475311279297,0,6.776582717895508
0.04734499752521515,0,0.00000004916251938880123,0,-0.001440021675080061,-0.000006819412647018908,0.18192647397518158,1950.6646728515625,-1950.6646728515625,104.63678741455078,0,6.776582717895508
0.04735000059008598,0,0.000000035753252802805946,0,-0.002681853249669075,-0.000005643325039272895,0.23521755635738373,1589.596435546875,-1589.596435546875,85.35828399658203,0,6.776582717895508
0.04735499992966652,0,0.000000017284143893903092,0,-0.0036938218399882317,-0.000004249874109518714,0.2786901593208313,1148.88818359375,-1148.88818359375,61.871360778808594,0,6.776582717895508
0.047359999269247055,0,-0.000000004841989920123524,0,-0.0044252267107367516,-0.0000026988691388396546,0.3102009892463684,650.5062255859375,-650.5062255859375,35.336631774902344,0,6.776582717895508
0.04736499860882759,0,-0.000000029038746518494918,0,-0.004839351400732994,-0.0000010578802402960719,0.32819777727127075,119.27521514892578,-119.27521514892578,7.0657196044921875,0,6.776582717895508
0.04736999794840813,0,-0.000000053615167416865006,0,-0.004915283992886543,0.0000006011014193063602,0.3317963480949402,418.3523254394531,418.3523254394531,-21.543764114379883,0,6.776582717895508
0.04737499728798866,0,-0.0000000768599335287945,0,-0.00464895274490118,0.0000022052222448110115,0.32082420587539673,935.6063842773438,935.6063842773438,-49.07742691040039,0,6.776582717895508
0.0473800003528595,0,-0.00000009712657345062325,0,-0.004053327254951,0.0000036843687212240184,0.29582929611206055,1406.7261962890625,1406.7261962890625,-74.1741943359375,0,6.776582717895508
0.04738499969244003,0,-0.00000011291545831682015,0,-0.003157777711749077,0.000004974632247467525,0.2580527067184448,1808.236572265625,1808.236572265625,-95.59373474121094,0,6.776582717895508
0.04738999903202057,0,-0.0000001229485491194282,0,-0.002006618771702051,0.000006021468379913131,0.20936721563339233,2120.111083984375,2120.111083984375,-112.27791595458984,0,6.776582717895508
0.047394998371601105,0,-0.00000012623311818060756,0,-0.0006569141987711191,0.00000678239121043589,0.15218454599380493,2326.7646484375,2326.7646484375,-123.40322875976563,0,6.776582717895508
0.04739999771118164,0,-0.00000012211137345730094,0,0.0008243501652032137,0.000007229070433822926,0.08933579921722412,2417.82568359375,2417.82568359375,-128.42156982421875,0,6.776582717895508
0.047404997050762177,0,-0.00000011029344193502766,0,0.0023635858669877052,0.000007348726740019629,0.023931235074996948,2388.650146484375,2388.650146484375,-127.08743286132813,0,6.776582717895508
0.04741000011563301,0,-0.00000009087220576020627,0,0.0038842479698359966,0.00000714475754648447,-0.04079385846853256,2240.551513671875,2240.551513671875,-119.47003936767578,0,6.776582717895508
0.04741499945521355,0,-0.00000006431906740544946,0,0.005310627166181803,0.000006636560101469513,-0.10163944959640503,1980.736572265625,1980.736572265625,-105.94991302490234,0,6.776582717895508
0.04741999879479408,0,-0.00000003146105242990416,0,0.0065716034732759,0.000005858563781657722,-0.15559929609298706,1621.9473876953125,1621.9473876953125,-87.20004272460938,0,6.776582717895508
0.04742499813437462,0,0.000000006559783827242427,0,0.007604167331010103,0.00000485851433040807,-0.20000991225242615,1181.830810546875,1181.830810546875,-64.15249633789063,0,6.776582717895508
0.047429997473955154,0,0.00000004834250333374257,0,0.008356544189155102,0.000003695101895573316,-0.2326824963092804,682.0640869140625,682.0640869140625,-37.9522705078125,0,6.776582717895508
0.04743500053882599,0,0.0000000922963039329261,0,0.008790760301053524,0.000002435044734738767,-0.25201141834259033,147.28082275390625,147.28082275390625,-9.90054702758789,0,6.776582717895508
0.047439999878406525,0,0.0000001367189099710231,0,0.008884522132575512,0.0000011497761533973971,-0.2570537328720093,396.14935302734375,-396.14935302734375,18.609785079956055,0,6.776582717895508
0.04744499921798706,0,0.00000017988054423767608,0,0.008632325567305088,-0.000000088102979134419,-0.24757583439350128,921.4273071289063,-921.4273071289063,46.16313934326172,0,6.776582717895508
0.047449998557567596,0,0.00000022010917177794909,0,0.008045726455748081,-0.0000012084286709068692,-0.2240651398897171,1402.65185546875,-1402.65185546875,71.39137268066406,0,6.776582717895508
0.04745499789714813,0,0.00000025587303298379993,0,0.007152770645916462,-0.0000021469577404786833,-0.18770581483840942,1816.1033935546875,-1816.1033935546875,93.04158020019531,0,6.776582717895508
0.04745999723672867,0,0.00000028585606060005375,0,0.0059966035187244415,-0.000002848558324330952,-0.14032012224197388,2141.418701171875,-2141.418701171875,110.0381851196289,0,6.776582717895508
0.0474650003015995,0,0.0000003090227380653232,0,0.004633334465324879,-0.0000032699490475351922,-0.08427813649177551,2362.599853515625,-2362.599853515625,121.53619384765625,0,6.776582717895508
0.04746999964118004,0,0.00000032466903121530777,0,0.0031292568892240524,-0.0000033818503197835525,-0.02238026261329651,2468.806640625,-2468.806640625,126.96308898925781,0,6.776582717895508
0.047474998980760574,0,0.00000033245686381633277,0,0.0015575657598674297,-0.0000031704428238299442,0.04228150099515915,2454.893798828125,-2454.893798828125,126.04723358154297,0,6.776582717895508
0.04747999832034111,0,0.0000003324305168916908,0,-0.000005268258973956108,-0.0000026380587314633885,0.10647682845592499,2321.666015625,-2321.666015625,118.83128356933594,0,6.776582717895508
0.047484997659921646,0,0.00000032501407076779287,0,-0.0014832867309451103,-0.0000018030732462648302,0.16699708998203278,2075.83740234375,-2075.83740234375,105.67007446289063,0,6.776582717895508
0.04748999699950218,0,0.0000003109900319486769,0,-0.002804805990308523,-0.000000699001134307764,0.22081442177295685,1729.69921875,-1729.69921875,87.21308898925781,0,6.776582717895508
0.047495000064373016,0,0.00000029146019642212195,0,-0.003905966877937317,0.0000006271571919569396,0.2652316689491272,1300.510498046875,-1300.510498046875,64.37223815917969,0,6.776582717895508
0.04749999940395355,0,0.0000002677907104953192,0,-0.0047338977456092834,0.0000021172381821088493,0.29801619052886963,809.6428833007813,-809.6428833007813,38.27668762207031,0,6.776582717895508
0.04750499874353409,0,0.00000024154405764420517,0,-0.005249332636594772,0.0000037047898331366014,0.31751036643981934,281.5216369628906,-281.5216369628906,10.216925621032715,0,6.776582717895508
0.047509998083114624,0,0.0000002144012825056052,0,-0.005428554490208626,0.00000531835848960327,0.32271379232406616,257.58447265625,257.58447265625,-18.41918182373047,0,6.776582717895508
0.04751499742269516,0,0.00000018807843105150823,0,-0.005264570936560631,0.000006885023140057456,0.3133329749107361,780.8649291992188,780.8649291992188,-46.21514892578125,0,6.776582717895508
0.047520000487565994,0,0.0000001642411433522284,0,-0.004767457023262978,0.00000833400190458633,0.28979581594467163,1262.296142578125,1262.296142578125,-71.79605865478516,0,6.776582717895508
0.04752499982714653,0,0.0000001444218753476889,0,-0.003963854163885117,0.00000960015404416481,0.25323039293289185,1677.930419921875,1677.930419921875,-93.89668273925781,0,6.776582717895508
0.047529999166727066,0,0.00000012994362919016567,0,-0.002895650453865528,0.000010627200026647188,0.2054091989994049,2007.0831298828125,2007.0831298828125,-111.42415618896484,0,6.776582717895508
0.0475349985063076,0,0.00000012185412856524636,0,-0.0016179016092792153,0.000011370506399543956,0.14866134524345398,2233.357421875,2233.357421875,-123.51214599609375,0,6.776582717895508
0.04753999784588814,0,0.00000012087362222246156,0,-0.00019610219169408083,0.000011799292224168312,0.08575712144374847,2345.456298828125,2345.456298828125,-129.56375122070313,0,6.776582717895508
0.047544997185468674,0,0.0000001273589305128553,0,0.001297061680816114,0.000011898146112798713,0.019770845770835876,2337.743408203125,2337.743408203125,-129.28106689453125,0,6.776582717895508
0.04755000025033951,0,0.0000001412855112903344,0,0.0027853152714669704,0.000011667789294733666,-0.046071454882621765,2210.521240234375,2210.521240234375,-122.68000793457031,0,6.776582717895508
0.047554999589920044,0,0.00000016224839782807976,0,0.004192576743662357,0.000011125030141556635,-0.10855187475681305,1970.0169677734375,1970.0169677734375,-110.08942413330078,0,6.776582717895508
0.04755999892950058,0,0.00000018948203717172873,0,0.005446728318929672,0.000010301930160494521,-0.16461996734142303,1628.0738525390625,1628.0738525390625,-92.13487243652344,0,6.776582717895508
0.047564998269081116,0,0.00000022189800574778928,0,0.006483192555606365,0.00000924421055970015,-0.21154387295246124,1201.564208984375,1201.564208984375,-69.70760345458984,0,6.776582717895508
0.04756999760866165,0,0.0000002581386695510446,0,0.007248132489621639,0.000008008982149476651,-0.24704565107822418,711.5538330078125,711.5538330078125,-43.92038345336914,0,6.776582717895508
0.04757499694824219,0,0.0000002966442593788088,0,0.007701121270656586,0.000006661911356786732,-0.26941412687301636,182.25816345214844,182.25816345214844,-16.052400588989258,0,6.776582717895508
0.04758000001311302,0,0.0000003357300215611758,0,0.007817150093615055,0.000005273963324725628,-0.2775895595550537,360.1575622558594,-360.1575622558594,12.514166831970215,0,6.776582717895508
0.04758499935269356,0,0.0000003736693656719581,0,0.007587866857647896,0.000003917882622772595,-0.27121615409851074,888.8743896484375,-888.8743896484375,40.36259460449219,0,6.776582717895508
0.047589998692274094,0,0.0000004087793286089436,0,0.007021991536021233,0.0000026645843718142714,-0.25065964460372925,1377.7486572265625,-1377.7486572265625,66.11182403564453,0,6.776582717895508
0.04759499803185463,0,0.00000043950376493739896,0,0.006144889630377293,0.0000015796385923749767,-0.2169891595840454,1802.6072998046875,-1802.6072998046875,88.48490905761719,0,6.776582717895508
0.047599997371435165,0,0.00000046449034130091604,0,0.0049973139539361,0.0000007200177378763328,-0.1719241738319397,2142.4453125,-2142.4453125,106.37225341796875,0,6.776582717895508
0.047605000436306,0,0.0000004826572990168643,0,0.003633391112089157,0.00000013127157671988243,-0.11774923652410507,2380.466552734375,-2380.466552734375,118.88658905029297,0,6.776582717895508
0.047609999775886536,0,0.0000004932470005769574,0,0.0021179388277232647,-0.00000015473239045604714,-0.05720079690217972,2504.916015625,-2504.916015625,125.406982421875,0,6.776582717895508
0.04761499911546707,0,0.0000004958632757734449,0,0.0005232598050497472,-0.000000121390144158795,0.006668448448181152,2509.661865234375,-2509.661865234375,125.60954284667969,0,6.776582717895508
0.04761999845504761,0,0.0000004904910611003288,0,-0.0010744405444711447,0.00000023181416963780066,0.07064086198806763,2394.499755859375,-2394.499755859375,119.4835205078125,0,6.776582717895508
0.04762499779462814,0,0.0000004774969397658424,0,-0.0025988263078033924,0.000000889280727278674,0.13149331510066986,2165.162353515625,-2165.162353515625,107.331787109375,0,6.776582717895508
0.04762999713420868,0,0.0000004576108949549962,0,-0.003977211657911539,0.0000018200653357780538,0.18615694344043732,1833.035888671875,-1833.035888671875,89.75588989257813,0,6.776582717895508
0.047635000199079514,0,0.00000043189010057176347,0,-0.005144158843904734,0.000002979411419801181,0.23186923563480377,1414.5953369140625,-1414.5953369140625,67.62621307373047,0,6.776582717895508
0.04763999953866005,0,0.0000004016665116068907,0,-0.006044717971235514,0.0000043109662328788545,0.26631098985671997,930.588623046875,-930.588623046875,42.038841247558594,0,6.776582717895508
0.047644998878240585,0,0.0000003684807552417624,0,-0.006637149024754763,0.0000057495722103340086,0.2877212166786194,405.0083312988281,-405.0083312988281,14.261279106140137,0,6.776582717895508
0.04764999821782112,0,0.00000033400581855858036,0,-0.006894985679537058,0.000007224494311230956,0.2949844002723694,136.0968017578125,136.0968017578125,-14.330355644226074,0,6.776582717895508
0.04765499755740166,0,0.00000029996408557053655,0,-0.006808343809098005,0.000008662924301461317,0.28768599033355713,665.9129028320313,665.9129028320313,-42.31952667236328,0,6.776582717895508
0.04766000062227249,0,0.0000002680420436718123,0,-0.0063844104297459126,0.000009993588719225954,0.26613283157348633,1158.189208984375,1158.189208984375,-68.31945037841797,0,6.776582717895508
0.04766499996185303,0,0.00000023980661012501514,0,-0.0056470842100679874,0.000011150278623972554,0.2313380241394043,1588.538818359375,1588.538818359375,-91.04181671142578,0,6.776582717895508
0.04766999930143356,0,0.00000021662766869212646,0,-0.004635788965970278,0.000012075132872269023,0.18497079610824585,1935.6470947265625,1935.6470947265625,-109.3606185913086,0,6.776582717895508
0.0476749986410141,0,0.00000019961008490554377,0,-0.003403517883270979,0.000012721502571366727,0.1292738914489746,2182.327392578125,2182.327392578125,-122.36793518066406,0,6.776582717895508
0.047679997980594635,0,0.00000018953906533170084,0,-0.002014205325394869,0.000013056264833721798,0.0669524222612381,2316.373046875,2316.373046875,-129.41893005371094,0,6.776582717895508
0.04768499732017517,0,0.0000001868412766725669,0,-0.0005395564367063344,0.000013061464414931834,0.0010399073362350464,2331.161865234375,2331.161865234375,-130.16378784179688,0,6.776582717895508
0.047690000385046005,0,0.0000001915638137006681,0,0.0009445072500966489,0.000012735205018543638,-0.06525196135044098,2225.984130859375,2225.984130859375,-124.56504821777344,0,6.776582717895508
0.04769499972462654,0,0.00000020337188288976904,0,0.0023616128601133823,0.000012091742974007502,-0.1286924183368683,2006.0782470703125,2006.0782470703125,-112.89948272705078,0,6.776582717895508
0.04769999906420708,0,0.000000221565500169163,0,0.003638722002506256,0.000011160785106767435,-0.1861916482448578,1682.37060546875,1682.37060546875,-95.74434661865234,0,6.776582717895508
0.04770499840378761,0,0.00000024511425067430537,0,0.0047097522765398026,0.000009986016266338993,-0.2349538505077362,1270.9345703125,1270.9345703125,-73.9488296508789,0,6.776582717895508
0.04770999774336815,0,0.000000272708518878062,0,0.005518854595720768,0.000008622937457403168,-0.2726157009601593,792.193603515625,792.193603515625,-48.5919075012207,0,6.776582717895508
0.047714997082948685,0,0.000000302824417985903,0,0.0060231806710362434,0.000007136120530049084,-0.29736337065696716,269.90985107421875,269.90985107421875,-20.928953170776367,0,6.776582717895508
0.04772000014781952,0,0.0000003337994769481156,0,0.006195010617375374,0.0000055960085774131585,-0.3080224096775055,269.9934387207031,-269.9934387207031,7.670495510101318,0,6.776582717895508
0.047724999487400055,0,0.0000003639151202605717,0,0.00602312758564949,0.0000040754293877398595,-0.3041158616542816,800.7164306640625,-800.7164306640625,35.790584564208984,0,6.776582717895508
0.04772999882698059,0,0.00000039148198993643746,0,0.005513375625014305,0.000002645990207383875,-0.28588786721229553,1295.91064453125,-1295.91064453125,62.03929138183594,0,6.776582717895508
0.04773499816656113,0,0.0000004149238463924121,0,0.00468837283551693,0.0000013745327578362776,-0.25429150462150574,1730.984375,-1730.984375,85.1174087524414,0,6.776582717895508
0.04773999750614166,0,0.00000043285581341478974,0,0.003586393781006336,0.00000031982506243366515,-0.21094155311584473,2084.321044921875,-2084.321044921875,103.88290405273438,0,6.776582717895508
0.0477450005710125,0,0.00000044415318711799046,0,0.002259473782032728,-0.0000004703470040112734,-0.15803441405296326,2338.350830078125,-2338.350830078125,117.40748596191406,0,6.776582717895508
0.04774999991059303,0,0.0000004480073414470098,0,0.0007708333432674408,-0.000000961543378252827,-0.09823927283287048,2480.420654296875,-2480.420654296875,125.02264404296875,0,6.776582717895508
0.04775499925017357,0,0.0000004439660870048101,0,-0.0008082514395937324,-0.0000011343721553203068,-0.0345657616853714,2503.421630859375,-2503.421630859375,126.35272216796875,0,6.776582717895508
0.047759998589754105,0,0.00000043195618104618916,0,-0.002401979174464941,-0.00000098544637694431,0.029785148799419403,2406.140625,-2406.140625,121.33353424072266,0,6.776582717895508
0.04776499792933464,0,0.00000041228730651710066,0,-0.003933775704354048,-0.0000005275473995425273,0.09157980233430862,2193.321533203125,-2193.321533203125,110.21560668945313,0,6.776582717895508
0.047769997268915176,0,0.00000038563686644010886,0,-0.005330087151378393,0.0000002110132868438086,0.14771214127540588,1875.42919921875,-1875.42919921875,93.5516586303711,0,6.776582717895508
0.04777500033378601,0,0.00000035301675893606443,0,-0.006524022202938795,0.000001187801444757497,0.19535762071609497,1468.131591796875,-1468.131591796875,72.16928100585938,0,6.776582717895508
0.04777999967336655,0,0.00000031572344028063526,0,-0.007458664011210203,0.0000023483671611757018,0.23211312294006348,991.5236206054688,-991.5236206054688,47.129966735839844,0,6.776582717895508
0.04778499901294708,0,0.00000027527400447979744,0,-0.008089887909591198,0.000003628948206824134,0.25611621141433716,469.1311950683594,-469.1311950683594,19.67640495300293,0,6.776582717895508
0.04778999835252762,0,0.00000023333127785463148,0,-0.008388546295464039,0.00000495963467983529,0.2661373019218445,73.25406646728516,73.25406646728516,-8.82898998260498,0,6.776582717895508
0.047794997692108154,0,0.00000019162172293363255,0,-0.008341911248862743,0.000006267838216444943,0.261640727519989,608.852783203125,608.852783203125,-36.97163772583008,0,6.776582717895508
0.04779999703168869,0,0.00000015185020174612873,0,-0.007954304106533527,0.00000748189449950587,0.24281121790409088,1111.224365234375,1111.224365234375,-63.3548583984375,0,6.776582717895508
0.047805000096559525,0,0.00000011561581914065755,0,-0.007246877066791058,0.000008534618245903403,0.21054485440254211,1555.577392578125,1555.577392578125,-86.66909790039063,0,6.776582717895508
0.04780999943614006,0,0.00000008433299569787778,0,-0.006256565451622009,0.000009366641279484611,0.1664046347141266,1919.997314453125,1919.997314453125,-105.75679016113281,0,6.776582717895508
0.047814998775720596,0,0.000000059161706644772494,0,-0.005034257657825947,0.000009929356565407943,0.11254314333200455,2186.53271484375,2186.53271484375,-119.66971588134766,0,6.776582717895508
0.04781999811530113,0,0.00000004095036842954869,0,-0.0036422675475478172,0.000010187335647060536,0.05159585922956467,2342.084228515625,2342.084228515625,-127.71601867675781,0,6.776582717895508
0.04782499745488167,0,0.00000003019411565219343,0,-0.002151250373572111,0.000010120088518306147,-0.013449372723698616,2379.0537109375,2379.0537109375,-129.49444580078125,0,6.776582717895508
0.0478300005197525,0,0.00000002701062662424647,0,-0.0006366977468132973,0.00000972308680502465,-0.07940034568309784,2295.720703125,2295.720703125,-124.91425323486328,0,6.776582717895508
0.04783499985933304,0,0.00000003113464330795068,0,0.000824803370051086,0.00000900799386727158,-0.14301864802837372,2096.327392578125,2096.327392578125,-114.19969940185547,0,6.776582717895508
0.047839999198913574,0,0.00000004193147873365888,0,0.002159366849809885,0.000008002093636605423,-0.20118007063865662,1790.8681640625,1790.8681640625,-97.8789291381836,0,6.776582717895508
0.04784499853849411,0,0.000000058428824445400096,0,0.0032994691282510757,0.000006746946382918395,-0.2510294020175934,1394.5947265625,1394.5947265625,-76.75780487060547,0,6.776582717895508
0.047849997878074646,0,0.00000007936530010965726,0,0.004187295679003,0.000005296337349136593,-0.29012182354927063,927.2600708007813,927.2600708007813,-51.88002014160156,0,6.776582717895508
0.04785499721765518,0,0.00000010325334187655244,0,0.004777607973664999,0.0000037136169339646585,-0.3165440857410431,412.1397399902344,412.1397399902344,-24.475337982177734,0,6.776582717895508
0.047860000282526016,0,0.00000012845326580190886,0,0.00503998389467597,0.000002068570665869629,-0.3290092647075653,125.12139892578125,-125.12139892578125,4.101308822631836,0,6.776582717895508
0.04786499962210655,0,0.00000015325491631301702,0,0.004960328806191683,0.00000043396835280873347,-0.3269204795360565,657.7802124023438,-657.7802124023438,32.43696212768555,0,6.776582717895508
0.04786999896168709,0,0.00000017596278212295147,0,0.0045415726490318775,-0.0000011180338788108202,-0.31040045619010925,1159.320068359375,-1159.320068359375,59.13062286376953,0,6.776582717895508
0.047874998301267624,0,0.0000001949804158130064,0,0.0038035265170037746,-0.000002519461304473225,-0.280285507440567,1604.76513671875,-1604.76513671875,82.8626937866211,0,6.776582717895508
0.04787999764084816,0,0.00000020888992935397255,0,0.0027819015085697174,-0.0000037098807297297753,-0.2380838841199875,1971.91748046875,-1971.91748046875,102.46033477783203,0,6.776582717895508
0.047884996980428696,0,0.0000002165226220540717,0,0.0015265397960320115,-0.000004639387043425813,-0.18590126931667328,2242.45751953125,-2242.45751953125,116.95557403564453,0,6.776582717895508
0.04789000004529953,0,0.00000021701735875012673,0,0.00009894708637148142,-0.000005271068403089885,-0.12633629143238068,2402.8515625,-2402.8515625,125.6332778930664,0,6.776582717895508
0.047894999384880066,0,0.0000002098635860647846,0,-0.001430755597539246,-0.0000055828272707003634,-0.06235179305076599,2445.0224609375,-2445.0224609375,128.0665740966797,0,6.776582717895508
0.0478999987244606,0,0.00000019492705405355082,0,-0.0029873051680624485,-0.000005568467258854071,0.002871975302696228,2366.749755859375,-2366.749755859375,124.13797760009766,0,6.776582717895508
0.04790499806404114,0,0.0000001724569358430017,0,-0.004494024906307459,-0.000005237992809270509,0.06609492003917694,2171.780517578125,-2171.780517578125,114.04527282714844,0,6.776582717895508
0.047909997403621674,0,0.00000014307381945855013,0,-0.005876623559743166,-0.0000046171044232323766,0.12417769432067871,1869.642822265625,-1869.642822265625,98.2916259765625,0,6.776582717895508
0.04791500046849251,0,0.00000010773944580932948,0,-0.007066875230520964,-0.000003745918547792826,0.1742371916770935,1475.1744384765625,-1475.1744384765625,77.66072082519531,0,6.776582717895508
0.047919999808073044,0,0.00000006770944338541085,0,-0.008006000891327858,-0.000002676971234905068,0.2137894630432129,1007.78759765625,-1007.78759765625,53.177894592285156,0,6.776582717895508
0.04792499914765358,0,0.000000024471553672356094,0,-0.008647577837109566,-0.0000014726075505677727,0.24087274074554443,490.5072326660156,-490.5072326660156,26.059328079223633,0,6.776582717895508
0.047929998487234116,0,-0.00000002032766843740319,0,-0.008959844708442688,-0.00000020188440430501942,0.2541446387767792,51.16963195800781,51.16963195800781,-2.3481853008270264,0,6.776582717895508
0.04793499782681465,0,-0.00000006496401283584419,0,-0.008927268907427788,0.0000010628592690409278,0.25294873118400574,590.5372924804688,590.5372924804688,-30.634010314941406,0,6.776582717895508
0.04793999716639519,0,-0.0000001077206235322592,0,-0.008551321923732758,0.0000022495939902000828,0.23734694719314575,1101.0040283203125,1101.0040283203125,-57.39352798461914,0,6.776582717895508
0.04794500023126602,0,-0.00000014697262429308466,0,-0.007850401103496552,0.000003290177119197324,0.20811665058135986,1557.4097900390625,1557.4097900390625,-81.29776000976563,0,6.776582717895508
0.04794999957084656,0,-0.0000001812672394407855,0,-0.006858923472464085,0.000004123737198824529,0.16671204566955566,1937.27294921875,1937.27294921875,-101.15921020507813,0,6.776582717895508
0.047954998910427094,0,-0.000000209395324191064,0,-0.005625617690384388,0.00000469969745608978,0.11519208550453186,2221.903564453125,2221.903564453125,-115.99069213867188,0,6.776582717895508
0.04795999825000763,0,-0.00000023045087971240719,0,-0.004211110062897205,0.000004980290214007255,0.056118518114089966,2397.329345703125,2397.329345703125,-125.05427551269531,0,6.776582717895508
0.047964997589588165,0,-0.0000002438754904687812,0,-0.0026849228888750076,0.000004942434770782711,-0.007571101188659668,2454.988525390625,2454.988525390625,-127.89779663085938,0,6.776582717895508
0.0479699969291687,0,-0.0000002494856232715392,0,-0.0011220285668969154,0.0000045788901843479834,-0.07270891219377518,2392.153076171875,2392.153076171875,-124.37733459472656,0,6.776582717895508
0.047974999994039536,0,-0.0000002474812959007977,0,0.00040086338412947953,0.000003898621343978448,-0.13605377078056335,2212.064208984375,2212.064208984375,-114.66427612304688,0,6.776582717895508
0.04797999933362007,0,-0.00000023843574581405846,0,0.0018091071397066116,0.00000292636241283617,-0.19445180892944336,1923.771728515625,1923.771728515625,-99.23688507080078,0,6.776582717895508
0.04798499867320061,0,-0.0000002232666531654104,0,0.0030338182114064693,0.0000017013987871905556,-0.24499273300170898,1541.6854248046875,1541.6854248046875,-78.8565673828125,0,6.776582717895508
0.04798999801278114,0,-0.0000002031902255339446,0,0.004015285521745682,0.0000002756286221483606,-0.2851540446281433,1084.8607177734375,1084.8607177734375,-54.5301513671875,0,6.776582717895508
0.04799499735236168,0,-0.00000017966057441753946,0,0.004705929197371006,-0.0000012890012612842838,-0.3129259943962097,576.0550537109375,576.0550537109375,-27.46004295349121,0,6.776582717895508
0.04800000041723251,0,-0.0000001542972825063771,0,0.005072657018899918,-0.000002923557531175902,-0.3269112706184387,40.599578857421875,40.599578857421875,1.015393853187561,0,6.776582717895508
0.04800000041723251,0,-0.00000012880477129328938,0,0.005098503082990646,-0.000004555527993943542,-0.32639414072036743,494.855712890625,-494.855712890625,29.488128662109375,0,6.776582717895508
