Timestamp,X Position,Y Position,X Velocity,Y Velocity,Rotation,Rotation Velocity,Data1,Data2,Data3,Data4,FPS
0.026999998837709427,0,0,0,0,0,0,0,0,0,0,7.248688220977783
0.027005000039935112,0.000000004999999969612645,0.000000004999999969612645,0.0010000000474974513,0.0010000000474974513,0,0,25,-24.999998092651367,1.2499998807907104,0,52.826202392578125
0.027009999379515648,0.00000000999999993922529,0.00000000999999993922529,0.0010000000474974513,0.0010000000474974513,0,0,50.000003814697266,-49.999996185302734,2.499999761581421,0,52.826202392578125
0.027014998719096184,0.000000014999999464748726,0.000000014999999464748726,0.0010000000474974513,0.0010000000474974513,0,0,75.00000762939453,-74.99999237060547,3.749999761581421,0,52.826202392578125
0.02701999992132187,0.00000001999999987845058,0.00000001999999987845058,0.0010000000474974513,0.0010000000474974513,0,0,100.00000762939453,-99.99998474121094,4.999999523162842,0,52.826202392578125
0.027024999260902405,0.000000025000000292152436,0.000000025000000292152436,0.0010000000474974513,0.0010000000474974513,0,0,125.00001525878906,-124.9999771118164,6.249999046325684,0,52.826202392578125
0.02702999860048294,0.00000002999999892949745,0.00000002999999892949745,0.0010000000474974513,0.0010000000474974513,0,0,150.00001525878906,-149.99996948242188,7.499998569488525,0,52.826202392578125
0.027034999802708626,0.000000034999999343199306,0.000000034999999343199306,0.0010000000474974513,0.0010000000474974513,0,0,175.00003051757813,-174.9999542236328,8.749998092651367,0,52.826202392578125
0.02703999914228916,0.00000003999999975690116,0.00000003999999975690116,0.0010000000474974513,0.0010000000474974513,0,0,200.00003051757813,-199.99993896484375,9.99999713897705,0,52.826202392578125
0.027044998481869698,0.000000045000000170603016,0.000000045000000170603016,0.0010000000474974513,0.0010000000474974513,0,0,225.0000457763672,-224.9999237060547,11.249996185302734,0,52.826202392578125
0.027049999684095383,0.00000005000000058430487,0.00000005000000058430487,0.0010000000474974513,0.0010000000474974513,0,0,250.0000762939453,-249.99990844726563,12.499995231628418,0,52.826202392578125
0.02705499902367592,0.000000055000000998006726,0.000000055000000998006726,0.0010000000474974513,0.0010000000474974513,0,0,275.0000915527344,-274.9998779296875,13.749994277954102,0,52.826202392578125
0.027060000225901604,0.0000000599999978589949,0.0000000599999978589949,0.0010000000474974513,0.0010000000474974513,0,0,300.0000915527344,-299.9998474121094,14.999992370605469,0,52.826202392578125
0.02706499956548214,0.00000006499999471998308,0.00000006499999471998308,0.0010000000474974513,0.0010000000474974513,0,0,325.0000915527344,-324.99981689453125,16.249990463256836,0,52.826202392578125
0.027069998905062675,0.00000006999999158097125,0.00000006999999158097125,0.0010000000474974513,0.0010000000474974513,0,0,350.00006103515625,-349.9997863769531,17.499990463256836,0,52.826202392578125
0.02707500010728836,0.00000007499998844195943,0.00000007499998844195943,0.0010000000474974513,0.0010000000474974513,0,0,375.0000915527344,-374.999755859375,18.749988555908203,0,52.826202392578125
0.027079999446868896,0.00000007999998530294761,0.00000007999998530294761,0.0010000000474974513,0.0010000000474974513,0,0,400.0000915527344,-399.9997253417969,19.99998664855957,0,52.826202392578125
0.027084998786449432,0.00000008499998216393578,0.00000008499998216393578,0.0010000000474974513,0.0010000000474974513,0,0,425.0000915527344,-424.99969482421875,21.249984741210938,0,52.826202392578125
0.027089999988675117,0.00000008999997902492396,0.00000008999997902492396,0.0010000000474974513,0.0010000000474974513,0,0,450.0000915527344,-449.9996643066406,22.499982833862305,0,52.826202392578125
0.027094999328255653,0.00000009499997588591214,0.00000009499997588591214,0.0010000000474974513,0.0010000000474974513,0,0,475.0000915527344,-474.9996337890625,23.749982833862305,0,52.826202392578125
0.02709999866783619,0.00000009999997274690031,0.00000009999997274690031,0.0010000000474974513,0.0010000000474974513,0,0,500.0000915527344,-499.9996032714844,24.999980926513672,0,52.826202392578125
0.027104999870061874,0.00000010499996960788849,0.00000010499996960788849,0.0010000000474974513,0.0010000000474974513,0,0,525.0001220703125,-524.9995727539063,26.24997901916504,0,52.826202392578125
0.02710999920964241,0.00000010999996646887666,0.00000010999996646887666,0.0010000000474974513,0.0010000000474974513,0,0,550.0001831054688,-549.9995727539063,27.49997901916504,0,52.826202392578125
0.027114998549222946,0.00000011499996332986484,0.00000011499996332986484,0.0010000000474974513,0.0010000000474974513,0,0,575.0001831054688,-574.9995727539063,28.74997901916504,0,52.826202392578125
0.02711999975144863,0.00000011999996729628037,0.00000011999996729628037,0.0010000000474974513,0.0010000000474974513,0,0,600.0001831054688,-599.9995727539063,29.99997901916504,0,52.826202392578125
0.027124999091029167,0.0000001249999712626959,0.0000001249999712626959,0.0010000000474974513,0.0010000000474974513,0,0,625.0001831054688,-624.99951171875,31.249975204467773,0,52.826202392578125
0.027129998430609703,0.00000012999997522911144,0.00000012999997522911144,0.0010000000474974513,0.0010000000474974513,0,0,650.0003051757813,-649.9994506835938,32.49997329711914,0,52.826202392578125
0.027134999632835388,0.00000013499997919552698,0.00000013499997919552698,0.0010000000474974513,0.0010000000474974513,0,0,675.0003051757813,-674.9993896484375,33.749969482421875,0,52.826202392578125
0.027139998972415924,0.0000001399999831619425,0.0000001399999831619425,0.0010000000474974513,0.0010000000474974513,0,0,700.0004272460938,-699.9993286132813,34.99996566772461,0,52.826202392578125
0.02714500017464161,0.00000014499998712835804,0.00000014499998712835804,0.0010000000474974513,0.0010000000474974513,0,0,725.0004272460938,-724.999267578125,36.24996566772461,0,52.826202392578125
0.027149999514222145,0.00000014999999109477358,0.00000014999999109477358,0.0010000000474974513,0.0010000000474974513,0,0,750.00048828125,-749.9992065429688,37.499961853027344,0,52.826202392578125
0.02715499885380268,0.0000001549999950611891,0.0000001549999950611891,0.0010000000474974513,0.0010000000474974513,0,0,775.0005493164063,-774.9991455078125,38.74995803833008,0,52.826202392578125
0.027160000056028366,0.00000015999999902760464,0.00000015999999902760464,0.0010000000474974513,0.0010000000474974513,0,0,800.0006713867188,-799.9990844726563,39.99995422363281,0,52.826202392578125
0.027164999395608902,0.00000016500000299402018,0.00000016500000299402018,0.0010000000474974513,0.0010000000474974513,0,0,825.0006713867188,-824.9990234375,41.24995040893555,0,52.826202392578125
0.027169998735189438,0.0000001700000069604357,0.0000001700000069604357,0.0010000000474974513,0.0010000000474974513,0,0,850.0006713867188,-849.9989624023438,42.49995040893555,0,52.826202392578125
0.027174999937415123,0.00000017500001092685125,0.00000017500001092685125,0.0010000000474974513,0.0010000000474974513,0,0,875.0007934570313,-874.9989013671875,43.74994659423828,0,52.826202392578125
0.02717999927699566,0.00000018000001489326678,0.00000018000001489326678,0.0010000000474974513,0.0010000000474974513,0,0,900.0009155273438,-899.9988403320313,44.999942779541016,0,52.826202392578125
0.027184998616576195,0.00000018500001885968231,0.00000018500001885968231,0.0010000000474974513,0.0010000000474974513,0,0,925.0009765625,-924.998779296875,46.24993896484375,0,52.826202392578125
0.02718999981880188,0.00000019000002282609785,0.00000019000002282609785,0.0010000000474974513,0.0010000000474974513,0,0,950.0009765625,-949.9987182617188,47.499935150146484,0,52.826202392578125
0.027194999158382416,0.00000019500002679251338,0.00000019500002679251338,0.0010000000474974513,0.0010000000474974513,0,0,975.0010986328125,-974.9986572265625,48.749935150146484,0,52.826202392578125
0.02719999849796295,0.00000020000003075892892,0.00000020000003075892892,0.0010000000474974513,0.0010000000474974513,0,0,1000.0011596679688,-999.9985961914063,49.99993133544922,0,52.826202392578125
0.027204999700188637,0.00000020500003472534445,0.00000020500003472534445,0.0010000000474974513,0.0010000000474974513,0,0,1025.001220703125,-1024.99853515625,51.24992752075195,0,52.826202392578125
0.027209999039769173,0.00000021000003869175998,0.00000021000003869175998,0.0010000000474974513,0.0010000000474974513,0,0,1050.0013427734375,-1049.99853515625,52.49992752075195,0,52.826202392578125
0.027215000241994858,0.00000021500004265817552,0.00000021500004265817552,0.0010000000474974513,0.0010000000474974513,0,0,1075.0013427734375,-1074.99853515625,53.74992752075195,0,52.826202392578125
0.027219999581575394,0.00000022000004662459105,0.00000022000004662459105,0.0010000000474974513,0.0010000000474974513,0,0,1100.00146484375,-1099.99853515625,54.99992752075195,0,52.826202392578125
0.02722499892115593,0.00000022500005059100658,0.00000022500005059100658,0.0010000000474974513,0.0010000000474974513,0,0,1125.00146484375,-1124.99853515625,56.24992752075195,0,52.826202392578125
0.027230000123381615,0.00000023000005455742212,0.00000023000005455742212,0.0010000000474974513,0.0010000000474974513,0,0,1150.0015869140625,-1149.99853515625,57.49992752075195,0,52.826202392578125
0.02723499946296215,0.00000023500005852383765,0.00000023500005852383765,0.0010000000474974513,0.0010000000474974513,0,0,1175.001708984375,-1174.99853515625,58.74992752075195,0,52.826202392578125
0.027239998802542686,0.00000024000004827939847,0.00000024000004827939847,0.0010000000474974513,0.0010000000474974513,0,0,1200.001708984375,-1199.99853515625,59.99992752075195,0,52.826202392578125
0.02724500000476837,0.000000245000052245814,0.000000245000052245814,0.0010000000474974513,0.0010000000474974513,0,0,1225.0018310546875,-1224.9984130859375,61.24991989135742,0,52.826202392578125
0.027249999344348907,0.00000025000005621222954,0.00000025000005621222954,0.0010000000474974513,0.0010000000474974513,0,0,1250.0018310546875,-1249.998291015625,62.499916076660156,0,52.826202392578125
0.027254998683929443,0.00000025500006017864507,0.00000025500006017864507,0.0010000000474974513,0.0010000000474974513,0,0,1275.0018310546875,-1274.9981689453125,63.749908447265625,0,52.826202392578125
0.02725999988615513,0.0000002600000641450606,0.0000002600000641450606,0.0010000000474974513,0.0010000000474974513,0,0,1300.001953125,-1299.998046875,64.9999008178711,0,52.826202392578125
0.027264999225735664,0.00000026500006811147614,0.00000026500006811147614,0.0010000000474974513,0.0010000000474974513,0,0,1325.0020751953125,-1324.9979248046875,66.2499008178711,0,52.826202392578125
0.0272699985653162,0.00000027000007207789167,0.00000027000007207789167,0.0010000000474974513,0.0010000000474974513,0,0,1350.002197265625,-1349.997802734375,67.49989318847656,0,52.826202392578125
0.027274999767541885,0.0000002750000760443072,0.0000002750000760443072,0.0010000000474974513,0.0010000000474974513,0,0,1375.0023193359375,-1374.9976806640625,68.74988555908203,0,52.826202392578125
0.02727999910712242,0.00000028000008001072274,0.00000028000008001072274,0.0010000000474974513,0.0010000000474974513,0,0,1400.0023193359375,-1399.99755859375,69.9998779296875,0,52.826202392578125
0.027284998446702957,0.0000002850000839771383,0.0000002850000839771383,0.0010000000474974513,0.0010000000474974513,0,0,1425.0023193359375,-1424.9974365234375,71.24987030029297,0,52.826202392578125
0.027289999648928642,0.0000002900000879435538,0.0000002900000879435538,0.0010000000474974513,0.0010000000474974513,0,0,1450.0025634765625,-1449.997314453125,72.49987030029297,0,52.826202392578125
0.027294998988509178,0.00000029500009190996934,0.00000029500009190996934,0.0010000000474974513,0.0010000000474974513,0,0,1475.0025634765625,-1474.9971923828125,73.74986267089844,0,52.826202392578125
0.027300000190734863,0.0000003000000958763849,0.0000003000000958763849,0.0010000000474974513,0.0010000000474974513,0,0,1500.0028076171875,-1499.9970703125,74.9998550415039,0,52.826202392578125
0.0273049995303154,0.0000003050000998428004,0.0000003050000998428004,0.0010000000474974513,0.0010000000474974513,0,0,1525.0028076171875,-1524.9969482421875,76.24984741210938,0,52.826202392578125
0.027309998869895935,0.00000031000010380921594,0.00000031000010380921594,0.0010000000474974513,0.0010000000474974513,0,0,1550.0029296875,-1549.996826171875,77.49983978271484,0,52.826202392578125
0.02731500007212162,0.0000003150001077756315,0.0000003150001077756315,0.0010000000474974513,0.0010000000474974513,0,0,1575.0029296875,-1574.9967041015625,78.74983978271484,0,52.826202392578125
0.027319999411702156,0.000000320000111742047,0.000000320000111742047,0.0010000000474974513,0.0010000000474974513,0,0,1600.003173828125,-1599.99658203125,79.99983215332031,0,52.826202392578125
0.027324998751282692,0.00000032500011570846254,0.00000032500011570846254,0.0010000000474974513,0.0010000000474974513,0,0,1625.0032958984375,-1624.9964599609375,81.24982452392578,0,52.826202392578125
0.027329999953508377,0.0000003300001196748781,0.0000003300001196748781,0.0010000000474974513,0.0010000000474974513,0,0,1650.0032958984375,-1649.996337890625,82.49981689453125,0,52.826202392578125
0.027334999293088913,0.0000003350001236412936,0.0000003350001236412936,0.0010000000474974513,0.0010000000474974513,0,0,1675.0035400390625,-1674.9962158203125,83.74980926513672,0,52.826202392578125
0.02733999863266945,0.00000034000012760770915,0.00000034000012760770915,0.0010000000474974513,0.0010000000474974513,0,0,1700.0035400390625,-1699.99609375,84.99980926513672,0,52.826202392578125
0.027344999834895134,0.0000003450001315741247,0.0000003450001315741247,0.0010000000474974513,0.0010000000474974513,0,0,1725.0035400390625,-1724.9959716796875,86.24980163574219,0,52.826202392578125
0.02734999917447567,0.0000003500001355405402,0.0000003500001355405402,0.0010000000474974513,0.0010000000474974513,0,0,1750.0037841796875,-1749.995849609375,87.49979400634766,0,52.826202392578125
0.027354998514056206,0.00000035500013950695575,0.00000035500013950695575,0.0010000000474974513,0.0010000000474974513,0,0,1775.0037841796875,-1774.9957275390625,88.74978637695313,0,52.826202392578125
0.02735999971628189,0.0000003600001434733713,0.0000003600001434733713,0.0010000000474974513,0.0010000000474974513,0,0,1800.00390625,-1799.99560546875,89.9997787475586,0,52.826202392578125
0.027364999055862427,0.0000003650001474397868,0.0000003650001474397868,0.0010000000474974513,0.0010000000474974513,0,0,1825.00390625,-1824.9954833984375,91.2497787475586,0,52.826202392578125
0.027369998395442963,0.00000037000015140620235,0.00000037000015140620235,0.0010000000474974513,0.0010000000474974513,0,0,1850.004150390625,-1849.995361328125,92.49977111816406,0,52.826202392578125
0.027374999597668648,0.0000003750001553726179,0.0000003750001553726179,0.0010000000474974513,0.0010000000474974513,0,0,1875.0042724609375,-1874.9952392578125,93.74976348876953,0,52.826202392578125
0.027379998937249184,0.0000003800001593390334,0.0000003800001593390334,0.0010000000474974513,0.0010000000474974513,0,0,1900.0042724609375,-1899.9951171875,94.999755859375,0,52.826202392578125
0.02738500013947487,0.00000038500016330544895,0.00000038500016330544895,0.0010000000474974513,0.0010000000474974513,0,0,1925.0045166015625,-1924.9949951171875,96.24974822998047,0,52.826202392578125
0.027389999479055405,0.0000003900001672718645,0.0000003900001672718645,0.0010000000474974513,0.0010000000474974513,0,0,1950.0047607421875,-1949.994873046875,97.49974822998047,0,52.826202392578125
0.02739499881863594,0.00000039500017123828,0.00000039500017123828,0.0010000000474974513,0.0010000000474974513,0,0,1975.0047607421875,-1974.9947509765625,98.74974060058594,0,52.826202392578125
0.027400000020861626,0.00000040000017520469555,0.00000040000017520469555,0.0010000000474974513,0.0010000000474974513,0,0,2000.0048828125,-1999.99462890625,99.9997329711914,0,52.826202392578125
0.02740499936044216,0.0000004050001791711111,0.0000004050001791711111,0.0010000000474974513,0.0010000000474974513,0,0,2025.0048828125,-2024.9945068359375,101.24972534179688,0,52.826202392578125
0.027409998700022697,0.0000004100001831375266,0.0000004100001831375266,0.0010000000474974513,0.0010000000474974513,0,0,2050.005126953125,-2049.994384765625,102.49971771240234,0,52.826202392578125
0.027414999902248383,0.00000041500018710394215,0.00000041500018710394215,0.0010000000474974513,0.0010000000474974513,0,0,2075.005126953125,-2074.994384765625,103.74971771240234,0,52.826202392578125
0.02741999924182892,0.0000004200001910703577,0.0000004200001910703577,0.0010000000474974513,0.0010000000474974513,0,0,2100.00537109375,-2099.994384765625,104.99971771240234,0,52.826202392578125
0.027424998581409454,0.0000004250001950367732,0.0000004250001950367732,0.0010000000474974513,0.0010000000474974513,0,0,2125.005615234375,-2124.994384765625,106.24971771240234,0,52.826202392578125
0.02742999978363514,0.00000043000019900318875,0.00000043000019900318875,0.0010000000474974513,0.0010000000474974513,0,0,2150.005615234375,-2149.994384765625,107.49971771240234,0,52.826202392578125
0.027434999123215675,0.0000004350002029696043,0.0000004350002029696043,0.0010000000474974513,0.0010000000474974513,0,0,2175.005615234375,-2174.994384765625,108.74971771240234,0,52.826202392578125
0.02743999846279621,0.0000004400002069360198,0.0000004400002069360198,0.0010000000474974513,0.0010000000474974513,0,0,2200.005859375,-2199.994384765625,109.99971771240234,0,52.826202392578125
0.027444999665021896,0.00000044500021090243536,0.00000044500021090243536,0.0010000000474974513,0.0010000000474974513,0,0,2225.006103515625,-2224.994384765625,111.24971771240234,0,52.826202392578125
0.027449999004602432,0.0000004500002148688509,0.0000004500002148688509,0.0010000000474974513,0.0010000000474974513,0,0,2250.006103515625,-2249.994384765625,112.49971771240234,0,52.826202392578125
0.027455000206828117,0.0000004550002188352664,0.0000004550002188352664,0.0010000000474974513,0.0010000000474974513,0,0,2275.00634765625,-2274.994384765625,113.74971771240234,0,52.826202392578125
0.027459999546408653,0.00000046000022280168196,0.00000046000022280168196,0.0010000000474974513,0.0010000000474974513,0,0,2300.00634765625,-2299.994384765625,114.99971771240234,0,52.826202392578125
0.02746499888598919,0.0000004650002267680975,0.0000004650002267680975,0.0010000000474974513,0.0010000000474974513,0,0,2325.006591796875,-2324.994384765625,116.24971771240234,0,52.826202392578125
0.027470000088214874,0.000000470000230734513,0.000000470000230734513,0.0010000000474974513,0.0010000000474974513,0,0,2350.006591796875,-2349.994384765625,117.49971771240234,0,52.826202392578125
0.02747499942779541,0.00000047500023470092856,0.00000047500023470092856,0.0010000000474974513,0.0010000000474974513,0,0,2375.0068359375,-2374.994384765625,118.74971771240234,0,52.826202392578125
0.027479998767375946,0.0000004800002102456347,0.0000004800002102456347,0.0010000000474974513,0.0010000000474974513,0,0,2400.006591796875,-2399.994384765625,119.99971771240234,0,52.826202392578125
0.02748499996960163,0.0000004850002142120502,0.0000004850002142120502,0.0010000000474974513,0.0010000000474974513,0,0,2425.007080078125,-2424.994384765625,121.24971771240234,0,52.826202392578125
0.027489999309182167,0.0000004900002181784657,0.0000004900002181784657,0.0010000000474974513,0.0010000000474974513,0,0,2450.007080078125,-2449.994384765625,122.49971771240234,0,52.826202392578125
0.027494998648762703,0.0000004950002221448813,0.0000004950002221448813,0.0010000000474974513,0.0010000000474974513,0,0,2475.00732421875,-2474.994384765625,123.74971771240234,0,52.826202392578125
0.027499999850988388,0.0000005000002261112968,0.0000005000002261112968,0.0010000000474974513,0.0010000000474974513,0,0,2500.007568359375,-2499.994140625,124.99971008300781,0,52.826202392578125
0.027499999850988388,0.0000005050002300777123,0.0000005050002300777123,0.0010000000474974513,0.0010000000474974513,0,0,2525.007568359375,-2524.993896484375,126.24969482421875,0,52.826202392578125
0.027504999190568924,0.0000005050002300777123,0.0000004969629117113072,0,-0.0016074691666290164,0.0000003216921697912767,0.06433843821287155,2525.007568359375,-2404.384033203125,120.5542984008789,0,7.170772075653076
0.02750999853014946,0.0000005050002300777123,0.0000004812721385860641,0,-0.0031381554435938597,0.0000009497200608166168,0.12560558319091797,2525.0068359375,-2168.923095703125,109.4354476928711,0,7.170772075653076
0.027514999732375145,0.0000005050002300777123,0.0000004586774196013721,0,-0.004518942441791296,0.000001854103857112932,0.18087676167488098,2525.006591796875,-1829.8536376953125,93.42404174804688,0,7.170772075653076
0.02751999907195568,0.0000005050002300777123,0.0000004302580691728508,0,-0.005683870520442724,0.000002991671863128431,0.2275136113166809,2525.005615234375,-1403.3648681640625,73.2845687866211,0,7.170772075653076
0.027524998411536217,0.0000005050002300777123,0.00000039737162182973407,0,-0.006577287334948778,0.00000430812178819906,0.26329001784324646,2525.005126953125,-909.8201904296875,49.9786376953125,0,7.170772075653076
0.027529999613761902,0.0000005050002300777123,0.0000003615891159824969,0,-0.0071565029211342335,0.000005740613687521545,0.28649839758872986,2525.004638671875,-372.7846374511719,24.61903953552246,0,7.170772075653076
0.027534998953342438,0.0000005050002300777123,0.0000003246199753448309,0,-0.007393830921500921,0.0000072207699304271955,0.29603126645088196,2525.003662109375,182.10018920898438,-1.5833730697631836,0,7.170772075653076
0.027540000155568123,0.0000005050002300777123,0.00000028823043862757913,0,-0.007277907337993383,0.00000867794096848229,0.2914341390132904,2525.003173828125,728.3405151367188,-27.37750244140625,0,7.170772075653076
0.02754499949514866,0.0000005050002300777123,0.00000025415926074856543,0,-0.006814236287027597,0.000010042575922852848,0.27292707562446594,2525.002685546875,1239.855224609375,-51.53174591064453,0,7.170772075653076
0.027549998834729195,0.0000005050002300777123,0.00000022403463617592934,0,-0.006024924106895924,0.000011249548151681665,0.24139443039894104,2525.002197265625,1692.2213134765625,-72.89278411865234,0,7.170772075653076
0.02755500003695488,0.0000005050002300777123,0.00000019929650818539812,0,-0.004947626031935215,0.000012241260265000165,0.19834238290786743,2525.001953125,2063.83984375,-90.44068145751953,0,7.170772075653076
0.027559999376535416,0.0000005050002300777123,0.0000001811277741126105,0,-0.003633747808635235,0.000012970395800948609,0.14582714438438416,2525.001953125,2336.967529296875,-103.3375473022461,0,7.170772075653076
0.02756499871611595,0.0000005050002300777123,0.00000017039781141647836,0,-0.0021459911949932575,0.000013402179320110008,0.0863567590713501,2525.001953125,2498.563232421875,-110.96755981445313,0,7.170772075653076
0.027569999918341637,0.0000005050002300777123,0.0000001676210104051279,0,-0.0005553592345677316,0.000013516036233340856,0.022771373391151428,2525.001708984375,2540.911376953125,-112.96636199951172,0,7.170772075653076
0.027574999257922173,0.0000005050002300777123,0.0000001729321752463875,0,0.0010622325353324413,0.00001330657414655434,-0.0418924018740654,2525.001953125,2461.989990234375,-109.23848724365234,0,7.170772075653076
0.02757999859750271,0.0000005050002300777123,0.0000001860800864506018,0,0.0026295813731849194,0.00001278384206671035,-0.104546457529068,2525.001953125,2265.5673828125,-99.96186828613281,0,7.170772075653076
0.027584999799728394,0.0000005050002300777123,0.00000020643950904286612,0,0.004071883391588926,0.000011972848369623534,-0.16219866275787354,2525.002197265625,1961.02197265625,-85.57938385009766,0,7.170772075653076
0.02758999913930893,0.0000005050002300777123,0.0000002330410353579282,0,0.005320305470377207,0.000010912370271398686,-0.21209567785263062,2525.002685546875,1562.894775390625,-66.7776870727539,0,7.170772075653076
0.027594998478889465,0.0000005050002300777123,0.0000002646173982157052,0,0.006315271370112896,0.000009653097549744416,-0.25185447931289673,2525.002685546875,1090.19482421875,-44.454429626464844,0,7.170772075653076
0.02759999968111515,0.0000005050002300777123,0.00000029966392389724206,0,0.00700930692255497,0.00000825521692604525,-0.27957606315612793,2525.00341796875,565.4920654296875,-19.675416946411133,0,7.170772075653076
0.027604999020695686,0.0000005050002300777123,0.0000003365104532804253,0,0.0073693059384822845,0.0000067855362431146204,-0.29393619298934937,2525.00390625,13.839176177978516,6.376308917999268,0,7.170772075653076
0.02761000022292137,0.0000005050002300777123,0.0000003734010078915162,0,0.007378110662102699,0.000005314293503033696,-0.2942485809326172,2525.004638671875,-538.4242553710938,32.45693588256836,0,7.170772075653076
0.027614999562501907,0.0000005050002300777123,0.0000004085776765805349,0,0.007035332731902599,0.000003911804924427997,-0.2804977297782898,2525.00537109375,-1064.9296875,57.32128143310547,0,7.170772075653076
0.027619998902082443,0.0000005050002300777123,0.00000044036454482920817,0,0.006357370875775814,0.0000026451073154021287,-0.2533395290374756,2525.005859375,-1540.538330078125,79.78224182128906,0,7.170772075653076
0.02762500010430813,0.0000005050002300777123,0.0000004672476734413067,0,0.0053766267374157906,0.000001574757106936886,-0.21407005190849304,2525.006591796875,-1942.54150390625,98.76744842529297,0,7.170772075653076
0.027629999443888664,0.0000005050002300777123,0.0000004879474886365642,0,0.004139958880841732,0.0000007519390123889025,-0.1645636260509491,2525.007080078125,-2251.744873046875,113.37051391601563,0,7.170772075653076
0.0276349987834692,0.0000005050002300777123,0.000000501479689773987,0,0.0027064457535743713,0.00000021602193100989098,-0.10718341916799545,2525.007568359375,-2453.38525390625,122.894287109375,0,7.170772075653076
0.027639999985694885,0.0000005050002300777123,0.0000005072025146546366,0,0.0011445640120655298,-0.000000007320451800296723,-0.04466847702860832,2525.007568359375,-2537.8349609375,126.88412475585938,0,7.170772075653076
0.02764499932527542,0.0000005050002300777123,0.0000005048470939073013,0,-0.00047108004218898714,0.00000009266431533205832,0.01999695412814617,2525.007568359375,-2501.061767578125,125.14961242675781,0,7.170772075653076
0.027649998664855957,0.0000005050002300777123,0.0000004945305249748344,0,-0.0020633134990930557,0.0000005112941039442376,0.08372596651315689,2525.007568359375,-2344.821533203125,117.77367401123047,0,7.170772075653076
0.027654999867081642,0.0000005050002300777123,0.0000004767501309288491,0,-0.0035560810938477516,0.0000012286758419577382,0.14347635209560394,2525.0068359375,-2076.573974609375,105.10857391357422,0,7.170772075653076
0.027659999206662178,0.0000005050002300777123,0.0000004523597567640536,0,-0.00487807672470808,0.000002210655111412052,0.1963958740234375,2525.00634765625,-1709.127197265625,87.75912475585938,0,7.170772075653076
0.027664998546242714,0.0000005050002300777123,0.0000004225290126669279,0,-0.005966148339211941,0.0000034104473343177233,0.23995843529701233,2525.005615234375,-1260.0255126953125,66.55382537841797,0,7.170772075653076
0.0276699997484684,0.0000005050002300777123,0.0000003886874537784024,0,-0.006768312305212021,0.000004770870873471722,0.2720847427845001,2525.0048828125,-750.7117309570313,42.505245208740234,0,7.170772075653076
0.027674999088048935,0.0000005050002300777123,0.00000035245628282609687,0,-0.007246236316859722,0.0000062270783018902875,0.29124143719673157,2525.00439453125,-205.50405883789063,16.761743545532227,0,7.170772075653076
0.02767999842762947,0.0000005050002300777123,0.0000003155709293878317,0,-0.007377070374786854,0.000007709651072218549,0.2965145409107208,2525.003662109375,349.56585693359375,-9.447405815124512,0,7.170772075653076
0.027684999629855156,0.0000005050002300777123,0.00000027979825745205744,0,-0.007154534570872784,0.000009147915989160538,0.2876529395580292,2525.003173828125,887.9954223632813,-34.87069320678711,0,7.170772075653076
0.027689998969435692,0.0000005050002300777123,0.0000002468521529408463,0,-0.006589223630726337,0.000010473317161086015,0.2650803029537201,2525.002685546875,1384.076416015625,-58.29411315917969,0,7.170772075653076
0.027695000171661377,0.0000005050002300777123,0.00000021831166918673262,0,-0.005708097480237484,0.000011622692909440957,0.2298750877380371,2525.002197265625,1814.1226806640625,-78.59915924072266,0,7.170772075653076
0.027699999511241913,0.0000005050002300777123,0.0000001955456951918677,0,-0.004553195089101791,0.000012541287105705123,0.18371883034706116,2525.001953125,2157.60107421875,-94.81621551513672,0,7.170772075653076
0.02770499885082245,0.0000005050002300777123,0.00000017964755727462034,0,-0.003179626539349556,0.000013185366697143763,0.12881597876548767,2525.001953125,2398.11181640625,-106.17082977294922,0,7.170772075653076
0.027710000053048134,0.0000005050002300777123,0.0000001713828368110626,0,-0.0016529442509636283,0.000013524309906642884,0.06778857111930847,2525.001953125,2524.171142578125,-112.12073516845703,0,7.170772075653076
0.02771499939262867,0.0000005050002300777123,0.0000001711527914949329,0,-0.000046009779907763004,0.000013542065062210895,0.003551080822944641,2525.001953125,2529.76025390625,-112.38169860839844,0,7.170772075653076
0.027719998732209206,0.0000005050002300777123,0.00000017897519910548,0,0.001564482692629099,0.000013237921848485712,-0.06082873046398163,2525.001953125,2414.6123046875,-106.94111633300781,0,7.170772075653076
0.02772499993443489,0.0000005050002300777123,0.00000019448354748874408,0,0.00310166971758008,0.000012626540410565212,-0.12227632105350494,2525.001953125,2184.22509765625,-96.05860900878906,0,7.170772075653076
0.027729999274015427,0.0000005050002300777123,0.00000021694448548714718,0,0.0044921874068677425,0.000011737254681065679,-0.1778571456670761,2525.002197265625,1849.5989990234375,-80.2536392211914,0,7.170772075653076
0.027734998613595963,0.0000005050002300777123,0.000000245292852696366,0,0.005669675301760435,0.000010612670848786365,-0.22491680085659027,2525.002685546875,1426.711181640625,-60.28069305419922,0,7.170772075653076
0.027739999815821648,0.0000005050002300777123,0.00000027818256853606727,0,0.006577943917363882,0.000009306631909566931,-0.2612076997756958,2525.003173828125,935.7529296875,-37.093238830566406,0,7.170772075653076
0.027744999155402184,0.0000005050002300777123,0.0000003140508511023654,0,0.007173657882958651,0.000007881650162744336,-0.2849964499473572,2525.003662109375,400.1659240722656,-11.798243522644043,0,7.170772075653076
0.02774999849498272,0.0000005050002300777123,0.00000035119288099849655,0,0.007428406272083521,0.000006405917247320758,-0.2951465845108032,2525.00439453125,-154.47744750976563,14.396703720092773,0,7.170772075653076
0.027754999697208405,0.0000005050002300777123,0.00000038784315847806283,0,0.007330057676881552,0.000004950053153152112,-0.2911728620529175,2525.0048828125,-701.6950073242188,40.241058349609375,0,7.170772075653076
0.02775999903678894,0.0000005050002300777123,0.00000042225985907862196,0,0.006883338559418917,0.0000035837315408571158,-0.2732643485069275,2525.005615234375,-1215.35888671875,64.5009994506836,0,7.170772075653076
0.027764998376369476,0.0000005050002300777123,0.0000004528079102783522,0,0.006109610665589571,0.000002372354174440261,-0.24227547645568848,2525.00634765625,-1670.9434814453125,86.01837921142578,0,7.170772075653076
0.02776999957859516,0.0000005050002300777123,0.0000004780371227752767,0,0.005045847501605749,0.0000013739279438595986,-0.1996852457523346,2525.0068359375,-2046.6962890625,103.7659912109375,0,7.170772075653076
0.027774998918175697,0.0000005050002300777123,0.0000004967515110365639,0,0.0037428722716867924,0.0000006362951694427466,-0.1475265622138977,2525.007568359375,-2324.67626953125,116.89662170410156,0,7.170772075653076
0.027780000120401382,0.0000005050002300777123,0.0000005080661367173889,0,0.002262929454445839,0.00000019484932067825866,-0.08828917145729065,2525.007568359375,-2491.611083984375,124.78352355957031,0,7.170772075653076
0.02778499945998192,0.0000005050002300777123,0.0000005114496843816596,0,0.000676712254062295,0.00000007084521769229468,-0.024800822138786316,2525.007568359375,-2539.530029296875,127.05030059814453,0,7.170772075653076
0.027789998799562454,0.0000005050002300777123,0.0000005067496431365726,0,-0.0009400109993293881,0.0000002703841346374247,0.0399077832698822,2525.007568359375,-2466.14501953125,123.58890533447266,0,7.170772075653076
0.02779500000178814,0.0000005050002300777123,0.0000004941995825902268,0,-0.0025100158527493477,0.0000007841223919058393,0.10274764895439148,2525.007080078125,-2274.9599609375,114.5647964477539,0,7.170772075653076
0.027799999341368675,0.0000005050002300777123,0.00000047440803996323666,0,-0.003958308137953281,0.0000015877176338108256,0.16071903705596924,2525.0068359375,-1975.103515625,100.40904998779297,0,7.170772075653076
0.02780499868094921,0.0000005050002300777123,0.00000044832950152340345,0,-0.005215705372393131,0.0000026429906938574277,0.21105462312698364,2525.00634765625,-1580.892578125,81.79774475097656,0,7.170772075653076
0.027809999883174896,0.0000005050002300777123,0.0000004172188141637889,0,-0.006222140043973923,0.000003899749117408646,0.2513517141342163,2525.00537109375,-1111.1494140625,59.61970901489258,0,7.170772075653076
0.027814999222755432,0.0000005050002300777123,0.00000038257118717410776,0,-0.0069295261055231094,0.000005298183623381192,0.27968692779541016,2525.0048828125,-588.3025512695313,34.9340705871582,0,7.170772075653076
0.027819998562335968,0.0000005050002300777123,0.00000034605091059347615,0,-0.007304057478904724,0.000006771723292331444,0.2947079539299011,2525.00439453125,-37.316165924072266,8.919687271118164,0,7.170772075653076
0.027824999764561653,0.0000005050002300777123,0.000000309411802845716,0,-0.0073278192430734634,0.000008250214705185499,0.29569822549819946,2525.00341796875,515.5020751953125,-17.181129455566406,0,7.170772075653076
0.02782999910414219,0.0000005050002300777123,0.0000002744135656485014,0,-0.006999645382165909,0.000009663270247983746,0.28261107206344604,2525.003173828125,1043.757080078125,-42.1219482421875,0,7.170772075653076
0.027834998443722725,0.0000005050002300777123,0.0000002427377125968633,0,-0.006335173733532429,0.000010943630513793323,0.2560720443725586,2525.002685546875,1522.2264404296875,-64.71170806884766,0,7.170772075653076
0.02783999964594841,0.0000005050002300777123,0.00000021590722099062987,0,-0.005366098135709763,0.000012030374819005374,0.2173488736152649,2525.002197265625,1928.06494140625,-83.8716049194336,0,7.170772075653076
0.027844998985528946,0.0000005050002300777123,0.0000001952139285776866,0,-0.004138657823204994,0.00001287183022213867,0.1682910919189453,2525.001953125,2241.895263671875,-98.68660736083984,0,7.170772075653076
0.02785000018775463,0.0000005050002300777123,0.00000018165680160109332,0,-0.0027114260010421276,0.000013428038982965518,0.11124169826507568,2525.001953125,2448.733154296875,-108.4491195678711,0,7.170772075653076
0.027854999527335167,0.0000005050002300777123,0.00000017589421474895062,0,-0.0011525170411914587,0.00001367266486340668,0.04892522096633911,2525.001953125,2538.70263671875,-112.6927719116211,0,7.170772075653076
0.027859998866915703,0.0000005050002300777123,0.00000017821255937633396,0,0.00046366837341338396,0.00001359425368718803,-0.01568230800330639,2525.001953125,2507.508056640625,-111.2147216796875,0,7.170772075653076
0.027865000069141388,0.0000005050002300777123,0.0000001885125300304935,0,0.0020599947310984135,0.000013196776308177505,-0.07949547469615936,2525.001953125,2356.638916015625,-104.0853042602539,0,7.170772075653076
0.027869999408721924,0.0000005050002300777123,0.00000020631389929803845,0,0.003560274839401245,0.000012499442163971253,-0.139466792345047,2525.002197265625,2093.298583984375,-91.6446762084961,0,7.170772075653076
0.02787499874830246,0.0000005050002300777123,0.0000002307784399135926,0,0.004892907105386257,0.000011535781595739536,-0.19273221492767334,2525.002685546875,1730.0606689453125,-74.4865951538086,0,7.170772075653076
0.027879999950528145,0.0000005050002300777123,0.00000026074991410496295,0,0.005994293838739395,0.000010352042409067508,-0.2367478311061859,2525.002685546875,1284.2685546875,-53.430049896240234,0,7.170772075653076
0.02788499929010868,0.0000005050002300777123,0.00000029480932539627247,0,0.006811880506575108,0.000009004985258798115,-0.26941147446632385,2525.00341796875,777.2072143554688,-29.480167388916016,0,7.170772075653076
0.027889998629689217,0.0000005050002300777123,0.0000003313426191198232,0,0.007306661456823349,0.000007559170626336709,-0.28916290402412415,2525.00390625,233.0870361328125,-3.780214548110962,0,7.170772075653076
0.0278949998319149,0.0000005050002300777123,0.0000003686178331463452,0,0.0074550434947013855,0.000006083878815843491,-0.29505839943885803,2525.004638671875,-322.11199951171875,22.442974090576172,0,7.170772075653076
0.027899999171495438,0.0000005050002300777123,0.00000040486770558345597,0,0.007249974645674229,0.000004649799393519061,-0.28681591153144836,2525.005126953125,-861.8812255859375,47.93760299682617,0,7.170772075653076
0.027904998511075974,0.0000005050002300777123,0.0000004383740872526687,0,0.006701277568936348,0.0000033256578717555385,-0.26482829451560974,2525.005859375,-1360.448486328125,71.48665618896484,0,7.170772075653076
0.02790999971330166,0.0000005050002300777123,0.0000004675499951645179,0,0.005835182033479214,0.000002174934024878894,-0.23014476895332336,2525.006591796875,-1794.009033203125,91.96601104736328,0,7.170772075653076
0.027914999052882195,0.0000005050002300777123,0.0000004910153847959009,0,0.004693073220551014,0.0000012528305433079368,-0.18442070484161377,2525.007080078125,-2141.86181640625,108.39812469482422,0,7.170772075653076
0.02791999839246273,0.0000005050002300777123,0.0000005076629463474092,0,0.003329513594508171,0.0000006036373179085786,-0.12983864545822144,2525.007568359375,-2387.39794921875,119.99868774414063,0,7.170772075653076
0.027924999594688416,0.0000005050002300777123,0.0000005167111680748349,0,0.0018096406711265445,0.0000002586170353424677,-0.06900405883789063,2525.007568359375,-2518.89404296875,126.21409606933594,0,7.170772075653076
0.02792999893426895,0.0000005050002300777123,0.000000517741455041687,0,0.00020605477038770914,0.00000023451228514659306,-0.0048209503293037415,2525.008056640625,-2530.071533203125,126.74786376953125,0,7.170772075653076
0.027935000136494637,0.0000005050002300777123,0.0000005107182232677587,0,-0.0014046471333131194,0.000000532746184944699,0.059646785259246826,2525.007568359375,-2420.39697265625,121.57479095458984,0,7.170772075653076
0.027939999476075172,0.0000005050002300777123,0.0000004959906050316931,0,-0.0029455279000103474,0.000001139354708357132,0.12132169306278229,2525.007568359375,-2195.106689453125,110.9421615600586,0,7.170772075653076
0.02794499881565571,0.0000005050002300777123,0.00000047427568006241927,0,-0.004342983942478895,0.000002025652975135017,0.1772596389055252,2525.0068359375,-1864.95751953125,95.3579330444336,0,7.170772075653076
0.027950000017881393,0.0000005050002300777123,0.0000004466243694878358,0,-0.005530260037630796,0.0000031496047085965984,0.22479037940502167,2525.00634765625,-1445.713134765625,75.56649780273438,0,7.170772075653076
0.02795499935746193,0.0000005050002300777123,0.0000004143711862525379,0,-0.006450636778026819,0.000004457830527826445,0.2616451680660248,2525.00537109375,-957.3907470703125,52.51311111450195,0,7.170772075653076
0.027959998697042465,0.0000005050002300777123,0.00000037907051364527433,0,-0.007060137111693621,0.000005888155101274606,0.28606492280960083,2525.0048828125,-423.3061828613281,27.298805236816406,0,7.170772075653076
0.02796499989926815,0.0000005050002300777123,0.00000034242236779391533,0,-0.007329628337174654,0.00000737257641958422,0.29688429832458496,2525.00390625,131.0398712158203,1.1277744770050049,0,7.170772075653076
0.027969999238848686,0.0000005050002300777123,0.0000003061913105284475,0,-0.007246211636811495,0.0000088405131464242,0.2935873866081238,2525.00341796875,679.1793823242188,-24.75010108947754,0,7.170772075653076
0.027974998578429222,0.0000005050002300777123,0.00000027212212216909393,0,-0.006813837680965662,0.000010222173841611948,0.27633219957351685,2525.003173828125,1194.9405517578125,-49.09893035888672,0,7.170772075653076
0.027979999780654907,0.0000005050002300777123,0.00000024185652591768303,0,-0.00605311943218112,0.000011451889804448001,0.24594329297542572,2525.002685546875,1653.6976318359375,-70.75582885742188,0,7.170772075653076
0.027984999120235443,0.0000005050002300777123,0.00000021685478657218482,0,-0.005000346805900335,0.000012471250556700397,0.2038722187280655,2525.002197265625,2033.5465087890625,-88.68643951416016,0,7.170772075653076
0.02798999845981598,0.0000005050002300777123,0.00000019832602049518755,0,-0.0037057544104754925,0.00001323189280810766,0.15212838351726532,2525.001953125,2316.350830078125,-102.03431701660156,0,7.170772075653076
0.027994999662041664,0.0000005050002300777123,0.00000018717040006777097,0,-0.002231122925877571,0.000013697807844437193,0.0931829959154129,2525.001953125,2488.607666015625,-110.16183471679688,0,7.170772075653076
0.0279999990016222,0.0000005050002300777123,0.00000018393625111912115,0,-0.000646828964818269,0.000013847063200955745,0.029851123690605164,2525.001953125,2542.09228515625,-112.68058776855469,0,7.170772075653076
0.028005000203847885,0.0000005050002300777123,0.00000018879381968872622,0,0.0009715142077766359,0.00001367284949083114,-0.03484272211790085,2525.001953125,2474.2509765625,-109.4699935913086,0,7.170772075653076
0.02800999954342842,0.0000005050002300777123,0.00000020152715762833395,0,0.00254666805267334,0.000013183804185246117,-0.09780900180339813,2525.002197265625,2288.322998046875,-100.68302154541016,0,7.170772075653076
0.028014998883008957,0.0000005050002300777123,0.00000022154443968247506,0,0.004003456328064203,0.000012403600521793123,-0.15604065358638763,2525.002197265625,1993.185791015625,-86.7388687133789,0,7.170772075653076
0.028020000085234642,0.0000005050002300777123,0.00000024790620045678224,0,0.00527235446497798,0.000011369817002560012,-0.20675671100616455,2525.002685546875,1602.9310302734375,-68.30299377441406,0,7.170772075653076
0.028024999424815178,0.0000005050002300777123,0.00000027937022650803556,0,0.006292808335274458,0.000010132142051588744,-0.24753502011299133,2525.003173828125,1136.1920166015625,-46.25528335571289,0,7.170772075653076
0.028029998764395714,0.0000005050002300777123,0.0000003144508582408889,0,0.007016126532107592,0.000008750002962187864,-0.27642789483070374,2525.003662109375,615.2539672851563,-21.64811134338379,0,7.170772075653076
0.0280349999666214,0.0000005050002300777123,0.00000035148988786204427,0,0.007407804485410452,0.000007289726909220917,-0.29205521941185,2525.00439453125,64.9898452758789,4.343974590301514,0,7.170772075653076
0.028039999306201935,0.0000005050002300777123,0.00000038873574226272467,0,0.007449172902852297,0.00000582137636229163,-0.2936701476573944,2525.0048828125,-488.3271179199219,30.48029136657715,0,7.170772075653076
0.02804499864578247,0.0000005050002300777123,0.00000042442718495294685,0,0.007138288114219904,0.000004415401235746685,-0.2811950147151947,2525.005615234375,-1018.278076171875,55.513282775878906,0,7.170772075653076
0.028049999848008156,0.0000005050002300777123,0.000000456877302212888,0,0.006490025203675032,0.0000031392773962579668,-0.2552247941493988,2525.00634765625,-1499.5596923828125,78.2480697631836,0,7.170772075653076
0.02805499918758869,0.0000005050002300777123,0.0000004845541639042494,0,0.005535368341952562,0.000002054283413599478,-0.21699881553649902,2525.007080078125,-1909.1923828125,97.59950256347656,0,7.170772075653076
0.028059998527169228,0.0000005050002300777123,0.0000005061538104200736,0,0.004319930914789438,0.0000012125751709390897,-0.16834163665771484,2525.007568359375,-2227.61767578125,112.64398193359375,0,7.170772075653076
0.028064999729394913,0.0000005050002300777123,0.0000005206626951803628,0,0.0029017776250839233,0.0000006546961230924353,-0.11157581210136414,2525.008056640625,-2439.6318359375,122.66356658935547,0,7.170772075653076
0.02806999906897545,0.0000005050002300777123,0.0000005274059731164016,0,0.0013486514799296856,0.0000004076406412423239,-0.0494110994040966,2525.008056640625,-2535.112060546875,127.18022918701172,0,7.170772075653076
0.028074998408555984,0.0000005050002300777123,0.0000005260797024675412,0,-0.0002652594121173024,0.0000004835656000068411,0.015184996649622917,2525.008056640625,-2509.499267578125,125.97867584228516,0,7.170772075653076
0.02807999961078167,0.0000005050002300777123,0.0000005167653966964281,0,-0.0018628647085279226,0.0000008792098924459424,0.07912886887788773,2525.007568359375,-2364.0166015625,119.1166763305664,0,7.170772075653076
0.028084998950362206,0.0000005050002300777123,0.0000004999261591365212,0,-0.0033678526524454355,0.0000015760501810291316,0.13936805725097656,2525.007568359375,-2105.610107421875,106.92222595214844,0,7.170772075653076
0.02809000015258789,0.0000005050002300777123,0.00000047638448563702696,0,-0.004708333872258663,0.0000025411850401724223,0.19302698969841003,2525.0068359375,-1746.6180419921875,89.97797393798828,0,7.170772075653076
0.028094999492168427,0.0000005050002300777123,0.0000004472831278690137,0,-0.005820273421704769,0.0000037289064493961632,0.23754426836967468,2525.00634765625,-1304.180908203125,69.09332275390625,0,7.170772075653076
0.028099998831748962,0.0000005050002300777123,0.0000004140303815347579,0,-0.006650548428297043,0.000005082881216367241,0.27079495787620544,2525.00537109375,-799.4234619140625,45.26584243774414,0,7.170772075653076
0.028105000033974648,0.0000005050002300777123,0.00000037823295429006976,0,-0.00715948361903429,0.000006538841716974275,0.29119208455085754,2525.0048828125,-256.4462585449219,19.633607864379883,0,7.170772075653076
0.028109999373555183,0.0000005050002300777123,0.00000034161922712883097,0,-0.007322748191654682,0.00000802765407570405,0.2977624237537384,2525.00390625,298.8254699707031,-6.579133033752441,0,7.170772075653076
0.02811499871313572,0.0000005050002300777123,0.0000003059566608953901,0,-0.00713251531124115,0.000009478618267166894,0.2901928722858429,2525.00341796875,839.8794555664063,-32.12041091918945,0,7.170772075653076
0.028119999915361404,0.0000005050002300777123,0.00000027296746907268243,0,-0.006597836501896381,0.000010822845979419071,0.2688455283641815,2525.003173828125,1340.88232421875,-55.77031707763672,0,7.170772075653076
0.02812499925494194,0.0000005050002300777123,0.0000002442464221985574,0,-0.0057442085817456245,0.000011996547073067632,0.2347402274608612,2525.002685546875,1777.912841796875,-76.39923858642578,0,7.170772075653076
0.028129998594522476,0.0000005050002300777123,0.00000022118463505194086,0,-0.004612358286976814,0.000012944077752763405,0.18950605392456055,2525.002197265625,2130.104248046875,-93.02179718017578,0,7.170772075653076
0.02813499979674816,0.0000005050002300777123,0.00000020490315932875092,0,-0.0032562955748289824,0.000013620594472740777,0.13530340790748596,2525.002197265625,2380.640869140625,-104.84392547607422,0,7.170772075653076
0.028139999136328697,0.0000005050002300777123,0.0000001961994797738953,0,-0.0017407357227057219,0.000013994198525324464,0.07472088932991028,2525.001953125,2517.560302734375,-111.30072784423828,0,7.170772075653076
0.028144998475909233,0.0000005050002300777123,0.0000001955094290906345,0,-0.0001380102476105094,0.000014047457625565585,0.010651744902133942,2525.001953125,2534.3251953125,-112.08348846435547,0,7.170772075653076
0.028149999678134918,0.0000005050002300777123,0.00000020288636903842416,0,0.0014753881841897964,0.000013778236279904377,-0.05384431034326553,2525.002197265625,2430.135009765625,-107.1544189453125,0,7.170772075653076
0.028154999017715454,0.0000005050002300777123,0.00000021799866090077558,0,0.003022457007318735,0.0000131998003780609,-0.11568719148635864,2525.002197265625,2209.964599609375,-96.7484359741211,0,7.170772075653076
0.02815999835729599,0.0000005050002300777123,0.0000002401454537448444,0,0.004429360385984182,0.0000123401832752279,-0.17192348837852478,2525.002685546875,1884.3262939453125,-81.36195373535156,0,7.170772075653076
0.028164999559521675,0.0000005050002300777123,0.00000026829022203855857,0,0.005628956016153097,0.000011240846106375102,-0.21986746788024902,2525.002685546875,1468.76806640625,-61.72918701171875,0,7.170772075653076
0.02816999889910221,0.0000005050002300777123,0.000000301110219425027,0,0.00656399829313159,0.000009954699635272846,-0.2572293281555176,2525.00341796875,983.1314697265625,-38.78709411621094,0,7.170772075653076
0.028175000101327896,0.0000005050002300777123,0.0000003370595891283301,0,0.007189874071627855,0.000008543576768715866,-0.28222453594207764,2525.00390625,450.6039733886719,-13.63063907623291,0,7.170772075653076
0.028179999440908432,0.0000005050002300777123,0.0000003744432319763291,0,0.0074767316691577435,0.000007075281246216036,-0.2936590909957886,2525.004638671875,-103.38817596435547,12.539494514465332,0,7.170772075653076
0.028184998780488968,0.0000005050002300777123,0.00000041149775142912404,0,0.007410906720906496,0.000005620349384116707,-0.2909863591194153,2525.00537109375,-652.393798828125,38.474220275878906,0,7.170772075653076
0.028189999982714653,0.0000005050002300777123,0.00000044647561026067706,0,0.006995573174208403,0.000004248682671459392,-0.27433329820632935,2525.00634765625,-1170.19970703125,62.935699462890625,0,7.170772075653076
0.02819499932229519,0.0000005050002300777123,0.0000004777285766977002,0,0.006250593811273575,0.00000302621083392296,-0.24449439346790314,2525.0068359375,-1632.08251953125,84.75643157958984,0,7.170772075653076
0.028199998661875725,0.0000005050002300777123,0.0000005037864525547775,0,0.0052115703001618385,0.0000020117422536714002,-0.20289374887943268,2525.007568359375,-2015.989013671875,102.89501953125,0,7.170772075653076
0.02820499986410141,0.0000005050002300777123,0.0000005234271611698205,0,0.003928143531084061,0.0000012541571550173103,-0.15151701867580414,2525.008056640625,-2303.5888671875,116.4858627319336,0,7.170772075653076
0.028209999203681946,0.0000005050002300777123,0.0000005357352961254946,0,0.0024616247974336147,0.0000007900741252342414,-0.09281660616397858,2525.00830078125,-2481.150146484375,124.88050079345703,0,7.170772075653076
0.02821499854326248,0.0000005050002300777123,0.0000005401456064646482,0,0.0008820670191198587,0.000000642100928871514,-0.02959463745355606,2525.008544921875,-2540.195068359375,127.6786117553711,0,7.170772075653076
0.028219999745488167,0.0000005050002300777123,0.000000536470224687946,0,-0.0007350799860432744,0.0000008177553922905645,0.03513089567422867,2525.00830078125,-2477.904541015625,124.74705505371094,0,7.170772075653076
0.028224999085068703,0.0000005050002300777123,0.0000005249073637969559,0,-0.002312571508809924,0.0000013091064374748385,0.09827021509408951,2525.008056640625,-2297.25244140625,116.22628021240234,0,7.170772075653076
0.02822999842464924,0.0000005050002300777123,0.0000005060321086602926,0,-0.003775056218728423,0.000002093152716042823,0.1568092703819275,2525.007568359375,-2006.864501953125,102.52359771728516,0,7.170772075653076
0.028234999626874924,0.0000005050002300777123,0.0000004807687332686328,0,-0.005052674096077681,0.0000031329209377872758,0.20795366168022156,2525.0068359375,-1620.6055908203125,84.29373931884766,0,7.170772075653076
0.02823999896645546,0.0000005050002300777123,0.00000045034678919364524,0,-0.0060843913815915585,0.000004379231086204527,0.2492620348930359,2525.00634765625,-1156.9183349609375,62.407615661621094,0,7.170772075653076
0.028245000168681145,0.0000005050002300777123,0.0000004162422158060508,0,-0.00682091573253274,0.000005773044449597364,0.27876269817352295,2525.00537109375,-637.9420776367188,37.91069412231445,0,7.170772075653076
0.02824999950826168,0.0000005050002300777123,0.0000003801069681230729,0,-0.007227048743516207,0.000007248283054650528,0.2950477600097656,2525.0048828125,-88.45613098144531,11.973102569580078,0,7.170772075653076
0.028254998847842216,0.0000005050002300777123,0.00000034369014656476793,0,-0.007283367682248354,0.000008734984476177488,0.2973402738571167,2525.00390625,465.30340576171875,-14.166227340698242,0,7.170772075653076
0.0282600000500679,0.0000005050002300777123,0.00000030875438028488134,0,-0.0069871521554887295,0.000010162641046917997,0.2855314016342163,2525.00341796875,996.8964233398438,-39.25873565673828,0,7.170772075653076
0.028264999389648438,0.0000005050002300777123,0.00000027699181259777106,0,-0.006352513562887907,0.000011463569535408169,0.2601856589317322,2525.003173828125,1480.94140625,-62.10585021972656,0,7.170772075653076
0.028269998729228973,0.0000005050002300777123,0.00000024994321279336873,0,-0.005409721750766039,0.00001257613803318236,0.22251379489898682,2525.002685546875,1894.32666015625,-81.6161880493164,0,7.170772075653076
0.02827499993145466,0.0000005050002300777123,0.00000022892442075317376,0,-0.00420376006513834,0.000013447714081848972,0.17431515455245972,2525.002685546875,2217.314697265625,-96.85769653320313,0,7.170772075653076
0.028279999271035194,0.0000005050002300777123,0.00000021496353497241216,0,-0.0027921772561967373,0.000014037172149983235,0.11789169907569885,2525.002197265625,2434.483642578125,-107.10212707519531,0,7.170772075653076
0.02828499861061573,0.0000005050002300777123,0.00000020875182826785021,0,-0.001242340193130076,0.000014316862689156551,0.055938079953193665,2525.002197265625,2535.46484375,-111.8598403930664,0,7.170772075653076
0.028289999812841415,0.0000005050002300777123,0.0000002106107501731458,0,0.00037178347702138126,0.000014273927263275255,-0.008586995303630829,2525.002197265625,2515.4365234375,-110.90315246582031,0,7.170772075653076
0.02829499915242195,0.0000005050002300777123,0.00000022047653658319177,0,0.0019731565844267607,0.000013910917004977819,-0.0726020559668541,2525.002197265625,2375.35498046875,-104.27721405029297,0,7.170772075653076
0.028299998492002487,0.0000005050002300777123,0.00000023790329350958928,0,0.0034853508695960045,0.00001324566710536601,-0.13304996490478516,2525.002685546875,2121.90869140625,-92.29786682128906,0,7.170772075653076
0.028304999694228172,0.0000005050002300777123,0.000000262084284941011,0,0.004836196079850197,0.000012310447345953435,-0.1870439350605011,2525.002685546875,1767.1988525390625,-75.53656005859375,0,7.170772075653076
0.028309999033808708,0.0000005050002300777123,0.00000029189041583777,0,0.005961225368082523,0.000011150421414640732,-0.2320052683353424,2525.003173828125,1328.16162109375,-54.793060302734375,0,7.170772075653076
0.028314998373389244,0.0000005050002300777123,0.00000032592419074717327,0,0.006806754507124424,0.00000982148867478827,-0.26578661799430847,2525.003662109375,825.759521484375,-31.05725860595703,0,7.170772075653076
0.02831999957561493,0.0000005050002300777123,0.0000003625864053447003,0,0.007332444190979004,0.000008387616617255844,-0.2867744266986847,2525.004638671875,283.9803771972656,-5.461917400360107,0,7.170772075653076
0.028324998915195465,0.0000005050002300777123,0.00000040015254398895195,0,0.007513226009905338,0.000006917787231941475,-0.2939659059047699,2525.005126953125,-271.3076171875,20.77140998840332,0,7.170772075653076
0.02833000011742115,0.0000005050002300777123,0.0000004368550321487419,0,0.007340500131249428,0.000005482701453729533,-0.2870171368122101,2525.005859375,-813.591552734375,46.39072799682617,0,7.170772075653076
0.028334999457001686,0.0000005050002300777123,0.00000047096776256694284,0,0.006822545081377029,0.000004151405391894514,-0.26625922322273254,2525.0068359375,-1316.9791259765625,70.17333984375,0,7.170772075653076
0.028339998796582222,0.0000005050002300777123,0.0000005008884045309969,0,0.0059841228649020195,0.0000029879925023124088,-0.23268261551856995,2525.007568359375,-1757.4354248046875,90.98426818847656,0,7.170772075653076
0.028344999998807907,0.0000005050002300777123,0.0000005252148866929929,0,0.004865297116339207,0.0000020485431377892382,-0.18788990378379822,2525.008056640625,-2113.93017578125,107.83040618896484,0,7.170772075653076
0.028349999338388443,0.0000005050002300777123,0.0000005428124723039218,0,0.003519519232213497,0.0000013784476777800592,-0.13401910662651062,2525.008544921875,-2369.442138671875,119.90798950195313,0,7.170772075653076
0.02835499867796898,0.0000005050002300777123,0.0000005528678457267233,0,0.0020110770128667355,0.0000010102388614541269,-0.07364176213741302,2525.0087890625,-2511.771240234375,126.64089965820313,0,7.170772075653076
0.028359999880194664,0.0000005050002300777123,0.0000005549279649130767,0,0.000412024965044111,0.0000009620387118047802,-0.009640038013458252,2525.0087890625,-2534.121826171875,127.70821380615234,0,7.170772075653076
0.0283649992197752,0.0000005050002300777123,0.0000005489216619025683,0,-0.0012012559454888105,0.0000012366929240670288,0.05493083596229553,2525.0087890625,-2435.4267578125,123.05956268310547,0,7.170772075653076
0.028369998559355736,0.0000005050002300777123,0.0000005351631102712417,0,-0.0027517054695636034,0.0000018216352373201516,0.11698846518993378,2525.00830078125,-2220.3984375,112.9174575805664,0,7.170772075653076
0.02837499976158142,0.0000005050002300777123,0.0000005143368184690189,0,-0.004165263380855322,0.0000026894874736171914,0.1735704392194748,2525.007568359375,-1899.3038330078125,97.7667465209961,0,7.170772075653076
0.028379999101161957,0.0000005050002300777123,0.0000004874647743235982,0,-0.00537440599873662,0.0000037993663681845646,0.22197581827640533,2525.007080078125,-1487.473876953125,78.33136749267578,0,7.170772075653076
0.028384998440742493,0.0000005050002300777123,0.00000045585792918245716,0,-0.006321369204670191,0.0000050988364819204435,0.2598940134048462,2525.00634765625,-1004.5721435546875,55.53989791870117,0,7.170772075653076
0.028389999642968178,0.0000005050002300777123,0.00000042105338593501074,0,-0.006960907019674778,0.000006526412562379846,0.2855152487754822,2525.005615234375,-473.6553955078125,30.481117248535156,0,7.170772075653076
0.028394998982548714,0.0000005050002300777123,0.00000038474112784570025,0,-0.007262452505528927,0.0000080144964158535,0.29761677980422974,2525.0048828125,79.92688751220703,4.352090835571289,0,7.170772075653076
0.0284000001847744,0.0000005050002300777123,0.0000003486832440557919,0,-0.007211575284600258,0.000009492603567196056,0.29562145471572876,2525.00439453125,629.7430419921875,-21.599021911621094,0,7.170772075653076
0.028404999524354935,0.0000005050002300777123,0.0000003146298581668816,0,-0.0068106744438409805,0.0000108907297544647,0.27962517738342285,2525.003662109375,1149.5413818359375,-46.1325569152832,0,7.170772075653076
0.02840999886393547,0.0000005050002300777123,0.00000028423556841516984,0,-0.006078858859837055,0.00001214269195770612,0.2503923773765564,2525.003173828125,1614.5032958984375,-68.07652282714844,0,7.170772075653076
0.028415000066161156,0.0000005050002300777123,0.000000258980378475826,0,-0.005051039159297943,0.000013189288438297808,0.20931938290596008,2525.002685546875,2002.428466796875,-86.38258361816406,0,7.170772075653076
0.02841999940574169,0.0000005050002300777123,0.00000024009909793676343,0,-0.0037762578576803207,0.000013981128176965285,0.15836796164512634,2525.002685546875,2294.794921875,-100.17607116699219,0,7.170772075653076
0.028424998745322227,0.0000005050002300777123,0.00000022852235304071655,0,-0.0023153498768806458,0.000014480985555564985,0.09997149556875229,2525.002685546875,2477.64306640625,-108.79779052734375,0,7.170772075653076
0.028429999947547913,0.0000005050002300777123,0.0000002248321635534012,0,-0.0007380371098406613,0.000014665579328720924,0.03691883757710457,2525.002197265625,2542.242431640625,-111.8354721069336,0,7.170772075653076
0.02843499928712845,0.0000005050002300777123,0.00000022923417475340102,0,0.0008804011158645153,0.000014526684935844969,-0.027778830379247665,2525.002685546875,2485.5087890625,-109.14347839355469,0,7.170772075653076
0.028439998626708984,0.0000005050002300777123,0.00000024154778088814055,0,0.0024627214297652245,0.000014071525583858602,-0.09103178977966309,2525.002685546875,2310.151123046875,-100.84971618652344,0,7.170772075653076
0.02844499982893467,0.0000005050002300777123,0.00000026121480800611607,0,0.003933405503630638,0.000013322429367690347,-0.1498192995786667,2525.002685546875,2024.5418701171875,-87.34956359863281,0,7.170772075653076
0.028449999168515205,0.0000005050002300777123,0.00000028732614509863197,0,0.005222264677286148,0.000012315760614001192,-0.20133383572101593,2525.003173828125,1642.3179931640625,-69.28697967529297,0,7.170772075653076
0.02845499850809574,0.0000005050002300777123,0.0000003186651156283915,0,0.006267792545258999,0.000011100185474788304,-0.2431151121854782,2525.003662109375,1181.7293701171875,-47.523773193359375,0,7.170772075653076
0.028459999710321426,0.0000005050002300777123,0.0000003537656141361367,0,0.007020100019872189,0.0000097343472589273,-0.27316761016845703,2525.00439453125,664.767333984375,-23.098421096801758,0,7.170772075653076
0.028464999049901962,0.0000005050002300777123,0.0000003909821089109755,0,0.00744329858571291,0.000008284068826469593,-0.2900557518005371,2525.0048828125,116.11518096923828,2.8234808444976807,0,7.170772075653076
0.028469998389482498,0.0000005050002300777123,0.00000042856817117353785,0,0.007517213933169842,0.000006819205736974254,-0.2929726243019104,2525.005615234375,-438.0309753417969,29.0048885345459,0,7.170772075653076
0.028474999591708183,0.0000005050002300777123,0.0000004647599212148634,0,0.007238348014652729,0.000005410314315668074,-0.2817782759666443,2525.006591796875,-971.2125244140625,54.196372985839844,0,7.170772075653076
0.02847999893128872,0.0000005050002300777123,0.0000004978601850780251,0,0.006620047613978386,0.000004125281520828139,-0.25700652599334717,2525.007568359375,-1457.971923828125,77.19576263427734,0,7.170772075653076
0.028485000133514404,0.0000005050002300777123,0.000000526319524851715,0,0.005691865459084511,0.000003026083732038387,-0.21983957290649414,2525.008056640625,-1875.0679931640625,96.90557098388672,0,7.170772075653076
0.02848999947309494,0.0000005050002300777123,0.00000054881030564502,0,0.004498152062296867,0.000002165827027056366,-0.17205137014389038,2525.008544921875,-2202.5859375,112.38536834716797,0,7.170772075653076
0.028494998812675476,0.0000005050002300777123,0.0000005642899623126141,0,0.0030959337018430233,0.0000015862120790188783,-0.11592298746109009,2525.009033203125,-2424.887939453125,122.8967056274414,0,7.170772075653076
0.02850000001490116,0.0000005050002300777123,0.0000005720509079765179,0,0.001552192959934473,0.0000013155433862266364,-0.05413372814655304,2525.009521484375,-2531.35986328125,127.9383544921875,0,7.170772075653076
0.028504999354481697,0.0000005050002300777123,0.0000005717542421734834,0,-0.000059330021031200886,0.0000013673775356437545,0.01036682166159153,2525.009521484375,-2516.91796875,127.27024841308594,0,7.170772075653076
0.028509998694062233,0.0000005050002300777123,0.0000005634459512293688,0,-0.0016616589855402708,0.000001739875528983248,0.07449960708618164,2525.009033203125,-2382.251953125,120.92497253417969,0,7.170772075653076
0.028514999896287918,0.0000005050002300777123,0.0000005475546913658036,0,-0.0031782567966729403,0.00000241589123106678,0.13520315289497375,2525.008544921875,-2133.79150390625,109.20613098144531,0,7.170772075653076
0.028519999235868454,0.0000005050002300777123,0.0000005248712682259793,0,-0.004536679480224848,0.000003363789801369421,0.18957969546318054,2525.008056640625,-1783.39990234375,92.67394256591797,0,7.170772075653076
0.02852499857544899,0.0000005050002300777123,0.0000004965111202182015,0,-0.005672035273164511,0.000004538957909971941,0.23503360152244568,2525.007568359375,-1347.8070068359375,72.1184310913086,0,7.170772075653076
0.028529999777674675,0.0000005050002300777123,0.0000004638607151719043,0,-0.006530084181576967,0.000005885934115212876,0.26939520239830017,2525.006591796875,-847.8109130859375,48.521728515625,0,7.170772075653076
0.02853499911725521,0.0000005050002300777123,0.0000004285115835500619,0,-0.007069824729114771,0.000007341056516452227,0.2910245358943939,2525.005615234375,-307.2846374511719,23.011167526245117,0,7.170772075653076
0.028539998456835747,0.0000005050002300777123,0.00000039218431879817217,0,-0.0072654555551707745,0.000008835503649606835,0.29888948798179626,2525.005126953125,247.96356201171875,-3.1945278644561768,0,7.170772075653076
0.028544999659061432,0.0000005050002300777123,0.0000003566462964954553,0,-0.0071076033636927605,0.00001029857958201319,0.29261514544487,2525.00439453125,791.4225463867188,-28.84343910217285,0,7.170772075653076
0.028549998998641968,0.0000005050002300777123,0.0000003236274324081023,0,-0.006603773683309555,0.000011661088137771003,0.27250173687934875,2525.003662109375,1297.14404296875,-52.710235595703125,0,7.170772075653076
0.028555000200867653,0.0000005050002300777123,0.0000002947374753148324,0,-0.005777991376817226,0.000012858638910984155,0.23951022326946259,2525.00341796875,1740.9815673828125,-73.6546630859375,0,7.170772075653076
0.02855999954044819,0.0000005050002300777123,0.0000002713892115480121,0,-0.0046696532517671585,0.000013834721357852686,0.19521649181842804,2525.002685546875,2101.743408203125,-90.6760025024414,0,7.170772075653076
0.028564998880028725,0.0000005050002300777123,0.00000025473099185546744,0,-0.0033316463232040405,0.000014543401448463555,0.14173604547977448,2525.002685546875,2362.20458984375,-102.96085357666016,0,7.170772075653076
0.02857000008225441,0.0000005050002300777123,0.0000002455918775012833,0,-0.0018278242787346244,0.000014951516277506016,0.08162300288677216,2525.002685546875,2509.928955078125,-109.92195129394531,0,7.170772075653076
0.028574999421834946,0.0000005050002300777123,0.0000002444420772462763,0,-0.00022995780454948545,0.000015040257494547404,0.017748191952705383,2525.002685546875,2537.863037109375,-111.2262191772461,0,7.170772075653076
0.02857999876141548,0.0000005050002300777123,0.0000002513705510409636,0,0.0013856920413672924,0.000014806068065809086,-0.046837955713272095,2525.002685546875,2444.67333984375,-106.81067657470703,0,7.170772075653076
0.028584999963641167,0.0000005050002300777123,0.00000026608063308231067,0,0.002942015416920185,0.00001426081325917039,-0.10905104875564575,2525.002685546875,2234.80908203125,-96.88543701171875,0,7.170772075653076
0.028589999303221703,0.0000005050002300777123,0.00000028790429951186525,0,0.004364734515547752,0.000013431213119474705,-0.16591998934745789,2525.003173828125,1918.290771484375,-81.92369079589844,0,7.170772075653076
0.02859499864280224,0.0000005050002300777123,0.0000003158340575737384,0,0.00558595173060894,0.000012357569175946992,-0.21472886204719543,2525.003662109375,1510.23095703125,-62.63908004760742,0,7.170772075653076
0.028599999845027924,0.0000005050002300777123,0.0000003485710067252512,0,0.006547389551997185,0.000011091836313426029,-0.25314658880233765,2525.00439453125,1030.113037109375,-39.951656341552734,0,7.170772075653076
0.02860499918460846,0.0000005050002300777123,0.00000038458688322862145,0,0.007203174754977226,0.000009695145308796782,-0.27933818101882935,2525.0048828125,500.8609313964844,-14.94393539428711,0,7.170772075653076
0.028609998524188995,0.0000005050002300777123,0.00000042219701867907133,0,0.00752202607691288,0.000008234882443503011,-0.2920525074005127,2525.005615234375,-52.25533676147461,11.190771102905273,0,7.170772075653076
0.02861499972641468,0.0000005050002300777123,0.00000045964077344251564,0,0.007488752715289593,0.000006781473530281801,-0.2906818389892578,2525.006591796875,-602.826416015625,37.20535659790039,0,7.170772075653076
0.028619999065995216,0.0000005050002300777123,0.0000004951656364937662,0,0.007104974240064621,0.0000054050187827670015,-0.27529096603393555,2525.007568359375,-1124.564453125,61.85845184326172,0,7.170772075653076
0.028624998405575752,0.0000005050002300777123,0.0000005271108420856763,0,0.006389046087861061,0.000004171948148723459,-0.24661415815353394,2525.008056640625,-1592.558349609375,83.97370147705078,0,7.170772075653076
0.028629999607801437,0.0000005050002300777123,0.0000005539867515835795,0,0.0053751831874251366,0.000003141848083032528,-0.20601999759674072,2525.0087890625,-1984.462890625,102.49590301513672,0,7.170772075653076
0.028634998947381973,0.0000005050002300777123,0.0000005745458793171565,0,0.004111826419830322,0.000002364617785133305,-0.15544605255126953,2525.009521484375,-2281.566162109375,116.54145050048828,0,7.170772075653076
0.02864000014960766,0.0000005050002300777123,0.0000005878425213268201,0,0.0026593273505568504,0.0000018780855270961183,-0.09730645269155502,2525.009521484375,-2469.682373046875,125.44046020507813,0,7.170772075653076
0.028644999489188194,0.0000005050002300777123,0.0000005932778890382906,0,0.0010870692785829306,0.0000017062029655789956,-0.03437650948762894,2525.010009765625,-2539.829833984375,128.76878356933594,0,7.170772075653076
0.02864999882876873,0.0000005050002300777123,0.0000005906286446588638,0,-0.000529846060089767,0.0000018579015659270226,0.03033972531557083,2525.010009765625,-2488.658935546875,126.3682632446289,0,7.170772075653076
0.028655000030994415,0.0000005050002300777123,0.0000005800577014269948,0,-0.002114185132086277,0.000002326666162844049,0.0937529057264328,2525.009521484375,-2318.61328125,118.35427856445313,0,7.170772075653076
0.02865999937057495,0.0000005050002300777123,0.000000562106379220495,0,-0.0035902694799005985,0.000003090845666520181,0.1528359055519104,2525.009033203125,-2037.8116455078125,105.11021423339844,0,7.170772075653076
0.028664998710155487,0.0000005050002300777123,0.000000537668427114113,0,-0.00488758971914649,0.000004114687271794537,0.2047683596611023,2525.00830078125,-1659.6614990234375,87.26921081542969,0,7.170772075653076
0.028669999912381172,0.0000005050002300777123,0.0000005079475613456452,0,-0.005944171454757452,0.000005350043466023635,0.2470712959766388,2525.007568359375,-1202.2181396484375,65.68386840820313,0,7.170772075653076
0.028674999251961708,0.0000005050002300777123,0.00000047439988293263013,0,-0.006709535140544176,0.000006738670890626963,0.27772554755210876,2525.0068359375,-687.3228759765625,41.38559341430664,0,7.170772075653076
0.028679998591542244,0.0000005050002300777123,0.0000004386643581710814,0,-0.007147105876356363,0.000008215010893763974,0.29526808857917786,2525.005859375,-139.56007385253906,15.535307884216309,0,7.170772075653076
0.02868499979376793,0.0000005050002300777123,0.0000004024845452477166,0,-0.007235959637910128,0.000009709320693218615,0.29886195063591003,2525.005126953125,414.9163513183594,-10.631940841674805,0,7.170772075653076
0.028689999133348465,0.0000005050002300777123,0.0000003676254323181638,0,-0.006971822585910559,0.000011151001672260463,0.2883361876010895,2525.004638671875,949.6321411132813,-35.8659782409668,0,7.170772075653076
0.028694998472929,0.0000005050002300777123,0.00000033578905345166277,0,-0.006367274094372988,0.000012471971785998903,0.26419398188591003,2525.00390625,1439.0565185546875,-58.96118927001953,0,7.170772075653076
0.028699999675154686,0.0000005050002300777123,0.00000030853331622893165,0,-0.00545114791020751,0.000013609915185952559,0.2275887131690979,2525.00341796875,1859.821044921875,-78.81405639648438,0,7.170772075653076
0.028704999014735222,0.0000005050002300777123,0.0000002871975368634594,0,-0.004267153795808554,0.000014511258996208198,0.1802687644958496,2525.003173828125,2191.8359375,-94.47589874267578,0,7.170772075653076
0.028709998354315758,0.0000005050002300777123,0.00000027283857662041555,0,-0.002871792297810316,0.000015133729903027415,0.12449412792921066,2525.003173828125,2419.248291015625,-105.19811248779297,0,7.170772075653076
0.028714999556541443,0.0000005050002300777123,0.0000002661803080172831,0,-0.0013316553086042404,0.000015448371414095163,0.06292847543954849,2525.002685546875,2531.2001953125,-110.46795654296875,0,7.170772075653076
0.02871999889612198,0.0000005050002300777123,0.00000026757908244690043,0,0.00027975242119282484,0.00001544093174743466,-0.0014880020171403885,2525.002685546875,2522.346435546875,-110.03302001953125,0,7.170772075653076
0.028725000098347664,0.0000005050002300777123,0.0000002770067055735126,0,0.0018855236703529954,0.000015112536857486703,-0.06567902117967606,2525.003173828125,2393.109619140625,-103.91325378417969,0,7.170772075653076
0.0287299994379282,0.0000005050002300777123,0.0000002940518015748239,0,0.003409020137041807,0.000014479641322395764,-0.12657904624938965,2525.00341796875,2149.660400390625,-92.40006256103516,0,7.170772075653076
0.028734998777508736,0.0000005050002300777123,0.00000031793945254321443,0,0.0047775316052138805,0.000013573242540587671,-0.18127968907356262,2525.003662109375,1803.62255859375,-76.0423355102539,0,7.170772075653076
0.02873999997973442,0.0000005050002300777123,0.00000034756820355141826,0,0.005925748031586409,0.00001243740007339511,-0.22716856002807617,2525.00439453125,1371.5181884765625,-55.62028503417969,0,7.170772075653076
0.028744999319314957,0.0000005050002300777123,0.000000381562585971551,0,0.006798877846449614,0.00001112713016482303,-0.2620539963245392,2525.0048828125,873.978759765625,-32.108177185058594,0,7.170772075653076
0.028749998658895493,0.0000005050002300777123,0.00000041833891373244114,0,0.00735526392236352,0.000009705781849334016,-0.28426966071128845,2525.00537109375,334.7601013183594,-6.627814769744873,0,7.170772075653076
0.028754999861121178,0.0000005050002300777123,0.0000004561807713798771,0,0.007568371947854757,0.000008242010153480805,-0.29275426268577576,2525.00634765625,-220.3920135498047,19.60502815246582,0,7.170772075653076
0.028759999200701714,0.0000005050002300777123,0.000000493321067551733,0,0.007428058888763189,0.0000068065000959904864,-0.28710201382637024,2525.007080078125,-764.9710083007813,45.33865737915039,0,7.170772075653076
0.02876499854028225,0.0000005050002300777123,0.0000005280263621898484,0,0.006941055413335562,0.000005468588824442122,-0.2675822079181671,2525.00830078125,-1272.9752197265625,69.34520721435547,0,7.170772075653076
0.028769999742507935,0.0000005050002300777123,0.0000005586795737144712,0,0.006130645517259836,0.0000042929577830364,-0.23512616753578186,2525.0087890625,-1720.1490478515625,90.47928619384766,0,7.170772075653076
0.02877499908208847,0.0000005050002300777123,0.0000005838573429173266,0,0.0050355554558336735,0.000003336543159093708,-0.19128292798995972,2525.009521484375,-2085.1416015625,107.73265075683594,0,7.170772075653076
0.028779998421669006,0.0000005050002300777123,0.0000006023978471603186,0,0.0037081041373312473,0.000002645816948643187,-0.13814523816108704,2525.01025390625,-2350.52587890625,120.28235626220703,0,7.170772075653076
0.02878499962389469,0.0000005050002300777123,0.0000006134563363957568,0,0.0022117034532129765,0.0000022545689262187807,-0.07824958860874176,2525.010498046875,-2503.63037109375,127.530029296875,0,7.170772075653076
0.028789998963475227,0.0000005050002300777123,0.0000006165454919937474,0,0.0006178331095725298,0.000002182292973884614,-0.014455169439315796,2525.010498046875,-2537.145263671875,129.1304931640625,0,7.170772075653076
0.028795000165700912,0.0000005050002300777123,0.0000006115586188570887,0,-0.0009973736014217138,0.000002433256440781406,0.050192706286907196,2525.010498046875,-2449.469970703125,125.00814056396484,0,7.170772075653076
0.02879999950528145,0.0000005050002300777123,0.0000005987748181723873,0,-0.0025567645207047462,0.0000029962961889395956,0.11260794848203659,2525.01025390625,-2244.791015625,115.3606948852539,0,7.170772075653076
0.028804998844861984,0.0000005050002300777123,0.0000005788455723632069,0,-0.0039858524687588215,0.0000038453517845482565,0.16981108486652374,2525.009521484375,-1932.880859375,100.64962005615234,0,7.170772075653076
0.02881000004708767,0.0000005050002300777123,0.0000005527637085833703,0,-0.005216371733695269,0.000004940709004586097,0.21907149255275726,2525.0087890625,-1528.6322021484375,81.57818603515625,0,7.170772075653076
0.028814999386668205,0.0000005050002300777123,0.0000005218159913056297,0,-0.006189537700265646,0.000006230898179637734,0.258037805557251,2525.008056640625,-1051.3465576171875,59.0578498840332,0,7.170772075653076
0.02881999872624874,0.0000005050002300777123,0.0000004875217314292968,0,-0.006858854088932276,0.000007655148692720104,0.2848501205444336,2525.007080078125,-523.8125610351563,34.16474151611328,0,7.170772075653076
0.028824999928474426,0.0000005050002300777123,0.00000045156008354751975,0,-0.007192331366240978,0.000009146293450612575,0.298228919506073,2525.00634765625,28.781831741333008,8.088298797607422,0,7.170772075653076
0.028829999268054962,0.0000005050002300777123,0.0000004156900104135275,0,-0.00717401597648859,0.000010633973943185993,0.2975360155105591,2525.00537109375,580.05224609375,-17.925554275512695,0,7.170772075653076
0.028834998607635498,0.0000005050002300777123,0.00000038166626836755313,0,-0.0068047503009438515,0.00001204799900733633,0.28280508518218994,2525.0048828125,1103.6773681640625,-42.63386917114258,0,7.170772075653076
0.028839999809861183,0.0000005050002300777123,0.00000035115559171572386,0,-0.006102133542299271,0.000013321699952939525,0.2547401785850525,2525.00439453125,1574.6558837890625,-64.85602569580078,0,7.170772075653076
0.02884499914944172,0.0000005050002300777123,0.0000003256571687870746,0,-0.0050996821373701096,0.000014395109246834181,0.21468189358711243,2525.003662109375,1970.500244140625,-83.53010559082031,0,7.170772075653076
0.028849998489022255,0.0000005050002300777123,0.00000030643101922578353,0,-0.0038452278822660446,0.000015217827240121551,0.1645435094833374,2525.00341796875,2272.310302734375,-97.76361083984375,0,7.170772075653076
0.02885499969124794,0.0000005050002300777123,0.0000002944378536540171,0,-0.002398635260760784,0.000015751425962662324,0.10671961307525635,2525.00341796875,2465.67578125,-106.87605285644531,0,7.170772075653076
0.028859999030828476,0.0000005050002300777123,0.0000002902931441894907,0,-0.0008289420511573553,0.000015971283573890105,0.04397169128060341,2525.003173828125,2541.364013671875,-110.43144226074219,0,7.170772075653076
0.028864998370409012,0.0000005050002300777123,0.0000002942378216630459,0,0.0007889359258115292,0.00001586776488693431,-0.02070361003279686,2525.00341796875,2495.760986328125,-108.25912475585938,0,7.170772075653076
0.028869999572634697,0.0000005050002300777123,0.0000003061267364046216,0,0.002377782016992569,0.00001544667611597106,-0.08421763777732849,2525.00341796875,2331.04443359375,-100.4619369506836,0,7.170772075653076
0.028874998912215233,0.0000005050002300777123,0.00000032543556471864576,0,0.003861765842884779,0.000014728990208823234,-0.14353719353675842,2525.003662109375,2055.078857421875,-87.41124725341797,0,7.170772075653076
0.028880000114440918,0.0000005050002300777123,0.00000035128587683175283,0,0.005170064512640238,0.00001374984367430443,-0.1958293318748474,2525.00439453125,1681.04052734375,-69.7292709350586,0,7.170772075653076
0.028884999454021454,0.0000005050002300777123,0.0000003824870873359032,0,0.006240242626518011,0.000012556860383483581,-0.23859667778015137,2525.0048828125,1226.78857421875,-48.25936508178711,0,7.170772075653076
0.02888999879360199,0.0000005050002300777123,0.0000004175932701855345,0,0.00702123437076807,0.000011207877832930535,-0.26979660987854004,2525.00537109375,714.0120239257813,-24.025728225708008,0,7.170772075653076
0.028894999995827675,0.0000005050002300777123,0.0000004549721666080586,0,0.007475782185792923,0.00000976818409981206,-0.28793877363204956,2525.00634765625,167.19400024414063,1.8154927492141724,0,7.170772075653076
0.02889999933540821,0.0000005050002300777123,0.000000492883259539667,0,0.00758221372961998,0.000008307402822538279,-0.2921563386917114,2525.007080078125,-387.5567932128906,28.03138542175293,0,7.170772075653076
0.028904998674988747,0.0000005050002300777123,0.0000005295606797517394,0,0.007335479371249676,0.000006896166269143578,-0.28224730491638184,2525.00830078125,-923.7528686523438,53.371150970458984,0,7.170772075653076
0.028909999877214432,0.0000005050002300777123,0.000000563297646749561,0,0.006747392006218433,0.0000056027456594165415,-0.2586841583251953,2525.009033203125,-1415.7928466796875,76.62583923339844,0,7.170772075653076
0.028914999216794968,0.0000005050002300777123,0.00000059252795381326,0,0.005846060812473297,0.000004489789262152044,-0.22259128093719482,2525.010009765625,-1840.1834716796875,96.68604278564453,0,7.170772075653076
0.028919998556375504,0.0000005050002300777123,0.0000006159007170936093,0,0.004674553871154785,0.0000036113324313191697,-0.1756913959980011,2525.010498046875,-2176.66162109375,112.59488677978516,0,7.170772075653076
0.02892499975860119,0.0000005050002300777123,0.0000006323448928924336,0,0.00328883808106184,0.0000030102166874712566,-0.12022316455841064,2525.01123046875,-2409.16162109375,123.5937271118164,0,7.170772075653076
0.028929999098181725,0.0000005050002300777123,0.000000641120436739584,0,0.0017551081255078316,0.0000027160449462826364,-0.05883437395095825,2525.011474609375,-2526.582275390625,129.1583251953125,0,7.170772075653076
0.02893499843776226,0.0000005050002300777123,0.0000006418535463126318,0,0.00014662567991763353,0.0000027437674816610524,0.00554451160132885,2525.011474609375,-2523.3173828125,129.02395629882813,0,7.170772075653076
0.028939999639987946,0.0000005050002300777123,0.0000006345546808006475,0,-0.0014597782865166664,0.0000030929686545277946,0.06984025239944458,2525.01123046875,-2399.522705078125,123.19798278808594,0,7.170772075653076
0.02894499897956848,0.0000005050002300777123,0.0000006196178219397552,0,-0.002987372223287821,0.0000037478866943274625,0.13098359107971191,2525.0107421875,-2161.10888671875,111.9594955444336,0,7.170772075653076
0.028950000181794167,0.0000005050002300777123,0.0000005978018862151657,0,-0.0043631866574287415,0.0000046781656237726565,0.18605577945709229,2525.010009765625,-1819.45947265625,95.84606170654297,0,7.170772075653076
0.028954999521374702,0.0000005050002300777123,0.0000005701944019165239,0,-0.0055215004831552505,0.0000058403052207722794,0.2324279248714447,2525.009521484375,-1390.8870849609375,75.62800598144531,0,7.170772075653076
0.02895999886095524,0.0000005050002300777123,0.0000005381594974096515,0,-0.006406975910067558,0.00000717973807695671,0.26788654923439026,2525.00830078125,-895.8544921875,52.27162170410156,0,7.170772075653076
0.028965000063180923,0.0000005050002300777123,0.0000005032729859522078,0,-0.0069773029536008835,0.000008633434845251031,0.2907392680644989,2525.007568359375,-357.997802734375,26.89305305480957,0,7.170772075653076
0.02896999940276146,0.0000005050002300777123,0.00000046724687763344264,0,-0.007205219939351082,0.000010132913303095847,0.29989561438560486,2525.006591796875,197.00221252441406,0.7050087451934814,0,7.170772075653076
0.028974998742341995,0.0000005050002300777123,0.00000043184780906813103,0,-0.00707981176674366,0.000011607507985900156,0.2949189841747284,2525.005615234375,742.646240234375,-25.041156768798828,0,7.170772075653076
0.02897999994456768,0.0000005050002300777123,0.000000398812630919565,0,-0.0066070351749658585,0.00001298774623137433,0.2760476768016815,2525.005126953125,1252.8817138671875,-49.11518096923828,0,7.170772075653076
0.028984999284148216,0.0000005050002300777123,0.0000003697654733514355,0,-0.00580943189561367,0.000014208662832970731,0.24418331682682037,2525.004638671875,1703.3466796875,-70.36664581298828,0,7.170772075653076
0.028989998623728752,0.0000005050002300777123,0.0000003461402116045065,0,-0.004725053906440735,0.00001521290232631145,0.20084795355796814,2525.00439453125,2072.532958984375,-87.77987670898438,0,7.170772075653076
0.028994999825954437,0.0000005050002300777123,0.0000003291119980985968,0,-0.0034056438598781824,0.00001595345929672476,0.14811134338378906,2525.00390625,2342.813232421875,-100.52247619628906,0,7.170772075653076
0.028999999165534973,0.0000005050002300777123,0.00000031954115797816485,0,-0.0019141680095344782,0.00001639591937419027,0.08849209547042847,2525.003662109375,2501.282470703125,-107.98503875732422,0,7.170772075653076
0.02900499850511551,0.0000005050002300777123,0.0000003179321197421814,0,-0.0003218073397874832,0.000016520107237738557,0.024837464094161987,2525.003662109375,2540.37451171875,-109.8102798461914,0,7.170772075653076
0.029009999707341194,0.0000005050002300777123,0.00000032440931363453274,0,0.0012954401317983866,0.000016321044313372113,-0.039812639355659485,2525.003662109375,2458.22265625,-105.91004180908203,0,7.170772075653076
0.02901499904692173,0.0000005050002300777123,0.0000003387112599284592,0,0.002860388020053506,0.000015809189790161327,-0.10237076878547668,2525.00390625,2258.74951171875,-96.46956634521484,0,7.170772075653076
0.029019998386502266,0.0000005050002300777123,0.0000003602029892135761,0,0.004298347048461437,0.000015009943126642611,-0.1598493456840515,2525.00439453125,1951.4791259765625,-81.9385986328125,0,7.170772075653076
0.02902499958872795,0.0000005050002300777123,0.00000038790645362496434,0,0.005540691316127777,0.000013962426237412728,-0.20950335264205933,2525.0048828125,1551.0826416015625,-63.00993728637695,0,7.170772075653076
0.029029998928308487,0.0000005050002300777123,0.0000004205471384466364,0,0.006528135389089584,0.000012717619028990157,-0.24896135926246643,2525.005615234375,1076.6776123046875,-40.586360931396484,0,7.170772075653076
0.029035000130534172,0.0000005050002300777123,0.00000045661494141313597,0,0.007213562726974487,0.000011335925591993146,-0.27633872628211975,2525.00634765625,550.9151611328125,-15.73750114440918,0,7.170772075653076
0.029039999470114708,0.0000005050002300777123,0.000000494436335429782,0,0.00756427925080061,0.000009884287464956287,-0.29032763838768005,2525.007568359375,-1.101351022720337,10.351202011108398,0,7.170772075653076
0.029044998809695244,0.0000005050002300777123,0.0000005322542051544588,0,0.007563570514321327,0.000008432989488937892,-0.29025956988334656,2525.00830078125,-553.0150756835938,36.43511962890625,0,7.170772075653076
0.02905000001192093,0.0000005050002300777123,0.0000005683116910404351,0,0.007211501710116863,0.000007052303772070445,-0.2761371433734894,2525.009033203125,-1078.4739990234375,61.26985168457031,0,7.170772075653076
0.029054999351501465,0.0000005050002300777123,0.0000006009362891745695,0,0.006524914875626564,0.000005809133654111065,-0.24863402545452118,2525.01025390625,-1552.389404296875,83.670654296875,0,7.170772075653076
0.029059998691082,0.0000005050002300777123,0.0000006286194320637151,0,0.005536623299121857,0.000004763820015796227,-0.20906275510787964,2525.01123046875,-1952.1334228515625,102.56898498535156,0,7.170772075653076
0.029064999893307686,0.0000005050002300777123,0.0000006500886797766725,0,0.004293846897780895,0.000003967259544879198,-0.15931209921836853,2525.011474609375,-2258.61962890625,117.06354522705078,0,7.170772075653076
0.029069999232888222,0.0000005050002300777123,0.0000006643684287155338,0,0.0028559546917676926,0.000003458475475781597,-0.10175683349370956,2525.01220703125,-2457.214599609375,126.46331024169922,0,7.170772075653076
0.029074998572468758,0.0000005050002300777123,0.0000006708265800625668,0,0.0012916326522827148,0.0000032627535802021157,-0.039144378155469894,2525.012451171875,-2538.435791015625,130.32049560546875,0,7.170772075653076
0.029079999774694443,0.0000005050002300777123,0.0000006692046099487925,0,-0.00032439653296023607,0.0000033904352676472627,0.02553635463118553,2525.01220703125,-2498.405517578125,128.4519805908203,0,7.170772075653076
0.02908499911427498,0.0000005050002300777123,0.000000659629904475878,0,-0.0019149415893480182,0.000003836423729808303,0.08919772505760193,2525.011962890625,-2339.034912109375,120.9480209350586,0,7.170772075653076
0.029089998453855515,0.0000005050002300777123,0.000000642609791157156,0,-0.0034040280152112246,0.000004580427685141331,0.14880076050758362,2525.011474609375,-2067.933349609375,108.1679458618164,0,7.170772075653076
0.0290949996560812,0.0000005050002300777123,0.0000006190071530909336,0,-0.004720525350421667,0.000005587929081229959,0.20150023698806763,2525.0107421875,-1698.044921875,90.72300720214844,0,7.170772075653076
0.029099998995661736,0.0000005050002300777123,0.0000005899994448554935,0,-0.0058015440590679646,0.00000681183200867963,0.24478060007095337,2525.010009765625,-1247.0306396484375,69.44718933105469,0,7.170772075653076
0.02910499833524227,0.0000005050002300777123,0.0000005570222469941655,0,-0.006595437880605459,0.000008194711881515104,0.2765759825706482,2525.0087890625,-736.4247436523438,45.357398986816406,0,7.170772075653076
0.029109999537467957,0.0000005050002300777123,0.0000005217008833824366,0,-0.0070642693899571896,0.0000096715566542116,0.29536890983581543,2525.008056640625,-190.6068572998047,19.604881286621094,0,7.170772075653076
0.029114998877048492,0.0000005050002300777123,0.0000004857727731177874,0,-0.007185621652752161,0.000011172869562869892,0.3002626895904541,2525.007080078125,364.362060546875,-6.579695701599121,0,7.170772075653076
0.029120000079274178,0.0000005050002300777123,0.00000045100443912815535,0,-0.006953669246286154,0.00001262799105461454,0.29102426767349243,2525.00634765625,901.984130859375,-31.94504737854004,0,7.170772075653076
0.029124999418854713,0.0000005050002300777123,0.00000041910715253834496,0,-0.006379455793648958,0.000013968468010716606,0.2680954337120056,2525.00537109375,1396.58984375,-55.27900314331055,0,7.170772075653076
0.02912999875843525,0.0000005050002300777123,0.0000003916553339422535,0,-0.005490365903824568,0.00001513132610853063,0.2325715571641922,2525.0048828125,1824.5634765625,-75.46637725830078,0,7.170772075653076
0.029134999960660934,0.0000005050002300777123,0.0000003700112358728802,0,-0.004328818991780281,0.000016062072972999886,0.18614943325519562,2525.004638671875,2165.470703125,-91.54220581054688,0,7.170772075653076
0.02913999930024147,0.0000005050002300777123,0.00000035526002761798736,0,-0.002950243651866913,0.000016717303878976963,0.13104616105556488,2525.00439453125,2403.034423828125,-102.73786163330078,0,7.170772075653076
0.029144998639822006,0.0000005050002300777123,0.00000034815786875697086,0,-0.001420430256985128,0.000017066769942175597,0.06989338994026184,2525.00439453125,2525.911865234375,-108.51770782470703,0,7.170772075653076
0.02914999984204769,0.0000005050002300777123,0.00000034909592727672134,0,0.0001876095775514841,0.000017094827853725292,0.00561157613992691,2525.00439453125,2528.236083984375,-108.60469055175781,0,7.170772075653076
0.029154999181628227,0.0000005050002300777123,0.0000003580815643999813,0,0.0017971289344131947,0.00001680118111835327,-0.05872942507266998,2525.00439453125,2409.89599609375,-102.99356842041016,0,7.170772075653076
0.029159998521208763,0.0000005050002300777123,0.00000037473810721166956,0,0.0033313105814158916,0.000016200896425289102,-0.12005691230297089,2525.004638671875,2176.5419921875,-91.95116424560547,0,7.170772075653076
0.029164999723434448,0.0000005050002300777123,0.00000039832278275753197,0,0.00471693417057395,0.000015323685147450306,-0.17544208467006683,2525.005126953125,1839.3160400390625,-76.00363159179688,0,7.170772075653076
0.029169999063014984,0.0000005050002300777123,0.000000427762159915801,0,0.005887873005121946,0.000014212485439202283,-0.2222398817539215,2525.005615234375,1414.3193359375,-55.911293029785156,0,7.170772075653076
0.02917499840259552,0.0000005050002300777123,0.0000004617033937392989,0,0.006788249593228102,0.000012921409506816417,-0.2582152187824249,2525.006591796875,921.8440551757813,-32.63240051269531,0,7.170772075653076
0.029179999604821205,0.0000005050002300777123,0.0000004985789132661012,0,0.007375106681138277,0.00001151316064351704,-0.28164979815483093,2525.007568359375,385.4041442871094,-7.27733039855957,0,7.170772075653076
0.02918499894440174,0.0000005050002300777123,0.0000005366811706153385,0,0.007620454300194979,0.000010056040991912596,-0.2914240062236786,2525.00830078125,-169.38722229003906,18.94440460205078,0,7.170772075653076
0.029190000146627426,0.0000005050002300777123,0.0000005742442112932622,0,0.007512610871344805,0.000008620688277005684,-0.2870706021785736,2525.009521484375,-716.040771484375,44.781925201416016,0,7.170772075653076
0.029194999486207962,0.0000005050002300777123,0.0000006095280014051241,0,0.007056755945086479,0.0000072767043093335815,-0.26879677176475525,2525.010498046875,-1228.45556640625,69.00267791748047,0,7.170772075653076
0.029199998825788498,0.0000005050002300777123,0.0000006409014190467133,0,0.006274687126278877,0.000006089332146075321,-0.23747441172599792,2525.011474609375,-1682.165771484375,90.45134735107422,0,7.170772075653076
0.029205000028014183,0.0000005050002300777123,0.0000006669203003184521,0,0.005203776992857456,0.000005116340162203414,-0.19459840655326843,2525.01220703125,-2055.50830078125,108.10493469238281,0,7.170772075653076
0.02920999936759472,0.0000005050002300777123,0.0000006863962198622175,0,0.0038951889146119356,0.0000044052635530533735,-0.1422153115272522,2525.0126953125,-2330.6572265625,121.1216812133789,0,7.170772075653076
0.029214998707175255,0.0000005050002300777123,0.0000006984533911236213,0,0.002411435591056943,0.000003991135599790141,-0.08282561600208282,2525.013427734375,-2494.47509765625,128.88119506835938,0,7.170772075653076
0.02921999990940094,0.0000005050002300777123,0.0000007025703325780341,0,0.0008233922999352217,0.0000038948137444094755,-0.019264325499534607,2525.013427734375,-2539.140380859375,131.0141143798828,0,7.170772075653076
0.029224999248981476,0.0000005050002300777123,0.0000006986048788348853,0,-0.0007930858992040157,0.000004121985512028914,0.04543434828519821,2525.013427734375,-2462.520263671875,127.41975402832031,0,7.170772075653076
0.02922999858856201,0.0000005050002300777123,0.0000006868009450045065,0,-0.002360786311328411,0.000004662895207729889,0.1081819087266922,2525.0126953125,-2268.273193359375,118.27084350585938,0,7.170772075653076
0.029234999790787697,0.0000005050002300777123,0.0000006677768169538467,0,-0.0038048247806727886,0.000005492810032592388,0.16598300635814667,2525.01220703125,-1965.673828125,104.00537109375,0,7.170772075653076
0.029239999130368233,0.0000005050002300777123,0.0000006424957064155024,0,-0.0050562224350869656,0.000006573202426807256,0.2160784751176834,2525.011474609375,-1569.170166015625,85.30559539794922,0,7.170772075653076
0.02924499846994877,0.0000005050002300777123,0.0000006122197078184399,0,-0.006055197212845087,0.000007853587703721132,0.2560770511627197,2525.010498046875,-1097.69384765625,63.065513610839844,0,7.170772075653076
0.029249999672174454,0.0000005050002300777123,0.0000005784496011074225,0,-0.006754020694643259,0.000009273935575038195,0.28406959772109985,2525.009521484375,-573.75634765625,38.348167419433594,0,7.170772075653076
0.02925499901175499,0.0000005050002300777123,0.0000005428531153484073,0,-0.007119294721633196,0.000010767536878120154,0.29872018098831177,2525.008544921875,-22.37377166748047,12.334874153137207,0,7.170772075653076
0.029259998351335526,0.0000005050002300777123,0.0000005071854047855595,0,-0.0071335467509925365,0.000012264186807442456,0.299329936504364,2525.007568359375,530.1272583007813,-13.73116683959961,0,7.170772075653076
0.02926499955356121,0.0000005050002300777123,0.0000004732050911115948,0,-0.006796065252274275,0.000013693538676307071,0.28587037324905396,2525.0068359375,1057.3668212890625,-38.6042366027832,0,7.170772075653076
0.029269998893141747,0.0000005050002300777123,0.0000004425904194249597,0,-0.006122932303696871,0.000014988462680776138,0.2589847445487976,2525.005859375,1534.1710205078125,-61.0955696105957,0,7.170772075653076
0.02927500009536743,0.0000005050002300777123,0.00000041685913743094716,0,-0.005146256182342768,0.000016088250049506314,0.2199574112892151,2525.00537109375,1937.774169921875,-80.13011169433594,0,7.170772075653076
0.029279999434947968,0.0000005050002300777123,0.00000039729596323923033,0,-0.003912637475878,0.000016941512512858026,0.1706523895263672,2525.005126953125,2248.905517578125,-94.79786682128906,0,7.170772075653076
0.029284998774528503,0.0000005050002300777123,0.0000003848912228932022,0,-0.0024809460155665874,0.00001750863521010615,0.11342447996139526,2525.0048828125,2452.709716796875,-104.39732360839844,0,7.170772075653076
0.02928999997675419,0.0000005050002300777123,0.0000003802936703323212,0,-0.0009195088059641421,0.0000177636684384197,0.0510067455470562,2525.0048828125,2539.455810546875,-108.4689712524414,0,7.170772075653076
0.029294999316334724,0.0000005050002300777123,0.00000038377942246370367,0,0.0006971528637222946,0.00001769556911312975,-0.013619963079690933,2525.0048828125,2505.001953125,-106.81721496582031,0,7.170772075653076
0.02929999865591526,0.0000005050002300777123,0.0000003952388283323671,0,0.0022918805480003357,0.00001730872281768825,-0.0773693174123764,2525.005126953125,2350.993408203125,-99.5197525024414,0,7.170772075653076
0.029304999858140945,0.0000005050002300777123,0.0000004141816418723465,0,0.0037885629571974277,0.00001662273825786542,-0.1371968686580658,2525.00537109375,2084.783203125,-86.9238052368164,0,7.170772075653076
0.02930999919772148,0.0000005050002300777123,0.0000004397604982386838,0,0.005115770269185305,0.00001567151048220694,-0.19024544954299927,2525.005859375,1719.0821533203125,-69.6296157836914,0,7.170772075653076
0.029314998537302017,0.0000005050002300777123,0.0000004708113294782379,0,0.00621016463264823,0.000014501602890959475,-0.23398151993751526,2525.006591796875,1271.3511962890625,-48.46172332763672,0,7.170772075653076
0.029319999739527702,0.0000005050002300777123,0.0000005059089289716212,0,0.007019523996859789,0.00001317002170253545,-0.2663162052631378,2525.007568359375,762.9678344726563,-24.429616928100586,0,7.170772075653076
0.029324999079108238,0.0000005050002300777123,0.0000005434351351141231,0,0.007505236659198999,0.000011741496564354748,-0.28570500016212463,2525.008544921875,218.20567321777344,1.3204433917999268,0,7.170772075653076
0.029329998418688774,0.0000005050002300777123,0.0000005816558541482664,0,0.007644141558557749,0.000010285388270858675,-0.29122158885002136,2525.009521484375,-336.9248962402344,27.560192108154297,0,7.170772075653076
0.02933499962091446,0.0000005050002300777123,0.0000006188040515553439,0,0.007429639343172312,0.000008872379112290218,-0.28260186314582825,2525.0107421875,-875.918212890625,53.0379753112793,0,7.170772075653076
0.029339998960494995,0.0000005050002300777123,0.0000006531640792672988,0,0.006872002501040697,0.0000075710950113716535,-0.2602567970752716,2525.011962890625,-1373.039306640625,76.53852844238281,0,7.170772075653076
0.02934500016272068,0.0000005050002300777123,0.0000006831535301898839,0,0.005997888278216124,0.0000064448317971255165,-0.22525262832641602,2525.0126953125,-1804.55224609375,96.94097900390625,0,7.170772075653076
0.029349999502301216,0.0000005050002300777123,0.0000007073988399497466,0,0.004849063698202372,0.000005548531589738559,-0.17926007509231567,2525.013671875,-2149.85400390625,113.27242279052734,0,7.170772075653076
0.029354998841881752,0.0000005050002300777123,0.0000007248008841997944,0,0.003480412531644106,0.0000049261589083471335,-0.12447449564933777,2525.014404296875,-2392.45751953125,124.7542953491211,0,7.170772075653076
0.029360000044107437,0.0000005050002300777123,0.0000007345874450948031,0,0.001957315020263195,0.000004608603376254905,-0.06351107358932495,2525.014404296875,-2520.779296875,130.839599609375,0,7.170772075653076
0.029364999383687973,0.0000005050002300777123,0.000000736350045826839,0,0.0003525253850966692,0.000004612203611031873,0.0007200464606285095,2525.0146484375,-2528.6923828125,131.23899841308594,0,7.170772075653076
0.02936999872326851,0.0000005050002300777123,0.0000007300635616047657,0,-0.0012573020067065954,0.0000049379668780602515,0.06515266746282578,2525.014404296875,-2415.819091796875,125.9346694946289,0,7.170772075653076
0.029374999925494194,0.0000005050002300777123,0.0000007160871859923645,0,-0.002795271808281541,0.000005571521796809975,0.12671099603176117,2525.013916015625,-2187.548583984375,115.18109893798828,0,7.170772075653076
0.02937999926507473,0.0000005050002300777123,0.0000006951476052563521,0,-0.00418792013078928,0.000006483804099843837,0.18245646357536316,2525.013427734375,-1854.780029296875,99.49296569824219,0,7.170772075653076
0.029384998604655266,0.0000005050002300777123,0.0000006683039828203619,0,-0.00536872074007988,0.000007632444066985045,0.22972804307937622,2525.01220703125,-1433.4019775390625,79.62056732177734,0,7.170772075653076
0.02938999980688095,0.0000005050002300777123,0.0000006368976528392523,0,-0.006281263194978237,0.000008963790605776012,0.266269326210022,2525.011474609375,-943.5337524414063,56.513973236083984,0,7.170772075653076
0.029394999146461487,0.0000005050002300777123,0.000000602487943979213,0,-0.006881945766508579,0.000010415471479063854,0.2903361916542053,2525.01025390625,-408.56494140625,31.277698516845703,0,7.170772075653076
0.029399998486042023,0.0000005050002300777123,0.0000005667776576956385,0,-0.007142055779695511,0.000011919372809643392,0.3007802367210388,2525.009033203125,145.96173095703125,5.1179280281066895,0,7.170772075653076
0.029404999688267708,0.0000005050002300777123,0.0000005315319526744133,0,-0.007049142383038998,0.000013404889614321291,0.2971033453941345,2525.00830078125,693.5695190429688,-20.71504783630371,0,7.170772075653076
0.029409999027848244,0.0000005050002300777123,0.0000004984938755114854,0,-0.006607610732316971,0.000014802298210270237,0.27948176860809326,2525.007568359375,1208.112060546875,-44.986541748046875,0,7.170772075653076
0.02941499836742878,0.0000005050002300777123,0.00000046930131247790996,0,-0.0058385105803608894,0.00001604608587513212,0.24875743687152863,2525.006591796875,1665.0216064453125,-66.53640747070313,0,7.170772075653076
0.029419999569654465,0.0000005050002300777123,0.0000004454086592886597,0,-0.004778532311320305,0.000017078076780308038,0.20639802515506744,2525.005859375,2042.482421875,-84.33445739746094,0,7.170772075653076
0.029424998909235,0.0000005050002300777123,0.00000042801738686648605,0,-0.0034782548900693655,0.0000178502104972722,0.15442664921283722,2525.005615234375,2322.47216796875,-97.5296401977539,0,7.170772075653076
0.029430000111460686,0.0000005050002300777123,0.00000041801874317570764,0,-0.001999730011448264,0.000018326836652704515,0.09532538056373596,2525.00537109375,2491.6220703125,-105.49064636230469,0,7.170772075653076
0.02943499945104122,0.0000005050002300777123,0.00000041595114907977404,0,-0.0004135207855142653,0.0000184864202310564,0.03191675245761871,2525.00537109375,2541.85595703125,-107.83610534667969,0,7.170772075653076
0.029439998790621758,0.0000005050002300777123,0.00000042197447669423127,0,0.0012046683114022017,0.00001832256566558499,-0.03277108073234558,2525.005615234375,2470.775390625,-104.45276641845703,0,7.170772075653076
0.029444999992847443,0.0000005050002300777123,0.00000043586251763372275,0,0.002777606016024947,0.00001784432060958352,-0.095648854970932,2525.005859375,2281.774169921875,-95.50086975097656,0,7.170772075653076
0.02944999933242798,0.0000005050002300777123,0.00000045701361273131624,0,0.00423022173345089,0.000017075752111850306,-0.15371376276016235,2525.00634765625,1983.87646484375,-81.40657806396484,0,7.170772075653076
0.029454998672008514,0.0000005050002300777123,0.0000004844795853387041,0,0.005493189208209515,0.000016054787920438685,-0.20419275760650635,2525.007080078125,1591.3057861328125,-62.841552734375,0,7.170772075653076
0.0294599998742342,0.0000005050002300777123,0.0000005170107897356502,0,0.006506238132715225,0.000014831412954663392,-0.24467501044273376,2525.008056640625,1122.8060302734375,-40.69091033935547,0,7.170772075653076
0.029464999213814735,0.0000005050002300777123,0.0000005531159104066319,0,0.007221030071377754,0.00001346527824352961,-0.2732270061969757,2525.0087890625,600.7465209960938,-16.0109920501709,0,7.170772075653076
0.02946999855339527,0.0000005050002300777123,0.0000005911332436880912,0,0.007603468373417854,0.000012022854207316414,-0.2884849011898041,2525.010009765625,50.05369186401367,10.021123886108398,0,7.170772075653076
0.029474999755620956,0.0000005050002300777123,0.0000006293098522291984,0,0.007635324262082577,0.000010574256521067582,-0.28971949219703674,2525.01123046875,-502.9787902832031,36.16379165649414,0,7.170772075653076
0.029479999095201492,0.0000005050002300777123,0.0000006658854090346722,0,0.007315107621252537,0.00000918990008358378,-0.2768712341785431,2525.01220703125,-1031.945556640625,61.17009353637695,0,7.170772075653076
0.029484998434782028,0.0000005050002300777123,0.0000006991760983510176,0,0.006658139638602734,0.000007937134796520695,-0.2505529820919037,2525.013427734375,-1511.5902099609375,83.84735870361328,0,7.170772075653076
0.029489999637007713,0.0000005050002300777123,0.000000727655219634471,0,0.005695819854736328,0.000006877031410112977,-0.2120206654071808,2525.014404296875,-1919.011474609375,103.11415100097656,0,7.170772075653076
0.02949499897658825,0.0000005050002300777123,0.0000007500258334403043,0,0.0044741276651620865,0.000006061464318918297,-0.16311344504356384,2525.01513671875,-2234.75634765625,118.05184173583984,0,7.170772075653076
0.029500000178813934,0.0000005050002300777123,0.0000007652829481230583,0,0.0030514253303408623,0.000005530635007744422,-0.10616584867238998,2525.015869140625,-2443.749267578125,127.94854736328125,0,7.170772075653076
0.02950499951839447,0.0000005050002300777123,0.0000007727613251518051,0,0.001495674136094749,0.000005311153472575825,-0.043896280229091644,2525.016357421875,-2536.011474609375,132.33302307128906,0,7.170772075653076
0.029509998857975006,0.0000005050002300777123,0.0000007721672545812908,0,-0.00011881324462592602,0.000005414767201727955,0.02072271704673767,2525.015869140625,-2507.1376953125,130.9972686767578,0,7.170772075653076
0.02951500006020069,0.0000005050002300777123,0.0000007635926522198133,0,-0.0017149189952760935,0.000005837799562868895,0.08460645377635956,2525.015625,-2358.506591796875,124.0063705444336,0,7.170772075653076
0.029519999399781227,0.0000005050002300777123,0.0000007475106258425512,0,-0.003216403303667903,0.0000065613262449915055,0.14470532536506653,2525.01513671875,-2097.21484375,111.6954574584961,0,7.170772075653076
0.029524998739361763,0.0000005050002300777123,0.0000007247529083542759,0,-0.004551543854176998,0.000007552078386652283,0.19815045595169067,2525.014404296875,-1735.7381591796875,94.65365600585938,0,7.170772075653076
0.029529999941587448,0.0000005050002300777123,0.0000006964701242395677,0,-0.005656560882925987,0.000008764031917962711,0.24239066243171692,2525.013427734375,-1291.3358154296875,73.69599151611328,0,7.170772075653076
0.029534999281167984,0.0000005050002300777123,0.0000006640768219767779,0,-0.006478661671280861,0.000010140603080799337,0.27531424164772034,2525.01220703125,-785.2265014648438,49.82445526123047,0,7.170772075653076
0.02953999862074852,0.0000005050002300777123,0.0000006291840008998406,0,-0.006978563033044338,0.000011617352356552146,0.2953498661518097,2525.01123046875,-241.5751190185547,24.180166244506836,0,7.170772075653076
0.029544999822974205,0.0000005050002300777123,0.0000005935222020525543,0,-0.007132364436984062,0.000013125059922458604,0.3015415370464325,2525.010009765625,313.6609191894531,-2.0111072063446045,0,7.170772075653076
0.02954999916255474,0.0000005050002300777123,0.0000005588587441707205,0,-0.0069326916709542274,0.0000145930307553499,0.29359421133995056,2525.0087890625,853.9710083007813,-27.497474670410156,0,7.170772075653076
0.029554998502135277,0.0000005050002300777123,0.0000005269135385788104,0,-0.006389046087861061,0.000015952471585478634,0.27188804745674133,2525.008056640625,1353.5572509765625,-51.06070327758789,0,7.170772075653076
0.029559999704360962,0.0000005050002300777123,0.0000004992767799194553,0,-0.005527352914214134,0.000017139771443908103,0.23745998740196228,2525.007568359375,1788.5660400390625,-71.57437133789063,0,7.170772075653076
0.029564999043941498,0.0000005050002300777123,0.0000004773331738761044,0,-0.0043887244537472725,0.000018099544831784442,0.19195452332496643,2525.0068359375,2138.227294921875,-88.05767059326172,0,7.170772075653076
0.029569998383522034,0.0000005050002300777123,0.0000004621957145900524,0,-0.0030274945311248302,0.000018787270164466463,0.13754501938819885,2525.006591796875,2385.845947265625,-99.72222137451172,0,7.170772075653076
0.02957499958574772,0.0000005050002300777123,0.00000045465259290722315,0,-0.0015086252242326736,0.00001917142071761191,0.0768299549818039,2525.00634765625,2519.59912109375,-106.00972747802734,0,7.170772075653076
0.029579998925328255,0.0000005050002300777123,0.0000004551295660348842,0,0.00009539409074932337,0.00001923496529343538,0.012708894908428192,2525.00634765625,2533.100341796875,-106.61859130859375,0,7.170772075653076
0.02958500012755394,0.0000005050002300777123,0.00000046366960759769427,0,0.0017080084653571248,0.000018976184946950525,-0.05175597220659256,2525.006591796875,2425.705078125,-101.51839447021484,0,7.170772075653076
0.029589999467134476,0.0000005050002300777123,0.0000004799308612746245,0,0.00325225293636322,0.000018408754840493202,-0.11348604410886765,2525.0068359375,2202.541259765625,-90.95127868652344,0,7.170772075653076
0.02959499880671501,0.0000005050002300777123,0.0000005032030117035902,0,0.0046544261276721954,0.000017561087588546798,-0.16953329741954803,2525.007568359375,1874.2640380859375,-75.42040252685547,0,7.170772075653076
0.029600000008940697,0.0000005050002300777123,0.0000005324410494722542,0,0.005847611464560032,0.00001647498174861539,-0.21722103655338287,2525.00830078125,1456.5474853515625,-55.665931701660156,0,7.170772075653076
0.029604999348521233,0.0000005050002300777123,0.0000005663154070134624,0,0.0067748697474598885,0.000015203622751869261,-0.2542717158794403,2525.009033203125,969.3361206054688,-32.629695892333984,0,7.170772075653076
0.02960999868810177,0.0000005050002300777123,0.0000006032752253304352,0,0.0073919594287872314,0.000013809044503432233,-0.278915673494339,2525.01025390625,435.8925476074219,-7.4102044105529785,0,7.170772075653076
0.029614999890327454,0.0000005050002300777123,0.0000006416224778149626,0,0.007669447921216488,0.000012359166248643305,-0.2899756133556366,2525.011474609375,-118.31317138671875,18.789791107177734,0,7.170772075653076
0.02961999922990799,0.0000005050002300777123,0.0000006795930858061183,0,0.00759411696344614,0.000010924552043434232,-0.28692278265953064,2525.0126953125,-666.8195190429688,44.72071838378906,0,7.170772075653076
0.029624998569488525,0.0000005050002300777123,0.0000007154410468501737,0,0.007169595919549465,0.000009575040166964754,-0.26990237832069397,2525.013916015625,-1183.4373779296875,69.1458740234375,0,7.170772075653076
0.02962999977171421,0.0000005050002300777123,0.0000007475219945263234,0,0.006416184827685356,0.000008376408004551195,-0.23972639441490173,2525.01513671875,-1643.5,90.90042877197266,0,7.170772075653076
0.029634999111294746,0.0000005050002300777123,0.0000007743714149910375,0,0.005369888618588448,0.000007387232926703291,-0.1978350281715393,2525.016357421875,-2025.041015625,108.94709014892578,0,7.170772075653076
0.029639998450875282,0.0000005050002300777123,0.0000007947749054437736,0,0.004080695100128651,0.000006656094228674192,-0.14622777700424194,2525.01708984375,-2309.843017578125,122.42558288574219,0,7.170772075653076
0.029644999653100967,0.0000005050002300777123,0.0000008078258701971208,0,0.002610190771520138,0.000006219253464223584,-0.08736811578273773,2525.017333984375,-2484.307861328125,130.69378662109375,0,7.170772075653076
0.029649998992681503,0.0000005050002300777123,0.000000812968949048809,0,0.0010286183096468449,0.0000060989245866949204,-0.024065732955932617,2525.017578125,-2540.10546875,133.3583221435547,0,7.170772075653076
0.02965499833226204,0.0000005050002300777123,0.000000810026563158317,0,-0.0005884760757908225,0.0000063022121139511,0.04065752029418945,2525.017578125,-2474.57177734375,130.29339599609375,0,7.170772075653076
0.029659999534487724,0.0000005050002300777123,0.000000799207327872864,0,-0.0021638504695147276,0.000006820771886850707,0.10371197760105133,2525.01708984375,-2290.83544921875,121.64674377441406,0,7.170772075653076
0.02966499887406826,0.0000005050002300777123,0.0000007810960482856899,0,-0.003622254589572549,0.000007631209882674739,0.16208761930465698,2525.016357421875,-1997.6695556640625,107.83265686035156,0,7.170772075653076
0.029670000076293945,0.0000005050002300777123,0.0000007566259228042327,0,-0.004894023295491934,0.000008696199074620381,0.21299785375595093,2525.015380859375,-1609.0716552734375,89.51212310791016,0,7.170772075653076
0.02967499941587448,0.0000005050002300777123,0.0000007270339210663224,0,-0.005918402690440416,0.000009966262041416485,0.2540125250816345,2525.014404296875,-1143.595947265625,67.56132507324219,0,7.170772075653076
0.029679998755455017,0.0000005050002300777123,0.0000006938016667845659,0,-0.006646450143307447,0.000011382131560822017,0.28317397832870483,2525.01318359375,-623.4672241210938,43.02975082397461,0,7.170772075653076
0.029684999957680702,0.0000005050002300777123,0.0000006585847813767032,0,-0.007043373305350542,0.000012877583685622085,0.2990904450416565,2525.011962890625,-73.51985168457031,17.09014320373535,0,7.170772075653076
0.029689999297261238,0.0000005050002300777123,0.0000006231338147699717,0,-0.007090188097208738,0.00001438259641872719,0.3010026216506958,2525.0107421875,479.9881286621094,-9.017533302307129,0,7.170772075653076
0.029694998636841774,0.0000005050002300777123,0.0000005892106855753809,0,-0.006784628611057997,0.000015826695744181052,0.2888198494911194,2525.010009765625,1010.628662109375,-34.045291900634766,0,7.170772075653076
0.02969999983906746,0.0000005050002300777123,0.000000558504439140961,0,-0.006141252350062132,0.000017142318029073067,0.26312440633773804,2525.0087890625,1493.0654296875,-56.796688079833984,0,7.170772075653076
0.029704999178647995,0.0000005050002300777123,0.0000005325507004272367,0,-0.005190746393054724,0.000018268037820234895,0.22514382004737854,2525.00830078125,1904.263916015625,-76.18399047851563,0,7.170772075653076
0.02970999851822853,0.0000005050002300777123,0.0000005126584028403158,0,-0.003978462889790535,0.000019151499145664275,0.17669212818145752,2525.007568359375,2224.590576171875,-91.2800521850586,0,7.170772075653076
0.029714999720454216,0.0000005050002300777123,0.0000004998471467843046,0,-0.0025622528046369553,0.0000197519166249549,0.12008339166641235,2525.007568359375,2438.751220703125,-101.3626480102539,0,7.170772075653076
0.029719999060034752,0.0000005050002300777123,0.0000004947986553816008,0,-0.0010097036138176918,0.00002004202178795822,0.058021098375320435,2525.007568359375,2536.520263671875,-105.94890594482422,0,7.170772075653076
0.029724998399615288,0.0000005050002300777123,0.0000004978240895070485,0,0.0006050874944776297,0.000020009367290185764,-0.00653085857629776,2525.007568359375,2513.2294921875,-104.8183822631836,0,7.170772075653076
0.029729999601840973,0.0000005050002300777123,0.0000005088493253424531,0,0.0022050512488931417,0.000019656918084365316,-0.07048971951007843,2525.007568359375,2369.990966796875,-98.02359008789063,0,7.170772075653076
0.02973499894142151,0.0000005050002300777123,0.000000527418478668551,0,0.003713825950399041,0.000019002913177246228,-0.1308010369539261,2525.008056640625,2113.64404296875,-85.88749694824219,0,7.170772075653076
0.029740000143647194,0.0000005050002300777123,0.0000005527155053641764,0,0.005059405229985714,0.000018079990695696324,-0.18458454310894012,2525.0087890625,1756.42822265625,-68.98808288574219,0,7.170772075653076
0.02974499948322773,0.0000005050002300777123,0.0000005836033665218565,0,0.006177573464810848,0.000016933632650761865,-0.22927162051200867,2525.009521484375,1315.3994140625,-48.130767822265625,0,7.170772075653076
0.029749998822808266,0.0000005050002300777123,0.0000006186782570694049,0,0.00701497308909893,0.000015619993064319715,-0.2627279758453369,2525.0107421875,811.6150512695313,-24.309925079345703,0,7.170772075653076
0.02975500002503395,0.0000005050002300777123,0.0000006563365104739205,0,0.00753165315836668,0.000014203214959707111,-0.28335559368133545,2525.011962890625,269.1292419433594,1.3385549783706665,0,7.170772075653076
0.029759999364614487,0.0000005050002300777123,0.0000006948513942006684,0,0.007702975533902645,0.000012752369912050199,-0.2901689410209656,2525.01318359375,-286.15631103515625,27.591537475585938,0,7.170772075653076
0.029764998704195023,0.0000005050002300777123,0.0000007324553621401719,0,0.00752079114317894,0.0000113381593109807,-0.2828420400619507,2525.014404296875,-827.7285766601563,53.19701385498047,0,7.170772075653076
0.029769999906420708,0.0000005050002300777123,0.0000007674245239286392,0,0.006993831135332584,0.000010029538316302933,-0.2617241144180298,2525.015869140625,-1329.7294921875,76.93391418457031,0,7.170772075653076
0.029774999246001244,0.0000005050002300777123,0.0000007981609542184742,0,0.006147286854684353,0.000008890424396668095,-0.22782284021377563,2525.01708984375,-1768.190185546875,97.67037200927734,0,7.170772075653076
0.02977999858558178,0.0000005050002300777123,0.0000008232689765463874,0,0.005021609365940094,0.000007976643246365711,-0.182756245136261,2525.018310546875,-2122.17578125,114.41779327392578,0,7.170772075653076
0.029784999787807465,0.0000005050002300777123,0.0000008416218406637199,0,0.003670576959848404,0.00000733326578483684,-0.12867549061775208,2525.018798828125,-2374.78466796875,126.3780517578125,0,7.170772075653076
0.029789999127388,0.0000005050002300777123,0.0000008524154964106856,0,0.002158728428184986,0.000006992455382714979,-0.06816209852695465,2525.019287109375,-2513.95556640625,132.98158264160156,0,7.170772075653076
0.029794998466968536,0.0000005050002300777123,0.0000008552069061806833,0,0.0005582809098996222,0.0000069719317252747715,-0.004104748368263245,2525.019287109375,-2533.04345703125,133.91461181640625,0,7.170772075653076
0.02979999966919422,0.0000005050002300777123,0.0000008499353043589508,0,-0.001054318156093359,0.0000072741249823593535,0.060438670217990875,2525.019287109375,-2431.13720703125,129.1340789794922,0,7.170772075653076
0.029804999008774757,0.0000005050002300777123,0.0000008369250963369268,0,-0.0026020416989922523,0.000007886060302553233,0.12238706648349762,2525.018798828125,-2213.102294921875,118.86976623535156,0,7.170772075653076
0.029809998348355293,0.0000005050002300777123,0.0000008168702834154828,0,-0.00401095999404788,0.000008779976269579493,0.17878325283527374,2525.017822265625,-1889.3492431640625,103.61327362060547,0,7.170772075653076
0.02981499955058098,0.0000005050002300777123,0.0000007908014367785654,0,-0.005213770549744368,0.000009914651855069678,0.22693513333797455,2525.016845703125,-1475.3360595703125,84.09456634521484,0,7.170772075653076
0.029819998890161514,0.0000005050002300777123,0.0000007600363574056246,0,-0.006153011228889227,0.000011237372746109031,0.2645442485809326,2525.015625,-990.8305053710938,61.24712371826172,0,7.170772075653076
0.0298250000923872,0.0000005050002300777123,0.0000007261173209371918,0,-0.006783805321902037,0.000012686450645560399,0.2898155450820923,2525.014404296875,-458.9659423828125,36.163352966308594,0,7.170772075653076
0.029829999431967735,0.0000005050002300777123,0.0000006907372949171986,0,-0.007076004054397345,0.00001419416548742447,0.3015429973602295,2525.01318359375,94.86287689208984,10.042447090148926,0,7.170772075653076
0.02983499877154827,0.0000005050002300777123,0.0000006556591642947751,0,-0.007015623617917299,0.000015690002328483388,0.29916733503341675,2525.011962890625,644.212646484375,-15.8668794631958,0,7.170772075653076
0.029839999973773956,0.0000005050002300777123,0.0000006226316031643364,0,-0.006605515722185373,0.000017104015569202602,0.2828025817871094,2525.0107421875,1162.853759765625,-40.32600402832031,0,7.170772075653076
0.029844999313354492,0.0000005050002300777123,0.0000005933054580964381,0,-0.00586522975936532,0.000018370168618275784,0.2532307505607605,2525.010009765625,1626.02294921875,-62.16555404663086,0,7.170772075653076
0.029849998652935028,0.0000005050002300777123,0.0000005691550768460729,0,-0.004830081015825272,0.000019429489839239977,0.2118644118309021,2525.009033203125,2011.60546875,-80.34121704101563,0,7.170772075653076
0.029854999855160713,0.0000005050002300777123,0.0000005514077656698646,0,-0.0035494621843099594,0.000020232886527082883,0.16067931056022644,2525.0087890625,2301.191162109375,-93.98363494873047,0,7.170772075653076
0.02985999919474125,0.0000005050002300777123,0.0000005409853542914789,0,-0.0020844871178269386,0.000020743485947605222,0.10211995244026184,2525.008544921875,2480.953369140625,-102.43986511230469,0,7.170772075653076
0.029864998534321785,0.0000005050002300777123,0.0000005384599717217498,0,-0.0005050718318670988,0.000020938401576131582,0.038982998579740524,2525.008544921875,2542.308837890625,-105.30460357666016,0,7.170772075653076
0.02986999973654747,0.0000005050002300777123,0.0000005440269887913018,0,0.0011134034721180797,0.00002080981903418433,-0.02571636065840721,2525.008544921875,2482.328369140625,-102.43952178955078,0,7.170772075653076
0.029874999076128006,0.0000005050002300777123,0.0000005574954684561817,0,0.002693694084882736,0.000020365378077258356,-0.08888833224773407,2525.0087890625,2303.875732421875,-93.97985076904297,0,7.170772075653076
0.029879998415708542,0.0000005050002300777123,0.0000005782973744317133,0,0.004160377662628889,0.00001962779788300395,-0.14751604199409485,2525.009521484375,2015.47119140625,-80.32793426513672,0,7.170772075653076
0.029884999617934227,0.0000005050002300777123,0.0000006055146855032945,0,0.005443457048386335,0.000018633800209499896,-0.19879961013793945,2525.01025390625,1630.88525390625,-62.13405227661133,0,7.170772075653076
0.029889998957514763,0.0000005050002300777123,0.0000006379231649589201,0,0.0064817010425031185,0.000017432352251489647,-0.24028974771499634,2525.011474609375,1168.48046875,-40.26531982421875,0,7.170772075653076
0.029895000159740448,0.0000005050002300777123,0.0000006740510229974461,0,0.007225568871945143,0.00001608232742000837,-0.27000486850738525,2525.012451171875,650.335205078125,-15.764334678649902,0,7.170772075653076
0.029899999499320984,0.0000005050002300777123,0.0000007122488909772073,0,0.0076395743526518345,0.00001464970046072267,-0.2865254878997803,2525.013916015625,101.18900299072266,10.20065689086914,0,7.170772075653076
0.02990499883890152,0.0000005050002300777123,0.000000750768776924815,0,0.007703981827944517,0.000013204389688326046,-0.2890622615814209,2525.015380859375,-452.73834228515625,36.3914909362793,0,7.170772075653076
0.029910000041127205,0.0000005050002300777123,0.0000007878475116740447,0,0.007415747735649347,0.00001181692277896218,-0.27749335765838623,2525.016845703125,-984.9987182617188,61.559234619140625,0,7.170772075653076
0.02991499938070774,0.0000005050002300777123,0.000000821790820282331,0,0.0067886654287576675,0.00001055506982083898,-0.25237059593200684,2525.017822265625,-1470.1785888671875,84.50379943847656,0,7.170772075653076
0.029919998720288277,0.0000005050002300777123,0.0000008510543807460635,0,0.005852707661688328,0.000009480605513090268,-0.21489280462265015,2525.019287109375,-1885.1123046875,104.1312484741211,0,7.170772075653076
0.029924999922513962,0.0000005050002300777123,0.0000008743173793845926,0,0.004652594216167927,0.00000864636149344733,-0.1668488085269928,2525.020263671875,-2209.988037109375,119.50603485107422,0,7.170772075653076
0.029929999262094498,0.0000005050002300777123,0.0000008905456638785836,0,0.003245658241212368,0.0000080937015809468,-0.11053192615509033,2525.02099609375,-2429.29443359375,129.89566040039063,0,7.170772075653076
0.029934998601675034,0.0000005050002300777123,0.0000008990411970444256,0,0.0016991072334349155,0.000007850549081922509,-0.048630449920892715,2525.021240234375,-2532.56005859375,134.8056640625,0,7.170772075653076
0.02993999980390072,0.0000005050002300777123,0.0000008994752533908468,0,0.00008681498002260923,0.00000793005256127799,0.015900660306215286,2525.021240234375,-2514.8544921875,134.00320434570313,0,7.170772075653076
0.029944999143481255,0.0000005050002300777123,0.0000008919042215893569,0,-0.001514205476269126,0.000008329957381647546,0.07998090982437134,2525.02099609375,-2377.023193359375,127.5281982421875,0,7.170772075653076
0.02994999848306179,0.0000005050002300777123,0.0000008767668191467237,0,-0.0030274796299636364,0.000009032713933265768,0.14055131375789642,2525.0205078125,-2125.64697265625,115.6914291381836,0,7.170772075653076
0.029954999685287476,0.0000005050002300777123,0.0000008548632308702508,0,-0.004380722530186176,0.000010006316188082565,0.19472046196460724,2525.019287109375,-1772.7283935546875,99.0596694946289,0,7.170772075653076
0.02995999902486801,0.0000005050002300777123,0.0000008273167964034656,0,-0.005509289912879467,0.000011205829650862142,0.23990263044834137,2525.018310546875,-1335.117919921875,78.42863464355469,0,7.170772075653076
0.029964998364448547,0.0000005050002300777123,0.000000795520463725552,0,-0.006359265185892582,0.000012575535038195085,0.27394112944602966,2525.01708984375,-833.7098388671875,54.785011291503906,0,7.170772075653076
0.029969999566674232,0.0000005050002300777123,0.0000007610702823512838,0,-0.006890034303069115,0.000014051592188479844,0.2952113747596741,2525.015625,-292.4447326660156,29.259313583374023,0,7.170772075653076
0.02997499890625477,0.0000005050002300777123,0.0000007256891763063322,0,-0.007076222449541092,0.00001556508505018428,0.30269843339920044,2525.014404296875,262.8338928222656,3.0719377994537354,0,7.170772075653076
0.029980000108480453,0.0000005050002300777123,0.0000006911446348567551,0,-0.006908908486366272,0.000017045311324181966,0.2960454225540161,2525.01318359375,805.6133422851563,-22.52513313293457,0,7.170772075653076
0.02998499944806099,0.0000005050002300777123,0.000000659164356875408,0,-0.006396050564944744,0.000018423164874548092,0.2755706310272217,2525.011962890625,1309.9779052734375,-46.30809783935547,0,7.170772075653076
0.029989998787641525,0.0000005050002300777123,0.0000006313538278845954,0,-0.0055621033534407616,0.00001963442628039047,0.24225230515003204,2525.01123046875,1751.8458251953125,-67.13976287841797,0,7.170772075653076
0.02999499998986721,0.0000005050002300777123,0.0000006091195814406092,0,-0.004446853883564472,0.000020622836018446833,0.19768191874027252,2525.010498046875,2110.11962890625,-84.02385711669922,0,7.170772075653076
0.029999999329447746,0.0000005050002300777123,0.0000005936020102126349,0,-0.0031035197898745537,0.000021342777472455055,0.14398817718029022,2525.010009765625,2367.69287109375,-96.15258026123047,0,7.170772075653076
