Timestamp,X Position,Y Position,X Velocity,Y Velocity,Rotation,Rotation Velocity,Data1,Data2,Data3,Data4,FPS
0,0,0.0000004999999987376214,0,0,0,0,0,0,0,0,99.02951049804688
0,0,0.0000004999999987376214,0,0,0,0,0,0,0,0,148.30194091796875
0,0,0.0000004999999987376214,0,0,0,0,0,0,0,0,51.48800277709961
0,0,0.0000004999999987376214,0,0,0,0,0,0,0,0,126.61433410644531
0,0,0.0000004999999987376214,0,0,0,0,0,0,0,0,118.25922393798828
0,0,0.0000004999999987376214,0,0,0,0,0,0,0,0,110.04731750488281
0,0,0.0000004999999987376214,0,0,0,0,0,0,0,0,135.61160278320313
0,0,0.0000004999999987376214,0,0,0,0,0,0,0,0,117.74402618408203
0,0,0.0000004999999987376214,0,0,0,0,0,0,0,0,131.70025634765625
0,0,0.0000004999999987376214,0,0,0,0,0,0,0,0,99.64128875732422
0,0,0.0000004999999987376214,0,0,0,0,0,0,0,0,131.45787048339844
0,0,0.0000004999999987376214,0,0,0,0,0,0,0,0,118.70845031738281
0,0,0.0000004999999987376214,0,0,0,0,0,0,0,0,140.88475036621094
0,0,0.0000004999999987376214,0,0,0,0,0,0,0,0,101.14291381835938
0,0,0.0000004999999987376214,0,0,0,0,0,0,0,0,129.4665985107422
0,0,0.0000004999999987376214,0,0,0,0,0,0,0,0,119.00511932373047
0,0,0.0000004999999987376214,0,0,0,0,0,0,0,0,131.31976318359375
0,0,0.0000004999999987376214,0,0,0,0,0,0,0,0,96.13536071777344
0,0,0.0000004999999987376214,0,0,0,0,0,0,0,0,125.18778228759766
0,0,0.0000004999999987376214,0,0,0,0,0,0,0,0,80.48289489746094
0,0,0.0000004999999987376214,0,0,0,0,0,0,0,0,191.27774047851563
0,0,0.0000004999999987376214,0,0,0,0,0,0,0,0,136.68670654296875
0,0,0.0000004999999987376214,0,0,0,0,0,0,0,0,159.8209991455078
0,0,0.0000004999999987376214,0,0,0,0,0,0,0,0,118.00802612304688
0,0,0.0000004999999987376214,0,0,0,0,0,0,0,0,118.3572006225586
0,0,0.0000004999999987376214,0,0,0,0,0,0,0,0,110.88933563232422
0,0,0.0000004999999987376214,0,0,0,0,0,0,0,0,116.00927734375
0,0,0.0000004999999987376214,0,0,0,0,0,0,0,0,122.15978240966797
0,0,0.0000004999999987376214,0,0,0,0,0,0,0,0,137.85498046875
0,0,0.0000004999999987376214,0,0,0,0,0,0,0,0,96.06147766113281
0,0,0.0000004999999987376214,0,0,0,0,0,0,0,0,161.3944549560547
0,0,0.0000004999999987376214,0,0,0,0,0,0,0,0,111.07408905029297
0,0,0.0000004999999987376214,0,0,0,0,0,0,0,0,131.31976318359375
0,0,0.0000004999999987376214,0,0,0,0,0,0,0,0,115.82117462158203
0,0,0.0000004999999987376214,0,0,0,0,0,0,0,0,128.0245819091797
0,0,0.0000004999999987376214,0,0,0,0,0,0,0,0,118.9343490600586
0,0,0.0000004999999987376214,0,0,0,0,0,0,0,0,115.43345642089844
0,0,0.0000004999999987376214,0,0,0,0,0,0,0,0,100.63399505615234
0,0,0.0000004999999987376214,0,0,0,0,0,0,0,0,145.4333953857422
0,0,0.0000004999999987376214,0,0,0,0,0,0,0,0,71.90106201171875
0,0,0.0000004999999987376214,0,0,0,0,0,0,0,0,338.638671875
0,0,0.0000004999999987376214,0,0,0,0,0,0,0,0,115.15430450439453
0,0,0.0000004999999987376214,0,0,0,0,0,0,0,0,114.05109405517578
0,0,0.0000004999999987376214,0,0,0,0,0,0,0,0,117.96626281738281
0,0,0.0000004999999987376214,0,0,0,0,0,0,0,0,136.42564392089844
0,0,0.0000004999999987376214,0,0,0,0,0,0,0,0,115.23392486572266
0,0,0.0000004999999987376214,0,0,0,0,0,0,0,0,114.70520782470703
0,0,0.0000004999999987376214,0,0,0,0,0,0,0,0,123.25896453857422
0,0,0.0000004999999987376214,0,0,0,0,0,0,0,0,123.76237487792969
0,0,0.0000004999999987376214,0,0,0,0,0,0,0,0,117.71630096435547
0,0,0.0000004999999987376214,0,0,0,0,0,0,0,0,115.35356140136719
0,0,0.0000004999999987376214,0,0,0,0,0,0,0,0,137.19302368164063
0,0,0.0000004999999987376214,0,0,0,0,0,0,0,0,120.09127044677734
0,0,0.0000004999999987376214,0,0,0,0,0,0,0,0,111.00011444091797
0,0,0.0000004999999987376214,0,0,0,0,0,0,0,0,116.3602523803711
0,0,0.0000004999999987376214,0,0,0,0,0,0,0,0,140.74595642089844
0,0,0.0000004999999987376214,0,0,0,0,0,0,0,0,113.40440368652344
0,0,0.0000004999999987376214,0,0,0,0,0,0,0,0,120.20675659179688
0,0,0.0000004999999987376214,0,0,0,0,0,0,0,0,124.34717559814453
0,0,0.0000004999999987376214,0,0,0,0,0,0,0,0,82.05464935302734
0,0,0.0000004999999987376214,0,0,0,0,0,0,0,0,229.20008850097656
0,0,0.0000004999999987376214,0,0,0,0,0,0,0,0,103.14595031738281
0,0,0.0000004999999987376214,0,0,0,0,0,0,0,0,141.22299194335938
0,0,0.0000004999999987376214,0,0,0,0,0,0,0,0,119.21793365478516
0.000004999999873689376,0.000000000000019894361087983634,0.0000004920422611576214,0.0000000039788723427136574,-0.001591549371369183,0,0,-0.006250001024454832,-2500,0,0,113.98609161376953
0.000009999999747378752,0.00000000000005873807570975359,0.00000047625343313484336,0.000000007768743870428807,-0.0031577683985233307,0,0,-0.006152161862701178,-2460.211181640625,0,0,100.74551391601563
0.000014999999621068127,0.0000000000001146965145472703,0.00000045288479100236145,0.000000011191687576683762,-0.004673730581998825,0,0,-0.005964118055999279,-2381.26708984375,0,0,152.85845947265625
0.000019999999494757503,0.00000000000018515108879662429,0.00000042230826124978194,0.000000014090915101405699,-0.006115307100117207,0,0,-0.005701133981347084,-2264.423828125,0,0,116.93170928955078
0.00002499999936844688,0.0000000000002668510486365794,0.0000003850104803859722,0.000000016339992470193465,-0.0074595557525753975,0,0,-0.005384373478591442,-2111.541259765625,0,0,124.05408477783203
0.000029999999242136255,0.00000000000035609977965499195,0.0000003415850642340956,0.00000001784974656970917,-0.008685082197189331,0,0,-0.005040134768933058,-1925.0523681640625,0,0,113.00711822509766
0.00003499999729683623,0.0000000000004489659512219024,0.0000002927231719240808,0.000000018573235394114818,-0.00977238081395626,0,0,-0.004697561729699373,-1707.92529296875,0,0,126.75878143310547
0.000039999998989515007,0.0000000000005415054255691887,0.00000023920244984765304,0.000000018507897436847998,-0.010704146698117256,0,0,-0.0043869768269360065,-1463.61572265625,0,0,109.22992706298828
0.000045000000682193786,0.0000000000006299797380808492,0.0000001818746966364415,0.000000017694858911454503,-0.01146555133163929,0,0,-0.0041380091570317745,-1196.0120849609375,0,0,129.92074584960938
0.00004999999873689376,0.000000000000711060008616593,0.00000012165230600658106,0.00000001621605605350851,-0.012044476345181465,0,0,-0.003976819105446339,-909.373291015625,0,0,114.09013366699219
0.00005499999679159373,0.0000000000007820011456959042,0.00000005949377168690262,0.000000014188231034495402,-0.012431707233190536,0,0,-0.003925262950360775,-608.2613525390625,0,0,126.69454193115234
0.00005999999848427251,0.0000000000008407781307111228,-0.000000003611638987877086,0.000000011755393103385359,-0.012621082365512848,0,0,-0.003998468164354563,-297.4686584472656,0,0,120.8021240234375
0.00006500000017695129,0.0000000000008861747598752634,-0.0000000666595667553338,0.000000009079327512040436,-0.012609586119651794,0,0,-0.004204206168651581,18.05839729309082,0,0,122.8501205444336
0.00006999999459367245,0.000000000000917820940776748,-0.00000012864657605859975,0.000000006329246460268223,-0.01239740289747715,0,0,-0.0045419917441904545,333.29803466796875,0,0,109.08694458007813
0.00007499999628635123,0.0000000000009361764835569275,-0.00000018858611383620882,0.0000000036711196305105886,-0.011987907811999321,0,0,-0.00500287301838398,643.2330932617188,0,0,125.23481750488281
0.00007999999797903001,0.0000000000009424625793327812,-0.0000002455242054111295,0.0000000012572153318402002,-0.011387620121240616,0,0,-0.005569988861680031,942.9307861328125,0,0,93.53662109375
0.00008499999967170879,0.0000000000009385458989846773,-0.0000002985546529998828,-0.0000000007833370618826052,-0.010606091469526291,0,0,-0.006219399627298117,1227.6212158203125,0,0,154.0832061767578
0.00009000000136438757,0.0000000000009267850159186408,-0.0000003468334739409329,-0.0000000023521697922745943,-0.00965576246380806,0,0,-0.006921061314642429,1492.7734375,0,0,124.65719604492188
0.00009499999578110874,0.000000000000909846633798117,-0.0000003895922588981193,-0.000000003387679692323786,-0.008551757782697678,0,0,-0.007641248404979706,1734.16748046875,0,0,126.80699920654297
0.00009999999747378752,0.000000000000890506147554343,-0.00000042615050688254996,-0.000000003868095621584189,-0.007311647292226553,0,0,-0.008343742229044437,1947.96142578125,0,0,127.51849365234375
0.0001049999991664663,0.0000000000008714443554790063,-0.00000045592634023705614,-0.000000003812362425748006,-0.005955167580395937,0,0,-0.008992667309939861,2130.752685546875,0,0,114.99539947509766
0.00010999999358318746,0.0000000000008550546880779775,-0.0000004784458838003047,-0.0000000032779285952244663,-0.004503909032791853,0,0,-0.009553954936563969,2279.6318359375,0,0,117.13716888427734
0.00011499999527586624,0.0000000000008432725004392516,-0.0000004933507398163783,-0.0000000023564346030013894,-0.002980968449264765,0,0,-0.00999804399907589,2392.2294921875,0,0,123.80834197998047
0.00011999999696854502,0.0000000000008374380832884554,-0.000000500403643854952,-0.0000000011668830346422965,-0.001410584431141615,0,0,-0.010301204398274422,2466.753662109375,0,0,119.76048278808594
0.00012499999138526618,0.00000000000083820195792908,-0.0000004994923870071943,0.00000000015278001086471704,0.00018224981613457203,0,0,-0.01044726837426424,2502.018310546875,0,0,121.02142333984375
0.00013000000035390258,0.0000000000008454794481714545,-0.000000490631464344915,0.0000000014555010530159507,0.001772183459252119,0,0,-0.010428324341773987,2497.462158203125,0,0,111.42061614990234
0.00013499999477062374,0.0000000000008584566434446939,-0.0000004739619043903076,0.0000000025954425275642734,0.0033339117653667927,0,0,-0.01024534646421671,2453.157470703125,0,0,128.41915893554688
0.0001399999891873449,0.0000000000008756474278309723,-0.00000044974899537919555,0.000000003438161755298097,0.004842579364776611,0,0,-0.009908254258334637,2369.8095703125,0,0,119.44577026367188
0.0001449999981559813,0.0000000000008949983224156022,-0.0000004183781356914551,0.000000003870183284959694,0.006274174898862839,0,0,-0.00943509116768837,2248.7451171875,0,0,120.68549346923828
0.00014999999257270247,0.000000000000914034256269125,-0.00000038034858107494074,0.000000003807181236936685,0.0076059140264987946,0,0,-0.008850975893437862,2091.890625,0,0,107.64262390136719
0.00015500000154133886,0.0000000000009300350203508834,-0.0000003362655718319729,0.000000003200143261494759,0.00881660170853138,0,0,-0.008186784572899342,1901.7427978515625,0,0,129.13223266601563
0.00015999999595806003,0.0000000000009402318333628923,-0.0000002868307262815506,0.0000000020393637889526417,0.0098869688808918,0,0,-0.007477074395865202,1681.3277587890625,0,0,113.79153442382813
0.0001649999903747812,0.00000000000094201144280881,-0.00000023283082839498093,0.00000000035592823133256957,0.010799979791045189,0,0,-0.006757927592843771,1434.153564453125,0,0,123.71643829345703
0.00016999999934341758,0.0000000000009331125282174835,-0.00000017512530803287518,-0.000000001779789537970089,0.011541103944182396,0,0,-0.006065287161618471,1164.154052734375,0,0,120.8459243774414
0.00017499999376013875,0.0000000000009118032934588016,-0.00000011463258431376744,-0.000000004261847763586957,0.012098545208573341,0,0,-0.005432251840829849,875.62646484375,0,0,116.00927734375
0.00018000000272877514,0.0000000000008770281050875239,-0.000000052315428433757916,-0.000000006955034770328439,0.012463431805372238,0,0,-0.004887479357421398,573.162841796875,0,0,95.01187896728516
0.0001849999971454963,0.0000000000008285122804832512,0.00000001083434852944265,-0.000000009703160053220472,0.012629956007003784,0,0,-0.004453590139746666,261.5770568847656,0,0,178.50767517089844
0.00018999999156221747,0.0000000000007668196047756759,0.00000007381169098152895,-0.000000012338532862088414,0.012595469132065773,0,0,-0.004145503509789705,-54.17182540893555,0,0,112.62529754638672
0.00019500000053085387,0.0000000000006933561797622945,0.00000013561428602315573,-0.000000014692681737926705,0.012360518798232079,0,0,-0.003970296587795019,-369.05853271484375,0,0,128.81617736816406
0.00019999999494757503,0.0000000000006103211469196679,0.0000001952585080289282,-0.000000016607009101221593,0.011928845196962357,0,0,-0.003926581237465143,-678.0714721679688,0,0,121.9214859008789
0.0002049999893642962,0.0000000000005206066155429012,0.00000025179508611472556,-0.000000017942904051437836,0.01130731776356697,0,0,-0.004004713147878647,-976.2925415039063,0,0,116.8497314453125
0.0002099999983329326,0.0000000000004276517020281728,0.0000003043242315925454,-0.000000018590982975297266,0.010505829006433487,0,0,-0.004188038874417543,-1258.9754638671875,0,0,116.42798614501953
0.00021499999274965376,0.000000000000335260411012811,0.00000035200989145778294,-0.000000018478255370268926,0.009537134319543839,0,0,-0.004453590139746666,-1521.6212158203125,0,0,107.0663833618164
0.00021999998716637492,0.00000000000024739373960872,0.00000039409314922522753,-0.000000017573333011000614,0.00841665267944336,0,0,-0.004774097818881273,-1760.049560546875,0,0,141.6631317138672
0.00022499999613501132,0.00000000000016794874410468175,0.0000004299042188904423,-0.000000015888998561308654,0.0071622151881456375,0,0,-0.005119723733514547,-1970.4658203125,0,0,119.16110229492188
0.00022999999055173248,0.00000000000010053820975611596,0.0000004588731599142193,-0.00000001348210787455173,0.0057937875390052795,0,0,-0.005460146348923445,-2149.521240234375,0,0,108.74293518066406
0.00023499999952036887,0.0000000000000482836291565078,0.0000004805389153261785,-0.000000010450916576587588,0.004333148710429668,0,0,-0.005766845308244228,-2294.365966796875,0,0,130.3950958251953
0.00023999999393709004,0.000000000000013636437627955605,0.0000004945566161040915,-0.000000006929438356451101,0.0028035459108650684,0,0,-0.0060143559239804745,-2402.694580078125,0,0,118.5958251953125
0.00024500000290572643,-0.0000000000000017642069988048348,0.0000005007032086723484,-0.000000003080129040711199,0.001229323330335319,0,0,-0.0061828321777284145,-2472.783203125,0,0,120.22120666503906
0.00024999998277053237,0.000000000000002813466097600784,0.0000004988808655070898,0.0000000009155346480937965,-0.0003644646203611046,0,0,-0.006258812732994556,-2503.516357421875,0,0,104.14496612548828
0.00025499999173916876,0.00000000000002715176987324458,0.0000004891186335953535,0.000000004867660940988117,-0.0019524518866091967,0,0,-0.006236122455447912,-2494.40478515625,0,0,137.83596801757813
0.00026000000070780516,0.00000000000007009598115706797,0.0000004715718091574672,0.000000008588842526080498,-0.0035093650221824646,0,0,-0.006116635166108608,-2445.593505859375,0,0,107.16964721679688
0.0002649999805726111,0.00000000000012962097757987512,0.0000004465196923320036,0.000000011904998764578067,-0.005010425113141537,0,0,-0.005909994710236788,-2357.859375,0,0,143.9884796142578
0.0002699999895412475,0.0000000000002029492025823476,0.00000041436098285885237,0.000000014665645586831033,-0.006431741639971733,0,0,-0.0056325774639844894,-2232.5986328125,0,0,99.10802459716797
0.0002749999985098839,0.00000000000028671037982999636,0.0000003756075273031456,0.00000001675223515462676,-0.007750693708658218,0,0,-0.0053071435540914536,-2071.80517578125,0,0,138.5617218017578
0.0002799999783746898,0.0000000000003771351720499583,0.00000033087607675952313,0.000000018084957531527834,-0.008946290239691734,0,0,-0.004960615187883377,-1878.037841796875,0,0,113.4429931640625
0.0002849999873433262,0.0000000000004702698191798305,0.0000002808785666275071,0.00000001862693110865621,-0.009999502450227737,0,0,-0.004622621461749077,-1654.380615234375,0,0,124.67273712158203
0.0002899999963119626,0.0000000000005621979119220522,0.00000022641073371687526,0.000000018385616584737363,-0.010893566533923149,0,0,-0.004323694389313459,-1404.39306640625,0,0,102.74324798583984
0.000295000005280599,0.0000000000006492575574390536,0.00000016833946858696436,0.00000001741192789950219,-0.011614253744482994,0,0,-0.0040925596840679646,-1132.053955078125,0,0,153.186279296875
0.00029999998514540493,0.0000000000007282389751991913,0.00000010758898838503228,0.000000015796285168789836,-0.012150095775723457,0,0,-0.003954753279685974,-841.6976318359375,0,0,109.08694458007813
0.00030499999411404133,0.0000000000007965511930607683,0.000000045126178349619295,0.000000013662440068173964,-0.012492561712861061,0,0,-0.003930605482310057,-537.9452514648438,0,0,134.17416381835938
0.0003100000030826777,0.0000000000008523477605139329,-0.000000018054834072245285,0.000000011159315249642532,-0.012636203318834305,0,0,-0.004033717792481184,-225.63121032714844,0,0,97.25733947753906
0.00031499998294748366,0.0000000000008946046486067727,-0.00000008094849590634112,0.00000000845137648752825,-0.012578733265399933,0,0,-0.0042699179612100124,90.27384948730469,0,0,145.68765258789063
0.00031999999191612005,0.000000000000923144915544738,-0.00000014255383007366618,0.0000000057080455917457584,-0.012321066111326218,0,0,-0.004636846482753754,404.7421569824219,0,0,113.57183074951172
0.00032500000088475645,0.0000000000009386097584926367,-0.00000020189034444229037,0.000000003092978317909001,-0.011867303401231766,0,0,-0.005123817827552557,712.768798828125,0,0,128.0245819091797
0.0003299999807495624,0.0000000000009423798547070206,-0.00000025801367087296967,0.0000000007540097435310145,-0.011224666610360146,0,0,-0.005712028127163649,1009.4513549804688,0,0,107.22710418701172
0.0003349999897181988,0.0000000000009364488351426559,-0.00000031003060030343477,-0.000000001186195364155651,-0.010403383523225784,0,0,-0.006376218982040882,1290.0679931640625,0,0,132.71400451660156
0.00033999999868683517,0.00000000000092326265990067,-0.0000003571132367596874,-0.000000002637234874924843,-0.009416526183485985,0,0,-0.007085234858095646,1550.152587890625,0,0,118.2452392578125
0.0003449999785516411,0.0000000000009055306959999954,-0.00000039851224187259504,-0.0000000035463911807198656,-0.008279800415039063,0,0,-0.007804590743035078,1785.565673828125,0,0,133.2445068359375
0.0003499999875202775,0.0000000000008860247062945914,-0.00000043356871515243256,-0.000000003901195810840363,-0.007011297158896923,0,0,-0.008497924543917179,1992.5606689453125,0,0,99.57183837890625
0.0003549999964889139,0.0000000000008673764289278407,-0.00000046172473844308115,-0.000000003729660136286839,-0.005631205625832081,0,0,-0.009129641577601433,2167.843017578125,0,0,130.412109375
0.0003600000054575503,0.0000000000008518884382635594,-0.0000004825321866519516,-0.000000003097598622048281,-0.004161490127444267,0,0,-0.009666643105447292,2308.623046875,0,0,123.38063049316406
0.0003649999853223562,0.0000000000008413707014084948,-0.0000004956598900207609,-0.000000002103545782006222,-0.0026255426928400993,0,0,-0.010080408304929733,2412.660400390625,0,0,131.26805114746094
0.0003699999942909926,0.0000000000008370126965660807,-0.0000005008989205634862,-0.0000000008716043442547061,-0.0010478084441274405,0,0,-0.010348805226385593,2478.299072265625,0,0,99.20635223388672
0.000375000003259629,0.000000000000839299224737744,-0.0000004981658889846585,0.0000000004573067480251325,0.000546602183021605,0,0,-0.01045753713697195,2504.494384765625,0,0,122.30919647216797
0.00037999998312443495,0.0000000000008479764199847972,-0.0000004875043373431254,0.0000000017354385706269682,0.0021323133260011673,0,0,-0.01040077768266201,2490.829345703125,0,0,122.71444702148438
0.00038499999209307134,0.0000000000008620701266552622,-0.00000046908388640076737,0.000000002818744571086995,0.0036840876564383507,0,0,-0.010181370191276073,2437.521484375,0,0,118.5817642211914
0.00039000000106170774,0.0000000000008799536078095416,-0.00000044319773451206856,0.000000003576700935425947,0.005177227780222893,0,0,-0.009811388328671455,2345.419189453125,0,0,140.9641876220703
0.00039499998092651367,0.000000000000899463283802332,-0.0000004102578827769321,0.000000003901937883910023,0.006587970070540905,0,0,-0.009310330264270306,2215.988525390625,0,0,107.23860931396484
0.00039999998989515007,0.000000000000918051333738401,-0.00000037078856962580176,0.0000000037176088873991375,0.007893861271440983,0,0,-0.008705119602382183,2051.289306640625,0,0,134.8435821533203
0.00040499999886378646,0.0000000000009329686545891946,-0.0000003254180001022178,0.0000000029834650305815558,0.009074117057025433,0,0,-0.008027398027479649,1853.9427490234375,0,0,106.8490219116211
0.0004099999787285924,0.0000000000009414642459723566,-0.00000027486822773425956,0.0000000016991276163835778,0.01010995451360941,0,0,-0.007312275469303131,1627.08984375,0,0,138.31259155273438
0.0004149999876972288,0.0000000000009409881727984182,-0.00000021994378585077357,-0.00000000009522027610842088,0.01098488736897707,0,0,-0.00659618154168129,1374.3409423828125,0,0,103.64842224121094
0.0004199999966658652,0.0000000000009293854748293473,-0.00000016151884096871072,-0.0000000023205459775965664,0.011684990487992764,0,0,-0.005914296489208937,1099.71875,0,0,130.9586181640625
0.0004249999765306711,0.0000000000009050673079914751,-0.00000010052323773379612,-0.000000004863637048657665,0.01219912152737379,0,0,-0.005299094598740339,807.593994140625,0,0,119.33174133300781
0.0004299999854993075,0.0000000000008671488006817274,-0.00000003792776226418937,-0.000000007583701666646903,0.01251909602433443,0,0,-0.00477791391313076,502.6159973144531,0,0,135.02565002441406
0.0004349999944679439,0.0000000000008155436504071745,0.00000002527135478658238,-0.000000010321030252669061,0.012639823369681835,0,0,-0.004371711518615484,189.6386260986328,0,0,103.70216369628906
0.00043999997433274984,0.0000000000007510096060661664,0.00000008806826201634976,-0.000000012906812507651466,0.012559381313621998,0,0,-0.004093669820576906,-126.3569564819336,0,0,129.70169067382813
0.00044499998330138624,0.0000000000006751399027511706,0.00000014946351711841999,-0.00000001517393855010596,0.01227905135601759,0,0,-0.003948993980884552,-440.34149169921875,0,0,121.25621795654297
0.00044999999227002263,0.0000000000005903028716877645,0.00000020847998882800312,-0.00000001696740881129699,0.011803294532001019,0,0,-0.0039341445080935955,-747.3177490234375,0,0,122.2045669555664
0.000455000001238659,0.0000000000004995294542592399,0.00000026417839649184316,-0.000000018154679537474294,0.011139682494103909,0,0,-0.004038158338516951,-1042.400146484375,0,0,107.58472442626953
0.00045999998110346496,0.00000000000040635962476887055,0.00000031567228120366053,-0.000000018633965481740233,0.0102987764403224,0,0,-0.004242370370775461,-1320.8922119140625,0,0,129.44984436035156
0.00046499999007210135,0.00000000000031465232979907554,0.0000003621420887611748,-0.000000018341456353709873,0.009293959476053715,0,0,-0.004522979259490967,-1578.361572265625,0,0,118.76484680175781
0.00046999999904073775,0.0000000000002283734995816439,0.00000040284822944158805,-0.000000017255768369750513,0.008141226135194302,0,0,-0.0048519521951675415,-1810.7105712890625,0,0,144.71780395507813
0.0004749999789055437,0.00000000000015137435575851566,0.00000043714283037843416,-0.00000001539983074394513,0.006858920678496361,0,0,-0.005199035629630089,-2014.2412109375,0,0,103.51966857910156
0.0004799999878741801,0.00000000000008717265326469228,0.00000046448008106381167,-0.000000012840340346542689,0.005467452108860016,0,0,-0.005534253548830748,-2185.714111328125,0,0,107.5037612915039
0.00048499999684281647,0.000000000000038751875921496856,0.00000048442490196976,-0.000000009684155699574148,0.003988966345787048,0,0,-0.0058293649926781654,-2322.400390625,0,0,165.48072814941406
0.0004900000058114529,0.00000000000000838863822697801,0.0000004966598794453603,-0.000000006072647718013968,0.002446994185447693,0,0,-0.006060429848730564,-2422.12451171875,0,0,113.16057586669922
0.0004949999856762588,-0.000000000000002478636091133527,0.0000005009902679375955,-0.0000000021734549715546336,0.0008660766761749983,0,0,-0.006208714097738266,-2483.29931640625,0,0,118.70845031738281
0.0004999999655410647,0.0000000000000066668980720167165,0.0000004973471732228063,0.0000000018291068659692655,-0.000728624640032649,0,0,-0.006262351758778095,-2504.951171875,0,0,127.1294174194336
0.0005050000036135316,0.00000000000003539017833669757,0.0000004857885187448119,0.000000005744655862116588,-0.0023117295932024717,0,0,-0.006217179354280233,-2486.735595703125,0,0,106.15711212158203
0.0005099999834783375,0.00000000000008232986774964202,0.00000046649830665046466,0.00000000938793842664154,-0.0038580421824008226,0,0,-0.006076666992157698,-2428.9423828125,0,0,140.19346618652344
0.0005149999633431435,0.0000000000001452770737910003,0.00000043978354824503185,0.00000001258943971294002,-0.005342951975762844,0,0,-0.005852124188095331,-2332.4912109375,0,0,111.44544982910156
0.0005200000014156103,0.00000000000022130325458454003,0.0000004060694038798829,0.000000015205236181259352,-0.006742826662957668,0,0,-0.005561592988669872,-2198.91748046875,0,0,126.83916473388672
0.0005249999812804163,0.00000000000030692885299304917,0.0000003658924754290638,0.000000017125119100569464,-0.008035385981202126,0,0,-0.005228872876614332,-2030.3468017578125,0,0,114.77103424072266
0.0005299999611452222,0.0000000000003983231387956476,0.00000031989219451133977,0.00000001827885576233257,-0.00920005701482296,0,0,-0.004881581291556358,-1829.462158203125,0,0,112.96881866455078
0.000534999999217689,0.000000000000491521103332393,0.0000002688006759399286,0.000000018639594756564293,-0.010218305513262749,0,0,-0.004549901932477951,-1599.460693359375,0,0,120.42388916015625
0.000539999979082495,0.0000000000005826460191052374,0.0000002134310506107795,0.000000018224989517534596,-0.011073924601078033,0,0,-0.0042639500461518764,-1344.0030517578125,0,0,136.07293701171875
0.0005449999589473009,0.0000000000006681228920807358,0.0000001546645762573462,0.000000017095372228936867,-0.011753296479582787,0,0,-0.004052036441862583,-1067.1549072265625,0,0,119.51715087890625
0.0005499999970197678,0.0000000000007448699860038155,0.0000000934365331772824,0.00000001534942306591347,-0.012245608493685722,0,0,-0.003938585519790649,-773.322509765625,0,0,120.1056900024414
0.0005549999768845737,0.0000000000008104568448644156,0.000000030721402310973644,0.000000013117375630145034,-0.012543026357889175,0,0,-0.00394261023029685,-467.1822814941406,0,0,111.39579010009766
0.0005599999567493796,0.000000000000863219923059183,-0.00000003248267432809371,0.000000010552614782000092,-0.0126408152282238,0,0,-0.004075906239449978,-153.6066131591797,0,0,131.54432678222656
0.0005649999948218465,0.0000000000009023283422532336,-0.00000009516977428347673,0.000000007821679304242934,-0.01253741979598999,0,0,-0.0043424987234175205,162.4137725830078,0,0,119.033447265625
0.0005699999746866524,0.0000000000009277964681253525,-0.00000015634219607818522,0.000000005093623300922445,-0.012234484776854515,0,0,-0.004738084971904755,475.8492736816406,0,0,118.31519317626953
0.0005750000127591193,0.0000000000009404433612067442,-0.00000021502636116110807,0.0000000025293880323573603,-0.011736832559108734,0,0,-0.005250036250799894,781.7113647460938,0,0,108.24853515625
0.0005799999926239252,0.0000000000009418021917895203,-0.00000027028826821151597,0.00000000027175994787853597,-0.011052381247282028,0,0,-0.00585809163749218,1075.1322021484375,0,0,123.4415512084961
0.0005849999724887311,0.0000000000009339853109663343,-0.00000032124839322023035,-0.0000000015633654371072225,-0.010192027315497398,0,0,-0.006535396911203861,1351.4417724609375,0,0,126.85525512695313
0.000590000010561198,0.0000000000009195159824532118,-0.00000036709570849779993,-0.000000002893859818442479,-0.009169461205601692,0,0,-0.007249963935464621,1606.242431640625,0,0,124.28536224365234
0.0005949999904260039,0.0000000000009011359909140426,-0.0000004071005150763085,-0.000000003675997284346977,-0.00800095871090889,0,0,-0.007966543547809124,1835.47900390625,0,0,111.98208618164063
0.0005999999702908099,0.0000000000008816022998431317,-0.0000004406261098210962,-0.000000003906734491465613,-0.006705117411911488,0,0,-0.008648984134197235,2035.5029296875,0,0,131.73495483398438
0.0006050000083632767,0.0000000000008634876667856783,-0.00000046713890355931653,-0.0000000036229217403871417,-0.005302560515701771,0,0,-0.00926175806671381,2203.130859375,0,0,124.59506225585938
0.0006099999882280827,0.0000000000008489956242370422,-0.0000004862169475927658,-0.000000002898408846263578,-0.003815610893070698,0,0,-0.00977287720888853,2335.69482421875,0,0,110.97547149658203
0.0006149999680928886,0.0000000000008398038666389274,-0.0000004975566412213084,-0.0000000018383488065154552,-0.002267933916300535,0,0,-0.0101552102714777,2431.085205078125,0,0,122.54901885986328
0.0006200000061653554,0.0000000000008369466686537763,-0.0000005009774781683518,-0.0000000005714423934044532,-0.0006841618451289833,0,0,-0.010388079099357128,2487.783447265625,0,0,126.10340118408203
0.0006249999860301614,0.0000000000008407414846776928,-0.0000004964250024386274,0.0000000007589581740852225,0.0009104990749619901,0,0,-0.010459133423864841,2504.887451171875,0,0,120.07685089111328
0.0006299999658949673,0.0000000000008507662348049283,-0.0000004839716325477639,0.000000002004945987010842,0.0024906687904149294,0,0,-0.010364695452153683,2482.125,0,0,119.60292053222656
0.0006350000039674342,0.0000000000008658898793291459,-0.0000004638156383407477,0.0000000030247324644960827,0.004031198564916849,0,0,-0.010109552182257175,2419.8583984375,0,0,101.58472442626953
0.0006399999838322401,0.0000000000008843515655020118,-0.0000004362777872302104,0.000000003692334438198941,0.005507569294422865,0,0,-0.00970758218318224,2319.078369140625,0,0,147.8196563720703
0.000644999963697046,0.000000000000903884931312271,-0.0000004017963703972782,0.0000000039066776480467524,0.0068962848745286465,0,0,-0.009180226363241673,2181.38916015625,0,0,116.1440200805664
0.0006500000017695129,0.0000000000009218795431892302,-0.00000036092015420763346,0.0000000035989158320148817,0.008175242692232132,0,0,-0.008555448614060879,2008.9820556640625,0,0,116.95906066894531
0.0006549999816343188,0.0000000000009355679208775114,-0.00000031429971159013803,0.000000002737676751962681,0.00932408683001995,0,0,-0.007865999825298786,1804.6009521484375,0,0,99.96001434326172
0.0006599999614991248,0.0000000000009422271990411346,-0.0000002626770481128915,0.0000000013318541824958174,0.01032453402876854,0,0,-0.0071474770084023476,1571.498779296875,0,0,152.2301788330078
0.0006649999995715916,0.0000000000009393812767585774,-0.00000020687375013039855,-0.0000000005691813687036529,0.011160660535097122,0,0,-0.0064361016266047955,1313.3853759765625,0,0,125.69129943847656
0.0006699999794363976,0.0000000000009249902276423083,-0.00000014777795342979516,-0.0000000028782061178844742,0.011819159612059593,0,0,-0.005766845308244228,1034.368896484375,0,0,115.62030029296875
0.0006749999593012035,0.0000000000008976152611993304,-0.00000008633019632497962,-0.000000005474989350773285,0.012289552018046379,0,0,-0.005170933436602354,738.889892578125,0,0,100.76582336425781
0.0006799999973736703,0.0000000000008565474718391641,-0.000000023508448521170067,-0.000000008213562274761443,0.012564349919557571,0,0,-0.004674385767430067,431.651123046875,0,0,132.60841369628906
0.0006849999772384763,0.0000000000008018912140209111,0.00000003968744977100869,-0.000000010931247906853514,0.012639179825782776,0,0,-0.004296563100069761,117.5423812866211,0,0,125.40757751464844
0.0006899999571032822,0.0000000000007345980377812533,0.00000010225170399280614,-0.000000013458641312524833,0.012512851506471634,0,0,-0.004048775415867567,-198.43711853027344,0,0,123.2437744140625
0.0006949999951757491,0.0000000000006564454383718721,0.0000001631885737651828,-0.000000015630522653964363,0.012187374755740166,0,0,-0.003934353124350309,-511.2583923339844,0,0,112.87955474853516
0.000699999975040555,0.0000000000005699642689240003,0.000000221528225097245,-0.00000001729623733126573,0.011667929589748383,0,0,-0.003948022611439228,-815.9427490234375,0,0,125.80198669433594
0.0007049999549053609,0.0000000000004783171471747782,0.0000002763421491636109,-0.000000018329426865193454,0.01096278429031372,0,0,-0.004076669458299875,-1107.6409912109375,0,0,121.6841049194336
0.0007099999929778278,0.00000000000038513446988866495,0.00000032675794159331417,-0.000000018636537646443685,0.010083159431815147,0,0,-0.004300657194107771,-1381.7105712890625,0,0,122.45897674560547
0.0007149999728426337,0.0000000000002943187414703591,0.0000003719732148965704,-0.000000018163145654170876,0.009043056517839432,0,0,-0.004594935569912195,-1633.78955078125,0,0,112.06993103027344
0.0007200000109151006,0.0000000000002098294004911419,0.00000041126835981231125,-0.00000001689786799374815,0.00785902887582779,0,0,-0.004930708557367325,-1859.865966796875,0,0,127.43724060058594
0.0007249999907799065,0.00000000000013546027364044755,0.0000004440179566245206,-0.000000014873823950267706,0.00654992088675499,0,0,-0.005277722608298063,-2056.341796875,0,0,119.17530822753906
0.0007299999706447124,0.00000000000007462418541177157,0.0000004697008080256637,-0.000000012167217455782975,0.00513656809926033,0,0,-0.005606071092188358,-2220.08984375,0,0,117.57789611816406
0.0007350000087171793,0.00000000000003015683609406371,0.0000004879081529907126,-0.000000008893469960469247,0.003641463816165924,0,0,-0.005888553336262703,-2348.504150390625,0,0,114.1552505493164
0.0007399999885819852,0.000000000000004153326106973686,0.0000004983501753486053,-0.000000005200702091201492,0.002088403794914484,0,0,-0.006102132610976696,-2439.540771484375,0,0,126.66244506835938
0.0007449999684467912,-0.0000000000000021528049626979,0.0000005008607217860117,-0.0000000012612262345612635,0.0005021059769205749,0,0,-0.006229530554264784,-2491.7509765625,0,0,123.22859191894531
0.000750000006519258,0.000000000000011538303136288813,0.0000004953998313794727,0.000000002738221649423167,-0.0010921831708401442,0,0,-0.006260755937546492,-2504.3037109375,0,0,119.67448425292969
0.000754999986384064,0.000000000000044575898283964396,0.0000004820543608730077,0.00000000660751942049842,-0.0026690897066146135,0,0,-0.006193170789629221,-2476.9990234375,0,0,109.02747344970703
0.0007599999662488699,0.00000000000009539607602124245,0.0000004610367909663182,0.000000010164035835202867,-0.004203516058623791,0,0,-0.006032257806509733,-2410.271728515625,0,0,130.78733825683594
0.0007650000043213367,0.0000000000001616125581884592,0.00000043268158833598136,0.00000001324329712559802,-0.005671042017638683,0,0,-0.005790853872895241,-2305.183837890625,0,0,121.6841049194336
0.0007699999841861427,0.0000000000002401549011737947,0.00000039744003288433305,0.000000015708467415720406,-0.007048309780657291,0,0,-0.0054883877746760845,-2163.40771484375,0,0,113.43013000488281
0.0007749999640509486,0.00000000000032744491254739494,0.0000003558730270469823,0.000000017458001266845713,-0.00831340067088604,0,0,-0.005149769596755505,-1987.199951171875,0,0,76.0167236328125
0.0007800000021234155,0.00000000000041960155510757657,0.00000030864214295434067,0.00000001843132935164249,-0.009446179494261742,0,0,-0.004803379997611046,-1779.364990234375,0,0,134.8253936767578
0.0007849999819882214,0.0000000000005126607146611895,0.000000256499049555714,0.000000018611828522807627,-0.010428618639707565,0,0,-0.004479472525417805,-1543.2105712890625,0,0,226.1420135498047
0.0007899999618530273,0.0000000000006027961875314236,0.00000020027364655561541,0.000000018027090931127532,-0.011245081201195717,0,0,-0.004208092112094164,-1282.4951171875,0,0,124.76605987548828
0.0007949999999254942,0.0000000000006865296634135654,0.00000014086079147546116,0.00000001674669647400151,-0.011882571503520012,0,0,-0.004016717430204153,-1001.3681030273438,0,0,115.48677825927734
0.0007999999797903001,0.0000000000007609155276352975,0.00000007920606748257342,0.000000014877170606553136,-0.012330945581197739,0,0,-0.003928732126951218,-704.3038330078125,0,0,128.0737762451172
0.0008049999596551061,0.0000000000008236902913211219,0.000000016290741200464254,0.000000012554949968546225,-0.012583065778017044,0,0,-0.003961414564400911,-396.03021240234375,0,0,111.89437103271484
0.0008099999977275729,0.0000000000008733766748009186,-0.00000004688385502049641,0.000000009937275002869228,-0.012634919956326485,0,0,-0.004125102888792753,-81.45357513427734,0,0,130.0390167236328
0.0008149999775923789,0.0000000000009093378177185696,-0.00000010931227478749861,0.000000007192231255004344,-0.0124856848269701,0,0,-0.004421810153871775,234.41940307617188,0,0,119.87532806396484
0.0008199999574571848,0.0000000000009317772248218503,-0.0000001700009306659922,0.000000004487889171400639,-0.012137733399868011,0,0,-0.004845429677516222,546.5615234375,0,0,114.31184387207031
0.0008249999955296516,0.0000000000009416868326783678,-0.0000002279839463881217,0.0000000019819159646772277,-0.011596603319048882,0,0,-0.005381389986723661,850.0048217773438,0,0,117.34334564208984
0.0008299999753944576,0.0000000000009407452030915642,-0.00000028233847615410923,-0.00000000018831980419520278,-0.010870907455682755,0,0,-0.006007832940667868,1139.919921875,0,0,129.90386962890625
0.0008349999552592635,0.0000000000009311747336746001,-0.0000003321994483940216,-0.000000001914091996013667,-0.009972196072340012,0,0,-0.006696587894111872,1411.692626953125,0,0,118.75074005126953
0.0008399999933317304,0.0000000000009155661255186298,-0.0000003767733005588525,-0.0000000031217206597489167,-0.008914772421121597,0,0,-0.007414763327687979,1660.99755859375,0,0,116.31964874267578
0.0008449999731965363,0.0000000000008966825762804498,-0.00000041535062678121903,-0.000000003776710943981243,-0.007715465500950813,0,0,-0.008126763626933098,1883.8668212890625,0,0,114.7973861694336
0.0008499999530613422,0.0000000000008772561128043976,-0.0000004473174328722962,-0.000000003885291643968003,-0.006393362767994404,0,0,-0.00879636686295271,2076.75341796875,0,0,115.58021545410156
0.0008549999911338091,0.0000000000008597905915876114,-0.00000047216497023327975,-0.0000000034931058046083763,-0.004969507455825806,0,0,-0.009388601407408714,2236.58740234375,0,0,138.38914489746094
0.000859999970998615,0.0000000000008463822633204832,-0.000000489497779199155,-0.0000000026816637799242926,-0.003466559574007988,0,0,-0.009872380644083023,2360.8251953125,0,0,113.36582946777344
0.000864999950863421,0.0000000000008385708035081596,-0.0000004990399702364812,-0.0000000015622919624647125,-0.0019084395607933402,0,0,-0.010222100652754307,2447.4892578125,0,0,117.39845275878906
0.0008699999889358878,0.0000000000008372313259341624,-0.0000005006397145734809,-0.0000000002678988142434946,-0.0003199457423761487,0,0,-0.010418818332254887,2495.2001953125,0,0,126.69454193115234
0.0008749999688006938,0.0000000000008425120952455789,-0.0000004942714895150857,0.000000001056150500389208,0.001273640082217753,0,0,-0.010452195070683956,2503.19873046875,0,0,69.04647064208984
0.0008799999486654997,0.000000000000853825040184053,-0.0000004800367037205433,0.0000000022625890050420594,0.002846955321729183,0,0,-0.0103201474994421,2471.357666015625,0,0,184.7404327392578
0.0008849999867379665,0.000000000000869886302747036,-0.0000004581619066357234,0.0000000032122551285596046,0.004374959506094456,0,0,-0.010030032135546207,2400.183837890625,0,0,180.89724731445313
0.0008899999666027725,0.0000000000008888071485399496,-0.0000004289952357794391,0.000000003784172086795934,0.005833334289491177,0,0,-0.009597253054380417,2290.809814453125,0,0,115.72734832763672
0.0008950000046752393,0.0000000000009082275404838358,-0.0000003930009029318171,0.000000003884076171800643,0.007198868319392204,0,0,-0.009044918231666088,2144.9765625,0,0,125.15644836425781
0.0008999999845400453,0.0000000000009254837564712237,-0.00000035075174764642725,0.0000000034512450675094897,0.008449830114841461,0,0,-0.008402376435697079,1965.0048828125,0,0,121.30033874511719
0.0009049999644048512,0.0000000000009378006184113108,-0.0000003029202275683929,0.000000002463381054695901,0.009566307067871094,0,0,-0.007703074254095554,1753.7591552734375,0,0,122.45897674560547
0.000910000002477318,0.0000000000009424940211957833,-0.0000002502675613413885,0.0000000009386822430457187,0.010530531406402588,0,0,-0.006983025465160608,1514.6014404296875,0,0,104.51505279541016
0.000914999982342124,0.0000000000009371714558906175,-0.00000019363176306796959,-0.0000000010645166970135733,0.011327158659696579,0,0,-0.006278310902416706,1251.338134765625,0,0,144.154541015625
0.0009199999622069299,0.0000000000009199171372570314,-0.0000001339142272627214,-0.000000003450871366439401,0.011943507939577103,0,0,-0.005623140837997198,968.1591796875,0,0,120.72920227050781
0.0009250000002793968,0.0000000000008894489420159524,-0.00000007206537588899664,-0.00000000609364203540963,0.012369770556688309,0,0,-0.005047906655818224,669.571533203125,0,0,108.97994995117188
0.0009299999801442027,0.0000000000008452379421375333,-0.000000009069566431207932,-0.000000008842204302084156,0.012599162757396698,0,0,-0.004577102605253458,360.3272705078125,0,0,132.5732421875
0.0009349999600090086,0.0000000000007875809379664922,0.00000005407058978335044,-0.000000011531395394115407,0.012628031894564629,0,0,-0.004228284116834402,45.34821319580078,0,0,121.06537628173828
0.0009399999980814755,0.0000000000007176219796352357,0.00000011635018637434769,-0.000000013991788172518227,0.01245591975748539,0,0,-0.004010958131402731,-270.3525695800781,0,0,115.42012786865234
0.0009449999779462814,0.0000000000006373190820571639,0.00000017677801622539846,-0.000000016060575092069485,0.0120855662971735,0,0,-0.003926511853933334,-581.7505493164063,0,0,116.15750885009766
0.0009499999578110874,0.000000000000549359765577434,0.00000023439233132194204,-0.000000017591865741906076,0.011522864922881126,0,0,-0.003967867698520422,-883.8897094726563,0,0,129.88699340820313
0.0009549999958835542,0.0000000000004570290001483512,0.0000002882761975797621,-0.000000018466153051122092,0.010776771232485771,0,0,-0.004120315425097942,-1171.9613037109375,0,0,118.49745178222656
0.0009599999757483602,0.000000000000364037630335573,0.00000033757200412765087,-0.000000018598271367409325,0.009859159588813782,0,0,-0.004362690728157759,-1441.380615234375,0,0,120.40939331054688
0.0009649999556131661,0.0000000000002743204968735924,0.0000003814951696767821,-0.00000001794342452399178,0.008784634992480278,0,0,-0.004669112619012594,-1687.859619140625,0,0,111.53245544433594
0.0009699999936856329,0.0000000000001918191625503718,0.000000419346662283715,-0.000000016500266042385192,0.007570298388600349,0,0,-0.005010019987821579,-1907.4754638671875,0,0,128.4851531982422
0.0009749999735504389,0.00000000000012025881050529985,0.00000045052405539536267,-0.000000014312068863375771,0.006235476583242416,0,0,-0.005355368833988905,-2096.73291015625,0,0,79.44073486328125
0.0009800000116229057,0.00000000000006293645888732352,0.00000047453113438677974,-0.000000011464471150191002,0.0048014139756560326,0,0,-0.0056755985133349895,-2252.619873046875,0,0,250.62657165527344
0.0009849999332800508,0.000000000000022531808233430817,0.0000004909858262180933,-0.000000008080930591347624,0.0032909344881772995,0,0,-0.005944134201854467,-2372.6552734375,0,0,116.37379455566406
0.0009899999713525176,0.0000000000000009520887496363567,0.0000004996261964151927,-0.000000004315944046595632,0.0017280783504247665,0,0,-0.006139324977993965,-2454.9287109375,0,0,128.84938049316406
0.0009950000094249845,-0.0000000000000007781627100163029,0.0000005003147975912725,-0.0000000003460502995267234,0.00013771909289062023,0,0,-0.006245420780032873,-2498.130615234375,0,0,115.58021545410156
0.0009999999310821295,0.000000000000017423471113152747,0.0000004930406589664926,0.0000000036403267067441902,-0.0014548320323228836,0,0,-0.006253955420106649,-2501.573486328125,0,0,123.99256134033203
0.0010049999691545963,0.00000000000005469233464554246,0.0000004779195137416536,0.00000000745377271016423,-0.003024228848516941,0,0,-0.0061643049120903015,-2465.20263671875,0,0,113.43013000488281
0.0010100000072270632,0.00000000000010926685717251722,0.0000004551920369522122,0.000000010914904535752612,-0.004545493517071009,0,0,-0.005983616691082716,-2389.596923828125,0,0,124.20817565917969
0.0010149999288842082,0.00000000000017859056789838734,0.00000042521998011579853,0.000000013864742243185901,-0.005994414445012808,0,0,-0.005726391449570656,-2275.95947265625,0,0,119.87532806396484
0.001019999966956675,0.0000000000002594605303177233,0.00000038848031636007363,0.000000016173991923551512,-0.007347931154072285,0,0,-0.0054132393561303616,-2126.09912109375,0,0,119.56002044677734
0.001025000005029142,0.00000000000034821077228228137,0.00000034555779393485864,0.00000001775005031845467,-0.008584502153098583,0,0,-0.005070180632174015,-1942.40087890625,0,0,115.43345642089844
0.001029999926686287,0.0000000000004409214963627117,0.00000029713555704802275,0.000000018542145596711634,-0.009684446267783642,0,0,-0.004726288840174675,-1727.788330078125,0,0,128.93243408203125
0.0010349999647587538,0.000000000000533640460379653,0.00000024398426035077136,0.000000018543794055858598,-0.010630258359014988,0,0,-0.004411887377500534,-1485.67724609375,0,0,120.8021240234375
0.0010400000028312206,0.0000000000006226032059700182,0.00000018694984760259103,0.00000001779254787948048,-0.011406884528696537,0,0,-0.004156466573476791,-1219.9207763671875,0,0,110.69293975830078
0.0010449999244883657,0.0000000000007044382438481378,0.00000012694002293756057,0.000000016367010857720743,-0.012001964263617992,0,0,-0.003986741416156292,-934.7486572265625,0,0,120.16342163085938
0.0010499999625608325,0.0000000000007763440498104179,0.0000000649098979010887,0.000000014381160262644244,-0.012406026013195515,0,0,-0.0039250547997653484,-634.6995849609375,0,0,115.48677825927734
0.0010550000006332994,0.0000000000008362293604964599,0.0000000018467005702405004,0.000000011977058456125178,-0.012612639926373959,0,0,-0.003987019415944815,-324.5489807128906,0,0,131.6309051513672
0.0010599999222904444,0.0000000000008828059268849164,-0.00000006124589191358609,0.000000009315308524548982,-0.012618518434464931,0,0,-0.0041812388226389885,-9.23298454284668,0,0,118.5114974975586
0.0010649999603629112,0.00000000000091563074396811,-0.00000012336371923993283,0.000000006564964571964538,-0.012423566542565823,0,0,-0.004507783334702253,306.22998046875,0,0,116.68611145019531
0.001069999998435378,0.000000000000935094016107918,-0.0000001835181535625452,0.000000003892643540837071,-0.01203088741749525,0,0,-0.00495860306546092,616.8191528320313,0,0,111.5448989868164
0.001074999920092523,0.0000000000009423548096368362,-0.00000024075180249383266,0.0000000014521521762844714,-0.011446730233728886,0,0,-0.0055174618028104305,917.59130859375,0,0,90.85952758789063
0.00107999995816499,0.0000000000009392299221352984,-0.0000002941537786682602,-0.0000000006249872286367975,-0.010680393315851688,0,0,-0.006160835735499859,1203.759521484375,0,0,229.20008850097656
0.0010849999962374568,0.0000000000009280420399174205,-0.00000034287415928702103,-0.000000002237577234609489,-0.009744073264300823,0,0,-0.0068593742325901985,1470.769287109375,0,0,109.49304962158203
0.0010899999178946018,0.0000000000009114394352097155,-0.00000038613751485172543,-0.000000003320518082716717,-0.008652671240270138,0,0,-0.007579214870929718,1714.37109375,0,0,129.18228149414063
0.0010949999559670687,0.0000000000008921959850603789,-0.00000042325530102971243,-0.000000003848690255381371,-0.007423556875437498,0,0,-0.00828476157039404,1930.6878662109375,0,0,120.77294921875
0.0010999999940395355,0.0000000000008730090218442288,-0.0000004536367725904711,-0.000000003837397954953303,-0.006076293531805277,0,0,-0.008939515799283981,2116.27685546875,0,0,117.46739959716797
0.0011049999156966805,0.0000000000008563036889806808,-0.00000047679839099146193,-0.0000000033410683109025285,-0.004632322583347559,0,0,-0.009509684517979622,2268.18408203125,0,0,116.5093765258789
0.0011099999537691474,0.0000000000008440609322590831,-0.0000004923714982396632,-0.0000000024485524718897977,-0.0031146262772381306,0,0,-0.009964875876903534,2383.9921875,0,0,124.54851531982422
0.0011149999918416142,0.0000000000008376763909259677,-0.0000005001082854505512,-0.000000001276913685899217,-0.0015473589301109314,0,0,-0.010281081311404705,2461.85791015625,0,0,120.77294921875
0.0011199999134987593,0.0000000000008378627652794179,-0.0000004998856297788734,0.000000000037276848274814256,0.00004453561268746853,0,0,-0.010441092774271965,2500.5419921875,0,0,119.41724395751953
0.0011249999515712261,0.0000000000008445994554781566,-0.0000004917069986731804,0.0000000013473391291540793,0.0016357213025912642,0,0,-0.010436443611979485,2499.4287109375,0,0,111.12345886230469
0.001129999989643693,0.0000000000008571337541639357,-0.00000047570262040608213,0.0000000025068649378567898,0.0032008737325668335,0,0,-0.010267412289977074,2458.53564453125,0,0,131.75230407714844
0.0011350000277161598,0.0000000000008740341349983138,-0.00000045212721033749403,0.000000003380074442560499,0.004715082235634327,0,0,-0.009943018667399883,2378.513916015625,0,0,120.14898681640625
0.0011399999493733048,0.0000000000008932908666242634,-0.0000004213559634536068,0.000000003851347241123904,0.006154248490929604,0,0,-0.009480680339038372,2260.636962890625,0,0,116.13053131103516
0.0011449999874457717,0.0000000000009124588020922864,-0.0000003838786426513252,0.0000000038335765673025435,0.007495466619729996,0,0,-0.008904960006475449,2106.78076171875,0,0,115.26049041748047
0.0011500000255182385,0.0000000000009288311222585555,-0.00000034029167750304623,0.000000003274467808012105,0.008717391639947891,0,0,-0.008246390148997307,1919.39404296875,0,0,126.90355682373047
0.0011549999471753836,0.0000000000009396356305882425,-0.0000002912888135142566,0.0000000021609025679936167,0.00980057381093502,0,0,-0.007539108395576477,1701.459228515625,0,0,121.77301788330078
0.0011599999852478504,0.0000000000009422374989617732,-0.00000023764994239172665,0.0000000005203685815580172,0.0107277762144804,0,0,-0.006819406058639288,1456.4449462890625,0,0,119.46003723144531
0.0011650000233203173,0.000000000000934337676672392,-0.00000018022875281076267,-0.0000000015799743735556149,0.011484239250421524,0,0,-0.006123087834566832,1188.2506103515625,0,0,96.53441619873047
0.0011699999449774623,0.0000000000009141522174654915,-0.0000001199391306272446,-0.000000004037082668162384,0.012057926505804062,0,0,-0.005483738612383604,901.1446533203125,0,0,152.9519805908203
0.0011749999830499291,0.0000000000008805622789091749,-0.00000005774060696239758,-0.000000006717990608251512,0.012439705431461334,0,0,-0.004930431023240089,599.696533203125,0,0,79.70032501220703
0.001180000021122396,0.0000000000008332231389227007,0.000000005376890044317406,-0.000000009467828299136727,0.01262350007891655,0,0,-0.004486133810132742,288.70391845703125,0,0,268.6005859375
0.001184999942779541,0.0000000000007726250195183582,0.0000000684088163893648,-0.000000012119623526984924,0.012606386095285416,0,0,-0.004166875034570694,-26.883562088012695,0,0,110.52165985107422
0.0011899999808520079,0.0000000000007001025193603683,0.0000001303519923112617,-0.000000014504504264323259,0.01238863542675972,0,0,-0.003980149514973164,-342.0431823730469,0,0,129.56724548339844
0.0011950000189244747,0.000000000000617789565164617,0.00000019022056108042307,-0.000000016462589513821513,0.011973712593317032,0,0,-0.003925332333892584,-651.759033203125,0,0,119.18951416015625
0.0011999999405816197,0.0000000000005285238392771507,0.0000002470616777827672,-0.00000001785314651669978,0.011368222534656525,0,0,-0.003993472084403038,-951.101806640625,0,0,119.96160888671875
0.0012049999786540866,0.0000000000004357037463025709,0.0000002999706794071244,-0.00000001856401965483201,0.01058180071413517,0,0,-0.004168610088527203,-1235.307373046875,0,0,110.87703704833984
0.0012100000167265534,0.0000000000003431096281657914,0.0000003481054875464906,-0.000000018518825584123988,0.0096269641071558,0,0,-0.004428124520927668,-1499.8524169921875,0,0,126.72665405273438
0.0012149999383836985,0.0000000000002546978199093747,0.0000003907000518665882,-0.000000017682360464732483,0.00851891003549099,0,0,-0.004744954407215118,-1740.5264892578125,0,0,119.78916931152344
0.0012199999764561653,0.00000000000017437951310792649,0.00000042707642933237366,-0.000000016063662400256362,0.007275274023413658,0,0,-0.005089678801596165,-1953.499267578125,0,0,117.23329162597656
0.0012250000145286322,0.00000000000010580051374928234,0.00000045665566972274974,-0.000000013715800051272709,0.005915848538279533,0,0,-0.005431696772575378,-2135.381103515625,0,0,117.068603515625
0.0012299999361857772,0.00000000000005213230631147432,0.0000004789670242644206,-0.000000010733641531146532,0.004462269134819508,0,0,-0.005742351058870554,-2283.27734375,0,0,127.89359283447266
0.001234999974258244,0.000000000000015889965395993882,0.0000004936553636980534,-0.000000007248468492093707,0.0029376703314483166,0,0,-0.0059959678910672665,-2394.833984375,0,0,119.78916931152344
0.0012400000123307109,-0.0000000000000012127038468475598,0.0000005004869763070019,-0.0000000034205338561577037,0.0013663172721862793,0,0,-0.006171868648380041,-2468.275634765625,0,0,120.6563720703125
0.001244999933987856,0.0000000000000016368594068334134,0.0000004993530637875665,0.0000000005699126726099735,-0.00022678147070109844,0,0,-0.006256175693124533,-2502.43359375,0,0,112.82861328125
0.0012499999720603228,0.00000000000002430327430459362,0.000000490271702346945,0.000000004533283082253092,-0.001816270872950554,0,0,-0.006242020986974239,-2496.76416015625,0,0,125.2818832397461
0.0012550000101327896,0.0000000000000657106950774887,0.0000004733874447993003,0.000000008281483943051171,-0.003376853186637163,0,0,-0.006130651570856571,-2451.357421875,0,0,121.19743347167969
0.0012599999317899346,0.0000000000001239052263568574,0.00000044896898998558754,0.000000011638906727284848,-0.00488369120284915,0,0,-0.005930950399488211,-2366.93603515625,0,0,116.78150177001953
0.0012649999698624015,0.00000000000019616854798551464,0.00000041740497636055807,0.000000014452666619035881,-0.006312802899628878,0,0,-0.0056588067673146725,-2244.84375,0,0,117.32958221435547
0.0012700000079348683,0.00000000000027917433447453843,0.00000037919775763839425,0.000000016601159558149448,-0.007641443517059088,0,0,-0.005336495116353035,-2087.023681640625,0,0,118.2452392578125
0.0012749999295920134,0.0000000000003691793778234226,0.0000003349554162923596,0.000000018001010460011457,-0.008848466910421848,0,0,-0.004990660585463047,-1895.987548828125,0,0,93.72949981689453
0.0012799999676644802,0.0000000000004622371279142112,0.00000028538210017359233,0.000000018611547858427002,-0.009914661757647991,0,0,-0.004650724586099386,-1674.77587890625,0,0,185.4943389892578
0.001285000005736947,0.0000000000005544190323850118,0.0000002312667959358805,0.000000018436384863207422,-0.010823060758411884,0,0,-0.004347286652773619,-1426.9093017578125,0,0,112.15792083740234
0.001289999927394092,0.0000000000006420331931031309,0.00000017347078085094836,0.000000017522836515126983,-0.011559204198420048,0,0,-0.004109212663024664,-1156.332763671875,0,0,124.67273712158203
0.001294999965466559,0.0000000000007218238051547032,0.00000011291389512280148,0.000000015958118382286557,-0.012111377902328968,0,0,-0.003962455317378044,-867.3526611328125,0,0,106.19093322753906
0.0013000000035390258,0.0000000000007911408615897397,0.000000050559926023652224,0.00000001386341352827003,-0.012470793910324574,0,0,-0.0039278301410377026,-564.5682373046875,0,0,139.7624053955078
0.0013049999251961708,0.0000000000008480698782120655,-0.000000012598725618317985,0.000000011385806075736582,-0.012631730176508427,0,0,-0.004019632004201412,-252.7983856201172,0,0,115.8614273071289
0.0013099999632686377,0.0000000000008915140761039941,-0.00000007555685499482934,0.000000008688845198889794,-0.012591625563800335,0,0,-0.004244313109666109,62.99488067626953,0,0,124.56402587890625
0.0013150000013411045,0.0000000000009212237092950937,-0.00000013731244052905822,0.00000000594193583225433,-0.012351118959486485,0,0,-0.004600278567522764,377.7855224609375,0,0,121.84720611572266
0.0013199999229982495,0.0000000000009377721038941744,-0.0000001968826381926192,0.000000003309685858710054,-0.011914039961993694,0,0,-0.005077465903013945,686.5634765625,0,0,119.76048278808594
0.0013249999610707164,0.000000000000942479926567541,-0.00000025331934239147813,0.00000000094156638041909,-0.011287341825664043,0,0,-0.005657974164932966,984.4144287109375,0,0,111.83180236816406
0.0013299999991431832,0.0000000000009372941875765428,-0.00000030572434184250596,-0.0000000010371408176723662,-0.010481000877916813,0,0,-0.0063166837207973,1266.5980224609375,0,0,129.3995819091797
0.0013349999208003283,0.0000000000009246289714784361,-0.00000035326357306075806,-0.000000002533043774732846,-0.009507848881185055,0,0,-0.007023131940513849,1528.623046875,0,0,119.38873291015625
0.001339999958872795,0.0000000000009071786833021733,-0.00000039518045014119707,-0.000000003490061351030249,-0.008383375592529774,0,0,-0.007743041962385178,1766.3192138671875,0,0,118.07769775390625
0.001344999996945262,0.0000000000008877176879869275,-0.0000004308078302983631,-0.000000003892194566645912,-0.007125476375222206,0,0,-0.008440054021775723,1975.903564453125,0,0,104.2318115234375
0.001349999918602407,0.000000000000868897401945512,-0.00000045957870042911964,-0.000000003764060618749454,-0.005754171870648861,0,0,-0.009078501723706722,2154.04052734375,0,0,142.3690185546875
0.0013549999566748738,0.0000000000008530559613730004,-0.0000004810351583728334,-0.0000000031682900747398435,-0.004291286692023277,0,0,-0.009624800644814968,2297.894775390625,0,0,123.70114135742188
0.0013599999947473407,0.0000000000008420517430031416,-0.0000004948356604472792,-0.0000000022008435074383215,-0.002760103438049555,0,0,-0.010050085373222828,2405.177001953125,0,0,120.40939331054688
0.0013649999164044857,0.0000000000008371314167039678,-0.0000005007606205253978,-0.0000000009840608328204326,-0.0011849916772916913,0,0,-0.010331804864108562,2474.1796875,0,0,111.60713958740234
0.0013699999544769526,0.000000000000838842721413019,-0.0000004987157353752991,0.00000000034225566825085707,0.00040897971484810114,0,0,-0.010454692877829075,2503.804443359375,0,0,122.74456787109375
0.0013749999925494194,0.0000000000008469957049096755,-0.0000004887335194325715,0.0000000016305942152072816,0.001996441977098584,0,0,-0.010412157513201237,2493.579833984375,0,0,112.61260986328125
0.0013799999142065644,0.0000000000008606762763423148,-0.0000004709728784746403,0.00000000273610956114112,0.003552129724994302,0,0,-0.010206488892436028,2443.668701171875,0,0,129.5504608154297
0.0013849999522790313,0.000000000000878310174156488,-0.00000044571646640179097,0.0000000035267846421049853,0.00505128363147378,0,0,-0.009848788380622864,2354.865478515625,0,0,116.02274322509766
0.0013899999903514981,0.0000000000008977744762883599,-0.00000041336625145049766,0.000000003892856259568589,0.006470043677836657,0,0,-0.009358139708638191,2228.58349609375,0,0,128.3861846923828
0.0013949999120086432,0.0000000000009165478705858154,-0.00000037443709288709215,0.0000000037546823428158405,0.007785830181092024,0,0,-0.008760631084442139,2066.83251953125,0,0,119.99040222167969
0.00139999995008111,0.0000000000009318911744701786,-0.00000032954858397715725,0.000000003068658216420772,0.00897770095616579,0,0,-0.008087766356766224,1872.186767578125,0,0,121.02142333984375
0.0014049999881535769,0.000000000000941045201832691,-0.000000279415161230645,0.0000000018308149440926513,0.010026686824858189,0,0,-0.007374517619609833,1647.7442626953125,0,0,101.89524841308594
0.0014099999098107219,0.000000000000941435189354134,-0.0000002248346930855405,0.00000000007799638712668866,0.010916094295680523,0,0,-0.006656966637820005,1397.0771484375,0,0,141.28285217285156
0.0014149999478831887,0.0000000000009308643265926175,-0.00000016667587487972924,-0.000000002114173280887144,0.011631765402853489,0,0,-0.005970987491309643,1124.1748046875,0,0,121.59532928466797
0.0014199999859556556,0.0000000000009076890172647623,-0.00000010586431642423122,-0.000000004635061667812579,0.012162311933934689,0,0,-0.0053488463163375854,833.3806762695313,0,0,109.22992706298828
0.0014249999076128006,0.0000000000008709591750068191,-0.00000004336787640113471,-0.0000000073459678340270784,0.012499288655817509,0,0,-0.0048186457715928555,529.3228759765625,0,0,124.79720306396484
0.0014299999456852674,0.0000000000008205172110330172,0.000000019818784835479164,-0.000000010088389679197007,0.012637333013117313,0,0,-0.004401826299726963,216.84066772460938,0,0,127.63241577148438
0.0014349999837577343,0.0000000000007570475821748468,0.00000008269002904626177,-0.000000012693925022233543,0.01257424894720316,0,0,-0.004112405236810446,-99.09263610839844,0,0,120.93360900878906
0.0014400000218302011,0.0000000000006820734298543241,0.00000014424522021272423,-0.00000001499483381905975,0.012311038561165333,0,0,-0.003956140950322151,-413.4488525390625,0,0,116.18450164794922
0.0014449999434873462,0.000000000000597899225789067,0.0000002035046833270826,-0.00000001683483752401571,0.011851892806589603,0,0,-0.003930605482310057,-721.2247924804688,0,0,117.57789611816406
0.001449999981559813,0.0000000000005075048454400433,0.0000002595252794890257,-0.000000018078877062066567,0.011204118840396404,0,0,-0.0040248362347483635,-1017.5220947265625,0,0,125.17211151123047
0.0014550000196322799,0.00000000000041439288524063034,0.00000031141539125201234,-0.00000001862239251693154,0.01037802454084158,0,0,-0.004221414681524038,-1297.625,0,0,121.72854614257813
0.001459999941289425,0.00000000000032240296586952266,0.00000035834918321597797,-0.000000018397985357410107,0.0093867601826787,0,0,-0.004496472887694836,-1557.0755615234375,0,0,116.6997299194336
0.0014649999793618917,0.0000000000002355006109826946,0.0000003995796760136727,-0.00000001738047039623325,0.008246100507676601,0,0,-0.0048223924823105335,-1791.7445068359375,0,0,114.74468994140625
0.0014700000174343586,0.00000000000015755569049945295,0.00000043445066921776743,-0.000000015588982549274988,0.006974199786782265,0,0,-0.0051691289991140366,-1997.89697265625,0,0,125.43903350830078
0.0014749999390915036,0.00000000000009212333044843202,0.0000004624071721082146,-0.000000013086472350209988,0.005591301247477531,0,0,-0.005506428889930248,-2172.251953125,0,0,107.56157684326172
0.0014799999771639705,0.0000000000000422400694066391,0.0000004830042712455906,-0.000000009976652393106633,0.004119414836168289,0,0,-0.00580611964687705,-2312.034423828125,0,0,134.10218811035156
0.0014850000152364373,0.000000000000010249261292102907,0.0000004959140937899065,-0.000000006398162000209595,0.002581965643912554,0,0,-0.006043568253517151,-2415.019775390625,0,0,115.75413513183594
0.0014899999368935823,-0.0000000000000023342711837352932,0.0000005009312076253991,-0.000000002516706620880882,0.0010034230072051287,0,0,-0.00619955500587821,-2479.56884765625,0,0,115.75413513183594
0.0014949999749660492,0.000000000000005087774548450524,0.0000004979757477485691,0.0000000014844092621757454,-0.0005910895997658372,0,0,-0.006261657923460007,-2504.654541015625,0,0,134.51708984375
0.001500000013038516,0.00000000000003216237633206845,0.0000004870947805102332,0.000000005414920956070546,-0.0021761946845799685,0,0,-0.0062249512411653996,-2489.877197265625,0,0,114.39029693603516
0.001504999934695661,0.0000000000000776054974406179,0.0000004684614509642415,0.000000009088624963737857,-0.003726664697751403,0,0,-0.006092417985200882,-2435.472412109375,0,0,118.53958892822266
0.001509999972768128,0.00000000000013927734291395433,0.0000004423723396485002,0.00000001233436819347844,-0.0052178227342665195,0,0,-0.005874398164451122,-2342.305908203125,0,0,125.5965805053711
0.0015150000108405948,0.00000000000021430524455717803,0.00000040924265931607806,0.00000001500558255429496,-0.006625936832278967,0,0,-0.005588723812252283,-2211.8603515625,0,0,121.30033874511719
0.0015199999324977398,0.0000000000002992499911064206,0.00000036959968952032796,0.000000016988952467045237,-0.007928595878183842,0,0,-0.005258501973003149,-2046.2119140625,0,0,119.73180389404297
0.0015249999705702066,0.00000000000039030261769941454,0.0000003240743637888954,0.00000001821052464379136,-0.009105066768825054,0,0,-0.004911349155008793,-1847.9970703125,0,0,114.37721252441406
0.0015300000086426735,0.0000000000004835009888119746,0.00000027339123676028976,0.000000018639671139908387,-0.010136625729501247,0,0,-0.004577102605253458,-1620.370361328125,0,0,126.02394104003906
0.0015349999302998185,0.000000000000574951978388194,0.00000021835695918070996,0.00000001829019780075214,-0.0110068554058671,0,0,-0.004286085721105337,-1366.9547119140625,0,0,118.00802612304688
0.0015399999683722854,0.0000000000006610463587110316,0.00000015984741708052752,0.00000001721887343819617,-0.011701907031238079,0,0,-0.004066816531121731,-1091.7833251953125,0,0,119.50286865234375
0.0015450000064447522,0.0000000000007386531707467836,0.0000000987938335583749,0.000000015521365526183217,-0.012210716493427753,0,0,-0.003943997900933027,-799.2356567382813,0,0,98.43488311767578
0.0015499999281018972,0.0000000000008052806468525353,0.00000003616790422711347,0.000000013325500702876525,-0.012525186873972416,0,0,-0.003937267232686281,-493.9677429199219,0,0,158.05279541015625
0.001554999966174364,0.0000000000008591957982757858,-0.000000027033649985241937,0.000000010783026027638698,-0.012640311382710934,0,0,-0.0040591140277683735,-180.83810424804688,0,0,118.5817642211914
0.001560000004246831,0.0000000000008994945088248996,-0.00000008980494214938517,0.000000008059746647859356,-0.012554259039461613,0,0,-0.004314257297664881,135.16966247558594,0,0,122.60912322998047
0.001564999925903976,0.0000000000009261192073645175,-0.00000015114693496798282,0.000000005324929830408109,-0.012268400751054287,0,0,-0.004699088167399168,449.026123046875,0,0,109.76948547363281
0.0015699999639764428,0.00000000000093982211336191,-0.0000002100833569329552,0.000000002740591087402322,-0.011787285096943378,0,0,-0.005201741587370634,755.736083984375,0,0,128.7498321533203
0.0015750000020489097,0.0000000000009420796391254593,-0.000000265676192157116,0.00000000045150527760995374,-0.011118567548692226,0,0,-0.005802441854029894,1050.418212890625,0,0,74.42137145996094
0.0015799999237060547,0.000000000000934960550820485,-0.00000031704064440418733,-0.00000000142382616807879,-0.010272893123328686,0,0,-0.006474959198385477,1328.38232421875,0,0,338.40948486328125
0.0015849999617785215,0.0000000000009209598144863107,-0.00000036335924846753187,-0.0000000028001410079525613,-0.0092637212947011,0,0,-0.007187653332948685,1585.20458984375,0,0,109.19414520263672
0.0015899999998509884,0.0000000000009028082101347756,-0.0000004038948020479438,-0.0000000036303244854707373,-0.008107111789286137,0,0,-0.007905551232397556,1816.797607421875,0,0,131.0615997314453
0.0015949999215081334,0.0000000000008832695859439799,-0.0000004380021607630624,-0.0000000039077230340467395,-0.006821474060416222,0,0,-0.008592293597757816,2019.475341796875,0,0,118.92020416259766
0.0015999999595806003,0.0000000000008649399555957227,-0.0000004651384983844764,-0.000000003665929781959676,-0.005427269265055656,0,0,-0.009212492033839226,2190.01220703125,0,0,120.38040161132813
0.0016049999976530671,0.0000000000008500615576029213,-0.0000004848719186156814,-0.0000000029756850317141925,-0.003946686163544655,0,0,-0.009733463637530804,2325.69384765625,0,0,112.67605590820313
0.0016099999193102121,0.0000000000008403628270689523,-0.0000004968883899891807,-0.0000000019397492501127545,-0.0024032900109887123,0,0,-0.010127801448106766,2424.361083984375,0,0,126.37432098388672
0.001614999957382679,0.0000000000008369368024140067,-0.0000005009966344005079,-0.0000000006852005629554014,-0.0008216442074626684,0,0,-0.010374270379543304,2484.443359375,0,0,119.56002044677734
0.0016199999954551458,0.0000000000008401643096511702,-0.0000004971312250745541,0.0000000006455046497322314,0.0007730782963335514,0,0,-0.01045961957424879,2504.984375,0,0,117.93843841552734
0.0016249999171122909,0.0000000000008496870741725449,-0.0000004853537234339456,0.000000001904555180232137,0.0023554968647658825,0,0,-0.010379266925156116,2485.657470703125,0,0,116.5772933959961
0.0016299999551847577,0.000000000000864432765819434,-0.00000046585159907408524,0.0000000029491418196414543,0.0039004264399409294,0,0,-0.010137584991753101,2426.77001953125,0,0,127.29124450683594
0.0016349999932572246,0.0000000000008826902967232209,-0.00000043893521706195315,0.0000000036515066526021656,0.005383279174566269,0,0,-0.009747619740664959,2329.25927734375,0,0,120.61270904541016
0.0016399999149143696,0.0000000000009022311435284702,-0.00000040503294940208434,0.000000003908168899613429,0.006780453957617283,0,0,-0.009230047464370728,2194.67724609375,0,0,119.16110229492188
0.0016449999529868364,0.0000000000009204672614393505,-0.00000036468438224801503,0.0000000036472205255932977,0.008069714531302452,0,0,-0.008612485602498055,2025.1658935546875,0,0,111.55734252929688
0.0016499999910593033,0.0000000000009346370248922153,-0.00000031853167570261576,0.000000002833963508308557,0.009230541065335274,0,0,-0.007927200756967068,1823.423095703125,0,0,128.83277893066406
0.0016549999127164483,0.0000000000009420055881170786,-0.0000002673093888461153,0.000000001473721367162284,0.0102444589138031,0,0,-0.007209788542240858,1592.6595458984375,0,0,121.96609497070313
0.0016599999507889152,0.0000000000009400677935741952,-0.0000002118327273592513,-0.0000000003875523235663536,0.011095331981778145,0,0,-0.006496400572359562,1336.548095703125,0,0,115.40680694580078
0.001664999988861382,0.0000000000009267393710071792,-0.0000001529846400671886,-0.000000002665689891045986,0.011769616976380348,0,0,-0.00582214817404747,1059.164794921875,0,0,116.7406005859375
0.001669999910518527,0.0000000000009005238503674573,-0.0000000917017288770694,-0.000000005243104617136396,0.012256583198904991,0,0,-0.005218811333179474,764.9243774414063,0,0,125.62814331054688
0.0016749999485909939,0.0000000000008606451055298558,-0.000000028959327380562172,-0.000000007975754279243574,0.012548480182886124,0,0,-0.004712896887212992,458.50982666015625,0,0,78.17996978759766
0.0016799999866634607,0.0000000000008071354999292235,0.0000000342439747669232,-0.000000010701918462530102,0.012640660628676414,0,0,-0.004324180074036121,144.7978057861328,0,0,263.0886535644531
0.0016849999083206058,0.0000000000007408733999555994,0.0000000969022693197985,-0.00000001325241516525466,0.012531658634543419,0,0,-0.004064943175762892,-171.2187042236328,0,0,114.18132019042969
0.0016899999463930726,0.0000000000006635671287620604,0.00000015801830954842444,-0.000000015461255387094752,0.01222321018576622,0,0,-0.00393914058804512,-484.5101623535156,0,0,127.14558410644531
0.0016949999844655395,0.0000000000005776869867885059,0.00000021661942639639165,-0.000000017176033040300354,0.011720223352313042,0,0,-0.003942055162042379,-790.0903930664063,0,0,119.9328384399414
0.0016999999061226845,0.0000000000004863466942540973,0.000000271772933047032,-0.000000018268055512749015,0.011030703783035278,0,0,-0.004061542917042971,-1083.095947265625,0,0,117.49500274658203
0.0017049999441951513,0.00000000000039314360686208694,0.00000032260106763715157,-0.000000018640617938103787,0.01016562432050705,0,0,-0.004278244450688362,-1358.863525390625,0,0,115.98236846923828
0.0017099999822676182,0.0000000000003019651043968674,0.0000003682948204186687,-0.00000001823570094927618,0.00913875363767147,0,0,-0.004567526746541262,-1613.004150390625,0,0,125.39185333251953
0.0017149999039247632,0.0000000000002167745692151224,0.000000408126993534097,-0.000000017038106037148282,0.007966436445713043,0,0,-0.0049008713103830814,-1841.4730224609375,0,0,121.84720611572266
0.00171999994199723,0.00000000000014138909769541297,0.0000004414636407545913,-0.000000015077093351578696,0.00666732806712389,0,0,-0.005248024594038725,-2040.6339111328125,0,0,114.45576477050781
0.001724999980069697,0.00000000000007926236842434667,0.0000004677741856085049,-0.000000012425346085365163,0.005262106657028198,0,0,-0.005579148419201374,-2207.317138671875,0,0,116.93170928955078
0.001729999901726842,0.000000000000033286693984935917,0.0000004866398626290902,-0.000000009195135319828296,0.0037731360644102097,0,0,-0.005866626743227243,-2338.869873046875,0,0,127.63241577148438
0.0017349999397993088,0.000000000000005626490891036048,0.0000004977604248779244,-0.000000005532040603384303,0.0022241142578423023,0,0,-0.006086936220526695,-2433.1982421875,0,0,119.66016387939453
0.0017399999778717756,-0.0000000000000024066518431440677,0.0000005009588903703843,-0.0000000016066286079308156,0.0006396942771971226,0,0,-0.006222244817763567,-2488.801025390625,0,0,117.85504150390625
0.0017449998995289207,0.000000000000009569101458754229,0.0000004961843842465896,0.0000000023951507444053277,-0.0009549066890031099,0,0,-0.006262004375457764,-2504.79345703125,0,0,117.08230590820313
0.0017499999376013875,0.000000000000040984441318156484,0.0000004835128493141383,0.000000006283068287871174,-0.0025343101006001234,0,0,-0.006202816031873226,-2480.9208984375,0,0,126.0875015258789
0.0017549999756738544,0.00000000000009035170344100923,0.0000004631459660231485,0.000000009873453166164836,-0.0040733786299824715,0,0,-0.006049466785043478,-2417.563232421875,0,0,120.75836181640625
0.0017599998973309994,0.00000000000015535061301599762,0.000000435407883969674,0.000000012999782583733577,-0.005547617562115192,0,0,-0.005814376752823591,-2315.728759765625,0,0,118.86366271972656
0.0017649999354034662,0.00000000000023296346947886126,0.00000040074007756629726,0.00000001552256989612033,-0.0069335633888840675,0,0,-0.005516212433576584,-2177.038330078125,0,0,111.88185119628906
0.001769999973475933,0.000000000000319648008149237,0.0000003596942974581907,0.00000001733690524474696,-0.00820915773510933,0,0,-0.005179676227271557,-2003.69921875,0,0,129.70169067382813
0.0017750000115484,0.00000000000041154091853096153,0.00000031292378821490274,0.000000018378582211653338,-0.00935409963130951,0,0,-0.00483273109421134,-1798.4703369140625,0,0,77.17835998535156
0.001779999933205545,0.0000000000005046761619720286,0.0000002611729712498345,0.00000001862704834820761,-0.010350165888667107,0,0,-0.004505770746618509,-1564.6177978515625,0,0,282.32635498046875
0.0017849999712780118,0.0000000000005952072060048941,0.00000020526545085886028,0.00000001810620631204074,-0.011181505396962166,0,0,-0.0042287008836865425,-1305.8636474609375,0,0,111.14816284179688
0.0017900000093504786,0.0000000000006796182540347306,0.00000014609102549911768,0.000000016882207631851998,-0.011834884062409401,0,0,-0.004029346164315939,-1026.3260498046875,0,0,126.29451751708984
0.0017949999310076237,0.0000000000007549112702141814,0.00000008459150535600202,0.0000000150585997005237,-0.012299904599785805,0,0,-0.003931646700948477,-730.4539794921875,0,0,121.05072021484375
0.0017999999690800905,0.0000000000008187589603698975,0.000000021745670153450192,0.000000012769538315637874,-0.012569166719913483,0,0,-0.003953434992581606,-422.9563903808594,0,0,109.69723510742188
0.0018050000071525574,0.0000000000008696133548501128,-0.000000041446249099408305,0.000000010170881026283496,-0.012638384476304054,0,0,-0.0041056047193706036,-108.72721099853516,0,0,123.90038299560547
0.0018099999288097024,0.0000000000009067641386015235,-0.00000010397853600352391,0.000000007430161375054922,-0.012506457045674324,0,0,-0.004391001537442207,207.23239135742188,0,0,127.4047622680664
0.0018149999668821692,0.0000000000009303438011296072,-0.00000016485594755977218,0.000000004715935197907584,-0.012175481766462326,0,0,-0.004804073832929134,519.893798828125,0,0,118.28720092773438
0.001820000004954636,0.0000000000009412792810817305,-0.00000022310959479909798,0.0000000021871056077316098,-0.011650728061795235,0,0,-0.005331152118742466,824.2808227539063,0,0,118.3712158203125
0.0018249999266117811,0.0000000000009411950385729284,-0.0000002778123189273174,-0.000000000016851409156970476,-0.010940548032522202,0,0,-0.0059508648701012135,1115.549072265625,0,0,117.05490112304688
0.001829999964684248,0.000000000000932273030475328,-0.0000003280935345628677,-0.0000000017844059563287828,-0.01005624234676361,0,0,-0.006635455880314112,1389.062744140625,0,0,126.07160949707031
0.0018350000027567148,0.000000000000917079454910985,-0.00000037315297163331707,-0.000000003038705287394805,-0.009011887013912201,0,0,-0.007352521177381277,1640.46875,0,0,120.77294921875
0.0018399999244138598,0.0000000000008983706248529011,-0.0000004122734935663175,-0.0000000037417713372178696,-0.007824104279279709,0,0,-0.00806653406471014,1865.765869140625,0,0,121.02142333984375
0.0018449999624863267,0.0000000000008788895717974643,-0.0000004448324659733771,-0.000000003896206912656908,-0.00651179626584053,0,0,-0.008741063065826893,2061.368408203125,0,0,112.46063995361328
0.0018500000005587935,0.0000000000008611670404556904,-0.0000004703117042481608,-0.0000000035445042456672127,-0.005095849744975567,0,0,-0.0093413470312953,2224.163330078125,0,0,127.29124450683594
0.0018549999222159386,0.0000000000008473405896207431,-0.000000488305715862225,-0.0000000027652906631203678,-0.00359880062751472,0,0,-0.009835674427449703,2351.5595703125,0,0,119.34598541259766
0.0018599999602884054,0.0000000000008390030207042209,-0.0000004985280952496396,-0.0000000016675150149580986,-0.00204447447322309,0,0,-0.010197745636105537,2441.529541015625,0,0,117.57789611816406
0.0018649999983608723,0.0000000000008370897291304358,-0.0000005008161565456248,-0.00000000038265923762992315,-0.0004576097708195448,0,0,-0.010408271104097366,2492.641357421875,0,0,114.8501205444336
0.0018699999200180173,0.0000000000008418131101049775,-0.000000495133463118691,0.00000000094467589306646,0.0011365379905328155,0,0,-0.010455871932208538,2504.08154296875,0,0,124.54851531982422
0.0018749999580904841,0.0000000000008526476508348424,-0.0000004815704528482456,0.0000000021669102068244683,0.0027125973720103502,0,0,-0.010337980464100838,2475.668212890625,0,0,93.54537200927734
0.001879999996162951,0.000000000000868366739192189,-0.0000004603430454608315,0.0000000031438220915447346,0.004245484247803688,0,0,-0.01006097998470068,2407.853271484375,0,0,174.97813415527344
0.001884999917820096,0.0000000000008871293456780283,-0.00000043178903297302895,0.0000000037525200724530805,0.005710802040994167,0,0,-0.009639649651944637,2301.716064453125,0,0,112.4227066040039
0.0018899999558925629,0.0000000000009066094771616184,-0.00000039636287851863017,0.00000000389602128336719,0.007085230201482773,0,0,-0.009096681140363216,2158.946044921875,0,0,125.43903350830078
0.0018949999939650297,0.0000000000009241622224431811,-0.0000003546284119693155,0.0000000035105598428231133,0.008346892893314362,0,0,-0.008460662327706814,1981.8153076171875,0,0,122.86521911621094
0.0018999999156221747,0.0000000000009370143549958243,-0.0000003072498770961829,0.0000000025704238737489504,0.00947570987045765,0,0,-0.007764830719679594,1773.1429443359375,0,0,117.98017883300781
0.0019049999536946416,0.0000000000009424657235190814,-0.000000254981301850421,0.0000000010902818647906543,0.010453717783093452,0,0,-0.007045128382742405,1536.250244140625,0,0,115.9958267211914
0.0019099999917671084,0.0000000000009380910761733197,-0.0000001986545612453483,-0.0000000008749205804292615,0.011265348643064499,0,0,-0.006337708327919245,1274.9073486328125,0,0,126.4062728881836
0.0019149999134242535,0.0000000000009219267059837333,-0.0000001391661328398186,-0.0000000032328792975988563,0.011897686868906021,0,0,-0.005677056033164263,993.273681640625,0,0,119.78916931152344
0.0019199999514967203,0.0000000000008926304790810025,-0.00000007746280061837751,-0.00000000585924153639894,0.012340666726231575,0,0,-0.005093842279165983,695.83154296875,0,0,119.68881225585938
0.0019249999895691872,0.0000000000008496050542781963,-0.000000014526612801546435,-0.000000008605084644841554,0.012587238103151321,0,0,-0.0046131848357617855,387.31488037109375,0,0,109.98680114746094
0.0019299999112263322,0.0000000000007930746445845849,0.000000048640778516073624,-0.00000001130607962807062,0.01263347826898098,0,0,-0.0042532640509307384,72.63394165039063,0,0,112.89230346679688
0.001934999949298799,0.0000000000007241104417465838,0.0000001110340264176557,-0.000000013792838871040658,0.012478649616241455,0,0,-0.004024488851428032,-243.2030029296875,0,0,140.8252410888672
0.0019399999873712659,0.0000000000006446026438317043,0.0000001716601190082656,-0.000000015901562733233732,0.012125218287110329,0,0,-0.003928801976144314,-555.1692504882813,0,0,117.89672088623047
0.001944999909028411,0.0000000000005571803868981151,0.00000022955416056902322,-0.000000017484449443827543,0.011578807607293129,0,0,-0.003959749359637499,-858.2997436523438,0,0,116.6997299194336
0.0019499999471008778,0.0000000000004650838091382892,0.00000028379471928019484,-0.000000018419321179408144,0.010848114266991615,0,0,-0.0041032456792891026,-1147.7698974609375,0,0,125.5965805053711
0.0019549999851733446,0.0000000000003719941021884665,0.0000003335185567721055,-0.000000018617939190335164,0.009944768622517586,0,0,-0.004338959697633982,-1418.9727783203125,0,0,122.01073455810547
0.0019600000232458115,0.00000000000028183580686250154,0.00000037793429896737507,-0.00000001803165972091847,0.008883146569132805,0,0,-0.004640801809728146,-1667.5919189453125,0,0,119.56002044677734
0.0019650000613182783,0.00000000000019855853614948737,0.0000004163350126873411,-0.000000016655455681302556,0.007680144626647234,0,0,-0.004979975055903196,-1889.6705322265625,0,0,113.34013366699219
0.0019699998665601015,0.00000000000012591444271785324,0.000000448109574335831,-0.00000001452881903674097,0.006354909855872393,0,0,-0.005326225887984037,-2081.674072265625,0,0,120.23566436767578
0.0019749999046325684,0.00000000000006724583048603808,0.0000004727522480152402,-0.000000011733723326301515,0.00492853345349431,0,0,-0.00564957782626152,-2240.546875,0,0,99.9800033569336
0.001979999942705035,0.00000000000002529187864458611,0.0000004898708425571385,-0.000000008390790284806826,0.0034237171057611704,0,0,-0.0059236641973257065,-2363.76025390625,0,0,154.79876708984375
0.001984999980777502,0.0000000000000020320845565057963,0.0000004991928790332167,-0.000000004651958818158164,0.001864410238340497,0,0,-0.006125724874436855,-2449.353271484375,0,0,112.23344421386719
0.001990000018849969,-0.0000000000000014296817124403527,0.0000005005700245419575,-0.0000000006923532858138515,0.0002754305023699999,0,0,-0.0062399390153586864,-2495.963623046875,0,0,128.18869018554688
0.0019950000569224358,0.000000000000015071150504344412,0.0000004939803375236806,0.0000000033001663624077082,-0.0013179328525438905,0,0,-0.006257078144699335,-2502.849365234375,0,0,124.68827819824219
0.001999999862164259,0.00000000000005075037883429251,0.0000004795287509296031,0.000000007135845692118892,-0.0028903207276016474,0,0,-0.006175754126161337,-2469.901123046875,0,0,119.67448425292969
0.002004999900236726,0.00000000000010392062915493688,0.00000045744522481072636,0.000000010634050084945557,-0.004416707903146744,0,0,-0.00600242055952549,-2397.64306640625,0,0,113.98609161376953
0.0020099999383091927,0.00000000000017208893273064352,0.00000042808122202586674,0.000000013633661311018841,-0.005872800946235657,0,0,-0.005751024466007948,-2287.225341796875,0,0,120.22120666503906
0.0020149999763816595,0.00000000000025210129123154346,0.0000003919041091648978,0.000000016002470459852702,-0.007235425524413586,0,0,-0.005441758316010237,-2140.4052734375,0,0,121.93634796142578
0.0020200000144541264,0.00000000000034032352673810107,0.0000003494896247957513,0.000000017644449457066003,-0.008482894860208035,0,0,-0.005100225564092398,-1959.5196533203125,0,0,127.6976089477539
0.002025000052526593,0.0000000000004328492859279054,0.00000030151284136081813,0.000000018505154741887964,-0.009595354087650776,0,0,-0.0047551547177135944,-1747.447265625,0,0,103.35917663574219
0.0020299998577684164,0.000000000000525720417719755,0.00000024873733650565555,0.000000018574223048517524,-0.01055509876459837,0,0,-0.0044370065443217754,-1507.5634765625,0,0,127.84454345703125
0.0020349998958408833,0.0000000000006151479607814647,0.000000192003071219915,0.000000017885508185599974,-0.011346853338181973,0,0,-0.004175340291112661,-1243.68603515625,0,0,119.9328384399414
0.00203999993391335,0.0000000000006977187924639416,0.0000001322129890013457,0.00000001651416425829666,-0.011958017013967037,0,0,-0.003997358027845621,-960.0147094726563,0,0,127.4697265625
0.002044999971985817,0.0000000000007705760942527951,0.00000007031867710338702,0.000000014571457818135514,-0.01237886305898428,0,0,-0.003925609868019819,-661.0642700195313,0,0,110.74197387695313
0.002050000010058284,0.000000000000831562845925865,0.000000007305210658614669,0.00000001219735157320656,-0.012602693401277065,0,0,-0.003976471722126007,-351.59271240234375,0,0,124.75049591064453
0.0020550000481307507,0.0000000000008793192411184203,-0.000000055824521894010104,0.00000000955128331980859,-0.012625946663320065,0,0,-0.004159103613346815,-36.52537536621094,0,0,109.865966796875
0.002059999853372574,0.0000000000009133287659154887,-0.00000011806578470441309,0.0000000068018968235605826,-0.01244825217872858,0,0,-0.004474545828998089,279.123291015625,0,0,134.28225708007813
0.0020649998914450407,0.0000000000009339115852186053,-0.000000178427967512107,0.00000000411655953769241,-0.012072437442839146,0,0,-0.004915095865726471,590.32958984375,0,0,114.71836853027344
0.0020699999295175076,0.000000000000942164098474696,-0.00000023595038101120736,0.0000000016505105060460323,-0.01150448340922594,0,0,-0.0054654888808727264,892.1405029296875,0,0,85.47008514404297
0.0020749999675899744,0.0000000000009398520373418706,-0.00000028971751930839673,-0.000000000462422600211454,-0.010753429494798183,0,0,-0.006102618295699358,1179.7525634765625,0,0,213.538330078125
0.0020800000056624413,0.0000000000009292613336805977,-0.0000003388736615761445,-0.0000000021181456588692527,-0.009831230156123638,0,0,-0.006797617767006159,1448.5882568359375,0,0,126.39029693603516
0.002085000043734908,0.0000000000009130193346154614,-0.0000003826364718406694,-0.0000000032484073209104736,-0.008752561174333096,0,0,-0.00751718133687973,1694.3690185546875,0,0,111.55734252929688
0.0020899998489767313,0.0000000000008938971524791173,-0.0000004203094192689605,-0.000000003824439875899088,-0.007534591015428305,0,0,-0.008225365541875362,1913.1829833984375,0,0,128.3532257080078
0.002094999887049198,0.0000000000008746062142746258,-0.0000004512929479005834,-0.000000003858189767669273,-0.006196704227477312,0,0,-0.00888601690530777,2101.5478515625,0,0,121.50668334960938
0.002099999925121665,0.0000000000008576027258136443,-0.00000047509391265521117,-0.000000003400702830447244,-0.0047601936385035515,0,0,-0.009464651346206665,2256.465576171875,0,0,115.15430450439453
0.002104999963194132,0.0000000000008449118141240497,-0.0000004913335374112648,-0.0000000025381847734706753,-0.0032479222863912582,0,0,-0.009930875152349472,2375.470458984375,0,0,116.90437316894531
0.0021100000012665987,0.0000000000008379844127631708,-0.0000004997533551431843,-0.0000000013854847269456627,-0.001683958456851542,0,0,-0.010259779170155525,2456.66845703125,0,0,124.6261215209961
0.0021150000393390656,0.0000000000008375948589225968,-0.0000005002193006475864,-0.00000000007790845746313835,-0.00009319372475147247,0,0,-0.010433737188577652,2498.767333984375,0,0,123.10722351074219
0.0021199998445808887,0.0000000000008437864122690097,-0.0000004927240411234379,0.0000000012383151171135864,0.0014990541385486722,0,0,-0.010443451814353466,2501.09716796875,0,0,118.89192962646484
0.0021249998826533556,0.0000000000008558682733882106,-0.000000477386834063509,0.0000000024163697709411736,0.003067443845793605,0,0,-0.010288367979228497,2463.620849609375,0,0,113.5589370727539
0.0021299999207258224,0.0000000000008724641018323376,-0.0000004544517651083879,0.000000003319161834269835,0.004587013740092516,0,0,-0.009976810775697231,2386.934814453125,0,0,115.96891784667969
0.0021349999587982893,0.0000000000008916089980041952,-0.00000042428388269399875,0.000000003828978023534546,0.0060335793532431126,0,0,-0.00952550582587719,2272.259521484375,0,0,132.83740234375
0.002139999996870756,0.00000000000091088876892631,-0.0000003873632863360399,0.000000003855959995746616,0.007384117227047682,0,0,-0.00895845890045166,2121.419921875,0,0,117.59172058105469
0.002145000034943223,0.00000000000092761215375603,-0.0000003442776232986944,0.000000003344671650751252,0.008617132902145386,0,0,-0.00830564834177494,1936.8170166015625,0,0,114.33798217773438
0.002149999840185046,0.0000000000009390040828227697,-0.00000029571259574368014,0.0000000022783814834781424,0.009713003411889076,0,0,-0.0076012806966900826,1721.388671875,0,0,127.84454345703125
0.002154999878257513,0.0000000000009424102123678502,-0.00000024244116048066644,0.0000000006812340136441719,0.010654285550117493,0,0,-0.0068810926750302315,1478.5635986328125,0,0,121.40342712402344
0.00215999991632998,0.0000000000009354947372308686,-0.00000018531116552367166,-0.0000000013830858680563551,0.01142599992454052,0,0,-0.006181513424962759,1212.2064208984375,0,0,119.54572296142578
0.0021649999544024467,0.0000000000009164230789157624,-0.00000012523184977908386,-0.000000003814321303252655,0.012015864253044128,0,0,-0.005535988137125969,926.5564575195313,0,0,105.37407684326172
0.0021699999924749136,0.0000000000008840141075758257,-0.00000006315939771184276,-0.000000006481799097457497,0.012414490804076195,0,0,-0.004974215757101774,626.1598510742188,0,0,92.8160400390625
0.0021750000305473804,0.0000000000008378530616699742,-0.00000000008173373089448432,-0.00000000923220699888816,0.012615533545613289,0,0,-0.004519787151366472,315.7975769042969,0,0,167.7852325439453
0.0021799998357892036,0.0000000000007783570879840718,0.00000006299723764868759,-0.000000011899190077713229,0.012615794315934181,0,0,-0.004189287777990103,0.40926653146743774,0,0,114.95574188232422
0.0021849998738616705,0.0000000000007067889025783036,0.00000012507356927926594,-0.00000001431364093917864,0.012415267527103424,0,0,-0.003991043660789728,-314.985595703125,0,0,137.0614013671875
0.0021899999119341373,0.0000000000006252165668865772,0.0000001851592941193303,-0.000000016314464446054444,0.0120171457529068,0,0,-0.0039250547997653484,-625.3673095703125,0,0,126.50221252441406
0.002194999950006604,0.00000000000053642176421273,0.0000002422981140171032,-0.00000001775895874800426,0.01142776571214199,0,0,-0.0039832028560340405,-925.7958984375,0,0,121.96609497070313
0.002199999988079071,0.00000000000044376145553332025,0.0000002955806621685042,-0.00000001853206121893436,0.010656507685780525,0,0,-0.004149805288761854,-1211.489990234375,0,0,118.89192962646484
0.002205000026151538,0.00000000000035099099191318595,0.0000003441589058184036,-0.00000001855409514917028,0.009715646505355835,0,0,-0.0044030058197677135,-1477.9027099609375,0,0,112.77771759033203
0.002209999831393361,0.0000000000002620599050262573,0.00000038725968920516607,-0.000000017786218720061697,0.008620155975222588,0,0,-0.004716088529676199,-1720.7938232421875,0,0,124.53300476074219
0.002214999869465828,0.0000000000001808921935853025,0.00000042419702594997943,-0.000000016233544286592405,0.007387470453977585,0,0,-0.005059564020484686,-1936.2977294921875,0,0,123.31977081298828
0.002219999907538295,0.00000000000011116488860072465,0.00000045438306983669463,-0.000000013945460786146668,0.006037210114300251,0,0,-0.0054030390456318855,-2120.984375,0,0,114.88970947265625
0.0022249999456107616,0.0000000000000560983788447985,0.0000004773373802891001,-0.00000001101330227015751,0.004590864293277264,0,0,-0.005717371124774218,-2271.91455078125,0,0,114.05109405517578
0.0022299999836832285,0.000000000000018270886919299206,0.0000004926946530758869,-0.000000007565498449935149,0.0030714524909853935,0,0,-0.005976746790111065,-2386.686279296875,0,0,131.9957733154297
0.0022350000217556953,-0.0000000000000005301884148725677,0.0000005002104330742441,-0.000000003760215250281362,0.0015031569637358189,0,0,-0.0061600725166499615,-2463.47265625,0,0,121.28562927246094
0.0022399998269975185,0.000000000000000588198630935581,0.0000004997651217308885,0.00000000022367740992734753,-0.00008906179573386908,0,0,-0.0062526375986635685,-2501.051513671875,0,0,119.73180389404297
0.0022449998650699854,0.000000000000021573063498894936,0.0000004913658244731778,0.00000000419697299136601,-0.001679863198660314,0,0,-0.006247017066925764,-2498.824951171875,0,0,111.27183532714844
0.0022499999031424522,0.00000000000006142768992035627,0.0000004751461801788537,0.000000007970925253175665,-0.003243928775191307,0,0,-0.006143904756754637,-2456.828369140625,0,0,119.00511932373047
0.002254999941214919,0.00000000000011827045148359722,0.00000045136434323467256,0.000000011368552321755487,-0.004756365902721882,0,0,-0.005951211787760258,-2375.730224609375,0,0,129.56724548339844
0.002259999979287386,0.00000000000018944330967222284,0.00000042039883396682853,0.000000014234572631721676,-0.006193102337419987,0,0,-0.0056845503859221935,-2256.821044921875,0,0,117.85504150390625
0.002265000017359853,0.0000000000002716653128582297,0.0000003827424848168448,0.000000016444399619786054,-0.007531273178756237,0,0,-0.005365569144487381,-2101.993408203125,0,0,111.90689086914063
0.0022700000554323196,0.00000000000036122100861672723,0.0000003389945959497709,0.00000001791114101479252,-0.008749579079449177,0,0,-0.005020636599510908,-1913.7115478515625,0,0,90.31791687011719
0.002274999860674143,0.0000000000004541725339996666,0.0000002898514424032328,0.000000018590306183341454,-0.009828631766140461,0,0,-0.0046790349297225475,-1694.9720458984375,0,0,210.128173828125
0.0022799998987466097,0.0000000000005465812264598968,0.00000023609516119904583,0.00000001848173880603099,-0.01075125765055418,0,0,-0.004371225368231535,-1449.2562255859375,0,0,118.962646484375
0.0022849999368190765,0.0000000000006347267546627511,0.00000017858130263448402,0.000000017629108839400942,-0.011502771638333797,0,0,-0.0041263522580266,-1180.4747314453125,0,0,110.70519256591797
0.0022899999748915434,0.0000000000007153081295688257,0.00000011822523759974501,0.00000001611627098441204,-0.012071213684976101,0,0,-0.0039709205739200115,-892.9054565429688,0,0,131.57894897460938
0.0022950000129640102,0.0000000000007856172852017951,0.000000055987563030157617,0.000000014061836139944717,-0.012447535060346127,0,0,-0.0039259567856788635,-591.1251220703125,0,0,119.87532806396484
0.002300000051036477,0.0000000000008436724084105729,-0.00000000714118186806445,0.0000000116110285830473,-0.012625749222934246,0,0,-0.0040064482018351555,-279.936767578125,0,0,117.13716888427734
0.0023049998562783003,0.0000000000008883042413622422,-0.00000007015626835027433,0.000000008926363648242841,-0.012603017501533031,0,0,-0.004219610709697008,35.70696258544922,0,0,113.7785873413086
0.002309999894350767,0.0000000000009191899628599454,-0.00000013205477955580136,0.0000000061771547876787736,-0.012379703111946583,0,0,-0.004564543254673481,350.7823791503906,0,0,108.6130142211914
0.002314999932423234,0.0000000000009368339437543227,-0.00000019185156929779623,0.000000003528802139385334,-0.011959359049797058,0,0,-0.005031947046518326,660.2749633789063,0,0,145.09576416015625
0.002319999970495701,0.0000000000009424968401214318,-0.0000002485949437414092,0.0000000011325762550029594,-0.011348675936460495,0,0,-0.005604336503893137,959.2589721679688,0,0,122.2195053100586
0.0023250000085681677,0.0000000000009380774152259463,-0.00000030138181728034397,-0.0000000008838851872638998,-0.010557372123003006,0,0,-0.006257425528019667,1242.975830078125,0,0,110.1685562133789
0.0023300000466406345,0.0000000000009259561433577757,-0.0000003493720441838377,-0.0000000024242596818879747,-0.00959804281592369,0,0,-0.00696116778999567,1506.91015625,0,0,130.51422119140625
0.0023349998518824577,0.0000000000009088111665132848,-0.0000003918018194326578,-0.0000000034289995287650754,-0.008485956117510796,0,0,-0.0076812864281237125,1746.8612060546875,0,0,120.19230651855469
0.0023399998899549246,0.000000000000889417825413602,-0.00000042799587163244723,-0.000000003878663612510991,-0.0072388113476336,0,0,-0.008381768129765987,1959.0101318359375,0,0,116.60447692871094
0.0023449999280273914,0.0000000000008704460221185817,-0.0000004573781495764706,-0.000000003794356828734635,-0.005876457784324884,0,0,-0.009026599116623402,2139.98046875,0,0,104.36234283447266
0.0023499999660998583,0.000000000000854267990981622,-0.0000004794810593011789,-0.0000000032356042289904963,-0.004420577082782984,0,0,-0.009582056663930416,2286.891845703125,0,0,142.9796905517578
0.002355000004172325,0.0000000000008427890004804317,-0.0000004939527684655332,-0.000000002295795553663993,-0.0028943410143256187,0,0,-0.010018860921263695,2397.40625,0,0,122.05541229248047
0.002360000042244792,0.0000000000008373126410970988,-0.0000005005629759580188,-0.0000000010952723172863443,-0.001322039868682623,0,0,-0.01031369436532259,2469.764892578125,0,0,118.84953308105469
0.002364999847486615,0.0000000000008384491560244067,-0.0000004992064646103245,0.00000000022730670123927155,0.0002713021822273731,0,0,-0.010450667701661587,2502.81591796875,0,0,106.78056335449219
0.002369999885559082,0.0000000000008460726151800213,-0.0000004899048349216173,0.0000000015246957030257136,0.0018603263888508081,0,0,-0.010422426275908947,2496.033447265625,0,0,103.66991424560547
0.002374999923631549,0.0000000000008593296972440878,-0.0000004728061071546108,0.0000000026514148654399605,0.003419742686673999,0,0,-0.010230496525764465,2449.525390625,0,0,164.50074768066406
0.0023799999617040157,0.0000000000008766993207787177,-0.00000044818244759881054,0.0000000034739273679917915,0.00492473179474473,0,0,-0.009885286912322044,2364.03173828125,0,0,117.205810546875
0.0023849999997764826,0.0000000000008961004139239337,-0.00000041642573478384293,0.000000003880215260210207,0.006351341959089041,0,0,-0.009405184537172318,2240.913330078125,0,0,115.9958267211914
0.0023900000378489494,0.0000000000009150390948425846,-0.00000037804139196850883,0.000000003787732794080512,0.007676867302507162,0,0,-0.008815795183181763,2082.1298828125,0,0,129.28248596191406
0.0023949998430907726,0.0000000000009307871313979366,-0.0000003336403437970148,0.0000000031496072416814513,0.008880211040377617,0,0,-0.0081481346860528,1890.208251953125,0,0,119.71746826171875
0.0023999998811632395,0.0000000000009405795369996084,-0.00000028392923923092894,0.000000001958472051200033,0.009942222386598587,0,0,-0.007436829153448343,1668.2030029296875,0,0,119.50286865234375
0.0024049999192357063,0.0000000000009418172621997178,-0.00000022969925339566544,0.00000000024754887029132533,0.010845998302102089,0,0,-0.006718306336551905,1419.6474609375,0,0,113.63636016845703
0.002409999957308173,0.0000000000009322642484377308,-0.00000017181348255235207,-0.0000000019105950155307028,0.011577155441045761,0,0,-0.006028094794601202,1148.49755859375,0,0,127.2264633178711
0.00241499999538064,0.000000000000910223068792404,-0.00000011119320220132067,-0.0000000044082426597924496,0.012124055996537209,0,0,-0.00539929186925292,859.0687255859375,0,0,117.46739959716797
0.002420000033453107,0.00000000000087467934371116,-0.0000000488032227963231,-0.000000007108746480355421,0.012477995827794075,0,0,-0.0048601399175822735,555.9673461914063,0,0,120.46741485595703
0.00242499983869493,0.0000000000008254043065356043,0.000000014363486400270631,-0.000000009855011917636602,0.012633342295885086,0,0,-0.004432912450283766,244.01744079589844,0,0,115.90171813964844
0.002429999876767397,0.0000000000007630089594000411,0.00000007730159978791562,-0.000000012479072886151243,0.012587623670697212,0,0,-0.004132180940359831,-71.81610870361328,0,0,126.26262664794922
0.0024349999148398638,0.0000000000006889453200639717,0.00000013900942974487407,-0.000000014812724380419695,0.012341566383838654,0,0,-0.003964467905461788,-386.50665283203125,0,0,102.17635345458984
0.0024399999529123306,0.0000000000006054544886280322,0.00000019850486410177837,-0.000000016698169957862774,0.011899085715413094,0,0,-0.0039278301410377026,-695.0457763671875,0,0,147.1237335205078
0.0024449999909847975,0.0000000000005154631062265214,0.0000002548409838709631,-0.00000001799828197590614,0.011267226189374924,0,0,-0.004012415185570717,-992.5228881835938,0,0,111.64452362060547
0.0024500000290572643,0.00000000000042243603905721405,0.00000030712118359588203,-0.000000018605415874617393,0.010456042364239693,0,0,-0.004200875759124756,-1274.2034912109375,0,0,129.03225708007813
0.0024549998342990875,0.0000000000003301915490160068,0.0000003545134177329601,-0.000000018448901073497836,0.00947844609618187,0,0,-0.0044703129678964615,-1535.6044921875,0,0,119.99040222167969
0.0024599998723715544,0.00000000000024269307266969187,0.00000039626340253562375,-0.000000017499694138223276,0.00834999606013298,0,0,-0.004792971536517143,-1772.565673828125,0,0,116.03620147705078
0.0024649999104440212,0.00000000000016382762388442856,0.00000043170666685909964,-0.000000015773089501180948,0.0070886509492993355,0,0,-0.005139083601534367,-1981.3155517578125,0,0,109.54102325439453
0.002469999948516488,0.00000000000009718568723220133,0.0000004602790966146131,-0.00000001332838728274055,0.005714487284421921,0,0,-0.005478395614773035,-2158.53173828125,0,0,106.07828521728516
0.002474999986588955,0.00000000000004585610049231276,0.0000004815259444512776,-0.000000010265917893548249,0.004249374382197857,0,0,-0.005782318767160177,-2301.393798828125,0,0,162.23231506347656
0.0024800000246614218,0.000000000000012248130298615073,0.0000004951090772919997,-0.000000006721593948100235,0.002716630697250366,0,0,-0.00602594343945384,-2407.628173828125,0,0,119.47431182861328
0.002484999829903245,-0.000000000000002047722478778005,0.0000005008123480365612,-0.000000002859170677993461,0.0011406505946069956,0,0,-0.006189562845975161,-2475.5439453125,0,0,112.76499938964844
0.002489999867975712,0.00000000000000364813448140754,0.0000004985449209016224,0.0000000011391714238584427,-0.0004534837498795241,0,0,-0.006260062102228403,-2504.060302734375,0,0,115.03508758544922
0.0024949999060481787,0.000000000000029064736186378004,0.00000048834289145816,0.000000005083320431253924,-0.0020404004026204348,0,0,-0.006231890060007572,-2492.72314453125,0,0,134.51708984375
0.0024999999441206455,0.00000000000007299635749373826,0.00000047036866135385935,0.000000008786324556808722,-0.003594843437895179,0,0,-0.0061072674579918385,-2441.713134765625,0,0,116.8497314453125
0.0025049999821931124,0.00000000000013337253393710946,0.00000044490829509413743,0.00000001207523681046041,-0.0050920723006129265,0,0,-0.0058961170725524426,-2351.842041015625,0,0,115.11454010009766
