Timestamp,X Position,Y Position,X Velocity,Y Velocity,Rotation,Rotation Velocity,Data1,Data2,Data3,Data4,FPS
0.012000000104308128,0,0,0,0,0,0,0,0,0,0,0.9274106621742249
0.012004999443888664,0,0.000000004999999969612645,0,0.0010000000474974513,0,0,-0.0000006245004442462232,-25,1.25,0,0.2018221765756607
0.012009999714791775,0,0.00000000999999993922529,0,0.0010000000474974513,0,0,-0.0000024980017769848928,-50,2.5,0,0.2018221765756607
0.012014999985694885,0,0.000000014999999464748726,0,0.0010000000474974513,0,0,-0.000005620503998216009,-75,3.75,0,0.2018221765756607
0.012019999325275421,0,0.00000001999999987845058,0,0.0010000000474974513,0,0,-0.000009992007107939571,-100,5,0,0.2018221765756607
0.012024999596178532,0,0.000000025000000292152436,0,0.0010000000474974513,0,0,-0.00001561251156090293,-125,6.25,0,0.2018221765756607
0.012029999867081642,0,0.00000002999999892949745,0,0.0010000000474974513,0,0,-0.000022482015992864035,-150,7.5,0,0.2018221765756607
0.012035000137984753,0,0.000000034999999343199306,0,0.0010000000474974513,0,0,-0.000030600520403822884,-175,8.75,0,0.2018221765756607
0.012039999477565289,0,0.00000003999999975690116,0,0.0010000000474974513,0,0,-0.000039968028431758285,-200,10,0,0.2018221765756607
0.012044999748468399,0,0.000000045000000170603016,0,0.0010000000474974513,0,0,-0.000050584534619702026,-225,11.25,0,0.2018221765756607
0.01205000001937151,0,0.00000005000000058430487,0,0.0010000000474974513,0,0,-0.00006251943705137819,-250,12.5,0,0.2018221765756607
0.012054999358952045,0,0.000000055000000998006726,0,0.0010000000474974513,0,0,-0.00007563394319731742,-275,13.75,0,0.2018221765756607
0.012059999629855156,0,0.0000000599999978589949,0,0.0010000000474974513,0,0,-0.00008999745477922261,-300,15,0,0.2018221765756607
0.012064999900758266,0,0.00000006499999471998308,0,0.0010000000474974513,0,0,-0.00010560996452113613,-325,16.25,0,0.2018221765756607
0.012069999240338802,0,0.00000006999999158097125,0,0.0010000000474974513,0,0,-0.00012254086323082447,-350,17.5,0,0.2018221765756607
0.012074999511241913,0,0.00000007499998844195943,0,0.0010000000474974513,0,0,-0.0001406513765687123,-375,18.75,0,0.2018221765756607
0.012079999782145023,0,0.00000007999998530294761,0,0.0010000000474974513,0,0,-0.00016001089534256607,-400,20,0,0.2018221765756607
0.012085000053048134,0,0.00000008499998216393578,0,0.0010000000474974513,0,0,-0.00018061940500047058,-425,21.25,0,0.2018221765756607
0.01208999939262867,0,0.00000008999997902492396,0,0.0010000000474974513,0,0,-0.0002024769055424258,-450,22.5,0,0.2018221765756607
0.01209499966353178,0,0.00000009499997588591214,0,0.0010000000474974513,0,0,-0.0002256528241559863,-475,23.75,0,0.2018221765756607
0.01209999993443489,0,0.00000009999997274690031,0,0.0010000000474974513,0,0,-0.0002500083646737039,-500,25,0,0.2018221765756607
0.012104999274015427,0,0.00000010499996960788849,0,0.0010000000474974513,0,0,-0.0002756128669716418,-525,26.25,0,0.2018221765756607
0.012109999544918537,0,0.00000010999996646887666,0,0.0010000000474974513,0,0,-0.00030246638925746083,-550,27.5,0,0.2018221765756607
0.012114999815821648,0,0.00000011499996332986484,0,0.0010000000474974513,0,0,-0.00033063828595913947,-575,28.75,0,0.2018221765756607
0.012120000086724758,0,0.00000011999996729628037,0,0.0010000000474974513,0,0,-0.00035998981911689043,-600,30,0,0.2018221765756607
0.012124999426305294,0,0.0000001249999712626959,0,0.0010000000474974513,0,0,-0.0003905903431586921,-625,31.25,0,0.2018221765756607
0.012129999697208405,0,0.00000012999997522911144,0,0.0010000000474974513,0,0,-0.0004225092416163534,-650,32.5,0,0.2018221765756607
0.012134999968111515,0,0.00000013499997919552698,0,0.0010000000474974513,0,0,-0.00045560774742625654,-675,33.75,0,0.2018221765756607
0.012139999307692051,0,0.0000001399999831619425,0,0.0010000000474974513,0,0,-0.0004900246858596802,-700,35,0,0.2018221765756607
0.012144999578595161,0,0.00000014499998712835804,0,0.0010000000474974513,0,0,-0.0005256211734376848,-725,36.25,0,0.2018221765756607
0.012149999849498272,0,0.00000014999999109477358,0,0.0010000000474974513,0,0,-0.0005624667392112315,-750,37.5,0,0.2018221765756607
0.012155000120401382,0,0.0000001549999950611891,0,0.0010000000474974513,0,0,-0.0006006306502968073,-775,38.75,0,0.2018221765756607
0.012159999459981918,0,0.00000015999999902760464,0,0.0010000000474974513,0,0,-0.0006399741978384554,-800,40,0,0.2018221765756607
0.012164999730885029,0,0.00000016500000299402018,0,0.0010000000474974513,0,0,-0.0006806360906921327,-825,41.25,0,0.2018221765756607
0.01217000000178814,0,0.0000001700000069604357,0,0.0010000000474974513,0,0,-0.0007224776200018823,-850,42.5,0,0.2018221765756607
0.012174999341368675,0,0.00000017500001092685125,0,0.0010000000474974513,0,0,-0.000765637552831322,-875,43.75,0,0.2018221765756607
0.012179999612271786,0,0.00000018000001489326678,0,0.0010000000474974513,0,0,-0.0008099771221168339,-900,45,0,0.2018221765756607
0.012184999883174896,0,0.00000018500001885968231,0,0.0010000000474974513,0,0,-0.000855635036714375,-925,46.25,0,0.2018221765756607
0.012190000154078007,0,0.00000019000002282609785,0,0.0010000000474974513,0,0,-0.0009024725295603275,-950,47.5,0,0.2018221765756607
0.012194999493658543,0,0.00000019500002679251338,0,0.0010000000474974513,0,0,-0.0009506284259259701,-975,48.75,0,0.2018221765756607
0.012199999764561653,0,0.00000020000003075892892,0,0.0010000000474974513,0,0,-0.000999963958747685,-1000,50,0,0.2018221765756607
0.012205000035464764,0,0.00000020500003472534445,0,0.0010000000474974513,0,0,-0.0010506178950890899,-1025,51.25,0,0.2018221765756607
0.0122099993750453,0,0.00000021000003869175998,0,0.0010000000474974513,0,0,-0.001102520851418376,-1050,52.5,0,0.2018221765756607
0.01221499964594841,0,0.00000021500004265817552,0,0.0010000000474974513,0,0,-0.0011556034442037344,-1075,53.75,0,0.2018221765756607
0.01221999991685152,0,0.00000022000004662459105,0,0.0010000000474974513,0,0,-0.001210004324093461,-1100,55,0,0.2018221765756607
0.012224999256432056,0,0.00000022500005059100658,0,0.0010000000474974513,0,0,-0.00126558484043926,-1125,56.25,0,0.2018221765756607
0.012229999527335167,0,0.00000023000005455742212,0,0.0010000000474974513,0,0,-0.001322483760304749,-1150,57.5,0,0.2018221765756607
0.012234999798238277,0,0.00000023500005852383765,0,0.0010000000474974513,0,0,-0.0013806317001581192,-1175,58.75,0,0.2018221765756607
0.012240000069141388,0,0.00000024000004827939847,0,0.0010000000474974513,0,0,-0.0014399592764675617,-1200,60,0,0.2018221765756607
0.012244999408721924,0,0.000000245000052245814,0,0.0010000000474974513,0,0,-0.0015006051398813725,-1225,61.25,0,0.2018221765756607
0.012249999679625034,0,0.00000025000005621222954,0,0.0010000000474974513,0,0,-0.001562500256113708,-1250,62.5,0,0.2018221765756607
0.012254999950528145,0,0.00000025500006017864507,0,0.0010000000474974513,0,0,-0.0016255745431408286,-1275,63.75,0,0.2018221765756607
0.01225999929010868,0,0.0000002600000641450606,0,0.0010000000474974513,0,0,-0.0016900369664654136,-1300,65,0,0.2018221765756607
0.012264999561011791,0,0.00000026500006811147614,0,0.0010000000474974513,0,0,-0.0017556095262989402,-1325,66.25,0,0.2018221765756607
0.012269999831914902,0,0.00000027000007207789167,0,0.0010000000474974513,0,0,-0.0018225004896521568,-1350,67.5,0,0.2018221765756607
0.012275000102818012,0,0.0000002750000760443072,0,0.0010000000474974513,0,0,-0.0018906403565779328,-1375,68.75,0,0.2018221765756607
0.012279999442398548,0,0.00000028000008001072274,0,0.0010000000474974513,0,0,-0.001960029359906912,-1400,70,0,0.2018221765756607
0.012284999713301659,0,0.0000002850000839771383,0,0.0010000000474974513,0,0,-0.0020305977668613195,-1425,71.25,0,0.2018221765756607
0.01228999998420477,0,0.0000002900000879435538,0,0.0010000000474974513,0,0,-0.002102484693750739,-1450,72.5,0,0.2018221765756607
0.012294999323785305,0,0.00000029500009190996934,0,0.0010000000474974513,0,0,-0.0021756207570433617,-1475,73.75,0,0.2018221765756607
0.012299999594688416,0,0.0000003000000958763849,0,0.0010000000474974513,0,0,-0.0022500057239085436,-1500,75,0,0.2018221765756607
0.012304999865591526,0,0.0000003050000998428004,0,0.0010000000474974513,0,0,-0.0023256398271769285,-1525,76.25,0,0.2018221765756607
0.012310000136494637,0,0.00000031000010380921594,0,0.0010000000474974513,0,0,-0.002402522601187229,-1550,77.5,0,0.2018221765756607
0.012314999476075172,0,0.0000003150001077756315,0,0.0010000000474974513,0,0,-0.002480585128068924,-1575,78.75,0,0.2018221765756607
0.012319999746978283,0,0.000000320000111742047,0,0.0010000000474974513,0,0,-0.0025600355584174395,-1600,80,0,0.2018221765756607
0.012325000017881393,0,0.00000032500011570846254,0,0.0010000000474974513,0,0,-0.002640665275976062,-1625,81.25,0,0.2018221765756607
0.01232999935746193,0,0.0000003300001196748781,0,0.0010000000474974513,0,0,-0.002722544362768531,-1650,82.5,0,0.2018221765756607
0.01233499962836504,0,0.0000003350001236412936,0,0.0010000000474974513,0,0,-0.0028056029696017504,-1675,83.75,0,0.2018221765756607
0.01233999989926815,0,0.00000034000012760770915,0,0.0010000000474974513,0,0,-0.002889979863539338,-1700,85,0,0.2018221765756607
0.012344999238848686,0,0.0000003450001315741247,0,0.0010000000474974513,0,0,-0.002975605893880129,-1725,86.25,0,0.2018221765756607
0.012349999509751797,0,0.0000003500001355405402,0,0.0010000000474974513,0,0,-0.003062480827793479,-1750,87.5,0,0.2018221765756607
0.012354999780654907,0,0.00000035500013950695575,0,0.0010000000474974513,0,0,-0.0031506740488111973,-1775,88.75,0,0.2018221765756607
0.012360000051558018,0,0.0000003600001434733713,0,0.0010000000474974513,0,0,-0.0032399778719991446,-1800,90,0,0.2018221765756607
0.012364999391138554,0,0.0000003650001474397868,0,0.0010000000474974513,0,0,-0.0033305995166301727,-1825,91.25,0,0.2018221765756607
0.012369999662041664,0,0.00000037000015140620235,0,0.0010000000474974513,0,0,-0.0034225401468575,-1850,92.5,0,0.2018221765756607
0.012374999932944775,0,0.0000003750001553726179,0,0.0010000000474974513,0,0,-0.0035156600642949343,-1875,93.75,0,0.2018221765756607
0.01237999927252531,0,0.0000003800001593390334,0,0.0010000000474974513,0,0,-0.003610028652474284,-1900,95,0,0.2018221765756607
0.012384999543428421,0,0.00000038500016330544895,0,0.0010000000474974513,0,0,-0.0037056468427181244,-1925,96.25,0,0.2018221765756607
0.012389999814331532,0,0.0000003900001672718645,0,0.0010000000474974513,0,0,-0.0038025137037038803,-1950,97.5,0,0.2018221765756607
0.012395000085234642,0,0.00000039500017123828,0,0.0010000000474974513,0,0,-0.0039006297010928392,-1975,98.75,0,0.2018221765756607
0.012399999424815178,0,0.00000040000017520469555,0,0.0010000000474974513,0,0,-0.0039999946020543575,-2000,100,0,0.2018221765756607
0.012404999695718288,0,0.0000004050001791711111,0,0.0010000000474974513,0,0,-0.004100609105080366,-2025,101.25,0,0.2018221765756607
0.012409999966621399,0,0.0000004100001831375266,0,0.0010000000474974513,0,0,-0.0042024715803563595,-2050,102.5,0,0.2018221765756607
0.012414999306201935,0,0.00000041500018710394215,0,0.0010000000474974513,0,0,-0.004305652808398008,-2075,103.75,0,0.2018221765756607
0.012419999577105045,0,0.0000004200001910703577,0,0.0010000000474974513,0,0,-0.004410014022141695,-2100,105,0,0.2018221765756607
0.012424999848008156,0,0.0000004250001950367732,0,0.0010000000474974513,0,0,-0.004515624139457941,-2125,106.25,0,0.2018221765756607
0.012430000118911266,0,0.00000043000019900318875,0,0.0010000000474974513,0,0,-0.0046224831603467464,-2150,107.5,0,0.2018221765756607
0.012434999458491802,0,0.0000004350002029696043,0,0.0010000000474974513,0,0,-0.004730660002678633,-2175,108.75,0,0.2018221765756607
0.012439999729394913,0,0.0000004400002069360198,0,0.0010000000474974513,0,0,-0.004840017296373844,-2200,110,0,0.2018221765756607
0.012445000000298023,0,0.00000044500021090243536,0,0.0010000000474974513,0,0,-0.004950623493641615,-2225,111.25,0,0.2018221765756607
0.012449999339878559,0,0.0000004500002148688509,0,0.0010000000474974513,0,0,-0.005062478128820658,-2250,112.5,0,0.2018221765756607
0.01245499961078167,0,0.0000004550002188352664,0,0.0010000000474974513,0,0,-0.005175651516765356,-2275,113.75,0,0.2018221765756607
0.01245999988168478,0,0.00000046000022280168196,0,0.0010000000474974513,0,0,-0.005290004890412092,-2300,115,0,0.2018221765756607
0.012464999221265316,0,0.0000004650002267680975,0,0.0010000000474974513,0,0,-0.005405606236308813,-2325,116.25,0,0.2018221765756607
0.012469999492168427,0,0.000000470000230734513,0,0.0010000000474974513,0,0,-0.005522457417100668,-2350,117.5,0,0.2018221765756607
0.012474999763071537,0,0.00000047500023470092856,0,0.0010000000474974513,0,0,-0.005640626884996891,-2375,118.75,0,0.2018221765756607
0.012480000033974648,0,0.0000004800002102456347,0,0.0010000000474974513,0,0,-0.0057600452564656734,-2400,120,0,0.2018221765756607
0.012484999373555183,0,0.0000004850002142120502,0,0.0010000000474974513,0,0,-0.005880643147975206,-2425,121.25,0,0.2018221765756607
0.012489999644458294,0,0.0000004900002181784657,0,0.0010000000474974513,0,0,-0.006002490408718586,-2450,122.5,0,0.2018221765756607
0.012494999915361404,0,0.0000004950002221448813,0,0.0010000000474974513,0,0,-0.006125586107373238,-2475,123.75,0,0.2018221765756607
0.01249999925494194,0,0.0000005000002261112968,0,0.0010000000474974513,0,0,-0.006250001024454832,-2500,125,0,0.2018221765756607
0.01249999925494194,0,0.0000005050002300777123,0,0.0010000000474974513,0,0,-0.006375594530254602,-2525,126.25,0,0.2018221765756607
0.01250499952584505,0.000000000000010147178575365713,0.0000005009815708945098,0.0000000020294357305772337,-0.0008037324296310544,0.0000001607464810149395,0.0321492962539196,-0.006325287278741598,-2464.719970703125,123.06855773925781,0,0.7633581757545471
0.012509999796748161,0.00000000000003946458638397557,0.0000004891174398835574,0.000000005863481256085379,-0.002372821792960167,0.000000634884429473459,0.09482759237289429,-0.006178183015435934,-2286.864990234375,113.68191528320313,0,0.7633581757545471
0.012515000067651272,0.0000000000000847206419601898,0.0000004699740259184182,0.000000009051210447807989,-0.003828685265034437,0.0000013985109035274945,0.15272530913352966,-0.0059455218724906445,-2000.2412109375,98.55528259277344,0,0.7633581757545471
0.012519999407231808,0.0000000000001409745936523446,0.00000044446363745009876,0.000000011250789633265867,-0.005102077964693308,0.0000024131063582899515,0.2029190957546234,-0.005643540993332863,-1619.0404052734375,78.43836212158203,0,0.7633581757545471
0.012524999678134918,0.00000000000020217031174163402,0.0000004137996825193113,0.00000001223914569692397,-0.00613279128447175,0.0000036274432204663754,0.24286741018295288,-0.005291600711643696,-1162.1363525390625,54.32823181152344,0,0.7633581757545471
0.012529999949038029,0.0000000000002618296204848214,0.0000003794365284193191,0.000000011931859056346639,-0.006872630212455988,0.000004980126050213585,0.27053654193878174,-0.004908434581011534,-652.14990234375,27.419862747192383,0,0.7633581757545471
0.012534999288618565,0.00000000000031374143734386184,0.000000342997509505949,0.000000010382364301619873,-0.007287801709026098,0.000006402632607205305,0.2845013737678528,-0.004509864840656519,-114.32816314697266,-0.9530016183853149,0,0.7633581757545471
0.012539999559521675,0.00000000000035254614440434484,0.000000306194579025032,0.000000007760941223011741,-0.0073605854995548725,0.000007822713087080047,0.2840160131454468,-0.004106645938009024,424.7064514160156,-29.383983612060547,0,0.7633581757545471
0.012544999830424786,0.00000000000037413960276254377,0.0000002707435271531722,0.000000004318691182447765,-0.00709020858630538,0.000009167967618850525,0.2690508961677551,-0.0037032875698059797,938.2753295898438,-56.46373748779297,0,0.7633581757545471
0.012550000101327896,0.00000000000037585903898788853,0.0000002382791137733875,0.0000000003438875850747536,-0.006492884363979101,0.000010369438314228319,0.24029415845870972,-0.0032986809965223074,1400.965087890625,-80.8497543334961,0,0.7633581757545471
0.012554999440908432,0.00000000000035645260614697305,0.00000021027409502494265,-0.000000003881286403384365,-0.0056010023690760136,0.000011365026693965774,0.1991177201271057,-0.0028876205906271935,1789.8873291015625,-101.33293914794922,0,0.7633581757545471
0.012559999711811543,0.0000000000003158744695929555,0.00000018796647793806187,-0.000000008115629057670048,-0.0044615245424211025,0.000012102573236916214,0.14750927686691284,-0.0024626830127090216,2085.81201171875,-116.89745330810547,0,0.7633581757545471
0.012564999982714653,0.0000000000002549776253850389,0.0000001722982005958329,-0.000000012179370401099732,-0.0031336555257439613,0.000012542443073471077,0.08797389268875122,-0.0020170670468360186,2274.120849609375,-126.7710952758789,0,0.7633581757545471
0.012569999322295189,0.00000000000017518801622047608,0.00000016386867685014295,-0.000000015957922983034223,-0.0016859052702784538,0.000012659492313105147,0.023409903049468994,-0.0015473038656637073,2345.53076171875,-130.46351623535156,0,0.7633581757545471
0.0125749995931983,0.00000000000007823865795682228,0.00000016290520932216168,-0.000000019389872818464937,-0.0001926941331475973,0.000012444319509086199,-0.04303461313247681,-0.0010546424891799688,2296.554931640625,-127.79058837890625,0,0.7633581757545471
0.01257999986410141,-0.00000000000003397637531564468,0.00000016925190493566333,-0.00000002244300745246619,0.0012693381868302822,0.000011903730410267599,-0.10811781883239746,-0.0005462990957312286,2129.67431640625,-118.88343811035156,0,0.7633581757545471
0.01258500013500452,-0.0000000000001594038621802532,0.00000018237756194139365,-0.00000002508549812318961,0.0026251310482621193,0.000011060406905016862,-0.16866466403007507,-0.000034486303775338456,1853.2152099609375,-104.18201446533203,0,0.7633581757545471
0.012589999474585056,-0.0000000000002956995000420737,0.00000020140218737196847,-0.000000027259130064294368,0.0038049244321882725,0.000009951786523743067,-0.22172412276268005,0.000928701541852206,1480.9366455078125,-84.41327667236328,0,0.7633581757545471
0.012594999745488167,-0.00000000000043853302608178046,0.00000022514078068525123,-0.000000028566706333776892,0.00474771810695529,0.000008628208888694644,-0.2647154629230499,0.0018508805660530925,1031.34912109375,-60.555179595947266,0,0.7633581757545471
0.012600000016391277,-0.0000000000005828661121462519,0.00000025216226617885695,-0.000000028866622869827552,0.0054042949341237545,0.000007150429155444726,-0.295555979013443,0.002649408532306552,526.7965698242188,-33.78819274902344,0,0.7633581757545471
0.012604999355971813,-0.00000000000072299425561001,0.00000028086057568543765,-0.000000028025631593209255,0.005739664193242788,0.000005586608494922984,-0.31276413798332214,0.0032857051119208336,-7.650365829467773,-5.436866283416748,0,0.7633581757545471
0.012609999626874924,-0.0000000000008525952838699113,0.0000003095345277870365,-0.000000025920208202023787,0.005734793376177549,0.000004008942596556153,-0.3155331313610077,0.00373534532263875,-545.4367065429688,23.095853805541992,0,0.7633581757545471
0.012614999897778034,-0.0000000000009649322356766743,0.0000003364723113463697,-0.000000022467400384584835,0.005387557204812765,0.00000249009008257417,-0.303770512342453,0.003988615237176418,-1059.8388671875,50.39809799194336,0,0.7633581757545471
0.01261999923735857,-0.0000000000010532219627684691,0.0000003600365232614422,-0.000000017657942663618087,0.004712842870503664,0.0000010995753427778254,-0.27810296416282654,0.0040509263053536415,-1525.28857421875,75.1190414428711,0,0.7633581757545471
0.01262499950826168,-0.0000000000011111368986363446,0.00000037874559666306595,-0.00000001158298346126685,0.0037418140564113855,-0.00000009965037861547899,-0.2398451417684555,0.003938932437449694,-1918.640380859375,96.03582000732422,0,0.7633581757545471
0.012629999779164791,-0.0000000000011333829924922711,0.0000003913474415639939,-0.000000004449214330293216,0.0025203695986419916,-0.0000010543228654569248,-0.19093449413776398,0.003676225896924734,-2220.31787109375,112.11414337158203,0,0.7633581757545471
0.012635000050067902,-0.0000000000011162688611995875,0.0000003968818020894105,0.0000000034228326839524925,0.0011068712919950485,-0.0000017234990536962869,-0.13383524119853973,0.003286954015493393,-2415.283447265625,122.55948638916016,0,0.7633581757545471
0.012639999389648438,-0.0000000000010581793687819419,0.00000039472806179219333,0.000000011617895090410002,-0.0004307458584662527,-0.0000020805800886591896,-0.0714162141084671,0.002791378181427717,-2493.78515625,126.85653686523438,0,0.7633581757545471
0.012644999660551548,-0.0000000000009598712883557292,0.0000003846363654247398,0.00000001966161633504271,-0.002018338767811656,-0.0000021146236122149276,-0.00680871307849884,0.002201433526352048,-2451.83642578125,124.7945556640625,0,0.7633581757545471
0.012649999931454659,-0.0000000000008245371616380504,0.00000036674023817795387,0.000000027066832331001933,-0.0035792263224720955,-0.000001830880478337349,0.05674862861633301,0.00152045045979321,-2291.419921875,116.4781723022461,0,0.7633581757545471
0.012654999271035194,-0.0000000000006576139372632683,0.00000034155030448346224,0.000000033384651487722294,-0.005037989467382431,-0.0000012505281574703986,0.11607047915458679,0.0007432943093590438,-2020.38232421875,102.3217544555664,0,0.7633581757545471
0.012659999541938305,-0.0000000000004663593729942184,0.0000003099292769093154,0.00000003825091710041306,-0.006324204616248608,-0.00000040961555214380496,0.16818252205848694,-0.00006959710299270228,-1652.04931640625,83.0291519165039,0,0.7633581757545471
0.012664999812841415,-0.00000000000025902825891155334,0.0000002730496078129363,0.00000004146622245571052,-0.007375932298600674,0.000000642729048649926,0.21046891808509827,-0.0005687811644747853,-1204.5648193359375,59.55873107910156,0,0.7633581757545471
0.012670000083744526,-0.00000000000004303823194096862,0.00000023233569379499386,0.00000004319800694929654,-0.008142782375216484,0.0000018467387690179748,0.24080193042755127,-0.001134300953708589,-699.9928588867188,33.075958251953125,0,0.7633581757545471
0.012674999423325062,0.00000000000017451797927788004,0.00000018939363144454546,0.000000043511242608929024,-0.008588410913944244,0.000003134975486318581,0.2576473653316498,-0.0017693486297503114,-163.22337341308594,4.895569324493408,0,0.7633581757545471
0.012679999694228172,0.0000000000003874261751257019,0.00000014593202024570928,0.000000042581639547734085,-0.008692322298884392,0.000004435678874870064,0.26014068722724915,-0.0024695524480193853,379.26055908203125,-23.583526611328125,0,0.7633581757545471
0.012684999965131283,0.0000000000005907118327472261,0.00000010367763536578423,0.000000040657127442500496,-0.008450876921415329,0.0000056763274187687784,0.2481296956539154,-0.0032222140580415726,900.694580078125,-50.94757080078125,0,0.7633581757545471
0.012689999304711819,0.0000000000007807684078257882,0.00000006429025489751439,0.0000000380113149844874,-0.007877476513385773,0.000006787238817196339,0.22218230366706848,-0.004007141571491957,1375.359375,-75.83800506591797,0,0.7633581757545471
0.01269499957561493,0.0000000000009552552976063722,0.00000002928077691422004,0.000000034897375655873475,-0.00700189545750618,0.00000770502992963884,0.18355831503868103,-0.004797690082341433,1779.8546142578125,-97.01880645751953,0,0.7633581757545471
0.01269999984651804,0.0000000000011128117741524002,-0.00000000006324540891000652,0.000000031511291354036075,-0.005868804641067982,0.000008375764991797041,0.134147047996521,-0.005564090795814991,2094.258544921875,-113.43768310546875,0,0.7633581757545471
0.01270500011742115,0.0000000000012526613860780467,-0.000000022741037497553407,0.000000027969925042725663,-0.004535558633506298,0.000008757633622735739,0.07637371122837067,-0.006276299245655537,2303.11474609375,-124.27827453613281,0,0.7633581757545471
0.012709999457001686,0.0000000000013742000159328027,-0.00000003808779069913726,0.000000024307738044626603,-0.0030693504959344864,0.00000882302992977202,0.013079307973384857,-0.006907252129167318,2396.19775390625,-129.00054931640625,0,0.7633581757545471
0.012714999727904797,0.0000000000014766573380731174,-0.0000000458072086928496,0.00000002049146274885061,-0.0015438836999237537,0.000008559929483453743,-0.05262012779712677,-0.007435719016939402,2369.019775390625,-127.36758422851563,0,0.7633581757545471
0.012719999998807907,0.000000000001558900252808526,-0.0000000459858036094829,0.00000001644858471649968,-0.00003571889828890562,0.000007972489584062714,-0.11748790740966797,-0.007847403176128864,2223.052978515625,-119.45732879638672,0,0.7633581757545471
0.012724999338388443,0.0000000000016194181412521047,-0.00000003908819934395069,0.00000001210358213654672,0.001379520632326603,0.000007080854629748501,-0.1783270239830017,-0.008135228417813778,1965.6561279296875,-105.65869903564453,0,0.7633581757545471
0.012729999609291553,0.0000000000016564864714282979,-0.000000025933717395787426,0.0000000074136750072284485,0.0026308964006602764,0.000005920162038819399,-0.23213854432106018,-0.008299194276332855,1609.7105712890625,-86.6523666381836,0,0.7633581757545471
0.012734999880194664,0.0000000000016684664717533937,-0.000000007655369671510925,0.000000002396006060223499,0.0036556697450578213,0.000004538811026577605,-0.2762702405452728,-0.008343811146914959,1172.9810791015625,-63.376983642578125,0,0.7633581757545471
0.0127399992197752,0.0000000000016541731092528655,0.000000014356691835359925,-0.0000000028586630840266025,0.0044024125672876835,0.0000029960715437482577,-0.30854788422584534,-0.008276018314063549,677.2359619140625,-36.982704162597656,0,0.7633581757545471
0.01274499949067831,0.0000000000016132269131663435,0.000000038524461842825986,-0.000000008189237732381116,0.0048335543833673,0.0000013591564993475913,-0.32738301157951355,-0.00810324028134346,147.16831970214844,-8.77420425415039,0,0.7633581757545471
0.012749999761581421,0.000000000001546306810894238,0.00000006316068379419448,-0.000000013384013897166369,0.0049272445030510426,-0.00000030010187401785515,-0.33185169100761414,-0.00783123541623354,-390.827392578125,19.85397720336914,0,0.7633581757545471
0.012755000032484531,0.000000000001455244887267615,0.00000008655286620751212,-0.000000018212382713045372,0.00467843608930707,-0.000001908802460093284,-0.32174012064933777,-0.007463473826646805,-909.9634399414063,47.486507415771484,0,0.7633581757545471
0.012759999372065067,0.000000000001342933034741145,0.00000010704854247478579,-0.00000002246237684744301,0.0040991357527673244,-0.0000033965793591050897,-0.29755541682243347,-0.007001135498285294,-1384.3861083984375,72.75740814208984,0,0.7633581757545471
0.012764999642968178,0.0000000000012130530954723717,0.00000012313758190884982,-0.000000025975989359494633,0.0032178079709410667,-0.0000046990812734293286,-0.26050040125846863,-0.006444358732551336,-1790.456787109375,94.41771697998047,0,0.7633581757545471
0.012769999913871288,0.0000000000010696779833424541,0.00000013352742200822831,-0.00000002867502502112984,0.0020779678598046303,-0.000005761150532634929,-0.21241384744644165,-0.005794114898890257,-2107.92333984375,111.39736938476563,0,0.7633581757545471
0.012774999253451824,0.0000000000009168189211289368,0.0000001372075359995506,-0.00000003057180819610039,0.0007360221934504807,-0.000006539548849104904,-0.1556796431541443,-0.005054776091128588,-2320.92333984375,122.85820007324219,0,0.7633581757545471
0.012779999524354935,0.0000000000007580065589964102,0.0000001334999240043544,-0.00000003176247176384095,-0.0007415233994834125,-0.000007005090992606711,-0.09310847520828247,-0.004235570318996906,-2418.770751953125,128.23550415039063,0,0.7633581757545471
0.012784999795258045,0.000000000000595990379444189,0.00000012209312671984662,-0.00000003240323920294941,-0.0022813607938587666,-0.000007144084520405158,-0.027798675000667572,-0.0033526651095598936,-2396.485107421875,127.2660140991211,0,0.7633581757545471
0.012790000066161156,0.00000000000043261588430522357,0.00000010305807052191085,-0.00000003267490100711257,-0.003807010594755411,-0.000006958997801120859,0.03701736778020859,-0.002428543521091342,-2255.0380859375,120.00086212158203,0,0.7633581757545471
0.012794999405741692,0.00000000000026890859330941375,0.00000007684501213134354,-0.000000032741457545171215,-0.005242612678557634,-0.000006468331321229925,0.09813330322504044,-0.0014921397669240832,-2001.30615234375,106.80315399169922,0,0.7633581757545471
0.012799999676644802,0.00000000000010534696487547734,0.00000004426159705417376,-0.00000003271232529300505,-0.006516683381050825,-0.000005705692728952272,0.15252770483493805,-0.0005757200415246189,-1647.7294921875,88.32990264892578,0,0.7633581757545471
0.012804999947547913,-0.00000000000005772576969383103,0.000000006433293009422414,-0.000000032614547507137104,-0.007565660867840052,-0.000004718123818747699,0.19751374423503876,0.000575234298594296,-1211.6956787109375,65.49949645996094,0,0.7633581757545471
0.012809999287128448,-0.0000000000002187193433094911,-0.00000003525195779729984,-0.00000003219871658188822,-0.008337050676345825,-0.000003563761993063963,0.23087236285209656,0.0021249668207019567,-714.6785278320313,39.44618225097656,0,0.7633581757545471
0.012814999558031559,-0.0000000000003737508891786534,-0.00000007921209999040002,-0.00000003100631218444505,-0.008792029693722725,-0.0000023089514797902666,0.25096213817596436,0.0034237890504300594,-181.17478942871094,11.463897705078125,0,0.7633581757545471
0.01281999982893467,-0.0000000000005183410124731669,-0.00000012374894708955253,-0.000000028918021754975598,-0.008907368406653404,-0.0000010249482329527382,0.25680065155029297,0.004417577292770147,362.5104675292969,-17.057870864868164,0,0.7633581757545471
0.01282500009983778,-0.000000000000647441573010249,-0.00000016713187278583064,-0.0000000258201158231941,-0.008676586672663689,0.0000002156175469281152,0.24811315536499023,0.005077743902802467,889.5667724609375,-44.70294189453125,0,0.7633581757545471
0.012829999439418316,-0.0000000000007556467387578869,-0.00000020768322883668588,-0.00000002164103030111164,-0.008110271766781807,0.0000013423482414509635,0.2253461480140686,0.005399847403168678,1374.00634765625,-70.09859466552734,0,0.7633581757545471
0.012834999710321426,-0.0000000000008375803848235941,-0.0000002438609953969717,-0.000000016386733747708604,-0.007235552184283733,0.000002290574229846243,0.18964523077011108,0.005402345210313797,1791.95166015625,-91.98360443115234,0,0.7633581757545471
0.012839999981224537,-0.0000000000008884081079303663,-0.00000027433480909166974,-0.000000010165546626694777,-0.00609476026147604,0.0000030045659968891414,0.14279836416244507,0.005121181253343821,2122.818603515625,-109.27068328857422,0,0.7633581757545471
0.012844999320805073,-0.0000000000009043974336792049,-0.00000029805147505612695,-0.0000000031978633074913887,-0.004743332043290138,0.0000034403024073981214,0.08714726567268372,0.004602290689945221,2350.3359375,-121.10044860839844,0,0.7633581757545471
0.012849999591708183,-0.0000000000008834389383233221,-0.0000003142867797123472,0.00000000419170165244509,-0.0032470617443323135,0.0000035676589504873846,0.025471314787864685,0.0038954950869083405,2463.351318359375,-126.88387298583984,0,0.7633581757545471
0.012854999862611294,-0.0000000000008254371578614306,-0.00000032268098948406987,0.000000011600352678442505,-0.001678843516856432,0.0000033719084058247972,-0.03915011137723923,0.003048256039619446,2456.383056640625,-126.33155822753906,0,0.7633581757545471
0.012860000133514404,-0.0000000000007325023834020561,-0.0000003232563017263601,0.000000018586959527056024,-0.00011506152804940939,0.0000028544573069666512,-0.10349024087190628,0.002100264420732856,2329.89697265625,-119.46824645996094,0,0.7633581757545471
0.01286499947309494,-0.0000000000006089085941192451,-0.0000003164153099532996,0.000000024718755042840712,0.001368196913972497,0.0000020327827314758906,-0.16433492302894592,0.0010830225655809045,2090.273681640625,-106.63116455078125,0,0.7633581757545471
0.01286999974399805,-0.0000000000004608146004538016,-0.00000030292076758087205,0.000000029618796304475836,0.0026989064645022154,0.0000009395740789841511,-0.2186417281627655,0.000019984014215879142,1749.4991455078125,-88.45368194580078,0,0.7633581757545471
0.012875000014901161,-0.00000000000029578786251913125,-0.0000002838574175711983,0.00000003300534956451884,0.0038126723375171423,-0.00000037887991766183404,-0.2636907994747162,-0.0005354050663299859,1324.56884765625,-65.83377838134766,0,0.7633581757545471
0.012879999354481697,-0.00000000000012049725366808373,-0.00000026057782065436186,0.00000003505812173898448,0.004655919037759304,-0.00000186497823051468,-0.2972196638584137,-0.0010950268479064107,836.6463012695313,-39.88963317871094,0,0.7633581757545471
0.012884999625384808,0.00000000000005824729804385087,-0.00000023463509535304183,0.00000003574891138669045,0.0051885442808270454,-0.0000034526547096902505,-0.31753531098365784,-0.001667554839514196,310.0135803222656,-11.904163360595703,0,0.7633581757545471
0.012889999896287918,0.0000000000002339992620243453,-0.00000020770556830029818,0.00000003515039281865029,0.005385905504226685,-0.000005070644874649588,-0.32359805703163147,-0.002248479053378105,-229.1316375732422,16.73850440979004,0,0.7633581757545471
0.012894999235868454,0.0000000000004010791807181058,-0.00000018150538494410284,0.000000033415986422369315,0.005240036174654961,-0.0000066460106609156355,-0.3150732219219208,-0.002829056465998292,-753.9739990234375,44.62162780761719,0,0.7633581757545471
0.012899999506771564,0.0000000000005547978526240782,-0.00000015770517336477496,0.000000030743734669158584,0.004760041832923889,-0.000008107748726615682,-0.29234763979911804,-0.0033956863917410374,-1238.4095458984375,70.36605072021484,0,0.7633581757545471
0.012904999777674675,0.0000000000006914910267649677,-0.0000001378469391966064,0.000000027338632690998566,0.00397164560854435,-0.000009390301784151234,-0.25651052594184875,-0.003932479303330183,-1658.3388671875,92.6985092163086,0,0.7633581757545471
0.012910000048577785,0.000000000000808390247103441,-0.00000012326736964496376,0.000000023379843838711167,0.0029159141704440117,-0.000010436799129820429,-0.20929956436157227,-0.0044218795374035835,-1992.8612060546875,110.51472473144531,0,0.7633581757545471
0.012914999388158321,0.0000000000009033947635100903,-0.00000011503126984280243,0.000000019000900408627786,0.0016472195275127888,-0.00001120187334890943,-0.1530148684978485,-0.0048477197997272015,-2225.310302734375,122.93413543701172,0,0.7633581757545471
0.012919999659061432,0.0000000000009748203763301766,-0.00000011387855636257882,0.000000014285124194657328,0.00023054308257997036,-0.000011653898582153488,-0.09040503203868866,-0.005198341794312,-2344.080078125,129.34347534179688,0,0.7633581757545471
0.012924999929964542,0.0000000000010212022200084547,-0.00000012018728057228145,0.000000009276361012666712,-0.001261744648218155,-0.000011776553037634585,-0.024530939757823944,-0.005467085167765617,-2343.2001953125,129.42726135253906,0,0.7633581757545471
0.012929999269545078,0.0000000000010412174594742751,-0.00000013395464293353143,0.000000004003039677513698,-0.0027534724213182926,-0.000011569623893592507,0.041385821998119354,-0.005654712673276663,-2222.631103515625,123.1832504272461,0,0.7633581757545471
0.012934999540448189,0.0000000000010337560885434471,-0.00000015479686510389001,-0.0000000014922814095541526,-0.0041684433817863464,-0.000011049010936403647,0.10412253439426422,-0.005767816677689552,-1988.266845703125,110.92273712158203,0,0.7633581757545471
0.0129399998113513,0.0000000000009981383124538223,-0.00000018196793405422795,-0.00000000712355996412839,-0.0054342132061719894,-0.00001024593620968517,0.160615012049675,-0.005818470846861601,-1651.6427001953125,93.25498962402344,0,0.7633581757545471
0.01294500008225441,0.0000000000009344330864635708,-0.00000021439635133901902,-0.000000012741049104647573,-0.006485681980848312,-0.000009205388778354973,0.20810939371585846,-0.005821315571665764,-1229.3638916015625,71.05714416503906,0,0.7633581757545471
0.012949999421834946,0.000000000000843808313152894,-0.0000002507379406324617,-0.00000001812495931119429,-0.00726831890642643,-0.00000798389646661235,0.24429850280284882,-0.005790784489363432,-742.2827758789063,45.43069839477539,0,0.7633581757545471
0.012954999692738056,0.0000000000007288265585665699,-0.0000002894422834742727,-0.000000022996355042437244,-0.007740871049463749,-0.0000066467155193095095,0.2674361765384674,-0.00573853449895978,-214.4657745361328,17.64695167541504,0,0.7633581757545471
0.012959999963641167,0.0000000000005936025325795069,-0.0000003288292873548926,-0.00000002704480372983653,-0.007877403870224953,-0.000005264596893539419,0.27642372250556946,-0.005671227350831032,327.9989929199219,-10.915993690490723,0,0.7633581757545471
0.012964999303221703,0.0000000000004437595852845727,-0.000000367172248161296,-0.000000029968589387863176,-0.007668592967092991,-0.000003910275609086966,0.2708642780780792,-0.005589140113443136,858.294189453125,-38.84150695800781,0,0.7633581757545471
0.012969999574124813,0.000000000000286157111461377,-0.00000040278317214870185,-0.00000003152049288246417,-0.00712218601256609,-0.0000026548632376943715,0.2510824501514435,-0.005486652720719576,1350.201904296875,-64.74461364746094,0,0.7633581757545471
0.012974999845027924,0.00000000000012840103329539443,-0.0000004340962789228797,-0.000000031551216750358435,-0.006262620911002159,-0.0000015643217921024188,0.21810829639434814,-0.005352939944714308,1779.40283203125,-87.34064483642578,0,0.7633581757545471
0.012980000115931034,-0.000000000000021806707372999667,-0.0000004597453653332195,-0.00000003004154791597102,-0.005129817873239517,-0.000000696191477800312,0.17362606525421143,-0.005175096448510885,2124.680908203125,-105.50885009765625,0,0.7633581757545471
0.01298499945551157,-0.00000000000015739438832124142,-0.0000004786313638760475,-0.000000027117536660625774,-0.00377720408141613,-0.0000000967372670857003,0.11989084631204605,-0.004940283950418234,2368.974609375,-118.34796142578125,0,0.7633581757545471
0.01298999972641468,-0.00000000000027261542632703306,-0.0000004899766850030574,-0.000000023044208319333848,-0.0022690678015351295,0.000000201346324502083,0.05961672216653824,-0.00463885860517621,2500.22216796875,-125.22084045410156,0,0.7633581757545471
0.012994999997317791,-0.00000000000036360785259439976,-0.0000004933635864290409,-0.000000018198484497133904,-0.0006773769855499268,0.00000018055770567571017,-0.004157723858952522,-0.004267142154276371,2511.95947265625,-125.78605651855469,0,0.7633581757545471
0.012999999336898327,-0.00000000000042873457605299703,-0.0000004887546651843877,-0.000000013025342582295707,0.0009217860642820597,-0.00000016054245577379334,-0.06822003424167633,-0.0038283267058432102,2403.639892578125,-120.0147705078125,0,0.7633581757545471
0.013004999607801437,-0.0000000000004686525147991338,-0.00000047649470502619806,-0.000000007983583572013231,0.002451990731060505,-0.000000807257720225607,-0.12934304773807526,-0.0033328894060105085,2180.661376953125,-108.19217681884766,0,0.7633581757545471
0.013009999878704548,-0.0000000000004861045919089813,-0.00000045729348130407743,-0.0000000034904195089779932,0.0038402429781854153,-0.0000017294819372182246,-0.184444859623909,-0.002797345630824566,1854.0992431640625,-90.9034194946289,0,0.7633581757545471
0.013014999218285084,-0.0000000000004854724478323136,-0.0000004321904896187334,0.00000000012642686897379463,0.0050205993466079235,-0.000002883189836211386,-0.23074157536029816,-0.0022423730697482824,1440.1573486328125,-69.0045394897461,0,0.7633581757545471
0.013019999489188194,-0.0000000000004721657093087472,-0.0000004025033319976501,0.0000000026613511394657507,0.005937432404607534,-0.000004212616204313235,-0.26588529348373413,-0.001689412514679134,959.3649291992188,-43.58010482788086,0,0.7633581757545471
0.013024999760091305,-0.00000000000045194506774134946,-0.000000369762403806817,0.000000004044129475744285,0.0065481835044920444,-0.000005653018433804391,-0.28808045387268066,-0.0011583789018914104,435.5597839355469,-15.889429092407227,0,0.7633581757545471
0.013030000030994415,-0.00000000000043028514778997717,-0.00000033563506462996884,0.000000004331981884320157,0.006825469899922609,-0.0000071338827183353715,-0.2961728572845459,-0.0006648848066106439,-105.29305267333984,12.695781707763672,0,0.7633581757545471
0.013034999370574951,-0.00000000000041186653154841324,-0.000000301842874250724,0.000000003683721550018504,0.00675843795761466,-0.00000858241764944978,-0.2897069454193115,-0.00021836700034327805,-636.3876953125,40.75940704345703,0,0.7633581757545471
0.013039999641478062,-0.0000000000004002573825764161,-0.0000002700763843677123,0.0000000023218276190561937,0.006353300996124744,-0.00000992715922620846,-0.26894837617874146,0.00035554892383515835,-1131.40576171875,66.91107940673828,0,0.7633581757545471
0.013044999912381172,-0.00000000000039724297527625463,-0.000000241911266130046,0.000000000602883742928384,0.0056330254301428795,-0.000011101513337052893,-0.23487085103988647,0.0010462463833391666,-1565.820068359375,89.85508728027344,0,0.7633581757545471
0.013049999251961708,-0.0000000000004029555009978092,-0.00000021873029254493304,-0.0000000011425040913337625,0.004636193625628948,-0.000012047053132846486,-0.18910804390907288,0.001637440174818039,-1918.110107421875,108.45452880859375,0,0.7633581757545471
0.013054999522864819,-0.00000000000041681054766505576,-0.00000020165485636880476,-0.0000000027710078676079775,0.003415087005123496,-0.000012716415767499711,-0.1338725984096527,0.0021348202135413885,-2170.828125,121.78767395019531,0,0.7633581757545471
0.013059999793767929,-0.00000000000043780452353703314,-0.00000019148937724366988,-0.000000004198793313037186,0.0020330948755145073,-0.000013075648894300684,-0.07184664905071259,0.002544631250202656,-2311.464111328125,129.1936798095703,0,0.7633581757545471
0.01306500006467104,-0.0000000000004647877135249834,-0.0000001886815255147667,-0.000000005396642244193117,0.0005615712143480778,-0.000013105893231113441,-0.00604885071516037,0.0028677061200141907,-2333.064453125,130.30519104003906,0,0.7633581757545471
0.013069999404251575,-0.0000000000004966549090393291,-0.00000019330003908635263,-0.000000006373443106610921,-0.0009237036574631929,-0.000012804318430426065,0.06031503528356552,0.00309835490770638,-2234.57666015625,125.0666732788086,0,0.7633581757545471
0.013074999675154686,-0.0000000000005324089693420353,-0.00000020503144071426505,-0.00000000715080883395558,-0.0023462793324142694,-0.000012184264051029459,0.12401096522808075,0.0032221446745097637,-2020.9058837890625,113.73724365234375,0,0.7633581757545471
0.013079999946057796,-0.0000000000005710957423112062,-0.00000022319558468097966,-0.000000007737356533255024,-0.0036328278947621584,-0.000011274580174358562,0.18193687498569489,0.003220201935619116,-1702.6640625,96.8775634765625,0,0.7633581757545471
0.013084999285638332,-0.0000000000006116289115801199,-0.00000024677947862983274,-0.000000008106639803884264,-0.004716777242720127,-0.000010118199497810565,0.23127619922161102,0.0030712932348251343,-1295.6495361328125,75.32227325439453,0,0.7633581757545471
0.013089999556541443,-0.0000000000006525635067033964,-0.00000027448754735814873,-0.000000008186920474884118,-0.005541613325476646,-0.000008770011845626868,0.2696375250816345,0.0027584878262132406,-820.0623779296875,50.1385498046875,0,0.7633581757545471
0.013094999827444553,-0.0000000000006918826405896694,-0.0000003048059511456813,-0.000000007863824258436125,-0.006063681095838547,-0.0000072941475082188845,0.29517287015914917,0.002273459220305085,-299.5043640136719,22.57328987121582,0,0.7633581757545471
0.013100000098347664,-0.0000000000007268709831080578,-0.00000033607770433263795,-0.000000006997669999009304,-0.006254351697862148,-0.000005760800831922097,0.30666935443878174,0.001621341914869845,240.19097900390625,-6.008713722229004,0,0.7633581757545471
0.0131049994379282,-0.0000000000007541289641366244,-0.0000003665849135359167,-0.000000005451593843019964,-0.006101441569626331,-0.000004242755039740587,0.30360913276672363,0.0008221201715059578,772.2381591796875,-34.19237518310547,0,0.7633581757545471
0.01310999970883131,-0.0000000000007697589852855014,-0.0000003946340143556881,-0.0000000031260034560887107,-0.005609819665551186,-0.0000028117797228333075,0.2861950993537903,-0.00004454769805306569,1270.227294921875,-60.582427978515625,0,0.7633581757545471
0.01311499997973442,-0.0000000000007695747251262874,-0.00000041863984279189026,0.00000000003685207694559267,-0.004801168106496334,-0.000001535076307845884,0.25534069538116455,-0.0005336009780876338,1709.432373046875,-83.8725814819336,0,0.7633581757545471
0.013119999319314957,-0.0000000000007483095631859171,-0.0000004372043918010604,0.000000004253035257306692,-0.0037129095289856195,-0.00000047195248953357805,0.21262475848197937,-0.0010371565585955977,2068.0361328125,-102.91019439697266,0,0.7633581757545471
0.013124999590218067,-0.0000000000007015656501921375,-0.0000004491861886890547,0.000000009348787521901158,-0.0023963567800819874,0.00000032911259495449485,0.16021302342414856,-0.0015364098362624645,2328.21142578125,-116.75340270996094,0,0.7633581757545471
0.013129999861121178,-0.0000000000006264233923247708,-0.00000045375705326478055,0.0000000150284513722454,-0.0009141713962890208,0.0000008328676699420612,0.10075101256370544,-0.0020151936914771795,2477.00439453125,-124.71778869628906,0,0.7633581757545471
0.013135000132024288,-0.0000000000005219189880625863,-0.00000045044336616228975,0.000000020900877473195578,0.0006627385155297816,0.0000010190315151703544,0.037232767790555954,-0.0024628909304738045,2506.976806640625,-126.41033172607422,0,0.7633581757545471
0.013139999471604824,-0.00000000000038930905482854883,-0.0000004391497157030244,0.00000002652198816122109,0.0022587296552956104,0.0000008832940920910914,-0.027147483080625534,-0.002874714322388172,2416.57421875,-121.74880981445313,0,0.7633581757545471
0.013144999742507935,-0.0000000000002320693550522668,-0.0000004201638716949674,0.000000031447939363715705,0.0037971683777868748,0.00000043752589817813714,-0.08915363997220993,-0.0032530922908335924,2210.202880859375,-110.96590423583984,0,0.7633581757545471
0.013150000013411045,-0.00000000000005562482982904293,-0.0000003941427451081836,0.00000003528890601955936,0.005204227287322283,-0.00000029081462571411976,-0.14566810429096222,-0.0036055881064385176,1898.0120849609375,-94.59767150878906,0,0.7633581757545471
0.013154999352991581,0.00000000000013315511074394465,-0.00000036208004416948825,0.000000037755988557819364,0.006412539165467024,-0.0000012600460195244523,-0.19384630024433136,-0.003943304065614939,1495.3907470703125,-73.45699310302734,0,0.7633581757545471
0.013159999623894691,0.0000000000003266180728656032,-0.00000032525736060051713,0.00000003869259046496154,0.007364534307271242,-0.0000024163341549865436,-0.2312576323747635,-0.004277897533029318,1022.2053833007813,-48.593257904052734,0,0.7633581757545471
0.013164999894797802,0.0000000000005170472340207399,-0.0000002851809028925345,0.00000003808582960118656,0.008015290834009647,-0.000003696363819472026,-0.2560059726238251,-0.004618458449840546,501.815673828125,-21.24040412902832,0,0.7633581757545471
0.013169999234378338,0.0000000000006973306480861918,-0.00000024350711669285374,0.00000003605668297268494,0.008334756828844547,-0.000005030482043366646,-0.2668236196041107,-0.004969011526554823,-40.08277130126953,7.244225025177002,0,0.7633581757545471
0.013174999505281448,0.0000000000008614865006258132,-0.00000020196092975766078,0.000000032831174223701964,0.008309238590300083,-0.000006346152986225206,-0.2631341516971588,-0.005327127408236265,-576.7313842773438,35.447147369384766,0,0.7633581757545471
0.013179999776184559,0.0000000000010049780018589471,-0.00000016225052945628704,0.00000002869830240115334,0.007942079566419125,-0.000007571558398922207,-0.2450810819864273,-0.0056830234825611115,-1081.634765625,61.968780517578125,0,0.7633581757545471
0.01318500004708767,0.0000000000011247936176211892,-0.00000012598307819189358,0.00000002396313547592399,0.0072534894570708275,-0.000008639161023893394,-0.21352063119411469,-0.006020739208906889,-1529.872802734375,85.4927749633789,0,0.7633581757545471
0.013189999386668205,0.0000000000012193095925289166,-0.00000009458536709416876,0.00000001890320433517445,0.006279542110860348,-0.000009489058356848545,-0.169979527592659,-0.0063202218152582645,-1899.3358154296875,104.85122680664063,0,0.7633581757545471
0.013194999657571316,0.0000000000012879892465067488,-0.00000006923342965592383,0.000000013735942161474668,0.00507038738578558,-0.000010071954420709517,-0.11657924950122833,-0.006559752859175205,-2171.819580078125,119.08260345458984,0,0.7633581757545471
0.013199999928474426,0.0000000000013310024740351145,-0.00000005079461118384643,0.00000000860263682511686,0.003687764285132289,-0.000010351609489589464,-0.0559309758245945,-0.006719555240124464,-2333.927490234375,127.47930145263672,0,0.7633581757545471
0.013204999268054962,0.0000000000013488531038635676,-0.00000003978491136535922,0.000000003570116646756105,0.002201939933001995,-0.000010306641343049705,0.008993696421384811,-0.0067838095128536224,-2377.73388671875,129.62278747558594,0,0.7633581757545471
0.013209999538958073,0.000000000001342098958009852,-0.00000003634377421235513,-0.0000000013508194562916742,0.0006882275338284671,-0.000009931591193890199,0.0750100314617157,-0.006743494421243668,-2301.177001953125,125.40425872802734,0,0.7633581757545471
0.013214999809861183,0.00000000000131121751911073,-0.000000040227511988177866,-0.000000006176288369630356,-0.00077674729982391,-0.000009237201993528288,0.13887789845466614,-0.006596528925001621,-2108.160888671875,115.0301284790039,0,0.7633581757545471
0.013220000080764294,0.0000000000012566392154286787,-0.00000005082173260007039,-0.000000010915661263766196,-0.002118844073265791,-0.000008249890925071668,0.197462260723114,-0.006347769405692816,-1808.3619384765625,99.01173400878906,0,0.7633581757545471
0.01322499942034483,0.0000000000011789298920775182,-0.00000006717214517948378,-0.0000000155418558023257,-0.0032700831070542336,-0.000007010448371147504,0.2478885054588318,-0.006007486488670111,-1416.749267578125,78.1400146484375,0,0.7633581757545471
0.01322999969124794,0.0000000000010790689088796546,-0.0000000880322090779373,-0.00000001997218568305925,-0.004172013606876135,-0.000005572023837885354,0.2876848578453064,-0.005589071195572615,-952.8428344726563,53.44633483886719,0,0.7633581757545471
0.01323499996215105,0.0000000000009587474043837307,-0.00000011192526727654695,-0.000000024064300774284675,-0.0047786119394004345,-0.000003997499334218446,0.3149048686027527,-0.005106886848807335,-439.7464294433594,26.151384353637695,0,0.7633581757545471
0.013239999301731586,0.0000000000008206035135259471,-0.00000013721808045374928,-0.000000027628781040789363,-0.005058562848716974,-0.000002356381173740374,0.32822364568710327,-0.004573771730065346,96.99718475341797,-2.3952951431274414,0,0.7633581757545471
0.013244999572634697,0.0000000000006683244994747095,-0.00000016220214149598178,-0.00000003045580143634652,-0.00499681243672967,-0.0000007213626531665795,0.32700371742248535,-0.003999370615929365,630.672119140625,-30.78218650817871,0,0.7633581757545471
0.013249999843537807,0.0000000000005065712931594246,-0.00000018517870614687126,-0.000000032350641276934766,-0.004595313686877489,0.0000008352698159797001,0.3113265037536621,-0.003390135243535042,1134.713134765625,-57.60572814941406,0,0.7633581757545471
0.013255000114440918,0.00000000000034071541161334595,-0.00000020454336890907143,-0.00000003317117602819053,-0.0038729330990463495,0.0000022452104531112127,0.28198814392089844,-0.0027495368849486113,1584.0216064453125,-81.53984069824219,0,0.7633581757545471
0.013259999454021454,0.00000000000017642078119564641,-0.00000021886593515318964,-0.000000032858928022960754,-0.0028645137790590525,0.0000034475115171517245,0.24046023190021515,-0.002079655881971121,1956.209716796875,-101.40164184570313,0,0.7633581757545471
0.013264999724924564,0.000000000000019134758881544922,-0.00000022696168855418364,-0.000000031457204840990016,-0.0016191520262509584,0.00000439159566667513,0.18881680071353912,-0.0013834766577929258,2232.70947265625,-116.21005249023438,0,0.7633581757545471
0.013269999995827675,-0.00000000000012642499352087666,-0.00000022795050824697682,-0.000000029111950183846602,-0.00019776506815105677,0.000005039752977609169,0.12963150441646576,-0.0006668971036560833,2399.69287109375,-125.23438262939453,0,0.7633581757545471
0.01327499933540821,-0.0000000000002566956521475594,-0.0000002213008798435112,-0.00000002605412952050301,0.001329926890321076,0.000005369003702071495,0.0658501535654068,0.00011823874956462532,2448.75732421875,-128.03057861328125,0,0.7633581757545471
0.013279999606311321,-0.00000000000036934032763592806,-0.00000020685661183961201,-0.0000000225289351618585,0.0028888541273772717,0.0000053722274060419295,0.0006447210907936096,0.0015538958832621574,2377.34130859375,-124.463134765625,0,0.7633581757545471
0.013284999877214432,-0.000000000000461385324477398,-0.00000018484503527815832,-0.00000001840899699345755,0.004402316641062498,0.000005058508122601779,-0.06274383515119553,0.0029054535552859306,2188.853271484375,-114.71194458007813,0,0.7633581757545471
0.013289999216794968,-0.0000000000005313031915463173,-0.00000015586611823437124,-0.00000001398357341031442,0.005795783828943968,0.0000044526773308462,-0.12116614729166031,0.004098249599337578,1892.500732421875,-99.26323699951172,0,0.7633581757545471
0.013294999487698078,-0.0000000000005787865304217321,-0.0000001208631772442459,-0.00000000949666656424597,0.007000587414950132,0.0000035940747693530284,-0.1717205047607422,0.005057482048869133,1502.835205078125,-78.88558959960938,0,0.7633581757545471
0.013299999758601189,-0.0000000000006043896936744342,-0.00000008107657123446188,-0.000000005120633694843946,0.007957321591675282,0.0000025345916583319195,-0.2118965983390808,0.005715150386095047,1039.03125,-54.591766357421875,0,0.7633581757545471
0.0133050000295043,-0.0000000000006091194714417936,-0.000000037982623268817406,-0.0000000009459606431505563,0.008618789725005627,0.0000013360919410843053,-0.23969995975494385,0.0060190740041434765,523.9365234375,-27.588590621948242,0,0.7633581757545471
0.013309999369084835,-0.0000000000005940565422392352,0.000000006779060868211673,0.000000003012591065498782,0.008952337317168713,0.000000067338419285079,-0.2537507116794586,0.005938166752457619,-17.06022071838379,0.782866895198822,0,0.7633581757545471
0.013314999639987946,-0.000000000000560088108704504,0.000000051486441776660286,0.000000006793681173178356,0.008941476233303547,-0.0000011994216038146988,-0.25335201621055603,0.005468403454869986,-557.2869873046875,29.11374855041504,0,0.7633581757545471
0.013319999910891056,-0.0000000000005077999110612852,0.00000009441991721814702,0.000000010457638310867878,0.008586696349084377,-0.0000023920440526126185,-0.23852449655532837,0.004632266703993082,-1070.1097412109375,55.9972038269043,0,0.7633581757545471
0.013324999250471592,-0.0000000000004375505762831827,0.0000001339471396022418,0.000000014049868823917677,0.007905443198978901,-0.0000034420706924720434,-0.21000534296035767,0.0034784674644470215,-1530.252197265625,80.09809875488281,0,0.7633581757545471
0.013329999521374702,-0.000000000000349704423405206,0.0000001686034067915898,0.0000000175692296267016,0.006931254640221596,-0.000004288129275664687,-0.1692117154598236,0.0020757007878273726,-1915.0478515625,100.21920013427734,0,0.7633581757545471
0.013334999792277813,-0.000000000000244973420888972,0.00000019716389942914248,0.000000020946201217952876,0.0057120975106954575,-0.000004878981599176768,-0.11817049980163574,0.0005059841787442565,-2205.563232421875,115.36043548583984,0,0.7633581757545471
0.013340000063180923,-0.0000000000001247898675669698,0.00000021870386035516276,0.00000002403671039985511,0.00430799275636673,-0.0000051760712267423514,-0.05941791832447052,-0.0005718342727050185,-2387.53515625,124.76850128173828,0,0.7633581757545471
0.01334499940276146,0.000000000000010194441319756609,0.00000023264406934231374,0.000000026996863411454797,0.0027880407869815826,-0.000005155440248927334,0.004126153886318207,-0.0014040851965546608,-2452.078369140625,127.97417449951172,0,0.7633581757545471
0.01334999967366457,0.0000000000001588677648635406,0.00000023877908006397774,0.000000029734666284753075,0.001226999331265688,-0.000004808925950783305,0.06930286437273026,-0.002219752175733447,-2396.124755859375,124.81553649902344,0,0.7633581757545471
0.01335499994456768,0.0000000000003186873508143062,0.00000023728696874059096,0.000000031963914182142616,-0.00029842101503163576,-0.000004144571448705392,0.1328708827495575,-0.003001071512699127,-2222.57568359375,115.446044921875,0,0.7633581757545471
0.013359999284148216,0.0000000000004857414926014159,0.00000022872018234920688,0.000000033410827882107696,-0.0017133565852418542,-0.0000031862359719525557,0.1916670799255371,-0.0037365250755101442,-1940.157958984375,100.32688903808594,0,0.7633581757545471
0.013364999555051327,0.0000000000006550270308797179,0.00000021397768534825445,0.0000000338571055635839,-0.0029484995175153017,-0.0000019724202502402477,0.24276313185691833,-0.004419797565788031,-1562.9915771484375,80.20418548583984,0,0.7633581757545471
0.013369999825954437,0.000000000000820889634479266,0.00000019426002495492867,0.000000033172518953961116,-0.003943530842661858,-0.0000005543663519347319,0.2836107909679413,-0.005047836806625128,-1109.889892578125,56.07196044921875,0,0.7633581757545471
0.013375000096857548,0.0000000000009775474700546294,0.00000017100947502513009,0.000000031331566674452915,-0.004650108516216278,0.0000010064737807624624,0.31216803193092346,-0.005618838593363762,-603.4271240234375,29.12294578552246,0,0.7633581757545471
0.013379999436438084,0.0000000000011196046260236736,0.00000014583815755031537,0.000000028411442087872274,-0.00503426231443882,0.000002641475020936923,0.327000230550766,-0.006129749584943056,-68.82028198242188,0.6894772052764893,0,0.7633581757545471
0.013384999707341194,0.0000000000012424696688162484,0.00000012044777975006582,0.000000024573019175022637,-0.005078074522316456,0.000004278231699572643,0.3273513615131378,-0.0065750181674957275,467.32080078125,-27.822532653808594,0,0.7633581757545471
0.013389999978244305,0.000000000001342614170882217,0.00000009654493737798475,0.000000020028892322443426,-0.004780569113790989,0.000005844139195687603,0.31318148970603943,-0.006946110166609287,978.3118896484375,-55.00324249267578,0,0.7633581757545471
0.01339499931782484,0.0000000000014176420454203864,0.00000007575615512678269,0.000000015005568343440245,-0.004157756455242634,0.000007269982233992778,0.2851685583591461,-0.007231715600937605,1438.7164306640625,-79.50872039794922,0,0.7633581757545471
0.013399999588727951,0.0000000000014661813430016934,0.000000059546948705246905,0.000000009707852299811748,-0.0032418412156403065,0.000008493358109262772,0.24467511475086212,-0.007419551257044077,1825.6063232421875,-100.12757110595703,0,0.7633581757545471
0.013404999859631062,0.000000000001487643125006044,0.00000004914882723028313,0.000000004292354027768397,-0.002079624217003584,0.000009461760782869533,0.1936805695295334,-0.007498584687709808,2119.69775390625,-115.84088897705078,0,0.7633581757545471
0.013409999199211597,0.0000000000014819199469981448,0.000000045497912992686906,-0.0000000011446279479798704,-0.0007301827426999807,0.00001013517703540856,0.134683296084404,-0.007461392320692539,2306.306396484375,-125.872802734375,0,0.7633581757545471
0.013414999470114708,0.0000000000014491063514074365,0.0000000491881984032716,-0.000000006562716148295067,0.0007380574243143201,0.000010488060979696456,0.07057680189609528,-0.007306030485779047,2376.075927734375,-129.72886657714844,0,0.7633581757545471
0.013419999741017818,0.0000000000013893167215631164,0.00000006044177069952639,-0.000000011957927981143257,0.0022507142275571823,0.000010510592801438179,0.004506438970565796,-0.00703791156411171,2325.441162109375,-127.22058868408203,0,0.7633581757545471
0.013425000011920929,0.0000000000013026506956448358,0.00000007909745391998513,-0.00000001733319443530945,0.0037311362102627754,0.00001020916079141898,-0.060286469757556915,-0.006669664289802313,2156.8046875,-118.47477722167969,0,0.7633581757545471
0.013429999351501465,0.000000000001189324246725354,0.00000010461845789677682,-0.00000002266529364192138,0.005104200914502144,0.000009606034836906474,-0.12062517553567886,-0.00622023269534111,1878.418212890625,-103.92720031738281,0,0.7633581757545471
0.013434999622404575,0.0000000000010499427932977867,0.00000013611864346785296,-0.00000002787628261557984,0.006300038658082485,0.000008738260476093274,-0.17355486750602722,-0.005712860729545355,1503.9736328125,-84.30104064941406,0,0.7633581757545471
0.013439999893307686,0.0000000000008858603954553512,0.00000017240613203739485,-0.000000032816480199926445,0.0072574978694319725,0.000007655815352336504,-0.2164890170097351,-0.005172390025109053,1051.9249267578125,-60.5710563659668,0,0.7633581757545471
0.013444999232888222,0.0000000000006995409568451294,0.00000021204199640578736,-0.00000003726388797531399,0.007927173748612404,0.000006419127203116659,-0.24733760952949524,-0.004621719475835562,544.5735473632813,-33.91526794433594,0,0.7633581757545471
0.013449999503791332,0.0000000000004948345335917259,0.0000002534112866214855,-0.000000040941287693385675,0.008273860439658165,0.00000509607480125851,-0.26461049914360046,-0.004079653415828943,6.9639201164245605,-5.6566081047058105,0,0.7633581757545471
0.013454999774694443,0.00000000000027708597135495117,0.00000029480275998139405,-0.000000043549711392643076,0.008278293535113335,0.0000037586178223136812,-0.2674913704395294,-0.0035581260453909636,-534.3576049804688,22.80265235900879,0,0.7633581757545471
0.013460000045597553,0.00000000000005302588880137793,0.00000033449330771873065,-0.000000044812018984430324,0.007938111200928688,0.000002479227532603545,-0.2558780610561371,-0.0030622726771980524,-1052.657958984375,50.05037307739258,0,0.7633581757545471
0.01346499938517809,-0.0000000000001695737869783845,0.00000037083316328789806,-0.00000004451993618204142,0.007267968729138374,0.000001327289396613196,-0.2303876280784607,-0.0025900809559971094,-1522.3416748046875,74.7344970703125,0,0.7633581757545471
0.0134699996560812,-0.00000000000038244822348106056,0.0000004023272310860193,-0.000000042574889391744364,0.006298815831542015,0.0000003656612079794286,-0.1923256516456604,-0.0021344730630517006,-1920.2191162109375,95.63005828857422,0,0.7633581757545471
0.01347499992698431,-0.0000000000005775256575052401,0.00000042770906816258503,-0.00000003901548950580036,0.005076366476714611,-0.000000352447045770532,-0.14362165331840515,-0.0016857348382472992,-2226.6552734375,111.69989776611328,0,0.7633581757545471
0.013479999266564846,-0.0000000000007476543798130841,0.00000044600324144994374,-0.0000000340257457764892,0.0036588339135050774,-0.0000007861139010856277,-0.0867333710193634,-0.0012347068404778838,-2426.54296875,122.1460189819336,0,0.7633581757545471
0.013484999537467957,-0.0000000000008872643288485027,0.000000456573474139077,-0.000000027921991829771287,0.002114048693329096,-0.000000908738456928404,-0.024524914100766182,-0.0007751438533887267,-2510.05029296875,126.4491195678711,0,0.7633581757545471
0.013489999808371067,-0.0000000000009928625846825079,0.0000004591539664033917,-0.000000021119657134249792,0.0005161010194569826,-0.000000709363007445063,0.0398750901222229,-0.0003062827745452523,-2473.10888671875,124.39437103271484,0,0.7633581757545471
0.013495000079274178,-0.000000000001063290514663473,0.00000045386232727651077,-0.000000014085586030887498,-0.0010583290131762624,-0.00000019321993249832303,0.1032286137342453,0.00033334444742649794,-2317.614990234375,116.08201599121094,0,0.7633581757545471
0.013499999418854713,-0.0000000000010991750044875293,0.00000044119349240645533,-0.000000007176907956818468,-0.0025337685365229845,0.0000006185235861266847,0.1623487025499344,0.0012591317063197494,-2051.334716796875,101.92243957519531,0,0.7633581757545471
0.013504999689757824,-0.0000000000011022434050558805,0.0000004219950540118589,-0.0000000006136848806903572,-0.0038396886084228754,0.0000016898104604479158,0.2142573744058609,0.0021184443030506372,-1687.5205078125,82.61581420898438,0,0.7633581757545471
0.013509999960660934,-0.0000000000010759009785518692,0.00000039742505464346323,0.0000000052684887563714256,-0.004913997370749712,0.0000029714767606492387,0.25633326172828674,0.002861738670617342,-1244.2537841796875,59.11740493774414,0,0.7633581757545471
0.01351499930024147,-0.0000000000010247089635151418,0.00000036889449006594077,0.00000001023839768521384,-0.00570611422881484,0.000004403684215503745,0.28644153475761414,0.003442940302193165,-743.5488891601563,32.59027099609375,0,0.7633581757545471
0.01351999957114458,-0.0000000000009538267528239053,0.00000033799713605731085,0.000000014176433360546525,-0.006179471965879202,0.000005918882379774004,0.30303964018821716,0.0038261059671640396,-210.262451171875,4.347620010375977,0,0.7633581757545471
0.013524999842047691,-0.0000000000008685035655063567,0.00000030643047921330435,0.000000017064641255615243,-0.006313329096883535,0.0000074451518230489455,0.30525389313697815,0.003990002907812595,329.13824462890625,-24.212278366088867,0,0.7633581757545471
0.013530000112950802,-0.0000000000007736901939427165,0.0000002759115034223214,0.00000001896267498580073,-0.006103793624788523,0.000008909765710995998,0.292922705411911,0.003930467180907726,847.886474609375,-51.675331115722656,0,0.7633581757545471
0.013534999452531338,-0.0000000000006738123514010708,0.0000002480914531588496,0.00000001997556786648147,-0.005564012099057436,0.000010242789358017035,0.2666046917438507,0.003660544054582715,1320.2425537109375,-76.68170166015625,0,0.7633581757545471
0.013539999723434448,-0.0000000000005727086014629956,0.00000022447385106261208,0.00000002022075129559653,-0.004723519552499056,0.000011380544492567424,0.22755101323127747,0.0032077119685709476,1722.769287109375,-97.99319458007813,0,0.7633581757545471
0.013544999994337559,-0.0000000000004737039753510697,0.00000020633999042729556,0.000000019800930672886352,-0.003626770805567503,0.000012268761565792374,0.17764347791671753,0.002608191454783082,2035.49267578125,-114.55459594726563,0,0.7633581757545471
0.013549999333918095,-0.0000000000003797663138821461,0.00000019468531320399052,0.000000018787529754149546,-0.002330936025828123,0.000012865268217865378,0.11930129677057266,0.0019025059882551432,2242.892578125,-125.54595184326172,0,0.7633581757545471
0.013554999604821205,-0.0000000000002936720690845801,0.00000019016998464849166,0.000000017218850345557257,-0.0009030663059093058,0.000013142074749339372,0.055361274629831314,0.0011284028878435493,2334.670654296875,-130.42320251464844,0,0.7633581757545471
0.013559999875724316,-0.00000000000021811845136044533,0.0000001930861373011794,0.000000015110723339262222,0.0005832310998812318,0.000013086761100566946,-0.011062713339924812,0.00031696868245489895,2306.26123046875,-128.9451141357422,0,0.7633581757545471
0.013564999215304852,-0.00000000000015573046324712791,0.00000020334334749350091,0.000000012477599398152961,0.002051442628726363,0.000012703091670118738,-0.07673391699790955,-0.0002550737408455461,2159.057861328125,-121.18528747558594,0,0.7633581757545471
0.013569999486207962,-0.00000000000010812915639908313,0.00000022047305492378655,0.000000009520261912143724,0.0034259415697306395,0.000012010826139885467,-0.13845308125019073,-0.0006745298742316663,1900.343017578125,-107.52842712402344,0,0.7633581757545471
0.013574999757111073,-0.00000000000007601131367124953,0.00000024365175477214507,0.000000006423569232083537,0.004635737277567387,0.000011044741768273525,-0.19321686029434204,-0.0011041167890653014,1542.928466796875,-88.6513671875,0,0.7633581757545471
0.013580000028014183,-0.0000000000000593744346223668,0.0000002717417260100774,0.0000000033273757082952216,0.005617995746433735,0.00000985290898825042,-0.23836663365364075,-0.0015492468373849988,1104.520263671875,-65.48946380615234,0,0.7633581757545471
0.013584999367594719,-0.00000000000005722284896359647,0.00000030334749112626014,0.0000000004303171152741925,0.0063211554661393166,0.000008494308531226125,-0.27172014117240906,-0.0020144302397966385,606.8411865234375,-39.19029998779297,0,0.7633581757545471
0.01358999963849783,-0.00000000000006734296144816562,0.00000033688490930217085,-0.0000000020240225051537664,0.006707482971251011,0.000007035910584818339,-0.29167959094047546,-0.0025005692150443792,74.55465698242188,-11.056807518005371,0,0.7633581757545471
0.01359499990940094,-0.00000000000008622211289128351,0.00000037065964875182544,-0.0000000037758298709889004,0.0067549459636211395,0.000005549356501433067,-0.29731079936027527,-0.0030035695526748896,-465.95745849609375,17.517292022705078,0,0.7633581757545471
0.013599999248981476,-0.00000000000010916433908084514,0.0000004029512012948544,-0.000000004588445623454618,0.006458308547735214,0.000004107409949938301,-0.28838929533958435,-0.0035134393256157637,-987.9017333984375,45.11653518676758,0,0.7633581757545471
0.013604999519884586,-0.0000000000001306190263372295,0.000000432098147484794,-0.000000004290938715456605,0.005829391069710255,0.000002780351678666193,-0.2654116451740265,-0.0040146359242498875,-1465.4010009765625,70.37384796142578,0,0.7633581757545471
0.013609999790787697,-0.00000000000014469741865200808,0.0000004565805795664346,-0.0000000028156774689591657,0.004896488040685654,0.000001632498992876208,-0.22957053780555725,-0.004488145932555199,-1874.7763671875,92.03829956054688,0,0.7633581757545471
0.013615000061690807,-0.00000000000014581512267162339,0.000000475095419005811,-0.00000000022354074147301617,0.0037029683589935303,0.0000007190199653450691,-0.18269580602645874,-0.004913847427815199,-2195.720458984375,109.03704833984375,0,0.7633581757545471
0.013619999401271343,-0.00000000000012936873794444637,0.0000004866210474574473,0.00000000328927618475916,0.0023051295429468155,0.00000008320142796947039,-0.12716370820999146,-0.005273142829537392,-2412.30322265625,120.52849578857422,0,0.7633581757545471
0.013624999672174454,-0.00000000000009234160745080766,0.000000490468096359109,0.000000007405425606066274,0.0007694096420891583,-0.00000024569379775130074,-0.06577904522418976,-0.0055522252805531025,-2513.76220703125,125.94403839111328,0,0.7633581757545471
0.013629999943077564,-0.000000000000033742695866156164,0.0000004863135814048292,0.000000011719782477825902,-0.000830901029985398,-0.00000025387521418451797,-0.0016362816095352173,-0.00574380811303854,-2495.034912109375,125.01619720458984,0,0.7633581757545471
0.0136349992826581,0.000000000000045195855250586975,0.00000047421713134099264,0.00000001578771069432605,-0.0024192894343286753,0.00000005629451038657862,0.062033943831920624,-0.005848030559718609,-2357.01025390625,117.79187774658203,0,0.7633581757545471
0.01363999955356121,0.00000000000014109815204242648,0.00000045461808895197464,0.00000001918045811066804,-0.0039198086597025394,0.0000006664187139904243,0.12202484905719757,-0.005872455425560474,-2106.48388671875,104.63001251220703,0,0.7633581757545471
0.013644999824464321,0.00000000000024879065279280466,0.00000042831391056097345,0.000000021538500760698298,-0.005260837730020285,0.0000015429810673595057,0.17531247437000275,-0.0058302669785916805,-1755.8223876953125,86.18385314941406,0,0.7633581757545471
0.013650000095367432,0.00000000000036186310024832746,0.0000003964207735407399,0.000000022614493389028212,-0.0063786287792027,0.000002639008926053066,0.21920554339885712,-0.005738048814237118,-1322.3497314453125,63.3685188293457,0,0.7633581757545471
0.013654999434947968,0.0000000000004733568138154398,0.0000003603184666189918,0.00000002229874240811114,-0.007220462430268526,0.000003896403086400824,0.2514788508415222,-0.005612524226307869,-827.4896240234375,37.31572723388672,0,0.7633581757545471
0.013659999705851078,0.0000000000005764760413820569,0.000000321582177775781,0.000000020623843965950073,-0.007747258525341749,0.000005248821253189817,0.2704836130142212,-0.005467709619551897,-295.70367431640625,9.31766128540039,0,0.7633581757545471
0.013664999976754189,0.0000000000006652178807797782,0.00000028190464718136354,0.000000017748373437598275,-0.007935509085655212,0.000006624966317758663,0.2752290368080139,-0.005312833469361067,246.72035217285156,-19.237024307250977,0,0.7633581757545471
0.013669999316334724,0.000000000000734834556485181,0.00000024301243684021756,0.000000013923339814425617,-0.007778441999107599,0.000007952125088195316,0.2654317021369934,-0.005150532815605402,772.9710083007813,-46.9320182800293,0,0.7633581757545471
0.013674999587237835,0.0000000000007820774193187385,0.00000020658066546275222,0.000000009448572590997628,-0.007286353502422571,0.00000915977216209285,0.2415294200181961,-0.004977338016033173,1257.0416259765625,-72.39350891113281,0,0.7633581757545471
0.013679999858140945,0.0000000000008052110410730617,0.00000017415018760402745,0.000000004626723004719224,-0.006486095953732729,0.000010183071026403923,0.20465971529483795,-0.004784298129379749,1675.0186767578125,-94.35830688476563,0,0.7633581757545471
0.013684999197721481,0.0000000000008038305264468359,0.0000001470514661150446,-0.00000000027610624897533853,-0.005419745575636625,0.0000109660877569695,0.15660342574119568,-0.004559755325317383,2006.2666015625,-111.73634338378906,0,0.7633581757545471
0.013689999468624592,0.0000000000007785449260104549,0.0000001263388753613981,-0.0000000050571205001404,-0.0041425167582929134,0.000011464570889074821,0.0996965765953064,-0.004291775170713663,2234.4501953125,-123.6647720336914,0,0.7633581757545471
0.013694999739527702,0.0000000000007306123479648707,0.00000011273876765471869,-0.000000009586513805004415,-0.002720021642744541,0.00001164814420917537,0.03671462833881378,-0.003970782272517681,2348.343994140625,-129.55068969726563,0,0.7633581757545471
0.013700000010430813,0.000000000000661613179606807,0.00000010661366900421854,-0.000000013799838605166315,-0.0012250193394720554,0.000011501819244585931,-0.029264993965625763,-0.003592195687815547,2342.38818359375,-129.1004638671875,0,0.7633581757545471
0.013704999350011349,0.0000000000005732304821787215,0.00000010794462212970757,-0.00000001767653579065609,0.00026619122945703566,0.000011026742868125439,-0.09501531720161438,-0.003157474100589752,2216.96435546875,-122.33441162109375,0,0.7633581757545471
0.01370999962091446,0.0000000000004671797887781381,0.00000011633239438424425,-0.000000021210135869864644,0.0016775545664131641,0.00001024014454742428,-0.15731972455978394,-0.0026742496993392706,1978.3758544921875,-109.58560943603516,0,0.7633581757545471
0.01371499989181757,0.0000000000003452908260963977,0.00000013101752927013877,-0.00000002437779222930203,0.002937027718871832,0.000009174488695862237,-0.21313121914863586,-0.00215563690289855,1638.5361328125,-91.48357391357422,0,0.7633581757545471
0.013719999231398106,0.00000000000020970688564565104,0.00000015091829652646993,-0.000000027116788814396386,0.0039801523089408875,0.00000787587123340927,-0.259723424911499,-0.0016179418889805675,1214.3780517578125,-68.92293548583984,0,0.7633581757545471
0.013724999502301216,0.00000000000006313915048346969,0.00000017468454416302848,-0.000000029313548921550137,0.0047532496973872185,0.000006401743121386971,-0.29482561349868774,-0.0010785816702991724,727.0148315429688,-43.01922607421875,0,0.7633581757545471
0.013729999773204327,-0.00000000000009090430773579794,0.0000002007649584356841,-0.00000003080869248606177,0.005216081626713276,0.0000048180672820308246,-0.3167351484298706,-0.0005531685892492533,200.69387817382813,-15.05351448059082,0,0.7633581757545471
0.013735000044107437,-0.0000000000002479910807956509,0.00000022748419326035219,-0.00000003141735760436859,0.0053438469767570496,0.0000031960580599843524,-0.32440185546875,-0.0000537070409336593,-338.4045715332031,13.591001510620117,0,0.7633581757545471
0.013739999383687973,-0.00000000000040279840010301604,0.00000025312624529760797,-0.00000003096146627967755,0.005128411576151848,0.0000016086579535112833,-0.31748002767562866,0.0008243406191468239,-863.465087890625,41.4975700378418,0,0.7633581757545471
0.013744999654591084,-0.0000000000005480246248121268,0.00000027601981855696067,-0.000000029045240879099765,0.004578712396323681,0.00000012693067219515797,-0.29634547233581543,0.0016708855982869864,-1348.3648681640625,67.2860336303711,0,0.7633581757545471
0.013749999925494194,-0.0000000000006760854896759039,0.00000029462140105351864,-0.000000025612179044287586,0.0037203168030828238,-0.00000118345417376986,-0.2620769739151001,0.0024207024835050106,-1768.96923828125,89.68122863769531,0,0.7633581757545471
0.01375499926507473,-0.0000000000007798514980485172,0.0000003075921881645627,-0.000000020753201823708878,0.0025941559579223394,-0.000002265467628603801,-0.21640270948410034,0.003067823825404048,-2104.32666015625,107.57620239257813,0,0.7633581757545471
0.01375999953597784,-0.0000000000008532489493597029,0.00000031386468890559627,-0.00000001467948695932364,0.0012545001227408648,-0.000003073540483455872,-0.16161459684371948,0.0036069757770746946,-2337.707763671875,120.08699035644531,0,0.7633581757545471
0.013764999806880951,-0.0000000000008918098464566482,0.0000003126960450572369,-0.000000007712183780483883,-0.00023373088333755732,-0.0000035758143894781824,-0.10045480728149414,0.00402927678078413,-2457.43310546875,126.59646606445313,0,0.7633581757545471
0.013770000077784061,-0.0000000000008930853018923601,0.00000030370514991773234,-0.00000000025509105938681387,-0.0017981813289225101,-0.000003755713123609894,-0.03597976267337799,0.004319045227020979,-2457.453369140625,126.78487396240234,0,0.7633581757545471
0.013774999417364597,-0.0000000000008568560357774535,0.00000028689191822195426,0.0000000072458545830045296,-0.003362644463777542,-0.0000036127569273958215,0.02859123982489109,0.004453243222087622,-2337.64599609375,120.64559936523438,0,0.7633581757545471
0.013779999688267708,-0.0000000000007851041323135577,0.00000026263774088874925,0.000000014350378663152696,-0.004850836470723152,-0.0000031625793326384155,0.09003553539514542,0.004402173217386007,-2103.83056640625,108.48589324951172,0,0.7633581757545471
0.013784999959170818,-0.0000000000006817516386495304,0.00000023168685459040717,0.00000002067050175469376,-0.0061901770532131195,-0.000002436144541206886,0.1452869474887848,0.004133499227464199,-1767.4676513671875,90.9110336303711,0,0.7633581757545471
0.013789999298751354,-0.0000000000005522070431127069,0.00000019510994775373547,0.000000025908921230666238,-0.007315381430089474,-0.0000014782067410124,0.19158756732940674,0.0036187719088047743,-1345.0987548828125,68.79473876953125,0,0.7633581757545471
0.013794999569654465,-0.00000000000040278972648563616,0.00000015425146671077528,0.00000002988346281540544,-0.008171698078513145,-0.0000003450845724728424,0.22662442922592163,0.0028381464071571827,-857.52587890625,43.23575973510742,0,0.7633581757545471
0.013799999840557575,-0.0000000000002401279045396998,0.00000011066339311582851,0.00000003253236613431909,-0.008717615157365799,0.0000008981365908766747,0.24864423274993896,0.0017889856826514006,-328.7804870605469,15.50346565246582,0,0.7633581757545471
0.013805000111460686,-0.00000000000007061342342015026,0.00000006602878244166277,0.00000003390289649018996,-0.00892692245543003,0.0000021808368728670757,0.25654006004333496,0.00048808180144988,215.06727600097656,-13.025069236755371,0,0.7633581757545471
0.013809999451041222,0.00000000000010000264776422602,0.000000022078747718978775,0.000000034123214476267094,-0.00879000686109066,0.0000034303689062653575,0.24990643560886383,-0.0005122291622683406,747.2003784179688,-40.93332290649414,0,0.7633581757545471
0.013814999721944332,0.00000000000026846309463673945,-0.00000001949287309344072,0.000000033692092671344653,-0.008314324542880058,0.000004575665116135497,0.22905926406383514,-0.0013518353225663304,1241.382568359375,-66.83544921875,0,0.7633581757545471
0.013819999992847443,0.0000000000004333907907029533,-0.00000005711305206546058,0.00000003298553608033217,-0.0075240358710289,0.000005550766218220815,0.19502024352550507,-0.002248479053378105,1673.2587890625,-89.44499206542969,0,0.7633581757545471
0.013824999332427979,0.0000000000005942032347931725,-0.00000008940708084992366,0.00000003216249311321917,-0.006458805873990059,0.000006298097559920279,0.14946629106998444,-0.003170866286382079,2021.561767578125,-107.63860321044922,0,0.7633581757545471
0.013829999603331089,0.0000000000007506756717970409,-0.00000011526628185265508,0.00000003129449410721463,-0.005171840079128742,0.000006771329481125576,0.0946464091539383,-0.004085551481693983,2269.165771484375,-120.51175689697266,0,0.7633581757545471
0.0138349998742342,0.0000000000009024690716952222,-0.00000013390250330758136,0.00000003035868090250915,-0.0037272442132234573,0.000006937681064300705,0.03327028080821037,-0.004960615187883377,2403.934814453125,-127.42349243164063,0,0.7633581757545471
0.013839999213814735,0.000000000001048718512204616,-0.00000014488675503798731,0.00000002924988784513971,-0.0021968516521155834,0.000006779551313229604,-0.03162596747279167,-0.005768371745944023,2419.32373046875,-128.02821350097656,0,0.7633581757545471
0.013844999484717846,0.0000000000011877642966395818,-0.00000014817007354395173,0.000000027809159419689422,-0.0006566622760146856,0.000006295400453382172,-0.09683019667863846,-0.006487657316029072,2314.70263671875,-122.29283905029297,0,0.7633581757545471
0.013849999755620956,0.0000000000013170763308104072,-0.00000014408546178401593,0.000000025862400221399184,0.0008169232169166207,0.000005499833605426829,-0.15911342203617096,-0.007104386575520039,2095.3876953125,-110.49838256835938,0,0.7633581757545471
0.013855000026524067,0.000000000001433384660964876,-0.0000001333310137852095,0.00000002326165748911535,0.002150888554751873,0.000004422884558152873,-0.21538977324962616,-0.0076113417744636536,1772.3782958984375,-93.22608947753906,0,0.7633581757545471
0.013859999366104603,0.0000000000015329873872052535,-0.00000011693491330788675,0.000000019920543437024207,0.0032792193815112114,0.0000031085373848327436,-0.2628694176673889,-0.008006720803678036,1361.81103515625,-71.32861328125,0,0.7633581757545471
0.013864999637007713,0.0000000000016121727433940358,-0.00000009620403318422177,0.000000015837080979963503,0.00414617545902729,0.0000016125535466926522,-0.2991967797279358,-0.00829225592315197,884.1607055664063,-45.887779235839844,0,0.7633581757545471
0.013869999907910824,0.0000000000016676706673587893,-0.00000007265878565476669,0.000000011099574592776662,0.0047090500593185425,-0.00000000028251179173821583,-0.3225672245025635,-0.008470307104289532,363.2254333496094,-18.160978317260742,0,0.7633581757545471
0.01387499924749136,0.0000000000016970467999616323,-0.00000004795735719653749,0.000000005875223862972234,0.00494028627872467,-0.0000016593652389929048,-0.33181655406951904,-0.008542750030755997,-175.0524139404297,10.48112678527832,0,0.7633581757545471
0.01387999951839447,0.0000000000016989632357217177,-0.000000023813136351691355,0.0000000003832956174676383,0.004828844219446182,-0.0000032917578209890053,-0.3264785408973694,-0.008508956991136074,-703.8717041015625,38.62249755859375,0,0.7633581757545471
0.01388499978929758,0.0000000000016732613558612108,-0.0000000019094077430281686,-0.000000005140380565649139,0.004380745813250542,-0.000004825799351237947,-0.3068082928657532,-0.008366363123059273,-1196.9007568359375,64.87191772460938,0,0.7633581757545471
0.013890000060200691,0.0000000000016208557933328205,0.000000016184467099833455,-0.00000001048112174828475,0.003618774935603142,-0.000006194645720825065,-0.2737693190574646,-0.008110803551971912,-1629.581787109375,87.93184661865234,0,0.7633581757545471
0.013894999399781227,0.0000000000015434721643142746,0.00000002909122187588764,-0.00000001547671857338173,0.0025813509710133076,-0.0000073395758590777405,-0.2289860099554062,-0.007738532032817602,-1980.3480224609375,106.66279602050781,0,0.7633581757545471
0.013899999670684338,0.0000000000014432898235924863,0.00000003569433459915672,-0.00000002003645960257927,0.0013206223957240582,-0.000008212891771108843,-0.17466309666633606,-0.007248298730701208,-2231.6923828125,120.13971710205078,0,0.7633581757545471
0.013904999941587448,0.0000000000013225710674205637,0.00000003519375013638637,-0.000000024143744781213172,-0.00010011706035584211,-0.000008780273674346972,-0.11347644776105881,-0.006643782835453749,-2371.034912109375,127.69786834716797,0,0.7633581757545471
0.013909999281167984,0.0000000000011833607010958147,0.00000002714592639563307,-0.000000027842077088280348,-0.001609564758837223,-0.00000902247575140791,-0.04844046011567116,-0.00593525217846036,-2391.346435546875,128.96572875976563,0,0.7633581757545471
0.013914999552071095,0.0000000000010273241675753941,0.000000011486211093370002,-0.00000003120731051353687,-0.0031319432891905308,-0.000008936269296100363,0.01724124327301979,-0.005139916203916073,-2291.496337890625,123.88343811035156,0,0.7633581757545471
0.013919999822974205,0.0000000000008557645694504123,-0.000000011467564675626818,-0.00000003431192041603026,-0.004590755328536034,-0.00000853459641803056,0.08033455908298492,-0.004282060544937849,-2076.309326171875,112.70567321777344,0,0.7633581757545471
0.013925000093877316,0.0000000000006698168495550272,-0.000000041030439490441495,-0.00000003718954744158509,-0.00591257493942976,-0.000007845920663385186,0.13773508369922638,-0.0033911068458110094,-1756.3260498046875,95.98914337158203,0,0.7633581757545471
0.013929999433457851,0.000000000000470781074714266,-0.00000007618386632657348,-0.00000003980715845841587,-0.007030686363577843,-0.000006912810931680724,0.18662194907665253,-0.002498973160982132,-1347.281494140625,74.5649185180664,0,0.7633581757545471
0.013934999704360962,0.000000000000260523644757954,-0.00000011562582358237705,-0.00000004205148584901508,-0.00788839254528284,-0.000005789823262603022,0.22459755837917328,-0.0016368851065635681,-869.3247680664063,49.49730682373047,0,0.7633581757545471
0.013939999975264072,0.0000000000000418563024951607,-0.00000015783493267917947,-0.000000043733468402251674,-0.008441821672022343,-0.0000045407914512907155,0.24980632960796356,-0.0008320427732542157,-346.0213317871094,22.03105926513672,0,0.7633581757545471
0.013944999314844608,-0.00000000000018119792504541626,-0.00000020114545407068363,-0.000000044610846572368246,-0.008662105537950993,-0.0000032356583687942475,0.26102665066719055,-0.00010547119018156081,196.8146209716797,-6.4702534675598145,0,0.7633581757545471
0.013949999585747719,-0.0000000000004033277347086778,-0.0000002438295041429228,-0.00000004442596335252347,-0.008536809124052525,-0.000001947001692315098,0.2577313482761383,0.0010606793221086264,732.3992309570313,-34.591835021972656,0,0.7633581757545471
0.01395499985665083,-0.0000000000006163969074740594,-0.0000002841822492882784,-0.000000042613837791805054,-0.008070549927651882,-0.0000007464323061867617,0.24011388421058655,0.0021259384229779243,1234.3055419921875,-60.937744140625,0,0.7633581757545471
0.013959999196231365,-0.0000000000008115337286722368,-0.00000032060609100881265,-0.00000003902736622762859,-0.007284766994416714,0.00000029896045816713013,0.20907855033874512,0.002975952811539173,1677.7730712890625,-84.2000732421875,0,0.7633581757545471
0.013964999467134476,-0.0000000000009800758295208656,-0.0000003516894082622457,-0.00000003370841383798506,-0.006216663867235184,0.000001129939505517541,0.166195809841156,0.0036164126358926296,2040.9345703125,-103.22374725341797,0,0.7633581757545471
0.013969999738037586,-0.0000000000011142589672122338,-0.00000037627623328262416,-0.000000026836634248184055,-0.004917364567518234,0.0000016980613963823998,0.11362439393997192,0.00406341627240181,2305.899169921875,-117.06378173828125,0,0.7633581757545471
0.013975000008940697,-0.0000000000012078895826259095,-0.0000003935231518426008,-0.00000001872611932185464,-0.0034493834245949984,0.0000019680828700074926,0.05400430038571358,0.004335976205766201,2459.63916015625,-125.03205108642578,0,0.7633581757545471
0.013979999348521233,-0.0000000000012569083144078896,-0.00000040294079894920287,-0.00000000980374892378677,-0.0018835284281522036,0.000001919712758535752,-0.00967399962246418,0.004451022949069738,2494.635009765625,-126.7314453125,0,0.7633581757545471
0.013984999619424343,-0.0000000000012597628018876095,-0.00000040441776150146325,-0.0000000005708997719011677,-0.00029539450770244,0.0000015486237998629804,-0.0742177963256836,0.004419936798512936,2409.2451171875,-122.0754165649414,0,0.7633581757545471
0.013989999890327454,-0.000000000001217533994631037,-0.0000003982258647283743,0.000000008445771193521523,0.0012383784633129835,0.000000866672337451746,-0.1363902986049652,0.004246186465024948,2207.798095703125,-111.29268646240234,0,0.7633581757545471
0.01399499922990799,-0.0000000000011338032292543265,-0.00000038500633081639535,0.000000016746152908808654,0.0026439062785357237,-0.0000000986835289040755,-0.193071186542511,0.003926581237465143,1900.3614501953125,-94.91527557373047,0,0.7633581757545471
0.0139999995008111,-0.0000000000010142845764671282,-0.0000003657377760646341,0.00000002390372699778709,0.003853713860735297,-0.0000013057392607151996,-0.24141114950180054,0.0034545976668596268,1502.2548828125,-73.75259399414063,0,0.7633581757545471
0.01400499977171421,-0.0000000000008662806800022183,-0.0000003416873823880451,0.00000002960078049341064,0.004810079000890255,-0.0000027006044547306374,-0.2789730429649353,0.0028252401389181614,1033.2867431640625,-48.85121154785156,0,0.7633581757545471
0.014010000042617321,-0.0000000000006980454625785115,-0.00000031434794323104143,0.000000033647040709183784,0.005467889830470085,-0.000004219868060317822,-0.30385273694992065,0.002039618557319045,516.7738647460938,-21.442996978759766,0,0.7633581757545471
0.014014999382197857,-0.0000000000005181471571247265,-0.0000002853635407973343,0.0000000359796672455559,0.005796878598630428,-0.000005793735908810049,-0.3147735595703125,0.0011098067043349147,-21.61479949951172,7.115882396697998,0,0.7633581757545471
0.014019999653100967,-0.00000000000033491254474576904,-0.00000025644794732215814,0.0000000366469237178535,0.005783118307590485,-0.000007349482984864153,-0.3111494779586792,0.00006092348485253751,-555.1292724609375,35.41217803955078,0,0.7633581757545471
0.014024999924004078,-0.0000000000001560155135508015,-0.00000022929938836568908,0.000000035779407880909275,0.005429712124168873,-0.00000881505366123747,-0.29311418533325195,-0.0005343641969375312,-1057.2647705078125,62.045589447021484,0,0.7633581757545471
0.014029999263584614,0.000000000000013463812313305179,-0.00000020551620139031002,0.000000033895865669819614,0.004756636917591095,-0.000010122626918018796,-0.2615146040916443,-0.0011231987737119198,-1503.0738525390625,85.6980972290039,0,0.7633581757545471
0.014034999534487724,0.0000000000001695350945133539,-0.00000018651745392617158,0.00000003121425606877892,0.003799750469624996,-0.000011211971468583215,-0.21786892414093018,-0.0017173761734738946,-1870.40380859375,105.19933319091797,0,0.7633581757545471
0.014039999805390835,0.00000000000030903513255353676,-0.00000017347238667753118,0.000000027900011190240548,0.0026090145111083984,-0.000012033427992719226,-0.1642913520336151,-0.0022974677849560976,-2140.993408203125,119.5844955444336,0,0.7633581757545471
0.014045000076293945,0.00000000000042940000513636,-0.00000016724230533782247,0.000000024072971172017787,0.0012460157740861177,-0.00001255036568181822,-0.10338747501373291,-0.0028462649788707495,-2301.378173828125,128.1422119140625,0,0.7633581757545471
0.014049999415874481,0.0000000000005284535287662651,-0.0000001683377348626891,0.00000001981070951728725,-0.00021908700000494719,-0.000012740991223836318,-0.038125187158584595,-0.0033507223706692457,-2343.557373046875,130.44973754882813,0,0.7633581757545471
0.014054999686777592,0.0000000000006042837671221823,-0.0000001768929394074803,0.00000001516605152573902,-0.0017110418993979692,-0.000012599429283000063,0.0283123180270195,-0.0038036934565752745,-2265.390869140625,126.39395141601563,0,0.7633581757545471
0.014059999957680702,0.0000000000006552508102081189,-0.0000001926591153278423,0.00000001019340878372077,-0.003153234487399459,-0.00001213600808114279,0.09268422424793243,-0.004204206168651581,-2070.704833984375,116.17691802978516,0,0.7633581757545471
0.014064999297261238,0.0000000000006801367737237218,-0.00000021501654146049987,0.0000000049771955445976346,-0.00447148596867919,-0.000011376744623703416,0.15185263752937317,-0.004556493833661079,-1769.1019287109375,100.30587768554688,0,0.7633581757545471
0.014069999568164349,0.0000000000006784108864954508,-0.0000002430051893043128,-0.0000000003451723351588498,-0.005597731564193964,-0.000010362055036239326,0.2029379904270172,-0.004868397023528814,-1375.4862060546875,79.56812286376953,0,0.7633581757545471
0.014074999839067459,0.0000000000006505488964365924,-0.0000002753721446424606,-0.000000005572393213526539,-0.0064733936451375484,-0.000009144746400124859,0.2434616982936859,-0.005148451309651136,-909.3242797851563,54.99199295043945,0,0.7633581757545471
0.014079999178647995,0.0000000000005983283530089367,-0.0000003106335952907102,-0.000000010444111353535845,-0.007052287459373474,-0.000007787401955283713,0.2714689075946808,-0.005403941031545401,-393.68096923828125,27.795927047729492,0,0.7633581757545471
0.014084999449551105,0.0000000000005250138973740548,-0.0000003471481591077463,-0.000000014662893121908382,-0.007302912883460522,-0.000006359275630529737,0.28562524914741516,-0.005637851543724537,145.9233856201172,-0.6719229221343994,0,0.7633581757545471
0.014089999720454216,0.0000000000004353660715359503,-0.00000038319822692756134,-0.00000001792956716428762,-0.007210015319287777,-0.000004932860520057147,0.28528305888175964,-0.005847822409123182,682.777587890625,-29.000484466552734,0,0.7633581757545471
0.014094999991357327,0.0000000000003354322841622043,-0.0000004170749434706522,-0.00000001998675891456969,-0.006775345653295517,-0.000003580294560379116,0.2705132067203522,-0.006025874521583319,1190.302734375,-55.78566360473633,0,0.7633581757545471
0.014099999330937862,0.0000000000002321198788735046,-0.0000004471628187729948,-0.000000020662481503563868,-0.006017575040459633,-0.0000023697855340287788,0.24210181832313538,-0.006159448064863682,1643.369384765625,-79.69994354248047,0,0.7633581757545471
0.014104999601840973,0.0000000000001325924640265333,-0.0000004720196784546715,-0.000000019905483483739772,-0.004971373826265335,-0.0000013622307051264215,0.2015109658241272,-0.006233000196516514,2019.54248046875,-99.55813598632813,0,0.7633581757545471
0.014109999872744083,0.000000000000043568115423980175,-0.0000004904481443190889,-0.0000000178048704668754,-0.0036856932565569878,-0.0000006081986043682264,0.15080642700195313,-0.0062312656082212925,2300.19287109375,-114.37610626220703,0,0.7633581757545471
0.01411499921232462,-0.00000000000002938162815260478,-0.0000005015548936171399,-0.00000001458994880465525,-0.002221344970166683,-0.00000014542280268869945,0.09255516529083252,-0.00614203093573451,2471.42041015625,-123.41954040527344,0,0.7633581757545471
0.01411999948322773,-0.00000000000008242586029948845,-0.0000005047948548053682,-0.000000010608847134108146,-0.0006479898584075272,0.0000000030677540507895174,0.02969811111688614,-0.005958358757197857,2524.742919921875,-126.24034118652344,0,0.7633581757545471
0.01412499975413084,-0.00000000000011386827895518148,-0.0000004999982934350555,-0.000000006288482623517666,0.0009593114373274148,-0.0000001699100664609432,-0.034595564007759094,-0.005680594593286514,2457.515625,-122.69879913330078,0,0.7633581757545471
0.01413000002503395,-0.0000000000001242801434681029,-0.0000004873792249782127,-0.0000000020823724966589907,0.0025238143280148506,-0.0000006553377716045361,-0.09708555042743683,-0.005317066330462694,2273.063232421875,-112.97052001953125,0,0.7633581757545471
0.014134999364614487,-0.00000000000011635298573144798,-0.0000004675247566865437,0.0000000015854304535878327,0.003970891237258911,-0.000001428442601536517,-0.154620960354805,-0.0048826914280653,1980.5147705078125,-97.53778076171875,0,0.7633581757545471
0.014139999635517597,-0.00000000000009449434507438625,-0.0000004413661258695356,0.000000004371727868601738,0.005231725983321667,-0.000002449925432301825,-0.2042965441942215,-0.004397593438625336,1594.3509521484375,-77.16554260253906,0,0.7633581757545471
0.014144999906420708,-0.00000000000006423445217569601,-0.0000004101325146166346,0.000000006051978473919917,0.006246721372008324,-0.0000036679084587376565,-0.2435966283082962,-0.003883976489305496,1133.6871337890625,-52.863616943359375,0,0.7633581757545471
0.014149999246001244,-0.000000000000031537442199847804,-0.000000375290255760774,0.0000000065394019088671484,0.006968448869884014,-0.000005020507614972303,-0.27051985263824463,-0.0033633511047810316,621.3261108398438,-25.83660888671875,0,0.7633581757545471
0.014154999516904354,-0.0000000000000021240367591938286,-0.0000003384702722541988,0.0000000058826810089840365,0.007363997399806976,-0.0000064388996179332025,-0.2836783528327942,-0.0028534119483083487,82.62820434570313,2.575778007507324,0,0.7633581757545471
0.014159999787807465,0.00000000000001909689820286855,-0.0000003013872742485546,0.0000000042441872238896394,0.007416600361466408,-0.000007850731890357565,-0.2823665142059326,-0.002366301603615284,-455.7449035644531,30.965091705322266,0,0.7633581757545471
0.014165000058710575,0.00000000000002841349321081564,-0.00000026575494871394767,0.0000000018633192766515094,0.007126464508473873,-0.000009183712791127618,-0.26659613847732544,-0.0019076407188549638,-967.1516723632813,57.923954010009766,0,0.7633581757545471
0.014169999398291111,0.000000000000023476510855767116,-0.0000002332011632688591,-0.0000000009873963868756164,0.0065107569098472595,-0.000010369190931669436,-0.23709571361541748,-0.001477012992836535,-1426.290283203125,82.11575317382813,0,0.7633581757545471
0.014174999669194221,0.000000000000003250663423875512,-0.0000002051874048447644,-0.0000000040451695326737536,0.005602752789855003,-0.000011345563507347833,-0.1952745020389557,-0.0010687283938750625,-1810.4521484375,102.34090423583984,0,0.7633581757545471
0.014179999940097332,-0.000000000000032201685437084626,-0.00000018293648906819726,-0.000000007090470433013252,0.0044501833617687225,-0.00001206132674269611,-0.14315271377563477,-0.0006756400689482689,-2100.647705078125,117.59626770019531,0,0.7633581757545471
0.014184999279677868,-0.00000000000008203684178373707,-0.00000016737214991735527,-0.000000009967031644464441,0.0031128693372011185,-0.000012477634300012141,-0.08326143026351929,-0.00029018454370088875,-2282.546142578125,127.12484741210938,0,0.7633581757545471
0.014189999550580978,-0.00000000000014495623126310753,-0.0000001590733802458999,-0.000000012583877051497439,0.001659755245782435,-0.000012570220860652626,-0.018517278134822845,0.00018429702322464436,-2347.1865234375,130.45330810546875,0,0.7633581757545471
0.014194999821484089,-0.00000000000021917386796525135,-0.00000015824592480839783,-0.000000014843527296193315,0.00016548996791243553,-0.00001233061084349174,0.0479220449924469,0.0009396650129929185,-2291.4208984375,127.41543579101563,0,0.7633581757545471
0.0142000000923872,-0.00000000000030194263430684265,-0.0000001647122900294562,-0.000000016553753923176373,-0.001293273875489831,-0.000011766539500968065,0.11281418800354004,0.0016628364101052284,-2118.071044921875,118.16036987304688,0,0.7633581757545471
0.014204999431967735,-0.0000000000003905233883667869,-0.00000017792068263133842,-0.000000017716148548174715,-0.0026416797190904617,-0.000010901575478783343,0.1729927659034729,0.002322447719052434,-1835.7879638671875,103.14521026611328,0,0.7633581757545471
0.014209999702870846,-0.0000000000004821083311214169,-0.0000001969725786921117,-0.000000018316990590960813,-0.003810378722846508,-0.00000977395484369481,0.2255241870880127,0.002881167456507683,-1458.6231689453125,83.11236572265625,0,0.7633581757545471
0.014214999973773956,-0.0000000000005736675782845591,-0.00000022066741678372637,-0.00000001831184626155391,-0.0047389669343829155,-0.000008434690244030207,0.2678529620170593,0.0033019420225173235,-1005.3326416015625,59.05276870727539,0,0.7633581757545471
0.014219999313354492,-0.0000000000006617779241269162,-0.0000002475623261943838,-0.0000000176220691372464,-0.0053789811208844185,-0.000006945048880879767,0.2979282736778259,0.003553407732397318,-498.4477844238281,32.15681457519531,0,0.7633581757545471
0.014224999584257603,-0.000000000000742505286855516,-0.00000027604383490142936,-0.000000016145468961781262,-0.0056963032111525536,-0.0000053735211622552015,0.3143056035041809,0.0036150249652564526,36.841793060302734,3.755328893661499,0,0.7633581757545471
0.014229999855160713,-0.0000000000008114019438981712,-0.0000003044080756353651,-0.000000013779329677277019,-0.005672848783433437,-0.0000037924301068414934,0.31621819734573364,0.003480826737359166,573.9356689453125,-24.746335983276367,0,0.7633581757545471
0.014234999194741249,-0.0000000000008636575612661068,-0.0000003309454257305333,-0.000000010451124410337798,-0.005307470448315144,-0.000002274355210829526,0.3036149740219116,0.0031602499075233936,1086.1409912109375,-51.937931060791016,0,0.7633581757545471
0.01423999946564436,-0.0000000000008944120400908306,-0.0000003540254738254589,-0.0000000061508953486111295,-0.004616011865437031,-0.0000008885392617230536,0.27716320753097534,0.002677302807569504,1547.9951171875,-76.47419738769531,0,0.7633581757545471
0.01424499973654747,-0.0000000000008992000937249611,-0.0000003721781069998542,-0.0000000009576064385896643,-0.0036305272951722145,0.000000302536705021339,0.23821520805358887,0.00206612516194582,1936.527099609375,-97.14149475097656,0,0.7633581757545471
0.01425000000745058,-0.0000000000008744698216413271,-0.00000038416658298956463,0.000000004946058673738207,-0.0023976960219442844,0.0000012462439826776972,0.18874144554138184,0.001365435542538762,2232.39599609375,-112.91797637939453,0,0.7633581757545471
0.014254999347031116,-0.0000000000008180945612785984,-0.0000003890491200309043,0.000000011275049338621557,-0.000976508657913655,0.000001902408030218794,0.13123279809951782,0.0006129819084890187,2420.849609375,-123.02415466308594,0,0.7633581757545471
0.014259999617934227,-0.0000000000007297887879946507,-0.0000003862258495246351,0.0000000176611578694974,0.0005646520294249058,0.000002245293671876425,0.0685771107673645,-0.00008028300362639129,2492.454345703125,-126.96156311035156,0,0.7633581757545471
0.014264999888837337,-0.0000000000006110964598932123,-0.0000003754688577828347,0.000000023738468968304005,0.002151397755369544,0.0000022648741833108943,0.003916122019290924,-0.00046893046237528324,2443.564453125,-124.53746795654297,0,0.7633581757545471
0.014269999228417873,-0.0000000000004646924121540219,-0.0000003569337536646344,0.00000002928081244135683,0.003707019379362464,0.000001967322759810486,-0.05951029062271118,-0.0008615331025794148,2276.501220703125,-115.87435913085938,0,0.7633581757545471
0.014274999499320984,-0.00000000000029516612678331944,-0.00000033115233577518666,0.00000003390525904478636,0.0051562851294875145,0.000001374699650114053,-0.11852461099624634,-0.0012657236075028777,1999.4383544921875,-101.40389251708984,0,0.7633581757545471
0.014279999770224094,-0.00000000000010859284933946445,-0.0000002990065013364074,0.00000003731465625378405,0.006429167464375496,0.0000005238537710283708,-0.1701691746711731,-0.0016921187052503228,1625.9976806640625,-81.84557342529297,0,0.7633581757545471
0.014285000041127205,0.00000000000008806995931143202,-0.0000002616849599235138,0.00000003933256209620595,0.0074643101543188095,-0.0000005354101517696108,-0.2118527889251709,-0.0021523060277104378,1174.573974609375,-58.17097854614258,0,0.7633581757545471
0.01428999938070774,0.0000000000002876656161540647,-0.0000002206246279001789,0.000000039919129335430625,0.008212067186832428,-0.0000017428051251044963,-0.24147900938987732,-0.002655167831107974,667.4235229492188,-31.555755615234375,0,0.7633581757545471
0.014294999651610851,0.0000000000004834967062133932,-0.00000017743981572948542,0.00000003916621693633715,0.008636962622404099,-0.0000030305561722343555,-0.2575502097606659,-0.003204658627510071,129.5616912841797,-3.3212547302246094,0,0.7633581757545471
0.014299999922513962,0.0000000000006698588081791024,-0.00000013384259034410206,0.00000003727242159357047,0.008719444274902344,-0.000004326764610596001,-0.2592417299747467,-0.003797101555392146,-412.4765930175781,25.130878448486328,0,0.7633581757545471
0.014304999262094498,0.0000000000008423770578649958,-0.00000009155832003671094,0.00000003450364971513409,0.008456854149699211,-0.000005558978045883123,-0.24644269049167633,-0.00442146323621273,-931.9512939453125,52.38816833496094,0,0.7633581757545471
0.014309999532997608,0.0000000000009981052442875615,-0.00000005224054433483616,0.00000003114564606221393,0.00786355510354042,-0.00000665778588881949,-0.21976162493228912,-0.00505873141810298,-1403.2421875,77.09730529785156,0,0.7633581757545471
0.014314999803900719,0.0000000000011353976569691837,-0.000000017389428563774345,0.000000027458476381525543,0.006970223039388657,-0.000007560267476947047,-0.18049629032611847,-0.0056845503859221935,-1803.1181640625,98.03118896484375,0,0.7633581757545471
0.01432000007480383,0.0000000000012535974862337707,0.000000011722182335915932,0.000000023639966428845582,0.005822322331368923,-0.000008213114597310778,-0.13056941330432892,-0.006271441467106342,-2111.887939453125,114.14972686767578,0,0.7633581757545471
0.014324999414384365,0.0000000000013526226579768652,0.00000003411144433584923,0.000000019805042938969564,0.004477852955460548,-0.00000857528175401967,-0.07243344187736511,-0.006792205851525068,-2314.3759765625,124.6513900756836,0,0.7633581757545471
0.014329999685287476,0.000000000001432540609573596,0.00000004913382056770388,0.00000001598358068122252,0.0030044754967093468,-0.000008620027074357495,-0.00894901156425476,-0.007223041262477636,-2400.674072265625,129.01290893554688,0,0.7633581757545471
0.014334999956190586,0.0000000000014932214536036992,0.00000005651461520983503,0.000000012136169402765518,0.0014761588536202908,-0.0000083362438090262,0.05675671994686127,-0.007545977830886841,-2366.632080078125,127.01519012451172,0,0.7633581757545471
0.014339999295771122,0.0000000000015341401109550401,0.00000005636218602944609,0.000000008183725697108457,-0.000030485796742141247,-0.000007729018761892803,0.12144502997398376,-0.007750120013952255,-2214.063720703125,118.7542495727539,0,0.7633581757545471
0.014344999566674232,0.0000000000015543615656740672,0.000000049162174775574385,0.000000004044280466075634,-0.0014400024665519595,-0.000006819388545409311,0.18192607164382935,-0.00783227663487196,-1950.6561279296875,104.63633728027344,0,0.7633581757545471
0.014349999837577343,0.0000000000015527045794938577,0.00000003575303253455786,-0.0000000003313930241333196,-0.0026818285696208477,-0.000005643304120894754,0.2352169156074524,-0.0077954307198524475,-1589.58935546875,85.35791015625,0,0.7633581757545471
0.014354999177157879,0.0000000000015280429916178506,0.000000017284071063272677,-0.000000004932310559979669,-0.0036937925033271313,-0.000004249857738614082,0.27868932485580444,-0.007647632155567408,-1148.8829345703125,61.87108612060547,0,0.7633581757545471
0.01435999944806099,0.0000000000014796703359104546,-0.000000004841895773211036,-0.000000009674528733683019,-0.004425193648785353,-0.0000026988577701558825,0.310200035572052,-0.0073988731019198895,-650.5031127929688,35.33646774291992,0,0.7633581757545471
0.0143649997189641,0.000000000001407646135070939,-0.00000002903847828861217,-0.000000014404848869276066,-0.004839316476136446,-0.0000010578739875199972,0.32819676399230957,-0.0070593529380857944,-119.27424621582031,7.065664291381836,0,0.7633581757545471
0.01436999998986721,0.0000000000013130410387446334,-0.000000053614723327655156,-0.000000018921022970630474,-0.004915249068289995,0.000000601102328801062,0.33179527521133423,-0.006637121085077524,418.3510437011719,-21.543701171875,0,0.7633581757545471
0.014374999329447746,0.0000000000011980232344360742,-0.00000007685931535661439,-0.000000023003552840350494,-0.004648918751627207,0.000002205217924711178,0.32082313299179077,-0.006137867923825979,935.6029052734375,-49.07725143432617,0,0.7633581757545471
0.014379999600350857,0.0000000000010657569661856603,-0.00000009712579185361392,-0.000000026453248480606817,-0.004053295124322176,0.000003684359398903325,0.29582828283309937,-0.005564645864069462,1406.7205810546875,-74.17390441894531,0,0.7633581757545471
0.014384999871253967,0.0000000000009201269303774073,-0.00000011291453461126366,-0.000000029126004719159937,-0.0031577488407492638,0.000004974618605046999,0.2580518126487732,-0.004919398110359907,1808.22900390625,-95.59334564208984,0,0.7633581757545471
0.014389999210834503,0.0000000000007653370667250192,-0.000000122947511727034,-0.00000003095797040941761,-0.002006594557315111,0.000006021451099513797,0.20936653017997742,-0.004204553551971912,2120.10205078125,-112.27745056152344,0,0.7633581757545471
0.014394999481737614,0.0000000000006054607770006326,-0.00000012623199552308506,-0.00000003197525444420535,-0.0006568956305272877,0.0000067823716562998015,0.15218409895896912,-0.003425662638619542,2326.754638671875,-123.40270233154297,0,0.7633581757545471
0.014399999752640724,0.0000000000004440293618901414,-0.00000012211017974550487,-0.000000032286280315929616,0.0008243624470196664,0.000007229049515444785,0.0893356204032898,-0.002592925913631916,2417.815185546875,-128.4210205078125,0,0.7633581757545471
0.014405000023543835,0.0000000000002837421866474371,-0.00000011029221980152215,-0.00000003205743581702336,0.002363591454923153,0.000007348706276388839,0.023931331932544708,-0.0017228579381480813,2388.6396484375,-127.0868911743164,0,0.7633581757545471
0.01440999936312437,0.00000000000012635679720422732,-0.00000009087098362670076,-0.000000031477078721309226,0.0038842465728521347,0.000007144738901843084,-0.040793485939502716,-0.000838218373246491,2240.54150390625,-119.46951293945313,0,0.7633581757545471
0.014414999634027481,-0.00000000000002721592753680141,-0.0000000643178879045081,-0.00000003071454557357356,0.0053106192499399185,0.000006636545094806934,-0.1016388013958931,0.0000653643801342696,1980.7275390625,-105.94944763183594,0,0.7633581757545471
0.014419999904930592,-0.00000000000017652543381034558,-0.00000003145994043052269,-0.0000000298619013960888,0.006571589969098568,0.0000058585528677213006,-0.15559840202331543,0.0017157108522951603,1621.9393310546875,-87.19963073730469,0,0.7633581757545471
0.014424999244511127,-0.000000000000318749421388681,0.000000006560799903354564,-0.00000002844480206931621,0.007604148238897324,0.00000485850887343986,-0.2000088095664978,0.00318522984161973,1181.82421875,-64.15216827392578,0,0.7633581757545471
0.014429999515414238,-0.0000000000004510813380806389,0.00000004834340217030331,-0.000000026466384639434182,0.008356520906090736,0.000003695102805068018,-0.2326812446117401,0.004393985029309988,682.0593872070313,-37.9520378112793,0,0.7633581757545471
0.014434999786317348,-0.0000000000005704763376100652,0.00000009229707131908071,-0.000000023879000110582638,0.00879073329269886,0.0000024350524654437322,-0.2520100474357605,0.005278693977743387,147.27825927734375,-9.900426864624023,0,0.7633581757545471
0.014440000057220459,-0.0000000000006735014022180019,0.00000013671953524863056,-0.00000002060501813616611,0.008884493261575699,0.000001149790932686301,-0.25705230236053467,0.005800360348075628,-396.14959716796875,18.60978126525879,0,0.7633581757545471
0.014444999396800995,-0.0000000000007563393813157793,0.00000017988101319588168,-0.00000001656759351931214,0.008632296696305275,-0.00000008808115126157645,-0.24757443368434906,0.0059455218724906445,-921.425048828125,46.163002014160156,0,0.7633581757545471
0.014449999667704105,-0.0000000000008149762874103128,0.00000022010951283846225,-0.000000011727379956028017,0.008045699447393417,-0.000001208400135510601,-0.22406379878520966,0.00572736281901598,-1402.647216796875,71.39110565185547,0,0.7633581757545471
0.014454999938607216,-0.0000000000008455550712729853,0.00000025587323193576594,-0.0000000061157532371680645,0.007152746431529522,-0.000002146923179680016,-0.18770460784435272,0.005182104650884867,-1816.0965576171875,93.04120635986328,0,0.7633581757545471
0.014459999278187752,-0.0000000000008448471414644609,0.00000028585614586518204,0.00000000014158896277649546,0.005996583960950375,-0.000002848518761311425,-0.1403191238641739,0.0043627601116895676,-2141.40966796875,110.0376968383789,0,0.7633581757545471
0.014464999549090862,-0.0000000000008107672519463982,0.0000003090227380653232,0.0000000068159806687617674,0.0046333204954862595,-0.0000032699056191631826,-0.08427739143371582,0.0033328894060105085,-2362.589111328125,121.53560638427734,0,0.7633581757545471
0.014469999819993973,-0.0000000000007428388416538811,0.0000003246689743718889,0.000000013585685465500319,0.0031292494386434555,-0.0000033818046176747885,-0.02237982116639614,0.0021578571759164333,-2468.794921875,126.96246337890625,0,0.7633581757545471
0.014475000090897083,-0.000000000000642527914554436,0.0000003324568069729139,0.000000020062190131397983,0.0015575657598674297,-0.000003170396439600154,0.0422816276550293,0.0008988642948679626,-2454.88134765625,126.04656982421875,0,0.7633581757545471
0.01447999943047762,-0.0000000000005133772096668765,0.0000003324305168916908,0.000000025830145133909355,-0.00000526022631675005,-0.0000026380134841019753,0.10647661983966827,-0.00019581557717174292,-2321.654296875,118.83065032958984,0,0.7633581757545471
0.01448499970138073,-0.0000000000003602829840021471,0.00000032501415603292116,0.00000003061884612520771,-0.0014832712477073073,-0.0000018030307273875223,0.166996568441391,-0.0008393979514949024,-2075.826904296875,105.66950225830078,0,0.7633581757545471
0.01448999997228384,-0.00000000000018838512835187698,0.00000031099023090064293,0.00000003437957118990198,-0.0028047836385667324,-0.0000006989627081566141,0.2208136022090912,-0.0014759027399122715,-1729.6903076171875,87.21260833740234,0,0.7633581757545471
0.014494999311864376,-0.000000000000004062803695900619,0.0000002914605374826351,0.00000003686446703454749,-0.003905938472598791,0.0000006271903885135544,0.26523062586784363,-0.002103386912494898,-1300.5035400390625,64.37185668945313,0,0.7633581757545471
0.014499999582767487,0.00000000000018562962853050508,0.00000026779122208608896,0.00000003793848790678567,-0.004733864683657885,0.000002117265239576227,0.29801496863365173,-0.0027209485415369272,-809.63818359375,38.276424407958984,0,0.7633581757545471
0.014504999853670597,0.0000000000003735624006309668,0.0000002415447397652315,0.00000003758655608976369,-0.005249296315014362,0.000003704810069393716,0.3175089657306671,-0.003326436271890998,-281.5195617675781,10.216800689697266,0,0.7633581757545471
0.014509999193251133,0.0000000000005530713148745037,0.00000021440214936774282,0.00000003590178110357556,-0.005428517237305641,0.0000053183716772764456,0.32271233201026917,-0.003914576955139637,257.5837707519531,-18.419158935546875,0,0.7633581757545471
0.014514999464154243,0.0000000000007183618391977398,0.00000018807948265475716,0.000000033058103809935346,-0.005264534614980221,0.000006885029051773017,0.3133315145969391,-0.004476072266697884,780.8615112304688,-46.21498107910156,0,0.7633581757545471
0.014519999735057354,0.0000000000008647297287944777,0.0000001642423654857339,0.00000002927358266902047,-0.004767422564327717,0.000008334000995091628,0.2897944152355194,-0.004998015705496073,1262.2900390625,-71.7957534790039,0,0.7633581757545471
0.014525000005960464,0.0000000000009885892018196563,0.00000014442325380059629,0.00000002477189653404821,-0.003963823430240154,0.000009600146768207196,0.25322914123535156,-0.005464378744363785,1677.9219970703125,-93.89625549316406,0,0.7633581757545471
0.014529999345541,0.000000000001087341371455719,0.00000012994512132991076,0.0000000197504377297264,-0.0028956253081560135,0.000010627187293721363,0.20540818572044373,-0.005858854856342077,2007.0728759765625,-111.42363739013672,0,0.7633581757545471
0.014534999616444111,0.000000000001159142443488137,0.00000012185570597011974,0.000000014360210798258777,-0.0016178828664124012,0.000011370490028639324,0.1486606001853943,-0.006166941951960325,2233.345703125,-123.51155090332031,0,0.7633581757545471
0.014539999887347221,0.0000000000012026508261486768,0.0000001208752564707538,0.000000008701679377054461,-0.00019609089940786362,0.000011799273124779575,0.08575668931007385,-0.006378508638590574,2345.44384765625,-129.5631103515625,0,0.7633581757545471
0.014544999226927757,0.0000000000012168315400434837,0.00000012736057897200226,0.0000000028361391013476123,0.001297065056860447,0.000011898127013409976,0.01977074146270752,-0.0064896694384515285,2337.730712890625,-129.28042602539063,0,0.7633581757545471
0.014549999497830868,0.0000000000012008778303360113,0.00000014128713132777193,-0.000000003190750552661825,0.0027853106148540974,0.00001166777110483963,-0.04607123136520386,-0.006503409240394831,2210.5087890625,-122.67937469482422,0,0.7633581757545471
0.014554999768733978,0.00000000000115428174830845,0.00000016224994681124372,-0.000000009319217397774082,0.0041925641708076,0.000011125014680146705,-0.10855132341384888,-0.006429509725421667,1970.0054931640625,-110.08883666992188,0,0.7633581757545471
0.014560000039637089,0.0000000000010770456792055794,0.00000018948348667890968,-0.00000001544721861534981,0.005446708295494318,0.0000103019192465581,-0.16461911797523499,-0.006282821297645569,1628.06396484375,-92.13436889648438,0,0.7633581757545471
0.014564999379217625,0.0000000000009699911230134917,0.00000022189931314642308,-0.00000002141090327256734,0.006483166012912989,0.00000924420510273194,-0.2115427553653717,-0.006080969236791134,1201.556396484375,-69.70719909667969,0,0.7633581757545471
0.014569999650120735,0.0000000000008350933876702382,0.0000002581398064194218,-0.00000002697955281405484,0.007248100358992815,0.000008008983058971353,-0.24704432487487793,-0.005841368809342384,711.5485229492188,-43.92012023925781,0,0.7633581757545471
0.014574999921023846,0.0000000000006757552959042734,0.0000002966452257169294,-0.00000003186762143059241,0.007701086346060038,0.0000066619199969863985,-0.269412636756897,-0.005578662734478712,182.25559997558594,-16.052282333374023,0,0.7633581757545471
0.014579999260604382,0.0000000000004969388073781944,0.00000033573078894733044,-0.000000035763299877089594,0.007817113772034645,0.000005273980150377611,-0.27758800983428955,-0.005302563775330782,-360.1572570800781,12.51413345336914,0,0.7633581757545471
0.014584999531507492,0.0000000000003050925939836191,0.0000003736699341061467,-0.00000003836924378219919,0.007587830536067486,0.000003917907179129543,-0.2712146043777466,-0.0050161960534751415,-888.8712158203125,40.36240768432617,0,0.7633581757545471
0.014589999802410603,0.00000000000010785183781215207,0.00000040877972651287564,-0.0000000394481531884594,0.0070219580084085464,0.0000026646162041288335,-0.25065821409225464,-0.0047167823649942875,-1377.742919921875,66.11150360107422,0,0.7633581757545471
0.014595000073313713,-0.00000000000008647591106733521,0.00000043950402073278383,-0.000000038865550777700264,0.006144859828054905,0.0000015796766774656135,-0.21698790788650513,-0.004396760370582342,-1802.599365234375,88.48446655273438,0,0.7633581757545471
0.014599999412894249,-0.0000000000002695808799715177,0.0000004644904834094632,-0.00000003662099601342561,0.00499728973954916,0.0000007200610525615048,-0.17192313075065613,-0.004045860841870308,-2142.435546875,106.37171936035156,0,0.7633581757545471
0.01460499968379736,-0.0000000000004338878973990379,0.0000004826573558602831,-0.000000032861407817108557,0.0036333731841295958,0.0000001313187567575369,-0.11774846166372299,-0.0036545072216540575,-2380.45556640625,118.88599395751953,0,0.7633581757545471
0.01460999995470047,-0.0000000000005732555272489059,0.0000004932470005769574,-0.000000027873532815192448,0.0021179281175136566,-0.00000015468282299480052,-0.057200320065021515,-0.003216038690879941,-2504.904052734375,125.40632629394531,0,0.7633581757545471
0.014614999294281006,-0.0000000000006835317901965343,0.0000004958632757734449,-0.000000022055257176134546,0.0005232566618360579,-0.0000001213398377331032,0.006668595597147942,-0.0027293446473777294,-2509.649658203125,125.60887908935547,0,0.7633581757545471
0.014619999565184116,-0.0000000000007628840050996621,0.0000004904911179437477,-0.00000001587044096140744,-0.0010744358878582716,0.0000002318634813036624,0.0706406682729721,-0.0022001152392476797,-2394.488037109375,119.48287963867188,0,0.7633581757545471
0.014624999836087227,-0.0000000000008118547067254012,0.0000004774970534526801,-0.000000009794137056928776,-0.002598814433440566,0.0000008893274525689776,0.13149279356002808,-0.0016408403171226382,-2165.151611328125,107.3311996459961,0,0.7633581757545471
0.014629999175667763,-0.0000000000008331397637756366,0.0000004576110939069622,-0.000000004257012520270109,-0.0039771925657987595,0.0000018201080820290372,0.18615612387657166,-0.0010694917291402817,-1833.0267333984375,89.7553939819336,0,0.7633581757545471
0.014634999446570873,-0.0000000000008311288397962191,0.00000043189044163227663,0.0000000004021796229380925,-0.005144133232533932,0.0000029794489364576293,0.231868177652359,-0.000507580058183521,-1414.5882568359375,67.62582397460938,0,0.7633581757545471
0.014639999717473984,-0.0000000000008112865847870188,0.000000401666994775951,0.000000003968454453939785,-0.006044687703251839,0.000004310997610446066,0.2663097381591797,0.00004593547782860696,-930.5839233398438,42.03857421875,0,0.7633581757545471
0.014644999988377094,-0.0000000000007794001446841115,0.0000003684814089410793,0.000000006377286254632963,-0.006637115962803364,0.0000057495963119436055,0.2877197861671448,0.0010050294222310185,-405.00604248046875,14.261138916015625,0,0.7633581757545471
0.01464999932795763,-0.0000000000007395642258323232,0.00000033400664278815384,0.000000007967181581136629,-0.00689495075494051,0.0000072245106821355876,0.29498291015625,0.001817573793232441,136.09657287597656,-14.330361366271973,0,0.7633581757545471
0.01465499959886074,-0.0000000000006953897635671169,0.00000029996510875207605,0.000000008834896370046863,-0.006808308884501457,0.000008662933396408334,0.28768450021743774,0.00245484197512269,665.9100341796875,-42.319393157958984,0,0.7633581757545471
0.014659999869763851,-0.0000000000006497594888348057,0.00000026804320896189893,0.000000009126050137808761,-0.006384377367794514,0.000009993590538215358,0.2661314010620117,0.0029051760211586952,1158.183837890625,-68.31918334960938,0,0.7633581757545471
0.014664999209344387,-0.0000000000006047634723733986,0.00000023980794594535837,0.00000000899919871955035,-0.005647054873406887,0.000011150274076499045,0.23133674263954163,0.0031723235733807087,1588.5311279296875,-91.04142761230469,0,0.7633581757545471
0.014669999480247498,-0.0000000000005617954560756255,0.00000021662913241016213,0.000000008593608491480609,-0.0046357642859220505,0.000012075122867827304,0.1849697232246399,0.0032715497072786093,1935.637451171875,-109.36012268066406,0,0.7633581757545471
0.014674999751150608,-0.0000000000005217609655959465,0.00000019961163388870773,0.00000000800689736735194,-0.003403499023988843,0.000012721488019451499,0.12927308678627014,0.0032253365498036146,2182.316162109375,-122.36736297607422,0,0.7633581757545471
0.014680000022053719,-0.0000000000004853259721188108,0.00000018954067115828366,0.000000007286995007405039,-0.0020141934510320425,0.000013056247553322464,0.06695190072059631,0.0030568602960556746,2316.36083984375,-129.41831970214844,0,0.7633581757545471
0.014684999361634254,-0.00000000000045313592830255323,0.00000018684291092085914,0.000000006438008348652602,-0.0005395524203777313,0.000013061446225037798,0.0010396987199783325,0.0027858270332217216,2331.149169921875,-130.1631317138672,0,0.7633581757545471
0.014689999632537365,-0.000000000000425942592828521,0.00000019156543373810564,0.000000005438668182478068,0.0009445032337680459,0.000012735186828649603,-0.06525183469057083,0.00242458819411695,2225.970458984375,-124.56433868408203,0,0.7633581757545471
0.014694999903440475,-0.0000000000004046048977628114,0.000000203373431872933,0.000000004267541875435654,0.0023616000544279814,0.000012091727512597572,-0.12869194149971008,0.0019780010916292667,2006.0655517578125,-112.89883422851563,0,0.7633581757545471
0.014699999243021011,-0.00000000000038995743483274947,0.00000022156693546548922,0.0000000029294926484624284,0.0036387010477483273,0.000011160773283336312,-0.18619084358215332,0.0014449552400037646,1682.359619140625,-95.7437973022461,0,0.7633581757545471
0.014704999513924122,-0.00000000000038257569855149054,0.00000024511555807293917,0.0000000014763461564371028,0.004709724802523851,0.00000998600989987608,-0.23495274782180786,0.0008215650450438261,1270.9256591796875,-73.94837951660156,0,0.7633581757545471
0.014709999784827232,-0.0000000000003824949525946947,0.00000027270965574643924,0.000000000016149526160802452,0.005518821533769369,0.00000862293836689787,-0.27261435985565186,0.0001064426323864609,792.1874389648438,-48.59159851074219,0,0.7633581757545471
0.014715000055730343,-0.00000000000038895205415820366,0.0000003028253843240236,-0.000000001291422191407321,0.006023143883794546,0.000007136129170248751,-0.2973618507385254,-0.0003477773570921272,269.9065856933594,-20.92879867553711,0,0.7633581757545471
0.014719999395310879,-0.0000000000003991178589880795,0.00000033380024433427025,-0.0000000020331625272262954,0.006194971967488527,0.000005596025403065141,-0.30802077054977417,-0.0007899930933490396,-269.99365234375,7.670488357543945,0,0.7633581757545471
0.01472499966621399,-0.00000000000040892956338842157,0.0000003639156886947603,-0.000000001962340956396247,0.006023088935762644,0.000004075454398844158,-0.3041142225265503,-0.0012662786757573485,-800.713623046875,35.7904167175293,0,0.7633581757545471
0.0147299999371171,-0.0000000000004134966566197995,0.0000003914823878403695,-0.0000000009134183964754072,0.005513338837772608,0.0000026460229491931386,-0.285886287689209,-0.0017639361321926117,-1295.9049072265625,62.03897476196289,0,0.7633581757545471
0.014734999276697636,-0.0000000000004075299125938514,0.00000041492407376608753,0.0000000011933496413263356,0.004688339773565531,0.0000013745724345426424,-0.2542901039123535,-0.002266381634399295,-1730.97607421875,85.11695861816406,0,0.7633581757545471
0.014739999547600746,-0.0000000000003859155020286692,0.00000043285589867991803,0.0000000043228798318750705,0.003586366306990385,0.0000003198705371687538,-0.2109403908252716,-0.0027545327320694923,-2084.310791015625,103.88233947753906,0,0.7633581757545471
0.014744999818503857,-0.00000000000034435093123307003,0.000000444153158696281,0.00000000831291302461068,0.0022594528272747993,-0.0000004702972091763513,-0.158033549785614,-0.0032100712414830923,-2338.339111328125,117.40684509277344,0,0.7633581757545471
0.014750000089406967,-0.00000000000027994528353433856,0.00000044800725618188153,0.000000012881127275932158,0.0007708198972977698,-0.0000009614908549337997,-0.0982387363910675,-0.0036180780734866858,-2480.407958984375,125.02195739746094,0,0.7633581757545471
0.014754999428987503,-0.00000000000019168445043044047,0.0000004439659733179724,0.000000017652165951176357,-0.0008082567364908755,-0.0000011343187225065776,-0.034565579146146774,-0.003969255369156599,-2503.408447265625,126.35200500488281,0,0.7633581757545471
0.014759999699890614,-0.00000000000008068030835431395,0.00000043195609578106087,0.000000022200829619123397,-0.00240197591483593,-0.0000009853938536252826,0.02978496626019478,-0.004261244088411331,-2406.1279296875,121.33284759521484,0,0.7633581757545471
0.014764999970793724,0.00000000000004984315911393811,0.00000041228727809539123,0.00000002610469351793654,-0.003933764528483152,-0.0000005274974910207675,0.09157927334308624,-0.004498762544244528,-2193.309814453125,110.2149658203125,0,0.7633581757545471
0.01476999931037426,0.00000000000019483053408445028,0.0000003856369232835277,0.000000028997476420045132,-0.005330068990588188,0.00000021105893210915383,0.14771129190921783,-0.004692010581493378,-1875.4189453125,93.55109405517578,0,0.7633581757545471
0.01477499958127737,0.00000000000034790394306746797,0.000000353016929466321,0.00000003061467879206248,-0.006523997522890568,0.0000011878412351506995,0.19535647332668304,-0.004855005070567131,-1468.1234130859375,72.16883850097656,0,0.7633581757545471
0.014779999852180481,0.000000000000502020462960634,0.000000315723752919439,0.00000003082330835013636,-0.007458633743226528,0.0000023483999029849656,0.23211176693439484,-0.005002109799534082,-991.517822265625,47.129642486572266,0,0.7633581757545471
0.014784999191761017,0.0000000000006501793461261007,0.00000027527448764885776,0.000000029631777920258173,-0.008089853450655937,0.0000036289734453021083,0.2561146914958954,-0.005145259201526642,-469.12811279296875,19.676223754882813,0,0.7633581757545471
0.014789999462664127,0.0000000000007860709696008716,0.0000002333319457648031,0.00000002717832714438373,-0.008388509973883629,0.000004959651960234623,0.26613572239875793,-0.005291392561048269,73.25431823730469,-8.829020500183105,0,0.7633581757545471
0.014794999733567238,0.0000000000009045755138860356,0.00000019162257558491547,0.000000023700906126578047,-0.008341874927282333,0.000006267847766139312,0.26163914799690247,-0.005440856330096722,608.85009765625,-36.97151565551758,0,0.7633581757545471
0.014800000004470348,0.000000000001002047511806936,0.00000015185122492766823,0.000000019494407865749963,-0.007954269647598267,0.000007481896318495274,0.2428096979856491,-0.0055866423062980175,1111.218994140625,-63.35459518432617,0,0.7633581757545471
0.014804999344050884,0.0000000000010763655591827792,0.00000011561699864159891,0.000000014863609010262735,-0.007246845401823521,0.000008534613698429894,0.2105434685945511,-0.005715982988476753,1555.5694580078125,-86.66869354248047,0,0.7633581757545471
0.014809999614953995,0.0000000000011267642634898989,0.00000008433430309651158,0.000000010079739709567548,-0.00625653937458992,0.000009366631275042892,0.16640345752239227,-0.005811601411551237,1919.9873046875,-105.75627899169922,0,0.7633581757545471
0.014814999885857105,0.0000000000011535100132020748,0.00000005916311707210298,0.0000000053491397977722954,-0.005034237168729305,0.000009929342013492715,0.11254222691059113,-0.005855038296431303,2186.52099609375,-119.66911315917969,0,0.7633581757545471
0.014819999225437641,0.0000000000011575008529787767,0.00000004095184635843907,0.0000000007981664218448259,-0.0036422545090317726,0.000010187318366661202,0.051595255732536316,-0.005829434376209974,2342.071533203125,-127.71537017822266,0,0.7633581757545471
0.014824999496340752,0.0000000000011398830013567562,0.00000003019562200279324,-0.0000000035235623307983133,-0.0021512452512979507,0.000010120070328412112,-0.013449646532535553,-0.005722227972000837,2379.04052734375,-129.4937744140625,0,0.7633581757545471
0.014829999767243862,0.0000000000011017641876956419,0.000000027012116987634727,-0.000000007623771836051674,-0.0006367010646499693,0.000009723068615130614,-0.07940027862787247,-0.00552703719586134,2295.707763671875,-124.91358947753906,0,0.7633581757545471
0.014835000038146973,0.0000000000010440783437468126,0.00000003113607505156324,-0.000000011537172994735556,0.0008247917867265642,0.000009007977496366948,-0.14301824569702148,-0.005244624335318804,2096.315185546875,-114.19906616210938,0,0.7633581757545471
0.014839999377727509,0.0000000000009676207318037866,0.00000004193281100128843,-0.000000015291533372874255,0.002159347292035818,0.000008002080903679598,-0.2011793553829193,-0.0048819975927472115,1790.8572998046875,-97.87837219238281,0,0.7633581757545471
0.014844999648630619,0.0000000000008732328011726298,0.00000005843002526262353,-0.00000001887758216412294,0.003299442585557699,0.000006746939106960781,-0.2510283887386322,-0.0044515086337924,1394.5858154296875,-76.75735473632813,0,0.7633581757545471
0.01484999991953373,0.000000000000762081532861697,0.00000007936634460747882,-0.000000022230253193811222,0.004187263548374176,0.000005296336439641891,-0.29012057185173035,-0.003967937082052231,927.2535400390625,-51.879695892333984,0,0.7633581757545471
0.014854999259114265,0.0000000000006359574325487394,0.00000010325420163326271,-0.000000025224824895531128,0.004777571186423302,0.000003713623300427571,-0.3165426552295685,-0.0034463403280824423,412.1358947753906,-24.47515296936035,0,0.7633581757545471
0.014859999530017376,0.0000000000004975087182501614,0.00000012845393371208047,-0.00000002768974383116074,0.0050399452447891235,0.0000020685843082901556,-0.3290077745914459,-0.0029000414069741964,-125.1224594116211,4.10134744644165,0,0.7633581757545471
0.014864999800920486,0.00000000000035034047060969464,0.00000015325538527122262,-0.000000029433646631105148,0.004960290156304836,0.00000043398938487371197,-0.32691898941993713,-0.002338893013074994,-657.7784423828125,32.436851501464844,0,0.7633581757545471
0.014870000071823597,0.0000000000001989361231085826,0.00000017596306634004577,-0.00000003028086936751606,0.00454153586179018,-0.0000011180056844750652,-0.31039902567863464,-0.001768793328665197,-1159.315673828125,59.130374908447266,0,0.7633581757545471
0.014874999411404133,0.00000000000004839494961456775,0.00000019498052949984412,-0.00000003010823590443579,0.003803492523729801,-0.0000025194267436745577,-0.28028419613838196,-0.0011923795100301504,-1604.7581787109375,82.86231231689453,0,0.7633581757545471
0.014879999682307243,-0.00000000000009598187045503637,0.0000002088898867214084,-0.00000002887536609819108,0.0027818717062473297,-0.0000037098407119628973,-0.23808278143405914,-0.0006109696114435792,-1971.908447265625,102.4598388671875,0,0.7633581757545471
0.014884999953210354,-0.00000000000022919190959154456,0.00000021652246573466982,-0.000000026642009487432006,0.001526515930891037,-0.0000046393424781854264,-0.18590040504932404,-0.000026090239771292545,-2242.44677734375,116.95498657226563,0,0.7633581757545471
0.01488999929279089,-0.00000000000034702980506590153,0.00000021701711716559657,-0.000000023567576334926343,0.00009893008973449469,-0.0000052710211093653925,-0.1263357251882553,0.0011153578525409102,-2402.83984375,125.63264465332031,0,0.7633581757545471
0.014894999563694,-0.0000000000004447188873667879,0.0000002098632876368356,-0.000000019537818474191226,-0.0014307652600109577,-0.000005582778612733819,-0.062351543456315994,0.002245009643957019,-2445.010498046875,128.06593322753906,0,0.7633581757545471
0.01489999983459711,-0.0000000000005189288668910885,0.0000001949267556256018,-0.000000014841990747527234,-0.002987307496368885,-0.000005568419055634877,0.0028718970715999603,0.0032894518226385117,-2366.73681640625,124.13727569580078,0,0.7633581757545471
0.014904999174177647,-0.0000000000005679832689245434,0.0000001724566658367621,-0.000000009810877443783284,-0.004494018852710724,-0.000005237946425040718,0.06609448790550232,0.004192757420241833,-2171.76806640625,114.04459381103516,0,0.7633581757545471
0.014909999445080757,-0.000000000000591769851437246,0.00000014307362050658412,-0.0000000047573154304814125,-0.005876609124243259,-0.000004617061676981393,0.12417691946029663,0.004894279409199953,-1869.6314697265625,98.291015625,0,0.7633581757545471
0.014914999715983868,-0.0000000000005914628053819981,0.00000010773935343877383,0.00000000006140465913517801,-0.00706685334444046,-0.0000037458810311363777,0.17423611879348755,0.005334205459803343,-1475.1649169921875,77.66020965576172,0,0.7633581757545471
0.014919999986886978,-0.0000000000005691174528171805,0.00000006770949312340235,0.000000004469066006151934,-0.00800597295165062,-0.0000026769403120852076,0.21378812193870544,0.005461880937218666,-1007.7804565429688,53.1775016784668,0,0.7633581757545471
0.014924999326467514,-0.0000000000005272143941033314,0.000000024471763282463144,0.000000008380613536473902,-0.008647546172142029,-0.0000014725843584528775,0.24087119102478027,0.005242195446044207,-490.5028381347656,26.059085845947266,0,0.7633581757545471
0.014929999597370625,-0.0000000000004682428490082602,-0.0000000203272811916122,0.000000011794314858093458,-0.008959809318184853,-0.00000020186951132927788,0.25414296984672546,0.004661687649786472,51.17095184326172,-2.348266839981079,0,0.7633581757545471
0.014934999868273735,-0.00000000000039439954665869414,-0.00000006496344440165558,0.000000014768659184483113,-0.008927233517169952,0.0000010628655218170024,0.25294700264930725,0.0037329860497266054,590.5352783203125,-30.633914947509766,0,0.7633581757545471
0.014939999207854271,-0.00000000000030745265816763123,-0.00000010771987746238665,0.000000017389378825782842,-0.008551286533474922,0.0000022495919438370038,0.23734527826309204,0.0024942548479884863,1100.9986572265625,-57.39326095581055,0,0.7633581757545471
0.014944999478757381,-0.00000000000020879118204329694,-0.0000001469717290092376,0.000000019732297573682445,-0.007850369438529015,0.0000032901675695029553,0.2081151306629181,0.0010078049963340163,1557.4013671875,-81.29733276367188,0,0.7633581757545471
0.014949999749660492,-0.00000000000009963583506421986,-0.000000181266216259246,0.000000021831070284861198,-0.006858897395431995,0.000004123721282667248,0.1667107343673706,-0.00032321366597898304,1937.261962890625,-101.15863800048828,0,0.7633581757545471
0.014955000020563602,0.000000000000019668457400950912,-0.0000002093942015335415,0.000000023860859954538682,-0.005625598132610321,0.000004699676537711639,0.11519107222557068,-0.0011944611323997378,2221.890869140625,-115.99004364013672,0,0.7633581757545471
0.014959999360144138,0.0000000000001499800717646993,-0.00000023044970021146582,0.000000026062323854603164,-0.00421109888702631,0.000004980265657650307,0.05611783266067505,-0.0020775741431862116,2397.315673828125,-125.05355834960938,0,0.7633581757545471
0.014964999631047249,0.00000000000029126394763927255,-0.00000024387429675698513,0.000000028256774697865694,-0.002684920560568571,0.0000049424083954363596,-0.0075714197009801865,-0.0029432012233883142,2454.974365234375,-127.89706420898438,0,0.7633581757545471
0.01496999990195036,0.00000000000044223668780804526,-0.000000249484486403162,0.000000030194549083262245,-0.0011220353189855814,0.000004578864263748983,-0.072708860039711,-0.0037672643084079027,2392.13916015625,-124.3766098022461,0,0.7633581757545471
0.014974999241530895,0.000000000000600214647948627,-0.0000002474802442975488,0.000000031595590144206653,0.0004008477844763547,0.000003898597697116202,-0.13605333864688873,-0.004532208200544119,2212.05126953125,-114.66360473632813,0,0.7633581757545471
0.014979999512434006,0.0000000000007611916739286295,-0.0000002384348363193567,0.0000000321954019000259,0.001809083390980959,0.000002926342403952731,-0.19445103406906128,-0.00522720767185092,1923.7603759765625,-99.23628997802734,0,0.7633581757545471
0.014984999783337116,0.0000000000009201305082445765,-0.00000022326589999011048,0.000000031787777743375045,0.003033787477761507,0.0000017013841215884895,-0.24499166011810303,-0.005846781190484762,1541.6761474609375,-78.85608673095703,0,0.7633581757545471
0.014990000054240227,0.0000000000010714148752227759,-0.000000203189657099756,0.000000030256870786615764,0.0040152487345039845,0.00000027562043669604464,-0.28515273332595825,-0.006389264017343521,1084.85400390625,-54.529808044433594,0,0.7633581757545471
0.014994999393820763,0.0000000000012093780837885149,-0.00000017966021914617158,0.000000027592648166319123,0.004705888219177723,-0.000001289002398152661,-0.3129245638847351,-0.006853822618722916,576.0510864257813,-27.4598445892334,0,0.7633581757545471
0.014999999664723873,0.0000000000013288192161203805,-0.00000015429715460868465,0.00000002388823006072016,0.005072613246738911,-0.0000029235509373393143,-0.32690972089767456,-0.00723927840590477,40.598636627197266,1.0154341459274292,0,0.7633581757545471
