Timestamp,X Position,Y Position,X Velocity,Y Velocity,Rotation,Rotation Velocity,Data1,Data2,Data3,Data4,FPS
0.032999999821186066,0,0,0,0,0,0,0,0,0,0,0.8893569111824036
0.0330049991607666,0.000000004999999969612645,0.000000004999999969612645,0.0010000000474974513,0.0010000000474974513,0,0,-25,-24.999998092651367,1.2499998807907104,0,0.1703106015920639
0.03300999850034714,0.00000000999999993922529,0.00000000999999993922529,0.0010000000474974513,0.0010000000474974513,0,0,-50.000003814697266,-49.999996185302734,2.499999761581421,0,0.1703106015920639
0.03301499783992767,0.000000014999999464748726,0.000000014999999464748726,0.0010000000474974513,0.0010000000474974513,0,0,-75.00000762939453,-74.99999237060547,3.749999761581421,0,0.1703106015920639
0.03302000090479851,0.00000001999999987845058,0.00000001999999987845058,0.0010000000474974513,0.0010000000474974513,0,0,-100.00000762939453,-99.99998474121094,4.999999523162842,0,0.1703106015920639
0.033025000244379044,0.000000025000000292152436,0.000000025000000292152436,0.0010000000474974513,0.0010000000474974513,0,0,-125.00001525878906,-124.9999771118164,6.249999046325684,0,0.1703106015920639
0.03302999958395958,0.00000002999999892949745,0.00000002999999892949745,0.0010000000474974513,0.0010000000474974513,0,0,-150.00001525878906,-149.99996948242188,7.499998569488525,0,0.1703106015920639
0.033034998923540115,0.000000034999999343199306,0.000000034999999343199306,0.0010000000474974513,0.0010000000474974513,0,0,-175.00003051757813,-174.9999542236328,8.749998092651367,0,0.1703106015920639
0.03303999826312065,0.00000003999999975690116,0.00000003999999975690116,0.0010000000474974513,0.0010000000474974513,0,0,-200.00003051757813,-199.99993896484375,9.99999713897705,0,0.1703106015920639
0.03304499760270119,0.000000045000000170603016,0.000000045000000170603016,0.0010000000474974513,0.0010000000474974513,0,0,-225.0000457763672,-224.9999237060547,11.249996185302734,0,0.1703106015920639
0.03305000066757202,0.00000005000000058430487,0.00000005000000058430487,0.0010000000474974513,0.0010000000474974513,0,0,-250.0000762939453,-249.99990844726563,12.499995231628418,0,0.1703106015920639
0.03305500000715256,0.000000055000000998006726,0.000000055000000998006726,0.0010000000474974513,0.0010000000474974513,0,0,-275.0000915527344,-274.9998779296875,13.749994277954102,0,0.1703106015920639
0.03305999934673309,0.0000000599999978589949,0.0000000599999978589949,0.0010000000474974513,0.0010000000474974513,0,0,-300.0000915527344,-299.9998474121094,14.999992370605469,0,0.1703106015920639
0.03306499868631363,0.00000006499999471998308,0.00000006499999471998308,0.0010000000474974513,0.0010000000474974513,0,0,-325.0000915527344,-324.99981689453125,16.249990463256836,0,0.1703106015920639
0.033069998025894165,0.00000006999999158097125,0.00000006999999158097125,0.0010000000474974513,0.0010000000474974513,0,0,-350.00006103515625,-349.9997863769531,17.499990463256836,0,0.1703106015920639
0.0330749973654747,0.00000007499998844195943,0.00000007499998844195943,0.0010000000474974513,0.0010000000474974513,0,0,-375.0000915527344,-374.999755859375,18.749988555908203,0,0.1703106015920639
0.033080000430345535,0.00000007999998530294761,0.00000007999998530294761,0.0010000000474974513,0.0010000000474974513,0,0,-400.0000915527344,-399.9997253417969,19.99998664855957,0,0.1703106015920639
0.03308499976992607,0.00000008499998216393578,0.00000008499998216393578,0.0010000000474974513,0.0010000000474974513,0,0,-425.0000915527344,-424.99969482421875,21.249984741210938,0,0.1703106015920639
0.03308999910950661,0.00000008999997902492396,0.00000008999997902492396,0.0010000000474974513,0.0010000000474974513,0,0,-450.0000915527344,-449.9996643066406,22.499982833862305,0,0.1703106015920639
0.03309499844908714,0.00000009499997588591214,0.00000009499997588591214,0.0010000000474974513,0.0010000000474974513,0,0,-475.0000915527344,-474.9996337890625,23.749982833862305,0,0.1703106015920639
0.03309999778866768,0.00000009999997274690031,0.00000009999997274690031,0.0010000000474974513,0.0010000000474974513,0,0,-500.0000915527344,-499.9996032714844,24.999980926513672,0,0.1703106015920639
0.03310500085353851,0.00000010499996960788849,0.00000010499996960788849,0.0010000000474974513,0.0010000000474974513,0,0,-525.0001220703125,-524.9995727539063,26.24997901916504,0,0.1703106015920639
0.03311000019311905,0.00000010999996646887666,0.00000010999996646887666,0.0010000000474974513,0.0010000000474974513,0,0,-550.0001831054688,-549.9995727539063,27.49997901916504,0,0.1703106015920639
0.033114999532699585,0.00000011499996332986484,0.00000011499996332986484,0.0010000000474974513,0.0010000000474974513,0,0,-575.0001831054688,-574.9995727539063,28.74997901916504,0,0.1703106015920639
0.03311999887228012,0.00000011999996729628037,0.00000011999996729628037,0.0010000000474974513,0.0010000000474974513,0,0,-600.0001831054688,-599.9995727539063,29.99997901916504,0,0.1703106015920639
0.03312499821186066,0.0000001249999712626959,0.0000001249999712626959,0.0010000000474974513,0.0010000000474974513,0,0,-625.0001831054688,-624.99951171875,31.249975204467773,0,0.1703106015920639
0.03312999755144119,0.00000012999997522911144,0.00000012999997522911144,0.0010000000474974513,0.0010000000474974513,0,0,-650.0003051757813,-649.9994506835938,32.49997329711914,0,0.1703106015920639
0.03313500061631203,0.00000013499997919552698,0.00000013499997919552698,0.0010000000474974513,0.0010000000474974513,0,0,-675.0003051757813,-674.9993896484375,33.749969482421875,0,0.1703106015920639
0.03313999995589256,0.0000001399999831619425,0.0000001399999831619425,0.0010000000474974513,0.0010000000474974513,0,0,-700.0004272460938,-699.9993286132813,34.99996566772461,0,0.1703106015920639
0.0331449992954731,0.00000014499998712835804,0.00000014499998712835804,0.0010000000474974513,0.0010000000474974513,0,0,-725.0004272460938,-724.999267578125,36.24996566772461,0,0.1703106015920639
0.033149998635053635,0.00000014999999109477358,0.00000014999999109477358,0.0010000000474974513,0.0010000000474974513,0,0,-750.00048828125,-749.9992065429688,37.499961853027344,0,0.1703106015920639
0.03315499797463417,0.0000001549999950611891,0.0000001549999950611891,0.0010000000474974513,0.0010000000474974513,0,0,-775.0005493164063,-774.9991455078125,38.74995803833008,0,0.1703106015920639
0.033159997314214706,0.00000015999999902760464,0.00000015999999902760464,0.0010000000474974513,0.0010000000474974513,0,0,-800.0006713867188,-799.9990844726563,39.99995422363281,0,0.1703106015920639
0.03316500037908554,0.00000016500000299402018,0.00000016500000299402018,0.0010000000474974513,0.0010000000474974513,0,0,-825.0006713867188,-824.9990234375,41.24995040893555,0,0.1703106015920639
0.03316999971866608,0.0000001700000069604357,0.0000001700000069604357,0.0010000000474974513,0.0010000000474974513,0,0,-850.0006713867188,-849.9989624023438,42.49995040893555,0,0.1703106015920639
0.03317499905824661,0.00000017500001092685125,0.00000017500001092685125,0.0010000000474974513,0.0010000000474974513,0,0,-875.0007934570313,-874.9989013671875,43.74994659423828,0,0.1703106015920639
0.03317999839782715,0.00000018000001489326678,0.00000018000001489326678,0.0010000000474974513,0.0010000000474974513,0,0,-900.0009155273438,-899.9988403320313,44.999942779541016,0,0.1703106015920639
0.033184997737407684,0.00000018500001885968231,0.00000018500001885968231,0.0010000000474974513,0.0010000000474974513,0,0,-925.0009765625,-924.998779296875,46.24993896484375,0,0.1703106015920639
0.03319000080227852,0.00000019000002282609785,0.00000019000002282609785,0.0010000000474974513,0.0010000000474974513,0,0,-950.0009765625,-949.9987182617188,47.499935150146484,0,0.1703106015920639
0.033195000141859055,0.00000019500002679251338,0.00000019500002679251338,0.0010000000474974513,0.0010000000474974513,0,0,-975.0010986328125,-974.9986572265625,48.749935150146484,0,0.1703106015920639
0.03319999948143959,0.00000020000003075892892,0.00000020000003075892892,0.0010000000474974513,0.0010000000474974513,0,0,-1000.0011596679688,-999.9985961914063,49.99993133544922,0,0.1703106015920639
0.033204998821020126,0.00000020500003472534445,0.00000020500003472534445,0.0010000000474974513,0.0010000000474974513,0,0,-1025.001220703125,-1024.99853515625,51.24992752075195,0,0.1703106015920639
0.03320999816060066,0.00000021000003869175998,0.00000021000003869175998,0.0010000000474974513,0.0010000000474974513,0,0,-1050.0013427734375,-1049.99853515625,52.49992752075195,0,0.1703106015920639
0.0332149975001812,0.00000021500004265817552,0.00000021500004265817552,0.0010000000474974513,0.0010000000474974513,0,0,-1075.0013427734375,-1074.99853515625,53.74992752075195,0,0.1703106015920639
0.03322000056505203,0.00000022000004662459105,0.00000022000004662459105,0.0010000000474974513,0.0010000000474974513,0,0,-1100.00146484375,-1099.99853515625,54.99992752075195,0,0.1703106015920639
0.03322499990463257,0.00000022500005059100658,0.00000022500005059100658,0.0010000000474974513,0.0010000000474974513,0,0,-1125.00146484375,-1124.99853515625,56.24992752075195,0,0.1703106015920639
0.033229999244213104,0.00000023000005455742212,0.00000023000005455742212,0.0010000000474974513,0.0010000000474974513,0,0,-1150.0015869140625,-1149.99853515625,57.49992752075195,0,0.1703106015920639
0.03323499858379364,0.00000023500005852383765,0.00000023500005852383765,0.0010000000474974513,0.0010000000474974513,0,0,-1175.001708984375,-1174.99853515625,58.74992752075195,0,0.1703106015920639
0.033239997923374176,0.00000024000004827939847,0.00000024000004827939847,0.0010000000474974513,0.0010000000474974513,0,0,-1200.001708984375,-1199.99853515625,59.99992752075195,0,0.1703106015920639
0.03324500098824501,0.000000245000052245814,0.000000245000052245814,0.0010000000474974513,0.0010000000474974513,0,0,-1225.0018310546875,-1224.9984130859375,61.24991989135742,0,0.1703106015920639
0.033250000327825546,0.00000025000005621222954,0.00000025000005621222954,0.0010000000474974513,0.0010000000474974513,0,0,-1250.0018310546875,-1249.998291015625,62.499916076660156,0,0.1703106015920639
0.03325499966740608,0.00000025500006017864507,0.00000025500006017864507,0.0010000000474974513,0.0010000000474974513,0,0,-1275.0018310546875,-1274.9981689453125,63.749908447265625,0,0.1703106015920639
0.03325999900698662,0.0000002600000641450606,0.0000002600000641450606,0.0010000000474974513,0.0010000000474974513,0,0,-1300.001953125,-1299.998046875,64.9999008178711,0,0.1703106015920639
0.033264998346567154,0.00000026500006811147614,0.00000026500006811147614,0.0010000000474974513,0.0010000000474974513,0,0,-1325.0020751953125,-1324.9979248046875,66.2499008178711,0,0.1703106015920639
0.03326999768614769,0.00000027000007207789167,0.00000027000007207789167,0.0010000000474974513,0.0010000000474974513,0,0,-1350.002197265625,-1349.997802734375,67.49989318847656,0,0.1703106015920639
0.033275000751018524,0.0000002750000760443072,0.0000002750000760443072,0.0010000000474974513,0.0010000000474974513,0,0,-1375.0023193359375,-1374.9976806640625,68.74988555908203,0,0.1703106015920639
0.03328000009059906,0.00000028000008001072274,0.00000028000008001072274,0.0010000000474974513,0.0010000000474974513,0,0,-1400.0023193359375,-1399.99755859375,69.9998779296875,0,0.1703106015920639
0.033284999430179596,0.0000002850000839771383,0.0000002850000839771383,0.0010000000474974513,0.0010000000474974513,0,0,-1425.0023193359375,-1424.9974365234375,71.24987030029297,0,0.1703106015920639
0.03328999876976013,0.0000002900000879435538,0.0000002900000879435538,0.0010000000474974513,0.0010000000474974513,0,0,-1450.0025634765625,-1449.997314453125,72.49987030029297,0,0.1703106015920639
0.03329499810934067,0.00000029500009190996934,0.00000029500009190996934,0.0010000000474974513,0.0010000000474974513,0,0,-1475.0025634765625,-1474.9971923828125,73.74986267089844,0,0.1703106015920639
0.033299997448921204,0.0000003000000958763849,0.0000003000000958763849,0.0010000000474974513,0.0010000000474974513,0,0,-1500.0028076171875,-1499.9970703125,74.9998550415039,0,0.1703106015920639
0.03330500051379204,0.0000003050000998428004,0.0000003050000998428004,0.0010000000474974513,0.0010000000474974513,0,0,-1525.0028076171875,-1524.9969482421875,76.24984741210938,0,0.1703106015920639
0.033309999853372574,0.00000031000010380921594,0.00000031000010380921594,0.0010000000474974513,0.0010000000474974513,0,0,-1550.0029296875,-1549.996826171875,77.49983978271484,0,0.1703106015920639
0.03331499919295311,0.0000003150001077756315,0.0000003150001077756315,0.0010000000474974513,0.0010000000474974513,0,0,-1575.0029296875,-1574.9967041015625,78.74983978271484,0,0.1703106015920639
0.033319998532533646,0.000000320000111742047,0.000000320000111742047,0.0010000000474974513,0.0010000000474974513,0,0,-1600.003173828125,-1599.99658203125,79.99983215332031,0,0.1703106015920639
0.03332499787211418,0.00000032500011570846254,0.00000032500011570846254,0.0010000000474974513,0.0010000000474974513,0,0,-1625.0032958984375,-1624.9964599609375,81.24982452392578,0,0.1703106015920639
0.033330000936985016,0.0000003300001196748781,0.0000003300001196748781,0.0010000000474974513,0.0010000000474974513,0,0,-1650.0032958984375,-1649.996337890625,82.49981689453125,0,0.1703106015920639
0.03333500027656555,0.0000003350001236412936,0.0000003350001236412936,0.0010000000474974513,0.0010000000474974513,0,0,-1675.0035400390625,-1674.9962158203125,83.74980926513672,0,0.1703106015920639
0.03333999961614609,0.00000034000012760770915,0.00000034000012760770915,0.0010000000474974513,0.0010000000474974513,0,0,-1700.0035400390625,-1699.99609375,84.99980926513672,0,0.1703106015920639
0.033344998955726624,0.0000003450001315741247,0.0000003450001315741247,0.0010000000474974513,0.0010000000474974513,0,0,-1725.0035400390625,-1724.9959716796875,86.24980163574219,0,0.1703106015920639
0.03334999829530716,0.0000003500001355405402,0.0000003500001355405402,0.0010000000474974513,0.0010000000474974513,0,0,-1750.0037841796875,-1749.995849609375,87.49979400634766,0,0.1703106015920639
0.033354997634887695,0.00000035500013950695575,0.00000035500013950695575,0.0010000000474974513,0.0010000000474974513,0,0,-1775.0037841796875,-1774.9957275390625,88.74978637695313,0,0.1703106015920639
0.03336000069975853,0.0000003600001434733713,0.0000003600001434733713,0.0010000000474974513,0.0010000000474974513,0,0,-1800.00390625,-1799.99560546875,89.9997787475586,0,0.1703106015920639
0.033365000039339066,0.0000003650001474397868,0.0000003650001474397868,0.0010000000474974513,0.0010000000474974513,0,0,-1825.00390625,-1824.9954833984375,91.2497787475586,0,0.1703106015920639
0.0333699993789196,0.00000037000015140620235,0.00000037000015140620235,0.0010000000474974513,0.0010000000474974513,0,0,-1850.004150390625,-1849.995361328125,92.49977111816406,0,0.1703106015920639
0.03337499871850014,0.0000003750001553726179,0.0000003750001553726179,0.0010000000474974513,0.0010000000474974513,0,0,-1875.0042724609375,-1874.9952392578125,93.74976348876953,0,0.1703106015920639
0.03337999805808067,0.0000003800001593390334,0.0000003800001593390334,0.0010000000474974513,0.0010000000474974513,0,0,-1900.0042724609375,-1899.9951171875,94.999755859375,0,0.1703106015920639
0.03338499739766121,0.00000038500016330544895,0.00000038500016330544895,0.0010000000474974513,0.0010000000474974513,0,0,-1925.0045166015625,-1924.9949951171875,96.24974822998047,0,0.1703106015920639
0.03339000046253204,0.0000003900001672718645,0.0000003900001672718645,0.0010000000474974513,0.0010000000474974513,0,0,-1950.0047607421875,-1949.994873046875,97.49974822998047,0,0.1703106015920639
0.03339499980211258,0.00000039500017123828,0.00000039500017123828,0.0010000000474974513,0.0010000000474974513,0,0,-1975.0047607421875,-1974.9947509765625,98.74974060058594,0,0.1703106015920639
0.033399999141693115,0.00000040000017520469555,0.00000040000017520469555,0.0010000000474974513,0.0010000000474974513,0,0,-2000.0048828125,-1999.99462890625,99.9997329711914,0,0.1703106015920639
0.03340499848127365,0.0000004050001791711111,0.0000004050001791711111,0.0010000000474974513,0.0010000000474974513,0,0,-2025.0048828125,-2024.9945068359375,101.24972534179688,0,0.1703106015920639
0.03340999782085419,0.0000004100001831375266,0.0000004100001831375266,0.0010000000474974513,0.0010000000474974513,0,0,-2050.005126953125,-2049.994384765625,102.49971771240234,0,0.1703106015920639
0.03341500088572502,0.00000041500018710394215,0.00000041500018710394215,0.0010000000474974513,0.0010000000474974513,0,0,-2075.005126953125,-2074.994384765625,103.74971771240234,0,0.1703106015920639
0.03342000022530556,0.0000004200001910703577,0.0000004200001910703577,0.0010000000474974513,0.0010000000474974513,0,0,-2100.00537109375,-2099.994384765625,104.99971771240234,0,0.1703106015920639
0.03342499956488609,0.0000004250001950367732,0.0000004250001950367732,0.0010000000474974513,0.0010000000474974513,0,0,-2125.005615234375,-2124.994384765625,106.24971771240234,0,0.1703106015920639
0.03342999890446663,0.00000043000019900318875,0.00000043000019900318875,0.0010000000474974513,0.0010000000474974513,0,0,-2150.005615234375,-2149.994384765625,107.49971771240234,0,0.1703106015920639
0.033434998244047165,0.0000004350002029696043,0.0000004350002029696043,0.0010000000474974513,0.0010000000474974513,0,0,-2175.005615234375,-2174.994384765625,108.74971771240234,0,0.1703106015920639
0.0334399975836277,0.0000004400002069360198,0.0000004400002069360198,0.0010000000474974513,0.0010000000474974513,0,0,-2200.005859375,-2199.994384765625,109.99971771240234,0,0.1703106015920639
0.033445000648498535,0.00000044500021090243536,0.00000044500021090243536,0.0010000000474974513,0.0010000000474974513,0,0,-2225.006103515625,-2224.994384765625,111.24971771240234,0,0.1703106015920639
0.03344999998807907,0.0000004500002148688509,0.0000004500002148688509,0.0010000000474974513,0.0010000000474974513,0,0,-2250.006103515625,-2249.994384765625,112.49971771240234,0,0.1703106015920639
0.03345499932765961,0.0000004550002188352664,0.0000004550002188352664,0.0010000000474974513,0.0010000000474974513,0,0,-2275.00634765625,-2274.994384765625,113.74971771240234,0,0.1703106015920639
0.03345999866724014,0.00000046000022280168196,0.00000046000022280168196,0.0010000000474974513,0.0010000000474974513,0,0,-2300.00634765625,-2299.994384765625,114.99971771240234,0,0.1703106015920639
0.03346499800682068,0.0000004650002267680975,0.0000004650002267680975,0.0010000000474974513,0.0010000000474974513,0,0,-2325.006591796875,-2324.994384765625,116.24971771240234,0,0.1703106015920639
0.033469997346401215,0.000000470000230734513,0.000000470000230734513,0.0010000000474974513,0.0010000000474974513,0,0,-2350.006591796875,-2349.994384765625,117.49971771240234,0,0.1703106015920639
0.03347500041127205,0.00000047500023470092856,0.00000047500023470092856,0.0010000000474974513,0.0010000000474974513,0,0,-2375.0068359375,-2374.994384765625,118.74971771240234,0,0.1703106015920639
0.033479999750852585,0.0000004800002102456347,0.0000004800002102456347,0.0010000000474974513,0.0010000000474974513,0,0,-2400.006591796875,-2399.994384765625,119.99971771240234,0,0.1703106015920639
0.03348499909043312,0.0000004850002142120502,0.0000004850002142120502,0.0010000000474974513,0.0010000000474974513,0,0,-2425.007080078125,-2424.994384765625,121.24971771240234,0,0.1703106015920639
0.03348999843001366,0.0000004900002181784657,0.0000004900002181784657,0.0010000000474974513,0.0010000000474974513,0,0,-2450.007080078125,-2449.994384765625,122.49971771240234,0,0.1703106015920639
0.03349499776959419,0.0000004950002221448813,0.0000004950002221448813,0.0010000000474974513,0.0010000000474974513,0,0,-2475.00732421875,-2474.994384765625,123.74971771240234,0,0.1703106015920639
0.03350000083446503,0.0000005000002261112968,0.0000005000002261112968,0.0010000000474974513,0.0010000000474974513,0,0,-2500.007568359375,-2499.994140625,124.99971008300781,0,0.1703106015920639
0.03350000083446503,0.0000005050002300777123,0.0000005050002300777123,0.0010000000474974513,0.0010000000474974513,0,0,-2525.007568359375,-2524.993896484375,126.24969482421875,0,0.1703106015920639
0.03350500017404556,0.0000005009815708945098,0.0000005009815708945098,-0.0008037308580242097,-0.0008037345833145082,0,0,-2504.9140625,-2504.900634765625,125.24503326416016,0,0.8087630867958069
0.0335099995136261,0.0000004889895421911206,0.0000004889894853477017,-0.0023984008003026247,-0.0023984117433428764,0,0,-2444.953857421875,-2444.940673828125,122.24703216552734,0,0.8087630867958069
0.033514998853206635,0.0000004692150525897887,0.00000046921491048124153,-0.003954899497330189,-0.0039549171924591064,0,0,-2346.080810546875,-2346.068115234375,117.30340576171875,0,0.8087630867958069
0.03351999819278717,0.0000004419727872573276,0.0000004419725314619427,-0.005448454059660435,-0.0054484773427248,0,0,-2209.868896484375,-2209.856689453125,110.49283599853516,0,0.8087630867958069
0.033524997532367706,0.00000040769631937109807,0.00000040769592146716604,-0.006855294108390808,-0.006855322048068047,0,0,-2038.4857177734375,-2038.474365234375,101.92372131347656,0,0.8087630867958069
0.03353000059723854,0.0000003669311752219073,0.00000036693063520942815,-0.008153028786182404,-0.00815306045114994,0,0,-1834.6591796875,-1834.6485595703125,91.73242950439453,0,0.8087630867958069
0.03353499993681908,0.0000003203261655926326,0.00000032032545504989685,-0.009321004152297974,-0.00932103767991066,0,0,-1601.6334228515625,-1601.623291015625,80.08116912841797,0,0.8087630867958069
0.03353999927639961,0.00000026862301183427917,0.0000002686221307612868,-0.010340632870793343,-0.010340666398406029,0,0,-1343.116943359375,-1343.1072998046875,67.15536499023438,0,0.8087630867958069
0.03354499861598015,0.00000021264457927827607,0.00000021264354188588186,-0.011195685714483261,-0.011195717379450798,0,0,-1063.2239990234375,-1063.2149658203125,53.16074752807617,0,0.8087630867958069
0.033549997955560684,0.00000015328180325013818,0.00000015328063796005154,-0.011872554197907448,-0.011872582137584686,0,0,-766.4096069335938,-766.40087890625,38.320045471191406,0,0.8087630867958069
0.03355499729514122,0.000000091479478214751,0.00000009147819213239927,-0.01236046478152275,-0.01236048899590969,0,0,-457.3976135253906,-457.3889465332031,22.869447708129883,0,0.8087630867958069
0.033560000360012054,0.000000028221222692081938,0.000000028219830028319848,-0.012651652097702026,-0.012651672586798668,0,0,-141.1061248779297,-141.0972442626953,7.0548624992370605,0,0.8087630867958069
0.03356499969959259,-0.00000003548619531557051,-0.00000003548765903360618,-0.012741483747959137,-0.01274149864912033,0,0,354.86187744140625,266.15576171875,-13.307788848876953,0,0.8087630867958069
0.033569999039173126,-0.00000009806404932533042,-0.00000009834795378083072,-0.012515570968389511,-0.012572059407830238,0,0,980.6400146484375,736.902099609375,-36.8451042175293,0,0.8087630867958069
0.03357499837875366,-0.00000015752041804262262,-0.00000015886261905961874,-0.011891275644302368,-0.01210293360054493,0,0,1575.202880859375,1188.1165771484375,-59.40583038330078,0,0.8087630867958069
0.0335799977183342,-0.0000002119627566798954,-0.0000002155954064164689,-0.010888468474149704,-0.01134655624628067,0,0,2119.625244140625,1607.88671875,-80.39433288574219,0,0.8087630867958069
0.03358500078320503,-0.0000002596581225589034,-0.00000026721014023678435,-0.009539071470499039,-0.010322947055101395,0,0,2596.57763671875,1985.1990966796875,-99.25995635986328,0,0.8087630867958069
0.03359000012278557,-0.0000002990882990161481,-0.0000003125058185560192,-0.007886035367846489,-0.009059134870767593,0,0,2990.878173828125,2310.253173828125,-115.51266479492188,0,0.8087630867958069
0.033594999462366104,-0.0000003289981975740375,-0.00000035044774904235965,-0.005981978960335255,-0.0075883883982896805,0,0,3289.975830078125,2574.73779296875,-128.7368927001953,0,0.8087630867958069
0.03359999880194664,-0.0000003484357478100719,-0.00000038019408066247706,-0.0038875096943229437,-0.005949267186224461,0,0,3484.350341796875,2772.0634765625,-138.60317993164063,0,0.8087630867958069
0.033604998141527176,-0.00000035678223753166094,-0.00000040111672205966897,-0.0016692967619746923,-0.0041845254600048065,0,0,3567.814453125,2897.54296875,-144.8771514892578,0,0.8087630867958069
0.03360999748110771,-0.00000035377198059904913,-0.0000004128162345296005,0.0006020516157150269,-0.0023399018682539463,0,0,3537.71142578125,2948.514404296875,-147.42572021484375,0,0.8087630867958069
0.033615000545978546,-0.0000003395007865947264,-0.00000041513038695484283,0.002854236401617527,-0.0004628286696970463,0,0,3394.999267578125,2924.40673828125,-146.2203369140625,0,0.8087630867958069
0.03361999988555908,-0.00000031442294812222826,-0.0000004081358895291487,0.005015567876398563,0.001398897380568087,0,0,3144.22119140625,2826.7392578125,-141.33697509765625,0,0.8087630867958069
0.03362499922513962,-0.0000002793367173126171,-0.00000039214364733197726,0.007017248310148716,0.0031984474044293165,0,0,2793.359375,2659.06201171875,-132.95310974121094,0,0.8087630867958069
0.033629998564720154,-0.00000023535891102710593,-0.0000003676873916447221,0.008795562200248241,0.004891251679509878,0,0,2353.582275390625,2414.497802734375,-120.72489929199219,0,0.8087630867958069
0.03363499790430069,-0.00000018388938372027042,-0.0000003355455646669725,0.01029390562325716,0.0064283632673323154,0,0,1838.88818359375,2093.077880859375,-104.65390014648438,0,0.8087630867958069
0.033640000969171524,-0.00000012656647641051677,-0.0000002967412910948042,0.011464581824839115,0.007760853972285986,0,0,1265.660400390625,1705.0335693359375,-85.25167846679688,0,0.8087630867958069
0.03364500030875206,-0.0000000652148344215675,-0.00000025250974999835307,0.012270328588783741,0.008846309967339039,0,0,652.1451416015625,1262.7164306640625,-63.135826110839844,0,0.8087630867958069
0.033649999648332596,-0.0000000017873418300951016,-0.00000020425885338681837,0.012685499154031277,0.00965017918497324,0,0,17.8713321685791,1016.8263549804688,-50.84131622314453,0,0.8087630867958069
0.03365499898791313,0.00000006169704391822961,-0.00000015277129250534927,0.012696878053247929,0.010297511704266071,0,0,-308.4858093261719,763.85595703125,-38.19279861450195,0,0.8087630867958069
0.03365999832749367,0.0000001241994880274433,-0.0000000988523041201006,0.012500490061938763,0.010783798061311245,0,0,-620.9976806640625,494.2607116699219,-24.713035583496094,0,0.8087630867958069
0.033664997667074203,0.00000018472525198376388,-0.00000004336003200933192,0.012105151079595089,0.01109845470637083,0,0,-923.6262817382813,216.79925537109375,-10.83996295928955,0,0.8087630867958069
0.03367000073194504,0.0000002423110174731846,0.00000001282232986454801,0.01151715312153101,0.011236472986638546,0,0,-1211.5550537109375,-64.11251831054688,3.2056260108947754,0,0.8087630867958069
0.033675000071525574,0.0000002960402980534127,0.00000006880061675929028,0.010745854116976261,0.011195656843483448,0,0,-1480.2015380859375,-344.0037536621094,17.20018768310547,0,0.8087630867958069
0.03367999941110611,0.0000003450579413311061,0.00000012368388979666634,0.009803528897464275,0.010976656340062618,0,0,-1725.2900390625,-618.4198608398438,30.92099380493164,0,0.8087630867958069
0.033684998750686646,0.00000038858382822581916,0.0000001765986752388926,0.00870517548173666,0.010582956485450268,0,0,-1942.9197998046875,-882.9933471679688,44.1496696472168,0,0.8087630867958069
0.03368999809026718,0.00000042592520799189515,0.0000002267027952029821,0.007468275260180235,0.01002082321792841,0,0,-2129.62744140625,-1133.5135498046875,56.67567825317383,0,0.8087630867958069
0.03369499742984772,0.00000045648778268514434,0.0000002731987933657365,0.006112514063715935,0.0092992028221488,0,0,-2282.440673828125,-1365.9931640625,68.2996597290039,0,0.8087630867958069
0.03370000049471855,0.0000004797851147486654,0.0000003153466821004258,0.004659469239413738,0.008429580368101597,0,0,-2398.92822265625,-1576.7322998046875,78.83661651611328,0,0.8087630867958069
0.03370499983429909,0.0000004954464429829386,0.0000003524756664319284,0.003132267389446497,0.007425796706229448,0,0,-2477.2353515625,-1762.376953125,88.11885070800781,0,0.8087630867958069
0.03370999917387962,0.0000005032225089962594,0.00000038399480217776727,0.0015552141703665257,0.006303826812654734,0,0,-2516.1162109375,-1919.9725341796875,95.99862670898438,0,0.8087630867958069
0.03371499851346016,0.0000005029895646657678,0.0000004094024461664958,-0.000046590459533035755,0.005081528332084417,0,0,-2514.951904296875,-2047.0107421875,102.35054016113281,0,0.8087630867958069
0.033719997853040695,0.0000004947513048136898,0.0000004282942143163382,-0.001647653174586594,0.003778354497626424,0,0,-2473.760986328125,-2141.4697265625,107.073486328125,0,0.8087630867958069
0.03372500091791153,0.0000004786388672073372,0.0000004403694333632302,-0.0032224927563220263,0.002415045630186796,0,0,-2393.198974609375,-2201.84619140625,110.0923080444336,0,0.8087630867958069
0.033730000257492065,0.00000045490864408748166,0.0000004454359441297129,-0.004746044520288706,0.0010133001487702131,0,0,-2274.54833984375,-2227.17919921875,111.35896301269531,0,0.8087630867958069
0.0337349995970726,0.0000004239383315507439,0.00000044341308580442274,-0.006194060202687979,-0.00040457258000969887,0,0,-2119.69677734375,-2217.065673828125,110.85328674316406,0,0.8087630867958069
0.03373999893665314,0.00000038622084730377537,0.0000004343330601841444,-0.007543494459241629,-0.0018160061445087194,0,0,-1931.1087646484375,-2171.666259765625,108.58331298828125,0,0.8087630867958069
0.03374499827623367,0.00000034235648627145565,0.0000004183403632396221,-0.008772870525717735,-0.0031985370442271233,0,0,-1711.7867431640625,-2091.703857421875,104.58519744873047,0,0.8087630867958069
0.03374999761581421,0.00000029304337090252375,0.0000003956895682222239,-0.009862622246146202,-0.004530161619186401,0,0,-1465.2208251953125,-1978.4508056640625,98.92253875732422,0,0.8087630867958069
0.03375500068068504,0.00000023906633828119084,0.00000036674114767265564,-0.010795405134558678,-0.005789685994386673,0,0,-1195.3350830078125,-1833.7095947265625,91.68547821044922,0,0.8087630867958069
0.03376000002026558,0.0000001812844629967003,0.0000003319558175007842,-0.011556373909115791,-0.0069570643827319145,0,0,-906.4251098632813,-1659.783935546875,82.98919677734375,0,0.8087630867958069
0.033764999359846115,0.00000012061738630109176,0.00000029188723260631377,-0.012133417651057243,-0.008013717830181122,0,0,-603.0890502929688,-1459.44189453125,72.97209930419922,0,0.8087630867958069
0.03376999869942665,0.00000005803062208542542,0.0000002471730908837344,-0.012517353519797325,-0.008942829445004463,0,0,-290.1546325683594,-1235.8719482421875,61.79359817504883,0,0.8087630867958069
0.03377499803900719,-0.0000000054797268944639654,0.00000019852504351547395,-0.01270207017660141,-0.00972961075603962,0,0,54.79529571533203,-978.9334716796875,48.946678161621094,0,0.8087630867958069
0.03377999737858772,-0.00000006881565184357896,0.00000014676095361210173,-0.012667184695601463,-0.010352818295359612,0,0,688.1554565429688,-561.7734985351563,28.08867645263672,0,0.8087630867958069
0.03378500044345856,-0.00000012996110854146536,0.00000009320868343820621,-0.012229090556502342,-0.010710453614592552,0,0,1299.6107177734375,-141.14865112304688,7.057432174682617,0,0.8087630867958069
0.03378999978303909,-0.00000018696977122090175,0.00000003920712643434854,-0.011401733383536339,-0.010800311341881752,0,0,1869.697509765625,271.3807373046875,-13.569036483764648,0,0.8087630867958069
0.03379499912261963,-0.00000023802701321073982,-0.000000013930598896649826,-0.01021144725382328,-0.010627545416355133,0,0,2380.27001953125,664.7125244140625,-33.235626220703125,0,0.8087630867958069
0.033799998462200165,-0.00000028150762432233023,-0.0000000649524807272428,-0.008696120232343674,-0.0102043766528368,0,0,2815.075927734375,1028.5235595703125,-51.426177978515625,0,0.8087630867958069
0.0338049978017807,-0.0000003160275525715406,-0.00000011270047650668857,-0.006903986446559429,-0.009549599140882492,0,0,3160.27490234375,1353.5634765625,-67.67816925048828,0,0.8087630867958069
0.033810000866651535,-0.00000034048801467179146,-0.00000015613996140473319,-0.004892092198133469,-0.008687896654009819,0,0,3404.87890625,1631.912109375,-81.5956039428711,0,0.8087630867958069
0.03381500020623207,-0.00000035411039789323695,-0.00000019438492415702058,-0.002724477555602789,-0.007648992817848921,0,0,3541.10205078125,1857.1927490234375,-92.85963439941406,0,0.8087630867958069
0.03381999954581261,-0.0000003564611006368068,-0.00000022671828503462166,-0.00047013978473842144,-0.006466671358793974,0,0,3564.6083984375,2024.736083984375,-101.23680114746094,0,0.8087630867958069
0.03382499888539314,-0.00000034746528854157077,-0.0000002526067248709296,0.0017991631757467985,-0.005177689250558615,0,0,3474.649658203125,2131.6884765625,-106.58442687988281,0,0.8087630867958069
0.03382999822497368,-0.00000032740931033004017,-0.0000002717098368520965,0.00401119701564312,-0.003820620011538267,0,0,3274.08935546875,2177.063720703125,-108.85318756103516,0,0.8087630867958069
0.033834997564554214,-0.0000002969315460177313,-0.00000028388316763994226,0.006095550954341888,-0.0024346639402210712,0,0,2969.3115234375,2161.7353515625,-108.08677673339844,0,0.8087630867958069
0.03384000062942505,-0.000000257002170656051,-0.0000002891754888878495,0.007985876873135567,-0.001058465801179409,0,0,2570.017333984375,2088.373046875,-104.41865539550781,0,0.8087630867958069
0.033844999969005585,-0.00000020889214624730812,-0.00000028782034178220783,0.009622003883123398,0.00027102907188236713,0,0,2088.91748046875,1961.321533203125,-98.06607818603516,0,0.8087630867958069
0.03384999930858612,-0.00000015413287712817691,-0.0000002802221388265025,0.010951854288578033,0.0015196413733065128,0,0,1541.3248291015625,1786.431640625,-89.32158660888672,0,0.8087630867958069
0.033854998648166656,-0.00000009446740278917787,-0.00000026693754762163735,0.011933095753192902,0.002656916156411171,0,0,944.67041015625,1570.8443603515625,-78.54222106933594,0,0.8087630867958069
0.03385999798774719,-0.00000003179494001415151,-0.00000024865281034180953,0.012534493580460548,0.003656945191323757,0,0,317.9463195800781,1322.7388916015625,-66.13694763183594,0,0.8087630867958069
0.03386499732732773,0.00000003188959141198211,-0.00000022615768102696165,0.012736907228827477,0.004499026574194431,0,0,-159.44923400878906,1130.77587890625,-56.538795471191406,0,0.8087630867958069
0.03387000039219856,0.00000009506658926738965,-0.00000020006318379728327,0.012635400518774986,0.005218900740146637,0,0,-475.3339538574219,1000.302734375,-50.01513671875,0,0.8087630867958069
0.0338749997317791,0.00000015673056452669698,-0.00000017078461667097145,0.012332795187830925,0.0058557139709591866,0,0,-783.6535034179688,853.9093627929688,-42.69546890258789,0,0.8087630867958069
0.033879999071359634,0.00000021590008714156284,-0.00000013878796778499236,0.011833906173706055,0.00639933068305254,0,0,-1079.5008544921875,693.9257202148438,-34.696285247802734,0,0.8087630867958069
0.03388499841094017,0.000000271633467718857,-0.00000010458246890721057,0.011146675795316696,0.006841098889708519,0,0,-1358.1676025390625,522.89794921875,-26.1448974609375,0,0.8087630867958069
0.033889997750520706,0.0000003230436504964018,-0.00000006871253788176546,0.010282039642333984,0.007173987105488777,0,0,-1615.2183837890625,343.548095703125,-17.177404403686523,0,0.8087630867958069
0.03389500081539154,0.00000036931243130311486,-0.00000003174905316427612,0.009253758937120438,0.007392697036266327,0,0,-1846.5621337890625,158.73060607910156,-7.936530590057373,0,0.8087630867958069
0.033900000154972076,0.00000040970343206936377,0.000000005719687834471188,0.008078200742602348,0.00749374832957983,0,0,-2048.517333984375,-28.61308479309082,1.4306542873382568,0,0.8087630867958069
0.03390499949455261,0.00000044357381057125167,0.000000043097351465348765,0.006774074397981167,0.007475532591342926,0,0,-2217.868896484375,-215.50132751464844,10.775066375732422,0,0.8087630867958069
0.03390999883413315,0.0000004703844922460121,0.0000000797890464809825,0.005362135358154774,0.00733833946287632,0,0,-2351.922607421875,-398.9596862792969,19.94798469543457,0,0.8087630867958069
0.033914998173713684,0.0000004897087819699664,0.00000011521080978127429,0.003864855272695422,0.007084352895617485,0,0,-2448.544189453125,-576.0684204101563,28.803421020507813,0,0.8087630867958069
0.03391999751329422,0.0000005012391284253681,0.00000014879887544339,0.0023060638923197985,0.006717614829540253,0,0,-2506.196044921875,-744.0086669921875,37.200435638427734,0,0.8087630867958069
0.033925000578165054,0.0000005047919557910063,0.00000018001868795636256,0.0007105707190930843,0.006243961863219738,0,0,-2523.960693359375,-900.107666015625,45.0053825378418,0,0.8087630867958069
0.03392999991774559,0.0000005003108185519523,0.00000020837335057422024,-0.0008962315041571856,0.005670933052897453,0,0,-2501.555419921875,-1041.8809814453125,52.094051361083984,0,0.8087630867958069
0.033934999257326126,0.0000004878669415120385,0.0000002334115833946271,-0.0024887698236852884,0.005007647909224033,0,0,-2439.336181640625,-1167.072265625,58.353614807128906,0,0.8087630867958069
0.03393999859690666,0.0000004676584524077043,0.0000002547348856296594,-0.004041697829961777,0.004264662973582745,0,0,-2338.293701171875,-1273.6890869140625,63.68445587158203,0,0.8087630867958069
0.0339449979364872,0.00000044000694288115483,0.0000002720039162795729,-0.005530299618840218,0.003453803714364767,0,0,-2200.03662109375,-1360.0345458984375,68.0017318725586,0,0.8087630867958069
0.03395000100135803,0.0000004053525231029198,0.00000028494378057075664,-0.006930883973836899,0.00258797500282526,0,0,-2026.7646484375,-1424.734375,71.2367172241211,0,0.8087630867958069
0.03395500034093857,0.00000036424671634449624,0.0000002933485632183874,-0.008221159689128399,0.0016809571534395218,0,0,-1821.2357177734375,-1466.7589111328125,73.33794403076172,0,0.8087630867958069
0.033959999680519104,0.0000003173437619352626,0.0000002970844832361763,-0.009380591101944447,0.0007471860735677183,0,0,-1586.7210693359375,-1485.439208984375,74.27196502685547,0,0.8087630867958069
0.03396499902009964,0.000000265390127651699,0.0000002960921108297043,-0.010390725918114185,-0.00019847694784402847,0,0,-1326.9527587890625,-1480.47802734375,74.0239028930664,0,0.8087630867958069
0.033969998359680176,0.00000020921268628626422,0.00000029038722004770534,-0.011235487647354603,-0.0011409809812903404,0,0,-1046.0655517578125,-1451.954345703125,72.59771728515625,0,0.8087630867958069
0.03397499769926071,0.00000014970552797421988,0.00000028006058983010007,-0.01190143171697855,-0.002065325854346156,0,0,-748.5296020507813,-1400.322021484375,70.01610565185547,0,0.8087630867958069
0.033980000764131546,0.00000008781574223348798,0.00000026527658292252454,-0.012377957813441753,-0.002956799929961562,0,0,-439.0804748535156,-1326.40283203125,66.32014465332031,0,0.8087630867958069
0.03398500010371208,0.000000024528326036943326,0.00000024627050265735306,-0.012657483108341694,-0.0038012147415429354,0,0,-122.64315032958984,-1231.373291015625,61.56866455078125,0,0.8087630867958069
0.03398999944329262,-0.00000003914946233862793,0.00000022334484128805343,-0.012735557742416859,-0.004585131537169218,0,0,391.49212646484375,-1018.8726806640625,50.94363784790039,0,0.8087630867958069
0.033994998782873154,-0.0000001015810866533684,0.00000019717602128821454,-0.012486324645578861,-0.005233765114098787,0,0,1015.8089599609375,-757.1856689453125,37.859283447265625,0,0.8087630867958069
0.03399999812245369,-0.00000016077927966762218,0.00000016859701190696796,-0.011839640326797962,-0.005715802777558565,0,0,1607.7913818359375,-471.3965148925781,23.569826126098633,0,0.8087630867958069
0.034004997462034225,-0.0000002148597246787176,0.00000013851750679805264,-0.010816088877618313,-0.0060159009881317616,0,0,2148.59619140625,-170.60223388671875,8.530111312866211,0,0.8087630867958069
0.03401000052690506,-0.00000026210096848444664,0.0000001078949622979053,-0.009448249824345112,-0.00612450810149312,0,0,2621.009033203125,115.75421142578125,-5.787712097167969,0,0.8087630867958069
0.034014999866485596,-0.00000030099928949312016,0.00000007764089104966843,-0.007779664359986782,-0.006050815340131521,0,0,3009.99267578125,364.27032470703125,-18.213516235351563,0,0.8087630867958069
0.03401999920606613,-0.00000033031651014425734,0.00000004854632962292271,-0.005863443948328495,-0.005818912293761969,0,0,3303.1650390625,583.0361328125,-29.151805877685547,0,0.8087630867958069
0.03402499854564667,-0.0000003491194320304203,0.000000021307634767708805,-0.003760584397241473,-0.005447739269584417,0,0,3491.1943359375,766.2369384765625,-38.31184768676758,0,0.8087630867958069
0.0340299978852272,-0.00000035680955079442356,-0.0000000034920528690918218,-0.0015380213735625148,-0.004959937650710344,0,0,3568.095458984375,909.4606323242188,-45.47303009033203,0,0.8087630867958069
0.03403500095009804,-0.0000003531420702529431,-0.000000025396836633717612,0.0007334985421039164,-0.004380956757813692,0,0,3531.420654296875,1009.8158569335938,-50.49079132080078,0,0.8087630867958069
0.034040000289678574,-0.00000033823371836660954,-0.00000004408727960480974,0.0029816708993166685,-0.0037380887661129236,0,0,3382.337158203125,1065.9971923828125,-53.299861907958984,0,0.8087630867958069
0.03404499962925911,-0.00000031255905241778237,-0.000000059384554162988934,0.00513493362814188,-0.0030594549607485533,0,0,3125.59033203125,1078.2967529296875,-53.91484069824219,0,0.8087630867958069
0.034049998968839645,-0.0000002769353102394234,-0.00000007124950940351482,0.007124746218323708,-0.0023729910608381033,0,0,2769.352783203125,1048.56201171875,-52.4281005859375,0,0.8087630867958069
0.03405499830842018,-0.00000023249646119438694,-0.000000079776796724218,0.008887771517038345,-0.001705456874333322,0,0,2324.96435546875,980.1011352539063,-49.00505828857422,0,0.8087630867958069
0.03405999764800072,-0.00000018065701112846,-0.00000008518432537130138,0.010367890819907188,-0.0010815062560141087,0,0,1806.5697021484375,877.5399169921875,-43.87699508666992,0,0.8087630867958069
0.03406500071287155,-0.000000123067067647753,-0.00000008779856841556466,0.01151798851788044,-0.0005228479858487844,0,0,1230.6702880859375,746.635986328125,-37.33180236816406,0,0.8087630867958069
0.03407000005245209,-0.00000006155978127253547,-0.00000008803619522268491,0.012301458045840263,-0.00004752546374220401,0,0,615.5974731445313,594.0556640625,-29.70278549194336,0,0.8087630867958069
0.03407499939203262,0.0000000019070185430791753,-0.00000008638288306883624,0.012693360447883606,0.00033066177275031805,0,0,-9.535279273986816,431.8894958496094,-21.59447479248047,0,0.8087630867958069
0.03407999873161316,0.00000006534346397302215,-0.00000008335482704069364,0.012687290087342262,0.0006056111888028681,0,0,-326.7174987792969,416.74896240234375,-20.837448120117188,0,0.8087630867958069
0.034084998071193695,0.0000001277399519494793,-0.00000007900021614659636,0.012479295954108238,0.0008709219982847571,0,0,-638.6998901367188,394.9756774902344,-19.7487850189209,0,0.8087630867958069
0.03408999741077423,0.00000018810339952324284,-0.00000007338835672499044,0.012072687968611717,0.0011223716428503394,0,0,-940.51708984375,366.9161682128906,-18.345808029174805,0,0.8087630867958069
0.034095000475645065,0.0000002454730747558642,-0.00000006660856399776094,0.011473936960101128,0.0013559580547735095,0,0,-1227.3656005859375,333.01702880859375,-16.65085220336914,0,0.8087630867958069
0.0340999998152256,0.0000002989359302318917,-0.00000005876874453747405,0.010692572221159935,0.0015679638599976897,0,0,-1494.6798095703125,293.8177795410156,-14.690889358520508,0,0.8087630867958069
0.03410499915480614,0.0000003476410768143978,-0.00000004999367320124293,0.009741028770804405,0.0017550146440044045,0,0,-1738.205322265625,249.94229125976563,-12.497115135192871,0,0.8087630867958069
0.03410999849438667,0.00000039081334080037777,-0.00000004042300716378122,0.008634453639388084,0.0019141334341838956,0,0,-1954.066650390625,202.0888671875,-10.104443550109863,0,0.8087630867958069
0.03411499783396721,0.00000042776562736435153,-0.0000000302090690240675,0.007390456274151802,0.002042787615209818,0,0,-2138.828125,151.0191192626953,-7.5509562492370605,0,0.8087630867958069
0.03412000089883804,0.00000045790980607307574,-0.000000019514420301902646,0.006028836593031883,0.002138929907232523,0,0,-2289.549072265625,97.54583740234375,-4.877292156219482,0,0.8087630867958069
0.03412500023841858,0.0000004807661184713652,-0.000000008509270621459564,0.004571264609694481,0.0022010300308465958,0,0,-2403.83056640625,42.52008056640625,-2.1260039806365967,0,0.8087630867958069
0.034129999577999115,0.0000004959708235219296,0.000000002631225903826362,0.003040938638150692,0.002228099387139082,0,0,-2479.854248046875,-13.182404518127441,0.6591202616691589,0,0.8087630867958069
0.03413499891757965,0.000000503281910368969,0.000000013729762216030394,0.0014622146263718605,0.002219707239419222,0,0,-2516.40966796875,-68.67507934570313,3.4337539672851563,0,0.8087630867958069
0.03413999825716019,0.0000005025830205340753,0.000000024609697391042573,-0.0001397815067321062,0.002175987232476473,0,0,-2512.9150390625,-123.07476043701172,6.153738021850586,0,0.8087630867958069
0.03414499759674072,0.0000004938852384839265,0.00000003509787305233658,-0.0017395529430359602,0.0020976350642740726,0,0,-2469.42626953125,-175.51565551757813,8.775782585144043,0,0.8087630867958069
0.03415000066161156,0.0000004773270347868674,0.00000004502736317135714,-0.0033116384875029325,0.0019858977757394314,0,0,-2386.63525390625,-225.1631317138672,11.258156776428223,0,0.8087630867958069
0.03415500000119209,0.0000004531719355327368,0.00000005424013238553016,-0.004831017926335335,0.0018425537273287773,0,0,-2265.85986328125,-271.22705078125,13.561352729797363,0,0.8087630867958069
0.03415999934077263,0.00000042180440118499973,0.00000006258955664861787,-0.006273509003221989,0.0016698844265192747,0,0,-2109.022216796875,-312.9742431640625,15.648712158203125,0,0.8087630867958069
0.034164998680353165,0.0000003837236306480918,0.00000006994274315275106,-0.007616153918206692,0.0014706379733979702,0,0,-1918.6181640625,-349.7403259277344,17.487016677856445,0,0.8087630867958069
0.0341699980199337,0.00000033953571687561634,0.0000000761826726147774,-0.008837583474814892,0.0012479855213314295,0,0,-1697.6787109375,-380.94012451171875,19.047006607055664,0,0.8087630867958069
0.034174997359514236,0.00000028994392664571933,0.00000008121002537109234,-0.009918359108269215,0.0010054707527160645,0,0,-1449.7197265625,-406.07708740234375,20.30385398864746,0,0.8087630867958069
0.03418000042438507,0.00000023573753082928306,0.0000000849447943096493,-0.010841279290616512,0.0007469533011317253,0,0,-1178.6878662109375,-424.75115966796875,21.237558364868164,0,0.8087630867958069
0.03418499976396561,0.00000017777925620521273,0.00000008732753542517457,-0.01159165520220995,0.0004765476332977414,0,0,-888.896484375,-436.66510009765625,21.833255767822266,0,0.8087630867958069
0.03418999910354614,0.00000011699153645849947,0.0000000883203199464333,-0.012157543562352657,0.0001985575072467327,0,0,-584.9578857421875,-441.6293029785156,22.081464767456055,0,0.8087630867958069
0.03419499844312668,0.00000005434184657815422,0.00000008790735250840953,-0.012529938481748104,-0.0000825928000267595,0,0,-271.7094421386719,-439.56475830078125,21.978239059448242,0,0.8087630867958069
0.034199997782707214,-0.000000009172715920158225,0.0000000860952127368364,-0.012702913023531437,-0.000362428545486182,0,0,91.7267837524414,-407.5726318359375,20.378631591796875,0,0.8087630867958069
0.03420500084757805,-0.00000007239530219749213,0.0000000829857285111757,-0.012644517235457897,-0.0006218973430804908,0,0,723.95263671875,-376.478271484375,18.823915481567383,0,0.8087630867958069
0.034210000187158585,-0.00000013331347759049095,0.00000007867787843451879,-0.012183633632957935,-0.0008615704718977213,0,0,1333.134521484375,-333.4002380371094,16.670011520385742,0,0.8087630867958069
0.03421499952673912,-0.00000018998814255155594,0.00000007330878304401267,-0.011334934271872044,-0.0010738190030679107,0,0,1899.881103515625,-279.7096862792969,13.98548412322998,0,0.8087630867958069
0.034219998866319656,-0.0000002406152930234384,0.00000006704934918388972,-0.010125433094799519,-0.001251886715181172,0,0,2406.152587890625,-217.11569213867188,10.85578441619873,0,0.8087630867958069
0.03422499820590019,-0.0000002835834322922892,0.00000006009882014268442,-0.008593629114329815,-0.0013901059282943606,0,0,2835.833984375,-147.6106414794922,7.380532264709473,0,0.8087630867958069
0.03422999754548073,-0.0000003175248366460437,0.00000005267843761203039,-0.006788280792534351,-0.001484076608903706,0,0,3175.248291015625,-73.406982421875,3.67034912109375,0,0.8087630867958069
0.03423500061035156,-0.0000003413591116441239,0.00000004502440020814902,-0.004766855388879776,-0.0015308078145608306,0,0,3413.591064453125,3.13330078125,-0.15666484832763672,0,0.8087630867958069
0.0342399999499321,-0.0000003543275965967041,0.000000037380338824277715,-0.0025936956517398357,-0.0015288122231140733,0,0,3543.27587890625,79.5738525390625,-3.9786930084228516,0,0.8087630867958069
0.034244999289512634,-0.00000035601746617430763,0.00000002998957171485017,-0.00033797649666666985,-0.001478153164498508,0,0,3560.174560546875,153.48150634765625,-7.674075603485107,0,0.8087630867958069
0.03424999862909317,-0.0000003463749749244016,0.00000002308735602696288,0.0019285008311271667,-0.0013804432237520814,0,0,3463.749755859375,222.50367736816406,-11.12518310546875,0,0.8087630867958069
0.034254997968673706,-0.00000032570702046541555,0.0000000168933933508697,0.004133592359721661,-0.001238792552612722,0,0,3257.0703125,284.4433288574219,-14.222166061401367,0,0.8087630867958069
0.03425999730825424,-0.000000294671480105535,0.000000011604843308532509,0.006207107566297054,-0.0010577099164947867,0,0,2946.71484375,337.328857421875,-16.866443634033203,0,0.8087630867958069
0.034265000373125076,-0.0000002542562640428514,0.000000007390045908550746,0.008083044551312923,-0.0008429595036432147,0,0,2542.5625,379.47686767578125,-18.97384262084961,0,0.8087630867958069
0.03426999971270561,-0.00000020574780990045838,0.000000004383161389398538,0.009701690636575222,-0.0006013768725097179,0,0,2057.47802734375,409.5457458496094,-20.47728729248047,0,0.8087630867958069
0.03427499905228615,-0.00000015069019809743622,0.0000000026799020780288174,0.011011521331965923,-0.00034065189538523555,0,0,1506.9019775390625,363.29669189453125,-18.16483497619629,0,0.8087630867958069
0.034279998391866684,-0.00000009083597518610986,0.00000000213305195728708,0.01197084505110979,-0.00010937003389699385,0,0,908.3597412109375,216.3953857421875,-10.819769859313965,0,0.8087630867958069
0.03428499773144722,-0.000000028090347825582285,0.0000000022750099581969607,0.012549125589430332,0.00002839158332790248,0,0,280.9034729003906,58.821537017822266,-2.9410767555236816,0,0.8087630867958069
0.034290000796318054,0.000000035549419408198446,0.0000000026042026313177757,0.012727954424917698,0.0000658385397400707,0,0,-177.74710083007813,-13.050285339355469,0.6525142788887024,0,0.8087630867958069
0.03429500013589859,0.00000009862340277777548,0.000000002891854977704611,0.012614796869456768,0.00005753046934842132,0,0,-493.11700439453125,-14.488537788391113,0.7244269251823425,0,0.8087630867958069
0.034299999475479126,0.0000001601277404006396,0.000000003133388881693122,0.012300868518650532,0.000048306770622730255,0,0,-800.638671875,-15.696197509765625,0.7848098874092102,0,0.8087630867958069
0.03430499881505966,0.00000021908357439315296,0.000000003324960085038242,0.011791166849434376,0.00003831424692180008,0,0,-1095.4178466796875,-16.654043197631836,0.8327021598815918,0,0.8087630867958069
0.0343099981546402,0.0000002745525762293255,0.0000000034635196932697454,0.011093801818788052,0.0000277119324891828,0,0,-1372.762939453125,-17.346832275390625,0.8673416376113892,0,0.8087630867958069
0.034314997494220734,0.00000032565193919253943,0.0000000035468625814161214,0.010219872929155827,0.000016668564057908952,0,0,-1628.2596435546875,-17.76353645324707,0.8881768584251404,0,0.8087630867958069
0.03432000055909157,0.00000037156837606744375,0.000000003573662032962943,0.009183290414512157,0.000005359910119295819,0,0,-1857.841796875,-17.897525787353516,0.8948763012886047,0,0.8087630867958069
0.034324999898672104,0.00000041157113628287334,0.0000000035434917222687545,0.008000551722943783,-0.000006034051239112159,0,0,-2057.855712890625,-17.746667861938477,0.8873333930969238,0,0.8087630867958069
0.03432999923825264,0.0000004450235451258777,0.0000000034568319318140084,0.006690479815006256,-0.00001733197677822318,0,0,-2225.117919921875,-17.31336212158203,0.8656681180000305,0,0.8087630867958069
0.034334998577833176,0.0000004713931787136971,0.000000003315061558595289,0.005273926071822643,-0.000028354053938528523,0,0,-2356.9658203125,-16.60450553894043,0.8302252888679504,0,0.8087630867958069
0.03433999791741371,0.0000004902603336631728,0.00000000312043724193245,0.0037734350189566612,-0.00003892485983669758,0,0,-2451.301513671875,-15.631381034851074,0.7815690636634827,0,0.8087630867958069
0.034345000982284546,0.0000005013247914575913,0.000000002876056504064195,0.0022128880955278873,-0.00004887615796178579,0,0,-2506.623779296875,-14.409475326538086,0.7204737663269043,0,0.8087630867958069
0.03435000032186508,0.0000005044104227636126,0.000000002585808678290391,0.0006171218119561672,-0.000058049561630468816,0,0,-2522.05224609375,-12.958235740661621,0.647911787033081,0,0.8087630867958069
0.03435499966144562,0.0000004994681148673408,0.0000000022543134026165035,-0.0009884665487334132,-0.00006629907147726044,0,0,-2497.340576171875,-11.300759315490723,0.5650379657745361,0,0.8087630867958069
0.034359999001026154,0.0000004865764822170604,0.000000001886846456855551,-0.0025783227756619453,-0.00007349339284701273,0,0,-2432.882568359375,-9.463425636291504,0.47317129373550415,0,0.8087630867958069
0.03436499834060669,0.0000004659407579765684,0.000000001489256273856654,-0.004127143882215023,-0.00007951803127070889,0,0,-2329.703857421875,-7.475476264953613,0.37377381324768066,0,0.8087630867958069
0.034369997680187225,0.00000043788935499833315,0.0000000010678709028155708,-0.005610279738903046,-0.00008427708962699398,0,0,-2189.44677734375,-5.368550777435303,0.2684275507926941,0,0.8087630867958069
0.03437500074505806,0.00000040286872149408737,0.0000000006293967569348524,-0.007004125043749809,-0.00008769482519710436,0,0,-2014.3436279296875,-3.1761813163757324,0.15880906581878662,0,0.8087630867958069
0.034380000084638596,0.00000036143623560747073,0.00000000018081247610268747,-0.008286495693027973,-0.00008971685747383162,0,0,-1807.1810302734375,-0.9332603812217712,0.04666301980614662,0,0.8087630867958069
0.03438499942421913,0.0000003142513378406875,-0.00000000027074251174319386,-0.009436982683837414,-0.00009031099762069061,0,0,-1571.2567138671875,1.3245151042938232,-0.06622575968503952,0,0.8087630867958069
0.03438999876379967,0.0000002620649581785983,-0.0000000007180814276530612,-0.010437275283038616,-0.0000894677868927829,0,0,-1310.3248291015625,3.561211347579956,-0.17806057631969452,0,0.8087630867958069
0.0343949981033802,0.00000020570769265759736,-0.0000000011540846056590226,-0.011271453462541103,-0.00008720064215594903,0,0,-1028.5384521484375,5.741230487823486,-0.28706154227256775,0,0.8087630867958069
0.03439999744296074,0.0000001460764735838893,-0.0000000015718129020569904,-0.011926242150366306,-0.00008354565215995535,0,0,-730.3823852539063,7.82987642288208,-0.3914938271045685,0,0.8087630867958069
0.034405000507831573,0.00000008412038710048364,-0.000000001964617801775148,-0.012391217984259129,-0.00007856099546188489,0,0,-420.6018981933594,9.793907165527344,-0.48969537019729614,0,0.8087630867958069
0.03440999984741211,0.000000020825481783504074,-0.0000000023262478610064363,-0.012658980675041676,-0.00007232599455164745,0,0,-104.12740325927734,11.60206413269043,-0.5801032185554504,0,0.8087630867958069
0.034414999186992645,-0.000000042800870403425506,-0.0000000026509472395019884,-0.012725270353257656,-0.00006493989349110052,0,0,428.0086975097656,85.07494354248047,-4.25374698638916,0,0.8087630867958069
0.03441999852657318,-0.00000010506482794880867,-0.000000002704844792589256,-0.012452791444957256,-0.0000107795131043531,0,0,1050.6483154296875,85.61392974853516,-4.280696868896484,0,0.8087630867958069
0.03442499786615372,-0.0000001639844668943624,-0.0000000024862247816059835,-0.011783928610384464,0.00004372398689156398,0,0,1639.8447265625,83.42774963378906,-4.171387195587158,0,0.8087630867958069
0.03443000093102455,-0.0000002176843167944753,-0.000000002002046306515126,-0.01073997188359499,0.0000968357126112096,0,0,2176.84326171875,78.58596801757813,-3.9292986392974854,0,0.8087630867958069
0.03443500027060509,-0.00000026445508183314814,-0.0000000012677210392553206,-0.009354150854051113,0.00014686505892314017,0,0,2644.55078125,71.24272155761719,-3.562135934829712,0,0.8087630867958069
0.03443999961018562,-0.0000003028079618161428,-0.0000000003066232823201176,-0.007670577149838209,0.0001922195660881698,0,0,3028.07958984375,61.631744384765625,-3.081587076187134,0,0.8087630867958069
0.03444499894976616,-0.0000003315221590582951,0.0000000008506544357800294,-0.005742841865867376,0.00023145554587244987,0,0,3315.2216796875,50.05896759033203,-2.502948522567749,0,0.8087630867958069
0.034449998289346695,-0.0000003496836882277421,0.0000000021672748040657552,-0.0036323063541203737,0.00026332406559959054,0,0,3496.8369140625,36.89276123046875,-1.8446381092071533,0,0.8087630867958069
0.03445499762892723,-0.0000003567144517546694,0.000000003601328790736602,-0.001406150753609836,0.0002868107985705137,0,0,3567.14453125,22.552221298217773,-1.1276111602783203,0,0.8087630867958069
0.034460000693798065,-0.00000035239062867731263,0.000000005107168910001292,0.0008647638605907559,0.00030116806738078594,0,0,3523.90625,7.493818283081055,-0.3746908903121948,0,0.8087630867958069
0.0344650000333786,-0.00000033684986533444317,0.000000006636863503217683,0.003108152188360691,0.00030593888368457556,0,0,3368.49853515625,-7.80311393737793,0.3901556730270386,0,0.8087630867958069
0.03446999937295914,-0.0000003105868415786972,0.00000000814172018692716,0.005252605304121971,0.00030097138369455934,0,0,3105.868408203125,-22.851661682128906,1.1425831317901611,0,0.8087630867958069
0.03447499871253967,-0.0000002744375251495512,0.000000009573838610776875,0.007229862734675407,0.00028642371762543917,0,0,2744.375244140625,-37.172813415527344,1.8586407899856567,0,0.8087630867958069
0.03447999805212021,-0.00000022955259737500455,0.00000001088763301737572,0.00897698663175106,0.0002627589274197817,0,0,2295.52587890625,-50.310707092285156,2.515535593032837,0,0.8087630867958069
0.034484997391700745,-0.00000017736077495555946,0.000000012041284414010534,0.010438363999128342,0.0002307302929693833,0,0,1773.607666015625,-61.84716033935547,3.092358112335205,0,0.8087630867958069
0.03449000045657158,-0.00000011952339207255136,0.000000012998071063918815,0.011567477136850357,0.00019135729235131294,0,0,1195.23388671875,-71.41494750976563,3.5707476139068604,0,0.8087630867958069
0.034494999796152115,-0.00000005788146495433466,0.000000013727537329089046,0.012328386306762695,0.00014589323836844414,0,0,578.8146362304688,-78.70951843261719,3.935476303100586,0,0.8087630867958069
0.03449999913573265,0.000000005602892372280621,0.000000014206463561095006,0.012696871533989906,0.00009578524623066187,0,0,-28.01446533203125,-71.06124114990234,3.5530622005462646,0,0.8087630867958069
0.03450499847531319,0.00000006899807658555801,0.000000014459194730420677,0.01267903670668602,0.000050546252168715,0,0,-344.9903869628906,-72.3248519897461,3.6162426471710205,0,0.8087630867958069
0.03450999781489372,0.0000001312951098952908,0.000000014481708277003236,0.0124594084918499,0.000004502791853155941,0,0,-656.4755249023438,-72.4373779296875,3.621868848800659,0,0.8087630867958069
0.03451500087976456,0.00000019150252228428144,0.000000014273646264939543,0.012041483074426651,-0.00004161233300692402,0,0,-957.5126342773438,-71.39702606201172,3.5698513984680176,0,0.8087630867958069
0.03452000021934509,0.00000024866207581908384,0.000000013838320711556662,0.011431911960244179,-0.00008706517837708816,0,0,-1243.3104248046875,-69.2203598022461,3.4610180854797363,0,0.8087630867958069
0.03452499955892563,0.00000030186404842424963,0.000000013182659408528252,0.010640395805239677,-0.00013113234308548272,0,0,-1509.3201904296875,-65.9420166015625,3.297100782394409,0,0.8087630867958069
0.034529998898506165,0.0000003502617005324282,0.000000012317096675928951,0.009679533541202545,-0.00017311246483586729,0,0,-1751.3084716796875,-61.614173889160156,3.0807087421417236,0,0.8087630867958069
0.0345349982380867,0.00000039308477539634623,0.000000011255409937405148,0.008564615622162819,-0.00021233741426840425,0,0,-1965.423828125,-56.30571365356445,2.8152856826782227,0,0.8087630867958069
0.034539997577667236,0.00000042965172042386257,0.000000010014495899213216,0.007313387934118509,-0.0002481828851159662,0,0,-2148.258544921875,-50.10112380981445,2.505056142807007,0,0.8087630867958069
0.03454500064253807,0.00000045938054427097086,0.000000008614104096693609,0.0059457640163600445,-0.0002800784131977707,0,0,-2296.90283203125,-43.099151611328125,2.1549575328826904,0,0.8087630867958069
0.03454999998211861,0.0000004817981107407832,0.000000007076522479110281,0.00448351027444005,-0.00030751628219150007,0,0,-2408.990478515625,-35.41123580932617,1.7705618143081665,0,0.8087630867958069
0.03455499932169914,0.0000004965476136931102,0.00000000542622302646123,0.0029498995281755924,-0.00033005987643264234,0,0,-2482.738037109375,-27.15973472595215,1.3579868078231812,0,0.8087630867958069
0.03455999866127968,0.0000005033942898080568,0.0000000036894709509738277,0.0013693394139409065,-0.0003473504038993269,0,0,-2516.971435546875,-18.47597312927246,0.923798680305481,0,0.8087630867958069
0.034564998000860214,0.0000005022292270950857,0.000000001893907697336772,-0.00023301434703171253,-0.00035911265877075493,0,0,-2511.146240234375,-9.498156547546387,0.47490784525871277,0,0.8087630867958069
0.03456999734044075,0.0000004930709565087454,0.0000000000681108502931238,-0.0018316595815122128,-0.00036515938700176775,0,0,-2465.354736328125,-0.3691715896129608,0.01845858059823513,0,0.8087630867958069
0.034575000405311584,0.0000004760651961532858,-0.0000000017588612788443925,-0.0034011532552540302,-0.00036539442953653634,0,0,-2380.325927734375,8.765689849853516,-0.4382844865322113,0,0.8087630867958069
0.03457999974489212,0.00000045148260596761247,-0.0000000035579312829270293,-0.004916515666991472,-0.0003598140028771013,0,0,-2257.412841796875,17.761043548583984,-0.8880521655082703,0,0.8087630867958069
0.034584999084472656,0.00000041971446762545384,-0.000000005300465844015889,-0.006353629287332296,-0.0003485069319140166,0,0,-2098.572265625,26.473724365234375,-1.3236862421035767,0,0.8087630867958069
0.03458999842405319,0.00000038126637491586735,-0.000000006958731368911231,-0.007689621765166521,-0.00033165316563099623,0,0,-1906.3319091796875,34.76506805419922,-1.7382534742355347,0,0.8087630867958069
0.03459499776363373,0.00000033675021882118017,-0.000000008506336079960874,-0.008903230540454388,-0.00030952092492952943,0,0,-1683.7509765625,42.503108978271484,-2.125155448913574,0,0.8087630867958069
0.03460000082850456,0.00000028687452413578285,-0.000000009918649013229697,-0.009975139982998371,-0.00028246251167729497,0,0,-1434.37255859375,49.564697265625,-2.4782350063323975,0,0.8087630867958069
0.0346050001680851,0.00000023243308078235714,-0.000000011173192149271927,-0.010888290591537952,-0.0002509085461497307,0,0,-1162.1654052734375,55.837440490722656,-2.791872024536133,0,0.8087630867958069
0.034609999507665634,0.00000017429233878374362,-0.000000012249998349034286,-0.011628148145973682,-0.00021536124404519796,0,0,-871.4617309570313,61.22150802612305,-3.061075448989868,0,0.8087630867958069
0.03461499884724617,0.00000011337765215557738,-0.00000001313193020990866,-0.012182937003672123,-0.00017638635472394526,0,0,-566.8882446289063,65.63121032714844,-3.2815606594085693,0,0.8087630867958069
0.034619998186826706,0.00000005065850672281158,-0.000000013804950960150109,-0.012543830089271069,-0.00013460416812449694,0,0,-253.2925262451172,68.9963607788086,-3.4498181343078613,0,0.8087630867958069
0.03462499752640724,-0.000000012866898657648562,-0.000000014258349168017048,-0.012705081142485142,-0.00009067970677278936,0,0,128.66897583007813,63.48756790161133,-3.1743786334991455,0,0.8087630867958069
0.034630000591278076,-0.00000007598273299436187,-0.000000014509660140049618,-0.012623167596757412,-0.00005026227154303342,0,0,759.8273315429688,66.00077056884766,-3.3000385761260986,0,0.8087630867958069
0.03463499993085861,-0.00000013667997222910344,-0.0000000145508849414,-0.01213944610208273,-0.000008244947821367532,0,0,1366.7996826171875,66.4131088256836,-3.320655584335327,0,0.8087630867958069
0.03463999927043915,-0.00000019302655118735856,-0.000000014380710844363875,-0.011269315145909786,0.00003403482332942076,0,0,1930.2655029296875,64.7114486694336,-3.235572576522827,0,0.8087630867958069
0.034644998610019684,-0.0000002432288965792395,-0.000000014004554849122997,-0.010040470398962498,0.0000752312334952876,0,0,2432.2890625,60.94995880126953,-3.0474979877471924,0,0.8087630867958069
0.03464999794960022,-0.00000028568902621373127,-0.000000013434389600774921,-0.008492027409374714,0.00011403296957723796,0,0,2856.890380859375,55.24836349487305,-2.762418270111084,0,0.8087630867958069
0.034654997289180756,-0.0000003190554025422898,-0.00000001268836502532622,-0.00667327456176281,0.0001492049195803702,0,0,3190.553955078125,47.78815841674805,-2.3894081115722656,0,0.8087630867958069
0.03466000035405159,-0.0000003422659347052104,-0.000000011790227461005998,-0.004642104730010033,0.00017962756101042032,0,0,3422.659423828125,38.80680847167969,-1.940340280532837,0,0.8087630867958069
0.034664999693632126,-0.00000035458180036584963,-0.00000001076856470660914,-0.0024631721898913383,0.000204332493012771,0,0,3545.818115234375,28.590198516845703,-1.4295099973678589,0,0.8087630867958069
0.03466999903321266,-0.000000355610978886034,-0.000000009655898303151389,-0.00020583439618349075,0.0002225333300884813,0,0,3556.10986328125,17.46353530883789,-0.8731766939163208,0,0.8087630867958069
0.0346749983727932,-0.0000003453207000347902,-0.000000008487644365118285,0.0020580552518367767,0.00023365073138847947,0,0,3453.20703125,5.780986785888672,-0.28904926776885986,0,0.8087630867958069
0.034679997712373734,-0.0000003240385240133037,-0.000000007300990034764254,0.004256435204297304,0.00023733082343824208,0,0,3240.38525390625,-6.085567474365234,0.3042783737182617,0,0.8087630867958069
0.03468500077724457,-0.0000002924418822658481,-0.0000000061337077639223025,0.006319328676909208,0.00023345649242401123,0,0,2924.418701171875,-17.758411407470703,0.8879204988479614,0,0.8087630867958069
0.034690000116825104,-0.0000002515365338240372,-0.000000005022952720423746,0.00818107184022665,0.00022215102217160165,0,0,2515.365234375,-28.865983963012695,1.4432991743087769,0,0.8087630867958069
0.03469499945640564,-0.00000020262451982944185,-0.000000004004081510800006,0.009782402776181698,0.00020377428154461086,0,0,2026.2451171875,-39.054718017578125,1.9527359008789063,0,0.8087630867958069
0.034699998795986176,-0.00000014726276731380494,-0.000000003109525525957224,0.011072349734604359,0.00017891122843138874,0,0,1472.627685546875,-48.00029754638672,2.400014877319336,0,0.8087630867958069
0.03470499813556671,-0.00000008721350042151244,-0.000000002367759321941776,0.01200985349714756,0.0001483532541897148,0,0,872.135009765625,-55.41797637939453,2.7708988189697266,0,0.8087630867958069
0.03470999747514725,-0.00000002438813595517786,-0.0000000018023940118183646,0.012565072625875473,0.00011307306704111397,0,0,243.88134765625,-51.986549377441406,2.599327564239502,0,0.8087630867958069
0.03471500054001808,0.0000000392135177662567,-0.000000001402506999426123,0.01272033154964447,0.00007997739885468036,0,0,-196.06759643554688,6.98435115814209,-0.34921756386756897,0,0.8087630867958069
0.03471999987959862,0.00000010219107338116373,-0.00000000098038810403267,0.012595511972904205,0.00008442378020845354,0,0,-510.95538330078125,4.873753547668457,-0.2436876744031906,0,0.8087630867958069
0.03472499921917915,0.0000001635422108847706,-0.0000000005427555627157687,0.012270227074623108,0.00008752651046961546,0,0,-817.7110595703125,2.685589075088501,-0.13427945971488953,0,0.8087630867958069
0.03472999855875969,0.00000022229049534416845,-0.00000000009657449839828303,0.01174965687096119,0.00008923621498979628,0,0,-1111.4525146484375,0.45468369126319885,-0.022734185680747032,0,0.8087630867958069
0.034734997898340225,0.0000002775009306787979,0.0000000003510539081652553,0.01104208454489708,0.00008952568168751895,0,0,-1387.504638671875,-1.7834573984146118,0.08917286992073059,0,0.8087630867958069
0.03474000096321106,0.0000003282947886873444,0.0000000007930053835814022,0.010158771649003029,0.00008839029760565609,0,0,-1641.473876953125,-3.9932126998901367,0.19966064393520355,0,0.8087630867958069
0.034745000302791595,0.00000037386368489933375,0.0000000012222460821220693,0.009113777428865433,0.00008584813622292131,0,0,-1869.318359375,-6.139413356781006,0.3069706857204437,0,0.8087630867958069
0.03474999964237213,0.00000041348235413352086,0.0000000016319443574275283,0.007923731580376625,0.00008193965186364949,0,0,-2067.411865234375,-8.187901496887207,0.4093950688838959,0,0.8087630867958069
0.03475499898195267,0.0000004465202323444828,0.000000002015579703140702,0.00660757627338171,0.00007672705396544188,0,0,-2232.601318359375,-10.106074333190918,0.5053037405014038,0,0.8087630867958069
0.0347599983215332,0.0000004724515179077571,0.0000000023670461146707567,0.0051862578839063644,0.00007029330299701542,0,0,-2362.257568359375,-11.8634033203125,0.593170166015625,0,0.8087630867958069
0.03476499766111374,0.0000004908634991807048,0.000000002680750066375026,0.003682398237287998,0.00006274078623391688,0,0,-2454.3173828125,-13.431921005249023,0.6715960502624512,0,0.8087630867958069
0.03477000072598457,0.0000005014631483390986,0.000000002951698663267166,0.002119930926710367,0.00005418971704784781,0,0,-2507.315673828125,-14.786662101745605,0.7393330931663513,0,0.8087630867958069
0.03477500006556511,0.0000005040817541157594,0.0000000031755795770749273,0.000523724127560854,0.00004477618495002389,0,0,-2520.408935546875,-15.906065940856934,0.7953032851219177,0,0.8087630867958069
0.034779999405145645,0.0000004986776502846624,0.000000003348829658023078,-0.0010808181250467896,0.00003465001645963639,0,0,-2493.388427734375,-16.77231788635254,0.838615894317627,0,0.8087630867958069
0.03478499874472618,0.0000004853368409385439,0.0000000034686915562076592,-0.0026681586168706417,0.000023972374037839472,0,0,-2426.684326171875,-17.37162971496582,0.8685814738273621,0,0.8087630867958069
0.03478999808430672,0.0000004642716646685585,0.000000003533257464383155,-0.004213033709675074,0.000012913198588648811,0,0,-2321.358154296875,-17.6944637298584,0.8847231864929199,0,0.8087630867958069
0.03479499742388725,0.00000043581738395914726,0.000000003541499982162577,-0.005690856371074915,0.0000016485028027091175,0,0,-2179.0869140625,-17.735681533813477,0.8867840766906738,0,0.8087630867958069
0.03480000048875809,0.0000004004268703283742,0.000000003493287881184415,-0.007078106049448252,-0.000009642430995882023,0,0,-2002.1343994140625,-17.494626998901367,0.8747313618659973,0,0.8087630867958069
0.03480499982833862,0.00000035866335679202166,0.0000000033893883255586843,-0.008352704346179962,-0.000020779900296474807,0,0,-1793.3167724609375,-16.975135803222656,0.8487567901611328,0,0.8087630867958069
0.03480999916791916,0.00000031119151344682905,0.000000003231455103502867,-0.009494366124272346,-0.0000315866491291672,0,0,-1555.95751953125,-16.18547821044922,0.809273898601532,0,0.8087630867958069
0.034814998507499695,0.00000025876693143800367,0.0000000030220017599447146,-0.01048491895198822,-0.00004189067840343341,0,0,-1293.834716796875,-15.138218879699707,0.7569109797477722,0,0.8087630867958069
0.03481999784708023,0.00000020222393004587502,0.0000000027643618505379663,-0.011308599263429642,-0.000051527989853639156,0,0,-1011.11962890625,-13.850027084350586,0.6925013661384583,0,0.8087630867958069
0.034825000911951065,0.0000001424624400669927,0.0000000024626358730017728,-0.011952297762036324,-0.00006034520629327744,0,0,-712.3121948242188,-12.34140396118164,0.617070198059082,0,0.8087630867958069
0.0348300002515316,0.00000008043359400744521,0.0000000021216259860068476,-0.012405769899487495,-0.00006820200360380113,0,0,-402.16796875,-10.636360168457031,0.5318180322647095,0,0.8087630867958069
0.03483499959111214,0.000000017124605733442877,0.0000000017467594037867684,-0.012661797925829887,-0.00007497332990169525,0,0,-85.62303161621094,-8.762032508850098,0.4381016194820404,0,0.8087630867958069
0.03483999893069267,-0.000000046456925417714956,0.0000000013440023538535684,-0.012716306373476982,-0.00008055141370277852,0,0,464.5692443847656,-65.7048110961914,3.285240650177002,0,0.8087630867958069
0.03484499827027321,-0.00000010855968213263623,0.0000000007321004358296079,-0.012420551851391792,-0.00012238038470968604,0,0,1085.5968017578125,-59.58579635620117,2.979290008544922,0,0.8087630867958069
0.034849997609853745,-0.00000016720687767701747,-0.00000000006946893060799653,-0.011729439720511436,-0.0001603138807695359,0,0,1672.0687255859375,-51.57010269165039,2.578505039215088,0,0.8087630867958069
0.03485500067472458,-0.0000002205317173320509,-0.0000000010351910439965195,-0.010664967820048332,-0.0001931444276124239,0,0,2205.317138671875,-41.91287612915039,2.095643997192383,0,0.8087630867958069
0.034860000014305115,-0.000000266836821083416,-0.0000000021343260492301397,-0.00926101952791214,-0.0002198269939981401,0,0,2668.3681640625,-30.921518325805664,1.5460760593414307,0,0.8087630867958069
0.03486499935388565,-0.000000304648239080052,-0.0000000033318874326226933,-0.007562283426523209,-0.0002395122719462961,0,0,3046.482421875,-18.945894241333008,0.9472947716712952,0,0.8087630867958069
0.034869998693466187,-0.0000003327623971927096,-0.0000000045897556866236755,-0.005622832104563713,-0.0002515736559871584,0,0,3327.6240234375,-6.367197036743164,0.3183598518371582,0,0.8087630867958069
0.03487499803304672,-0.0000003502844094782631,-0.00000000586789195011761,-0.003504401072859764,-0.0002556272374931723,0,0,3502.84423828125,6.414175033569336,-0.3207087516784668,0,0.8087630867958069
0.03487999737262726,-0.00000035665652831085026,-0.000000007125611656277897,-0.0012744213454425335,-0.00025154397008009255,0,0,3566.565185546875,18.991374969482422,-0.9495687484741211,0,0.8087630867958069
0.03488500043749809,-0.00000035167590795026626,-0.000000008322881051014974,0.0009961244650185108,-0.0002394538460066542,0,0,3516.759033203125,30.964061737060547,-1.5482029914855957,0,0.8087630867958069
0.03488999977707863,-0.0000003355010846917139,-0.000000009421589730607138,0.003234962932765484,-0.00021974170522298664,0,0,3355.0107421875,41.95112991333008,-2.0975565910339355,0,0.8087630867958069
0.034894999116659164,-0.0000003086469462232344,-0.000000010386764337511067,0.005370829254388809,-0.00019303498265799135,0,0,3086.469482421875,51.60285186767578,-2.5801424980163574,0,0.8087630867958069
0.0348999984562397,-0.00000027196827545594715,-0.000000011187683668367754,0.00733573641628027,-0.00016018380119930953,0,0,2719.6826171875,59.61199951171875,-2.980599880218506,0,0.8087630867958069
0.034904997795820236,-0.00000022663257936983427,-0.000000011798852561639706,0.009067139588296413,-0.00012223381781950593,0,0,2266.32568359375,65.72364044189453,-3.286181926727295,0,0.8087630867958069
0.03491000086069107,-0.00000017408294183951512,-0.00000001220081724540023,0.01050992775708437,-0.00008039301610551775,0,0,1740.829345703125,69.74322509765625,-3.487161159515381,0,0.8087630867958069
0.034915000200271606,-0.00000011599207994095195,-0.000000012380783509513549,0.01161817368119955,-0.00003599323827074841,0,0,1159.9207763671875,71.54281616210938,-3.5771408081054688,0,0.8087630867958069
0.03491999953985214,-0.00000005420906745712273,-0.000000012333022603172594,0.01235660258680582,0.000009552233677823097,0,0,542.0906982421875,71.06512451171875,-3.5532562732696533,0,0.8087630867958069
0.03492499887943268,0.00000000929946963879047,-0.000000012059054199653474,0.012701707892119884,0.0000547936579096131,0,0,-46.497352600097656,60.2668342590332,-3.0133416652679443,0,0.8087630867958069
0.034929998219013214,0.00000007266000068284484,-0.000000011593250803798583,0.012672106735408306,0.00009316071373177692,0,0,-363.3000183105469,57.93777847290039,-2.8968889713287354,0,0.8087630867958069
0.03493499755859375,0.00000013486410921359493,-0.000000010943025152698738,0.012440822087228298,0.00013004508218728006,0,0,-674.320556640625,54.68661880493164,-2.734330892562866,0,0.8087630867958069
0.034940000623464584,0.0000001949217960373062,-0.000000010118726301300285,0.01201153639703989,0.00016485972446389496,0,0,-974.6090087890625,50.565093994140625,-2.528254747390747,0,0.8087630867958069
0.03494499996304512,0.00000025187719643327,-0.000000009133473533040615,0.011391081847250462,0.0001970505400095135,0,0,-1259.385986328125,45.6388053894043,-2.281940221786499,0,0.8087630867958069
0.034949999302625656,0.0000003048238568226225,-0.000000008002947637919533,0.010589332319796085,0.00022610518499277532,0,0,-1524.1192626953125,39.98615646362305,-1.9993078708648682,0,0.8087630867958069
0.03495499864220619,0.00000035291910194246157,-0.000000006745141334363325,0.009619047865271568,0.0002515612286515534,0,0,-1764.5955810546875,33.69710922241211,-1.6848554611206055,0,0.8087630867958069
0.03495999798178673,0.0000003953974498926982,-0.000000005380073719862821,0.008495671674609184,0.00027301354566589,0,0,-1976.9873046875,26.87175941467285,-1.3435879945755005,0,0.8087630867958069
0.034964997321367264,0.0000004315828618928208,-0.000000003929470082653097,0.007237082347273827,0.00029012071900069714,0,0,-2157.914306640625,19.61873435974121,-0.9809367060661316,0,0.8087630867958069
0.0349700003862381,0.0000004608994288446411,-0.0000000024164177325758374,0.0058633117005229,0.00030261045321822166,0,0,-2304.4970703125,12.05346965789795,-0.6026734709739685,0,0.8087630867958069
0.034974999725818634,0.0000004828805231227307,-0.0000000008649979621466741,0.004396223463118076,0.00031028396915644407,0,0,-2414.402587890625,4.296369552612305,-0.21481847763061523,0,0.8087630867958069
0.03497999906539917,0.0000004971763587491296,0.0000000007000977575444267,0.0028591672889888287,0.0003130191471427679,0,0,-2485.8818359375,-3.5291080474853516,0.17645540833473206,0,0.8087630867958069
0.034984998404979706,0.0000005035593630964286,0.000000002253959907605463,0.001276605762541294,0.0003107724478468299,0,0,-2517.796630859375,-11.298418045043945,0.5649209022521973,0,0.8087630867958069
0.03498999774456024,0.0000005019280138185422,0.0000000037718579370960015,-0.0003262733807787299,0.0003035796107724309,0,0,-2509.64013671875,-18.887908935546875,0.9443954825401306,0,0.8087630867958069
0.034995000809431076,0.0000004923082315144711,0.000000005229633615044804,-0.0019239599350839853,0.0002915551303885877,0,0,-2461.541015625,-26.176790237426758,1.3088395595550537,0,0.8087630867958069
0.03500000014901161,0.00000047485309551120736,0.0000000066040852786386495,-0.0034910256508737803,0.0002748903934843838,0,0,-2374.265380859375,-33.04905700683594,1.652452826499939,0,0.8087630867958069
0.03500499948859215,0.0000004498404564401426,0.000000007873338425667953,-0.005002529826015234,0.000253850594162941,0,0,-2249.2021484375,-39.39533233642578,1.969766616821289,0,0.8087630867958069
0.035009998828172684,0.00000041766838876355905,0.000000009017191437976635,-0.006434416398406029,0.00022877063020132482,0,0,-2088.342041015625,-45.1146125793457,2.255730628967285,0,0.8087630867958069
0.03501499816775322,0.00000037884890957684547,0.000000010017439322496102,-0.007763896137475967,0.00020004966063424945,0,0,-1894.2445068359375,-50.115875244140625,2.505793809890747,0,0.8087630867958069
0.035019997507333755,0.0000003339998499996,0.00000001085816325741007,-0.008969809859991074,0.00016814479022286832,0,0,-1669.999267578125,-54.31951904296875,2.7159759998321533,0,0.8087630867958069
0.03502500057220459,0.00000028383502126416715,0.000000011525981946647335,-0.010032964870333672,0.00013356379349716008,0,0,-1419.1751708984375,-57.65864181518555,2.882932186126709,0,0.8087630867958069
0.035029999911785126,0.0000002291528318210112,0.000000012010267447237766,-0.010936439037322998,0.000096857052994892,0,0,-1145.76416015625,-60.080101013183594,3.004005193710327,0,0.8087630867958069
0.03503499925136566,0.00000017082356862374581,0.000000012303311258676786,-0.01166585460305214,0.00005860878445673734,0,0,-854.1178588867188,-61.54535675048828,3.07726788520813,0,0.8087630867958069
0.0350399985909462,0.00000010977555575664155,0.000000012400449556082549,-0.012209603562951088,0.000019427725419518538,0,0,-548.8778076171875,-62.03108596801758,3.1015543937683105,0,0.8087630867958069
0.03504499793052673,0.000000046980403567431495,0.000000012300136909004777,-0.012559030205011368,-0.0000200625308934832,0,0,-234.90200805664063,-61.52956008911133,3.0764780044555664,0,0.8087630867958069
0.03504999727010727,-0.000000016562459848046274,0.000000012003969374063672,-0.012708572670817375,-0.0000592334836255759,0,0,165.62460327148438,-49.13955307006836,2.456977605819702,0,0.8087630867958069
0.035055000334978104,-0.00000007957812186987212,0.000000011551385625807598,-0.01260313205420971,-0.00009051668166648597,0,0,795.7811889648438,-44.61378860473633,2.230689525604248,0,0.8087630867958069
0.03505999967455864,-0.00000014006073456585,0.00000001095679280638251,-0.012096522375941277,-0.00011891864414792508,0,0,1400.6072998046875,-38.66792297363281,1.9333959817886353,0,0.8087630867958069
0.035064999014139175,-0.0000001960850681825832,0.000000010239116221555378,-0.01120486855506897,-0.0001435353042325005,0,0,1960.8505859375,-31.4912109375,1.5745606422424316,0,0.8087630867958069
0.03506999835371971,-0.0000002458678238781431,0.00000000942120070845931,-0.00995655171573162,-0.00016358309949282557,0,0,2458.67822265625,-23.312103271484375,1.1656051874160767,0,0.8087630867958069
0.03507499769330025,-0.0000002878243492432375,0.000000008529081441110975,-0.008391307666897774,-0.00017842389934230596,0,0,2878.243408203125,-14.39094352722168,0.7195472717285156,0,0.8087630867958069
0.03508000075817108,-0.00000032061916499515064,0.000000007591155259945026,-0.006558961234986782,-0.00018758529040496796,0,0,3206.191650390625,-5.0117034912109375,0.2505851984024048,0,0.8087630867958069
0.03508500009775162,-0.0000003432083417465037,0.000000006637276950272053,-0.00451783649623394,-0.00019077568140346557,0,0,3432.08349609375,4.527065277099609,-0.22635328769683838,0,0.8087630867958069
0.03508999943733215,-0.0000003548728670921264,0.0000000056978093354587145,-0.002332904376089573,-0.00018789352907333523,0,0,3548.728515625,13.921733856201172,-0.6960867643356323,0,0.8087630867958069
0.03509499877691269,-0.0000003552414398200199,0.000000004802656494717894,-0.00007371371611952782,-0.00017903053958434612,0,0,3552.41455078125,22.873258590698242,-1.143662929534912,0,0.8087630867958069
0.035099998116493225,-0.0000003443023217641894,0.000000003980312079931991,0.0021878231782466173,-0.00016446887457277626,0,0,3443.023193359375,31.096708297729492,-1.554835319519043,0,0.8087630867958069
0.03510499745607376,-0.0000003224037357085763,0.0000000032569520413971986,0.004379719495773315,-0.00014467201253864914,0,0,3224.037353515625,38.33031463623047,-1.916515827178955,0,0.8087630867958069
0.035110000520944595,-0.00000029024272407696117,0.000000002655601516465822,0.006432205438613892,-0.00012027010961901397,0,0,2902.42724609375,44.34382629394531,-2.217191219329834,0,0.8087630867958069
0.03511499986052513,-0.00000024884297999960836,0.0000000021954020823500286,0.008279948495328426,-0.00009203990339301527,0,0,2488.4296875,48.945831298828125,-2.447291612625122,0,0.8087630867958069
0.03511999920010567,-0.00000019952231866682268,0.000000001891002021636723,0.009864131920039654,-0.000060879989177919924,0,0,1995.22314453125,51.989837646484375,-2.599492073059082,0,0.8087630867958069
0.0351249985396862,-0.00000014385065583155665,0.0000000017520910278179258,0.011134331114590168,-0.000027782209144788794,0,0,1438.506591796875,53.37895965576172,-2.668948173522949,0,0.8087630867958069
0.03512999787926674,-0.00000008360009218222331,0.000000001783090564089207,0.012050113640725613,0.000006199904419190716,0,0,836.0009155273438,53.06897735595703,-2.653449058532715,0,0.8087630867958069
0.03513500094413757,-0.00000002068844651148538,0.000000001983013975248582,0.012582329101860523,0.000039984675822779536,0,0,206.88446044921875,41.777015686035156,-2.088850736618042,0,0.8087630867958069
0.03514000028371811,0.00000004288173727218236,0.000000002315917679851509,0.012714036740362644,0.00006658075290033594,0,0,-214.40869140625,-11.608611106872559,0.5804305672645569,0,0.8087630867958069
0.035144999623298645,0.00000010576943765272517,0.000000002611870053570442,0.01257754024118185,0.00005919047544011846,0,0,-528.84716796875,-13.088364601135254,0.6544182300567627,0,0.8087630867958069
0.03514999896287918,0.0000001669737628162693,0.000000002866160864201106,0.012240865267813206,0.000050858157919719815,0,0,-834.8687744140625,-14.359809875488281,0.717990517616272,0,0.8087630867958069
0.03515499830245972,0.00000022552060841007915,0.0000000030747429047295327,0.011709370650351048,0.00004171640466665849,0,0,-1127.60302734375,-15.402710914611816,0.7701355814933777,0,0.8087630867958069
0.03515999764204025,0.000000280478190006761,0.000000003234296386267488,0.010991516523063183,0.000031910713005345315,0,0,-1402.3909912109375,-16.200469970703125,0.8100234866142273,0,0.8087630867958069
0.03516500070691109,0.00000033097182949859416,0.0000000033422820067130488,0.010098726488649845,0.000021597144950646907,0,0,-1654.8592529296875,-16.74039077758789,0.8370195627212524,0,0.8087630867958069
0.03517000004649162,0.00000037619787462972454,0.0000000033969811408240957,0.009045210666954517,0.000010939846106339246,0,0,-1880.9892578125,-17.013879776000977,0.8506940007209778,0,0.8087630867958069
0.03517499938607216,0.00000041543654560882715,0.0000000033975233737493227,0.007847736589610577,0.00000010843268682947382,0,0,-2077.1826171875,-17.016584396362305,0.8508292436599731,0,0.8087630867958069
0.035179998725652695,0.00000044806336063629715,0.0000000033438998237045325,0.006525360979139805,-0.000010724706044129562,0,0,-2240.31689453125,-16.74846076965332,0.8374230265617371,0,0.8087630867958069
0.03518499806523323,0.00000047355902665913163,0.000000003236964030151057,0.005099130794405937,-0.00002138715353794396,0,0,-2367.795166015625,-16.213777542114258,0.8106889128684998,0,0.8087630867958069
0.035189997404813766,0.0000004915177669317927,0.000000003078417964985647,0.0035917453933507204,-0.00003170921263517812,0,0,-2457.5888671875,-15.42104434967041,0.7710522413253784,0,0.8087630867958069
0.0351950004696846,0.0000005016537443225388,0.00000000287078494309867,0.002027195645496249,-0.0000415266040363349,0,0,-2508.268798828125,-14.382877349853516,0.7191438674926758,0,0.8087630867958069
0.03519999980926514,0.0000005038056656303525,0.000000002617369654345225,0.0004303821478970349,-0.00005068307655164972,0,0,-2519.0283203125,-13.115799903869629,0.6557900309562683,0,0.8087630867958069
0.03520499914884567,0.0000004979392542736605,0.0000000023222050948845663,-0.0011732809944078326,-0.00005903289275011048,0,0,-2489.6962890625,-11.639978408813477,0.5819989442825317,0,0.8087630867958069
0.03520999848842621,0.0000004841479039896512,0.000000001989989284467697,-0.0027582708280533552,-0.00006644316454185173,0,0,-2420.739501953125,-9.978900909423828,0.49894505739212036,0,0.8087630867958069
0.035214997828006744,0.0000004626510872185463,0.0000000016260094382047896,-0.0042993612587451935,-0.00007279596320586279,0,0,-2313.255615234375,-8.159004211425781,0.407950222492218,0,0.8087630867958069
0.03522000089287758,0.0000004337909729201783,0.0000000012360585888160358,-0.00577202532440424,-0.00007799016748322174,0,0,-2168.954833984375,-6.209251880645752,0.3104625940322876,0,0.8087630867958069
0.035225000232458115,0.0000003980268559189426,0.0000000008263429940313927,-0.00715282466262579,-0.00008194312249543145,0,0,-1990.1341552734375,-4.160675525665283,0.20803378522396088,0,0.8087630867958069
0.03522999957203865,0.00000035592793778960186,0.0000000004033834655192692,-0.008419783785939217,-0.00008459190576104447,0,0,-1779.6396484375,-2.0458784103393555,0.10229392349720001,0,0.8087630867958069
0.035234998911619186,0.00000030816426033197786,-0.0000000000260883259439737,-0.009552737697958946,-0.00008589436038164422,0,0,-1540.8212890625,0.10148051381111145,-0.005074025597423315,0,0.8087630867958069
0.03523999825119972,0.0000002554959905864962,-0.0000000004552370702626263,-0.010533655062317848,-0.00008582974987803027,0,0,-1277.4798583984375,2.247225522994995,-0.11236127465963364,0,0.8087630867958069
0.03524499759078026,0.00000019876137002938776,-0.0000000008772326753891946,-0.011346923187375069,-0.00008439912198809907,0,0,-993.8068237304688,4.357205867767334,-0.21786029636859894,0,0.8087630867958069
0.03525000065565109,0.00000013886337058011122,-0.0000000012853588193806331,-0.011979600414633751,-0.00008162523590726778,0,0,-694.3168334960938,6.39784049987793,-0.319892019033432,0,0.8087630867958069
0.03525499999523163,0.00000007675529190009911,-0.0000000016731200869202212,-0.012421615421772003,-0.00007755224214633927,0,0,-383.7764587402344,8.336651802062988,-0.4168325960636139,0,0.8087630867958069
0.035259999334812164,0.000000013425619727058802,-0.0000000020343449147475212,-0.01266593486070633,-0.00007224495493574068,0,0,-67.12809753417969,10.142782211303711,-0.5071391463279724,0,0.8087630867958069
0.0352649986743927,-0.000000050117726857479283,-0.0000000023632842349741168,-0.012708669528365135,-0.00006578786269528791,0,0,501.17724609375,65.15330505371094,-3.2576651573181152,0,0.8087630867958069
0.035269998013973236,-0.00000011206576999711615,-0.000000002484834116245338,-0.012389609590172768,-0.0000243099875660846,0,0,1120.65771484375,66.36882019042969,-3.3184409141540527,0,0.8087630867958069
0.03527499735355377,-0.0000001704466541241345,-0.000000002395125653364971,-0.011676177382469177,0.000017941687474376522,0,0,1704.466552734375,65.47174835205078,-3.273587703704834,0,0.8087630867958069
0.035280000418424606,-0.00000022340205418913683,-0.000000002097014339952352,-0.010591080412268639,0.00005962226714473218,0,0,2234.0205078125,62.49064636230469,-3.1245322227478027,0,0.8087630867958069
0.03528499975800514,-0.0000002692463567655068,-0.0000000015999892521989523,-0.00916885957121849,0.0000994050205918029,0,0,2692.463623046875,57.52040100097656,-2.8760199546813965,0,0.8087630867958069
0.03528999909758568,-0.00000030652029181510443,-0.0000000009198711792279823,-0.007454784121364355,0.00013602362014353275,0,0,3065.202880859375,50.71922302246094,-2.535961151123047,0,0.8087630867958069
0.035294998437166214,-0.0000003340373666560481,-0.00000000007830891490812064,-0.00550341559574008,0.00016831245739012957,0,0,3340.37353515625,42.30360412597656,-2.115180253982544,0,0.8087630867958069
0.03529999777674675,-0.00000035092170946882106,0.0000000008979099686001746,-0.003376868087798357,0.00019524377421475947,0,0,3509.21728515625,32.541412353515625,-1.627070665359497,0,0.8087630867958069
0.035305000841617584,-0.00000035663586572809436,0.0000000019777113280383674,-0.001142831053584814,0.0002159602881874889,0,0,3566.358642578125,21.74340057373047,-1.087170124053955,0,0.8087630867958069
0.03531000018119812,-0.0000003509979364935134,0.0000000031267244349209022,0.0011275832075625658,0.00022980262292549014,0,0,3509.979248046875,10.253273010253906,-0.5126636028289795,0,0.8087630867958069
0.035314999520778656,-0.0000003341874048601312,0.000000004308374990102948,0.0033621054608374834,0.00023633011733181775,0,0,3341.8740234375,-1.5632247924804688,0.07816123962402344,0,0.8087630867958069
0.03531999886035919,-0.000000306739366351394,0.000000005485050191822438,0.005489608272910118,0.00023533502826467156,0,0,3067.3935546875,-13.329959869384766,0.6664979457855225,0,0.8087630867958069
0.03532499819993973,-0.00000026952750431519235,0.000000006619295334076014,0.007442371919751167,0.00022684902069158852,0,0,2695.275146484375,-24.672386169433594,1.2336193323135376,0,0.8087630867958069
0.035329997539520264,-0.00000022373632191374782,0.000000007675006408192075,0.009158236905932426,0.00021114220726303756,0,0,2237.36328125,-35.229461669921875,1.7614730596542358,0,0.8087630867958069
0.0353350006043911,-0.00000017082339809348923,0.000000008618578739572058,0.010582586750388145,0.00018871453357860446,0,0,1708.2340087890625,-44.66514205932617,2.233257293701172,0,0.8087630867958069
0.035339999943971634,-0.00000011247298914440762,0.000000009419978574953802,0.011670082807540894,0.0001602799165993929,0,0,1124.7298583984375,-52.67908477783203,2.6339542865753174,0,0.8087630867958069
0.03534499928355217,-0.00000005054245377777988,0.000000010053695653766681,0.012386107817292213,0.00012674345634877682,0,0,505.4245300292969,-59.01619338989258,2.9508097171783447,0,0.8087630867958069
0.035349998623132706,0.00000001299689955658323,0.000000010499558555920885,0.012707870453596115,0.00008917260856833309,0,0,-64.98450469970703,-52.526546478271484,2.6263272762298584,0,0.8087630867958069
0.03535499796271324,0.0000000763293925842845,0.000000010778224535101799,0.012666499242186546,0.00005573316593654454,0,0,-381.6469421386719,-53.91984176635742,2.6959922313690186,0,0.8087630867958069
0.03535999730229378,0.00000013844706359122938,0.000000010885258028281442,0.01242353580892086,0.000021406702217063867,0,0,-692.2352905273438,-54.45497512817383,2.7227487564086914,0,0.8087630867958069
0.03536500036716461,0.00000019836127762573597,0.000000010818955509250827,0.011982845142483711,-0.000013260460036690347,0,0,-991.8063354492188,-54.12343215942383,2.706171751022339,0,0.8087630867958069
0.03536999970674515,0.00000025511849344184157,0.00000001058037302215098,0.011351441964507103,-0.00004771657404489815,0,0,-1275.592529296875,-52.93048858642578,2.646524429321289,0,0.8087630867958069
0.035374999046325684,0.0000003078153554270102,0.000000010173306641547697,0.010539375245571136,-0.00008141325088217854,0,0,-1539.0767822265625,-50.8951301574707,2.5447566509246826,0,0.8087630867958069
0.03537999838590622,0.00000035561319577936956,0.000000009604235629012692,0.009559568017721176,-0.0001138141960836947,0,0,-1778.0660400390625,-48.04975128173828,2.4024875164031982,0,0.8087630867958069
0.035384997725486755,0.0000003977512790243054,0.000000008882216739891646,0.008427616208791733,-0.00014440371887758374,0,0,-1988.7564697265625,-44.439640045166016,2.221982002258301,0,0.8087630867958069
0.03539000079035759,0.0000004335589380843885,0.00000000801874211475706,0.007161534391343594,-0.00017269497038796544,0,0,-2167.794677734375,-40.122249603271484,2.006112575531006,0,0.8087630867958069
0.035395000129938126,0.00000046246631768553925,0.000000007027553650118534,0.005781473591923714,-0.00019823768525384367,0,0,-2312.33154296875,-35.166297912597656,1.7583149671554565,0,0.8087630867958069
0.03539999946951866,0.0000004840132987737888,0.000000005924427171066782,0.0043093981221318245,-0.00022062534117139876,0,0,-2420.06640625,-29.650657653808594,1.4825328588485718,0,0.8087630867958069
0.0354049988090992,0.0000004978570018465689,0.000000004726919300424015,0.0027687358669936657,-0.00023950161994434893,0,0,-2489.284912109375,-23.663114547729492,1.1831557750701904,0,0.8087630867958069
0.03540999814867973,0.0000005037770165472466,0.0000000034540887927647645,0.0011840080842375755,-0.0002545661118347198,0,0,-2518.885009765625,-17.298961639404297,0.8649480938911438,0,0.8087630867958069
0.03541499748826027,0.0000005016792101741885,0.0000000021261938876193653,-0.0004195639630779624,-0.0002655790012795478,0,0,-2508.396240234375,-10.659485816955566,0.5329743027687073,0,0.8087630867958069
0.035420000553131104,0.000000491596892970847,0.0000000007643684574176746,-0.002016458660364151,-0.0002723650832194835,0,0,-2457.984375,-3.850358724594116,0.1925179362297058,0,0.8087630867958069
0.03542499989271164,0.00000047369059075208497,-0.0000000006097131688420632,-0.0035812603309750557,-0.00027481632423587143,0,0,-2368.452880859375,3.020050048828125,-0.15100251138210297,0,0.8087630867958069
0.035429999232292175,0.00000044824525957665173,-0.000000001974181484953874,-0.0050890641286969185,-0.0002728936669882387,0,0,-2241.226318359375,9.842394828796387,-0.49211975932121277,0,0.8087630867958069
0.03543499857187271,0.0000004156659088039305,-0.000000003307320417533788,-0.006515872664749622,-0.00026662778691388667,0,0,-2078.32958984375,16.508094787597656,-0.8254047632217407,0,0.8087630867958069
0.03543999791145325,0.0000003764710072573507,-0.000000004587912272313588,-0.007838978432118893,-0.0002561183355282992,0,0,-1882.3551025390625,22.911062240600586,-1.1455531120300293,0,0.8087630867958069
0.03544499725103378,0.00000033128441145890974,-0.000000005795575575007206,-0.009037322364747524,-0.00024153265985660255,0,0,-1656.422119140625,28.949392318725586,-1.4474695920944214,0,0.8087630867958069
0.03545000031590462,0.00000028082524750061566,-0.000000006911089478478516,-0.010091832838952541,-0.00022310283384285867,0,0,-1404.126220703125,34.526981353759766,-1.726349115371704,0,0.8087630867958069
0.03545499965548515,0.00000022589661341498868,-0.000000007916700184296133,-0.010985727421939373,-0.00020112222409807146,0,0,-1129.4830322265625,39.555057525634766,-1.977752923965454,0,0.8087630867958069
0.03545999899506569,0.00000016737271835154388,-0.00000000879640360551548,-0.011704779230058193,-0.00017594062956050038,0,0,-836.8635864257813,43.95359802246094,-2.1976799964904785,0,0.8087630867958069
0.035464998334646225,0.00000010618500567716183,-0.000000009536197609349983,-0.012237542308866978,-0.0001479588681831956,0,0,-530.9249877929688,47.6525993347168,-2.3826301097869873,0,0.8087630867958069
0.03546999767422676,0.00000004330730973833852,-0.0000000101243085026681,-0.012575539760291576,-0.00011762225767597556,0,0,-216.5365447998047,50.59318923950195,-2.5296595096588135,0,0.8087630867958069
0.035475000739097595,-0.000000020259641075881518,-0.00000001055137666128303,-0.012713390402495861,-0.00008541361603420228,0,0,202.59640502929688,46.14500427246094,-2.3072502613067627,0,0.8087630867958069
0.03548000007867813,-0.00000008318170330312569,-0.000000010831560537383211,-0.012584413401782513,-0.00005603680619969964,0,0,831.8170166015625,48.94691467285156,-2.4473459720611572,0,0.8087630867958069
0.03548499941825867,-0.00000014345600618526078,-0.000000010955941931456437,-0.012054861523211002,-0.000024876289899111725,0,0,1434.56005859375,50.1907958984375,-2.509539842605591,0,0.8087630867958069
0.0354899987578392,-0.00000019916396354346944,-0.000000010920561344107682,-0.01114159170538187,0.000007076059773680754,0,0,1991.6396484375,49.83705139160156,-2.4918525218963623,0,0.8087630867958069
0.03549499809741974,-0.00000024853233071553404,-0.000000010726545873751547,-0.009873674251139164,0.00003880316944560036,0,0,2485.3232421875,47.89694595336914,-2.3948473930358887,0,0.8087630867958069
0.035499997437000275,-0.0000002899896855979023,-0.000000010380070136761788,-0.00829146895557642,0.00006929514347575605,0,0,2899.89697265625,44.43223190307617,-2.221611499786377,0,0.8087630867958069
0.03550500050187111,-0.00000032221637980001105,-0.000000009892163532754239,-0.00644533708691597,0.00009758138912729919,0,0,3222.163818359375,39.553192138671875,-1.9776597023010254,0,0.8087630867958069
0.035509999841451645,-0.0000003441865885633888,-0.000000009278355861397358,-0.004394044168293476,0.00012276152847334743,0,0,3441.86572265625,33.415138244628906,-1.6707570552825928,0,0.8087630867958069
0.03551499918103218,-0.0000003552009957275004,-0.000000008558185271567709,-0.002202884294092655,0.00014403407112695277,0,0,3552.009765625,26.21344757080078,-1.3106725215911865,0,0.8087630867958069
0.03551999852061272,-0.00000035490901950652187,-0.00000000775457564827775,0.000058395322412252426,0.00016072188736870885,0,0,3549.09033203125,18.177352905273438,-0.908867597579956,0,0.8087630867958069
0.03552499786019325,-0.0000003433199253777275,-0.000000006893106974104057,0.0023178160190582275,0.00017229377408511937,0,0,3433.19921875,9.562658309936523,-0.47813284397125244,0,0.8087630867958069
0.03553000092506409,-0.0000003208026271295239,-0.000000006001199981398031,0.004503458738327026,0.0001783813931979239,0,0,3208.0263671875,0.6435756683349609,-0.03217875957489014,0,0.8087630867958069
0.03553500026464462,-0.00000028807386343032704,-0.000000005107245293345386,0.006545751355588436,0.0001787909714039415,0,0,2880.73876953125,-8.295989990234375,0.41479945182800293,0,0.8087630867958069
0.03553999960422516,-0.00000024617543203930836,-0.000000004239697926067265,0.008379686623811722,0.00017350949929095805,0,0,2461.75439453125,-16.971481323242188,0.848574161529541,0,0.8087630867958069
0.035544998943805695,-0.00000019644099324978015,-0.000000003426172678899775,0.00994688831269741,0.00016270505147986114,0,0,1964.409912109375,-25.10675048828125,1.2553374767303467,0,0.8087630867958069
0.03554999828338623,-0.0000001404536362770159,-0.000000002692564837758482,0.011197470128536224,0.00014672154793515801,0,0,1404.536376953125,-32.442840576171875,1.6221420764923096,0,0.8087630867958069
0.035554997622966766,-0.00000007999550888371232,-0.0000000020622259455649328,0.012091625481843948,0.0001260677818208933,0,0,799.955078125,-38.74624252319336,1.937312126159668,0,0.8087630867958069
0.0355600006878376,-0.00000001699104501540205,-0.0000000015552201748647576,0.012600893154740334,0.00010140115045942366,0,0,169.9104461669922,-34.72970962524414,1.736485481262207,0,0.8087630867958069
0.03556500002741814,0.000000046554255561659375,-0.0000000011587625303732807,0.012709060683846474,0.00007929152343422174,0,0,-232.77127075195313,5.76561164855957,-0.28828057646751404,0,0.8087630867958069
0.03556999936699867,0.00000010935862349015224,-0.0000000007439523996843889,0.012560874223709106,0.00008296202577184886,0,0,-546.7931518554688,3.691558599472046,-0.18457792699337006,0,0.8087630867958069
0.03557499870657921,0.00000017042250988197338,-0.00000000031739169625844,0.012212775647640228,0.00008531214552931488,0,0,-852.1124877929688,1.5587540864944458,-0.07793770730495453,0,0.8087630867958069
0.035579998046159744,0.00000022877402727772278,0.00000000011413070488686117,0.011670304462313652,0.0000863044842844829,0,0,-1143.8701171875,-0.598857581615448,0.02994287945330143,0,0.8087630867958069
0.03558499738574028,0.000000283484496321762,0.0000000005437468808544565,0.010942094027996063,0.00008592323865741491,0,0,-1417.4224853515625,-2.746936798095703,0.13734684884548187,0,0.8087630867958069
0.035590000450611115,0.0000003336831753131264,0.0000000009646192733470116,0.010039735585451126,0.00008417447679676116,0,0,-1668.4158935546875,-4.851296424865723,0.2425648272037506,0,0.8087630867958069
0.03559499979019165,0.0000003785711157888727,0.0000000013700494072566016,0.008977588266134262,0.00008108603651635349,0,0,-1892.85546875,-6.878444194793701,0.3439222276210785,0,0.8087630867958069
0.035599999129772186,0.0000004174339096607582,0.0000000017535847218752565,0.007772559300065041,0.0000767070596339181,0,0,-2087.169677734375,-8.796116828918457,0.4398058354854584,0,0.8087630867958069
0.03560499846935272,0.0000004496530436881585,0.0000000021091208779466797,0.006443825550377369,0.00007110724982339889,0,0,-2248.265380859375,-10.5737943649292,0.5286897420883179,0,0.8087630867958069
0.03560999780893326,0.0000004747157333895302,0.000000002430999623825869,0.005012535490095615,0.00006437573756556958,0,0,-2373.578857421875,-12.183184623718262,0.6091592311859131,0,0.8087630867958069
0.03561500087380409,0.0000004922230800730176,0.000000002714097835365692,0.0035014683380723,0.000056619646784383804,0,0,-2461.115478515625,-13.598673820495605,0.6799337267875671,0,0.8087630867958069
0.03562000021338463,0.0000005018964657210745,0.0000000029539100054876144,0.0019346736371517181,0.000047962421376723796,0,0,-2509.482177734375,-14.797733306884766,0.7398867011070251,0,0.8087630867958069
0.035624999552965164,0.0000005035819299337163,0.000000003146619187432975,0.000337087782099843,0.00003854184615192935,0,0,-2517.90966796875,-15.761279106140137,0.7880639433860779,0,0.8087630867958069
0.0356299988925457,0.0000004972525857738219,0.00000000328915850111855,-0.0012658631894737482,0.000028507854949566536,0,0,-2486.262939453125,-16.473976135253906,0.8236988186836243,0,0.8087630867958069
0.035634998232126236,0.0000004830092734664504,0.000000003379259316815819,-0.00284866732545197,0.000018020144125330262,0,0,-2415.04638671875,-16.924482345581055,0.8462241291999817,0,0.8087630867958069
0.03563999757170677,0.00000046107859930089035,0.0000000034154874484215725,-0.004386133514344692,0.00000724563187759486,0,0,-2305.39306640625,-17.105627059936523,0.8552813529968262,0,0.8087630867958069
0.035645000636577606,0.000000431809638712366,0.0000000033972664681414244,-0.00585379172116518,-0.0000036441974771150853,0,0,-2159.04833984375,-17.0145263671875,0.850726306438446,0,0.8087630867958069
0.03564999997615814,0.00000039566822351844166,0.000000003324886366229407,-0.007228284142911434,-0.000014476026990450919,0,0,-1978.341064453125,-16.652631759643555,0.8326315879821777,0,0.8087630867958069
0.03565499931573868,0.00000035322955227456987,0.0000000031994991100958714,-0.008487735874950886,-0.00002507746103219688,0,0,-1766.147705078125,-16.02570152282715,0.8012850880622864,0,0.8087630867958069
0.035659998655319214,0.00000030516903848365473,0.0000000030231002146052788,-0.009612101130187511,-0.000035279776056995615,0,0,-1525.8450927734375,-15.14371395111084,0.757185697555542,0,0.8087630867958069
0.03566499799489975,0.00000025225162403330614,0.0000000027984972117423013,-0.0105834836140275,-0.000044920594518771395,0,0,-1261.2581787109375,-14.020706176757813,0.7010353207588196,0,0.8087630867958069
0.035669997334480286,0.00000019531950101736584,0.000000002529264797601627,-0.011386425234377384,-0.00005384647738537751,0,0,-976.5974731445313,-12.674551010131836,0.6337275505065918,0,0.8087630867958069
0.03567500039935112,0.0000001352787677433298,0.000000002219687988969099,-0.01200814638286829,-0.00006191536522237584,0,0,-676.3938598632813,-11.126673698425293,0.5563337206840515,0,0.8087630867958069
0.035679999738931656,0.00000007308500471481238,0.000000001874693733583399,-0.012438752688467503,-0.00006899883010191843,0,0,-365.4250183105469,-9.401708602905273,0.4700854420661926,0,0.8087630867958069
0.03568499907851219,0.000000009728054806146247,0.0000000014997729724797182,-0.012671389617025852,-0.00007498414925066754,0,0,-48.64027404785156,-7.527109622955322,0.37635549902915955,0,0.8087630867958069
0.03568999841809273,-0.00000005378371525921466,0.0000000011008927103262067,-0.012702354229986668,-0.00007977605127962306,0,0,537.837158203125,-46.015926361083984,2.3007965087890625,0,0.8087630867958069
0.035694997757673264,-0.00000011558349655160782,0.0000000005555392257328151,-0.012359957210719585,-0.00010907070100074634,0,0,1155.8349609375,-40.56239700317383,2.0281198024749756,0,0.8087630867958069
0.0357000008225441,-0.0000001737041515070814,-0.0000000001189283671543251,-0.011624130420386791,-0.00013489351840689778,0,0,1737.04150390625,-33.81772232055664,1.69088613986969,0,0.8087630867958069
0.035705000162124634,-0.00000022629562579368212,-0.0000000009010411305965249,-0.010518294759094715,-0.00015642255311831832,0,0,2262.956298828125,-25.99658966064453,1.2998294830322266,0,0.8087630867958069
0.03570999950170517,-0.00000027168388783138653,-0.0000000017659036455341948,-0.009077652357518673,-0.00017297250451520085,0,0,2716.8388671875,-17.347957611083984,0.8673979043960571,0,0.8087630867958069
0.035714998841285706,-0.0000003084241768647189,-0.000000002685986544292973,-0.007348059210926294,-0.0001840165932662785,0,0,3084.24169921875,-8.147116661071777,0.4073559045791626,0,0.8087630867958069
0.03571999818086624,-0.0000003353470390266011,-0.0000000036320029206393656,-0.005384569987654686,-0.0001892032742034644,0,0,3353.470458984375,1.3130569458007813,-0.06565284729003906,0,0.8087630867958069
0.03572499752044678,-0.0000003515954745125782,-0.000000004573839973431859,-0.0032496843487024307,-0.00018836744129657745,0,0,3515.954833984375,10.731436729431152,-0.5365718603134155,0,0.8087630867958069
0.03573000058531761,-0.0000003566522650544357,-0.000000005481518350336501,-0.0010113579919561744,-0.00018153569544665515,0,0,3566.522705078125,19.808223724365234,-0.9904111623764038,0,0.8087630867958069
0.03573499992489815,-0.0000003503564585116692,-0.00000000632614582940505,0.001259160810150206,-0.0001689255004748702,0,0,3503.564453125,28.254493713378906,-1.4127247333526611,0,0.8087630867958069
0.035739999264478683,-0.00000033290845635747246,-0.000000007080837249873184,0.003489599097520113,-0.00015093828551471233,0,0,3329.08447265625,35.801395416259766,-1.790069818496704,0,0.8087630867958069
0.03574499860405922,-0.00000030486364721582504,-0.000000007721570050023274,0.0056089600548148155,-0.00012814655201509595,0,0,3048.636474609375,42.20869827270508,-2.1104350090026855,0,0.8087630867958069
0.035749997943639755,-0.0000002671147285582265,-0.000000008227948988803746,0.007549782283604145,-0.00010127581481356174,0,0,2671.147216796875,47.2724609375,-2.3636231422424316,0,0.8087630867958069
0.03575499728322029,-0.000000220863284994266,-0.000000008583856292432301,0.009250287897884846,-0.00007118137727957219,0,0,2208.6328125,50.83148956298828,-2.541574478149414,0,0.8087630867958069
0.035760000348091125,-0.0000001675815610724385,-0.000000008777962356987246,0.010656346566975117,-0.00003882117016473785,0,0,1675.815673828125,52.772499084472656,-2.638624906539917,0,0.8087630867958069
0.03576499968767166,-0.00000010896553703787504,-0.000000008804089013381144,0.011723204515874386,-0.000005225247150519863,0,0,1089.6553955078125,53.03370666503906,-2.6516854763031006,0,0.8087630867958069
0.0357699990272522,-0.0000000468810412712628,-0.000000008661404038434739,0.012416900135576725,0.000028536993340821937,0,0,468.8104248046875,51.60680389404297,-2.5803401470184326,0,0.8087630867958069
0.03577499836683273,0.00000001669572213813808,-0.000000008354449576586376,0.01271535363048315,0.00006139087781775743,0,0,-83.47860717773438,41.74385452270508,-2.0871927738189697,0,0.8087630867958069
0.03577999770641327,0.00000008000676388064676,-0.000000007914620070437195,0.012662208639085293,0.00008796584734227508,0,0,-400.0338134765625,39.544681549072266,-1.977234125137329,0,0.8087630867958069
0.0357850007712841,0.00000014204445619725448,-0.000000007348916142291273,0.01240753848105669,0.00011314079165458679,0,0,-710.2222900390625,36.71614074707031,-1.8358070850372314,0,0.8087630867958069
0.03579000011086464,0.00000020182143600777636,-0.0000000066663408126999,0.01195539627224207,0.0001365150383207947,0,0,-1009.1071166992188,33.303245544433594,-1.6651623249053955,0,0.8087630867958069
0.035794999450445175,0.00000025838633632702113,-0.000000005877757836003639,0.011312979273498058,0.00015771659673191607,0,0,-1291.931640625,29.360313415527344,-1.4680156707763672,0,0.8087630867958069
0.03579999879002571,0.000000310838885297926,-0.000000004995717617362061,0.010490509681403637,0.00017640800797380507,0,0,-1554.1944580078125,24.95009994506836,-1.2475050687789917,0,0.8087630867958069
0.03580499812960625,0.0000003583442662602465,-0.000000004034258704876947,0.0095010781660676,0.00019229177269153297,0,0,-1791.7213134765625,20.14279556274414,-1.007139801979065,0,0.8087630867958069
0.03580999746918678,0.0000004001464333214244,-0.0000000030086830804521014,0.008360433392226696,0.00020511512411758304,0,0,-2000.7320556640625,15.014911651611328,-0.7507455945014954,0,0.8087630867958069
0.03581500053405762,0.0000004355800626854034,-0.000000001935313242995562,0.0070867277681827545,0.0002146739570889622,0,0,-2177.900146484375,9.648059844970703,-0.4824030101299286,0,0.8087630867958069
0.03581999987363815,0.0000004640812392153748,-0.0000000008312326382764468,0.005700233392417431,0.00022081611678004265,0,0,-2320.406005859375,4.12765645980835,-0.20638282597064972,0,0.8087630867958069
0.03582499921321869,0.00000048519632400712,0.0000000002859866787829901,0.004223017022013664,0.00022344387252815068,0,0,-2425.981689453125,-1.4584394693374634,0.07292197644710541,0,0.8087630867958069
0.035829998552799225,0.0000004985892587683338,0.0000000013985637092872594,0.0026785889640450478,0.00022251540212891996,0,0,-2492.9462890625,-7.021323204040527,0.3510661721229553,0,0.8087630867958069
0.03583499789237976,0.0000005040469090999977,0.000000002488790951105102,0.001091530080884695,0.00021804546122439206,0,0,-2520.234619140625,-12.472458839416504,0.6236229538917542,0,0.8087630867958069
0.0358399972319603,0.0000005014824182580924,0.000000003539316839606954,-0.0005129009950906038,0.00021010520868003368,0,0,-2507.412109375,-17.72509002685547,0.8862544894218445,0,0.8087630867958069
0.03584500029683113,0.0000004909365998173598,0.0000000045334216380865655,-0.002109169028699398,0.00019882101332768798,0,0,-2454.68310546875,-22.69561767578125,1.1347808837890625,0,0.8087630867958069
0.03584999963641167,0.0000004725772555502772,0.000000005455284224353818,-0.0036718687042593956,0.00018437247490510345,0,0,-2362.88623046875,-27.304933547973633,1.3652466535568237,0,0.8087630867958069
0.0358549989759922,0.0000004466966174732079,0.0000000062902318909152655,-0.0051761288195848465,0.00016698954277671874,0,0,-2233.483154296875,-31.479679107666016,1.5739840269088745,0,0.8087630867958069
0.03585999831557274,0.0000004137065729992173,0.0000000070249761563445645,-0.006598008796572685,0.00014694887795485556,0,0,-2068.532958984375,-35.153411865234375,1.7576706409454346,0,0.8087630867958069
0.035864997655153275,0.0000003741321847883228,0.000000007647823707657153,-0.007914877496659756,0.00012456942931748927,0,0,-1870.6610107421875,-38.267662048339844,1.91338312625885,0,0.8087630867958069
0.03587000072002411,0.00000032860330634321144,0.000000008148860253243129,-0.009105776436626911,0.00010020738409366459,0,0,-1643.0164794921875,-40.772865295410156,2.0386433601379395,0,0.8087630867958069
0.035875000059604645,0.00000027784454914581147,0.000000008520112615428843,-0.010151753202080727,0.00007425049261655658,0,0,-1389.2227783203125,-42.629150390625,2.131457567214966,0,0.8087630867958069
0.03587999939918518,0.00000022266375765411794,0.000000008755671743188032,-0.011036159470677376,0.00004711185465566814,0,0,-1113.3187255859375,-43.80697250366211,2.1903486251831055,0,0.8087630867958069
0.03588499873876572,0.00000016393916268953035,0.00000000885178863541114,-0.011744920164346695,0.00001922340743476525,0,0,-819.69580078125,-44.28758239746094,2.214379072189331,0,0.8087630867958069
0.03588999807834625,0.00000010260539085038545,0.000000008806933848859444,-0.012266755104064941,-0.000008970988346845843,0,0,-513.0269775390625,-44.06333541870117,2.2031667232513428,0,0.8087630867958069
0.03589499741792679,0.00000003963859995792518,0.000000008621820590803964,-0.012593358755111694,-0.000037022608012193814,0,0,-198.1929931640625,-43.13779830932617,2.1568899154663086,0,0.8087630867958069
0.03590000048279762,-0.000000023959060513334407,0.000000008299395837241264,-0.01271953247487545,-0.00006448499334510416,0,0,239.59060668945313,-31.585447311401367,1.5792725086212158,0,0.8087630867958069
0.03590499982237816,-0.00000008679408125544796,0.000000007876431062925349,-0.012567004188895226,-0.00008459290256723762,0,0,867.9407958984375,-27.355850219726563,1.3677926063537598,0,0.8087630867958069
0.035909999161958694,-0.0000001468663697323791,0.000000007366390164520453,-0.01201445609331131,-0.0001020081399474293,0,0,1468.6636962890625,-22.2554874420166,1.11277437210083,0,0.8087630867958069
0.03591499850153923,-0.00000020226374886078702,0.000000006785508599449486,-0.011079475283622742,-0.00011617635027505457,0,0,2022.637451171875,-16.44670867919922,0.822335422039032,0,0.8087630867958069
0.035919997841119766,-0.00000025122287183876324,0.0000000061522755778753435,-0.009791824966669083,-0.00012664656969718635,0,0,2512.228759765625,-10.114410400390625,0.5057204961776733,0,0.8087630867958069
0.0359250009059906,-0.00000029218531949481985,0.000000005486848309033121,-0.00819249078631401,-0.00013308550114743412,0,0,2921.853271484375,-3.460155487060547,0.17300772666931152,0,0.8087630867958069
0.035930000245571136,-0.00000032384721748712764,0.000000004810407183697407,-0.006332380697131157,-0.00013528819545172155,0,0,3238.47216796875,3.3042373657226563,-0.16521191596984863,0,0.8087630867958069
0.03593499958515167,-0.00000034520073199928447,0.000000004144484311296992,-0.00427070539444685,-0.00013318454148247838,0,0,3452.00732421875,9.963455200195313,-0.4981727600097656,0,0.8087630867958069
0.03593999892473221,-0.0000003555661862719717,0.000000003510276735951834,-0.002073089126497507,-0.00012684150715358555,0,0,3555.661865234375,16.305526733398438,-0.8152763247489929,0,0.8087630867958069
0.035944998264312744,-0.00000035461360425870225,0.000000002927971642918692,0.0001905153039842844,-0.00011646101484075189,0,0,3546.135986328125,22.128578186035156,-1.106428861618042,0,0.8087630867958069
0.03594999760389328,-0.0000003423733403451479,0.0000000024161042055936832,0.002448055427521467,-0.00010237346577923745,0,0,3423.7333984375,27.24725341796875,-1.3623626232147217,0,0.8087630867958069
0.035955000668764114,-0.0000003192349709024711,0.0000000019909678350416016,0.004627671558409929,-0.00008502727723680437,0,0,3192.349609375,31.498619079589844,-1.574931025505066,0,0.8087630867958069
0.03596000000834465,-0.00000028593504453056084,0.0000000016660948176649981,0.00665998412296176,-0.00006497459253296256,0,0,2859.350341796875,34.747352600097656,-1.7373676300048828,0,0.8087630867958069
0.035964999347925186,-0.0000002435335204609146,0.0000000014518262148044414,0.00848030298948288,-0.0000428537096013315,0,0,2435.335205078125,36.890045166015625,-1.844502329826355,0,0.8087630867958069
0.03596999868750572,-0.00000019338008883096336,0.0000000013549824595671112,0.010030684992671013,-0.000019368751964066178,0,0,1933.80078125,37.858489990234375,-1.8929246664047241,0,0.8087630867958069
0.03597499802708626,-0.00000013707118284855824,0.0000000013786460861808791,0.011261781677603722,0.000004732726665679365,0,0,1370.7117919921875,37.621864318847656,-1.8810932636260986,0,0.8087630867958069
0.035979997366666794,-0.00000007639916788093615,0.0000000015220638083235372,0.012134402990341187,0.00002868355659302324,0,0,763.99169921875,36.18769454956055,-1.8093847036361694,0,0.8087630867958069
0.03598500043153763,-0.000000013295291978465684,0.000000001780670721984734,0.012620775029063225,0.00005172137025510892,0,0,132.9529266357422,24.306076049804688,-1.2153037786483765,0,0.8087630867958069
0.035989999771118164,0.000000050231783177423495,0.000000002116646191652194,0.012705415487289429,0.00006719509838148952,0,0,-251.15892028808594,-10.612027168273926,0.5306013822555542,0,0.8087630867958069
0.0359949991106987,0.0000001129593911741722,0.0000000024188424596616187,0.012545522302389145,0.000060439269873313606,0,0,-564.7969360351563,-12.123001098632813,0.6061500906944275,0,0.8087630867958069
0.035999998450279236,0.00000017388919104632805,0.000000002682450039870332,0.0121859610080719,0.00005272151611279696,0,0,-869.4459228515625,-13.441030502319336,0.6720515489578247,0,0.8087630867958069
