Timestamp,X Position,Y Position,X Velocity,Y Velocity,Rotation,Rotation Velocity,Data1,Data2,Data3,Data4,FPS
0.029999999329447746,0,0,0,0,0,0,0,0,0,0,7.170772075653076
0.030004998669028282,0.000000004999999969612645,0.000000004999999969612645,0.0010000000474974513,0.0010000000474974513,0,0,25,-24.999998092651367,1.2499998807907104,0,1.3153377771377563
0.030009999871253967,0.00000000999999993922529,0.00000000999999993922529,0.0010000000474974513,0.0010000000474974513,0,0,50.000003814697266,-49.999996185302734,2.499999761581421,0,1.3153377771377563
0.030014999210834503,0.000000014999999464748726,0.000000014999999464748726,0.0010000000474974513,0.0010000000474974513,0,0,75.00000762939453,-74.99999237060547,3.749999761581421,0,1.3153377771377563
0.03001999855041504,0.00000001999999987845058,0.00000001999999987845058,0.0010000000474974513,0.0010000000474974513,0,0,100.00000762939453,-99.99998474121094,4.999999523162842,0,1.3153377771377563
0.030024999752640724,0.000000025000000292152436,0.000000025000000292152436,0.0010000000474974513,0.0010000000474974513,0,0,125.00001525878906,-124.9999771118164,6.249999046325684,0,1.3153377771377563
0.03002999909222126,0.00000002999999892949745,0.00000002999999892949745,0.0010000000474974513,0.0010000000474974513,0,0,150.00001525878906,-149.99996948242188,7.499998569488525,0,1.3153377771377563
0.030034998431801796,0.000000034999999343199306,0.000000034999999343199306,0.0010000000474974513,0.0010000000474974513,0,0,175.00003051757813,-174.9999542236328,8.749998092651367,0,1.3153377771377563
0.03003999963402748,0.00000003999999975690116,0.00000003999999975690116,0.0010000000474974513,0.0010000000474974513,0,0,200.00003051757813,-199.99993896484375,9.99999713897705,0,1.3153377771377563
0.030044998973608017,0.000000045000000170603016,0.000000045000000170603016,0.0010000000474974513,0.0010000000474974513,0,0,225.0000457763672,-224.9999237060547,11.249996185302734,0,1.3153377771377563
0.030049998313188553,0.00000005000000058430487,0.00000005000000058430487,0.0010000000474974513,0.0010000000474974513,0,0,250.0000762939453,-249.99990844726563,12.499995231628418,0,1.3153377771377563
0.030054999515414238,0.000000055000000998006726,0.000000055000000998006726,0.0010000000474974513,0.0010000000474974513,0,0,275.0000915527344,-274.9998779296875,13.749994277954102,0,1.3153377771377563
0.030059998854994774,0.0000000599999978589949,0.0000000599999978589949,0.0010000000474974513,0.0010000000474974513,0,0,300.0000915527344,-299.9998474121094,14.999992370605469,0,1.3153377771377563
0.03006500005722046,0.00000006499999471998308,0.00000006499999471998308,0.0010000000474974513,0.0010000000474974513,0,0,325.0000915527344,-324.99981689453125,16.249990463256836,0,1.3153377771377563
0.030069999396800995,0.00000006999999158097125,0.00000006999999158097125,0.0010000000474974513,0.0010000000474974513,0,0,350.00006103515625,-349.9997863769531,17.499990463256836,0,1.3153377771377563
0.03007499873638153,0.00000007499998844195943,0.00000007499998844195943,0.0010000000474974513,0.0010000000474974513,0,0,375.0000915527344,-374.999755859375,18.749988555908203,0,1.3153377771377563
0.030079999938607216,0.00000007999998530294761,0.00000007999998530294761,0.0010000000474974513,0.0010000000474974513,0,0,400.0000915527344,-399.9997253417969,19.99998664855957,0,1.3153377771377563
0.030084999278187752,0.00000008499998216393578,0.00000008499998216393578,0.0010000000474974513,0.0010000000474974513,0,0,425.0000915527344,-424.99969482421875,21.249984741210938,0,1.3153377771377563
0.030089998617768288,0.00000008999997902492396,0.00000008999997902492396,0.0010000000474974513,0.0010000000474974513,0,0,450.0000915527344,-449.9996643066406,22.499982833862305,0,1.3153377771377563
0.030094999819993973,0.00000009499997588591214,0.00000009499997588591214,0.0010000000474974513,0.0010000000474974513,0,0,475.0000915527344,-474.9996337890625,23.749982833862305,0,1.3153377771377563
0.03009999915957451,0.00000009999997274690031,0.00000009999997274690031,0.0010000000474974513,0.0010000000474974513,0,0,500.0000915527344,-499.9996032714844,24.999980926513672,0,1.3153377771377563
0.030104998499155045,0.00000010499996960788849,0.00000010499996960788849,0.0010000000474974513,0.0010000000474974513,0,0,525.0001220703125,-524.9995727539063,26.24997901916504,0,1.3153377771377563
0.03010999970138073,0.00000010999996646887666,0.00000010999996646887666,0.0010000000474974513,0.0010000000474974513,0,0,550.0001831054688,-549.9995727539063,27.49997901916504,0,1.3153377771377563
0.030114999040961266,0.00000011499996332986484,0.00000011499996332986484,0.0010000000474974513,0.0010000000474974513,0,0,575.0001831054688,-574.9995727539063,28.74997901916504,0,1.3153377771377563
0.0301199983805418,0.00000011999996729628037,0.00000011999996729628037,0.0010000000474974513,0.0010000000474974513,0,0,600.0001831054688,-599.9995727539063,29.99997901916504,0,1.3153377771377563
0.030124999582767487,0.0000001249999712626959,0.0000001249999712626959,0.0010000000474974513,0.0010000000474974513,0,0,625.0001831054688,-624.99951171875,31.249975204467773,0,1.3153377771377563
0.030129998922348022,0.00000012999997522911144,0.00000012999997522911144,0.0010000000474974513,0.0010000000474974513,0,0,650.0003051757813,-649.9994506835938,32.49997329711914,0,1.3153377771377563
0.030135000124573708,0.00000013499997919552698,0.00000013499997919552698,0.0010000000474974513,0.0010000000474974513,0,0,675.0003051757813,-674.9993896484375,33.749969482421875,0,1.3153377771377563
0.030139999464154243,0.0000001399999831619425,0.0000001399999831619425,0.0010000000474974513,0.0010000000474974513,0,0,700.0004272460938,-699.9993286132813,34.99996566772461,0,1.3153377771377563
0.03014499880373478,0.00000014499998712835804,0.00000014499998712835804,0.0010000000474974513,0.0010000000474974513,0,0,725.0004272460938,-724.999267578125,36.24996566772461,0,1.3153377771377563
0.030150000005960464,0.00000014999999109477358,0.00000014999999109477358,0.0010000000474974513,0.0010000000474974513,0,0,750.00048828125,-749.9992065429688,37.499961853027344,0,1.3153377771377563
0.030154999345541,0.0000001549999950611891,0.0000001549999950611891,0.0010000000474974513,0.0010000000474974513,0,0,775.0005493164063,-774.9991455078125,38.74995803833008,0,1.3153377771377563
0.030159998685121536,0.00000015999999902760464,0.00000015999999902760464,0.0010000000474974513,0.0010000000474974513,0,0,800.0006713867188,-799.9990844726563,39.99995422363281,0,1.3153377771377563
0.03016499988734722,0.00000016500000299402018,0.00000016500000299402018,0.0010000000474974513,0.0010000000474974513,0,0,825.0006713867188,-824.9990234375,41.24995040893555,0,1.3153377771377563
0.030169999226927757,0.0000001700000069604357,0.0000001700000069604357,0.0010000000474974513,0.0010000000474974513,0,0,850.0006713867188,-849.9989624023438,42.49995040893555,0,1.3153377771377563
0.030174998566508293,0.00000017500001092685125,0.00000017500001092685125,0.0010000000474974513,0.0010000000474974513,0,0,875.0007934570313,-874.9989013671875,43.74994659423828,0,1.3153377771377563
0.03017999976873398,0.00000018000001489326678,0.00000018000001489326678,0.0010000000474974513,0.0010000000474974513,0,0,900.0009155273438,-899.9988403320313,44.999942779541016,0,1.3153377771377563
0.030184999108314514,0.00000018500001885968231,0.00000018500001885968231,0.0010000000474974513,0.0010000000474974513,0,0,925.0009765625,-924.998779296875,46.24993896484375,0,1.3153377771377563
0.03018999844789505,0.00000019000002282609785,0.00000019000002282609785,0.0010000000474974513,0.0010000000474974513,0,0,950.0009765625,-949.9987182617188,47.499935150146484,0,1.3153377771377563
0.030194999650120735,0.00000019500002679251338,0.00000019500002679251338,0.0010000000474974513,0.0010000000474974513,0,0,975.0010986328125,-974.9986572265625,48.749935150146484,0,1.3153377771377563
0.03019999898970127,0.00000020000003075892892,0.00000020000003075892892,0.0010000000474974513,0.0010000000474974513,0,0,1000.0011596679688,-999.9985961914063,49.99993133544922,0,1.3153377771377563
0.030204998329281807,0.00000020500003472534445,0.00000020500003472534445,0.0010000000474974513,0.0010000000474974513,0,0,1025.001220703125,-1024.99853515625,51.24992752075195,0,1.3153377771377563
0.030209999531507492,0.00000021000003869175998,0.00000021000003869175998,0.0010000000474974513,0.0010000000474974513,0,0,1050.0013427734375,-1049.99853515625,52.49992752075195,0,1.3153377771377563
0.030214998871088028,0.00000021500004265817552,0.00000021500004265817552,0.0010000000474974513,0.0010000000474974513,0,0,1075.0013427734375,-1074.99853515625,53.74992752075195,0,1.3153377771377563
0.030220000073313713,0.00000022000004662459105,0.00000022000004662459105,0.0010000000474974513,0.0010000000474974513,0,0,1100.00146484375,-1099.99853515625,54.99992752075195,0,1.3153377771377563
0.03022499941289425,0.00000022500005059100658,0.00000022500005059100658,0.0010000000474974513,0.0010000000474974513,0,0,1125.00146484375,-1124.99853515625,56.24992752075195,0,1.3153377771377563
0.030229998752474785,0.00000023000005455742212,0.00000023000005455742212,0.0010000000474974513,0.0010000000474974513,0,0,1150.0015869140625,-1149.99853515625,57.49992752075195,0,1.3153377771377563
0.03023499995470047,0.00000023500005852383765,0.00000023500005852383765,0.0010000000474974513,0.0010000000474974513,0,0,1175.001708984375,-1174.99853515625,58.74992752075195,0,1.3153377771377563
0.030239999294281006,0.00000024000004827939847,0.00000024000004827939847,0.0010000000474974513,0.0010000000474974513,0,0,1200.001708984375,-1199.99853515625,59.99992752075195,0,1.3153377771377563
0.030244998633861542,0.000000245000052245814,0.000000245000052245814,0.0010000000474974513,0.0010000000474974513,0,0,1225.0018310546875,-1224.9984130859375,61.24991989135742,0,1.3153377771377563
0.030249999836087227,0.00000025000005621222954,0.00000025000005621222954,0.0010000000474974513,0.0010000000474974513,0,0,1250.0018310546875,-1249.998291015625,62.499916076660156,0,1.3153377771377563
0.030254999175667763,0.00000025500006017864507,0.00000025500006017864507,0.0010000000474974513,0.0010000000474974513,0,0,1275.0018310546875,-1274.9981689453125,63.749908447265625,0,1.3153377771377563
0.0302599985152483,0.0000002600000641450606,0.0000002600000641450606,0.0010000000474974513,0.0010000000474974513,0,0,1300.001953125,-1299.998046875,64.9999008178711,0,1.3153377771377563
0.030264999717473984,0.00000026500006811147614,0.00000026500006811147614,0.0010000000474974513,0.0010000000474974513,0,0,1325.0020751953125,-1324.9979248046875,66.2499008178711,0,1.3153377771377563
0.03026999905705452,0.00000027000007207789167,0.00000027000007207789167,0.0010000000474974513,0.0010000000474974513,0,0,1350.002197265625,-1349.997802734375,67.49989318847656,0,1.3153377771377563
0.030274998396635056,0.0000002750000760443072,0.0000002750000760443072,0.0010000000474974513,0.0010000000474974513,0,0,1375.0023193359375,-1374.9976806640625,68.74988555908203,0,1.3153377771377563
0.03027999959886074,0.00000028000008001072274,0.00000028000008001072274,0.0010000000474974513,0.0010000000474974513,0,0,1400.0023193359375,-1399.99755859375,69.9998779296875,0,1.3153377771377563
0.030284998938441277,0.0000002850000839771383,0.0000002850000839771383,0.0010000000474974513,0.0010000000474974513,0,0,1425.0023193359375,-1424.9974365234375,71.24987030029297,0,1.3153377771377563
0.03029000014066696,0.0000002900000879435538,0.0000002900000879435538,0.0010000000474974513,0.0010000000474974513,0,0,1450.0025634765625,-1449.997314453125,72.49987030029297,0,1.3153377771377563
0.030294999480247498,0.00000029500009190996934,0.00000029500009190996934,0.0010000000474974513,0.0010000000474974513,0,0,1475.0025634765625,-1474.9971923828125,73.74986267089844,0,1.3153377771377563
0.030299998819828033,0.0000003000000958763849,0.0000003000000958763849,0.0010000000474974513,0.0010000000474974513,0,0,1500.0028076171875,-1499.9970703125,74.9998550415039,0,1.3153377771377563
0.03030500002205372,0.0000003050000998428004,0.0000003050000998428004,0.0010000000474974513,0.0010000000474974513,0,0,1525.0028076171875,-1524.9969482421875,76.24984741210938,0,1.3153377771377563
0.030309999361634254,0.00000031000010380921594,0.00000031000010380921594,0.0010000000474974513,0.0010000000474974513,0,0,1550.0029296875,-1549.996826171875,77.49983978271484,0,1.3153377771377563
0.03031499870121479,0.0000003150001077756315,0.0000003150001077756315,0.0010000000474974513,0.0010000000474974513,0,0,1575.0029296875,-1574.9967041015625,78.74983978271484,0,1.3153377771377563
0.030319999903440475,0.000000320000111742047,0.000000320000111742047,0.0010000000474974513,0.0010000000474974513,0,0,1600.003173828125,-1599.99658203125,79.99983215332031,0,1.3153377771377563
0.03032499924302101,0.00000032500011570846254,0.00000032500011570846254,0.0010000000474974513,0.0010000000474974513,0,0,1625.0032958984375,-1624.9964599609375,81.24982452392578,0,1.3153377771377563
0.030329998582601547,0.0000003300001196748781,0.0000003300001196748781,0.0010000000474974513,0.0010000000474974513,0,0,1650.0032958984375,-1649.996337890625,82.49981689453125,0,1.3153377771377563
0.030334999784827232,0.0000003350001236412936,0.0000003350001236412936,0.0010000000474974513,0.0010000000474974513,0,0,1675.0035400390625,-1674.9962158203125,83.74980926513672,0,1.3153377771377563
0.030339999124407768,0.00000034000012760770915,0.00000034000012760770915,0.0010000000474974513,0.0010000000474974513,0,0,1700.0035400390625,-1699.99609375,84.99980926513672,0,1.3153377771377563
0.030344998463988304,0.0000003450001315741247,0.0000003450001315741247,0.0010000000474974513,0.0010000000474974513,0,0,1725.0035400390625,-1724.9959716796875,86.24980163574219,0,1.3153377771377563
0.03034999966621399,0.0000003500001355405402,0.0000003500001355405402,0.0010000000474974513,0.0010000000474974513,0,0,1750.0037841796875,-1749.995849609375,87.49979400634766,0,1.3153377771377563
0.030354999005794525,0.00000035500013950695575,0.00000035500013950695575,0.0010000000474974513,0.0010000000474974513,0,0,1775.0037841796875,-1774.9957275390625,88.74978637695313,0,1.3153377771377563
0.03035999834537506,0.0000003600001434733713,0.0000003600001434733713,0.0010000000474974513,0.0010000000474974513,0,0,1800.00390625,-1799.99560546875,89.9997787475586,0,1.3153377771377563
0.030364999547600746,0.0000003650001474397868,0.0000003650001474397868,0.0010000000474974513,0.0010000000474974513,0,0,1825.00390625,-1824.9954833984375,91.2497787475586,0,1.3153377771377563
0.030369998887181282,0.00000037000015140620235,0.00000037000015140620235,0.0010000000474974513,0.0010000000474974513,0,0,1850.004150390625,-1849.995361328125,92.49977111816406,0,1.3153377771377563
0.030375000089406967,0.0000003750001553726179,0.0000003750001553726179,0.0010000000474974513,0.0010000000474974513,0,0,1875.0042724609375,-1874.9952392578125,93.74976348876953,0,1.3153377771377563
0.030379999428987503,0.0000003800001593390334,0.0000003800001593390334,0.0010000000474974513,0.0010000000474974513,0,0,1900.0042724609375,-1899.9951171875,94.999755859375,0,1.3153377771377563
0.03038499876856804,0.00000038500016330544895,0.00000038500016330544895,0.0010000000474974513,0.0010000000474974513,0,0,1925.0045166015625,-1924.9949951171875,96.24974822998047,0,1.3153377771377563
0.030389999970793724,0.0000003900001672718645,0.0000003900001672718645,0.0010000000474974513,0.0010000000474974513,0,0,1950.0047607421875,-1949.994873046875,97.49974822998047,0,1.3153377771377563
0.03039499931037426,0.00000039500017123828,0.00000039500017123828,0.0010000000474974513,0.0010000000474974513,0,0,1975.0047607421875,-1974.9947509765625,98.74974060058594,0,1.3153377771377563
0.030399998649954796,0.00000040000017520469555,0.00000040000017520469555,0.0010000000474974513,0.0010000000474974513,0,0,2000.0048828125,-1999.99462890625,99.9997329711914,0,1.3153377771377563
0.03040499985218048,0.0000004050001791711111,0.0000004050001791711111,0.0010000000474974513,0.0010000000474974513,0,0,2025.0048828125,-2024.9945068359375,101.24972534179688,0,1.3153377771377563
0.030409999191761017,0.0000004100001831375266,0.0000004100001831375266,0.0010000000474974513,0.0010000000474974513,0,0,2050.005126953125,-2049.994384765625,102.49971771240234,0,1.3153377771377563
0.030414998531341553,0.00000041500018710394215,0.00000041500018710394215,0.0010000000474974513,0.0010000000474974513,0,0,2075.005126953125,-2074.994384765625,103.74971771240234,0,1.3153377771377563
0.030419999733567238,0.0000004200001910703577,0.0000004200001910703577,0.0010000000474974513,0.0010000000474974513,0,0,2100.00537109375,-2099.994384765625,104.99971771240234,0,1.3153377771377563
0.030424999073147774,0.0000004250001950367732,0.0000004250001950367732,0.0010000000474974513,0.0010000000474974513,0,0,2125.005615234375,-2124.994384765625,106.24971771240234,0,1.3153377771377563
0.03042999841272831,0.00000043000019900318875,0.00000043000019900318875,0.0010000000474974513,0.0010000000474974513,0,0,2150.005615234375,-2149.994384765625,107.49971771240234,0,1.3153377771377563
0.030434999614953995,0.0000004350002029696043,0.0000004350002029696043,0.0010000000474974513,0.0010000000474974513,0,0,2175.005615234375,-2174.994384765625,108.74971771240234,0,1.3153377771377563
0.03043999895453453,0.0000004400002069360198,0.0000004400002069360198,0.0010000000474974513,0.0010000000474974513,0,0,2200.005859375,-2199.994384765625,109.99971771240234,0,1.3153377771377563
0.030445000156760216,0.00000044500021090243536,0.00000044500021090243536,0.0010000000474974513,0.0010000000474974513,0,0,2225.006103515625,-2224.994384765625,111.24971771240234,0,1.3153377771377563
0.03044999949634075,0.0000004500002148688509,0.0000004500002148688509,0.0010000000474974513,0.0010000000474974513,0,0,2250.006103515625,-2249.994384765625,112.49971771240234,0,1.3153377771377563
0.030454998835921288,0.0000004550002188352664,0.0000004550002188352664,0.0010000000474974513,0.0010000000474974513,0,0,2275.00634765625,-2274.994384765625,113.74971771240234,0,1.3153377771377563
0.030460000038146973,0.00000046000022280168196,0.00000046000022280168196,0.0010000000474974513,0.0010000000474974513,0,0,2300.00634765625,-2299.994384765625,114.99971771240234,0,1.3153377771377563
0.03046499937772751,0.0000004650002267680975,0.0000004650002267680975,0.0010000000474974513,0.0010000000474974513,0,0,2325.006591796875,-2324.994384765625,116.24971771240234,0,1.3153377771377563
0.030469998717308044,0.000000470000230734513,0.000000470000230734513,0.0010000000474974513,0.0010000000474974513,0,0,2350.006591796875,-2349.994384765625,117.49971771240234,0,1.3153377771377563
0.03047499991953373,0.00000047500023470092856,0.00000047500023470092856,0.0010000000474974513,0.0010000000474974513,0,0,2375.0068359375,-2374.994384765625,118.74971771240234,0,1.3153377771377563
0.030479999259114265,0.0000004800002102456347,0.0000004800002102456347,0.0010000000474974513,0.0010000000474974513,0,0,2400.006591796875,-2399.994384765625,119.99971771240234,0,1.3153377771377563
0.0304849985986948,0.0000004850002142120502,0.0000004850002142120502,0.0010000000474974513,0.0010000000474974513,0,0,2425.007080078125,-2424.994384765625,121.24971771240234,0,1.3153377771377563
0.030489999800920486,0.0000004900002181784657,0.0000004900002181784657,0.0010000000474974513,0.0010000000474974513,0,0,2450.007080078125,-2449.994384765625,122.49971771240234,0,1.3153377771377563
0.030494999140501022,0.0000004950002221448813,0.0000004950002221448813,0.0010000000474974513,0.0010000000474974513,0,0,2475.00732421875,-2474.994384765625,123.74971771240234,0,1.3153377771377563
0.030499998480081558,0.0000005000002261112968,0.0000005000002261112968,0.0010000000474974513,0.0010000000474974513,0,0,2500.007568359375,-2499.994140625,124.99971008300781,0,1.3153377771377563
0.030499998480081558,0.0000005050002300777123,0.0000005050002300777123,0.0010000000474974513,0.0010000000474974513,0,0,2525.007568359375,-2524.993896484375,126.24969482421875,0,1.3153377771377563
0.030504999682307243,0.0000004969629117113072,0.0000005050002300777123,-0.0016074617160484195,0,0.0000003216921697912767,0.06433843821287155,2484.82080078125,-2444.571044921875,122.56365203857422,0,7.098138809204102
0.03050999902188778,0.0000004810162295143527,0.0000005050002300777123,-0.003189339768141508,0,0.0000009548367643219535,0.12662892043590546,2405.08740234375,-2286.285400390625,115.30889129638672,0,7.098138809204102
0.030514998361468315,0.0000004574139325086435,0.0000005050002300777123,-0.004720458295196295,0,0.0000018792802620737348,0.18488870561122894,2287.075927734375,-2055.175048828125,104.71633911132813,0,7.098138809204102
0.030519999563694,0.00000042653169884943054,0.0000005050002300777123,-0.006176449358463287,0,0.000003065596729356912,0.23726330697536469,2132.664794921875,-1758.5966796875,91.1231689453125,0,7.098138809204102
0.030524998903274536,0.00000038886099673618446,0.0000005050002300777123,-0.0075341397896409035,0,0.000004476024514588062,0.2820855975151062,1944.3114013671875,-1405.99072265625,74.96206665039063,0,7.098138809204102
0.03053000010550022,0.0000003450013821293396,0.0000005050002300777123,-0.008771921508014202,0,0.0000060656684581772424,0.31792885065078735,1725.0133056640625,-1008.5807495117188,56.74744415283203,0,7.098138809204102
0.030534999445080757,0.00000029565089221250673,0.0000005050002300777123,-0.009870096109807491,0,0.000007783928595017642,0.3436521291732788,1478.2608642578125,-579.016845703125,37.05910110473633,0,7.098138809204102
0.030539998784661293,0.000000241594960925795,0.0000005050002300777123,-0.010811184532940388,0,0.000009576111551723443,0.358436644077301,1207.981201171875,-130.972412109375,16.523738861083984,0,7.098138809204102
0.030544999986886978,0.0000001836939134136628,0.0000005050002300777123,-0.011580209247767925,0,0.000011385171092115343,0.3618118166923523,918.4760131835938,321.2909240722656,-4.204991340637207,0,7.098138809204102
0.030549999326467514,0.0000001228692667609721,0.0000005050002300777123,-0.012164930813014507,0,0.000013153522559150588,0.35367023944854736,614.3527221679688,763.3771362304688,-24.467269897460938,0,7.098138809204102
0.03055499866604805,0.00000006008905728549507,0.0000005050002300777123,-0.012556041590869427,0,0.000014824877325736452,0.33427101373672485,300.4516296386719,1181.21435546875,-43.61813735961914,0,7.098138809204102
0.030559999868273735,-0.0000000036475356068876863,0.0000005050002300777123,-0.012747318483889103,0,0.00001634603540878743,0.3042316436767578,0,3123.004638671875,-61.503780364990234,0,7.098138809204102
0.03056499920785427,-0.0000000672680826596661,0.0000005050002300777123,-0.012724109925329685,0,0.00001766741661413107,0.2642762064933777,0.000030517578125,3783.69189453125,-84.59708404541016,0,7.098138809204102
0.030569998547434807,-0.00000012874750154878711,0.0000005050002300777123,-0.01229588221758604,0,0.000018726708731264807,0.21185842156410217,0,4313.3349609375,-104.41966247558594,0,7.098138809204102
0.030574999749660492,-0.00000018612882968227495,0.0000005050002300777123,-0.011476266197860241,0,0.000019470624465611763,0.14878308773040771,0.00006103515625,4685.28955078125,-120.11627960205078,0,7.098138809204102
0.030579999089241028,-0.0000002375855814307215,0.0000005050002300777123,-0.010291350074112415,0,0.000019857219740515575,0.07731889188289642,0,4878.583984375,-129.3782958984375,0,7.098138809204102
0.030584998428821564,-0.0000002814798278905073,0.0000005050002300777123,-0.008778850547969341,0,0.000019861881810356863,0.0009324848651885986,0,4880.9130859375,-129.48989868164063,0,7.098138809204102
0.03058999963104725,-0.0000003164144004585978,0.0000005050002300777123,-0.006986911874264479,0,0.000019484315998852253,-0.07551322877407074,0,4692.12841796875,-120.44396209716797,0,7.098138809204102
0.030594998970627785,-0.00000034127725712096435,0.0000005050002300777123,-0.004972572438418865,0,0.0000187485584319802,-0.14715158939361572,0,4324.248046875,-102.81636047363281,0,7.098138809204102
0.03059999831020832,-0.0000003552769953785173,0.0000005050002300777123,-0.002799950074404478,0,0.00001770144808688201,-0.20942196249961853,0,3800.6923828125,-77.72931671142578,0,7.098138809204102
0.030604999512434006,-0.0000003579679912490974,0.0000005050002300777123,-0.0005382010713219643,0,0.00001640964728721883,-0.2583600878715515,0,3154.7919921875,-46.77992630004883,0,7.098138809204102
0.03060999885201454,-0.00000034926458170048136,0.0000005050002300777123,0.0017406817059963942,0,0.000014955394362914376,-0.29085052013397217,0.0001220703125,2427.666015625,-11.938472747802734,0,7.098138809204102
0.030615000054240227,-0.00000032944379313448735,0.0000005050002300777123,0.003964159172028303,0,0.000013431270417640917,-0.3048248291015625,0,1665.60498046875,13.531098365783691,0,7.098138809204102
0.030619999393820763,-0.00000029913650223534205,0.0000005050002300777123,0.006061455234885216,0,0.000011906175132025965,-0.3050190210342407,0,903.0589599609375,27.217697143554688,0,7.098138809204102
0.0306249987334013,-0.0000002593074555079511,0.0000005050002300777123,0.007965810596942902,0,0.000010419007594464347,-0.2974335551261902,0,159.47706604003906,39.27947998046875,0,7.098138809204102
0.030629999935626984,-0.00000021122443172316707,0.0000005050002300777123,0.009616605937480927,0,0.000009004426829051226,-0.2829161286354065,0,-547.8109130859375,49.477779388427734,0,7.098138809204102
0.03063499927520752,-0.00000015641795414467197,0.0000005050002300777123,0.010961296036839485,0,0.000007692155122640543,-0.2624542713165283,0,-1203.94384765625,57.66334533691406,0,7.098138809204102
0.030639998614788055,-0.00000009663256150815869,0.0000005050002300777123,0.0119570791721344,0,0.000006506518275273265,-0.2371273934841156,0.000030517578125,-1796.75927734375,63.775516510009766,0,7.098138809204102
0.03064499981701374,-0.00000003377127910653144,0.0000005050002300777123,0.012572256848216057,0,0.000005466225047712214,-0.20805859565734863,0,-2316.902587890625,67.83779907226563,0,7.098138809204102
0.030649999156594276,0.00000003016495497831784,0.0000005050002300777123,0.012787247076630592,0,0.000004584379894367885,-0.17636901140213013,150.83116149902344,-1378.910888671875,73.72093963623047,0,7.098138809204102
0.030654998496174812,0.00000009362110375832344,0.0000005050002300777123,0.012691229581832886,0,0.000003878303232340841,-0.14121532440185547,468.11187744140625,-1555.428466796875,81.81132507324219,0,7.098138809204102
0.030659999698400497,0.0000001555872302105854,0.0000005050002300777123,0.012393224984407425,0,0.0000033704700399539433,-0.10156665742397308,777.9425659179688,-1682.38525390625,87.63017272949219,0,7.098138809204102
0.030664999037981033,0.00000021507710812329606,0.0000005050002300777123,0.011897977441549301,0,0.0000030770447665418033,-0.0586850643157959,1075.3919677734375,-1755.7401123046875,90.99226379394531,0,7.098138809204102
0.03066999837756157,0.00000027114396061733714,0.0000005050002300777123,0.01121336780488491,0,0.000003007367240570602,-0.013935508206486702,1355.7261962890625,-1773.1580810546875,91.79058074951172,0,7.098138809204102
0.030674999579787254,0.00000032289540286001284,0.0000005050002300777123,0.010350290685892105,0,0.000003163655264870613,0.03125758469104767,1614.4833984375,-1734.0848388671875,89.99971771240234,0,7.098138809204102
0.03067999891936779,0.0000003695078305554489,0.0000005050002300777123,0.009322484955191612,0,0.0000035409336760494625,0.0754556879401207,1847.5455322265625,-1639.7640380859375,85.67667388916016,0,7.098138809204102
0.030685000121593475,0.00000041023935182238347,0.0000005050002300777123,0.008146306499838829,0,0.000004127193278691266,0.1172519326210022,2051.203125,-1493.1981201171875,78.95906829833984,0,7.098138809204102
0.03068999946117401,0.0000004444417243121279,0.0000005050002300777123,0.006840474903583527,0,0.000004903772605757695,0.15531590580940247,2222.215087890625,-1299.0523681640625,70.06071472167969,0,7.098138809204102
0.030694998800754547,0.0000004715705870239617,0.0000005050002300777123,0.005425773561000824,0,0.0000058459527281229384,0.18843600153923035,2357.859375,-1063.5067138671875,59.264869689941406,0,7.098138809204102
0.030700000002980232,0.0000004911941573482181,0.0000005050002300777123,0.00392471719533205,0,0.000006923742603248684,0.21555796265602112,2455.97705078125,-794.0587768554688,46.9151725769043,0,7.098138809204102
0.030704999342560768,0.0000005030001375416759,0.0000005050002300777123,0.002361196093261242,0,0.000008102834726742003,0.2358185052871704,2515.0068359375,-499.2853698730469,33.40472412109375,0,7.098138809204102
0.030709998682141304,0.0000005068006316832907,0.0000005050002300777123,0.0007600945536978543,0,0.000009345698344986886,0.2485727071762085,2534.009521484375,-188.56936645507813,19.163572311401367,0,7.098138809204102
0.03071499988436699,0.0000005025351015319757,0.0000005050002300777123,-0.0008531052735634148,0,0.00001061277089320356,0.2534145712852478,2512.681640625,128.19873046875,4.645035266876221,0,7.098138809204102
0.030719999223947525,0.0000004902714749732695,0.0000005050002300777123,-0.002452728571370244,0,0.000011863720828841906,0.25019001960754395,2451.36376953125,440.9359436035156,-9.688753128051758,0,7.098138809204102
0.03072499856352806,0.00000047020489546412136,0.0000005050002300777123,-0.004013316705822945,0,0.000013058729564363603,0.23900169134140015,2351.031005859375,739.6875610351563,-23.381532669067383,0,7.098138809204102
0.030729999765753746,0.0000004426547377534007,0.0000005050002300777123,-0.0055100321769714355,0,0.000014159758393361699,0.22020569443702698,2213.280029296875,1014.9440307617188,-35.99745178222656,0,7.098138809204102
0.030734999105334282,0.00000040805946355249034,0.0000005050002300777123,-0.006919053383171558,0,0.000015131759937503375,0.1944003701210022,2040.3037109375,1257.943603515625,-47.13492965698242,0,7.098138809204102
0.030739998444914818,0.0000003669696866381855,0.0000005050002300777123,-0.008217955008149147,0,0.00001594379500602372,0.16240710020065308,1834.8548583984375,1460.951416015625,-56.439449310302734,0,7.098138809204102
0.030744999647140503,0.0000003200393621227704,0.0000005050002300777123,-0.009386064484715462,0,0.00001657001666899305,0.12524428963661194,1600.203125,1617.505615234375,-63.614845275878906,0,7.098138809204102
0.03074999898672104,0.000000268015412530076,0.0000005050002300777123,-0.010404789820313454,0,0.0000169904906215379,0.08409485220909119,1340.0833740234375,1722.6229248046875,-68.4327163696289,0,7.098138809204102
0.030754998326301575,0.00000021172581909922883,0.0000005050002300777123,-0.011257918551564217,0,0.000017191834558616392,0.04026862233877182,1058.635498046875,1772.957275390625,-70.73970031738281,0,7.098138809204102
0.03075999952852726,0.00000015206646253318468,0.0000005050002300777123,-0.011931871995329857,0,0.000017167638361570425,-0.004839364439249039,760.3386840820313,1766.9066162109375,-70.46237182617188,0,7.098138809204102
0.030764998868107796,0.00000008998684108973976,0.0000005050002300777123,-0.012415925040841103,0,0.0000169186714629177,-0.049793269485235214,449.9405822753906,1704.6634521484375,-67.60955810546875,0,7.098138809204102
0.03077000007033348,0.000000026474985759250558,0.0000005050002300777123,-0.012702371925115585,0,0.00001645286101847887,-0.0931621640920639,132.3813018798828,1588.2091064453125,-62.272056579589844,0,7.098138809204102
0.030774999409914017,-0.00000003745827825696324,0.0000005050002300777123,-0.012786652892827988,0,0.000015785033610882238,-0.13356557488441467,0,2842.5009765625,-49.93765640258789,0,7.098138809204102
0.030779998749494553,-0.00000010019927287885366,0.0000005050002300777123,-0.01254819892346859,0,0.000014948369425837882,-0.16733282804489136,0,2424.165771484375,-32.508174896240234,0,7.098138809204102
0.030784999951720238,-0.00000015975086853359244,0.0000005050002300777123,-0.011910321190953255,0,0.00001398947188135935,-0.1917794644832611,0.00006103515625,1944.714111328125,-14.076787948608398,0,7.098138809204102
0.030789999291300774,-0.0000002142174935215735,0.0000005050002300777123,-0.010893326252698898,0,0.000012957820217707194,-0.20633035898208618,0,1428.885498046875,4.552619457244873,0,7.098138809204102
0.03079499863088131,-0.00000026186540935668745,0.0000005050002300777123,-0.009529585018754005,0,0.000011903590348083526,-0.21084606647491455,0,901.7678833007813,22.588396072387695,0,7.098138809204102
0.030799999833106995,-0.0000003011779483585997,0.0000005050002300777123,-0.007862506434321404,0,0.000010875505722651724,-0.20561695098876953,0,387.7234802246094,39.282649993896484,0,7.098138809204102
0.03080499917268753,-0.0000003309037310827989,0.0000005050002300777123,-0.005945154465734959,0,0.000009918805517372675,-0.19134008884429932,0.0001220703125,-90.62823486328125,53.960601806640625,0,7.098138809204102
0.030809998512268066,-0.00000035009654197892814,0.0000005050002300777123,-0.003838561475276947,0,0.000009073403816728387,-0.16908028721809387,0.0001220703125,-513.3298950195313,66.04662322998047,0,7.098138809204102
0.03081499971449375,-0.00000035814545640278084,0.0000005050002300777123,-0.001609782106243074,0,0.000008372320735361427,-0.1402166187763214,0,-863.871826171875,75.08599090576172,0,7.098138809204102
0.030819999054074287,-0.0000003547942526438419,0.0000005050002300777123,0.0006702385144308209,0,0.000007840434591344092,-0.10637728869915009,0,-1129.8148193359375,80.76161193847656,0,7.098138809204102
0.030824998393654823,-0.00000034014962579931307,0.0000005050002300777123,0.0029289252124726772,0,0.0000074936083365173545,-0.06936521828174591,0.0001220703125,-1303.2271728515625,82.90506744384766,0,7.098138809204102
0.03082999959588051,-0.0000003146777203255624,0.0000005050002300777123,0.0050943815149366856,0,0.000007338220711972099,-0.03107750229537487,0,-1380.919677734375,81.50152587890625,0,7.098138809204102
0.030834998935461044,-0.00000027918932232751104,0.0000005050002300777123,0.007097678724676371,0,0.0000073711098593776114,0.006577836349606514,0.0001220703125,-1364.4732666015625,76.6885757446289,0,7.098138809204102
0.03084000013768673,-0.0000002348140810681798,0.0000005050002300777123,0.008875049650669098,0,0.000007579932571388781,0.0417645126581192,0,-1260.0596923828125,68.74885559082031,0,7.098138809204102
0.030844999477267265,-0.00000018296449866284092,0.0000005050002300777123,0.010369917377829552,0,0.000007943915989017114,0.07279673963785172,0,-1078.065185546875,58.096946716308594,0,7.098138809204102
0.0308499988168478,-0.00000012529099535640853,0.0000005050002300777123,0.01153470017015934,0,0.000008434970368398353,0.0982108935713768,0,-832.5350341796875,45.26102066040039,0,7.098138809204102
0.030855000019073486,-0.00000006362938620441128,0.0000005050002300777123,0.01233232207596302,0,0.000009019106983032543,0.11682724952697754,0.000030517578125,-540.4638061523438,30.860013961791992,0,7.098138809204102
0.030859999358654022,0.00000000005758238330599852,0.0000005050002300777123,0.012737393379211426,0,0.000009658103408582974,0.12779933214187622,0.2942875921726227,-110.48111724853516,15.58458137512207,0,7.098138809204102
0.030864998698234558,0.00000006374361305461207,0.0000005050002300777123,0.012737207114696503,0,0.000010311367077520117,0.13065269589424133,318.72442626953125,52.83636474609375,8.099190711975098,0,7.098138809204102
0.030869999900460243,0.00000012641510238609044,0.0000005050002300777123,0.012534299865365028,0,0.000010958103302982636,0.12934723496437073,632.0819091796875,214.52200317382813,0.6885925531387329,0,7.098138809204102
0.03087499924004078,0.0000001870746189069905,0.0000005050002300777123,0.012131903320550919,0,0.0000115777256723959,0.12392447143793106,935.3795166015625,369.42913818359375,-6.4113240242004395,0,7.098138809204102
0.030879998579621315,0.0000002447567339913803,0.0000005050002300777123,0.01153642125427723,0,0.000012150510883657262,0.11455703526735306,1223.7900390625,512.6268920898438,-12.974560737609863,0,7.098138809204102
0.030884999781847,0.0000002985433980029484,0.0000005050002300777123,0.010757330805063248,0,0.00001265822629648028,0.10154309868812561,1492.723388671875,639.55712890625,-18.79220199584961,0,7.098138809204102
0.030889999121427536,0.00000034757854905365093,0.0000005050002300777123,0.009807031601667404,0,0.00001308471109950915,0.08529691398143768,1737.8990478515625,746.1795043945313,-23.679065704345703,0,7.098138809204102
0.030894998461008072,0.00000039108178384594794,0.0000005050002300777123,0.008700648322701454,0,0.000013416389265330508,0.06633560359477997,1955.415283203125,829.10009765625,-27.479597091674805,0,7.098138809204102
0.030899999663233757,0.00000042836072111640533,0.0000005050002300777123,0.00745578994974494,0,0.000013642703379446175,0.04526274651288986,2141.81005859375,885.6795043945313,-30.072824478149414,0,7.098138809204102
0.030904999002814293,0.0000004588220576806634,0.0000005050002300777123,0.006092268507927656,0,0.000013756449334323406,0.022749103605747223,2294.11669921875,914.1166381835938,-31.376195907592773,0,7.098138809204102
0.03090999834239483,0.0000004819809760192584,0.0000005050002300777123,0.0046317861415445805,0,0.000013754005522059742,-0.0004886835813522339,2409.9111328125,913.50634765625,-31.34822654724121,0,7.098138809204102
0.030914999544620514,0.0000004974689318260062,0.0000005050002300777123,0.0030975863337516785,0,0.000013635451068694238,-0.023710930719971657,2487.350830078125,883.8681030273438,-29.989809036254883,0,7.098138809204102
0.03091999888420105,0.0000005050393383498886,0.0000005050002300777123,0.0015140868490561843,0,0.000013404558558249846,-0.04617844521999359,2525.202880859375,826.145263671875,-27.344179153442383,0,7.098138809204102
0.030925000086426735,0.0000005045718012297584,0.0000005050002300777123,-0.00009350990876555443,0,0.000013068678526906297,-0.06717605888843536,2522.865234375,742.1751708984375,-23.49555015563965,0,7.098138809204102
0.03092999942600727,0.0000004960737101100676,0.0000005050002300777123,-0.0016996180638670921,0,0.000012638501175388228,-0.08603540062904358,2480.374755859375,634.6307373046875,-18.566431045532227,0,7.098138809204102
0.030934998765587807,0.0000004796803523277049,0.0000005050002300777123,-0.003278675489127636,0,0.000012127720765420236,-0.1021561473608017,2398.407958984375,506.93511962890625,-12.713711738586426,0,7.098138809204102
0.030939999967813492,0.0000004556526107535319,0.0000005050002300777123,-0.0048055509105324745,0,0.000011552595424291212,-0.11502514779567719,2278.269287109375,363.153076171875,-6.123698711395264,0,7.098138809204102
0.030944999307394028,0.0000004243728994879348,0.0000005050002300777123,-0.006255943328142166,0,0.000010931431461358443,-0.12423276901245117,2121.870849609375,207.86134338378906,0.9938421845436096,0,7.098138809204102
0.030949998646974564,0.0000003863390531932964,0.0000005050002300777123,-0.0076067689806222916,0,0.000010284002200933173,-0.12948590517044067,1931.7015380859375,46.00301742553711,8.412352561950684,0,7.098138809204102
0.03095499984920025,0.0000003421563974370656,0.0000005050002300777123,-0.008836528286337852,0,0.000009630915883462876,-0.13061735033988953,1710.788330078125,-117.26979064941406,15.895694732666016,0,7.098138809204102
0.030959999188780785,0.0000002925281421539694,0.0000005050002300777123,-0.00992565043270588,0,0.000008992959919851273,-0.1275911033153534,1462.6470947265625,-276.7599182128906,23.205663681030273,0,7.098138809204102
0.03096499852836132,0.0000002382441408599334,0.0000005050002300777123,-0.01085679978132248,0,0.000008390442417294253,-0.12050347030162811,1191.22705078125,-427.390625,30.109577178955078,0,7.098138809204102
0.030969999730587006,0.00000018016835667822306,0.0000005050002300777123,-0.011615157127380371,0,0.0000078425418905681,-0.10958005487918854,900.84814453125,-564.3671264648438,36.387672424316406,0,7.098138809204102
0.03097499907016754,0.00000011922509202122455,0.0000005050002300777123,-0.012188652530312538,0,0.000007366699264821364,-0.09516856074333191,596.1318359375,-683.329345703125,41.84011459350586,0,7.098138809204102
0.030979998409748077,0.000000056384301672096626,0.0000005050002300777123,-0.012568159028887749,0,0.000006978060810070019,-0.07772772014141083,281.9278869628906,-780.4906005859375,46.2933464050293,0,7.098138809204102
0.030984999611973763,-0.000000007353882836014236,0.0000005050002300777123,-0.012747637927532196,0,0.000006688997473247582,-0.05781269073486328,0,-1705.51611328125,50.52468490600586,0,7.098138809204102
0.0309899989515543,-0.00000007085802167239308,0.0000005050002300777123,-0.012700827792286873,0,0.000006511051196866902,-0.035589300096035004,0,-1794.4925537109375,54.78814697265625,0,7.098138809204102
0.030994998291134834,-0.000000132106691808076,0.0000005050002300777123,-0.012249736115336418,0,0.000006455550646933261,-0.011100145988166332,0,-1822.2459716796875,56.118003845214844,0,7.098138809204102
0.03099999949336052,-0.00000018915031319011177,0.0000005050002300777123,-0.011408723890781403,0,0.000006526029210363049,0.01409574132412672,0.00006103515625,-1787.009521484375,54.42959976196289,0,7.098138809204102
0.031004998832941055,-0.0000002401731080681202,0.0000005050002300777123,-0.010204561054706573,0,0.00000671800080453977,0.03839433938264847,0,-1691.0262451171875,49.830406188964844,0,7.098138809204102
0.03101000003516674,-0.0000002835510031218291,0.0000005050002300777123,-0.008675577118992805,0,0.000007019244549155701,0.06024874746799469,0,-1540.4066162109375,42.613216400146484,0,7.098138809204102
0.031014999374747276,-0.00000031790321486369066,0.0000005050002300777123,-0.006870441138744354,0,0.000007410582838929258,0.0782676637172699,0,-1344.7391357421875,33.23748779296875,0,7.098138809204102
0.031019998714327812,-0.0000003421362748667889,0.0000005050002300777123,-0.004846612922847271,0,0.000007867102794989478,0.09130394458770752,0.0001220703125,-1116.48046875,22.30009651184082,0,7.098138809204102
0.031024999916553497,-0.00000035547884635889204,0.0000005050002300777123,-0.002668512985110283,0,0.000008359741514141206,0.09852766990661621,0.0001220703125,-870.1619873046875,10.497339248657227,0,7.098138809204102
0.031029999256134033,-0.0000003575061953142722,0.0000005050002300777123,-0.0004054724704474211,0,0.000008857135981088504,0.09947894513607025,0.0001220703125,-621.4647216796875,-1.4194015264511108,0,7.098138809204102
0.03103499859571457,-0.00000034815383287423174,0.0000005050002300777123,0.001870473613962531,0,0.000009327622137789149,0.09409719705581665,0.0001220703125,-386.22125244140625,-12.691485404968262,0,7.098138809204102
0.031039999797940254,-0.0000003277194196016353,0.0000005050002300777123,0.004086880013346672,0,0.000009741247595229652,0.08272501826286316,0,-179.4076690673828,-22.60130500793457,0,7.098138809204102
0.03104499913752079,-0.00000029685344316021656,0.0000005050002300777123,0.0061731962487101555,0,0.000010071679753309581,0.06608638167381287,0.0001220703125,-14.19016170501709,-26.260433197021484,0,7.098138809204102
0.031049998477101326,-0.0000002565383852015657,0.0000005050002300777123,0.008063013665378094,0,0.000010308724085916765,0.04740885645151138,0,104.3340072631836,-23.937232971191406,0,7.098138809204102
0.03105499967932701,-0.00000020805750011732016,0.0000005050002300777123,0.009696177206933498,0,0.00001045766839524731,0.029788777232170105,0,178.8083953857422,-19.583833694458008,0,7.098138809204102
0.031059999018907547,-0.0000001529539872535679,0.0000005050002300777123,0.011020702309906483,0,0.000010529202882025857,0.014306849800050259,0,214.5782928466797,-13.515625,0,7.098138809204102
0.031064998358488083,-0.00000009298184977524215,0.0000005050002300777123,0.011994428001344204,0,0.000010538590686337557,0.0018774820491671562,0,219.2750244140625,-6.126748085021973,0,7.098138809204102
0.031069999560713768,-0.00000003005005311251807,0.0000005050002300777123,0.012586359865963459,0,0.00001050462196872104,-0.006793741136789322,0,202.29385375976563,2.1288726329803467,0,7.098138809204102
0.031074998900294304,0.0000000338382193376674,0.0000005050002300777123,0.012777655385434628,0,0.000010448409739183262,-0.011242391541600227,169.19747924804688,87.09555053710938,6.5289835929870605,0,7.098138809204102
0.03108000010251999,0.00000009718792171042878,0.0000005050002300777123,0.01266994047909975,0,0.000010381308129581157,-0.013420261442661285,485.9459533691406,70.32182312011719,7.297772407531738,0,7.098138809204102
0.031084999442100525,0.00000015899081518000457,0.0000005050002300777123,0.01236057747155428,0,0.00001030545354296919,-0.01517099142074585,794.96044921875,51.35964584350586,8.166866302490234,0,7.098138809204102
0.03108999878168106,0.00000021826326701557264,0.0000005050002300777123,0.011854489333927631,0,0.000010223258868791163,-0.01643885299563408,1091.32275390625,30.812576293945313,9.108600616455078,0,7.098138809204102
0.031094999983906746,0.00000027406193225942843,0.0000005050002300777123,0.01115973200649023,0,0.00001013734163279878,-0.017183490097522736,1370.3160400390625,9.334623336791992,10.093001365661621,0,7.098138809204102
0.031099999323487282,0.00000032549874617870955,0.0000005050002300777123,0.010287362150847912,0,0.00001005043577606557,-0.017381194978952408,1627.5001220703125,-12.390570640563965,11.08873462677002,0,7.098138809204102
0.031104998663067818,0.00000037175504985498264,0.0000005050002300777123,0.009251263923943043,0,0.000009965307071979623,-0.017025671899318695,1858.7816162109375,-33.67148971557617,12.064104080200195,0,7.098138809204102
0.031109999865293503,0.0000004120946925922908,0.0000005050002300777123,0.008067927323281765,0,0.000009884665814752225,-0.016128234565258026,2060.47998046875,-53.83076477050781,12.988065719604492,0,7.098138809204102
0.03111499920487404,0.00000044587562797460123,0.0000005050002300777123,0.006756185553967953,0,0.000009811078598431777,-0.014717444777488708,2229.384521484375,-72.22671508789063,13.83121109008789,0,7.098138809204102
0.031119998544454575,0.00000047256020252461894,0.0000005050002300777123,0.0053369151428341866,0,0.000009746887371875346,-0.012838207185268402,2362.807373046875,-88.27379608154297,14.566699028015137,0,7.098138809204102
0.03112499974668026,0.0000004917237106383254,0.0000005050002300777123,0.003832705318927765,0,0.000009694135769677814,-0.010550333186984062,2458.624755859375,-101.46122741699219,15.171120643615723,0,7.098138809204102
0.031129999086260796,0.0000005030611873735324,0.0000005050002300777123,0.002267496194690466,0,0.000009654502719058655,-0.007926644757390022,2515.312255859375,-111.36924743652344,15.625237464904785,0,7.098138809204102
0.03113499842584133,0.0000005063921548753569,0.0000005050002300777123,0.000666199077386409,0,0.000009629249689169228,-0.005050649866461754,2531.967041015625,-117.6824722290039,15.914593696594238,0,7.098138809204102
0.031139999628067017,0.0000005016636350774206,0.0000005050002300777123,-0.0009457009145990014,0,0.0000096191806733259,-0.002013890538364649,2508.324462890625,-120.199951171875,16.029979705810547,0,7.098138809204102
0.031144998967647552,0.0000004889508886662952,0.0000005050002300777123,-0.0025425495114177465,0,0.000009624615813663695,0.0010869756806641817,2444.7607421875,-118.841552734375,15.967720985412598,0,7.098138809204102
0.03114999830722809,0.00000046845622136970633,0.0000005050002300777123,-0.004098932258784771,0,0.000009645382306189276,0.004153250716626644,2342.28759765625,-113.65050506591797,15.7298002243042,0,7.098138809204102
0.031154999509453773,0.0000004405058291467867,0.0000005050002300777123,-0.005590078420937061,0,0.000009680818948254455,0.007087336853146553,2202.53564453125,-104.79203796386719,15.323789596557617,0,7.098138809204102
0.03115999884903431,0.0000004055445401718316,0.0000005050002300777123,-0.00699225626885891,0,0.000009729797966429032,0.009795844554901123,2027.7291259765625,-92.5481185913086,14.762613296508789,0,7.098138809204102
0.031165000051259995,0.0000003641287946720695,0.0000005050002300777123,-0.008283148519694805,0,0.00000979076048679417,0.012192562222480774,1820.650390625,-77.30846405029297,14.064133644104004,0,7.098138809204102
0.03116999939084053,0.00000031691774893261027,0.0000005050002300777123,-0.009442211128771305,0,0.000009861766557150986,0.014201205223798752,1584.5950927734375,-59.55815124511719,13.250581741333008,0,7.098138809204102
0.031174998730421066,0.00000026466278768566553,0.0000005050002300777123,-0.010450995527207851,0,0.000009940556083165575,0.015757841989398003,1323.3203125,-39.86216735839844,12.347856521606445,0,7.098138809204102
0.03117999993264675,0.00000020819555857087835,0.0000005050002300777123,-0.011293447576463223,0,0.000010024620678450447,0.016812922433018684,1040.9842529296875,-18.84743881225586,11.384687423706055,0,7.098138809204102
0.031184999272227287,0.0000001484147702512928,0.0000005050002300777123,-0.011956158094108105,0,0.000010111284609592985,0.01733286865055561,742.0802612304688,2.817138195037842,10.391733169555664,0,7.098138809204102
0.031189998611807823,0.00000008627186787180108,0.0000005050002300777123,-0.012428580783307552,0,0.000010197790288657416,0.017301129177212715,431.3656921386719,24.441980361938477,9.40060043334961,0,7.098138809204102
0.03119499981403351,0.000000022755891393444472,0.0000005050002300777123,-0.01270319614559412,0,0.000010281383765686769,0.016718721017241478,113.78582763671875,45.33877944946289,8.44283676147461,0,7.098138809204102
0.031199999153614044,-0.00000004112227713903849,0.0000005050002300777123,-0.012775634415447712,0,0.00001035940476867836,0.015604178421199322,0,129.68478393554688,2.81765079498291,0,7.098138809204102
0.03120499849319458,-0.00000010369152647626834,0.0000005050002300777123,-0.012513850815594196,0,0.00001041732139128726,0.011583360843360424,0,158.64002990722656,1.4302186965942383,0,7.098138809204102
0.031209999695420265,-0.00000016296021954076423,0.0000005050002300777123,-0.011853738687932491,0,0.000010451447451487184,0.006825204007327557,0,175.70004272460938,0.6127653121948242,0,7.098138809204102
0.0312149990350008,-0.00000021704177299852745,0.0000005050002300777123,-0.010816310532391071,0,0.000010459610166435596,0.0016326175536960363,0,179.7788543701172,0.41732779145240784,0,7.098138809204102
0.031219998374581337,-0.0000002642147194364952,0.0000005050002300777123,-0.009434589184820652,0,0.000010441291124152485,-0.003663834882900119,0,170.61688232421875,0.8563442230224609,0,7.098138809204102
0.031224999576807022,-0.00000030297749731289514,0.0000005050002300777123,-0.007752555422484875,0,0.000010397656296845526,-0.008726979605853558,0,148.79747009277344,1.9018620252609253,0,7.098138809204102
0.031229998916387558,-0.0000003320962491670798,0.0000005050002300777123,-0.005823750048875809,0,0.000010331484190828633,-0.013234497979283333,0,115.70975494384766,3.4873178005218506,0,7.098138809204102
0.031235000118613243,-0.0000003506440862111049,0.0000005050002300777123,-0.0037095684092491865,0,0.000010246986676065717,-0.01689944416284561,0.0001220703125,73.46021270751953,5.511777877807617,0,7.098138809204102
0.03123999945819378,-0.000000358030632696682,0.0000005050002300777123,-0.0014773074071854353,0,0.000010149544323212467,-0.019488513469696045,0,24.738554000854492,7.846357345581055,0,7.098138809204102
0.031244998797774315,-0.00000035402075582169346,0.0000005050002300777123,0.0008019777596928179,0,0.000010045359886134975,-0.02083689719438553,0.0001220703125,-27.353487014770508,10.34243392944336,0,7.098138809204102
0.03125,-0.00000033874206906148174,0.0000005050002300777123,0.0030557354912161827,0,0.00000994106630969327,-0.0208587683737278,0,-79.4996337890625,12.841102600097656,0,7.098138809204102
0.031254999339580536,-0.00000031268092470781994,0.0000005050002300777123,0.0052122268825769424,0,0.000009843302905210294,-0.019552748650312424,0.0001220703125,-128.38018798828125,15.183293342590332,0,7.098138809204102
0.03125999867916107,-0.0000002766668956155627,0.0000005050002300777123,0.007202807813882828,0,0.00000975829334493028,-0.01700199767947197,0.0001220703125,-170.88336181640625,17.219900131225586,0,7.098138809204102
0.03126499801874161,-0.00000023184631459116645,0.0000005050002300777123,0.008964115753769875,0,0.000009691449122328777,-0.013368910178542137,0,-204.30337524414063,18.821269989013672,0,7.098138809204102
0.031269997358322144,-0.00000017964588039376395,0.0000005050002300777123,0.01044008694589138,0,0.000009647024853620678,-0.008884789422154427,0.00006103515625,-226.51271057128906,19.88546371459961,0,7.098138809204102
0.03127500042319298,-0.00000012172718300007546,0.0000005050002300777123,0.011583739891648293,0,0.000009627849067328498,-0.0038351125549525023,0,-236.09756469726563,20.344730377197266,0,7.098138809204102
0.031279999762773514,-0.00000005993383211944092,0.0000005050002300777123,0.012358671054244041,0,0.000009635142305342015,0.00145864044316113,0,-232.44784545898438,20.169841766357422,0,7.098138809204102
0.03128499910235405,0.000000003767233636153833,0.0000005050002300777123,0.012740213423967361,0,0.000009668439815868624,0.006659453734755516,18.84254264831543,-107.89799499511719,15.466192245483398,0,7.098138809204102
0.031289998441934586,0.00000006740832247942308,0.0000005050002300777123,0.012728217989206314,0,0.000009715675332699902,0.009447053074836731,337.0479736328125,-96.08757019042969,14.924875259399414,0,7.098138809204102
0.03129499778151512,0.0000001299765557405408,0.0000005050002300777123,0.012513646855950356,0,0.000009775344551599119,0.011933902278542519,649.88916015625,-81.16860961914063,14.241083145141602,0,7.098138809204102
0.031300000846385956,0.00000019047612909162126,0.0000005050002300777123,0.012099914252758026,0,0.000009845548447628971,0.014040844514966011,952.3870239257813,-63.61602783203125,13.436582565307617,0,7.098138809204102
0.03130500018596649,0.00000024794417186058126,0.0000005050002300777123,0.011493606492877007,0,0.000009924052392307203,0.015700813382864,1239.727294921875,-43.98855972290039,12.536983489990234,0,7.098138809204102
0.03130999952554703,0.00000030146603080538625,0.0000005050002300777123,0.010704372078180313,0,0.000010008357094193343,0.016860973089933395,1507.3365478515625,-22.910991668701172,11.5709228515625,0,7.098138809204102
0.031314998865127563,0.000000350189907294407,0.0000005050002300777123,0.00974477268755436,0,0.000010095778634422459,0.017484396696090698,1750.9559326171875,-1.0542668104171753,10.569150924682617,0,7.098138809204102
0.0313199982047081,0.000000393340314985835,0.0000005050002300777123,0.00863008014857769,0,0.000010183534868701827,0.0175512433052063,1966.7080078125,20.885875701904297,9.563556671142578,0,7.098138809204102
0.031324997544288635,0.0000004302305001147033,0.0000005050002300777123,0.007378034759312868,0,0.000010268831829307601,0.017059389501810074,2151.158935546875,42.21104431152344,8.586149215698242,0,7.098138809204102
0.03133000060915947,0.0000004602733270075987,0.0000005050002300777123,0.006008564028888941,0,0.000010348954674554989,0.01602449268102646,2301.373046875,62.24241638183594,7.668042182922363,0,7.098138809204102
0.031334999948740005,0.000000482990628825064,0.0000005050002300777123,0.0045434641651809216,0,0.000010421352271805517,0.014479503035545349,2414.95947265625,80.34236907958984,6.838458061218262,0,7.098138809204102
0.03133999928832054,0.0000004980208814231446,0.0000005050002300777123,0.003006052691489458,0,0.000010483719961484894,0.01247360184788704,2490.110595703125,95.93475341796875,6.123805046081543,0,7.098138809204102
0.03134499862790108,0.0000005051248876952741,0.0000005050002300777123,0.0014207987114787102,0,0.00001053407322615385,0.010070642456412315,2525.630615234375,108.52323913574219,5.54683256149292,0,7.098138809204102
0.03134999796748161,0.0000005041895292379195,0.0000005050002300777123,-0.00018706789705902338,0,0.000010570808626653161,0.007347120437771082,2520.953857421875,117.70711517333984,5.1259050369262695,0,7.098138809204102
0.03135500103235245,0.0000004952297558702412,0.0000005050002300777123,-0.001791957183741033,0,0.000010592757462291047,0.004389733541756868,2476.155029296875,123.19405364990234,4.8744215965271,0,7.098138809204102
0.03136000037193298,0.0000004783881308867421,0.0000005050002300777123,-0.0033683269284665585,0,0.000010599220331641845,0.001292622648179531,2391.947021484375,124.80941009521484,4.80038595199585,0,7.098138809204102
0.03136499971151352,0.00000045393269942906045,0.0000005050002300777123,-0.004891087766736746,0,0.000010589992598397657,-0.0018456229008734226,2269.669921875,122.50176239013672,4.906156063079834,0,7.098138809204102
0.031369999051094055,0.00000042225266838613607,0.0000005050002300777123,-0.006336004938930273,0,0.000010565367119852453,-0.0049251047894358635,2111.269775390625,116.3445816040039,5.188363075256348,0,7.098138809204102
0.03137499839067459,0.0000003838522673049738,0.0000005050002300777123,-0.00768008129671216,0,0.000010526127880439162,-0.007847795262932777,1919.267822265625,106.53386688232422,5.63802433013916,0,7.098138809204102
0.03137999773025513,0.0000003393426482034556,0.0000005050002300777123,-0.008901925757527351,0,0.00001047352452587802,-0.010520657524466515,1696.7196044921875,93.38191986083984,6.240826606750488,0,7.098138809204102
0.03138500079512596,0.0000002894321937674249,0.0000005050002300777123,-0.009982090443372726,0,0.00001040923143591499,-0.012858608737587929,1447.1673583984375,77.3073959350586,6.977581024169922,0,7.098138809204102
0.0313900001347065,0.00000023491526235375204,0.0000005050002300777123,-0.010903386399149895,0,0.000010335294973629061,-0.014787225052714348,1174.582763671875,58.82198715209961,7.824834823608398,0,7.098138809204102
0.03139499947428703,0.0000001766595119079284,0.0000005050002300777123,-0.011651149019598961,0,0.000010254069820803124,-0.01624511368572712,883.3038940429688,38.51412582397461,8.75561809539795,0,7.098138809204102
0.03139999881386757,0.00000011559212254041995,0.0000005050002300777123,-0.012213477864861488,0,0.000010168140761379618,-0.017185868695378304,577.9669799804688,17.030248641967773,9.740302085876465,0,7.098138809204102
0.031404998153448105,0.000000052685010132336174,0.0000005050002300777123,-0.012581422924995422,0,0.000010080242645926774,-0.017579538747668266,263.4314270019531,-4.945761680603027,10.747542381286621,0,7.098138809204102
0.03140999749302864,-0.000000011060627969072812,0.0000005050002300777123,-0.01274912804365158,0,0.000009993174899136648,-0.01741359569132328,0.000003814697265625,-53.42873001098633,13.12769603729248,0,7.098138809204102
0.031415000557899475,-0.00000007445423477747681,0.0000005050002300777123,-0.0126787219196558,0,0.000009913228495861404,-0.015989260748028755,0,-93.40508270263672,15.04323673248291,0,7.098138809204102
0.03141999989748001,-0.00000013547793287216336,0.0000005050002300777123,-0.012204740196466446,0,0.000009845493877946865,-0.013546936213970184,0,-127.27550506591797,16.666200637817383,0,7.098138809204102
0.03142499923706055,-0.0000001921892760492483,0.0000005050002300777123,-0.01134226843714714,0,0.000009794282959774137,-0.010242108255624771,0.00006103515625,-152.88363647460938,17.89326286315918,0,7.098138809204102
0.03142999857664108,-0.0000002427830736451142,0.0000005050002300777123,-0.010118762031197548,0,0.000009762857189343777,-0.0062851738184690475,0.0001220703125,-168.59912109375,18.64630126953125,0,7.098138809204102
0.03143499791622162,-0.00000028564889476001554,0.0000005050002300777123,-0.008573165163397789,0,0.000009753216545504984,-0.001928047277033329,0.0001220703125,-173.42140197753906,18.87737274169922,0,7.098138809204102
0.03144000098109245,-0.00000031942226996761747,0.0000005050002300777123,-0.006754674948751926,0,0.000009765975846676156,0.0025518774054944515,0.0001220703125,-167.0434112548828,18.57176399230957,0,7.098138809204102
0.03144500032067299,-0.00000034302814810871496,0.0000005050002300777123,-0.004721177741885185,0,0.00000980032291408861,0.006869387812912464,0,-149.8711395263672,17.748929977416992,0,7.098138809204102
0.031449999660253525,-0.0000003557151444510964,0.0000005050002300777123,-0.0025374004617333412,0,0.000009854071322479285,0.01074960920959711,0,-122.99775695800781,16.46124839782715,0,7.098138809204102
0.03145499899983406,-0.00000035707941492546524,0.0000005050002300777123,-0.0002728553954511881,0,0.000009923798643285409,0.013945505954325199,0,-88.13406372070313,14.790696144104004,0,7.098138809204102
0.0314599983394146,-0.00000034707753115981177,0.0000005050002300777123,0.0020003747195005417,0,0.000010005066542362329,0.016253605484962463,0,-47.499542236328125,12.843624114990234,0,7.098138809204102
0.03146499767899513,-0.0000003260278731431754,0.0000005050002300777123,0.004209931008517742,0,0.000010092700904351659,0.017526954412460327,0,-3.6810967922210693,10.743987083435059,0,7.098138809204102
0.03147000074386597,-0.00000029460045425366843,0.0000005050002300777123,0.006285481154918671,0,0.000010181122888752725,0.01768447831273079,0,40.531681060791016,8.625454902648926,0,7.098138809204102
0.0314750000834465,-0.00000025379566181982227,0.0000005050002300777123,0.008160957135260105,0,0.000010264703632856254,0.016716133803129196,0,82.3240737915039,6.622898101806641,0,7.098138809204102
0.03147999942302704,-0.00000020491235375175165,0.0000005050002300777123,0.009776662103831768,0,0.000010338121683162171,0.014683552086353302,0,119.0354232788086,4.863807678222656,0,7.098138809204102
0.031484998762607574,-0.0000001495065191647882,0.0000005050002300777123,0.011081165634095669,0,0.000010396702236903366,0.011716123670339584,0,148.3285369873047,3.460174083709717,0,7.098138809204102
0.03148999810218811,-0.00000008934178907793466,0.0000005050002300777123,0.012032945640385151,0,0.000010436716365802567,0.008002754300832748,0.000030517578125,168.3384552001953,2.501359462738037,0,7.098138809204102
0.031494997441768646,-0.000000026333268010603206,0.0000005050002300777123,0.012601704336702824,0,0.000010455615665705409,0.0037798353005200624,0,177.79122924804688,3.1549880504608154,0,7.098138809204102
0.03150000050663948,0.00000003751342347868558,0.0000005050002300777123,0.012769338674843311,0,0.000010455014489707537,-0.00012021884322166443,187.573486328125,88.74695587158203,6.453293323516846,0,7.098138809204102
0.031504999846220016,0.00000010076304590711516,0.0000005050002300777123,0.012649924494326115,0,0.000010443313840369228,-0.002340141450986266,503.82159423828125,85.82337951660156,6.587284088134766,0,7.098138809204102
0.03150999918580055,0.0000001624089520646521,0.0000005050002300777123,0.012329180724918842,0,0.000010420885701023508,-0.004485615529119968,812.0511474609375,80.2179183959961,6.8441948890686035,0,7.098138809204102
0.03151499852538109,0.00000022147001743633155,0.0000005050002300777123,0.011812212876975536,0,0.000010388444025011268,-0.0064883483573794365,1107.3564453125,72.10897064208984,7.215848922729492,0,7.098138809204102
0.031519997864961624,0.0000002770062508261617,0.0000005050002300777123,0.01110724825412035,0,0.00001034702108881902,-0.00828458834439516,1385.03759765625,61.754638671875,7.6904168128967285,0,7.098138809204102
0.03152500092983246,0.00000032813377970342117,0.0000005050002300777123,0.010225505568087101,0,0.000010297935659764335,-0.009817157872021198,1640.6751708984375,49.48448181152344,8.252793312072754,0,7.098138809204102
0.031530000269412994,0.00000037403887631626276,0.0000005050002300777123,0.009181019850075245,0,0.000010242749340250157,-0.011037270538508892,1870.2008056640625,35.68905258178711,8.885079383850098,0,7.098138809204102
0.03153499960899353,0.0000004139909322020685,0.0000005050002300777123,0.007990413345396519,0,0.000010183219274040312,-0.011906084604561329,2069.9609375,20.80745506286621,9.56714916229248,0,7.098138809204102
0.031539998948574066,0.00000044735412529917085,0.0000005050002300777123,0.0066726356744766235,0,0.000010121239938598592,-0.012395941652357578,2236.777099609375,5.313370704650879,10.277291297912598,0,7.098138809204102
0.0315449982881546,0.0000004735974243885721,0.0000005050002300777123,0.005248659290373325,0,0.000010058784027933143,-0.01249124575406313,2367.99365234375,-10.300024032592773,10.992902755737305,0,7.098138809204102
0.03154999762773514,0.0000004923031724501925,0.0000005050002300777123,0.003741147927939892,0,0.00000999783878796734,-0.012188957072794437,2461.522216796875,-25.535747528076172,11.691205024719238,0,7.098138809204102
0.03155500069260597,0.0000005031736236560391,0.0000005050002300777123,0.002174094319343567,0,0.000009940345080394763,-0.011498694308102131,2515.87451171875,-39.90884017944336,12.349969863891602,0,7.098138809204102
0.03156000003218651,0.0000005060358034825185,0.0000005050002300777123,0.0005724390503019094,0,0.000009888132808555383,-0.01044242363423109,2530.185302734375,-52.961795806884766,12.94822883605957,0,7.098138809204102
0.031564999371767044,0.0000005008441803511232,0.0000005050002300777123,-0.001038326765410602,0,0.000009842863619269338,-0.009053762070834637,2504.227294921875,-64.27912902832031,13.466940879821777,0,7.098138809204102
0.03156999871134758,0.0000004876813477494579,0.0000005050002300777123,-0.0026325671933591366,0,0.000009805979061638936,-0.007376907858997583,2438.412841796875,-73.50059509277344,13.889593124389648,0,7.098138809204102
0.031574998050928116,0.0000004667568020977342,0.0000005050002300777123,-0.004184908699244261,0,0.000009778653293324169,-0.005465230438858271,2333.79052734375,-80.3326644897461,14.20273208618164,0,7.098138809204102
0.03157999739050865,0.000000438403560565348,0.0000005050002300777123,-0.005670645739883184,0,0.00000976175579125993,-0.003379576373845339,2192.024169921875,-84.55785369873047,14.396389961242676,0,7.098138809204102
0.031585000455379486,0.0000004030729030546354,0.0000005050002300777123,-0.007066131103783846,0,0.000009755824066814966,-0.0011863285908475518,2015.3709716796875,-86.04165649414063,14.464401245117188,0,7.098138809204102
0.03158999979496002,0.0000003613271246649674,0.0000005050002300777123,-0.008349156007170677,0,0.000009761047294887248,0.0010447039967402816,1806.6419677734375,-84.73683166503906,14.404600143432617,0,7.098138809204102
0.03159499913454056,0.00000031383063969769864,0.0000005050002300777123,-0.00949930027127266,0,0.000009777259947441053,0.0032425096724182367,1569.1595458984375,-80.68489074707031,14.218892097473145,0,7.098138809204102
0.031599998474121094,0.0000002613393519368401,0.0000005050002300777123,-0.010498257353901863,0,0.000009803945431485772,0.005337133537977934,1306.703125,-74.01480102539063,13.91318416595459,0,7.098138809204102
0.03160499781370163,0.0000002046887033202438,0.0000005050002300777123,-0.011330129578709602,0,0.000009840255188464653,0.007261904422193766,1023.4498901367188,-64.93885040283203,13.497209548950195,0,7.098138809204102
0.031610000878572464,0.00000014478031573617045,0.0000005050002300777123,-0.011981677263975143,0,0.000009885033250611741,0.008955558761954308,723.907958984375,-53.745914459228516,12.984207153320313,0,7.098138809204102
0.031615000218153,0.00000008256765937630917,0.0000005050002300777123,-0.012442531064152718,0,0.000009936854439729359,0.010364187881350517,412.8446350097656,-40.79225158691406,12.390503883361816,0,7.098138809204102
0.031619999557733536,0.000000019040882648369006,0.0000005050002300777123,-0.012705355882644653,0,0.00000999406893242849,0.01144295372068882,95.2107925415039,-26.490163803100586,11.73499870300293,0,7.098138809204102
0.03162499889731407,-0.00000004478895476722755,0.0000005050002300777123,-0.012765968218445778,0,0.000010054856829810888,0.012157520279288292,0,-22.589750289916992,6.987290859222412,0,7.098138809204102
0.03162999823689461,-0.0000001071931663432224,0.0000005050002300777123,-0.0124808419495821,0,0.000010106966328748967,0.01042184978723526,0,3.4617209434509277,5.738997936248779,0,7.098138809204102
0.03163499757647514,-0.0000001661853445966699,0.0000005050002300777123,-0.011798437684774399,0,0.000010147080502065364,0.008022785186767578,0,23.515703201293945,4.7780842781066895,0,7.098138809204102
0.03164000064134598,-0.0000002198877382397768,0.0000005050002300777123,-0.010740477591753006,0,0.0000101726454886375,0.0051130494102835655,0,36.29561233520508,4.165719032287598,0,7.098138809204102
0.031644999980926514,-0.00000026659091645342414,0.0000005050002300777123,-0.009340638294816017,0,0.000010182035111938603,0.0018778761150315404,0.0001220703125,40.987945556640625,3.9408836364746094,0,7.098138809204102
0.03164999932050705,-0.0000003048082817258546,0.0000005050002300777123,-0.007643476128578186,0,0.000010174650924454909,-0.001476786215789616,0,37.29404830932617,4.117887020111084,0,7.098138809204102
0.031654998660087585,-0.0000003333233564717375,0.0000005050002300777123,-0.005703015252947807,0,0.000010150964044441935,-0.004737384617328644,0,25.449146270751953,4.685457229614258,0,7.098138809204102
0.03165999799966812,-0.0000003512284649787034,0.0000005050002300777123,-0.003581021213904023,0,0.00001011248241411522,-0.007696354761719704,0,6.207356929779053,5.607461929321289,0,7.098138809204102
0.03166499733924866,-0.00000035795366670754447,0.0000005050002300777123,-0.0013450399274006486,0,0.00001006165530270664,-0.010165337473154068,0,-19.206323623657227,6.82520055770874,0,7.098138809204102
0.03167000040411949,-0.00000035328488934283087,0.0000005050002300777123,0.0009337555384263396,0,0.000010001719601859804,-0.011987166479229927,0.0001220703125,-49.17400360107422,8.261151313781738,0,7.098138809204102
0.03167499974370003,-0.0000003373707500031742,0.0000005050002300777123,0.0031828286591917276,0,0.00000993649064184865,-0.013045873492956161,0.0001220703125,-81.78787994384766,9.823899269104004,0,7.098138809204102
0.03167999908328056,-0.0000003107178088157525,0.0000005050002300777123,0.005330589599907398,0,0.00000987012026598677,-0.013274075463414192,0,-114.97171783447266,11.413955688476563,0,7.098138809204102
0.0316849984228611,-0.0000002741744538070634,0.0000005050002300777123,0.007308672182261944,0,0.000009806833986658603,-0.012657258659601212,0,-146.61302185058594,12.930096626281738,0,7.098138809204102
0.031689997762441635,-0.000000228903900278965,0.0000005050002300777123,0.009054112248122692,0,0.000009750660865393002,-0.011234702542424202,0,-174.69749450683594,14.27580738067627,0,7.098138809204102
0.03169500082731247,-0.00000017634714311043354,0.0000005050002300777123,0.010511352680623531,0,0.000009705176125862636,-0.009096980094909668,0,-197.43728637695313,15.36541748046875,0,7.098138809204102
0.031700000166893005,-0.00000011817711254025198,0.0000005050002300777123,0.011634006164968014,0,0.00000967327559919795,-0.006380193866789341,0,-213.38482666015625,16.12956428527832,0,7.098138809204102
0.03170499950647354,-0.000000056245426094392315,0.0000005050002300777123,0.012386337853968143,0,0.000009656989277573302,-0.0032573072239756584,0,-221.52496337890625,16.519607543945313,0,7.098138809204102
0.03170999884605408,0.000000007476572250197933,0.0000005050002300777123,0.012744399718940258,0,0.000009657353984948713,0.00007286667823791504,37.38923645019531,-110.66979217529297,15.593234062194824,0,7.098138809204102
0.03171499818563461,0.00000007107955468654836,0.0000005050002300777123,0.012720596976578236,0,0.000009672009582573082,0.002931049559265375,355.4041442871094,-107.0043716430664,15.425230026245117,0,7.098138809204102
0.03171999752521515,0.0000001335512536115857,0.0000005050002300777123,0.012494339607656002,0,0.0000097004894996644,0.0056958929635584354,667.7626342773438,-99.88292694091797,15.098824501037598,0,7.098138809204102
0.03172500059008598,0.00000019389739236430614,0.0000005050002300777123,0.012069229036569595,0,0.000009741886060510296,0.008279390633106232,969.4933471679688,-89.53216552734375,14.624407768249512,0,7.098138809204102
0.03172999992966652,0.00000025115753032878274,0.0000005050002300777123,0.011452030390501022,0,0.000009794882316782605,0.010599307715892792,1255.7940673828125,-76.28158569335938,14.017083168029785,0,7.098138809204102
0.031734999269247055,0.00000030442038223554846,0.0000005050002300777123,0.010652568191289902,0,0.000009857791155809537,0.012581802904605865,1522.1082763671875,-60.5529899597168,13.296183586120605,0,7.098138809204102
0.03173999860882759,0.00000035283821375742264,0.0000005050002300777123,0.009683564305305481,0,0.000009928609870257787,0.014163771644234657,1764.197509765625,-42.84705352783203,12.48465633392334,0,7.098138809204102
0.03174499794840813,0.00000039564042708661873,0.0000005050002300777123,0.008560441434383392,0,0.000010005083822761662,0.015294862911105156,1978.2083740234375,-23.727392196655273,11.608333587646484,0,7.098138809204102
0.03175000101327896,0.0000004321458106915088,0.0000005050002300777123,0.007301075384020805,0,0.000010084779205499217,0.015939075499773026,2160.7353515625,-3.8026254177093506,10.695111274719238,0,7.098138809204102
0.0317550003528595,0.00000046177333956620714,0.0000005050002300777123,0.005925508216023445,0,0.000010165158528252505,0.01607590913772583,2308.873046875,16.293006896972656,9.774057388305664,0,7.098138809204102
0.03175999969244003,0.0000004840514975512633,0.0000005050002300777123,0.004455634392797947,0,0.000010243663382425439,0.015701010823249817,2420.263671875,35.919830322265625,8.874492645263672,0,7.098138809204102
0.03176499903202057,0.0000004986257522432425,0.0000005050002300777123,0.002914846409112215,0,0.000010317795386072248,0.014826320111751556,2493.135009765625,54.45309829711914,8.025050163269043,0,7.098138809204102
0.031769998371601105,0.0000005052640972280642,0.0000005050002300777123,0.0013276672689244151,0,0.000010385193490947131,0.013479683548212051,2526.326904296875,71.30287170410156,7.252767562866211,0,7.098138809204102
0.03177499771118164,0.0000005038608605900663,0.0000005050002300777123,-0.00028064241632819176,0,0.000010443713108543307,0.011703971773386002,2519.310546875,85.93280029296875,6.582229137420654,0,7.098138809204102
0.031780000776052475,0.0000004944384386362799,0.0000005050002300777123,-0.0018844855949282646,0,0.000010491491593711544,0.009555710479617119,2472.198486328125,97.87720489501953,6.034778118133545,0,7.098138809204102
0.03178500011563301,0.000000477146727462241,0.0000005050002300777123,-0.0034583364613354206,0,0.000010527008271310478,0.007103288546204567,2385.739990234375,106.7558822631836,5.627840995788574,0,7.098138809204102
0.03178999945521355,0.00000045226099132378295,0.0000005050002300777123,-0.0049771456979215145,0,0.000010549131729931105,0.004424772225320339,2261.311279296875,112.28621673583984,5.374370098114014,0,7.098138809204102
0.03179499879479408,0.00000042017728674181853,0.0000005050002300777123,-0.006416741292923689,0,0.000010557158930168953,0.001605427241884172,2100.892822265625,114.29219055175781,5.2824320793151855,0,7.098138809204102
0.03179999813437462,0.00000038140623814797436,0.0000005050002300777123,-0.007754211779683828,0,0.000010550834304012824,-0.0012649992713704705,1907.0374755859375,112.7099609375,5.354955673217773,0,7.098138809204102
0.031804997473955154,0.0000003365648808539845,0.0000005050002300777123,-0.00896826945245266,0,0.00001053035884979181,-0.004095135256648064,1682.8309326171875,107.58991241455078,5.589630126953125,0,7.098138809204102
0.03181000053882599,0.00000028636691240535583,0.0000005050002300777123,-0.010039594024419785,0,0.000010496384675207082,-0.006794889457523823,1431.8409423828125,99.09503173828125,5.978984355926514,0,7.098138809204102
0.031814999878406525,0.00000023161123863246758,0.0000005050002300777123,-0.010951133444905281,0,0.000010449993169459049,-0.00927832443267107,1158.0626220703125,87.49574279785156,6.510623931884766,0,7.098138809204102
0.03181999921798706,0.0000001731693402007295,0.0000005050002300777123,-0.01168837957084179,0,0.000010392661351943389,-0.01146638486534357,865.8531494140625,73.16128540039063,7.167625904083252,0,7.098138809204102
0.031824998557567596,0.00000011197134597296099,0.0000005050002300777123,-0.012239599600434303,0,0.00001032621457852656,-0.013289421796798706,559.8630981445313,56.5479621887207,7.9290771484375,0,7.098138809204102
0.03182999789714813,0.000000048991246615059936,0.0000005050002300777123,-0.012596020475029945,0,0.000010252767424390186,-0.014689404517412186,244.9626007080078,38.18461608886719,8.770736694335938,0,7.098138809204102
0.03183500096201897,-0.000000014768595235636894,0.0000005050002300777123,-0.012751968577504158,0,0.000010174658200412523,-0.015621768310666084,0,37.311588287353516,11.51172924041748,0,7.098138809204102
0.0318400003015995,-0.00000007805837753949163,0.0000005050002300777123,-0.012657957151532173,0,0.000010099074643221684,-0.015116717666387558,0,-0.4834012985229492,13.322745323181152,0,7.098138809204102
0.03184499964118004,-0.0000001388635268995131,0.0000005050002300777123,-0.012161029502749443,0,0.000010030828889284749,-0.013649225234985352,0,-34.609535217285156,14.957962989807129,0,7.098138809204102
0.031849998980760574,-0.00000019524854621977283,0.0000005050002300777123,-0.011277005076408386,0,0.000009974265594792087,-0.011312717571854591,0,-62.89417266845703,16.313274383544922,0,7.098138809204102
0.03185499832034111,-0.000000245418647182305,0.0000005050002300777123,-0.010034022852778435,0,0.000009932985449268017,-0.00825594738125801,0,-83.53657531738281,17.30239486694336,0,7.098138809204102
0.031859997659921646,-0.00000028777688498848875,0.0000005050002300777123,-0.008471647277474403,0,0.000009909617801895365,-0.004673522897064686,0,-95.22251892089844,17.862350463867188,0,7.098138809204102
0.03186500072479248,-0.00000032097494795380044,0.0000005050002300777123,-0.006639610044658184,0,0.000009905650586006232,-0.0007935186149552464,0.0001220703125,-97.20799255371094,17.957490921020508,0,7.098138809204102
0.031870000064373016,-0.0000003439560884999082,0.0000005050002300777123,-0.004596227779984474,0,0.000009921335731633008,0.003137045307084918,0,-89.36653900146484,17.581758499145508,0,7.098138809204102
0.03187499940395355,-0.0000003559888170912018,0.0000005050002300777123,-0.002406543120741844,0,0.000009955675523087848,0.006867928430438042,0,-72.19732666015625,16.75906753540039,0,7.098138809204102
0.03187999874353409,-0.00000035669009434968757,0.0000005050002300777123,-0.00014025578275322914,0,0.00001000648353510769,0.01016160100698471,0.0001220703125,-46.793357849121094,15.541794776916504,0,7.098138809204102
0.031884998083114624,-0.0000003460376092334627,0.0000005050002300777123,0.0021304956171661615,0,0.000010070525604533032,0.012808367609977722,0,-14.771903038024902,14.00743293762207,0,7.098138809204102
0.03188999742269516,-0.0000003243704611577414,0.0000005050002300777123,0.0043334318324923515,0,0.000010143724466615822,0.014639712870121002,0,21.828472137451172,12.253663063049316,0,7.098138809204102
0.031895000487565994,-0.0000002923783029018523,0.0000005050002300777123,0.006398430094122887,0,0.000010221419870504178,0.015539038926362991,0,60.67768478393555,10.392134666442871,0,7.098138809204102
0.03189999982714653,-0.0000002510795127363963,0.0000005050002300777123,0.008259760215878487,0,0.000010298665074515156,0.015449076890945435,0,99.30245971679688,8.541359901428223,0,7.098138809204102
0.031904999166727066,-0.00000020178865156594838,0.0000005050002300777123,0.009858174249529839,0,0.000010370542440796271,0.014375543221831322,0.00006103515625,135.24380493164063,6.819163799285889,0,7.098138809204102
0.0319099985063076,-0.0000001460746972270499,0.0000005050002300777123,0.01114279218018055,0,0.000010432476301502902,0.01238677091896534,0.00006103515625,166.2135467529297,5.3351922035217285,0,7.098138809204102
0.03191499784588814,-0.00000008571107912302978,0.0000005050002300777123,0.012072723358869553,0,0.000010480523087608162,0.009609360247850418,0,190.239990234375,4.183918476104736,0,7.098138809204102
0.03192000091075897,-0.00000002261923981450309,0.0000005050002300777123,0.012618368491530418,0,0.000010511623258935288,0.006220121402293444,0,205.79347229003906,3.4386396408081055,0,7.098138809204102
0.03192500025033951,0.00000004119254981560516,0.0000005050002300777123,0.012762358412146568,0,0.00001052379775501322,0.002434816677123308,205.9691162109375,105.9418716430664,5.665196895599365,0,7.098138809204102
0.031929999589920044,0.00000010434871455800021,0.0000005050002300777123,0.012631233781576157,0,0.000010522682714508846,-0.0002229709643870592,521.7499389648438,105.66474914550781,5.677891731262207,0,7.098138809204102
0.03193499892950058,0.00000016584409934239375,0.0000005050002300777123,0.012299077585339546,0,0.000010508314517210238,-0.0028737017419189215,829.2268676757813,102.07417297363281,5.842453479766846,0,7.098138809204102
0.031939998269081116,0.00000022469995997198566,0.0000005050002300777123,0.011771174147725105,0,0.000010481149729457684,-0.005432999227195978,1123.5062255859375,95.28440856933594,6.153645038604736,0,7.098138809204102
0.03194499760866165,0.0000002799795879582234,0.0000005050002300777123,0.011055927723646164,0,0.00001044205237121787,-0.007819396443665028,1399.904296875,85.51155853271484,6.601561069488525,0,7.098138809204102
0.031950000673532486,0.0000003308032034965436,0.0000005050002300777123,0.010164720937609673,0,0.000010392267540737521,-0.00995693076401949,1654.0224609375,73.06668090820313,7.171946048736572,0,7.098138809204102
0.03195500001311302,0.0000003763618963148474,0.0000005050002300777123,0.009111737832427025,0,0.000010333379577787127,-0.011777558363974094,1881.8157958984375,58.34588623046875,7.846644401550293,0,7.098138809204102
0.03195999935269356,0.00000041593057176214643,0.0000005050002300777123,0.007913736626505852,0,0.000010267262950947043,-0.013223323971033096,2079.6591796875,41.81772994995117,8.604181289672852,0,7.098138809204102
0.031964998692274094,0.0000004488794900225912,0.0000005050002300777123,0.006589784286916256,0,0.000010196022230957169,-0.014248203486204147,2244.40380859375,24.0083065032959,9.420442581176758,0,7.098138809204102
0.03196999803185463,0.00000047468424213548133,0.0000005050002300777123,0.005160952918231487,0,0.000010121924788109027,-0.014819569885730743,2373.427490234375,5.484496593475342,10.269448280334473,0,7.098138809204102
0.031974997371435165,0.0000004929341343995475,0.0000005050002300777123,0.003649981925264001,0,0.000010047328942164313,-0.014919230714440346,2464.677001953125,-13.164079666137695,11.124173164367676,0,7.098138809204102
0.031980000436306,0.0000005033387537878298,0.0000005050002300777123,0.0020809194538742304,0,0.000009974608474294655,-0.014544010162353516,2516.699951171875,-31.343828201293945,11.957409858703613,0,7.098138809204102
0.031984999775886536,0.0000005057324301560584,0.0000005050002300777123,0.00047873868606984615,0,0.000009906078958010767,-0.013705845922231674,2528.66845703125,-48.47607421875,12.742636680603027,0,7.098138809204102
0.03198999911546707,0.0000005000771352570155,0.0000005050002300777123,-0.0011310615809634328,0,0.000009843922271102201,-0.012431412935256958,2500.391845703125,-64.0154800415039,13.454861640930176,0,7.098138809204102
0.03199499845504761,0.0000004864628522227576,0.0000005050002300777123,-0.002722860313951969,0,0.000009790115655050613,-0.01076127216219902,2432.320556640625,-77.46741485595703,14.071409225463867,0,7.098138809204102
0.03199999779462814,0.0000004651062397442729,0.0000005050002300777123,-0.004271323326975107,0,0.000009746372597874142,-0.008748581632971764,2325.53759765625,-88.40367889404297,14.572656631469727,0,7.098138809204102
0.03200500085949898,0.00000043634722146634886,0.0000005050002300777123,-0.00575180584564805,0,0.000009714085535961203,-0.006457400508224964,2181.742431640625,-96.47615814208984,14.942647933959961,0,7.098138809204102
0.032010000199079514,0.00000040064350059765275,0.0000005050002300777123,-0.007140745874494314,0,0.0000096942821983248,-0.003960656002163887,2003.223876953125,-101.4278793334961,15.16960620880127,0,7.098138809204102
0.03201499953866005,0.00000035856331237482664,0.0000005050002300777123,-0.008416037075221539,0,0.00000968759286479326,-0.0013378164730966091,1792.8228759765625,-103.10121154785156,15.246304512023926,0,7.098138809204102
0.032019998878240585,0.00000031077638595888857,0.0000005050002300777123,-0.009557384066283703,0,0.0000096942312666215,0.0013276340905576944,1553.8883056640625,-101.44287872314453,15.170302391052246,0,7.098138809204102
0.03202499821782112,0.00000025804328629419615,0.0000005050002300777123,-0.01054662000387907,0,0.000009713985491544008,0.003950855694711208,1290.2227783203125,-96.5056381225586,14.944018363952637,0,7.098138809204102
0.03202999755740166,0.00000020120327803851978,0.0000005050002300777123,-0.011368000879883766,0,0.000009746227078721859,0.00644835177809,1006.0227661132813,-88.4466323852539,14.574652671813965,0,7.098138809204102
0.03203500062227249,0.0000001411609957813198,0.0000005050002300777123,-0.012008454650640488,0,0.000009789930118131451,0.008740626275539398,705.8114013671875,-77.5223617553711,14.073963165283203,0,7.098138809204102
0.03203999996185303,0.00000007887205555334731,0.0000005050002300777123,-0.012457787990570068,0,0.000009843703992373776,0.010754717513918877,394.36663818359375,-64.08053588867188,13.457886695861816,0,7.098138809204102
0.03204499930143356,0.00000001532780657953481,0.0000005050002300777123,-0.01270885020494461,0,0.000009905836122925393,0.01242651417851448,76.6454086303711,-48.54899597167969,12.746030807495117,0,7.098138809204102
0.0320499986410141,-0.00000004846041434802828,0.0000005050002300777123,-0.012757644057273865,0,0.000009974350177799352,0.01370280422270298,0.0000152587890625,-62.84420394897461,8.738577842712402,0,7.098138809204102
0.032054997980594635,-0.00000011070613226138448,0.0000005050002300777123,-0.012449143454432487,0,0.000010038858818006702,0.01290176808834076,0,-30.592927932739258,7.193209648132324,0,7.098138809204102
0.03206000104546547,-0.00000016942800584729412,0.0000005050002300777123,-0.01174437440931797,0,0.00001009525567496894,0.011279460042715073,0,-2.3972456455230713,5.842172622680664,0,7.098138809204102
0.032065000385046005,-0.00000022275685296335723,0.0000005050002300777123,-0.01066577062010765,0,0.000010139951882592868,0.00893915444612503,0,19.947946548461914,4.771471977233887,0,7.098138809204102
0.03206999972462654,-0.0000002689951656975609,0.0000005050002300777123,-0.009247664362192154,0,0.000010170100722461939,0.006029833108186722,0,35.02019119262695,4.049264907836914,0,7.098138809204102
0.03207499906420708,-0.000000306671154248761,0.0000005050002300777123,-0.007535196840763092,0,0.000010183784070250113,0.002736699767410755,0,41.86003875732422,3.721524953842163,0,7.098138809204102
0.03207999840378761,-0.0000003345855361658323,0.0000005050002300777123,-0.00558287650346756,0,0.00001018013063003309,-0.0007306085899472237,0,40.032108306884766,3.8091161251068115,0,7.098138809204102
0.03208499774336815,-0.00000035184976354685205,0.0000005050002300777123,-0.0034528477117419243,0,0.000010159374141949229,-0.004151369445025921,0,29.652812957763672,4.306458950042725,0,7.098138809204102
0.03209000080823898,-0.0000003579143310616928,0.0000005050002300777123,-0.0012129112146794796,0,0.000010122835192305502,-0.007307823747396469,0,11.382948875427246,5.181891441345215,0,7.098138809204102
0.03209500014781952,-0.0000003525861700381938,0.0000005050002300777123,0.001065633725374937,0,0.000010072840268549044,-0.009999040514230728,0,-13.614384651184082,6.3796796798706055,0,7.098138809204102
0.032099999487400055,-0.00000033603487281652633,0.0000005050002300777123,0.003310258500277996,0,0.000010012571692641359,-0.012053705751895905,0,-43.7478141784668,7.823571681976318,0,7.098138809204102
0.03210499882698059,-0.00000030878729262440174,0.0000005050002300777123,0.005449514836072922,0,0.000009945866622729227,-0.013341028243303299,0,-77.09900665283203,9.421646118164063,0,7.098138809204102
0.03210999816656113,-0.00000027171074634679826,0.0000005050002300777123,0.0074153076857328415,0,0.000009876971489575226,-0.013779070228338242,0.0001220703125,-111.54480743408203,11.07217025756836,0,7.098138809204102
0.03211499750614166,-0.0000002259854312569587,0.0000005050002300777123,0.009145064279437065,0,0.000009810271876631305,-0.013339957222342491,0,-144.89239501953125,12.67007064819336,0,7.098138809204102
0.0321200005710125,-0.0000001730668088839593,0.0000005050002300777123,0.010583724826574326,0,0.00000975001330516534,-0.012051654979586601,0,-175.01885986328125,14.113624572753906,0,7.098138809204102
0.03212499991059303,-0.00000011463933446975716,0.0000005050002300777123,0.01168549433350563,0,0.000009700032023829408,-0.009996188804507256,0,-200.00637817382813,15.31093692779541,0,7.098138809204102
0.03212999925017357,-0.00000005256281809806751,0.0000005050002300777123,0.01241530291736126,0,0.000009663510354585014,-0.007304420229047537,0,-218.26429748535156,16.185791015625,0,7.098138809204102
0.032134998589754105,0.00000001118677772637966,0.0000005050002300777123,0.012749919667840004,0,0.000009642772056395188,-0.004147717263549566,55.94026565551758,-114.315185546875,15.76031494140625,0,7.098138809204102
0.03213999792933464,0.00000007475831154124535,0.0000005050002300777123,0.012714307755231857,0,0.000009636788490752224,-0.0011967051541432738,373.79791259765625,-115.80946350097656,15.828795433044434,0,7.098138809204102
0.032145000994205475,0.00000013714002022879868,0.0000005050002300777123,0.012476341798901558,0,0.000009645750651543494,0.0017923584673553705,685.7064819335938,-113.56744384765625,15.726030349731445,0,7.098138809204102
0.03215000033378601,0.00000019733906242436206,0.0000005050002300777123,0.012039808556437492,0,0.00000966937204793794,0.004724329337477684,986.70166015625,-107.66051483154297,15.455289840698242,0,7.098138809204102
0.03215499967336655,0.0000002543973494084639,0.0000005050002300777123,0.011411655694246292,0,0.000009706901437311899,0.007505881600081921,1271.9931640625,-98.27672576904297,15.025193214416504,0,7.098138809204102
0.03215999901294708,0.0000003074067365105293,0.0000005050002300777123,0.01060188002884388,0,0.000009757143743627239,0.010048477910459042,1537.0400390625,-85.71479034423828,14.449432373046875,0,7.098138809204102
0.03216499835252762,0.0000003555235821295355,0.0000005050002300777123,0.009623371064662933,0,0.000009818500075198244,0.012271187268197536,1777.624267578125,-70.37459564208984,13.746335983276367,0,7.098138809204102
0.032169997692108154,0.0000003979820917265897,0.0000005050002300777123,0.008491700515151024,0,0.000009889015927910805,0.014103260822594166,1989.9168701171875,-52.744449615478516,12.938282012939453,0,7.098138809204102
0.03217500075697899,0.00000043410648231656523,0.0000005050002300777123,0.007224880158901215,0,0.000009966447578335647,0.015486386604607105,2170.538818359375,-33.385555267333984,12.050995826721191,0,7.098138809204102
0.032180000096559525,0.00000046332183956110384,0.0000005050002300777123,0.005843072198331356,0,0.000010048330295830965,0.016376541927456856,2316.61572265625,-12.914138793945313,11.112719535827637,0,7.098138809204102
0.03218499943614006,0.0000004851631842939241,0.0000005050002300777123,0.004368268884718418,0,0.000010132057468581479,0.016745397821068764,2425.822021484375,8.018159866333008,10.153319358825684,0,7.098138809204102
0.032189998775720596,0.0000004992829190086923,0.0000005050002300777123,0.002823942806571722,0,0.000010214963367616292,0.01658121682703495,2496.420654296875,28.745037078857422,9.203336715698242,0,7.098138809204102
0.03219499811530113,0.0000005054562848272326,0.0000005050002300777123,0.0012346720322966576,0,0.000010294409548805561,0.015889229252934456,2527.287841796875,48.606727600097656,8.293008804321289,0,7.098138809204102
0.03219999745488167,0.0000005035850563217537,0.0000005050002300777123,-0.00037424941547214985,0,0.000010367866707383655,0.014691468328237534,2517.931396484375,66.97101593017578,7.451312065124512,0,7.098138809204102
0.0322050005197525,0.0000004936989626003196,0.0000005050002300777123,-0.0019772143568843603,0,0.000010432997441967018,0.01302606612443924,2468.5009765625,83.25334930419922,6.7050395011901855,0,7.098138809204102
0.03220999985933304,0.00000047595540308975615,0.0000005050002300777123,-0.0035487113054841757,0,0.000010487727195140906,0.010946037247776985,2379.783447265625,96.9354476928711,6.077944278717041,0,7.098138809204102
0.032214999198913574,0.0000004506367474732542,0.0000005050002300777123,-0.005063728895038366,0,0.000010530315194046125,0.008517596870660782,2253.190185546875,107.58180236816406,5.58998966217041,0,7.098138809204102
0.03221999853849411,0.00000041814598716882756,0.0000005050002300777123,-0.00649815471842885,0,0.000010559405382082332,0.005818048492074013,2090.736328125,114.85354614257813,5.256704807281494,0,7.098138809204102
0.032224997878074646,0.0000003790001983361435,0.0000005050002300777123,-0.007829159498214722,0,0.000010574071893643122,0.0029333271086215973,1895.0074462890625,118.51921844482422,5.088698863983154,0,7.098138809204102
0.03223000094294548,0.00000033382241326762596,0.0000005050002300777123,-0.009035559371113777,0,0.000010573848157946486,-0.00004473980516195297,1669.118408203125,118.46215057373047,5.091318607330322,0,7.098138809204102
0.032235000282526016,0.00000028333164436844527,0.0000005050002300777123,-0.010098153725266457,0,0.000010558741450950038,-0.0030213533900678158,1416.66455078125,114.6841812133789,5.264481544494629,0,7.098138809204102
0.03223999962210655,0.00000022833148705103667,0.0000005050002300777123,-0.011000031605362892,0,0.000010529232895351015,-0.005901762284338474,1141.663818359375,107.30558776855469,5.602673053741455,0,7.098138809204102
0.03224499896168709,0.0000001696973015441472,0.0000005050002300777123,-0.01172683760523796,0,0.000010486261089681648,-0.008594276383519173,848.4928588867188,96.56126403808594,6.095126628875732,0,7.098138809204102
0.032249998301267624,0.00000010836227914978735,0.0000005050002300777123,-0.012267004698514938,0,0.000010431194823468104,-0.01101318933069706,541.8177490234375,82.79322814941406,6.726168155670166,0,7.098138809204102
0.03225499764084816,0.00000004530259900548117,0.0000005050002300777123,-0.012611936777830124,0,0.000010365787602495402,-0.013081502169370651,226.5193634033203,66.43975830078125,7.475708961486816,0,7.098138809204102
0.032260000705718994,-0.00000001847812569621965,0.0000005050002300777123,-0.012756144627928734,0,0.000010292120350641198,-0.014733375981450081,0.00000762939453125,96.04285430908203,9.903830528259277,0,7.098138809204102
0.03226500004529953,-0.0000000816707057538224,0.0000005050002300777123,-0.01263851672410965,0,0.000010216572263743728,-0.015109537169337273,0,58.26581954956055,11.713985443115234,0,7.098138809204102
0.032269999384880066,-0.00000014226367284209118,0.0000005050002300777123,-0.012118592858314514,0,0.000010143953659280669,-0.014523714780807495,0,21.953474044799805,13.453958511352539,0,7.098138809204102
0.0322749987244606,-0.00000019832828002108727,0.0000005050002300777123,-0.011212922632694244,0,0.000010078887498821132,-0.0130132045596838,0.00006103515625,-10.582365989685059,15.012972831726074,0,7.098138809204102
0.03227999806404114,-0.0000002480799423665303,0.0000005050002300777123,-0.009950334206223488,0,0.000010025516530731693,-0.01067417673766613,0,-37.270320892333984,16.291776657104492,0,7.098138809204102
0.032284997403621674,-0.0000002899350306506676,0.0000005050002300777123,-0.008371016010642052,0,0.000009987238627218176,-0.007655546069145203,0.0001220703125,-56.41130065917969,17.208951950073242,0,7.098138809204102
0.03229000046849251,-0.00000032256122040053015,0.0000005050002300777123,-0.006525239907205105,0,0.000009966491234081332,-0.004149493761360645,0,-66.78668212890625,17.70611000061035,0,7.098138809204102
0.032294999808073044,-0.00000034492001077524037,0.0000005050002300777123,-0.004471759311854839,0,0.000009964594937628135,-0.0003792346687987447,0,-67.73590087890625,17.75159454345703,0,7.098138809204102
0.03229999914765358,-0.00000035629969374895154,0.0000005050002300777123,-0.002275938168168068,0,0.000009981670700653922,0.0034151962026953697,0,-59.198486328125,17.342512130737305,0,7.098138809204102
0.032304998487234116,-0.0000003563380630566826,0.0000005050002300777123,-0.000007671769708395004,0,0.000010016631676990073,0.006992223672568798,0.0001220703125,-41.71792984008789,16.504901885986328,0,7.098138809204102
0.03230999782681465,-0.00000034503386814321857,0.0000005050002300777123,0.002260838868096471,0,0.00001006725233310135,0.010124112479388714,0,-16.407079696655273,15.292089462280273,0,7.098138809204102
0.032315000891685486,-0.00000032274695627165784,0.0000005050002300777123,0.004457384813576937,0,0.000010130309419764671,0.012611464597284794,0,15.122709274291992,13.78128433227539,0,7.098138809204102
0.03232000023126602,-0.00000029018673330938327,0.0000005050002300777123,0.006512047722935677,0,0.000010201789336861111,0.014295917935669422,0,50.86415100097656,12.068670272827148,0,7.098138809204102
0.03232499957084656,-0.00000024838959689077456,0.0000005050002300777123,0.008359425701200962,0,0.000010277140063408297,0.01507022324949503,0,88.54182434082031,10.263277053833008,0,7.098138809204102
0.032329998910427094,-0.00000019868602407768776,0.0000005050002300777123,0.009940714575350285,0,0.000010351565833843779,0.014885074459016323,0.00006103515625,125.75701904296875,8.4800443649292,0,7.098138809204102
0.03233499825000763,-0.00000014265812353642104,0.0000005050002300777123,0.01120558101683855,0,0.00001042032727127662,0.01375224906951189,0,160.14047241210938,6.832498073577881,0,7.098138809204102
0.032339997589588165,-0.00000008208931490116811,0.0000005050002300777123,0.012113762088119984,0,0.000010479046977707185,0.01174385566264391,0.000030517578125,189.503173828125,5.4255290031433105,0,7.098138809204102
0.032345000654459,-0.00000001890756351485834,0.0000005050002300777123,0.012636350467801094,0,0.000010523986020416487,0.008987747132778168,0,211.97573852539063,4.348712921142578,0,7.098138809204102
0.032349999994039536,0.000000044875989146930806,0.0000005050002300777123,0.0127567108720541,0,0.000010552283129072748,0.005659379996359348,224.38633728027344,113.06370544433594,5.338778018951416,0,7.098138809204102
0.03235499933362007,0.00000010794529003987918,0.0000005050002300777123,0.01261386089026928,0,0.000010566383934929036,0.0028202366083860397,539.7328491210938,116.59059143066406,5.177122116088867,0,7.098138809204102
0.03235999867320061,0.0000001692965554411785,0.0000005050002300777123,0.012270255014300346,0,0.000010565840057097375,-0.00010871840640902519,846.4891967773438,116.45624542236328,5.183272838592529,0,7.098138809204102
0.03236499801278114,0.00000022795336462877458,0.0000005050002300777123,0.011731361970305443,0,0.000010550668775977101,-0.003034252440556884,1139.7733154296875,112.66490936279297,5.3570356369018555,0,7.098138809204102
0.03236999735236168,0.000000282982171029289,0.0000005050002300777123,0.011005759239196777,0,0.000010521352123760153,-0.005863240920007229,1414.917236328125,105.33724975585938,5.692881107330322,0,7.098138809204102
0.03237500041723251,0.0000003335071596666239,0.0000005050002300777123,0.010104995220899582,0,0.00001047882415150525,-0.008505632169544697,1667.542236328125,94.70648193359375,6.180119037628174,0,7.098138809204102
0.03237999975681305,0.00000037872419511586486,0.0000005050002300777123,0.009043404832482338,0,0.000010424437277833931,-0.01087731309235096,1893.6273193359375,81.1109848022461,6.80324125289917,0,7.098138809204102
0.032384999096393585,0.0000004179136112725246,0.0000005050002300777123,0.00783788412809372,0,0.00001035992318065837,-0.012902786955237389,2089.574462890625,64.98348999023438,7.542413234710693,0,7.098138809204102
0.03238999843597412,0.00000045045169372315286,0.0000005050002300777123,0.00650761928409338,0,0.000010287335499015171,-0.014517577365040779,2252.264892578125,46.83734130859375,8.37410831451416,0,7.098138809204102
0.03239499777555466,0.00000047582059892192774,0.0000005050002300777123,0.005073782987892628,0,0.000010208984349446837,-0.015670280903577805,2379.109375,27.25012969970703,9.27185344696045,0,7.098138809204102
0.03240000084042549,0.0000004936165964863903,0.0000005050002300777123,0.003559194738045335,0,0.000010127363566425629,-0.016324199736118317,2468.08935546875,6.8453288078308105,10.207072257995605,0,7.098138809204102
0.03240500018000603,0.0000005035564072386478,0.0000005050002300777123,0.0019879601895809174,0,0.000010045070666819811,-0.01645851507782936,2517.788330078125,-13.72756290435791,11.149994850158691,0,7.098138809204102
0.03240999951958656,0.00000050548186436572,0.0000005050002300777123,0.00038508634315803647,0,0.00000996472590486519,-0.016068946570158005,2527.41552734375,-33.813697814941406,12.070609092712402,0,7.098138809204102
0.0324149988591671,0.000000499362272421422,0.0000005050002300777123,-0.0012239161878824234,0,0.000009888886779663153,-0.01516788825392723,2496.817626953125,-52.773712158203125,12.939610481262207,0,7.098138809204102
0.032419998198747635,0.0000004852950610256812,0.0000005050002300777123,-0.0028134393505752087,0,0.000009819967090152204,-0.013784017413854599,2426.4814453125,-70.00408935546875,13.729337692260742,0,7.098138809204102
0.03242499753832817,0.00000046350413640539045,0.0000005050002300777123,-0.004358185455203056,0,0.00000976016053755302,-0.011961378157138824,2317.527099609375,-84.95635986328125,14.414653778076172,0,7.098138809204102
0.032430000603199005,0.0000004343363002590195,0.0000005050002300777123,-0.00583356898277998,0,0.000009711370694276411,-0.009757982566952705,2171.68798828125,-97.15457153320313,14.97374153137207,0,7.098138809204102
0.03243499994277954,0.0000003982557643666951,0.0000005050002300777123,-0.007216108031570911,0,0.000009675150977273006,-0.007243961561471224,1991.28515625,-106.21043395996094,15.388805389404297,0,7.098138809204102
0.03243999928236008,0.0000003558367609457491,0.0000005050002300777123,-0.008483799174427986,0,0.000009652654625824653,-0.004499335307627916,1779.1903076171875,-111.83567810058594,15.64663314819336,0,7.098138809204102
0.03244499862194061,0.00000030775441928199143,0.0000005050002300777123,-0.009616466239094734,0,0.000009644597412261646,-0.0016114632599055767,1538.7784423828125,-113.8512191772461,15.739018440246582,0,7.098138809204102
0.03244999796152115,0.00000025477399390183564,0.0000005050002300777123,-0.010596083477139473,0,0.000009651235814089887,0.001327733974903822,1273.8763427734375,-112.19288635253906,15.663016319274902,0,7.098138809204102
0.03245500102639198,0.00000019773870008066297,0.0000005050002300777123,-0.01140705868601799,0,0.000009672359738033265,0.004224702250212431,988.6998901367188,-106.9134521484375,15.421049118041992,0,7.098138809204102
0.03246000036597252,0.00000013755628458511637,0.0000005050002300777123,-0.012036483734846115,0,0.000009707296158012468,0.0069872308522462845,687.7877807617188,-98.1809310913086,15.020814895629883,0,7.098138809204102
0.032464999705553055,0.00000007518457323385519,0.0000005050002300777123,-0.012474343180656433,0,0.000009754932762007229,0.009527387097477913,375.9292297363281,-86.27326965332031,14.475052833557129,0,7.098138809204102
0.03246999904513359,0.000000011616236861300422,0.0000005050002300777123,-0.012713667005300522,0,0.000009813754331844393,0.011764317750930786,58.087562561035156,-71.5694808959961,13.801136016845703,0,7.098138809204102
0.03247499838471413,-0.00000005213698983652648,0.0000005050002300777123,-0.012750646099448204,0,0.00000988188821793301,0.013626819476485252,0,-109.07513427734375,10.854537010192871,0,7.098138809204102
0.03247999772429466,-0.00000011423068713156681,0.0000005050002300777123,-0.01241873949766159,0,0.000009951651009032503,0.013952484354376793,0,-74.19705963134766,9.18330192565918,0,7.098138809204102
0.0324850007891655,-0.00000017268834540118405,0.0000005050002300777123,-0.011691533029079437,0,0.000010018600733019412,0.013389986008405685,0.00006103515625,-40.72504806518555,7.579441547393799,0,7.098138809204102
0.03249000012874603,-0.00000022564921664525173,0.0000005050002300777123,-0.010592173784971237,0,0.00001007847640721593,0.011975130066275597,0.0001220703125,-10.789900779724121,6.145054340362549,0,7.098138809204102
0.03249499946832657,-0.00000027142749559061485,0.0000005050002300777123,-0.009155655279755592,0,0.00001012746633932693,0.00979798287153244,0,13.702744483947754,4.9714531898498535,0,7.098138809204102
0.032499998807907104,-0.0000003085660011947766,0.0000005050002300777123,-0.007427702192217112,0,0.000010162451872020029,0.006997135002166033,0,31.193706512451172,4.1333489418029785,0,7.098138809204102
0.03250499814748764,-0.0000003358825892973982,0.0000005050002300777123,-0.005463318433612585,0,0.000010181206562265288,0.0037508835084736347,0,40.56953430175781,3.684093475341797,0,7.098138809204102
0.032509997487068176,-0.00000035250775454187533,0.0000005050002300777123,-0.0033250325359404087,0,0.00001018253624351928,0.00026587850879877806,0.0001220703125,41.23339080810547,3.652284622192383,0,7.098138809204102
0.03251500055193901,-0.0000003579122846986138,0.0000005050002300777123,-0.001080907299183309,0,0.00001016635633277474,-0.003236031159758568,0,33.14303970336914,4.0399489402771,0,7.098138809204102
0.032519999891519547,-0.00000035192417158214084,0.0000005050002300777123,0.0011976243695244193,0,0.000010133696378034074,-0.006531922146677971,0,16.813535690307617,4.822402477264404,0,7.098138809204102
0.03252499923110008,-0.00000033473401117589674,0.0000005050002300777123,0.003438034560531378,0,0.000010086636393680237,-0.009411986917257309,0,-6.7155632972717285,5.949836730957031,0,7.098138809204102
0.03252999857068062,-0.00000030688897822983563,0.0000005050002300777123,0.005569009110331535,0,0.00001002817225526087,-0.011692887172102928,0,-35.946372985839844,7.350478172302246,0,7.098138809204102
0.032534997910261154,-0.00000026927540375254466,0.0000005050002300777123,0.00752271618694067,0,0.000009962024705600925,-0.013229431584477425,0,-69.01805114746094,8.935157775878906,0,7.098138809204102
0.03254000097513199,-0.00000022309056646463432,0.0000005050002300777123,0.009236968122422695,0,0.000009892405614664312,-0.01392381265759468,0,-103.82524871826172,10.602997779846191,0,7.098138809204102
0.032545000314712524,-0.00000016980457928639225,0.0000005050002300777123,0.010657197795808315,0,0.00000982374604063807,-0.013731835409998894,0.00006103515625,-138.1521453857422,12.247822761535645,0,7.098138809204102
0.03254999965429306,-0.00000011111358588777875,0.0000005050002300777123,0.011738198809325695,0,0.00000976041701505892,-0.012665729969739914,0,-169.81350708007813,13.764923095703125,0,7.098138809204102
0.032554998993873596,-0.000000048885773651363706,0.0000005050002300777123,0.012445562519133091,0,0.00000970645032793982,-0.010793374851346016,0,-196.79379272460938,15.057722091674805,0,7.098138809204102
0.03255999833345413,0.000000014898084543801815,0.0000005050002300777123,0.01275677140802145,0,0.000009665280231274664,-0.008233971893787384,74.49679565429688,-108.68775177001953,15.502388954162598,0,7.098138809204102
0.03256499767303467,0.00000007844480620633476,0.0000005050002300777123,0.012709344737231731,0,0.000009638149094826076,-0.005426260642707348,392.2303771972656,-115.4689712524414,15.813188552856445,0,7.098138809204102
0.0325700007379055,0.00000014074302612243628,0.0000005050002300777123,0.012459644116461277,0,0.000009625920029066037,-0.002445867517963052,703.7215576171875,-118.52473449707031,15.953238487243652,0,7.098138809204102
0.03257500007748604,0.0000002008012245369173,0.0000005050002300777123,0.012011640705168247,0,0.000009628981388232205,0.0006123397615738213,1004.0125122070313,-117.7577896118164,15.91808032989502,0,7.098138809204102
0.032579999417066574,0.0000002576635438344965,0.0000005050002300777123,0.011372466571629047,0,0.000009647236765886191,0.003651017090305686,1288.3240966796875,-113.19258117675781,15.70883560180664,0,7.098138809204102
0.03258499875664711,0.0000003104250083652005,0.0000005050002300777123,0.010552293621003628,0,0.000009680104085418861,0.006573442369699478,1552.1314697265625,-104.97444915771484,15.332165718078613,0,7.098138809204102
0.032589998096227646,0.0000003582458987239079,0.0000005050002300777123,0.009564177133142948,0,0.000009726537427923176,0.00928659550845623,1791.2359619140625,-93.36499786376953,14.800061225891113,0,7.098138809204102
0.03259499743580818,0.00000040036510995378194,0.0000005050002300777123,0.008423841558396816,0,0.000009785057955014054,0.011704115197062492,2001.8319091796875,-78.7337875366211,14.129459381103516,0,7.098138809204102
0.032600000500679016,0.00000043611228761619714,0.0000005050002300777123,0.0071494365110993385,0,0.000009853803021542262,0.013749053701758385,2180.56787109375,-61.54656982421875,13.341708183288574,0,7.098138809204102
0.03260499984025955,0.0000004649185143534851,0.0000005050002300777123,0.005761244334280491,0,0.000009930584383255336,0.01535632461309433,2324.598876953125,-42.350433349609375,12.461881637573242,0,7.098138809204102
0.03260999917984009,0.0000004863252911491145,0.0000005050002300777123,0.004281358793377876,0,0.000010012958227889612,0.01647476851940155,2431.632568359375,-21.756433486938477,11.517988204956055,0,7.098138809204102
0.032614998519420624,0.000000499991983815562,0.0000005050002300777123,0.0027333335019648075,0,0.000010098302482219879,0.01706879213452339,2499.96630859375,-0.42010048031806946,10.540071487426758,0,7.098138809204102
0.03261999785900116,0.0000005057009957454284,0.0000005050002300777123,0.0011418054345995188,0,0.000010183899576077238,0.01711948961019516,2528.51123046875,20.979406356811523,9.559260368347168,0,7.098138809204102
0.032625000923871994,0.000000503361547998793,0.0000005050002300777123,-0.00046789483167231083,0,0.00001026702557282988,0.01662525162100792,2516.81396484375,41.76091003417969,8.60677433013916,0,7.098138809204102
0.03263000026345253,0.0000004930108161715907,0.0000005050002300777123,-0.0020701484754681587,0,0.000010345034752390347,0.015601818449795246,2465.060302734375,61.26292037963867,7.71293306350708,0,7.098138809204102
0.032634999603033066,0.00000047481353249168023,0.0000005050002300777123,-0.0036394549533724785,0,0.000010415443284728099,0.014081771485507488,2374.073974609375,78.86467742919922,6.906187534332275,0,7.098138809204102
0.0326399989426136,0.0000004490593425998668,0.0000005050002300777123,-0.0051508378237485886,0,0.000010476011084392667,0.012113499455153942,2245.30322265625,94.00589752197266,6.212217807769775,0,7.098138809204102
0.03264499828219414,0.00000041615811596784624,0.0000005050002300777123,-0.00658024288713932,0,0.000010524809113121592,0.009759658947587013,2080.796875,106.20464324951172,5.653112411499023,0,7.098138809204102
0.03264999762177467,0.00000037663352259187377,0.0000005050002300777123,-0.007904919795691967,0,0.000010560284863458946,0.007095180451869965,1883.174072265625,115.07262420654297,5.246667385101318,0,7.098138809204102
0.03265500068664551,0.0000003311145917450631,0.0000005050002300777123,-0.009103785268962383,0,0.000010581309652479831,0.004204880446195602,1655.579345703125,120.32757568359375,5.005819797515869,0,7.098138809204102
0.032660000026226044,0.00000028032579280079517,0.0000005050002300777123,-0.010157759301364422,0,0.00001058721318258904,0.0011807639384642243,1401.6353759765625,121.80224609375,4.938236713409424,0,7.098138809204102
0.03266499936580658,0.00000022507545338612545,0.0000005050002300777123,-0.011050068773329258,0,0.000010577809007372707,-0.001880904659628868,1125.3836669921875,119.44972229003906,5.046066761016846,0,7.098138809204102
0.032669998705387115,0.00000016624289855826646,0.0000005050002300777123,-0.011766511015594006,0,0.000010553395441093016,-0.004882666748017073,831.2208862304688,113.34490203857422,5.325876712799072,0,7.098138809204102
0.03267499804496765,0.00000010476448863983023,0.0000005050002300777123,-0.012295682914555073,0,0.000010514751011214685,-0.0077289710752666,523.8287963867188,103.68213653564453,5.768760681152344,0,7.098138809204102
0.03267999738454819,0.00000004161867650509521,0.0000005050002300777123,-0.012629163451492786,0,0.000010463105354574509,-0.010329214856028557,208.09976196289063,90.76902770996094,6.3606181144714355,0,7.098138809204102
0.03268500044941902,-0.00000002218953909505217,0.0000005050002300777123,-0.012761644087731838,0,0.000010400101928098593,-0.012600628659129143,0.00000762939453125,150.03326416015625,7.897218704223633,0,7.098138809204102
0.03268999978899956,-0.00000008529148232128136,0.0000005050002300777123,-0.01262038853019476,0,0.000010329821634513792,-0.01405603438615799,0.000030517578125,114.8899917602539,9.58117389678955,0,7.098138809204102
0.03269499912858009,-0.00000014567855544100894,0.0000005050002300777123,-0.01207741443067789,0,0.000010256739187752828,-0.014616524800658226,0.00006103515625,78.34563446044922,11.332263946533203,0,7.098138809204102
0.03269999846816063,-0.0000002014285769291746,0.0000005050002300777123,-0.011150003410875797,0,0.00001018550665321527,-0.014246419072151184,0.00006103515625,42.72677230834961,13.039006233215332,0,7.098138809204102
0.032704997807741165,-0.00000025076695919779013,0.0000005050002300777123,-0.00986767653375864,0,0.000010120660590473562,-0.012969287112355232,0.0001220703125,10.301063537597656,14.592744827270508,0,7.098138809204102
0.032710000872612,-0.0000002921232180597144,0.0000005050002300777123,-0.008271251805126667,0,0.00001006632828648435,-0.010866442695260048,0,-16.86713218688965,15.89455795288086,0,7.098138809204102
0.032715000212192535,-0.00000032418094519925944,0.0000005050002300777123,-0.006411544978618622,0,0.000010025969459093176,-0.008071765303611755,0,-37.04816436767578,16.861568450927734,0,7.098138809204102
0.03271999955177307,-0.0000003459197159827454,0.0000005050002300777123,-0.004347752779722214,0,0.00001000215343083255,-0.004763181321322918,0,-48.95721435546875,17.432212829589844,0,7.098138809204102
0.03272499889135361,-0.00000035664754705067025,0.0000005050002300777123,-0.00214556697756052,0,0.000009996396329370327,-0.0011513360077515244,0,-51.836097717285156,17.570159912109375,0,7.098138809204102
0.03272999823093414,-0.00000035602297998593713,0.0000005050002300777123,0.0001249138731509447,0,0.000010009065590566024,0.0025338190607726574,0.0001220703125,-45.50151824951172,17.26662826538086,0,7.098138809204102
0.03273499757051468,-0.00000034406588156343787,0.0000005050002300777123,0.002391418442130089,0,0.000010039353583124466,0.006057665683329105,0.0001220703125,-30.35675048828125,16.54094123840332,0,7.098138809204102
0.03274000063538551,-0.00000032115687531586445,0.0000005050002300777123,0.004581802058964968,0,0.000010085333087772597,0.00919585395604372,0,-7.3659586906433105,15.439295768737793,0,7.098138809204102
0.03274499997496605,-0.00000028802517704207276,0.0000005050002300777123,0.006626341957598925,0,0.000010144076441065408,0.011748586781322956,0,22.007183074951172,14.031829833984375,0,7.098138809204102
0.032749999314546585,-0.0000002457253742704779,0.0000005050002300777123,0.008459959179162979,0,0.00001021184289129451,0.013553339056670666,0,55.89266586303711,12.4081449508667,0,7.098138809204102
0.03275499865412712,-0.00000019560394548534532,0.0000005050002300777123,0.010024286806583405,0,0.00001028431870508939,0.014495204202830791,0,92.13320922851563,10.671613693237305,0,7.098138809204102
0.03275999799370766,-0.00000013925628650213184,0.0000005050002300777123,0.011269532144069672,0,0.000010356890015827958,0.014514210633933544,0,128.4215850830078,8.93278980255127,0,7.098138809204102
0.03276499733328819,-0.00000007847600613786199,0.0000005050002300777123,0.012156056240200996,0,0.000010424935680930503,0.013609142042696476,0,162.447509765625,7.302375316619873,0,7.098138809204102
0.03277000039815903,-0.000000015197798575172783,0.0000005050002300777123,0.012655641883611679,0,0.000010484123777132481,0.0118376100435853,0.00000762939453125,192.0447235107422,5.884169101715088,0,7.098138809204102
0.03277499973773956,0.00000004856413227116718,0.0000005050002300777123,0.012752385810017586,0,0.000010530685358389746,0.009312392212450504,242.8270263671875,107.66445922851563,5.586242198944092,0,7.098138809204102
0.0327799990773201,0.0000001115531205186926,0.0000005050002300777123,0.012597797438502312,0,0.00001056373912433628,0.006610739044845104,557.77197265625,115.92947387695313,5.207422733306885,0,7.098138809204102
0.032784998416900635,0.00000017276666142151953,0.0000005050002300777123,0.01224270835518837,0,0.000010582231880107429,0.003698619082570076,863.8396606445313,120.55429077148438,4.995445251464844,0,7.098138809204102
0.03278999775648117,0.00000023123050141293788,0.0000005050002300777123,0.011692769825458527,0,0.000010585575182631146,0.0006687293061986566,1156.158935546875,121.39167785644531,4.957058906555176,0,7.098138809204102
0.032795000821352005,0.0000002860141705696151,0.0000005050002300777123,0.010956736281514168,0,0.000010573662621027324,-0.00238248473033309,1430.0772705078125,118.41495513916016,5.0934858322143555,0,7.098138809204102
0.03280000016093254,0.00000033624576190049993,0.0000005050002300777123,0.010046320036053658,0,0.000010546873454586603,-0.005357896909117699,1681.2352294921875,111.7188491821289,5.40038537979126,0,7.098138809204102
0.03280499950051308,0.000000381125829562734,0.0000005050002300777123,0.008976012468338013,0,0.000010506059879844543,-0.008162793703377247,1905.6356201171875,101.51648712158203,5.867990016937256,0,7.098138809204102
0.03280999884009361,0.0000004199400791549124,0.0000005050002300777123,0.007762847002595663,0,0.000010452520655235276,-0.010707889683544636,2099.706787109375,88.13260650634766,6.481412887573242,0,7.098138809204102
0.03281499817967415,0.0000004520707364008558,0.0000005050002300777123,0.006426131818443537,0,0.000010387960173829924,-0.01291216816753149,2260.360107421875,71.99320983886719,7.221132755279541,0,7.098138809204102
0.032819997519254684,0.0000004770064379044925,0.0000005050002300777123,0.0049871415831148624,0,0.000010314432984159794,-0.014705459587275982,2385.03857421875,53.61201477050781,8.06360149383545,0,7.098138809204102
0.03282500058412552,0.0000004943503313370456,0.0000005050002300777123,0.0034687784500420094,0,0.000010234279216092546,-0.016030678525567055,2471.7578125,33.57410430908203,8.982004165649414,0,7.098138809204102
0.032829999923706055,0.0000005038263566348178,0.0000005050002300777123,0.0018952083773911,0,0.000010150050911761355,-0.01684563420712948,2519.137939453125,12.517301559448242,9.94710636138916,0,7.098138809204102
0.03283499926328659,0.0000005052837082075712,0.0000005050002300777123,0.00029147532768547535,0,0.000010064429261547048,-0.017124386504292488,2526.4248046875,-8.888143539428711,10.928189277648926,0,7.098138809204102
0.032839998602867126,0.0000004986992507838295,0.0000005050002300777123,-0.001316896639764309,0,0.000009980139111576136,-0.016858050599694252,2493.502685546875,-29.960872650146484,11.894023895263672,0,7.098138809204102
0.03284499794244766,0.0000004841776899411343,0.0000005050002300777123,-0.0029043094255030155,0,0.00000989986347121885,-0.01605510152876377,2420.894775390625,-50.03011703491211,12.813864707946777,0,7.098138809204102
0.0328500010073185,0.00000046195020786399255,0.0000005050002300777123,-0.004445498809218407,0,0.000009826158020587172,-0.014741094782948494,2309.757568359375,-68.45704650878906,13.658434867858887,0,7.098138809204102
0.03285500034689903,0.000000432370541147975,0.0000005050002300777123,-0.005915936082601547,0,0.000009761368346516974,-0.012957850471138954,2161.859130859375,-84.65510559082031,14.400849342346191,0,7.098138809204102
0.03285999968647957,0.00000039590946698808693,0.0000005050002300777123,-0.0072922175750136375,0,0.000009707558092486579,-0.010762125253677368,1979.5537109375,-98.10868072509766,15.017475128173828,0,7.098138809204102
0.032864999026060104,0.00000035314727142576885,0.0000005050002300777123,-0.00855244044214487,0,0.000009666438927524723,-0.00822380743920803,1765.7427978515625,-108.38951873779297,15.48868465423584,0,7.098138809204102
0.03286999836564064,0.0000003047645407150412,0.0000005050002300777123,-0.009676546789705753,0,0.00000963932052400196,-0.005423691123723984,1523.8291015625,-115.17035675048828,15.799478530883789,0,7.098138809204102
0.032874997705221176,0.000000251531304229502,0.0000005050002300777123,-0.010646645911037922,0,0.000009627065992390271,-0.0024509020149707794,1257.6629638671875,-118.2353286743164,15.939961433410645,0,7.098138809204102
0.03288000077009201,0.00000019429481312727148,0.0000005050002300777123,-0.011447298340499401,0,0.000009630065505916718,0.0005999358836561441,971.48046875,-117.48685455322266,15.905662536621094,0,7.098138809204102
0.032885000109672546,0.0000001339660116173036,0.0000005050002300777123,-0.012065761722624302,0,0.000009648224477132317,0.0036317138001322746,669.83642578125,-112.94873809814453,15.697671890258789,0,7.098138809204102
0.03288999944925308,0.00000007150505609843094,0.0000005050002300777123,-0.012492191977798939,0,0.000009680964467406739,0.006547929719090462,357.5316467285156,-104.7654037475586,15.322608947753906,0,7.098138809204102
0.03289499878883362,0.000000007906038490546052,0.0000005050002300777123,-0.012719803489744663,0,0.000009727243195811752,0.009255759418010712,39.53657150268555,-93.19731140136719,14.792411804199219,0,7.098138809204102
0.032899998128414154,-0.000000055818830446696666,0.0000005050002300777123,-0.012744973413646221,0,0.000009785588190425187,0.011669009923934937,0,-157.22531127929688,13.159045219421387,0,7.098138809204102
0.03290499746799469,-0.00000011776696595688918,0.0000005050002300777123,-0.012389627285301685,0,0.000009851685717876535,0.01321944035589695,0,-124.17984008789063,11.575623512268066,0,7.098138809204102
0.032910000532865524,-0.00000017596650536688685,0.0000005050002300777123,-0.011639907024800777,0,0.000009921327546180692,0.013928374275565147,0,-89.36184692382813,9.907267570495605,0,7.098138809204102
0.03291499987244606,-0.00000022856488612887915,0.0000005050002300777123,-0.010519676841795444,0,0.000009990080798161216,0.013750676065683365,0,-54.98781204223633,8.260184288024902,0,7.098138809204102
0.032919999212026596,-0.0000002738878492891672,0.0000005050002300777123,-0.009064595215022564,0,0.000010053568985313177,0.012697650119662285,0,-23.245975494384766,6.739225387573242,0,7.098138809204102
0.03292499855160713,-0.00000031049273729877314,0.0000005050002300777123,-0.0073209791444242,0,0.000010107750313181896,0.010836325585842133,0,3.842989683151245,5.441215991973877,0,7.098138809204102
0.03292999789118767,-0.0000003372143737578881,0.0000005050002300777123,-0.005344329867511988,0,0.000010149175977858249,0.00828518532216549,0,24.554601669311523,4.448787689208984,0,7.098138809204102
0.0329350009560585,-0.0000003532022105900978,0.0000005050002300777123,-0.003197565209120512,0,0.000010175209354201797,0.005206628702580929,0.0001220703125,37.57036590576172,3.825117588043213,0,7.098138809204102
0.03294000029563904,-0.00000035794730024463206,0.0000005050002300777123,-0.0009490186348557472,0,0.000010184192433371209,0.0017966284649446607,0,42.06169891357422,3.609908103942871,0,7.098138809204102
0.032944999635219574,-0.00000035129860975757765,0.0000005050002300777123,0.001329735852777958,0,0.00001017555405269377,-0.0017277427250519395,0.0001220703125,37.742679595947266,3.8168604373931885,0,7.098138809204102
0.03294999897480011,-0.0000003334677955990628,0.0000005050002300777123,0.003566163592040539,0,0.00001014984354696935,-0.0051421308889985085,0,24.88825225830078,4.432799816131592,0,7.098138809204102
0.032954998314380646,-0.0000003050224108847033,0.0000005050002300777123,0.005689077079296112,0,0.000010108698006661143,-0.008229183964431286,0,4.316728115081787,5.418516635894775,0,7.098138809204102
0.03295999765396118,-0.00000026686791443353286,0.0000005050002300777123,0.007630901411175728,0,0.000010054735867015552,-0.010792387649416924,0,-22.66231346130371,6.711257457733154,0,7.098138809204102
0.032965000718832016,-0.00000022021878010036744,0.0000005050002300777123,0.00932982750236988,0,0.000009991393199015874,-0.012668576091527939,0,-54.331398010253906,8.228730201721191,0,7.098138809204102
0.03297000005841255,-0.00000016655990009439847,0.0000005050002300777123,0.010731775313615799,0,0.00000992270179267507,-0.013738317415118217,0,-88.67448425292969,9.874330520629883,0,7.098138809204102
0.03297499939799309,-0.00000010759930546555552,0.0000005050002300777123,0.011792119592428207,0,0.000009853034498519264,-0.013933518901467323,0,-123.50530242919922,11.543301582336426,0,7.098138809204102
0.032979998737573624,-0.000000045213759847229085,0.0000005050002300777123,0.012477109208703041,0,0.0000097868260127143,-0.013241762295365334,0,-156.60655212402344,13.12939739227295,0,7.098138809204102
0.03298499807715416,0.000000018610947449815285,0.0000005050002300777123,0.012764941900968552,0,0.000009728290933708195,-0.011707087978720665,93.06111907958984,-92.9355239868164,14.780413627624512,0,7.098138809204102
0.032989997416734695,0.00000008213942948032127,0.0000005050002300777123,0.012705696746706963,0,0.000009681788469606545,-0.009300503879785538,410.7035217285156,-104.5595474243164,15.313175201416016,0,7.098138809204102
0.03299500048160553,0.00000014436059814215696,0.0000005050002300777123,0.012444235384464264,0,0.000009648799277783837,-0.006597917526960373,721.8093872070313,-112.80537414550781,15.691102027893066,0,7.098138809204102
0.032999999821186066,0.00000020428419134077558,0.0000005050002300777123,0.011984717100858688,0,0.000009630372915125918,-0.0036853523924946785,1021.4273681640625,-117.41055297851563,15.902167320251465,0,7.098138809204102
