Timestamp,X Position,Y Position,X Velocity,Y Velocity,Rotation,Rotation Velocity,Data1,Data2,Data3,Data4,FPS
126.85503387451172,-1.151944637298584,1.6042600870132446,13.726594924926758,9.874255180358887,198.0022735595703,0,0,0,0,0,115.58021545410156
126.86335754394531,-1.034845232963562,1.682178020477295,14.394379615783691,8.872156143188477,198.0022735595703,0,0,0,0,0,124.50199127197266
126.87167358398438,-0.9124987125396729,1.7515630722045898,14.9891357421875,7.825100421905518,198.0022735595703,0,0,0,0,0,24.619626998901367
126.87999725341797,-0.785525381565094,1.8120644092559814,15.50784969329834,6.738391876220703,198.0022735595703,0,0,0,0,0,30.49152374267578
126.88831329345703,-0.6545695066452026,1.8633747100830078,15.947900772094727,5.617548942565918,198.0022735595703,0,0,0,0,0,31.337156295776367
126.89663696289063,-0.520296573638916,1.9052345752716064,16.307052612304688,4.468264579772949,198.0022735595703,0,0,0,0,0,31.359758377075195
126.90495300292969,-0.38338661193847656,1.9374316930770874,16.583498001098633,3.296363592147827,198.0022735595703,0,0,0,0,0,42.42141342163086
126.91327667236328,-0.24453377723693848,1.9598037004470825,16.775835037231445,2.107785224914551,198.0022735595703,0,0,0,0,0,47.88813400268555
126.92160034179688,-0.10444268584251404,1.97223699092865,16.883098602294922,0.9085636138916016,198.0022735595703,0,0,0,0,0,47.98464584350586
126.92991638183594,0.036176297813653946,1.9746692180633545,16.904741287231445,-0.2952217161655426,198.0022735595703,0,0,0,0,0,47.77602767944336
126.93824005126953,0.17661015689373016,1.967088222503662,16.840667724609375,-1.4974660873413086,198.0022735595703,0,0,0,0,0,48.0792350769043
126.9465560913086,0.31614696979522705,1.9495326280593872,16.691205978393555,-2.692075729370117,198.0022735595703,0,0,0,0,0,47.555641174316406
126.95487976074219,0.4540787637233734,1.922092318534851,16.457109451293945,-3.872987985610962,198.0022735595703,0,0,0,0,0,47.86750411987305
126.96319580078125,0.5897066593170166,1.8849067687988281,16.13958740234375,-5.034221649169922,198.0022735595703,0,0,0,0,0,47.68262481689453
126.97151947021484,0.7223430275917053,1.83816397190094,15.740234375,-6.169887542724609,198.0022735595703,0,0,0,0,0,48.51542663574219
126.9798355102539,0.8513152599334717,1.7821024656295776,15.261096954345703,-7.274230003356934,198.0022735595703,0,0,0,0,0,48.678382873535156
126.9881591796875,0.975969672203064,1.7170062065124512,14.704606056213379,-8.34165096282959,198.0022735595703,0,0,0,0,0,97.32360076904297
126.99647521972656,1.0956737995147705,1.643206000328064,14.073586463928223,-9.36673641204834,198.0022735595703,0,0,0,0,0,92.33610534667969
127.00479888916016,1.2098227739334106,1.5610750913619995,13.371232032775879,-10.344310760498047,198.0022735595703,0,0,0,0,0,97.78038787841797
127.01311492919922,1.3178362846374512,1.471031665802002,12.601123809814453,-11.269396781921387,198.0022735595703,0,0,0,0,0,94.58053588867188
127.02143859863281,1.4191675186157227,1.3735324144363403,11.76716423034668,-12.137317657470703,198.0022735595703,0,0,0,0,0,100.7861328125
127.02975463867188,1.5133030414581299,1.2690708637237549,10.873579978942871,-12.943678855895996,198.0022735595703,0,0,0,0,0,97.66578674316406
127.03807830810547,1.5997663736343384,1.1581772565841675,9.924907684326172,-13.684399604797363,198.0022735595703,0,0,0,0,0,97.162841796875
127.04639434814453,1.6781193017959595,1.04141366481781,8.925960540771484,-14.355728149414063,198.0022735595703,0,0,0,0,0,101.29659271240234
127.05471801757813,1.7479649782180786,0.9193723797798157,7.881800651550293,-14.954263687133789,198.0022735595703,0,0,0,0,0,97.3520278930664
127.06303405761719,1.8089492321014404,0.7926725745201111,6.797729969024658,-15.476972579956055,198.0022735595703,0,0,0,0,0,96.94619750976563
127.07135772705078,1.860763430595398,0.6619561314582825,5.679239273071289,-15.921217918395996,198.0022735595703,0,0,0,0,0,96.7398681640625
127.07967376708984,1.9031453132629395,0.527886688709259,4.532009601593018,-16.284746170043945,198.0022735595703,0,0,0,0,0,97.06852722167969
127.08799743652344,1.9358806610107422,0.391143262386322,3.361851453781128,-16.565723419189453,198.0022735595703,0,0,0,0,0,90.76057434082031
127.0963134765625,1.9588037729263306,0.2524183392524719,2.174689531326294,-16.762723922729492,198.0022735595703,0,0,0,0,0,102.20768737792969
127.1046371459961,1.9717985391616821,0.11241602897644043,0.9765526652336121,-16.874765396118164,198.0022735595703,0,0,0,0,0,94.13536834716797
127.11295318603516,1.9747997522354126,-0.028154324740171432,-0.2264905720949173,-16.901275634765625,198.0022735595703,0,0,0,0,0,94.73285675048828
127.12127685546875,1.9677923917770386,-0.1685803234577179,-1.4283421039581299,-16.842124938964844,198.0022735595703,0,0,0,0,0,99.67108917236328
127.12960052490234,1.950812816619873,-0.3081502318382263,-2.6229124069213867,-16.6976318359375,198.0022735595703,0,0,0,0,0,95.510986328125
127.1379165649414,1.9239466190338135,-0.44615674018859863,-3.804145097732544,-16.46851921081543,198.0022735595703,0,0,0,0,0,99.52229309082031
127.146240234375,1.8873311281204224,-0.5819005966186523,-4.966057777404785,-16.155961990356445,198.0022735595703,0,0,0,0,0,96.93679809570313
127.15455627441406,1.8411518335342407,-0.7146937847137451,-6.102761745452881,-15.761544227600098,198.0022735595703,0,0,0,0,0,98.67771911621094
127.16287994384766,1.7856431007385254,-0.8438633680343628,-7.208493709564209,-15.287267684936523,198.0022735595703,0,0,0,0,0,100.96930694580078
127.17119598388672,1.721086859703064,-0.9687556624412537,-8.277663230895996,-14.73554515838623,198.0022735595703,0,0,0,0,0,93.65049743652344
127.17951965332031,1.6478101015090942,-1.0887376070022583,-9.304849624633789,-14.109175682067871,198.0022735595703,0,0,0,0,0,99.26543426513672
127.18783569335938,1.5661845207214355,-1.203201174736023,-10.28485107421875,-13.411338806152344,198.0022735595703,0,0,0,0,0,100.09008026123047
127.19615936279297,1.4766242504119873,-1.311566710472107,-11.212701797485352,-12.6455717086792,198.0022735595703,0,0,0,0,0,93.9408187866211
127.20447540283203,1.379582166671753,-1.4132869243621826,-12.083720207214355,-11.815751075744629,198.0022735595703,0,0,0,0,0,98.41551208496094
127.21279907226563,1.2755519151687622,-1.5078439712524414,-12.893470764160156,-10.926100730895996,198.0022735595703,0,0,0,0,0,100.26068115234375
127.22111511230469,1.1650608777999878,-1.5947600603103638,-13.637866020202637,-9.981127738952637,198.0022735595703,0,0,0,0,0,96.00614166259766
127.22943878173828,1.0486676692962646,-1.6735957860946655,-14.313139915466309,-8.985614776611328,198.0022735595703,0,0,0,0,0,95.12033081054688
127.23775482177734,0.9269629120826721,-1.743951678276062,-14.915875434875488,-7.944615364074707,198.0022735595703,0,0,0,0,0,99.5916748046875
127.24607849121094,0.8005640506744385,-1.8054707050323486,-15.443021774291992,-6.863409996032715,198.0022735595703,0,0,0,0,0,100.25062561035156
127.25439453125,0.6701108813285828,-1.8578424453735352,-15.891912460327148,-5.747474193572998,198.0022735595703,0,0,0,0,0,95.21089172363281
127.2627182006836,0.5362643599510193,-1.9008018970489502,-16.260284423828125,-4.602461814880371,198.0022735595703,0,0,0,0,0,96.43201446533203
127.27103424072266,0.39970263838768005,-1.9341316223144531,-16.546266555786133,-3.434173822402954,198.0022735595703,0,0,0,0,0,95.43805694580078
127.27935791015625,0.261118084192276,-1.9576629400253296,-16.748422622680664,-2.248534917831421,198.0022735595703,0,0,0,0,0,98.5610122680664
127.28767395019531,0.12121234089136124,-1.9712774753570557,-16.8657283782959,-1.0515466928482056,198.0022735595703,0,0,0,0,0,97.01203155517578
127.2959976196289,-0.0193056408315897,-1.9749062061309814,-16.89759635925293,0.15072302520275116,198.0022735595703,0,0,0,0,0,96.47853088378906
127.30431365966797,-0.15972407162189484,-1.9685312509536743,-16.8438720703125,1.3521846532821655,198.0022735595703,0,0,0,0,0,97.53243255615234
127.31263732910156,-0.29933178424835205,-1.9521853923797607,-16.704837799072266,2.5467538833618164,198.0022735595703,0,0,0,0,0,96.16309356689453
127.32095336914063,-0.4374212622642517,-1.925951600074768,-16.481189727783203,3.728375196456909,198.0022735595703,0,0,0,0,0,100.31096649169922
127.32927703857422,-0.5732933878898621,-1.8899635076522827,-16.174083709716797,4.891070365905762,198.0022735595703,0,0,0,0,0,101.18385314941406
127.33759307861328,-0.7062603831291199,-1.8444032669067383,-15.78506851196289,6.028951168060303,198.0022735595703,0,0,0,0,0,95.80379486083984
127.34591674804688,-0.8356490731239319,-1.7895021438598633,-15.316118240356445,7.136258125305176,198.0022735595703,0,0,0,0,0,97.94319152832031
127.35424041748047,-0.9608036279678345,-1.7255384922027588,-14.76961612701416,8.207382202148438,198.0022735595703,0,0,0,0,0,98.21253204345703
127.36255645751953,-1.0810906887054443,-1.6528369188308716,-14.14833927154541,9.236898422241211,198.0022735595703,0,0,0,0,0,97.14396667480469
127.37088012695313,-1.1959019899368286,-1.5717650651931763,-13.455422401428223,10.219605445861816,198.0022735595703,0,0,0,0,0,98.71668243408203
127.37919616699219,-1.3046553134918213,-1.4827345609664917,-12.6943941116333,11.150518417358398,198.0022735595703,0,0,0,0,0,99.4332275390625
127.38751983642578,-1.4067996740341187,-1.3861968517303467,-11.86911392211914,12.02492904663086,198.0022735595703,0,0,0,0,0,99.76057434082031
127.39583587646484,-1.5018198490142822,-1.282639503479004,-10.983752250671387,12.838422775268555,198.0022735595703,0,0,0,0,0,99.86019897460938
127.40415954589844,-1.5892335176467896,-1.17258882522583,-10.042803764343262,13.586873054504395,198.0022735595703,0,0,0,0,0,101.8537368774414
127.4124755859375,-1.66859769821167,-1.0566024780273438,-9.051045417785645,14.26648998260498,198.0022735595703,0,0,0,0,0,99.6611557006836
127.4207992553711,-1.73951256275177,-0.935266375541687,-8.013482093811035,14.873847961425781,198.0022735595703,0,0,0,0,0,99.32459259033203
127.42911529541016,-1.8016178607940674,-0.8091965913772583,-6.935386657714844,15.405863761901855,198.0022735595703,0,0,0,0,0,100.73536682128906
127.43743896484375,-1.8546006679534912,-0.6790310144424438,-5.822212219238281,15.859858512878418,198.0022735595703,0,0,0,0,0,99.51239013671875
127.44575500488281,-1.898192286491394,-0.545428991317749,-4.679603099822998,16.233543395996094,198.0022735595703,0,0,0,0,0,99.90010070800781
127.4540786743164,-1.9321726560592651,-0.40906667709350586,-3.5133373737335205,16.525012969970703,198.0022735595703,0,0,0,0,0,101.22482299804688
127.46239471435547,-1.9563699960708618,-0.2706347405910492,-2.329324245452881,16.732807159423828,198.0022735595703,0,0,0,0,0,99.17683410644531
127.47071838378906,-1.970662236213684,-0.13083462417125702,-1.1335644721984863,16.855878829956055,198.0022735595703,0,0,0,0,0,101.29659271240234
127.47903442382813,-1.974976897239685,0.009626289829611778,0.06789087504148483,16.89361000061035,198.0022735595703,0,0,0,0,0,95.02993774414063
127.48735809326172,-1.9692929983139038,0.1500367820262909,1.2689591646194458,16.845815658569336,198.0022735595703,0,0,0,0,0,99.0589370727539
127.49567413330078,-1.9536399841308594,0.2896859645843506,2.4635586738586426,16.712736129760742,198.0022735595703,0,0,0,0,0,101.194091796875
127.50399780273438,-1.9280965328216553,0.4278666377067566,3.645641326904297,16.49506187438965,198.0022735595703,0,0,0,0,0,98.72643280029297
127.51231384277344,-1.89279305934906,0.5638805031776428,4.809234142303467,16.193891525268555,198.0022735595703,0,0,0,0,0,95.08415222167969
127.52063751220703,-1.8479083776474,0.6970378160476685,5.948431491851807,15.810755729675293,198.0022735595703,0,0,0,0,0,99.9200668334961
127.5289535522461,-1.7936701774597168,0.826664924621582,7.057478904724121,15.347601890563965,198.0022735595703,0,0,0,0,0,98.53187561035156
127.53727722167969,-1.7303529977798462,0.9521059989929199,8.130762100219727,14.806777954101563,198.0022735595703,0,0,0,0,0,100.21044158935547
127.54559326171875,-1.6582781076431274,1.072725534439087,9.162843704223633,14.191025733947754,198.0022735595703,0,0,0,0,0,101.15314483642578
127.55391693115234,-1.577810287475586,1.1879147291183472,10.148512840270996,13.503464698791504,198.0022735595703,0,0,0,0,0,96.329833984375
127.5622329711914,-1.4893571138381958,1.2970900535583496,11.082784652709961,12.747580528259277,198.0022735595703,0,0,0,0,0,98.5512924194336
127.570556640625,-1.3933664560317993,1.3996987342834473,11.960927963256836,11.927200317382813,198.0022735595703,0,0,0,0,0,100.26068115234375
127.5788803100586,-1.2903249263763428,1.495221734046936,12.778499603271484,11.046488761901855,198.0022735595703,0,0,0,0,0,99.20635223388672
127.58719635009766,-1.1807535886764526,1.583176612854004,13.5313720703125,10.109893798828125,198.0022735595703,0,0,0,0,0,101.40959167480469
127.59552001953125,-1.0652084350585938,1.6631171703338623,14.215728759765625,9.122173309326172,198.0022735595703,0,0,0,0,0,99.34432983398438
127.60383605957031,-0.9442729353904724,1.7346400022506714,14.828123092651367,8.088319778442383,198.0022735595703,0,0,0,0,0,100.7049331665039
127.6121597290039,-0.818561315536499,1.7973825931549072,15.365445137023926,7.013580799102783,198.0022735595703,0,0,0,0,0,100.12014770507813
127.62047576904297,-0.6887086033821106,1.8510289192199707,15.824989318847656,5.903384208679199,198.0022735595703,0,0,0,0,0,99.02951049804688
127.62879943847656,-0.5553716421127319,1.8953073024749756,16.204437255859375,4.763350963592529,198.0022735595703,0,0,0,0,0,100.74551391601563
127.63711547851563,-0.41922619938850403,1.929993748664856,16.501873016357422,3.599256992340088,198.0022735595703,0,0,0,0,0,96.311279296875
127.64543914794922,-0.28096121549606323,1.9549137353897095,16.715787887573242,2.4169936180114746,198.0022735595703,0,0,0,0,0,99.91007995605469
127.65375518798828,-0.14127619564533234,1.9699411392211914,16.845109939575195,1.2225430011749268,198.0022735595703,0,0,0,0,0,98.22217559814453
127.66207885742188,-0.0008778764167800546,1.9750003814697266,16.889196395874023,0.021949952468276024,198.0022735595703,0,0,0,0,0,100.58338165283203
127.67039489746094,0.13952314853668213,1.9700660705566406,16.847822189331055,-1.1787105798721313,198.0022735595703,0,0,0,0,0,100.7759780883789
127.67871856689453,0.2792166769504547,1.9551637172698975,16.72119903564453,-2.3733630180358887,198.0022735595703,0,0,0,0,0,95.7762680053711
127.6870346069336,0.41749557852745056,1.9303690195083618,16.50998306274414,-3.5559639930725098,198.0022735595703,0,0,0,0,0,99.93004608154297
127.69535827636719,0.5536606311798096,1.8958076238632202,16.215240478515625,-4.720530033111572,198.0022735595703,0,0,0,0,0,102.27040100097656
127.70367431640625,0.6870225667953491,1.8516552448272705,15.838468551635742,-5.861169815063477,198.0022735595703,0,0,0,0,0,105.31858825683594
127.71199798583984,0.8169070482254028,1.7981351613998413,15.38158130645752,-6.972113132476807,198.0022735595703,0,0,0,0,0,96.12611389160156
127.7203140258789,0.9426572918891907,1.735518455505371,14.846892356872559,-8.047745704650879,198.0022735595703,0,0,0,0,0,101.88487243652344
127.7286376953125,1.063637375831604,1.6641221046447754,14.237110137939453,-9.082629203796387,198.0022735595703,0,0,0,0,0,100.88780975341797
127.73695373535156,1.1792343854904175,1.584308385848999,13.555331230163574,-10.071517944335938,198.0022735595703,0,0,0,0,0,97.98158264160156
127.74527740478516,1.2888644933700562,1.496480941772461,12.805001258850098,-11.009424209594727,198.0022735595703,0,0,0,0,0,99.63136291503906
127.75359344482422,1.3919730186462402,1.4010844230651855,11.989924430847168,-11.891599655151367,198.0022735595703,0,0,0,0,0,97.44689178466797
127.76191711425781,1.488039255142212,1.298601746559143,11.114228248596191,-12.713589668273926,198.0022735595703,0,0,0,0,0,100.1702880859375
127.77023315429688,1.5765764713287354,1.189551830291748,10.18234920501709,-13.471240997314453,198.0022735595703,0,0,0,0,0,100.20040130615234
127.77855682373047,1.6571383476257324,1.074485421180725,9.198993682861328,-14.160725593566895,198.0022735595703,0,0,0,0,0,98.2414779663086
127.78688049316406,1.72931706905365,0.9539859294891357,8.169148445129395,-14.778556823730469,198.0022735595703,0,0,0,0,0,99.15716552734375
127.79519653320313,1.7927483320236206,0.8286617994308472,7.098013877868652,-15.321619033813477,198.0022735595703,0,0,0,0,0,101.06114196777344
127.80352020263672,1.8471112251281738,0.6991479992866516,5.991019248962402,-15.787165641784668,198.0022735595703,0,0,0,0,0,98.62905883789063
127.81183624267578,1.8921304941177368,0.5660995841026306,4.85376501083374,-16.1728515625,198.0022735595703,0,0,0,0,0,94.41979217529297
127.82015991210938,1.9275798797607422,0.4301892817020416,3.6919972896575928,-16.476720809936523,198.0022735595703,0,0,0,0,0,98.28009796142578
127.82847595214844,1.953279733657837,0.2921053171157837,2.511604070663452,-16.697246551513672,198.0022735595703,0,0,0,0,0,99.09820556640625
127.83679962158203,1.9691005945205688,0.15254567563533783,1.3185510635375977,-16.833316802978516,198.0022735595703,0,0,0,0,0,95.93246459960938
127.8451156616211,1.9749627113342285,0.012216335162520409,0.11887461692094803,-16.88425636291504,198.0022735595703,0,0,0,0,0,95.9140625
127.85343933105469,1.970837116241455,-0.1281731277704239,-1.0813595056533813,-16.849807739257813,198.0022735595703,0,0,0,0,0,100.60362243652344
127.86175537109375,1.9567447900772095,-0.2679126560688019,-2.276081085205078,-16.730148315429688,198.0022735595703,0,0,0,0,0,100.7252197265625
127.87007904052734,1.9327574968338013,-0.4062957763671875,-3.4592506885528564,-16.525888442993164,198.0022735595703,0,0,0,0,0,99.10802459716797
127.8783950805664,1.8989967107772827,-0.5426220893859863,-4.624878883361816,-16.238067626953125,198.0022735595703,0,0,0,0,0,99.68102264404297
127.88671875,1.8556339740753174,-0.6762028932571411,-5.767078399658203,-15.868155479431152,198.0022735595703,0,0,0,0,0,98.48335266113281
127.89503479003906,1.8028879165649414,-0.8063635230064392,-6.880082607269287,-15.418013572692871,198.0022735595703,0,0,0,0,0,99.36406707763672
127.90335845947266,1.7410268783569336,-0.9324442148208618,-7.958249092102051,-14.88992977142334,198.0022735595703,0,0,0,0,0,98.79470825195313
127.91167449951172,1.6703630685806274,-1.0538092851638794,-8.99614143371582,-14.286574363708496,198.0022735595703,0,0,0,0,0,98.4251937866211
127.91999816894531,1.5912538766860962,-1.1698451042175293,-9.988512992858887,-13.611001968383789,198.0022735595703,0,0,0,0,0,98.57072448730469
127.92831420898438,1.5041004419326782,-1.2799644470214844,-10.930347442626953,-12.8666410446167,198.0022735595703,0,0,0,0,0,99.17683410644531
127.93663787841797,1.4093432426452637,-1.3836106061935425,-11.816880226135254,-12.0572509765625,198.0022735595703,0,0,0,0,0,98.79470825195313
127.94495391845703,1.307462215423584,-1.480259656906128,-12.643632888793945,-11.186938285827637,198.0022735595703,0,0,0,0,0,99.51239013671875
127.95327758789063,1.1989719867706299,-1.5694241523742676,-13.406439781188965,-10.26009750366211,198.0022735595703,0,0,0,0,0,99.11785125732422
127.96159362792969,1.0844215154647827,-1.6506534814834595,-14.101438522338867,-9.281417846679688,198.0022735595703,0,0,0,0,0,97.83778381347656
127.96991729736328,0.9643898010253906,-1.7235366106033325,-14.725127220153809,-8.255849838256836,198.0022735595703,0,0,0,0,0,99.01970672607422
127.97823333740234,0.8394851088523865,-1.787705659866333,-15.274345397949219,-7.188589096069336,198.0022735595703,0,0,0,0,0,96.96499633789063
127.98655700683594,0.7103378176689148,-1.8428369760513306,-15.746332168579102,-6.085026741027832,198.0022735595703,0,0,0,0,0,98.85330200195313
127.994873046875,0.5776007175445557,-1.8886513710021973,-16.13869857788086,-4.950738430023193,198.0022735595703,0,0,0,0,0,100.2807846069336
128.00320434570313,0.4419458508491516,-1.924918293952942,-16.449478149414063,-3.7914724349975586,198.0022735595703,0,0,0,0,0,95.73042297363281
128.0115203857422,0.3040584623813629,-1.9514548778533936,-16.677093505859375,-2.61307954788208,198.0022735595703,0,0,0,0,0,99.4332275390625
128.01983642578125,0.1646357625722885,-1.9681264162063599,-16.820404052734375,-1.4215220212936401,198.0022735595703,0,0,0,0,0,100.11012268066406
128.0281524658203,0.02438264712691307,-1.974850058555603,-16.87868881225586,-0.22282256186008453,198.0022735595703,0,0,0,0,0,98.69719696044922
128.03648376464844,-0.11599203944206238,-1.9715912342071533,-16.851659774780273,0.9769596457481384,198.0022735595703,0,0,0,0,0,97.9623794555664
128.0447998046875,-0.25577887892723083,-1.9583677053451538,-16.73946189880371,2.1717617511749268,198.0022735595703,0,0,0,0,0,98.3477554321289
128.05311584472656,-0.39427128434181213,-1.9352459907531738,-16.542659759521484,3.3555448055267334,198.0022735595703,0,0,0,0,0,99.89012145996094
128.06143188476563,-0.5307689905166626,-1.9023436307907104,-16.26226234436035,4.5223236083984375,198.0022735595703,0,0,0,0,0,100.9999008178711
128.06976318359375,-0.6645829081535339,-1.859826683998108,-15.899679183959961,5.666207790374756,198.0022735595703,0,0,0,0,0,98.3961410522461
128.0780792236328,-0.7950368523597717,-1.8079113960266113,-15.456754684448242,6.7814154624938965,198.0022735595703,0,0,0,0,0,98.87284851074219
128.08639526367188,-0.9214712381362915,-1.7468593120574951,-14.9357271194458,7.862314224243164,198.0022735595703,0,0,0,0,0,98.51245880126953
128.09471130371094,-1.0432473421096802,-1.6769801378250122,-14.339239120483398,8.903435707092285,198.0022735595703,0,0,0,0,0,100.71508026123047
128.10304260253906,-1.1597493886947632,-1.598626971244812,-13.670309066772461,9.899523735046387,198.0022735595703,0,0,0,0,0,98.51245880126953
128.11135864257813,-1.2703899145126343,-1.5121960639953613,-12.932321548461914,10.84555435180664,198.0022735595703,0,0,0,0,0,96.74922943115234
128.1196746826172,-1.3746083974838257,-1.4181251525878906,-12.129016876220703,11.736736297607422,198.0022735595703,0,0,0,0,0,100.51261138916016
128.12799072265625,-1.471879005432129,-1.3168898820877075,-11.264455795288086,12.568575859069824,198.0022735595703,0,0,0,0,0,96.8429183959961
128.13632202148438,-1.5617121458053589,-1.209000825881958,-10.342997550964355,13.336883544921875,198.0022735595703,0,0,0,0,0,96.29273223876953
128.14463806152344,-1.6436525583267212,-1.0950039625167847,-9.369316101074219,14.037773132324219,198.0022735595703,0,0,0,0,0,99.04912567138672
128.1529541015625,-1.7172865867614746,-0.9754757881164551,-8.3483304977417,14.667706489562988,198.0022735595703,0,0,0,0,0,91.34088134765625
128.16127014160156,-1.7822436094284058,-0.8510197401046753,-7.285196304321289,15.223511695861816,198.0022735595703,0,0,0,0,0,89.12655639648438
128.1696014404297,-1.838194489479065,-0.7222660183906555,-6.185293674468994,15.702372550964355,198.0022735595703,0,0,0,0,0,100.53282165527344
128.17791748046875,-1.884857177734375,-0.5898645520210266,-5.0541815757751465,16.101882934570313,198.0022735595703,0,0,0,0,0,95.69377899169922
128.1862335205078,-1.9219963550567627,-0.45448529720306396,-3.8975837230682373,16.420026779174805,198.0022735595703,0,0,0,0,0,98.68745422363281
128.19454956054688,-1.9494251012802124,-0.31681087613105774,-2.7213308811187744,16.65520668029785,198.0022735595703,0,0,0,0,0,93.597900390625
128.202880859375,-1.967004656791687,-0.1775374561548233,-1.5313720703125,16.80623435974121,198.0022735595703,0,0,0,0,0,98.48335266113281
128.21119689941406,-1.974646806716919,-0.037368908524513245,-0.3337206542491913,16.872358322143555,198.0022735595703,0,0,0,0,0,97.43739318847656
128.21951293945313,-1.9723135232925415,0.10298676788806915,0.8655736446380615,16.853240966796875,198.0022735595703,0,0,0,0,0,98.46395874023438
128.22784423828125,-1.9600164890289307,0.24282033741474152,2.060450792312622,16.748987197875977,198.0022735595703,0,0,0,0,0,99.63136291503906
128.2361602783203,-1.9378186464309692,0.38142552971839905,3.244875192642212,16.560129165649414,198.0022735595703,0,0,0,0,0,97.91442108154297
128.24447631835938,-1.905832290649414,0.5181026458740234,4.412867546081543,16.287622451782227,198.0022735595703,0,0,0,0,0,101.16337585449219
128.25279235839844,-1.864219307899475,0.6521610617637634,5.558525562286377,15.932851791381836,198.0022735595703,0,0,0,0,0,99.36406707763672
128.26112365722656,-1.81318998336792,0.7829234600067139,6.6760640144348145,15.497615814208984,198.0022735595703,0,0,0,0,0,98.8142318725586
128.26943969726563,-1.7530025243759155,0.9097297787666321,7.75984525680542,14.98412036895752,198.0022735595703,0,0,0,0,0,98.37678527832031
128.2777557373047,-1.6839622259140015,1.0319385528564453,8.804381370544434,14.394965171813965,198.0022735595703,0,0,0,0,0,98.66798400878906
128.28607177734375,-1.6064174175262451,1.148934006690979,9.804414749145508,13.733126640319824,198.0022735595703,0,0,0,0,0,94.50009155273438
128.29440307617188,-1.5207594633102417,1.260125994682312,10.754901885986328,13.00194263458252,198.0022735595703,0,0,0,0,0,98.11617279052734
128.30271911621094,-1.4274219274520874,1.3649520874023438,11.651031494140625,12.205124855041504,198.0022735595703,0,0,0,0,0,98.26078033447266
128.31103515625,-1.3268762826919556,1.4628829956054688,12.488286018371582,11.346693992614746,198.0022735595703,0,0,0,0,0,99.17683410644531
128.31935119628906,-1.2196294069290161,1.5534254312515259,13.262450218200684,10.430974006652832,198.0022735595703,0,0,0,0,0,98.41551208496094
128.3276824951172,-1.1062260866165161,1.6361206769943237,13.969593048095703,9.462625503540039,198.0022735595703,0,0,0,0,0,98.74592590332031
128.33599853515625,-0.9872366786003113,1.7105528116226196,14.606170654296875,8.446517944335938,198.0022735595703,0,0,0,0,0,100.60362243652344
128.3443145751953,-0.8632636070251465,1.7763454914093018,15.168964385986328,7.387798309326172,198.0022735595703,0,0,0,0,0,99.40357971191406
128.35263061523438,-0.7349329590797424,1.8331665992736816,15.655135154724121,6.291812419891357,198.0022735595703,0,0,0,0,0,98.8239974975586
128.3609619140625,-0.6028919816017151,1.8807309865951538,16.062236785888672,5.164088726043701,198.0022735595703,0,0,0,0,0,101.61569213867188
128.36927795410156,-0.4678085148334503,1.9187970161437988,16.38821792602539,4.010332107543945,198.0022735595703,0,0,0,0,0,98.88262939453125
128.37759399414063,-0.33036455512046814,1.9471739530563354,16.631433486938477,2.836367607116699,198.0022735595703,0,0,0,0,0,99.50248718261719
128.3859100341797,-0.19125425815582275,1.9657185077667236,16.79066276550293,1.648125171661377,198.0022735595703,0,0,0,0,0,100.48231506347656
128.3942413330078,-0.0511799231171608,1.974337100982666,16.865093231201172,0.4516034722328186,198.0022735595703,0,0,0,0,0,99.22603607177734
128.40255737304688,0.0891510546207428,1.972987413406372,16.854381561279297,-0.7471526861190796,198.0022735595703,0,0,0,0,0,100.7759780883789
128.41087341308594,0.22903017699718475,1.9616758823394775,16.75857162475586,-1.9420926570892334,198.0022735595703,0,0,0,0,0,98.64851379394531
128.419189453125,0.3677513599395752,1.9404600858688354,16.578153610229492,-3.1271843910217285,198.0022735595703,0,0,0,0,0,99.04912567138672
128.42752075195313,0.5046135187149048,1.9094481468200684,16.314048767089844,-4.296440124511719,198.0022735595703,0,0,0,0,0,100.9999008178711
128.4358367919922,0.6389265656471252,1.8687963485717773,15.967591285705566,-5.443964004516602,198.0022735595703,0,0,0,0,0,98.44457244873047
128.44415283203125,0.7700125575065613,1.818710446357727,15.540534019470215,-6.563962459564209,198.0022735595703,0,0,0,0,0,97.83778381347656
128.45248413085938,0.8972107172012329,1.7594432830810547,15.0350341796875,-7.650792121887207,198.0022735595703,0,0,0,0,0,100.66438293457031
128.46080017089844,1.0198774337768555,1.6912944316864014,14.453654289245605,-8.698956489562988,198.0022735595703,0,0,0,0,0,97.76126861572266
128.4691162109375,1.1373939514160156,1.614608883857727,13.799332618713379,-9.703165054321289,198.0022735595703,0,0,0,0,0,100.23052978515625
128.47743225097656,1.249168038368225,1.5297731161117554,13.075369834899902,-10.65836238861084,198.0022735595703,0,0,0,0,0,101.18385314941406
128.4857635498047,1.354634404182434,1.4372167587280273,12.285436630249023,-11.559714317321777,198.0022735595703,0,0,0,0,0,99.37394714355469
128.49407958984375,1.453262209892273,1.3374065160751343,11.433514595031738,-12.402690887451172,198.0022735595703,0,0,0,0,0,101.31712341308594
128.5023956298828,1.5445526838302612,1.2308467626571655,10.523917198181152,-13.18303108215332,198.0022735595703,0,0,0,0,0,106.37166595458984
128.51071166992188,1.6280457973480225,1.1180756092071533,9.561234474182129,-13.89680004119873,198.0022735595703,0,0,0,0,0,95.58401489257813
128.51904296875,1.7033207416534424,0.9996623992919922,8.550324440002441,-14.540400505065918,198.0022735595703,0,0,0,0,0,99.35419464111328
128.52735900878906,1.7699977159500122,0.8762048482894897,7.496294975280762,-15.110589981079102,198.0022735595703,0,0,0,0,0,100.43185424804688
128.53567504882813,1.8277403116226196,0.7483265995979309,6.4044694900512695,-15.6044921875,198.0022735595703,0,0,0,0,0,99.23588562011719
128.5439910888672,1.876257300376892,0.6166731715202332,5.2803635597229,-16.01961898803711,198.0022735595703,0,0,0,0,0,99.02951049804688
128.5523223876953,1.9153043031692505,0.4819093346595764,4.129651069641113,-16.3538818359375,198.0022735595703,0,0,0,0,0,98.5512924194336
128.56063842773438,1.9446845054626465,0.34471532702445984,2.9581425189971924,-16.6055965423584,198.0022735595703,0,0,0,0,0,100.32102966308594
128.56895446777344,1.9642506837844849,0.20578329265117645,1.771747350692749,-16.773502349853516,198.0022735595703,0,0,0,0,0,98.91197204589844
128.5772705078125,1.9739035367965698,0.06581421196460724,0.5764530897140503,-16.856760025024414,198.0022735595703,0,0,0,0,0,99.36406707763672
128.58560180664063,1.9735956192016602,-0.07448531687259674,-0.6217071413993835,-16.85494613647461,198.0022735595703,0,0,0,0,0,98.89240264892578
128.5939178466797,1.9633280038833618,-0.21440717577934265,-1.8166853189468384,-16.768077850341797,198.0022735595703,0,0,0,0,0,99.81036376953125
128.60223388671875,1.9431533813476563,-0.3532455265522003,-3.0024540424346924,-16.596601486206055,198.0022735595703,0,0,0,0,0,99.47279357910156
128.6105499267578,1.9131736755371094,-0.4902994632720947,-4.173027515411377,-16.341388702392578,198.0022735595703,0,0,0,0,0,98.96090698242188
128.61888122558594,1.8735407590866089,-0.6248776316642761,-5.322502613067627,-16.003725051879883,198.0022735595703,0,0,0,0,0,100.93872833251953
128.627197265625,1.824454665184021,-0.7563015818595886,-6.44508171081543,-15.585321426391602,198.0022735595703,0,0,0,0,0,97.2384262084961
128.63551330566406,1.7661635875701904,-0.8839079737663269,-7.535101413726807,-15.088296890258789,198.0022735595703,0,0,0,0,0,99.57183837890625
128.64382934570313,1.698961615562439,-1.0070531368255615,-8.587063789367676,-14.51516056060791,198.0022735595703,0,0,0,0,0,100.81661224365234
128.65216064453125,1.623189091682434,-1.1251150369644165,-9.595660209655762,-13.868816375732422,198.0022735595703,0,0,0,0,0,98.8044662475586
128.6604766845703,1.5392283201217651,-1.2374987602233887,-10.555802345275879,-13.152524948120117,198.0022735595703,0,0,0,0,0,100.23052978515625
128.66879272460938,1.4475021362304688,-1.3436386585235596,-11.462663650512695,-12.369893074035645,198.0022735595703,0,0,0,0,0,98.96090698242188
128.6771240234375,1.3484745025634766,-1.4429980516433716,-12.311656951904297,-11.524890899658203,198.0022735595703,0,0,0,0,0,96.27418518066406
128.68544006347656,1.2426451444625854,-1.5350764989852905,-13.098509788513184,-10.62177562713623,198.0022735595703,0,0,0,0,0,99.2752914428711
128.69375610351563,1.1305490732192993,-1.619409203529358,-13.819249153137207,-9.665115356445313,198.0022735595703,0,0,0,0,0,102.00959014892578
128.7020721435547,1.0127490758895874,-1.6955724954605103,-14.47026252746582,-8.65971851348877,198.0022735595703,0,0,0,0,0,99.72077941894531
128.7104034423828,0.8898429274559021,-1.7631808519363403,-15.048249244689941,-7.610684871673584,198.0022735595703,0,0,0,0,0,99.46289825439453
128.71871948242188,0.7624490857124329,-1.8218942880630493,-15.550310134887695,-6.523295879364014,198.0022735595703,0,0,0,0,0,99.93004608154297
128.72703552246094,0.63121098279953,-1.871416449546814,-15.973910331726074,-5.403042793273926,198.0022735595703,0,0,0,0,0,99.72077941894531
128.7353515625,0.4967898428440094,-1.9114985466003418,-16.31692123413086,-4.255569934844971,198.0022735595703,0,0,0,0,0,101.22482299804688
128.74368286132813,0.35986483097076416,-1.9419381618499756,-16.577613830566406,-3.0866756439208984,198.0022735595703,0,0,0,0,0,99.26543426513672
128.7519989013672,0.22112658619880676,-1.9625827074050903,-16.754676818847656,-1.9022578001022339,198.0022735595703,0,0,0,0,0,98.88262939453125
128.76031494140625,0.08127456158399582,-1.973327398300171,-16.84722900390625,-0.7082881927490234,198.0022735595703,0,0,0,0,0,98.79470825195313
128.7686309814453,-0.058985643088817596,-1.9741194248199463,-16.854814529418945,0.4892103970050812,198.0022735595703,0,0,0,0,0,94.38414001464844
128.77696228027344,-0.19894669950008392,-1.9649548530578613,-16.77738380432129,1.684198260307312,198.0022735595703,0,0,0,0,0,96.5064697265625
128.7852783203125,-0.3379027545452118,-1.9458799362182617,-16.61534309387207,2.870649576187134,198.0022735595703,0,0,0,0,0,94.2862548828125
128.79359436035156,-0.475152850151062,-1.9169917106628418,-16.3695125579834,4.04257869720459,198.0022735595703,0,0,0,0,0,94.44654083251953
128.80191040039063,-0.6100049018859863,-1.8784356117248535,-16.041139602661133,5.1940789222717285,198.0022735595703,0,0,0,0,0,95.57488250732422
128.81024169921875,-0.7417791485786438,-1.8304072618484497,-15.631877899169922,6.319343566894531,198.0022735595703,0,0,0,0,0,92.87638092041016
128.8185577392578,-0.8698103427886963,-1.7731488943099976,-15.143802642822266,7.412692546844482,198.0022735595703,0,0,0,0,0,96.73050689697266
128.82687377929688,-0.9934544563293457,-1.7069491147994995,-14.579374313354492,8.468628883361816,198.0022735595703,0,0,0,0,0,97.42790222167969
128.83518981933594,-1.1120872497558594,-1.6321425437927246,-13.941449165344238,9.481819152832031,198.0022735595703,0,0,0,0,0,95.26531219482422
128.84352111816406,-1.2251108884811401,-1.5491063594818115,-13.233243942260742,10.447161674499512,198.0022735595703,0,0,0,0,0,94.78672790527344
128.85183715820313,-1.331955075263977,-1.4582602977752686,-12.458338737487793,11.359785079956055,198.0022735595703,0,0,0,0,0,90.4568099975586
128.8601531982422,-1.4320814609527588,-1.3600624799728394,-11.620648384094238,12.215095520019531,198.0022735595703,0,0,0,0,0,98.68745422363281
128.86846923828125,-1.524985909461975,-1.2550078630447388,-10.724394798278809,13.008785247802734,198.0022735595703,0,0,0,0,0,99.10802459716797
128.87680053710938,-1.6102005243301392,-1.14362633228302,-9.774096488952637,13.736858367919922,198.0022735595703,0,0,0,0,0,97.74215698242188
128.88511657714844,-1.6872953176498413,-1.0264800786972046,-8.774554252624512,14.395645141601563,198.0022735595703,0,0,0,0,0,101.43016815185547
128.8934326171875,-1.7558822631835938,-0.9041597843170166,-7.730806350708008,14.981826782226563,198.0022735595703,0,0,0,0,0,99.20635223388672
128.90176391601563,-1.8156152963638306,-0.7772824764251709,-6.648123264312744,15.492451667785645,198.0022735595703,0,0,0,0,0,101.53314971923828
128.9100799560547,-1.8661938905715942,-0.6464880704879761,-5.531960964202881,15.924949645996094,198.0022735595703,0,0,0,0,0,101.72940063476563
128.91839599609375,-1.907363772392273,-0.5124363899230957,-4.38795280456543,16.277145385742188,198.0022735595703,0,0,0,0,0,99.1866683959961
128.9267120361328,-1.9389169216156006,-0.3758024275302887,-3.2218616008758545,16.547266006469727,198.0022735595703,0,0,0,0,0,100.94892120361328
128.93504333496094,-1.9606956243515015,-0.23727574944496155,-2.0395736694335938,16.733966827392578,198.0022735595703,0,0,0,0,0,100.14019775390625
128.943359375,-1.9725894927978516,-0.09755446761846542,-0.8470461368560791,16.836305618286133,198.0022735595703,0,0,0,0,0,99.82032012939453
128.95167541503906,-1.9745397567749023,0.04265686869621277,0.3497077524662018,16.853769302368164,198.0022735595703,0,0,0,0,0,98.63878631591797
128.95999145507813,-1.966536283493042,0.18265150487422943,1.544655442237854,16.786272048950195,198.0022735595703,0,0,0,0,0,100.89799499511719
128.96832275390625,-1.948620319366455,0.3217235803604126,2.7317724227905273,16.634164810180664,198.0022735595703,0,0,0,0,0,99.11785125732422
128.9766387939453,-1.920881748199463,0.45917242765426636,3.9050772190093994,16.398212432861328,198.0022735595703,0,0,0,0,0,99.96001434326172
128.98495483398438,-1.883461594581604,0.5943055152893066,5.058658599853516,16.079614639282227,198.0022735595703,0,0,0,0,0,99.74067687988281
128.99327087402344,-1.8365486860275269,0.7264406085014343,6.186692714691162,15.679983139038086,198.0022735595703,0,0,0,0,0,99.49258422851563
129.00160217285156,-1.780379056930542,0.8549136519432068,7.283514022827148,15.201336860656738,198.0022735595703,0,0,0,0,0,101.07135772705078
129.00991821289063,-1.715236783027649,0.9790759086608887,8.343584060668945,14.646090507507324,198.0022735595703,0,0,0,0,0,99.33445739746094
129.0182342529297,-1.641451120376587,1.0983011722564697,9.361556053161621,14.017054557800293,198.0022735595703,0,0,0,0,0,99.20635223388672
129.02655029296875,-1.5593924522399902,1.2119909524917603,10.33232307434082,13.317388534545898,198.0022735595703,0,0,0,0,0,100.54293060302734
129.03488159179688,-1.4694766998291016,1.3195703029632568,11.250971794128418,12.550640106201172,198.0022735595703,0,0,0,0,0,99.28514862060547
129.04319763183594,-1.3721554279327393,1.4204988479614258,12.112895011901855,11.720662117004395,198.0022735595703,0,0,0,0,0,99.14733123779297
129.051513671875,-1.267920970916748,1.5142667293548584,12.913735389709473,10.831648826599121,198.0022735595703,0,0,0,0,0,100.65425109863281
129.05982971191406,-1.157296895980835,1.6004033088684082,13.649481773376465,9.888076782226563,198.0022735595703,0,0,0,0,0,100.37137603759766
129.0681610107422,-1.040842890739441,1.6784732341766357,14.316411018371582,8.8947172164917,198.0022735595703,0,0,0,0,0,104.88777160644531
129.07647705078125,-0.9191457629203796,1.7480839490890503,14.911169052124023,7.856570720672607,198.0022735595703,0,0,0,0,0,103.78826904296875
129.0847930908203,-0.7928188443183899,1.8088849782943726,15.430768966674805,6.778878211975098,198.0022735595703,0,0,0,0,0,103.25244903564453
129.09310913085938,-0.6624974012374878,1.8605707883834839,15.872593879699707,5.667055130004883,198.0022735595703,0,0,0,0,0,96.57170104980469
129.1014404296875,-0.5288398265838623,1.9028810262680054,16.23442268371582,4.526721954345703,198.0022735595703,0,0,0,0,0,98.02960205078125
129.10975646972656,-0.3925195634365082,1.935602068901062,16.514453887939453,3.363631010055542,198.0022735595703,0,0,0,0,0,96.61835479736328
129.11807250976563,-0.2542227804660797,1.9585703611373901,16.71125602722168,2.1836256980895996,198.0022735595703,0,0,0,0,0,94.4376220703125
129.12640380859375,-0.11464696377515793,1.9716699123382568,16.8238525390625,0.9926642775535583,198.0022735595703,0,0,0,0,0,97.07795715332031
129.1347198486328,0.025504881516098976,1.9748358726501465,16.851682662963867,-0.20325645804405212,198.0022735595703,0,0,0,0,0,94.83167266845703
129.14303588867188,0.16552650928497314,1.968051791191101,16.794607162475586,-1.3981096744537354,198.0022735595703,0,0,0,0,0,93.28358459472656
129.15135192871094,0.30471253395080566,1.9513527154922485,16.652925491333008,-2.5858755111694336,198.0022735595703,0,0,0,0,0,95.92326354980469
129.15968322753906,0.44236186146736145,1.9248226881027222,16.427352905273438,-3.7605724334716797,198.0022735595703,0,0,0,0,0,95.25624084472656
129.16799926757813,0.5777806043624878,1.888596534729004,16.11902618408203,-4.916275501251221,198.0022735595703,0,0,0,0,0,95.70294189453125
129.1763153076172,0.7102876901626587,1.8428560495376587,15.729509353637695,-6.047177314758301,198.0022735595703,0,0,0,0,0,95.12937927246094
129.18463134765625,0.8392145037651062,1.7878327369689941,15.260769844055176,-7.147570610046387,198.0022735595703,0,0,0,0,0,93.85265350341797
129.19296264648438,0.9639118313789368,1.723804235458374,14.715174674987793,-8.211915969848633,198.0022735595703,0,0,0,0,0,95.14747619628906
129.20127868652344,1.083752155303955,1.6510930061340332,14.095477104187012,-9.234858512878418,198.0022735595703,0,0,0,0,0,93.80863189697266
129.2095947265625,1.1981322765350342,1.5700653791427612,13.404800415039063,-10.211247444152832,198.0022735595703,0,0,0,0,0,95.46539306640625
129.21791076660156,1.3064759969711304,1.481130599975586,12.646624565124512,-11.1361665725708,198.0022735595703,0,0,0,0,0,95.0479965209961
129.2262420654297,1.408237099647522,1.3847365379333496,11.82478141784668,-12.00495719909668,198.0022735595703,0,0,0,0,0,94.84066772460938
129.23455810546875,1.5029042959213257,1.281368613243103,10.943404197692871,-12.813249588012695,198.0022735595703,0,0,0,0,0,91.77680206298828
129.2428741455078,1.5900002717971802,1.1715487241744995,10.006950378417969,-13.556975364685059,198.0022735595703,0,0,0,0,0,93.1358871459961
129.25119018554688,1.669087290763855,1.0558286905288696,9.020119667053223,-14.23239803314209,198.0022735595703,0,0,0,0,0,92.0810317993164
129.259521484375,1.739767074584961,0.9347927570343018,7.987900257110596,-14.836115837097168,198.0022735595703,0,0,0,0,0,95.82215118408203
129.26783752441406,1.8016839027404785,0.8090503215789795,6.915487766265869,-15.365090370178223,198.0022735595703,0,0,0,0,0,94.82268524169922
129.27615356445313,1.854526162147522,0.6792351007461548,5.80828857421875,-15.816662788391113,198.0022735595703,0,0,0,0,0,94.08222961425781
129.2844696044922,1.898028016090393,0.5460006594657898,4.671879768371582,-16.188566207885742,198.0022735595703,0,0,0,0,0,93.7470703125
129.2928009033203,1.9319713115692139,0.4100176990032196,3.511977195739746,-16.478923797607422,198.0022735595703,0,0,0,0,0,93.73828125
129.30111694335938,1.9561848640441895,0.27197158336639404,2.334434986114502,-16.686294555664063,198.0022735595703,0,0,0,0,0,94.4554672241211
129.30943298339844,1.970547080039978,0.13255755603313446,1.1451802253723145,-16.809633255004883,198.0022735595703,0,0,0,0,0,88.55043029785156
129.31776428222656,1.9749864339828491,-0.007522135507315397,-0.04979706555604935,-16.848318099975586,198.0022735595703,0,0,0,0,0,94.97578430175781
129.32608032226563,1.969480276107788,-0.14756236970424652,-1.2444812059402466,-16.802165985107422,198.0022735595703,0,0,0,0,0,95.53836059570313
129.3343963623047,1.9540570974349976,-0.28685784339904785,-2.4328548908233643,-16.671405792236328,198.0022735595703,0,0,0,0,0,95.52010345458984
129.34271240234375,1.9287952184677124,-0.4247073233127594,-3.6089375019073486,-16.45671272277832,198.0022735595703,0,0,0,0,0,92.09799194335938
129.35104370117188,1.8938219547271729,-0.5604158043861389,-4.766795635223389,-16.159156799316406,198.0022735595703,0,0,0,0,0,94.77774810791016
129.35935974121094,1.849313497543335,-0.6933010220527649,-5.900615692138672,-15.780261039733887,198.0022735595703,0,0,0,0,0,95.15653228759766
129.36767578125,1.795494556427002,-0.8226944804191589,-7.004689693450928,-15.32192611694336,198.0022735595703,0,0,0,0,0,95.2290267944336
129.37599182128906,1.7326362133026123,-0.9479446411132813,-8.07345962524414,-14.786465644836426,198.0022735595703,0,0,0,0,0,94.00263214111328
129.3843231201172,1.6610549688339233,-1.0684210062026978,-9.101546287536621,-14.17657470703125,198.0022735595703,0,0,0,0,0,95.23809814453125
129.39263916015625,1.5811128616333008,-1.1835157871246338,-10.083763122558594,-13.495341300964355,198.0022735595703,0,0,0,0,0,97.21952056884766
129.4009552001953,1.4932113885879517,-1.2926510572433472,-11.015185356140137,-12.746193885803223,198.0022735595703,0,0,0,0,0,94.81369018554688
129.40927124023438,1.3977934122085571,-1.3952778577804565,-11.891120910644531,-11.93289852142334,198.0022735595703,0,0,0,0,0,95.50186157226563
129.4176025390625,1.2953399419784546,-1.4908792972564697,-12.70716381072998,-11.059565544128418,198.0022735595703,0,0,0,0,0,94.2773666381836
129.42591857910156,1.1863669157028198,-1.5789746046066284,-13.459208488464355,-10.130586624145508,198.0022735595703,0,0,0,0,0,95.75792694091797
129.43423461914063,1.0714232921600342,-1.659119963645935,-14.143472671508789,-9.150650024414063,198.0022735595703,0,0,0,0,0,96.54373168945313
129.4425506591797,0.951087474822998,-1.7309129238128662,-14.756519317626953,-8.124679565429688,198.0022735595703,0,0,0,0,0,95.71209716796875
129.4508819580078,0.8259660005569458,-1.7939918041229248,-15.29526138305664,-7.057859897613525,198.0022735595703,0,0,0,0,0,99.4332275390625
129.45919799804688,0.6966878771781921,-1.8480403423309326,-15.756999015808105,-5.955544948577881,198.0022735595703,0,0,0,0,0,99.00990295410156
129.46751403808594,0.563904881477356,-1.892785906791687,-16.13941192626953,-4.823297023773193,198.0022735595703,0,0,0,0,0,99.63136291503906
129.475830078125,0.42828550934791565,-1.9280039072036743,-16.440582275390625,-3.666816234588623,198.0022735595703,0,0,0,0,0,98.64851379394531
129.48416137695313,0.2905120253562927,-1.953517198562622,-16.658979415893555,-2.4919192790985107,198.0022735595703,0,0,0,0,0,99.81036376953125
129.4924774169922,0.15127749741077423,-1.9691981077194214,-16.793527603149414,-1.304518461227417,198.0022735595703,0,0,0,0,0,100.3411636352539
129.50079345703125,0.01128359604626894,-1.9749681949615479,-16.84355354309082,-0.11059802770614624,198.0022735595703,0,0,0,0,0,97.91442108154297
129.5091094970703,-0.12876547873020172,-1.9707984924316406,-16.808805465698242,1.0838360786437988,198.0022735595703,0,0,0,0,0,96.5623779296875
129.51744079589844,-0.2681647539138794,-1.9567102193832397,-16.689470291137695,2.272772789001465,198.0022735595703,0,0,0,0,0,99.90010070800781
129.5257568359375,-0.40621277689933777,-1.9327749013900757,-16.48614501953125,3.4502272605895996,198.0022735595703,0,0,0,0,0,101.0509262084961
129.53407287597656,-0.5422148108482361,-1.8991130590438843,-16.19986343383789,4.610276699066162,198.0022735595703,0,0,0,0,0,98.72643280029297
129.5424041748047,-0.6754868626594543,-1.8558944463729858,-15.832064628601074,5.747085094451904,198.0022735595703,0,0,0,0,0,99.61151885986328
129.55072021484375,-0.8053580522537231,-1.8033374547958374,-15.384610176086426,6.854930400848389,198.0022735595703,0,0,0,0,0,99.98999786376953
129.5590362548828,-0.9311748147010803,-1.7417062520980835,-14.859760284423828,7.928242206573486,198.0022735595703,0,0,0,0,0,99.54210662841797
129.56735229492188,-1.0523048639297485,-1.671311378479004,-14.260152816772461,8.96162223815918,198.0022735595703,0,0,0,0,0,101.6983642578125
129.57568359375,-1.168138027191162,-1.5925076007843018,-13.588813781738281,9.949872016906738,198.0022735595703,0,0,0,0,0,99.26543426513672
129.58399963378906,-1.2780927419662476,-1.5056911706924438,-12.849119186401367,10.888021469116211,198.0022735595703,0,0,0,0,0,99.01970672607422
129.59231567382813,-1.3816149234771729,-1.4112995862960815,-12.0447998046875,11.771354675292969,198.0022735595703,0,0,0,0,0,101.25556945800781
129.6006317138672,-1.478184700012207,-1.3098078966140747,-11.17990779876709,12.59543514251709,198.0022735595703,0,0,0,0,0,99.96001434326172
129.6089630126953,-1.5673147439956665,-1.2017284631729126,-10.258800506591797,13.356101036071777,198.0022735595703,0,0,0,0,0,99.64128875732422
129.61727905273438,-1.648558259010315,-1.0876041650772095,-9.286113739013672,14.049540519714355,198.0022735595703,0,0,0,0,0,102.89124298095703
129.62559509277344,-1.7215068340301514,-0.9680089354515076,-8.266743659973145,14.672274589538574,198.0022735595703,0,0,0,0,0,106.4395980834961
129.6339111328125,-1.7857935428619385,-0.8435450196266174,-7.205819129943848,15.221170425415039,198.0022735595703,0,0,0,0,0,99.86019897460938
129.64224243164063,-1.8410953283309937,-0.7148383259773254,-6.108675956726074,15.693472862243652,198.0022735595703,0,0,0,0,0,96.5810317993164
129.6505584716797,-1.8871347904205322,-0.5825374722480774,-4.9808454513549805,16.086807250976563,198.0022735595703,0,0,0,0,0,99.41345977783203
129.65887451171875,-1.9236794710159302,-0.447307825088501,-3.828002691268921,16.399200439453125,198.0022735595703,0,0,0,0,0,100.76582336425781
129.6671905517578,-1.9505468606948853,-0.3098292052745819,-2.6559386253356934,16.62908363342285,198.0022735595703,0,0,0,0,0,99.12767791748047
129.67552185058594,-1.9676017761230469,-0.1707940250635147,-1.4705618619918823,16.775310516357422,198.0022735595703,0,0,0,0,0,99.64128875732422
129.683837890625,-1.974758505821228,-0.03090134635567665,-0.27782994508743286,16.837146759033203,198.0022735595703,0,0,0,0,0,98.71668243408203
129.69215393066406,-1.971982479095459,0.10914503037929535,0.9162556529045105,16.814289093017578,198.0022735595703,0,0,0,0,0,99.443115234375
129.70046997070313,-1.9592868089675903,0.24864083528518677,2.1056909561157227,16.706857681274414,198.0022735595703,0,0,0,0,0,100.7049331665039
129.70880126953125,-1.9367363452911377,0.3868841826915741,3.284489393234253,16.515392303466797,198.0022735595703,0,0,0,0,0,98.60960388183594
129.7171173095703,-1.904444694519043,0.5231799483299255,4.446727275848389,16.240875244140625,198.0022735595703,0,0,0,0,0,100.36129760742188
129.72543334960938,-1.862574815750122,0.656842827796936,5.586558818817139,15.884678840637207,198.0022735595703,0,0,0,0,0,99.23588562011719
129.73374938964844,-1.8113373517990112,0.7872004508972168,6.698251724243164,15.448600769042969,198.0022735595703,0,0,0,0,0,99.60159301757813
129.74208068847656,-1.7509902715682983,0.9135969877243042,7.776211738586426,14.934840202331543,198.0022735595703,0,0,0,0,0,98.66798400878906
129.75039672851563,-1.6818376779556274,1.0353975296020508,8.815027236938477,14.345983505249023,198.0022735595703,0,0,0,0,0,100.1702880859375
129.7587127685547,-1.6042282581329346,1.1519889831542969,9.809467315673828,13.685006141662598,198.0022735595703,0,0,0,0,0,100.3009033203125
129.7670440673828,-1.518551230430603,1.2627862691879272,10.754548072814941,12.955224990844727,198.0022735595703,0,0,0,0,0,99.75062561035156
129.77536010742188,-1.4252389669418335,1.3672311305999756,11.64550495147705,12.160326957702637,198.0022735595703,0,0,0,0,0,98.91197204589844
129.78367614746094,-1.324761152267456,1.4647984504699707,12.477864265441895,11.304311752319336,198.0022735595703,0,0,0,0,0,99.0589370727539
129.7919921875,-1.21762216091156,1.554999589920044,13.24744987487793,10.391471862792969,198.0022735595703,0,0,0,0,0,101.58472442626953
129.80032348632813,-1.1043611764907837,1.6373801231384277,13.950396537780762,9.426412582397461,198.0022735595703,0,0,0,0,0,99.52229309082031
129.8086395263672,-0.9855483770370483,1.7115262746810913,14.58316421508789,8.413987159729004,198.0022735595703,0,0,0,0,0,99.17683410644531
129.81695556640625,-0.8617814183235168,1.7770650386810303,15.142586708068848,7.359294891357422,198.0022735595703,0,0,0,0,0,100.36129760742188
129.8252716064453,-0.7336823344230652,1.8336676359176636,15.625845909118652,6.267632007598877,198.0022735595703,0,0,0,0,0,99.02951049804688
129.83360290527344,-0.6018961668014526,1.881049633026123,16.0305233001709,5.144498348236084,198.0022735595703,0,0,0,0,0,103.50895690917969
129.8419189453125,-0.4670851230621338,1.9189732074737549,16.354583740234375,3.9955356121063232,198.0022735595703,0,0,0,0,0,105.65240478515625
129.85023498535156,-0.32992783188819885,1.9472479820251465,16.596393585205078,2.826530694961548,198.0022735595703,0,0,0,0,0,102.87007141113281
129.85855102539063,-0.19111335277557373,1.9657320976257324,16.754764556884766,1.6433582305908203,198.0022735595703,0,0,0,0,0,95.48362731933594
129.86688232421875,-0.051339372992515564,1.9743330478668213,16.828893661499023,0.45196348428726196,198.0022735595703,0,0,0,0,0,99.9800033569336
129.8751983642578,0.08869104832410812,1.973008155822754,16.81841468811035,-0.7416603565216064,198.0022735595703,0,0,0,0,0,97.28572845458984
129.88351440429688,0.22827401757240295,1.9617642164230347,16.7233829498291,-1.9315131902694702,198.0022735595703,0,0,0,0,0,98.52217102050781
129.89183044433594,0.36670786142349243,1.9406577348709106,16.544281005859375,-3.111614465713501,198.0022735595703,0,0,0,0,0,101.13268280029297
129.90016174316406,0.5032960772514343,1.9097957611083984,16.282014846801758,-4.276026248931885,198.0022735595703,0,0,0,0,0,99.9800033569336
129.90847778320313,0.637352705001831,1.8693336248397827,15.937911033630371,-5.4188995361328125,198.0022735595703,0,0,0,0,0,98.71668243408203
129.9167938232422,0.7682039737701416,1.8194750547409058,15.513701438903809,-6.534494400024414,198.0022735595703,0,0,0,0,0,100.86746215820313
129.92510986328125,0.8951920866966248,1.760470986366272,15.011528968811035,-7.6172027587890625,198.0022735595703,0,0,0,0,0,101.09178924560547
129.93344116210938,1.0176786184310913,1.6926182508468628,14.433917999267578,-8.661581993103027,198.0022735595703,0,0,0,0,0,100.0700454711914
129.94175720214844,1.1350488662719727,1.6162582635879517,13.783769607543945,-9.662391662597656,198.0022735595703,0,0,0,0,0,100.86746215820313
129.9500732421875,1.2467120885849,1.5317753553390503,13.064366340637207,-10.614591598510742,198.0022735595703,0,0,0,0,0,95.9600830078125
129.95838928222656,1.3521077632904053,1.4395941495895386,12.279326438903809,-11.513408660888672,198.0022735595703,0,0,0,0,0,104.72300720214844
129.9667205810547,1.450705885887146,1.3401788473129272,11.432599067687988,-12.354324340820313,198.0022735595703,0,0,0,0,0,99.03932189941406
129.97503662109375,1.542012095451355,1.234028697013855,10.528434753417969,-13.13311767578125,198.0022735595703,0,0,0,0,0,96.90861511230469
129.9833526611328,1.625566005706787,1.1216779947280884,9.571398735046387,-13.845870971679688,198.0022735595703,0,0,0,0,0,101.02030181884766
129.99168395996094,1.7009505033493042,1.0036906003952026,8.566283226013184,-14.489020347595215,198.0022735595703,0,0,0,0,0,101.80189514160156
130,1.767784595489502,0.8806612491607666,7.518162727355957,-15.059324264526367,198.0022735595703,0,0,0,0,0,94.6611099243164
130.00831604003906,1.825735092163086,0.7532059550285339,6.432283401489258,-15.553933143615723,198.0022735595703,0,0,0,0,0,100.2807846069336
130.01663208007813,1.8745088577270508,0.6219675540924072,5.314124584197998,-15.970359802246094,198.0022735595703,0,0,0,0,0,95.53836059570313
130.02496337890625,1.913861870765686,0.4876059293746948,4.169307708740234,-16.30651092529297,198.0022735595703,0,0,0,0,0,100.48231506347656
130.0332794189453,1.9435970783233643,0.35079556703567505,3.003580331802368,-16.560705184936523,198.0022735595703,0,0,0,0,0,100.15022277832031
130.04159545898438,1.9635649919509888,0.2122240513563156,1.8228020668029785,-16.731674194335938,198.0022735595703,0,0,0,0,0,100.0700454711914
130.04991149902344,1.9736661911010742,0.07258784770965576,0.6329084038734436,-16.818567276000977,198.0022735595703,0,0,0,0,0,100.49241638183594
130.05824279785156,1.9738496541976929,-0.06741141527891159,-0.5601227283477783,-16.820947647094727,198.0022735595703,0,0,0,0,0,99.58175659179688
130.06655883789063,1.9641151428222656,-0.2070702761411667,-1.750296950340271,-16.73880958557129,198.0022735595703,0,0,0,0,0,99.34432983398438
130.0748748779297,1.9445122480392456,-0.34568729996681213,-2.9316353797912598,-16.57256507873535,198.0022735595703,0,0,0,0,0,101.27607727050781
130.08319091796875,1.9151389598846436,-0.482565701007843,-4.098202705383301,-16.32306480407715,198.0022735595703,0,0,0,0,0,99.40357971191406
130.09152221679688,1.8761439323425293,-0.6170178055763245,-5.244133949279785,-15.991556167602539,198.0022735595703,0,0,0,0,0,98.970703125
130.09983825683594,1.8277229070663452,-0.7483682632446289,-6.363678932189941,-15.579718589782715,198.0022735595703,0,0,0,0,0,101.1224594116211
130.108154296875,1.770120620727539,-0.8759565949440002,-7.451208114624023,-15.089624404907227,198.0022735595703,0,0,0,0,0,99.72077941894531
130.11647033691406,1.7036255598068237,-0.9991430044174194,-8.501263618469238,-14.523738861083984,198.0022735595703,0,0,0,0,0,100.95911407470703
130.1248016357422,1.6285723447799683,-1.1173089742660522,-9.508578300476074,-13.884903907775879,198.0022735595703,0,0,0,0,0,99.45301055908203
130.13311767578125,1.54533851146698,-1.2298598289489746,-10.468084335327148,-13.17634105682373,198.0022735595703,0,0,0,0,0,95.58401489257813
130.1414337158203,1.4543426036834717,-1.3362313508987427,-11.374971389770508,-12.40161418914795,198.0022735595703,0,0,0,0,0,99.68102264404297
130.14974975585938,1.3560420274734497,-1.4358890056610107,-12.224681854248047,-11.564615249633789,198.0022735595703,0,0,0,0,0,94.94873046875
130.1580810546875,1.2509304285049438,-1.5283325910568237,-13.012956619262695,-10.669550895690918,198.0022735595703,0,0,0,0,0,98.48335266113281
130.16639709472656,1.1395373344421387,-1.613096833229065,-13.735828399658203,-9.720934867858887,198.0022735595703,0,0,0,0,0,98.20288848876953
130.17471313476563,1.02242112159729,-1.6897578239440918,-14.389683723449707,-8.723518371582031,198.0022735595703,0,0,0,0,0,94.40196228027344
130.1830291748047,0.9001701474189758,-1.7579309940338135,-14.971238136291504,-7.682313919067383,198.0022735595703,0,0,0,0,0,100.7049331665039
130.1913604736328,0.7733996510505676,-1.817272663116455,-15.477570533752441,-6.602566719055176,198.0022735595703,0,0,0,0,0,100.2707290649414
130.19967651367188,0.642746090888977,-1.8674860000610352,-15.906144142150879,-5.4896931648254395,198.0022735595703,0,0,0,0,0,99.443115234375
130.20799255371094,0.5088657736778259,-1.9083192348480225,-16.254812240600586,-4.349288463592529,198.0022735595703,0,0,0,0,0,99.94003295898438
130.21632385253906,0.372431218624115,-1.9395676851272583,-16.521839141845703,-3.187082052230835,198.0022735595703,0,0,0,0,0,95.37434387207031
130.22463989257813,0.23412759602069855,-1.961073875427246,-16.705869674682617,-2.008908748626709,198.0022735595703,0,0,0,0,0,100.90817260742188
130.2329559326172,0.09464988112449646,-1.9727312326431274,-16.805994033813477,-0.8206879496574402,198.0022735595703,0,0,0,0,0,106.58708190917969
130.24127197265625,-0.04530150443315506,-1.9744811058044434,-16.821714401245117,0.371610552072525,198.0022735595703,0,0,0,0,0,104.77787017822266
130.24960327148438,-0.1850237399339676,-1.9663147926330566,-16.75295066833496,1.5619999170303345,198.0022735595703,0,0,0,0,0,101.28633880615234
130.25791931152344,-0.32381483912467957,-1.9482736587524414,-16.60006332397461,2.7445003986358643,198.0022735595703,0,0,0,0,0,94.02030944824219
130.2662353515625,-0.46097856760025024,-1.9204494953155518,-16.363813400268555,3.913177490234375,198.0022735595703,0,0,0,0,0,100.92854309082031
130.27455139160156,-0.5958261489868164,-1.8829811811447144,-16.04540252685547,5.062165260314941,198.0022735595703,0,0,0,0,0,101.13268280029297
130.2828826904297,-0.7276793122291565,-1.8360581398010254,-15.64643383026123,6.1856865882873535,198.0022735595703,0,0,0,0,0,98.05844116210938
130.29119873046875,-0.8558768033981323,-1.7799162864685059,-15.168914794921875,7.278104782104492,198.0022735595703,0,0,0,0,0,101.76045227050781
130.2995147705078,-0.979775607585907,-1.7148371934890747,-14.615243911743164,8.333942413330078,198.0022735595703,0,0,0,0,0,99.42334747314453
130.30783081054688,-1.0987532138824463,-1.6411484479904175,-13.98820972442627,9.347896575927734,198.0022735595703,0,0,0,0,0,99.57183837890625
130.316162109375,-1.2122122049331665,-1.559220314025879,-13.290962219238281,10.314875602722168,198.0022735595703,0,0,0,0,0,99.90010070800781
130.32447814941406,-1.3195834159851074,-1.469464898109436,-12.527008056640625,11.23002815246582,198.0022735595703,0,0,0,0,0,99.38381958007813
130.33279418945313,-1.4203284978866577,-1.3723316192626953,-11.700183868408203,12.088769912719727,198.0022735595703,0,0,0,0,0,99.1866683959961
130.3411102294922,-1.513940691947937,-1.268310308456421,-10.814652442932129,12.886783599853516,198.0022735595703,0,0,0,0,0,100.23052978515625
130.3494415283203,-1.599950909614563,-1.1579225063323975,-9.874857902526855,13.62006950378418,198.0022735595703,0,0,0,0,0,98.05844116210938
130.35775756835938,-1.6779274940490723,-1.0417228937149048,-8.885520935058594,14.284948348999023,198.0022735595703,0,0,0,0,0,102.32272338867188
130.36607360839844,-1.747480034828186,-0.9202937483787537,-7.851603031158447,14.878096580505371,198.0022735595703,0,0,0,0,0,99.00990295410156
130.3743896484375,-1.8082586526870728,-0.7942466139793396,-6.778311729431152,15.396527290344238,198.0022735595703,0,0,0,0,0,99.4332275390625
130.38272094726563,-1.8599591255187988,-0.6642134785652161,-5.671026706695557,15.837647438049316,198.0022735595703,0,0,0,0,0,100.37137603759766
130.3910369873047,-1.902321696281433,-0.5308480262756348,-4.5353217124938965,16.19925308227539,198.0022735595703,0,0,0,0,0,99.74067687988281
130.39935302734375,-1.9351342916488647,-0.39481934905052185,-3.376889705657959,16.479530334472656,198.0022735595703,0,0,0,0,0,101.17361450195313
130.40768432617188,-1.9582326412200928,-0.25681033730506897,-2.2015469074249268,16.677072525024414,198.0022735595703,0,0,0,0,0,100.59349822998047
130.41600036621094,-1.971501350402832,-0.11751420795917511,-1.0151983499526978,16.7908935546875,198.0022735595703,0,0,0,0,0,100.18032836914063
130.42431640625,-1.9748739004135132,0.022370338439941406,0.17620514333248138,16.820430755615234,198.0022735595703,0,0,0,0,0,101.08157348632813
130.43263244628906,-1.9683338403701782,0.1621408760547638,1.36668062210083,16.76553726196289,198.0022735595703,0,0,0,0,0,99.22603607177734
130.4409637451172,-1.9519139528274536,0.3010958433151245,2.550252914428711,16.62649154663086,198.0022735595703,0,0,0,0,0,99.25558471679688
130.44927978515625,-1.925697684288025,0.4385380446910858,3.7209832668304443,16.404010772705078,198.0022735595703,0,0,0,0,0,100.84711456298828
130.4575958251953,-1.8898165225982666,0.5737773776054382,4.872994899749756,16.09920310974121,198.0022735595703,0,0,0,0,0,99.88014221191406
130.46591186523438,-1.8444510698318481,0.7061352133750916,6.000506401062012,15.71360969543457,198.0022735595703,0,0,0,0,0,99.12767791748047
130.4742431640625,-1.7898297309875488,0.8349472880363464,7.097859859466553,15.249168395996094,198.0022735595703,0,0,0,0,0,99.58175659179688
130.48255920410156,-1.7262259721755981,0.9595680832862854,8.159558296203613,14.70821475982666,198.0022735595703,0,0,0,0,0,98.89240264892578
130.49087524414063,-1.6539604663848877,1.0793709754943848,9.18026065826416,14.093469619750977,198.0022735595703,0,0,0,0,0,98.78494262695313
130.4991912841797,-1.5733956098556519,1.1937557458877563,10.154862403869629,13.408021926879883,198.0022735595703,0,0,0,0,0,99.32459259033203
130.5075225830078,-1.4849363565444946,1.302148461341858,11.078463554382324,12.655319213867188,198.0022735595703,0,0,0,0,0,99.20635223388672
130.51583862304688,-1.3890259265899658,1.4040066003799438,11.946451187133789,11.839131355285645,198.0022735595703,0,0,0,0,0,98.66798400878906
130.52415466308594,-1.286146879196167,1.4988175630569458,12.7544527053833,10.963568687438965,198.0022735595703,0,0,0,0,0,97.92401123046875
130.532470703125,-1.1768147945404053,1.5861064195632935,13.498425483703613,10.03302001953125,198.0022735595703,0,0,0,0,0,96.87106323242188
130.54080200195313,-1.061579704284668,1.665435791015625,14.174643516540527,9.052165031433105,198.0022735595703,0,0,0,0,0,100.94892120361328
130.5491180419922,-0.9410180449485779,1.73640775680542,14.779716491699219,8.025917053222656,198.0022735595703,0,0,0,0,0,98.78494262695313
130.55743408203125,-0.8157366514205933,1.79866623878479,15.310613632202148,6.959442138671875,198.0022735595703,0,0,0,0,0,99.08838653564453
130.5657501220703,-0.6863642930984497,1.8518991470336914,15.764666557312012,5.85808801651001,198.0022735595703,0,0,0,0,0,100.39152526855469
130.57408142089844,-0.5535495281219482,1.8958401679992676,16.13960838317871,4.727378845214844,198.0022735595703,0,0,0,0,0,99.33445739746094
130.5823974609375,-0.4179590940475464,1.93026864528656,16.433565139770508,3.572995662689209,198.0022735595703,0,0,0,0,0,98.86307525634766
130.59071350097656,-0.2802733778953552,1.955012321472168,16.645057678222656,2.400725841522217,198.0022735595703,0,0,0,0,0,101.17361450195313
130.59902954101563,-0.1411830633878708,1.9699475765228271,16.773038864135742,1.2164539098739624,198.0022735595703,0,0,0,0,0,98.91197204589844
130.60736083984375,-0.0013862171908840537,1.9750001430511475,16.816869735717773,0.02612283080816269,198.0022735595703,0,0,0,0,0,99.15716552734375
130.6156768798828,0.13841593265533447,1.9701443910598755,16.77633285522461,-1.1642961502075195,198.0022735595703,0,0,0,0,0,98.87284851074219
130.62399291992188,0.27752190828323364,1.9554049968719482,16.651641845703125,-2.3488311767578125,198.0022735595703,0,0,0,0,0,97.81864166259766
130.63232421875,0.41523417830467224,1.9308568239212036,16.443424224853516,-3.5215418338775635,198.0022735595703,0,0,0,0,0,99.00990295410156
130.64064025878906,0.5508617758750916,1.8966230154037476,16.152729034423828,-4.676544189453125,198.0022735595703,0,0,0,0,0,98.87284851074219
130.64895629882813,0.6837246417999268,1.8528753519058228,15.781014442443848,-5.808048725128174,198.0022735595703,0,0,0,0,0,97.9623794555664
130.6572723388672,0.8131566643714905,1.7998342514038086,15.330154418945313,-6.910381317138672,198.0022735595703,0,0,0,0,0,99.94003295898438
130.6656036376953,0.9385074377059937,1.7377660274505615,14.802419662475586,-7.9780049324035645,198.0022735595703,0,0,0,0,0,99.02951049804688
130.67391967773438,1.0591497421264648,1.666981816291809,14.200454711914063,-9.005575180053711,198.0022735595703,0,0,0,0,0,98.86307525634766
130.68223571777344,1.1744778156280518,1.5878376960754395,13.527288436889648,-9.987936973571777,198.0022735595703,0,0,0,0,0,100.10009765625
130.6905517578125,1.283914566040039,1.500730037689209,12.786293983459473,-10.92017650604248,198.0022735595703,0,0,0,0,0,98.36710357666016
130.69888305664063,1.38690984249115,1.4060968160629272,11.981201171875,-11.79760456085205,198.0022735595703,0,0,0,0,0,98.53187561035156
130.7071990966797,1.4829484224319458,1.3044123649597168,11.116049766540527,-12.615837097167969,198.0022735595703,0,0,0,0,0,98.87284851074219
130.71551513671875,1.5715478658676147,1.1961873769760132,10.195183753967285,-13.370767593383789,198.0022735595703,0,0,0,0,0,99.12767791748047
130.7238311767578,1.652265191078186,1.081964373588562,9.223214149475098,-14.058615684509277,198.0022735595703,0,0,0,0,0,98.63878631591797
130.73216247558594,1.7246949672698975,0.9623167514801025,8.205026626586914,-14.675934791564941,198.0022735595703,0,0,0,0,0,98.1643295288086
130.740478515625,1.7884750366210938,0.8378448486328125,7.145728588104248,-15.219629287719727,198.0022735595703,0,0,0,0,0,99.63136291503906
130.74879455566406,1.8432855606079102,0.7091723084449768,6.050633907318115,-15.686986923217773,198.0022735595703,0,0,0,0,0,99.22603607177734
130.75711059570313,1.8888516426086426,0.5769450664520264,4.925238609313965,-16.075666427612305,198.0022735595703,0,0,0,0,0,98.69719696044922
130.76544189453125,1.924945592880249,0.44182661175727844,3.7751872539520264,-16.383718490600586,198.0022735595703,0,0,0,0,0,101.50223541259766
130.7737579345703,1.9513866901397705,0.30449482798576355,2.6062510013580322,-16.609596252441406,198.0022735595703,0,0,0,0,0,99.57183837890625
130.78207397460938,1.9680424928665161,0.16563747823238373,1.4242867231369019,-16.752187728881836,198.0022735595703,0,0,0,0,0,98.51245880126953
130.79039001464844,1.974829912185669,0.025951305404305458,0.23522402346134186,-16.810779571533203,198.0022735595703,0,0,0,0,0,100.5732650756836
130.79872131347656,1.9717154502868652,-0.11386328190565109,-0.9549751877784729,-16.785078048706055,198.0022735595703,0,0,0,0,0,100.47222137451172
130.80703735351563,1.9587152004241943,-0.2531053423881531,-2.14034366607666,-16.675222396850586,198.0022735595703,0,0,0,0,0,99.50248718261719
130.8153533935547,1.9358938932418823,-0.39107653498649597,-3.314936399459839,-16.481760025024414,198.0022735595703,0,0,0,0,0,100.10009765625
130.82366943359375,1.903367519378662,-0.5270850658416748,-4.472865581512451,-16.205677032470703,198.0022735595703,0,0,0,0,0,97.84735870361328
130.83200073242188,1.861298680305481,-0.6604498028755188,-5.608330726623535,-15.84835433959961,198.0022735595703,0,0,0,0,0,99.20635223388672
130.84031677246094,1.8098989725112915,-0.7905014753341675,-6.715635776519775,-15.411589622497559,198.0022735595703,0,0,0,0,0,100.83694458007813
130.8486328125,1.749426007270813,-0.9165892004966736,-7.789238452911377,-14.897577285766602,198.0022735595703,0,0,0,0,0,100.0600357055664
130.85696411132813,1.680182933807373,-1.0380809307098389,-8.823759078979492,-14.308897018432617,198.0022735595703,0,0,0,0,0,100.3814468383789
130.8652801513672,1.6025186777114868,-1.1543657779693604,-9.813996315002441,-13.64850902557373,198.0022735595703,0,0,0,0,0,100.45203399658203
130.87359619140625,1.5168217420578003,-1.2648628950119019,-10.755006790161133,-12.919729232788086,198.0022735595703,0,0,0,0,0,99.0589370727539
130.8819122314453,1.4235223531723022,-1.3690181970596313,-11.642069816589355,-12.126213073730469,198.0022735595703,0,0,0,0,0,98.5610122680664
130.89024353027344,1.3230878114700317,-1.4663101434707642,-12.470745086669922,-11.271930694580078,198.0022735595703,0,0,0,0,0,100.6137466430664
130.8985595703125,1.2160221338272095,-1.556250810623169,-13.236884117126465,-10.361183166503906,198.0022735595703,0,0,0,0,0,98.95111846923828
130.90687561035156,1.1028629541397095,-1.6383894681930542,-13.936641693115234,-9.39853572845459,198.0022735595703,0,0,0,0,0,99.74067687988281
130.91519165039063,0.9841771125793457,-1.7123150825500488,-14.566521644592285,-8.388813018798828,198.0022735595703,0,0,0,0,0,100.55303955078125
130.92352294921875,0.8605599403381348,-1.7776567935943604,-15.12336540222168,-7.337085247039795,198.0022735595703,0,0,0,0,0,98.32841491699219
130.9318389892578,0.7326311469078064,-1.8340877294540405,-15.604392051696777,-6.24862003326416,198.0022735595703,0,0,0,0,0,100.01000213623047
130.94015502929688,0.6010315418243408,-1.8813261985778809,-16.007192611694336,-5.128872394561768,198.0022735595703,0,0,0,0,0,101.18385314941406
130.94847106933594,0.466420978307724,-1.9191348552703857,-16.32975196838379,-3.983457565307617,198.0022735595703,0,0,0,0,0,99.06875610351563
130.95680236816406,0.32947444915771484,-1.9473246335983276,-16.570446014404297,-2.81811785697937,198.0022735595703,0,0,0,0,0,99.53219604492188
130.96511840820313,0.19087880849838257,-1.9657551050186157,-16.728099822998047,-1.6387040615081787,198.0022735595703,0,0,0,0,0,99.02951049804688
130.9734344482422,0.05132823437452316,-1.97433340549469,-16.80191421508789,-0.4511210322380066,198.0022735595703,0,0,0,0,0,98.94132995605469
130.98175048828125,-0.08847784996032715,-1.973017692565918,-16.791522979736328,0.7386794686317444,198.0022735595703,0,0,0,0,0,101.41987609863281
130.99008178710938,-0.22783870995044708,-1.9618144035339355,-16.69698715209961,1.9247337579727173,198.0022735595703,0,0,0,0,0,99.60159301757813
130.99839782714844,-0.36605629324913025,-1.9407808780670166,-16.518789291381836,3.1011016368865967,198.0022735595703,0,0,0,0,0,100.32102966308594
131.0067138671875,-0.5024380683898926,-1.9100216627120972,-16.25782012939453,4.2618889808654785,198.0022735595703,0,0,0,0,0,100.7962875366211
131.01502990722656,-0.6362999677658081,-1.869692087173462,-15.915401458740234,5.401275157928467,198.0022735595703,0,0,0,0,0,99.55201721191406
131.0233612060547,-0.7669721841812134,-1.8199948072433472,-15.493240356445313,6.513555526733398,198.0022735595703,0,0,0,0,0,100.75566864013672
131.03167724609375,-0.8937996029853821,-1.7611782550811768,-14.9934663772583,7.5931596755981445,198.0022735595703,0,0,0,0,0,99.58175659179688
131.0399932861328,-1.0161477327346802,-1.693537950515747,-14.41858196258545,8.634682655334473,198.0022735595703,0,0,0,0,0,99.07856750488281
131.04830932617188,-1.1334019899368286,-1.6174137592315674,-13.771482467651367,9.632898330688477,198.0022735595703,0,0,0,0,0,99.16699981689453
131.056640625,-1.2449766397476196,-1.5331863164901733,-13.055407524108887,10.582819938659668,198.0022735595703,0,0,0,0,0,99.47279357910156
131.06495666503906,-1.3503127098083496,-1.441278100013733,-12.273945808410645,11.479686737060547,198.0022735595703,0,0,0,0,0,99.81036376953125
131.07327270507813,-1.4488812685012817,-1.342151403427124,-11.43103313446045,12.319002151489258,198.0022735595703,0,0,0,0,0,100.7049331665039
131.08160400390625,-1.54019033908844,-1.2363011837005615,-10.530871391296387,13.096569061279297,198.0022735595703,0,0,0,0,0,100.40160369873047
131.0899200439453,-1.6237828731536865,-1.1242581605911255,-9.577985763549805,13.808504104614258,198.0022735595703,0,0,0,0,0,99.11785125732422
131.09823608398438,-1.699239730834961,-1.0065841674804688,-8.577146530151367,14.451238632202148,198.0022735595703,0,0,0,0,0,99.53219604492188
131.10655212402344,-1.7661830186843872,-0.8838690519332886,-7.533378601074219,15.021552085876465,198.0022735595703,0,0,0,0,0,98.69719696044922
131.11488342285156,-1.8242779970169067,-0.7567279934883118,-6.4519124031066895,15.516596794128418,198.0022735595703,0,0,0,0,0,96.77731323242188
131.12319946289063,-1.873233675956726,-0.6257969737052917,-5.338162422180176,15.933900833129883,198.0022735595703,0,0,0,0,0,99.47279357910156
131.1315155029297,-1.912805438041687,-0.4917336106300354,-4.197720050811768,16.271379470825195,198.0022735595703,0,0,0,0,0,98.40582275390625
131.13983154296875,-1.9427955150604248,-0.35520821809768677,-3.0362842082977295,16.527326583862305,198.0022735595703,0,0,0,0,0,100.2707290649414
131.14816284179688,-1.9630533456802368,-0.216905415058136,-1.8596864938735962,16.700490951538086,198.0022735595703,0,0,0,0,0,100.7861328125
131.15647888183594,-1.9734785556793213,-0.07751799374818802,-0.6738163828849792,16.789993286132813,198.0022735595703,0,0,0,0,0,98.98049926757813
131.164794921875,-1.9740190505981445,0.06225612759590149,0.5153858661651611,16.795398712158203,198.0022735595703,0,0,0,0,0,100.10009765625
131.17311096191406,-1.9646724462509155,0.20171679556369781,1.7019639015197754,16.716684341430664,198.0022735595703,0,0,0,0,0,101.37875366210938
131.1814422607422,-1.9454855918884277,0.3401654362678528,2.879974842071533,16.554244995117188,198.0022735595703,0,0,0,0,0,99.3936996459961
131.18975830078125,-1.916555404663086,0.4769085645675659,4.043517112731934,16.30890655517578,198.0022735595703,0,0,0,0,0,98.5804443359375
131.1980743408203,-1.8780274391174316,0.611261248588562,5.186761856079102,15.98189926147461,198.0022735595703,0,0,0,0,0,99.04912567138672
131.20639038085938,-1.8300938606262207,0.7425515055656433,6.303999423980713,15.574870109558105,198.0022735595703,0,0,0,0,0,100.65425109863281
131.2147216796875,-1.7729960680007935,0.8701220154762268,7.389627456665039,15.089851379394531,198.0022735595703,0,0,0,0,0,99.14733123779297
131.22303771972656,-1.7070198059082031,0.9933326244354248,8.43820571899414,14.529285430908203,198.0022735595703,0,0,0,0,0,97.37098693847656
131.23135375976563,-1.6324959993362427,1.1115679740905762,9.44449520111084,13.89598274230957,198.0022735595703,0,0,0,0,0,102.62725830078125
131.2396697998047,-1.549798846244812,1.2242344617843628,10.403440475463867,13.193119049072266,198.0022735595703,0,0,0,0,0,100.3009033203125
131.2480010986328,-1.4593414068222046,1.3307702541351318,11.310264587402344,12.42420768737793,198.0022735595703,0,0,0,0,0,98.79470825195313
131.25631713867188,-1.3615782260894775,1.4306401014328003,12.160415649414063,11.593123435974121,198.0022735595703,0,0,0,0,0,101.5640869140625
131.26463317871094,-1.256998062133789,1.5233458280563354,12.949651718139648,10.704011917114258,198.0022735595703,0,0,0,0,0,98.970703125
131.27294921875,-1.146125316619873,1.6084229946136475,13.674019813537598,9.761340141296387,198.0022735595703,0,0,0,0,0,99.35419464111328
131.28128051757813,-1.0295144319534302,1.6854454278945923,14.329894065856934,8.769821166992188,198.0022735595703,0,0,0,0,0,99.84025573730469
131.2895965576172,-0.9077507853507996,1.7540283203125,14.913999557495117,7.734434604644775,198.0022735595703,0,0,0,0,0,99.04912567138672
131.29791259765625,-0.7814440727233887,1.8138282299041748,15.423413276672363,6.660364151000977,198.0022735595703,0,0,0,0,0,98.8337631225586
131.30624389648438,-0.6512262225151062,1.8645459413528442,15.85558795928955,5.5529866218566895,198.0022735595703,0,0,0,0,0,102.30178833007813
131.31455993652344,-0.5177492499351501,1.905928134918213,16.2083683013916,4.417844295501709,198.0022735595703,0,0,0,0,0,100.0700454711914
131.3228759765625,-0.38168206810951233,1.9377682209014893,16.479990005493164,3.2606263160705566,198.0022735595703,0,0,0,0,0,99.45301055908203
131.33119201660156,-0.24370554089546204,1.959906816482544,16.669090270996094,2.087125301361084,198.0022735595703,0,0,0,0,0,101.11223602294922
131.3395233154297,-0.1045105904340744,1.9722334146499634,16.774744033813477,0.9032191634178162,198.0022735595703,0,0,0,0,0,100.84711456298828
131.34783935546875,0.03520588204264641,1.974686622619629,16.796422958374023,-0.2851656377315521,198.0022735595703,0,0,0,0,0,99.54210662841797
131.3561553955078,0.17474448680877686,1.9672547578811646,16.734018325805664,-1.472080945968628,198.0022735595703,0,0,0,0,0,99.54210662841797
131.36447143554688,0.31340664625167847,1.9499752521514893,16.587846755981445,-2.6515839099884033,198.0022735595703,0,0,0,0,0,98.86307525634766
131.372802734375,0.45049813389778137,1.9229350090026855,16.358657836914063,-3.8177716732025146,198.0022735595703,0,0,0,0,0,98.74592590332031
131.38111877441406,0.5853332281112671,1.8862693309783936,16.047582626342773,-4.964808464050293,198.0022735595703,0,0,0,0,0,99.74067687988281
131.38943481445313,0.7172365784645081,1.8401626348495483,15.656196594238281,-6.08695125579834,198.0022735595703,0,0,0,0,0,99.82032012939453
131.3977508544922,0.8455479741096497,1.7848461866378784,15.186463356018066,-7.178584575653076,198.0022735595703,0,0,0,0,0,98.38645935058594
131.4060821533203,0.96962571144104,1.7205966711044312,14.640735626220703,-8.234249114990234,198.0022735595703,0,0,0,0,0,100.7049331665039
131.41439819335938,1.0888497829437256,1.647735834121704,14.021744728088379,-9.248664855957031,198.0022735595703,0,0,0,0,0,98.73617553710938
131.42271423339844,1.2026222944259644,1.5666288137435913,13.332597732543945,-10.216756820678711,198.0022735595703,0,0,0,0,0,98.71668243408203
131.4310302734375,1.3103749752044678,1.477682113647461,12.576750755310059,-11.133683204650879,198.0022735595703,0,0,0,0,0,100.6137466430664
131.43936157226563,1.4115684032440186,1.381340742111206,11.757983207702637,-11.994855880737305,198.0022735595703,0,0,0,0,0,97.38994598388672
131.4476776123047,1.5056947469711304,1.2780885696411133,10.880412101745605,-12.7959566116333,198.0022735595703,0,0,0,0,0,99.74067687988281
131.45599365234375,1.5922852754592896,1.1684411764144897,9.948418617248535,-13.532995223999023,198.0022735595703,0,0,0,0,0,101.49192810058594
131.4643096923828,1.6709067821502686,1.052946925163269,8.966667175292969,-14.202287673950195,198.0022735595703,0,0,0,0,0,100.02000427246094
131.47264099121094,1.741165280342102,0.9321860074996948,7.940091609954834,-14.8004789352417,198.0022735595703,0,0,0,0,0,98.72643280029297
131.48095703125,1.8027101755142212,0.8067606091499329,6.873809337615967,-15.324593544006348,198.0022735595703,0,0,0,0,0,98.70693969726563
131.48927307128906,1.8552333116531372,0.6773004531860352,5.7731781005859375,-15.772000312805176,198.0022735595703,0,0,0,0,0,97.68486785888672
131.49758911132813,1.898472547531128,0.5444527268409729,4.643697261810303,-16.14047622680664,198.0022735595703,0,0,0,0,0,100.13017272949219
131.50592041015625,1.932211995124817,0.4088817536830902,3.4910192489624023,-16.42817497253418,198.0022735595703,0,0,0,0,0,99.56192779541016
131.5142364501953,1.956282615661621,0.2712664306163788,2.320913314819336,-16.6336669921875,198.0022735595703,0,0,0,0,0,98.98049926757813
131.52255249023438,1.9705647230148315,0.13229553401470184,1.1392370462417603,-16.755924224853516,198.0022735595703,0,0,0,0,0,100.5732650756836
131.5308837890625,1.9749869108200073,-0.007335609756410122,-0.048097286373376846,-16.79433822631836,198.0022735595703,0,0,0,0,0,99.11785125732422
131.53919982910156,1.9695274829864502,-0.14692839980125427,-1.235148310661316,-16.74872398376465,198.0022735595703,0,0,0,0,0,98.68745422363281
131.54751586914063,1.9542144536972046,-0.2857844829559326,-2.415977716445923,-16.61931610107422,198.0022735595703,0,0,0,0,0,99.54210662841797
131.5558319091797,1.9291242361068726,-0.4232090413570404,-3.5846760272979736,-16.406761169433594,198.0022735595703,0,0,0,0,0,97.95278930664063
131.5641632080078,1.8943833112716675,-0.5585145354270935,-4.735398292541504,-16.11213493347168,198.0022735595703,0,0,0,0,0,98.78494262695313
131.57247924804688,1.850165605545044,-0.691024124622345,-5.862387657165527,-15.736916542053223,198.0022735595703,0,0,0,0,0,97.2384262084961
131.58079528808594,1.7966920137405396,-0.820075511932373,-6.960011959075928,-15.282980918884277,198.0022735595703,0,0,0,0,0,98.3961410522461
131.589111328125,1.7342315912246704,-0.945022463798523,-8.022774696350098,-14.75261116027832,198.0022735595703,0,0,0,0,0,101.7500991821289
131.59744262695313,1.6630964279174805,-1.065240740776062,-9.045369148254395,-14.14846420288086,198.0022735595703,0,0,0,0,0,98.71668243408203
131.6057586669922,1.5836422443389893,-1.180129051208496,-10.02268123626709,-13.47356128692627,198.0022735595703,0,0,0,0,0,98.87284851074219
131.61407470703125,1.496267318725586,-1.2891125679016113,-10.949823379516602,-12.731284141540527,198.0022735595703,0,0,0,0,0,99.28514862060547
131.6223907470703,1.4014084339141846,-1.3916467428207397,-11.822158813476563,-11.925349235534668,198.0022735595703,0,0,0,0,0,97.33307647705078
131.63072204589844,1.2995413541793823,-1.4872186183929443,-12.635332107543945,-11.059793472290039,198.0022735595703,0,0,0,0,0,96.40412902832031
131.6390380859375,1.191174864768982,-1.5753505229949951,-13.385274887084961,-10.13895034790039,198.0022735595703,0,0,0,0,0,99.21619415283203
131.64735412597656,1.0768520832061768,-1.6556013822555542,-14.06824016571045,-9.167428016662598,198.0022735595703,0,0,0,0,0,98.85330200195313
131.65567016601563,0.9571446180343628,-1.7275707721710205,-14.680818557739258,-8.150092124938965,198.0022735595703,0,0,0,0,0,99.09820556640625
131.66400146484375,0.8326517939567566,-1.7908985614776611,-15.219945907592773,-7.092031955718994,198.0022735595703,0,0,0,0,0,101.26582336425781
131.6723175048828,0.7039956450462341,-1.845268726348877,-15.682937622070313,-5.998536586761475,198.0022735595703,0,0,0,0,0,99.75062561035156
131.68063354492188,0.5718201994895935,-1.8904097080230713,-16.06747817993164,-4.875081539154053,198.0022735595703,0,0,0,0,0,100.14019775390625
131.68894958496094,0.4367871582508087,-1.9260953664779663,-16.37164306640625,-3.7272894382476807,198.0022735595703,0,0,0,0,0,98.59988403320313
131.69728088378906,0.29957082867622375,-1.9521487951278687,-16.593931198120117,-2.5608954429626465,198.0022735595703,0,0,0,0,0,98.13542938232422
131.70559692382813,0.1608579009771347,-1.9684386253356934,-16.73322105407715,-1.3817356824874878,198.0022735595703,0,0,0,0,0,100.47222137451172
131.7139129638672,0.02134239487349987,-1.974885106086731,-16.788833618164063,-0.19570975005626678,198.0022735595703,0,0,0,0,0,98.35742950439453
131.7222442626953,-0.11827818304300308,-1.971455693244934,-16.760486602783203,0.9912525415420532,198.0022735595703,0,0,0,0,0,97.95278930664063
131.73056030273438,-0.25730565190315247,-1.9581676721572876,-16.648324966430664,2.1732144355773926,198.0022735595703,0,0,0,0,0,100.54293060302734
131.73887634277344,-0.3950449526309967,-1.9350882768630981,-16.45292091369629,3.344269037246704,198.0022735595703,0,0,0,0,0,98.77518463134766
131.7471923828125,-0.5308067798614502,-1.9023330211639404,-16.175254821777344,4.498554229736328,198.0022735595703,0,0,0,0,0,99.00990295410156
131.75552368164063,-0.6639133095741272,-1.8600661754608154,-15.816717147827148,5.630306243896484,198.0022735595703,0,0,0,0,0,96.805419921875
131.7638397216797,-0.7936984300613403,-1.8084993362426758,-15.379117012023926,6.733867168426514,198.0022735595703,0,0,0,0,0,95.35615539550781
131.77215576171875,-0.919513463973999,-1.747890830039978,-14.864636421203613,7.803718090057373,198.0022735595703,0,0,0,0,0,95.86808776855469
131.7804718017578,-1.0407289266586304,-1.6785439252853394,-14.27585506439209,8.834508895874023,198.0022735595703,0,0,0,0,0,93.82623291015625
131.78880310058594,-1.1567401885986328,-1.6008057594299316,-13.615721702575684,9.821097373962402,198.0022735595703,0,0,0,0,0,96.38554382324219
131.797119140625,-1.266966700553894,-1.51506507396698,-12.887540817260742,10.75854778289795,198.0022735595703,0,0,0,0,0,92.51549530029297
131.80543518066406,-1.3708584308624268,-1.421750545501709,-12.094951629638672,11.642186164855957,198.0022735595703,0,0,0,0,0,92.10647583007813
131.81375122070313,-1.4678943157196045,-1.3213298320770264,-11.241931915283203,12.46757984161377,198.0022735595703,0,0,0,0,0,96.65571594238281
131.82208251953125,-1.557591199874878,-1.214304804801941,-10.332740783691406,13.23061752319336,198.0022735595703,0,0,0,0,0,92.04712677001953
131.8303985595703,-1.6395001411437988,-1.1012110710144043,-9.371932029724121,13.927486419677734,198.0022735595703,0,0,0,0,0,95.57488250732422
131.83871459960938,-1.7132130861282349,-0.9826128482818604,-8.364302635192871,14.554718017578125,198.0022735595703,0,0,0,0,0,96.16309356689453
131.84703063964844,-1.7783607244491577,-0.8591040968894958,-7.3148980140686035,15.10916805267334,198.0022735595703,0,0,0,0,0,95.08415222167969
131.85536193847656,-1.8346178531646729,-0.731302797794342,-6.228967666625977,15.588068008422852,198.0022735595703,0,0,0,0,0,92.62689971923828
131.86367797851563,-1.881704330444336,-0.599846601486206,-5.11193323135376,15.98903751373291,198.0022735595703,0,0,0,0,0,89.71023559570313
131.8719940185547,-1.9193841218948364,-0.46539440751075745,-3.969395160675049,16.31007194519043,198.0022735595703,0,0,0,0,0,96.70244598388672
131.88031005859375,-1.9474695920944214,-0.32861772179603577,-2.8070571422576904,16.549570083618164,198.0022735595703,0,0,0,0,0,95.7487564086914
131.88864135742188,-1.965820550918579,-0.19019968807697296,-1.6307265758514404,16.70633888244629,198.0022735595703,0,0,0,0,0,93.7470703125
131.89695739746094,-1.974346399307251,-0.05083288997411728,-0.4462900161743164,16.779600143432617,198.0022735595703,0,0,0,0,0,94.23294067382813
131.9052734375,-1.9730037450790405,0.08878642320632935,0.7403354048728943,16.768997192382813,198.0022735595703,0,0,0,0,0,94.6611099243164
131.91358947753906,-1.961800456047058,0.22796030342578888,1.923218011856079,16.674589157104492,198.0022735595703,0,0,0,0,0,94.6163330078125
131.9219207763672,-1.9407926797866821,0.3659932613372803,3.0964479446411133,16.496849060058594,198.0022735595703,0,0,0,0,0,95.64801788330078
131.93023681640625,-1.9100855588912964,0.5021949410438538,4.25415563583374,16.236671447753906,198.0022735595703,0,0,0,0,0,92.82465362548828
131.9385528564453,-1.8698331117630005,0.63588547706604,5.390563488006592,15.895355224609375,198.0022735595703,0,0,0,0,0,94.49116516113281
131.94688415527344,-1.8202370405197144,0.7663969993591309,6.499993801116943,15.474617958068848,198.0022735595703,0,0,0,0,0,95.08415222167969
131.9552001953125,-1.7615448236465454,0.8930770754814148,7.576903820037842,14.97656536102295,198.0022735595703,0,0,0,0,0,90.95043182373047
131.96351623535156,-1.6940505504608154,1.0152928829193115,8.615913391113281,14.403687477111816,198.0022735595703,0,0,0,0,0,95.62972259521484
131.97183227539063,-1.6180918216705322,1.132433533668518,9.611827850341797,13.758856773376465,198.0022735595703,0,0,0,0,0,96.5810317993164
131.98016357421875,-1.534048080444336,1.2439147233963013,10.559685707092285,13.045294761657715,198.0022735595703,0,0,0,0,0,95.18370819091797
131.9884796142578,-1.4423398971557617,1.3491785526275635,11.454739570617676,12.266571998596191,198.0022735595703,0,0,0,0,0,94.85865783691406
131.99679565429688,-1.343427062034607,1.4476985931396484,12.292516708374023,11.426593780517578,198.0022735595703,0,0,0,0,0,96.72115325927734
132.00511169433594,-1.237802267074585,1.5389844179153442,13.06885051727295,10.529552459716797,198.0022735595703,0,0,0,0,0,94.26847839355469
132.01344299316406,-1.1259944438934326,1.6225792169570923,13.779852867126465,9.579936027526855,198.0022735595703,0,0,0,0,0,93.7998275756836
132.02175903320313,-1.0085618495941162,1.6980667114257813,14.421988487243652,8.582484245300293,198.0022735595703,0,0,0,0,0,97.24788665771484
132.0300750732422,-0.8860912919044495,1.7650691270828247,14.992044448852539,7.542189121246338,198.0022735595703,0,0,0,0,0,91.10787200927734
132.03839111328125,-0.7591955065727234,1.8232523202896118,15.4871826171875,6.464252948760986,198.0022735595703,0,0,0,0,0,96.2093505859375
132.04672241210938,-0.628507673740387,1.8723260164260864,15.904929161071777,5.354052543640137,198.0022735595703,0,0,0,0,0,101.34793090820313
132.05503845214844,-0.4946819841861725,1.9120451211929321,16.24320411682129,4.217151641845703,198.0022735595703,0,0,0,0,0,99.47279357910156
132.0633544921875,-0.3583870828151703,1.942211627960205,16.50031089782715,3.0592236518859863,198.0022735595703,0,0,0,0,0,100.56315612792969
132.07167053222656,-0.2203027904033661,1.9626753330230713,16.674983978271484,1.886051893234253,198.0022735595703,0,0,0,0,0,98.72643280029297
132.0800018310547,-0.08111970871686935,1.9733339548110962,16.766353607177734,0.7035008668899536,198.0022735595703,0,0,0,0,0,99.1965103149414
132.08831787109375,0.05846691504120827,1.9741348028182983,16.77396583557129,-0.4825213849544525,198.0022735595703,0,0,0,0,0,101.24531555175781
132.0966339111328,0.19775986671447754,1.9650745391845703,16.697786331176758,-1.666090726852417,198.0022735595703,0,0,0,0,0,99.40357971191406
132.10494995117188,0.3360631465911865,1.9461984634399414,16.538204193115234,-2.841294288635254,198.0022735595703,0,0,0,0,0,99.36406707763672
132.11328125,0.4726863205432892,1.9176013469696045,16.296022415161133,-4.002265453338623,198.0022735595703,0,0,0,0,0,99.25558471679688
132.12159729003906,0.6069469451904297,1.879426121711731,15.97244644165039,-5.143202304840088,198.0022735595703,0,0,0,0,0,99.6214370727539
132.12991333007813,0.7381737232208252,1.8318641185760498,15.569106101989746,-6.258406639099121,198.0022735595703,0,0,0,0,0,101.76045227050781
132.1382293701172,0.8657128214836121,1.7751531600952148,15.088021278381348,-7.342316150665283,198.0022735595703,0,0,0,0,0,99.67108917236328
132.1465606689453,0.9889259338378906,1.7095767259597778,14.531596183776855,-8.38951301574707,198.0022735595703,0,0,0,0,0,99.1965103149414
132.15487670898438,1.1071985960006714,1.6354626417160034,13.902616500854492,-9.394773483276367,198.0022735595703,0,0,0,0,0,100.69479370117188
132.16319274902344,1.219939947128296,1.553181767463684,13.204225540161133,-10.353076934814453,198.0022735595703,0,0,0,0,0,99.04912567138672
132.17152404785156,1.3265877962112427,1.4631445407867432,12.439915657043457,-11.25964641571045,198.0022735595703,0,0,0,0,0,95.87727355957031
132.17984008789063,1.4266085624694824,1.3658019304275513,11.613512992858887,-12.109942436218262,198.0022735595703,0,0,0,0,0,100.58338165283203
132.1881561279297,1.5195037126541138,1.261639952659607,10.729144096374512,-12.899735450744629,198.0022735595703,0,0,0,0,0,105.99957275390625
132.19647216796875,1.604810357093811,1.1511777639389038,9.791218757629395,-13.625086784362793,198.0022735595703,0,0,0,0,0,103.64842224121094
132.20480346679688,1.6821019649505615,1.034968614578247,8.804434776306152,-14.282370567321777,198.0022735595703,0,0,0,0,0,95.65716552734375
132.21311950683594,1.7509928941726685,0.9135921597480774,7.77371883392334,-14.868315696716309,198.0022735595703,0,0,0,0,0,99.41345977783203
132.221435546875,1.8111391067504883,0.7876556515693665,6.704225540161133,-15.379989624023438,198.0022735595703,0,0,0,0,0,99.42334747314453
132.22975158691406,1.8622411489486694,0.6577875018119812,5.601293563842773,-15.814851760864258,198.0022735595703,0,0,0,0,0,98.5804443359375
132.2380828857422,1.9040439128875732,0.5246363282203674,4.470431804656982,-16.170730590820313,198.0022735595703,0,0,0,0,0,98.26078033447266
132.24639892578125,1.9363391399383545,0.38886749744415283,3.317293643951416,-16.44585418701172,198.0022735595703,0,0,0,0,0,99.16699981689453
132.2547149658203,1.9589654207229614,0.2511582672595978,2.1476290225982666,-16.638845443725586,198.0022735595703,0,0,0,0,0,99.40357971191406
132.26303100585938,1.971811056137085,0.11219707876443863,0.9672874212265015,-16.748762130737305,198.0022735595703,0,0,0,0,0,96.63703155517578
132.2713623046875,1.9748114347457886,-0.02732269838452339,-0.21784095466136932,-16.775056838989258,198.0022735595703,0,0,0,0,0,99.61151885986328
132.27967834472656,1.9679523706436157,-0.1667044311761856,-1.4018394947052002,-16.71759796142578,198.0022735595703,0,0,0,0,0,98.30908203125
132.28799438476563,1.9512680768966675,-0.30525216460227966,-2.5787971019744873,-16.57668113708496,198.0022735595703,0,0,0,0,0,96.88983917236328
132.2963104248047,1.9248428344726563,-0.4422746002674103,-3.74283766746521,-16.35300064086914,198.0022735595703,0,0,0,0,0,103.40192413330078
132.3046417236328,1.8888086080551147,-0.5770869255065918,-4.888148784637451,-16.04770278930664,198.0022735595703,0,0,0,0,0,99.69095611572266
132.31295776367188,1.843345284461975,-0.7090169191360474,-6.0090179443359375,-15.662302017211914,198.0022735595703,0,0,0,0,0,100.21044158935547
132.32127380371094,1.7886805534362793,-0.8374060392379761,-7.099852085113525,-15.198729515075684,198.0022735595703,0,0,0,0,0,99.6611557006836
132.32958984375,1.7250875234603882,-0.9616131782531738,-8.155203819274902,-14.659305572509766,198.0022735595703,0,0,0,0,0,99.60159301757813
132.33792114257813,1.6528844833374023,-1.081018090248108,-9.169803619384766,-14.046727180480957,198.0022735595703,0,0,0,0,0,101.17361450195313
132.3462371826172,1.5724310874938965,-1.19502592086792,-10.13860034942627,-13.36405086517334,198.0022735595703,0,0,0,0,0,99.56192779541016
132.35455322265625,1.4841294288635254,-1.3030681610107422,-11.056756973266602,-12.614686012268066,198.0022735595703,0,0,0,0,0,97.751708984375
132.3628692626953,1.388420581817627,-1.4046050310134888,-11.919697761535645,-11.802386283874512,198.0022735595703,0,0,0,0,0,100.12014770507813
132.37120056152344,1.2857840061187744,-1.4991285800933838,-12.723100662231445,-10.9312162399292,198.0022735595703,0,0,0,0,0,98.98049926757813
132.3795166015625,1.176729440689087,-1.586169719696045,-13.462985038757324,-10.005505561828613,198.0022735595703,0,0,0,0,0,97.32360076904297
132.38783264160156,1.0618047714233398,-1.6652920246124268,-14.135635375976563,-9.029899597167969,198.0022735595703,0,0,0,0,0,101.2145767211914
132.3961639404297,0.9415813684463501,-1.7361023426055908,-14.737719535827637,-8.009261131286621,198.0022735595703,0,0,0,0,0,98.5804443359375
132.40447998046875,0.8166600465774536,-1.798247218132019,-15.266227722167969,-6.948685646057129,198.0022735595703,0,0,0,0,0,97.33307647705078
132.4127960205078,0.6876650452613831,-1.8514167070388794,-15.718527793884277,-5.853471755981445,198.0022735595703,0,0,0,0,0,97.61811828613281
132.42111206054688,0.5552393794059753,-1.89534592628479,-16.092363357543945,-4.7290825843811035,198.0022735595703,0,0,0,0,0,99.9800033569336
132.429443359375,0.42004451155662537,-1.9298158884048462,-16.385883331298828,-3.5811362266540527,198.0022735595703,0,0,0,0,0,98.14505767822266
132.43775939941406,0.2827548086643219,-1.9546549320220947,-16.597610473632813,-2.4153549671173096,198.0022735595703,0,0,0,0,0,99.32459259033203
132.44607543945313,0.1440558135509491,-1.9697399139404297,-16.72651481628418,-1.2375656366348267,198.0022735595703,0,0,0,0,0,96.76795196533203
132.4543914794922,0.00463970797136426,-1.9749950170516968,-16.771947860717773,-0.05364420637488365,198.0022735595703,0,0,0,0,0,100.90817260742188
132.4627227783203,-0.1347978562116623,-1.9703950881958008,-16.733688354492188,1.1305018663406372,198.0022735595703,0,0,0,0,0,99.24573516845703
132.47103881835938,-0.27356094121932983,-1.955962896347046,-16.61193084716797,2.3089632987976074,198.0022735595703,0,0,0,0,0,99.64128875732422
132.47935485839844,-0.4109577238559723,-1.9317712783813477,-16.407283782958984,3.475862741470337,198.0022735595703,0,0,0,0,0,99.29500579833984
132.4876708984375,-0.5463018417358398,-1.8979414701461792,-16.12078857421875,4.625373363494873,198.0022735595703,0,0,0,0,0,98.8239974975586
132.49600219726563,-0.6789190173149109,-1.8546417951583862,-15.753867149353027,5.751770973205566,198.0022735595703,0,0,0,0,0,99.69095611572266
132.5043182373047,-0.8081477880477905,-1.802088737487793,-15.308356285095215,6.849433422088623,198.0022735595703,0,0,0,0,0,98.62905883789063
132.51263427734375,-0.9333428740501404,-1.7405455112457275,-14.786482810974121,7.9128828048706055,198.0022735595703,0,0,0,0,0,100.19036102294922
132.5209503173828,-1.0538792610168457,-1.6703189611434937,-14.19085693359375,8.936811447143555,198.0022735595703,0,0,0,0,0,98.19324493408203
132.52928161621094,-1.1691564321517944,-1.5917599201202393,-13.524456024169922,9.916118621826172,198.0022735595703,0,0,0,0,0,98.98049926757813
132.53759765625,-1.2785996198654175,-1.5052605867385864,-12.790607452392578,10.845924377441406,198.0022735595703,0,0,0,0,0,101.15314483642578
132.54591369628906,-1.3816622495651245,-1.4112533330917358,-11.992975234985352,11.721580505371094,198.0022735595703,0,0,0,0,0,95.62057495117188
132.55422973632813,-1.4778311252593994,-1.3102068901062012,-11.13554573059082,12.538731575012207,198.0022735595703,0,0,0,0,0,99.72077941894531
132.56256103515625,-1.5666260719299316,-1.2026259899139404,-10.222599029541016,13.293303489685059,198.0022735595703,0,0,0,0,0,100.54293060302734
132.5708770751953,-1.6476056575775146,-1.0890464782714844,-9.258688926696777,13.981538772583008,198.0022735595703,0,0,0,0,0,98.8142318725586
132.57919311523438,-1.7203651666641235,-0.9700362682342529,-8.24863052368164,14.600006103515625,198.0022735595703,0,0,0,0,0,100.7759780883789
132.58750915527344,-1.7845426797866821,-0.846187949180603,-7.197454452514648,15.145626068115234,198.0022735595703,0,0,0,0,0,99.54210662841797
132.59584045410156,-1.8398178815841675,-0.7181208729743958,-6.1104207038879395,15.615673065185547,198.0022735595703,0,0,0,0,0,101.35820007324219
132.60415649414063,-1.8859150409698486,-0.5864734649658203,-4.992948532104492,16.007816314697266,198.0022735595703,0,0,0,0,0,100.85728454589844
132.6124725341797,-1.9226051568984985,-0.45190274715423584,-3.850616931915283,16.320100784301758,198.0022735595703,0,0,0,0,0,98.89240264892578
132.6208038330078,-1.9497058391571045,-0.3150792419910431,-2.6891167163848877,16.55097770690918,198.0022735595703,0,0,0,0,0,100.75566864013672
132.62911987304688,-1.9670814275741577,-0.17668592929840088,-1.5142470598220825,16.69930076599121,198.0022735595703,0,0,0,0,0,99.75062561035156
132.63743591308594,-1.9746460914611816,-0.037412818521261215,-0.3318650424480438,16.764326095581055,198.0022735595703,0,0,0,0,0,99.21619415283203
132.645751953125,-1.9723623991012573,0.10204511880874634,0.8521286249160767,16.74574089050293,198.0022735595703,0,0,0,0,0,100.80644989013672
132.65408325195313,-1.9602422714233398,0.2409924566745758,2.031829595565796,16.64364242553711,198.0022735595703,0,0,0,0,0,99.07856750488281
132.6623992919922,-1.9383463859558105,0.3787359297275543,3.2013516426086426,16.458541870117188,198.0022735595703,0,0,0,0,0,100.64411926269531
132.67071533203125,-1.906783938407898,0.5145890712738037,4.354867935180664,16.191373825073242,198.0022735595703,0,0,0,0,0,101.54345703125
132.6790313720703,-1.8657128810882568,0.6478750109672546,5.486630439758301,15.84347152709961,198.0022735595703,0,0,0,0,0,99.10802459716797
132.68736267089844,-1.8153387308120728,0.7779281735420227,6.5909881591796875,15.416574478149414,198.0022735595703,0,0,0,0,0,99.6214370727539
132.6956787109375,-1.7559128999710083,0.9041000008583069,7.662435531616211,14.912819862365723,198.0022735595703,0,0,0,0,0,99.73072814941406
132.70399475097656,-1.6877316236495972,1.0257624387741089,8.695640563964844,14.334720611572266,198.0022735595703,0,0,0,0,0,99.03932189941406
132.71231079101563,-1.6111350059509277,1.142309308052063,9.685454368591309,13.685161590576172,198.0022735595703,0,0,0,0,0,100.0600357055664
132.72064208984375,-1.5265055894851685,1.2531589269638062,10.626940727233887,12.967385292053223,198.0022735595703,0,0,0,0,0,99.07856750488281
132.7289581298828,-1.4342668056488037,1.357757329940796,11.51539421081543,12.184988021850586,198.0022735595703,0,0,0,0,0,98.5610122680664
132.73727416992188,-1.3348771333694458,1.4555857181549072,12.346407890319824,11.341856002807617,198.0022735595703,0,0,0,0,0,99.08838653564453
132.74559020996094,-1.228832721710205,1.546155571937561,13.115832328796387,10.442203521728516,198.0022735595703,0,0,0,0,0,99.50248718261719
132.75392150878906,-1.1166627407073975,1.6290154457092285,13.819836616516113,9.490517616271973,198.0022735595703,0,0,0,0,0,99.35419464111328
132.76223754882813,-0.9989283680915833,1.7037516832351685,14.45490837097168,8.491568565368652,198.0022735595703,0,0,0,0,0,99.25558471679688
132.7705535888672,-0.8762139081954956,1.7699931859970093,15.017898559570313,7.4503092765808105,198.0022735595703,0,0,0,0,0,99.25558471679688
132.77886962890625,-0.7491329312324524,1.8274097442626953,15.505996704101563,6.371945858001709,198.0022735595703,0,0,0,0,0,98.69719696044922
132.78720092773438,-0.6183192133903503,1.8757153749465942,15.916775703430176,5.26185941696167,198.0022735595703,0,0,0,0,0,98.45426940917969
132.79551696777344,-0.48442450165748596,1.9146696329116821,16.248188018798828,4.125580787658691,198.0022735595703,0,0,0,0,0,99.09820556640625
132.8038330078125,-0.348116934299469,1.9440785646438599,16.49859619140625,2.968780517578125,198.0022735595703,0,0,0,0,0,99.4332275390625
132.81214904785156,-0.21007494628429413,1.9637960195541382,16.6667537689209,1.7972172498703003,198.0022735595703,0,0,0,0,0,99.38381958007813
132.8204803466797,-0.07098741084337234,1.973724365234375,16.751821517944336,0.6167369484901428,198.0022735595703,0,0,0,0,0,99.54210662841797
132.82879638671875,0.06845235824584961,1.9738138914108276,16.753387451171875,-0.566775381565094,198.0022735595703,0,0,0,0,0,101.96797943115234
132.8371124267578,0.20754924416542053,1.9640644788742065,16.671443939208984,-1.7474204301834106,198.0022735595703,0,0,0,0,0,98.67771911621094
132.84544372558594,0.3456100523471832,1.9445257186889648,16.506399154663086,-2.919313430786133,198.0022735595703,0,0,0,0,0,100.71508026123047
132.853759765625,0.4819461405277252,1.9152950048446655,16.25909423828125,-4.076609134674072,198.0022735595703,0,0,0,0,0,100.40160369873047
132.86207580566406,0.615878701210022,1.8765181303024292,15.930760383605957,-5.21354866027832,198.0022735595703,0,0,0,0,0,99.20635223388672
132.87039184570313,0.7467400431632996,1.8283889293670654,15.52303695678711,-6.324461936950684,198.0022735595703,0,0,0,0,0,97.3520278930664
132.87872314453125,0.8738784193992615,1.77114737033844,15.037961959838867,-7.403817653656006,198.0022735595703,0,0,0,0,0,101.53314971923828
132.8870391845703,0.9966597557067871,1.705079436302185,14.477956771850586,-8.446234703063965,198.0022735595703,0,0,0,0,0,97.87609100341797
132.89535522460938,1.1144723892211914,1.6305149793624878,13.845817565917969,-9.446516990661621,198.0022735595703,0,0,0,0,0,99.81036376953125
132.90367126464844,1.226729393005371,1.5478248596191406,13.144696235656738,-10.399687767028809,198.0022735595703,0,0,0,0,0,99.45301055908203
132.91200256347656,1.3328725099563599,1.4574215412139893,12.378090858459473,-11.301004409790039,198.0022735595703,0,0,0,0,0,101.73974609375
132.92031860351563,1.4323712587356567,1.3597571849822998,11.549835205078125,-12.145963668823242,198.0022735595703,0,0,0,0,0,106.48493194580078
132.9286346435547,1.5247308015823364,1.25531804561615,10.664054870605469,-12.930366516113281,198.0022735595703,0,0,0,0,0,104.27528381347656
132.93695068359375,1.6094905138015747,1.1446250677108765,9.725171089172363,-13.65030288696289,198.0022735595703,0,0,0,0,0,97.15340423583984
132.94528198242188,1.6862303018569946,1.028228759765625,8.737847328186035,-14.302200317382813,198.0022735595703,0,0,0,0,0,100.64411926269531
132.95359802246094,1.7545661926269531,0.9067105650901794,7.707025527954102,-14.882806777954102,198.0022735595703,0,0,0,0,0,100.81661224365234
132.9619140625,1.8141589164733887,0.7806757688522339,6.6378374099731445,-15.38923454284668,198.0022735595703,0,0,0,0,0,98.8337631225586
132.97023010253906,1.8647112846374512,0.6507524251937866,5.535613059997559,-15.81896686553955,198.0022735595703,0,0,0,0,0,99.55201721191406
132.9785614013672,1.9059720039367676,0.5175884962081909,4.405849933624268,-16.16986846923828,198.0022735595703,0,0,0,0,0,98.70693969726563
132.98687744140625,1.937735676765442,0.3818475604057312,3.254176139831543,-16.440189361572266,198.0022735595703,0,0,0,0,0,100.66438293457031
132.9951934814453,1.9598445892333984,0.24420535564422607,2.0863277912139893,-16.628597259521484,198.0022735595703,0,0,0,0,0,101.24531555175781
133.00350952148438,1.9721887111663818,0.10534811019897461,0.908126175403595,-16.73414421081543,198.0022735595703,0,0,0,0,0,99.37394714355469
133.0118408203125,1.9747072458267212,-0.03403231501579285,-0.27455782890319824,-16.756319046020508,198.0022735595703,0,0,0,0,0,100.59349822998047
133.02015686035156,1.9673877954483032,-0.173241525888443,-1.4558310508728027,-16.695009231567383,198.0022735595703,0,0,0,0,0,99.68102264404297
133.02847290039063,1.95026695728302,-0.3115859627723694,-2.6298089027404785,-16.55052947998047,198.0022735595703,0,0,0,0,0,99.30486297607422
133.03680419921875,1.9234305620193481,-0.44837629795074463,-3.7906408309936523,-16.323606491088867,198.0022735595703,0,0,0,0,0,101.53314971923828
133.0451202392578,1.8870129585266113,-0.5829315781593323,-4.932553291320801,-16.015380859375,198.0022735595703,0,0,0,0,0,99.41345977783203
133.05343627929688,1.8411953449249268,-0.7145810723304749,-6.0498480796813965,-15.627385139465332,198.0022735595703,0,0,0,0,0,98.63878631591797
133.06175231933594,1.7862064838409424,-0.8426698446273804,-7.136970520019531,-15.161554336547852,198.0022735595703,0,0,0,0,0,101.04071807861328
133.07008361816406,1.7223211526870728,-0.9665594100952148,-8.188502311706543,-14.620220184326172,198.0022735595703,0,0,0,0,0,98.54158782958984
133.07839965820313,1.6498574018478394,-1.085632562637329,-9.199204444885254,-14.006077766418457,198.0022735595703,0,0,0,0,0,100.65425109863281
133.0867156982422,1.5691766738891602,-1.199296474456787,-10.164050102233887,-13.322198867797852,198.0022735595703,0,0,0,0,0,100.86746215820313
133.09503173828125,1.480679988861084,-1.3069865703582764,-11.078242301940918,-12.571977615356445,198.0022735595703,0,0,0,0,0,100.2204818725586
133.10336303710938,1.3848098516464233,-1.4081648588180542,-11.93721866607666,-11.759173393249512,198.0022735595703,0,0,0,0,0,98.62905883789063
133.11167907714844,1.2820429801940918,-1.5023291110992432,-12.736715316772461,-10.887822151184082,198.0022735595703,0,0,0,0,0,101.22482299804688
133.1199951171875,1.1728934049606323,-1.5890086889266968,-13.472739219665527,-9.962288856506348,198.0022735595703,0,0,0,0,0,98.77518463134766
133.12831115722656,1.0579025745391846,-1.667773723602295,-14.141643524169922,-8.987163543701172,198.0022735595703,0,0,0,0,0,100.20040130615234
133.1366424560547,0.9376444816589355,-1.738231897354126,-14.740093231201172,-7.9673171043396,198.0022735595703,0,0,0,0,0,99.23588562011719
133.14495849609375,0.8127185106277466,-1.800032138824463,-15.265113830566406,-6.907828330993652,198.0022735595703,0,0,0,0,0,99.42334747314453
133.1532745361328,0.6837466955184937,-1.8528673648834229,-15.714096069335938,-5.8139801025390625,198.0022735595703,0,0,0,0,0,100.84711456298828
133.16159057617188,0.5513710975646973,-1.8964747190475464,-16.084802627563477,-4.691214084625244,198.0022735595703,0,0,0,0,0,99.09820556640625
133.169921875,0.416251540184021,-1.9306377172470093,-16.37540054321289,-3.5451276302337646,198.0022735595703,0,0,0,0,0,98.8239974975586
133.17823791503906,0.27906060218811035,-1.955185890197754,-16.584447860717773,-2.38142991065979,198.0022735595703,0,0,0,0,0,99.1965103149414
133.18655395507813,0.14048175513744354,-1.9699980020523071,-16.710899353027344,-1.2059136629104614,198.0022735595703,0,0,0,0,0,99.0589370727539
133.1948699951172,0.0012050170917063951,-1.975000023841858,-16.754135131835938,-0.024435022845864296,198.0022735595703,0,0,0,0,0,99.53219604492188
133.2032012939453,-0.13807597756385803,-1.9701677560806274,-16.713945388793945,1.157122254371643,198.0022735595703,0,0,0,0,0,98.96090698242188
133.21151733398438,-0.27666759490966797,-1.9555257558822632,-16.590532302856445,2.3328728675842285,198.0022735595703,0,0,0,0,0,98.74592590332031
133.21983337402344,-0.4138796329498291,-1.9311473369598389,-16.384523391723633,3.4969639778137207,198.0022735595703,0,0,0,0,0,98.71668243408203
133.2281494140625,-0.5490297675132751,-1.8971538543701172,-16.096942901611328,4.643604278564453,198.0022735595703,0,0,0,0,0,100.10009765625
133.23648071289063,-0.6814447045326233,-1.853715181350708,-15.72923469543457,5.767087936401367,198.0022735595703,0,0,0,0,0,98.8337631225586
133.2447967529297,-0.8104655146598816,-1.801047682762146,-15.283220291137695,6.861814975738525,198.0022735595703,0,0,0,0,0,99.08838653564453
133.25311279296875,-0.9354496002197266,-1.7394139766693115,-14.761136054992676,7.9223408699035645,198.0022735595703,0,0,0,0,0,98.06806182861328
133.26144409179688,-1.055774450302124,-1.6691216230392456,-14.165581703186035,8.943384170532227,198.0022735595703,0,0,0,0,0,97.85693359375
133.26976013183594,-1.1708416938781738,-1.5905208587646484,-13.499531745910645,9.919864654541016,198.0022735595703,0,0,0,0,0,100.9999008178711
133.278076171875,-1.2800793647766113,-1.504002571105957,-12.766300201416016,10.846933364868164,198.0022735595703,0,0,0,0,0,98.79470825195313
133.28639221191406,-1.3829431533813477,-1.4099984169006348,-11.9695463180542,11.719968795776367,198.0022735595703,0,0,0,0,0,101.39930725097656
133.2947235107422,-1.4789222478866577,-1.3089752197265625,-11.113227844238281,12.534642219543457,198.0022735595703,0,0,0,0,0,98.94132995605469
133.30303955078125,-1.5675376653671265,-1.2014377117156982,-10.201621055603027,13.286883354187012,198.0022735595703,0,0,0,0,0,98.9217529296875
133.3113555908203,-1.6483489274978638,-1.087921142578125,-9.239267349243164,13.972959518432617,198.0022735595703,0,0,0,0,0,100.88780975341797
133.31967163085938,-1.7209551334381104,-0.9689892530441284,-8.230948448181152,14.589462280273438,198.0022735595703,0,0,0,0,0,99.40357971191406
133.3280029296875,-1.7849934101104736,-0.8452370166778564,-7.181708812713623,15.133318901062012,198.0022735595703,0,0,0,0,0,101.27607727050781
133.33631896972656,-1.8401459455490112,-0.7172790765762329,-6.0967583656311035,15.601832389831543,198.0022735595703,0,0,0,0,0,100.92854309082031
133.34463500976563,-1.8861390352249146,-0.5857526659965515,-4.981503486633301,15.99267292022705,198.0022735595703,0,0,0,0,0,98.0199966430664
133.3529510498047,-1.9227440357208252,-0.45131221413612366,-3.8414924144744873,16.30390167236328,198.0022735595703,0,0,0,0,0,98.94132995605469
133.3612823486328,-1.94977867603302,-0.314627081155777,-2.6824023723602295,16.533967971801758,198.0022735595703,0,0,0,0,0,98.69719696044922
133.36959838867188,-1.967108964920044,-0.17637763917446136,-1.5100040435791016,16.681745529174805,198.0022735595703,0,0,0,0,0,99.46289825439453
133.37791442871094,-1.97464919090271,-0.03725200518965721,-0.33013251423835754,16.74649429321289,198.0022735595703,0,0,0,0,0,100.1702880859375
133.38623046875,-1.9723619222640991,0.10205734521150589,0.8513399958610535,16.7278995513916,198.0022735595703,0,0,0,0,0,99.49258422851563
133.39456176757813,-1.9602590799331665,0.2408570647239685,2.0285322666168213,16.626054763793945,198.0022735595703,0,0,0,0,0,98.19324493408203
133.4028778076172,-1.9384006261825562,0.37845662236213684,3.195589542388916,16.44148063659668,198.0022735595703,0,0,0,0,0,97.78994750976563
133.41119384765625,-1.906896710395813,0.514171302318573,4.346702575683594,16.17508888244629,198.0022735595703,0,0,0,0,0,100.37137603759766
133.4195098876953,-1.8659037351608276,0.6473253965377808,5.476144313812256,15.828221321105957,198.0022735595703,0,0,0,0,0,98.76543426513672
133.42784118652344,-1.8156260251998901,0.7772568464279175,6.578295707702637,15.40260124206543,198.0022735595703,0,0,0,0,0,98.65824890136719
133.4361572265625,-1.7563145160675049,0.9033198952674866,7.647679328918457,14.900347709655762,198.0022735595703,0,0,0,0,0,99.13750457763672
133.44447326660156,-1.6882646083831787,1.0248855352401733,8.678962707519531,14.323972702026367,198.0022735595703,0,0,0,0,0,99.75062561035156
133.45278930664063,-1.6118146181106567,1.1413503885269165,9.667027473449707,13.676346778869629,198.0022735595703,0,0,0,0,0,99.38381958007813
133.46112060546875,-1.5273460149765015,1.2521346807479858,10.606952667236328,12.960697174072266,198.0022735595703,0,0,0,0,0,100.71508026123047
133.4694366455078,-1.4352790117263794,1.3566874265670776,11.494072914123535,12.180586814880371,198.0022735595703,0,0,0,0,0,100.3009033203125
133.47775268554688,-1.3360718488693237,1.4544893503189087,12.323976516723633,11.339900970458984,198.0022735595703,0,0,0,0,0,98.28009796142578
133.486083984375,-1.2302178144454956,1.5450538396835327,13.092538833618164,10.442819595336914,198.0022735595703,0,0,0,0,0,102.00959014892578
133.49440002441406,-1.1182451248168945,1.6279296875,13.795930862426758,9.493823051452637,198.0022735595703,0,0,0,0,0,98.43488311767578
133.50271606445313,-1.0007102489471436,1.7027055025100708,14.43066120147705,8.497625350952148,198.0022735595703,0,0,0,0,0,99.54210662841797
133.5110321044922,-0.8781985640525818,1.7690095901489258,14.993577003479004,7.459192752838135,198.0022735595703,0,0,0,0,0,98.44457244873047
133.5193634033203,-0.7513195276260376,1.8265119791030884,15.481884956359863,6.3836894035339355,198.0022735595703,0,0,0,0,0,97.97197723388672
133.52767944335938,-0.6207046508789063,1.8749274015426636,15.893155097961426,5.27647066116333,198.0022735595703,0,0,0,0,0,99.40357971191406
133.53599548339844,-0.4870027005672455,1.9140154123306274,16.225351333618164,4.143034934997559,198.0022735595703,0,0,0,0,0,99.2752914428711
133.5443115234375,-0.3508799970149994,1.9435818195343018,16.476825714111328,2.9890334606170654,198.0022735595703,0,0,0,0,0,99.9800033569336
133.55264282226563,-0.2130136340856552,1.9634795188903809,16.646316528320313,1.820204257965088,198.0022735595703,0,0,0,0,0,98.86307525634766
133.5609588623047,-0.07408943772315979,1.9736101627349854,16.733007431030273,0.6423656344413757,198.0022735595703,0,0,0,0,0,101.36847686767578
133.56927490234375,0.06520164757966995,1.9739240407943726,16.736467361450195,-0.5386252403259277,198.0022735595703,0,0,0,0,0,99.3936996459961
133.5775909423828,0.20416682958602905,1.9644191265106201,16.656681060791016,-1.716895341873169,198.0022735595703,0,0,0,0,0,97.88566589355469
133.58592224121094,0.3421148359775543,1.945143699645996,16.494047164916992,-2.8865833282470703,198.0022735595703,0,0,0,0,0,101.89524841308594
133.59423828125,0.47835928201675415,1.9161940813064575,16.2493839263916,-4.0418701171875,198.0022735595703,0,0,0,0,0,99.74067687988281
133.60255432128906,0.6122233867645264,1.8777137994766235,15.92391300201416,-5.1770172119140625,198.0022735595703,0,0,0,0,0,98.70693969726563
133.61087036132813,0.7430409789085388,1.829895257949829,15.519257545471191,-6.286374568939209,198.0022735595703,0,0,0,0,0,98.33808898925781
133.61920166015625,0.8701613545417786,1.7729767560958862,15.037430763244629,-7.364424705505371,198.0022735595703,0,0,0,0,0,98.05844116210938
133.6275177001953,0.9929525256156921,1.707241177558899,14.480840682983398,-8.405814170837402,198.0022735595703,0,0,0,0,0,99.01970672607422
133.63583374023438,1.1108040809631348,1.6330158710479736,13.852254867553711,-9.405363082885742,198.0022735595703,0,0,0,0,0,100.71508026123047
133.64414978027344,1.2231301069259644,1.550670862197876,13.154806137084961,-10.358098983764648,198.0022735595703,0,0,0,0,0,100.0500259399414
133.65248107910156,1.3293724060058594,1.4606150388717651,12.391963005065918,-11.259298324584961,198.0022735595703,0,0,0,0,0,98.5512924194336
133.66079711914063,1.4290025234222412,1.3632971048355103,11.567524909973145,-12.104470252990723,198.0022735595703,0,0,0,0,0,101.17361450195313
133.6691131591797,1.5215251445770264,1.2592014074325562,10.685596466064453,-12.88941764831543,198.0022735595703,0,0,0,0,0,98.77518463134766
133.67742919921875,1.6064810752868652,1.1488449573516846,9.75056266784668,-13.610247611999512,198.0022735595703,0,0,0,0,0,99.37394714355469
133.68576049804688,1.6834477186203003,1.0327779054641724,8.767084121704102,-14.263372421264648,198.0022735595703,0,0,0,0,0,99.06875610351563
133.69407653808594,1.7520431280136108,0.9115761518478394,7.740040302276611,-14.845558166503906,198.0022735595703,0,0,0,0,0,99.95002746582031
133.702392578125,1.811926007270813,0.7858437895774841,6.674556255340576,-15.35390853881836,198.0022735595703,0,0,0,0,0,100.01000213623047
133.71072387695313,1.8627995252609253,0.6562052369117737,5.575918674468994,-15.785900115966797,198.0022735595703,0,0,0,0,0,100.08006286621094
133.7190399169922,1.9044102430343628,0.5233052968978882,4.449595928192139,-16.13939094543457,198.0022735595703,0,0,0,0,0,100.2807846069336
133.72735595703125,1.9365519285202026,0.38780540227890015,3.301194906234741,-16.412633895874023,198.0022735595703,0,0,0,0,0,100.93872833251953
133.7356719970703,1.9590654373168945,0.25037893652915955,2.136418342590332,-16.604257583618164,198.0022735595703,0,0,0,0,0,99.63136291503906
133.74400329589844,1.9718387126922607,0.11170949041843414,0.9610641002655029,-16.713329315185547,198.0022735595703,0,0,0,0,0,98.98049926757813
133.7523193359375,1.974808931350708,-0.027513762935996056,-0.21902674436569214,-16.739303588867188,198.0022735595703,0,0,0,0,0,101.13268280029297
133.76063537597656,1.9679614305496216,-0.16659846901893616,-1.3979853391647339,-16.68206024169922,198.0022735595703,0,0,0,0,0,100.0300064086914
133.76895141601563,1.9513306617736816,-0.3048534095287323,-2.5699520111083984,-16.54188346862793,198.0022735595703,0,0,0,0,0,98.60960388183594
133.77728271484375,1.924999713897705,-0.44159141182899475,-3.729102849960327,-16.319486618041992,198.0022735595703,0,0,0,0,0,100.41168975830078
133.7855987548828,1.8890999555587769,-0.5761325359344482,-4.869675636291504,-16.015975952148438,198.0022735595703,0,0,0,0,0,100.35122680664063
133.79391479492188,1.8438098430633545,-0.7078078985214233,-5.985996723175049,-15.63286018371582,198.0022735595703,0,0,0,0,0,99.1866683959961
133.80223083496094,1.7893555164337158,-0.8359627723693848,-7.072518348693848,-15.1720552444458,198.0022735595703,0,0,0,0,0,100.95911407470703
133.81056213378906,1.7260072231292725,-0.9599611759185791,-8.123852729797363,-14.635851860046387,198.0022735595703,0,0,0,0,0,98.68745422363281
133.81887817382813,1.6540807485580444,-1.0791867971420288,-9.134769439697266,-14.026917457580566,198.0022735595703,0,0,0,0,0,100.3411636352539
133.8271942138672,1.5739327669143677,-1.1930477619171143,-10.100250244140625,-13.34827995300293,198.0022735595703,0,0,0,0,0,98.4251937866211
133.83551025390625,1.4859627485275269,-1.300977349281311,-11.01550006866455,-12.603323936462402,198.0022735595703,0,0,0,0,0,100.54293060302734
133.84384155273438,1.3906086683273315,-1.402438759803772,-11.875958442687988,-11.795757293701172,198.0022735595703,0,0,0,0,0,98.87284851074219
133.85215759277344,1.2883446216583252,-1.4969286918640137,-12.677359580993652,-10.929597854614258,198.0022735595703,0,0,0,0,0,99.68102264404297
133.8604736328125,1.179677963256836,-1.5839781761169434,-13.415735244750977,-10.009142875671387,198.0022735595703,0,0,0,0,0,99.95002746582031
133.86878967285156,1.065150499343872,-1.663154125213623,-14.08740520477295,-9.038983345031738,198.0022735595703,0,0,0,0,0,99.40357971191406
133.8771209716797,0.9453321099281311,-1.734062910079956,-14.689033508300781,-8.023946762084961,198.0022735595703,0,0,0,0,0,98.13542938232422
133.88543701171875,0.8208158612251282,-1.7963542938232422,-15.2176513671875,-6.969061851501465,198.0022735595703,0,0,0,0,0,96.61835479736328
133.8937530517578,0.6922218203544617,-1.8497179746627808,-15.670626640319824,-5.879579544067383,198.0022735595703,0,0,0,0,0,99.01970672607422
133.90206909179688,0.5601894855499268,-1.8938887119293213,-16.04571533203125,-4.760920524597168,198.0022735595703,0,0,0,0,0,98.1065444946289
133.910400390625,0.4253753125667572,-1.9286478757858276,-16.34105682373047,-3.6186466217041016,198.0022735595703,0,0,0,0,0,100.36129760742188
133.91871643066406,0.28844889998435974,-1.9538228511810303,-16.555185317993164,-2.458430051803589,198.0022735595703,0,0,0,0,0,99.33445739746094
133.92703247070313,0.15009061992168427,-1.9692891836166382,-16.68705177307129,-1.2860382795333862,198.0022735595703,0,0,0,0,0,99.10802459716797
133.93536376953125,0.010988257825374603,-1.9749699831008911,-16.73598861694336,-0.10729774832725525,198.0022735595703,0,0,0,0,0,100.50251007080078
133.9436798095703,-0.12816700339317322,-1.9708374738693237,-16.701766967773438,1.0719330310821533,198.0022735595703,0,0,0,0,0,99.4332275390625
133.95199584960938,-0.26668378710746765,-1.9569125175476074,-16.584577560424805,2.2457969188690186,198.0022735595703,0,0,0,0,0,99.32459259033203
133.96031188964844,-0.40387359261512756,-1.9332650899887085,-16.38498306274414,3.4084582328796387,198.0022735595703,0,0,0,0,0,101.1224594116211
133.96864318847656,-0.5390555262565613,-1.9000120162963867,-16.103984832763672,4.554148197174072,198.0022735595703,0,0,0,0,0,98.53187561035156
133.97695922851563,-0.6715578436851501,-1.8573198318481445,-15.742986679077148,5.677169322967529,198.0022735595703,0,0,0,0,0,100.7252197265625
133.9852752685547,-0.8007219433784485,-1.8054003715515137,-15.303787231445313,6.771944999694824,198.0022735595703,0,0,0,0,0,100.9183578491211
133.99359130859375,-0.9259068369865417,-1.7445123195648193,-14.78857421875,7.833039283752441,198.0022735595703,0,0,0,0,0,99.9200668334961
134.00192260742188,-1.0464893579483032,-1.67495858669281,-14.199915885925293,8.85517692565918,198.0022735595703,0,0,0,0,0,97.54194641113281
134.01023864746094,-1.161872148513794,-1.597084879875183,-13.540733337402344,9.83328914642334,198.0022735595703,0,0,0,0,0,98.23182678222656
134.0185546875,-1.2714823484420776,-1.511277437210083,-12.814306259155273,10.76252269744873,198.0022735595703,0,0,0,0,0,99.4332275390625
134.02687072753906,-1.3747742176055908,-1.417964220046997,-12.024252891540527,11.638256072998047,198.0022735595703,0,0,0,0,0,98.8142318725586
134.0352020263672,-1.4712363481521606,-1.3176076412200928,-11.174494743347168,12.45615005493164,198.0022735595703,0,0,0,0,0,99.49258422851563
134.04351806640625,-1.5603892803192139,-1.210707426071167,-10.269258499145508,13.212138175964355,198.0022735595703,0,0,0,0,0,99.31472778320313
134.0518341064453,-1.6417893171310425,-1.0977952480316162,-9.313050270080566,13.902469635009766,198.0022735595703,0,0,0,0,0,99.07856750488281
134.06015014648438,-1.715033769607544,-0.9794315099716187,-8.310619354248047,14.523723602294922,198.0022735595703,0,0,0,0,0,99.0000991821289
134.0684814453125,-1.7797589302062988,-0.8562039732933044,-7.266942501068115,15.0728178024292,198.0022735595703,0,0,0,0,0,100.42176818847656
134.07679748535156,-1.8356431722640991,-0.7287256121635437,-6.187211036682129,15.547021865844727,198.0022735595703,0,0,0,0,0,97.99118041992188
134.08511352539063,-1.882409691810608,-0.5976291298866272,-5.076788902282715,15.943995475769043,198.0022735595703,0,0,0,0,0,98.52217102050781
134.0934295654297,-1.9198265075683594,-0.46356600522994995,-3.941190719604492,16.26177215576172,198.0022735595703,0,0,0,0,0,101.28633880615234
134.1017608642578,-1.9477077722549438,-0.3272019028663635,-2.7860586643218994,16.4987735748291,198.0022735595703,0,0,0,0,0,98.1065444946289
134.11007690429688,-1.9659156799316406,-0.18921470642089844,-1.617132544517517,16.65382957458496,198.0022735595703,0,0,0,0,0,98.68745422363281
134.11839294433594,-1.9743599891662598,-0.05028926581144333,-0.44021478295326233,16.726167678833008,198.0022735595703,0,0,0,0,0,101.2145767211914
134.126708984375,-1.9729993343353271,0.08888433873653412,0.7388473749160767,16.715438842773438,198.0022735595703,0,0,0,0,0,99.08838653564453
134.13504028320313,-1.9618405103683472,0.22761499881744385,1.9141995906829834,16.6217041015625,198.0022735595703,0,0,0,0,0,99.61151885986328
134.1433563232422,-1.9409394264221191,0.3652133643627167,3.080003261566162,16.445436477661133,198.0022735595703,0,0,0,0,0,99.75062561035156
134.15167236328125,-1.9104002714157104,0.5009967684745789,4.230470180511475,16.187501907348633,198.0022735595703,0,0,0,0,0,98.41551208496094
134.16000366210938,-1.8703747987747192,0.6342910528182983,5.359893321990967,15.84919261932373,198.0022735595703,0,0,0,0,0,101.98878479003906
134.16831970214844,-1.821062445640564,0.7644334435462952,6.4626545906066895,15.432202339172363,198.0022735595703,0,0,0,0,0,99.14733123779297
134.1766357421875,-1.7627081871032715,0.8907785415649414,7.533287525177002,14.938594818115234,198.0022735595703,0,0,0,0,0,97.97197723388672
134.18495178222656,-1.6956021785736084,1.0126994848251343,8.566478729248047,14.370830535888672,198.0022735595703,0,0,0,0,0,102.89124298095703
134.1932830810547,-1.6200779676437378,1.1295901536941528,9.557095527648926,13.731734275817871,198.0022735595703,0,0,0,0,0,99.11785125732422
134.20159912109375,-1.5365099906921387,1.2408722639083862,10.500234603881836,13.024474143981934,198.0022735595703,0,0,0,0,0,98.28975677490234
134.2099151611328,-1.4453147649765015,1.3459911346435547,11.391203880310059,12.252579689025879,198.0022735595703,0,0,0,0,0,101.63634490966797
134.21823120117188,-1.3469454050064087,1.4444255828857422,12.225576400756836,11.41988468170166,198.0022735595703,0,0,0,0,0,98.18360137939453
134.2265625,-1.2418886423110962,1.5356884002685547,12.999232292175293,10.530513763427734,198.0022735595703,0,0,0,0,0,100.31096649169922
134.23487854003906,-1.1306685209274292,1.6193257570266724,13.708322525024414,9.58890151977539,198.0022735595703,0,0,0,0,0,101.07135772705078
134.24319458007813,-1.0138359069824219,1.6949228048324585,14.349328994750977,8.599714279174805,198.0022735595703,0,0,0,0,0,98.98049926757813
134.2515106201172,-0.8919720649719238,1.7621047496795654,14.919078826904297,7.567874431610107,198.0022735595703,0,0,0,0,0,99.4826889038086
134.2598419189453,-0.765681266784668,1.82053804397583,15.414746284484863,6.498499870300293,198.0022735595703,0,0,0,0,0,100.92854309082031
134.26815795898438,-0.6355917453765869,1.8699332475662231,15.833870887756348,5.396910667419434,198.0022735595703,0,0,0,0,0,99.34432983398438
134.27647399902344,-0.5023483037948608,1.9100455045700073,16.17439079284668,4.268568515777588,198.0022735595703,0,0,0,0,0,98.90218353271484
134.2847900390625,-0.3666127622127533,1.9406756162643433,16.43460464477539,3.1190779209136963,198.0022735595703,0,0,0,0,0,101.93679809570313
134.29312133789063,-0.22905899584293365,1.9616724252700806,16.61322784423828,1.9541444778442383,198.0022735595703,0,0,0,0,0,99.0589370727539
134.3014373779297,-0.0903700515627861,1.9729318618774414,16.70937728881836,0.7795547842979431,198.0022735595703,0,0,0,0,0,98.9315414428711
134.30975341796875,0.04876581206917763,1.9743982553482056,16.722597122192383,-0.3988610506057739,198.0022735595703,0,0,0,0,0,99.11785125732422
134.3180694580078,0.18765804171562195,1.9660649299621582,16.65281105041504,-1.575255274772644,198.0022735595703,0,0,0,0,0,99.51239013671875
134.32640075683594,0.3256171643733978,1.947973370552063,16.500396728515625,-2.7437918186187744,198.0022735595703,0,0,0,0,0,99.95002746582031
134.334716796875,0.46195879578590393,1.9202138185501099,16.266077041625977,-3.898669719696045,198.0022735595703,0,0,0,0,0,98.01039123535156
134.34303283691406,0.5960056185722351,1.8829245567321777,15.951032638549805,-5.034152030944824,198.0022735595703,0,0,0,0,0,99.49258422851563
134.3513641357422,0.7270927429199219,1.8362904787063599,15.556838035583496,-6.144608497619629,198.0022735595703,0,0,0,0,0,98.20288848876953
134.35968017578125,0.854570746421814,1.7805438041687012,15.085451126098633,-7.2245402336120605,198.0022735595703,0,0,0,0,0,99.21619415283203
134.3679962158203,0.9778056740760803,1.715961217880249,14.539213180541992,-8.268572807312012,198.0022735595703,0,0,0,0,0,100.40160369873047
134.37631225585938,1.0961865186691284,1.6428638696670532,13.920846939086914,-9.27153491973877,198.0022735595703,0,0,0,0,0,99.46289825439453
134.3846435546875,1.209126591682434,1.5616145133972168,13.233420372009277,-10.228455543518066,198.0022735595703,0,0,0,0,0,98.91197204589844
134.39295959472656,1.316064715385437,1.4726169109344482,12.480347633361816,-11.134581565856934,198.0022735595703,0,0,0,0,0,99.55201721191406
134.40127563476563,1.4164707660675049,1.376313328742981,11.665375709533691,-11.985417366027832,198.0022735595703,0,0,0,0,0,99.12767791748047
134.4095916748047,1.5098466873168945,1.2731810808181763,10.792549133300781,-12.776753425598145,198.0022735595703,0,0,0,0,0,99.95002746582031
134.4179229736328,1.5957294702529907,1.1637327671051025,9.866201400756836,-13.504661560058594,198.0022735595703,0,0,0,0,0,98.91197204589844
134.42623901367188,1.673694133758545,1.0485109090805054,8.890928268432617,-14.165536880493164,198.0022735595703,0,0,0,0,0,98.5804443359375
134.43455505371094,1.7433527708053589,0.9280887246131897,7.87158203125,-14.756103515625,198.0022735595703,0,0,0,0,0,99.55201721191406
134.44287109375,1.8043607473373413,0.8030619621276855,6.813209056854248,-15.2734375,198.0022735595703,0,0,0,0,0,97.84735870361328
134.45120239257813,1.8564159870147705,0.6740525960922241,5.721068382263184,-15.714970588684082,198.0022735595703,0,0,0,0,0,100.84711456298828
134.4595184326172,1.8992595672607422,0.5417007207870483,4.600590229034424,-16.078521728515625,198.0022735595703,0,0,0,0,0,99.1866683959961
134.46783447265625,1.9326800107955933,0.4066622257232666,3.4573190212249756,-16.362289428710938,198.0022735595703,0,0,0,0,0,98.57072448730469
134.4761505126953,1.9565117359161377,0.2696080207824707,2.296938896179199,-16.564868927001953,198.0022735595703,0,0,0,0,0,99.02951049804688
134.48448181152344,1.9706364870071411,0.1312180757522583,1.1252074241638184,-16.685264587402344,198.0022735595703,0,0,0,0,0,100.62387084960938
134.4927978515625,1.9749850034713745,-0.007821031846106052,-0.05206340178847313,-16.722881317138672,198.0022735595703,0,0,0,0,0,100.01000213623047
134.50111389160156,1.96953547000885,-0.1468198001384735,-1.229034662246704,-16.67753791809082,198.0022735595703,0,0,0,0,0,97.05911254882813
134.50942993164063,1.9543161392211914,-0.2850887179374695,-2.3998677730560303,-16.549463272094727,198.0022735595703,0,0,0,0,0,99.40357971191406
134.51776123046875,1.9294018745422363,-0.4219418168067932,-3.55875563621521,-16.339298248291016,198.0022735595703,0,0,0,0,0,101.327392578125
134.5260772705078,1.894917607307434,-0.5566997528076172,-4.699944019317627,-16.048091888427734,198.0022735595703,0,0,0,0,0,99.60159301757813
134.53439331054688,1.8510339260101318,-0.6886948347091675,-5.817780017852783,-15.67729377746582,198.0022735595703,0,0,0,0,0,98.3961410522461
134.54270935058594,1.7979693412780762,-0.8172720074653625,-6.9067158699035645,-15.228744506835938,198.0022735595703,0,0,0,0,0,97.7039566040039
134.55104064941406,1.7359870672225952,-0.9417937397956848,-7.9613566398620605,-14.704676628112793,198.0022735595703,0,0,0,0,0,100.2807846069336
134.55935668945313,1.6653952598571777,-1.0616430044174194,-8.976473808288574,-14.107695579528809,198.0022735595703,0,0,0,0,0,99.03932189941406
134.5676727294922,1.5865434408187866,-1.1762257814407349,-9.947037696838379,-13.440757751464844,198.0022735595703,0,0,0,0,0,104.14496612548828
134.5760040283203,1.4998242855072021,-1.2849723100662231,-10.868221282958984,-12.707185745239258,198.0022735595703,0,0,0,0,0,104.49320983886719
134.58432006835938,1.4056668281555176,-1.3873454332351685,-11.735477447509766,-11.91061019897461,198.0022735595703,0,0,0,0,0,103.86373138427734
134.59263610839844,1.3045400381088257,-1.4828360080718994,-12.544495582580566,-11.05500316619873,198.0022735595703,0,0,0,0,0,103.98252868652344
134.6009521484375,1.196943998336792,-1.5709717273712158,-13.291275024414063,-10.144594192504883,198.0022735595703,0,0,0,0,0,102.9018325805664
134.60928344726563,1.0834131240844727,-1.651315450668335,-13.972111701965332,-9.183906555175781,198.0022735595703,0,0,0,0,0,96.42271423339844
134.6175994873047,0.9645106196403503,-1.7234691381454468,-14.583637237548828,-8.177708625793457,198.0022735595703,0,0,0,0,0,99.47279357910156
134.62591552734375,0.8408265709877014,-1.787075161933899,-15.122817993164063,-7.13099479675293,198.0022735595703,0,0,0,0,0,98.09691619873047
